Product_Name;Color;Ton_Kho;Gia_Niem_Yet;Gia_Khuyen_Mai;Date;Khuyen_Mai;Thanh_Toan;Link;screenshot_name
Apple Watch Series 10 GPS + Cellular 46mm viền Titanium dây thể thao;Default/Unknown;Yes;20890000;16490000;2026-02-01;;;https://www.thegioididong.com/dong-ho-thong-minh/apple-watch-s10-lte-46mm-vien-titanium-day-the-thao;Skipped
Apple Watch Series 10 GPS + Cellular 46mm viền Titanium dây Milan;Default/Unknown;Yes;22190000;17490000;2026-02-01;;;https://www.thegioididong.com/dong-ho-thong-minh/apple-watch-s10-lte-46mm-vien-titanium-day-thep;Skipped
Apple Watch SE 3 GPS 40mm viền nhôm dây thể thao;40mm;Yes;6990000;6390000;2026-02-01;;;https://www.thegioididong.com/dong-ho-thong-minh/apple-watch-se-3-40mm-vien-nhom-day-the-thao;Skipped
Apple Watch SE 3 GPS + Cellular 40mm viền nhôm dây thể thao;Trắng Starlight;Yes;8490000;7890000;2026-02-01;;;https://www.thegioididong.com/dong-ho-thong-minh/apple-watch-se-3-gps-cellular-40mm-vien-nhom-day-the-thao;Skipped
Apple Watch SE 2 GPS 44mm viền nhôm dây vải;Bạc;No;0;0;2026-02-01;;;https://www.thegioididong.com/dong-ho-thong-minh/apple-watch-se-2-44mm-vien-nhom-day-vai;DEBUG_OOS_Apple Watch SE 2 GPS 44mm viền nhôm dây vải_Bạc_080321.png
Apple Watch SE 3 GPS 44mm viền nhôm dây thể thao;44mm;Yes;7850000;7290000;2026-02-01;;;https://www.thegioididong.com/dong-ho-thong-minh/apple-watch-se-3-40mm-vien-nhom-day-the-thao;Skipped
Apple Watch SE 2 GPS 44mm viền nhôm dây thể thao;Bạc;No;0;0;2026-02-01;;;https://www.thegioididong.com/dong-ho-thong-minh/apple-watch-se-2-44mm-vien-nhom-day-silicone;DEBUG_OOS_Apple Watch SE 2 GPS 44mm viền nhôm dây thể thao_Bạc_080321.png
Apple Watch SE 3 GPS 44mm viền nhôm dây thể thao;Xanh đen;Yes;7850000;7290000;2026-02-01;;;https://www.thegioididong.com/dong-ho-thong-minh/apple-watch-se-3-40mm-vien-nhom-day-the-thao;Skipped
Apple Watch SE 3 GPS + Cellular 40mm viền nhôm dây thể thao;Xanh đen;Yes;8490000;7890000;2026-02-01;;;https://www.thegioididong.com/dong-ho-thong-minh/apple-watch-se-3-gps-cellular-40mm-vien-nhom-day-the-thao;Skipped
Apple Watch Series 10 GPS 42mm viền nhôm dây vải;Bạc;No;0;0;2026-02-01;;;https://www.thegioididong.com/dong-ho-thong-minh/apple-watch-series-10-42mm-day-vai;DEBUG_OOS_Apple Watch Series 10 GPS 42mm viền nhôm dây vải_Bạc_080325.png
Apple Watch SE 3 GPS 44mm viền nhôm dây thể thao;Trắng Starlight;Yes;7850000;7290000;2026-02-01;;;https://www.thegioididong.com/dong-ho-thong-minh/apple-watch-se-3-40mm-vien-nhom-day-the-thao;Skipped
Apple Watch SE 2 GPS 44mm viền nhôm dây vải;Xanh đen;No;0;0;2026-02-01;;;https://www.thegioididong.com/dong-ho-thong-minh/apple-watch-se-2-44mm-vien-nhom-day-vai;DEBUG_OOS_Apple Watch SE 2 GPS 44mm viền nhôm dây vải_Xanh đen_080327.png
Apple Watch SE 2 GPS 44mm viền nhôm dây thể thao;Xanh đen;No;0;0;2026-02-01;;;https://www.thegioididong.com/dong-ho-thong-minh/apple-watch-se-2-44mm-vien-nhom-day-silicone;DEBUG_OOS_Apple Watch SE 2 GPS 44mm viền nhôm dây thể thao_Xanh đen_080328.png
Apple Watch SE 3 GPS + Cellular 40mm viền nhôm dây thể thao;Trắng Starlight;Yes;8490000;7890000;2026-02-01;;;https://www.thegioididong.com/dong-ho-thong-minh/apple-watch-se-3-gps-cellular-40mm-vien-nhom-day-the-thao;Skipped
Apple Watch SE 3 GPS 40mm viền nhôm dây thể thao;40mm;Yes;6990000;6390000;2026-02-01;;;https://www.thegioididong.com/dong-ho-thong-minh/apple-watch-se-3-40mm-vien-nhom-day-the-thao;Skipped
Apple Watch Series 10 GPS 42mm viền nhôm dây vải;Vàng Hồng;No;0;0;2026-02-01;;;https://www.thegioididong.com/dong-ho-thong-minh/apple-watch-series-10-42mm-day-vai;DEBUG_OOS_Apple Watch Series 10 GPS 42mm viền nhôm dây vải_Vàng Hồng_080332.png
Apple Watch SE 3 GPS + Cellular 40mm viền nhôm dây thể thao;Xanh đen;Yes;8490000;7890000;2026-02-01;;;https://www.thegioididong.com/dong-ho-thong-minh/apple-watch-se-3-gps-cellular-40mm-vien-nhom-day-the-thao;Skipped
Apple Watch SE 2 GPS 44mm viền nhôm dây vải;Trắng Starlight;No;0;0;2026-02-01;;;https://www.thegioididong.com/dong-ho-thong-minh/apple-watch-se-2-44mm-vien-nhom-day-vai;DEBUG_OOS_Apple Watch SE 2 GPS 44mm viền nhôm dây vải_Trắng Starlight_080334.png
Apple Watch SE 2 GPS 44mm viền nhôm dây thể thao;Trắng Starlight;No;0;0;2026-02-01;;;https://www.thegioididong.com/dong-ho-thong-minh/apple-watch-se-2-44mm-vien-nhom-day-silicone;DEBUG_OOS_Apple Watch SE 2 GPS 44mm viền nhôm dây thể thao_Trắng Starlight_080334.png
Apple Watch SE 3 GPS 44mm viền nhôm dây thể thao;44mm;Yes;7850000;7290000;2026-02-01;;;https://www.thegioididong.com/dong-ho-thong-minh/apple-watch-se-3-40mm-vien-nhom-day-the-thao;Skipped
Apple Watch SE 3 GPS 44mm viền nhôm dây thể thao;Xanh đen;Yes;7850000;7290000;2026-02-01;;;https://www.thegioididong.com/dong-ho-thong-minh/apple-watch-se-3-40mm-vien-nhom-day-the-thao;Skipped
Apple Watch Series 10 GPS 42mm viền nhôm dây vải;Đen bóng;No;0;0;2026-02-01;;;https://www.thegioididong.com/dong-ho-thong-minh/apple-watch-series-10-42mm-day-vai;DEBUG_OOS_Apple Watch Series 10 GPS 42mm viền nhôm dây vải_Đen bóng_080338.png
Apple Watch SE 3 GPS 44mm viền nhôm dây thể thao;Trắng Starlight;Yes;7850000;7290000;2026-02-01;;;https://www.thegioididong.com/dong-ho-thong-minh/apple-watch-se-3-40mm-vien-nhom-day-the-thao;Skipped
Apple Watch Series 10 GPS 42mm viền nhôm dây vải;Trắng Starlight;No;0;10790182;2026-02-01;;;https://www.thegioididong.com/dong-ho-thong-minh/apple-watch-series-10-42mm-day-vai;DEBUG_OOS_Apple Watch Series 10 GPS 42mm viền nhôm dây vải_Trắng Starlight_080342.png
Apple Watch SE 2 GPS 44mm viền nhôm dây vải;Bạc;No;0;0;2026-02-01;;;https://www.thegioididong.com/dong-ho-thong-minh/apple-watch-se-2-44mm-vien-nhom-day-vai;DEBUG_OOS_Apple Watch SE 2 GPS 44mm viền nhôm dây vải_Bạc_080342.png
Apple Watch Series 10 GPS + Cellular 42mm viền nhôm dây vải;Bạc;No;0;0;2026-02-01;;;https://www.thegioididong.com/dong-ho-thong-minh/apple-watch-series-10-lte-42mm-day-vai;DEBUG_OOS_Apple Watch Series 10 GPS + Cellular 42mm viền nhôm dây vải_Bạc_080343.png
Apple Watch SE 2 GPS 44mm viền nhôm dây thể thao;Bạc;No;0;0;2026-02-01;;;https://www.thegioididong.com/dong-ho-thong-minh/apple-watch-se-2-44mm-vien-nhom-day-silicone;DEBUG_OOS_Apple Watch SE 2 GPS 44mm viền nhôm dây thể thao_Bạc_080343.png
Apple Watch SE 3 GPS 40mm viền nhôm dây thể thao;40mm;Yes;6990000;6390000;2026-02-01;;;https://www.thegioididong.com/dong-ho-thong-minh/apple-watch-se-3-40mm-vien-nhom-day-the-thao;Skipped
Apple Watch SE 3 GPS 44mm viền nhôm dây thể thao;44mm;Yes;7850000;7290000;2026-02-01;;;https://www.thegioididong.com/dong-ho-thong-minh/apple-watch-se-3-40mm-vien-nhom-day-the-thao;Skipped
Apple Watch SE 2 GPS 44mm viền nhôm dây vải;Xanh đen;No;0;0;2026-02-01;;;https://www.thegioididong.com/dong-ho-thong-minh/apple-watch-se-2-44mm-vien-nhom-day-vai;DEBUG_OOS_Apple Watch SE 2 GPS 44mm viền nhôm dây vải_Xanh đen_080349.png
Apple Watch SE 2 GPS 44mm viền nhôm dây thể thao;Xanh đen;No;0;0;2026-02-01;;;https://www.thegioididong.com/dong-ho-thong-minh/apple-watch-se-2-44mm-vien-nhom-day-silicone;DEBUG_OOS_Apple Watch SE 2 GPS 44mm viền nhôm dây thể thao_Xanh đen_080349.png
Apple Watch Series 10 GPS + Cellular 42mm viền nhôm dây vải;Vàng Hồng;No;0;0;2026-02-01;;;https://www.thegioididong.com/dong-ho-thong-minh/apple-watch-series-10-lte-42mm-day-vai;DEBUG_OOS_Apple Watch Series 10 GPS + Cellular 42mm viền nhôm dây vải_Vàng Hồng_080350.png
Apple Watch Series 10 GPS 42mm viền nhôm dây vải;Bạc;No;0;0;2026-02-01;;;https://www.thegioididong.com/dong-ho-thong-minh/apple-watch-series-10-42mm-day-vai;DEBUG_OOS_Apple Watch Series 10 GPS 42mm viền nhôm dây vải_Bạc_080350.png
Apple Watch SE 3 GPS 44mm viền nhôm dây thể thao;Xanh đen;Yes;7850000;7290000;2026-02-01;;;https://www.thegioididong.com/dong-ho-thong-minh/apple-watch-se-3-40mm-vien-nhom-day-the-thao;Skipped
Apple Watch SE 3 GPS 44mm viền nhôm dây thể thao;Trắng Starlight;Yes;7850000;7290000;2026-02-01;;;https://www.thegioididong.com/dong-ho-thong-minh/apple-watch-se-3-40mm-vien-nhom-day-the-thao;Skipped
Apple Watch SE 2 GPS 44mm viền nhôm dây vải;Trắng Starlight;No;0;0;2026-02-01;;;https://www.thegioididong.com/dong-ho-thong-minh/apple-watch-se-2-44mm-vien-nhom-day-vai;DEBUG_OOS_Apple Watch SE 2 GPS 44mm viền nhôm dây vải_Trắng Starlight_080355.png
Apple Watch SE 2 GPS 44mm viền nhôm dây thể thao;Trắng Starlight;No;0;0;2026-02-01;;;https://www.thegioididong.com/dong-ho-thong-minh/apple-watch-se-2-44mm-vien-nhom-day-silicone;DEBUG_OOS_Apple Watch SE 2 GPS 44mm viền nhôm dây thể thao_Trắng Starlight_080356.png
Apple Watch Series 10 GPS + Cellular 42mm viền nhôm dây vải;Đen bóng;No;0;0;2026-02-01;;;https://www.thegioididong.com/dong-ho-thong-minh/apple-watch-series-10-lte-42mm-day-vai;DEBUG_OOS_Apple Watch Series 10 GPS + Cellular 42mm viền nhôm dây vải_Đen bóng_080356.png
Apple Watch Series 10 GPS 42mm viền nhôm dây vải;Vàng Hồng;No;0;0;2026-02-01;;;https://www.thegioididong.com/dong-ho-thong-minh/apple-watch-series-10-42mm-day-vai;DEBUG_OOS_Apple Watch Series 10 GPS 42mm viền nhôm dây vải_Vàng Hồng_080356.png
Apple Watch SE 3 GPS 40mm viền nhôm dây thể thao;40mm;Yes;6990000;6390000;2026-02-01;;;https://www.thegioididong.com/dong-ho-thong-minh/apple-watch-se-3-40mm-vien-nhom-day-the-thao;Skipped
Apple Watch SE 3 GPS 44mm viền nhôm dây thể thao;44mm;Yes;7850000;7290000;2026-02-01;;;https://www.thegioididong.com/dong-ho-thong-minh/apple-watch-se-3-40mm-vien-nhom-day-the-thao;Skipped
Apple Watch Series 10 GPS 42mm viền nhôm dây vải;Đen bóng;No;0;0;2026-02-01;;;https://www.thegioididong.com/dong-ho-thong-minh/apple-watch-series-10-42mm-day-vai;DEBUG_OOS_Apple Watch Series 10 GPS 42mm viền nhôm dây vải_Đen bóng_080403.png
Apple Watch SE 2 GPS 44mm viền nhôm dây vải;Bạc;No;0;0;2026-02-01;;;https://www.thegioididong.com/dong-ho-thong-minh/apple-watch-se-2-44mm-vien-nhom-day-vai;DEBUG_OOS_Apple Watch SE 2 GPS 44mm viền nhôm dây vải_Bạc_080403.png
Apple Watch SE 2 GPS 44mm viền nhôm dây thể thao;Bạc;No;0;0;2026-02-01;;;https://www.thegioididong.com/dong-ho-thong-minh/apple-watch-se-2-44mm-vien-nhom-day-silicone;DEBUG_OOS_Apple Watch SE 2 GPS 44mm viền nhôm dây thể thao_Bạc_080404.png
Apple Watch SE 3 GPS 44mm viền nhôm dây thể thao;Xanh đen;Yes;7850000;7290000;2026-02-01;;;https://www.thegioididong.com/dong-ho-thong-minh/apple-watch-se-3-40mm-vien-nhom-day-the-thao;Skipped
Apple Watch Series 10 GPS + Cellular 42mm viền nhôm dây vải;Bạc;No;0;0;2026-02-01;;;https://www.thegioididong.com/dong-ho-thong-minh/apple-watch-series-10-lte-42mm-day-vai;DEBUG_OOS_Apple Watch Series 10 GPS + Cellular 42mm viền nhôm dây vải_Bạc_080404.png
Apple Watch Series 10 GPS 42mm viền nhôm dây vải;Trắng Starlight;No;0;10790182;2026-02-01;;;https://www.thegioididong.com/dong-ho-thong-minh/apple-watch-series-10-42mm-day-vai;DEBUG_OOS_Apple Watch Series 10 GPS 42mm viền nhôm dây vải_Trắng Starlight_080406.png
Apple Watch SE 3 GPS 44mm viền nhôm dây thể thao;Trắng Starlight;Yes;7850000;7290000;2026-02-01;;;https://www.thegioididong.com/dong-ho-thong-minh/apple-watch-se-3-40mm-vien-nhom-day-the-thao;Skipped
Apple Watch SE 2 GPS 44mm viền nhôm dây vải;Xanh đen;No;0;0;2026-02-01;;;https://www.thegioididong.com/dong-ho-thong-minh/apple-watch-se-2-44mm-vien-nhom-day-vai;DEBUG_OOS_Apple Watch SE 2 GPS 44mm viền nhôm dây vải_Xanh đen_080410.png
Apple Watch SE 2 GPS 44mm viền nhôm dây thể thao;Xanh đen;No;0;0;2026-02-01;;;https://www.thegioididong.com/dong-ho-thong-minh/apple-watch-se-2-44mm-vien-nhom-day-silicone;DEBUG_OOS_Apple Watch SE 2 GPS 44mm viền nhôm dây thể thao_Xanh đen_080410.png
Apple Watch Series 10 GPS + Cellular 42mm viền nhôm dây vải;Vàng Hồng;No;0;0;2026-02-01;;;https://www.thegioididong.com/dong-ho-thong-minh/apple-watch-series-10-lte-42mm-day-vai;DEBUG_OOS_Apple Watch Series 10 GPS + Cellular 42mm viền nhôm dây vải_Vàng Hồng_080411.png
Apple Watch Series 11 GPS 42mm viền nhôm dây thể thao;42mm;Yes;11490000;9190000;2026-02-01;;;https://www.thegioididong.com/dong-ho-thong-minh/apple-watch-series-11-42mm-vien-nhom-day-the-thao;Skipped
Apple Watch Series 10 GPS 42mm viền nhôm dây vải;Bạc;No;0;0;2026-02-01;;;https://www.thegioididong.com/dong-ho-thong-minh/apple-watch-series-10-42mm-day-vai;DEBUG_OOS_Apple Watch Series 10 GPS 42mm viền nhôm dây vải_Bạc_080414.png
Apple Watch SE 2 GPS 44mm viền nhôm dây vải;Trắng Starlight;No;0;0;2026-02-01;;;https://www.thegioididong.com/dong-ho-thong-minh/apple-watch-se-2-44mm-vien-nhom-day-vai;DEBUG_OOS_Apple Watch SE 2 GPS 44mm viền nhôm dây vải_Trắng Starlight_080416.png
Apple Watch Series 11 GPS 46mm viền nhôm dây thể thao;46mm;Yes;12350000;10090000;2026-02-01;;;https://www.thegioididong.com/dong-ho-thong-minh/apple-watch-series-11-42mm-vien-nhom-day-the-thao;Skipped
Apple Watch SE 2 GPS 44mm viền nhôm dây thể thao;Trắng Starlight;No;0;0;2026-02-01;;;https://www.thegioididong.com/dong-ho-thong-minh/apple-watch-se-2-44mm-vien-nhom-day-silicone;DEBUG_OOS_Apple Watch SE 2 GPS 44mm viền nhôm dây thể thao_Trắng Starlight_080417.png
Apple Watch Series 10 GPS + Cellular 42mm viền nhôm dây vải;Đen bóng;No;0;0;2026-02-01;;;https://www.thegioididong.com/dong-ho-thong-minh/apple-watch-series-10-lte-42mm-day-vai;DEBUG_OOS_Apple Watch Series 10 GPS + Cellular 42mm viền nhôm dây vải_Đen bóng_080417.png
Apple Watch Series 11 GPS 46mm viền nhôm dây thể thao;Xám;Yes;12350000;10090000;2026-02-01;;;https://www.thegioididong.com/dong-ho-thong-minh/apple-watch-series-11-42mm-vien-nhom-day-the-thao;Skipped
Apple Watch Series 10 GPS 42mm viền nhôm dây vải;Vàng Hồng;No;0;0;2026-02-01;;;https://www.thegioididong.com/dong-ho-thong-minh/apple-watch-series-10-42mm-day-vai;DEBUG_OOS_Apple Watch Series 10 GPS 42mm viền nhôm dây vải_Vàng Hồng_080421.png
Apple Watch Series 11 GPS + Cellular 42m viền Titanium dây thể thao;42mm;Yes;20990000;18690000;2026-02-01;;;https://www.thegioididong.com/dong-ho-thong-minh/apple-watch-series-11-gps-cellular-42m-vien-titanium-day-the-thao;Skipped
Apple Watch Series 11 GPS 46mm viền nhôm dây thể thao;Bạc;Yes;12350000;10090000;2026-02-01;;;https://www.thegioididong.com/dong-ho-thong-minh/apple-watch-series-11-42mm-vien-nhom-day-the-thao;Skipped
Apple Watch Series 11 GPS + Cellular 42mm viền nhôm dây thể thao;Bạc;No;14490000;12190000;2026-02-01;;;https://www.thegioididong.com/dong-ho-thong-minh/apple-watch-series-11-gps-cellular-42mm-vien-nhom-day-the-thao;DEBUG_OOS_Apple Watch Series 11 GPS + Cellular 42mm viền nhôm dây thể thao_Bạc_080423.png
Apple Watch Series 11 GPS + Cellular 46mm viền Titanium dây thể thao;46mm;Yes;22490000;20190000;2026-02-01;;;https://www.thegioididong.com/dong-ho-thong-minh/apple-watch-series-11-gps-cellular-42m-vien-titanium-day-the-thao;Skipped
Apple Watch Series 11 GPS 46mm viền nhôm dây thể thao;Vàng Hồng;Yes;12350000;10090000;2026-02-01;;;https://www.thegioididong.com/dong-ho-thong-minh/apple-watch-series-11-42mm-vien-nhom-day-the-thao;Skipped
Apple Watch Series 10 GPS + Cellular 42mm viền nhôm dây vải;Bạc;No;0;0;2026-02-01;;;https://www.thegioididong.com/dong-ho-thong-minh/apple-watch-series-10-lte-42mm-day-vai;DEBUG_OOS_Apple Watch Series 10 GPS + Cellular 42mm viền nhôm dây vải_Bạc_080425.png
Apple Watch Series 10 GPS 42mm viền nhôm dây vải;Đen bóng;No;0;0;2026-02-01;;;https://www.thegioididong.com/dong-ho-thong-minh/apple-watch-series-10-42mm-day-vai;DEBUG_OOS_Apple Watch Series 10 GPS 42mm viền nhôm dây vải_Đen bóng_080427.png
Apple Watch Series 11 GPS + Cellular 42mm viền nhôm dây thể thao;Xám;No;14490000;12190000;2026-02-01;;;https://www.thegioididong.com/dong-ho-thong-minh/apple-watch-series-11-gps-cellular-42mm-vien-nhom-day-the-thao;DEBUG_OOS_Apple Watch Series 11 GPS + Cellular 42mm viền nhôm dây thể thao_Xám_080427.png
Apple Watch Series 11 GPS + Cellular 46mm viền Titanium dây thể thao;Titan vàng;Yes;22490000;20190000;2026-02-01;;;https://www.thegioididong.com/dong-ho-thong-minh/apple-watch-series-11-gps-cellular-42m-vien-titanium-day-the-thao;Skipped
Apple Watch Series 11 GPS 46mm viền nhôm dây thể thao;Đen bóng;Yes;12350000;10090000;2026-02-01;;;https://www.thegioididong.com/dong-ho-thong-minh/apple-watch-series-11-42mm-vien-nhom-day-the-thao;Skipped
Apple Watch Series 10 GPS 42mm viền nhôm dây vải;Trắng Starlight;No;0;10790182;2026-02-01;;;https://www.thegioididong.com/dong-ho-thong-minh/apple-watch-series-10-42mm-day-vai;DEBUG_OOS_Apple Watch Series 10 GPS 42mm viền nhôm dây vải_Trắng Starlight_080430.png
Apple Watch Series 11 GPS + Cellular 46mm viền Titanium dây thể thao;Titan tự nhiên;Yes;22490000;20190000;2026-02-01;;;https://www.thegioididong.com/dong-ho-thong-minh/apple-watch-series-11-gps-cellular-42m-vien-titanium-day-the-thao;Skipped
Apple Watch Series 11 GPS + Cellular 42mm viền nhôm dây thể thao;Vàng Hồng;No;14490000;12190000;2026-02-01;;;https://www.thegioididong.com/dong-ho-thong-minh/apple-watch-series-11-gps-cellular-42mm-vien-nhom-day-the-thao;DEBUG_OOS_Apple Watch Series 11 GPS + Cellular 42mm viền nhôm dây thể thao_Vàng Hồng_080430.png
Apple Watch Series 10 GPS + Cellular 42mm viền nhôm dây vải;Vàng Hồng;No;0;0;2026-02-01;;;https://www.thegioididong.com/dong-ho-thong-minh/apple-watch-series-10-lte-42mm-day-vai;DEBUG_OOS_Apple Watch Series 10 GPS + Cellular 42mm viền nhôm dây vải_Vàng Hồng_080432.png
Apple Watch Series 11 GPS + Cellular 46mm viền Titanium dây thể thao;Titan xám;Yes;22490000;20190000;2026-02-01;;;https://www.thegioididong.com/dong-ho-thong-minh/apple-watch-series-11-gps-cellular-42m-vien-titanium-day-the-thao;Skipped
Apple Watch Series 11 GPS + Cellular 42mm viền nhôm dây thể thao;Đen bóng;No;14490000;12190000;2026-02-01;;;https://www.thegioididong.com/dong-ho-thong-minh/apple-watch-series-11-gps-cellular-42mm-vien-nhom-day-the-thao;DEBUG_OOS_Apple Watch Series 11 GPS + Cellular 42mm viền nhôm dây thể thao_Đen bóng_080434.png
Apple Watch Series 11 GPS 42mm viền nhôm dây thể thao;42mm;Yes;11490000;9190000;2026-02-01;;;https://www.thegioididong.com/dong-ho-thong-minh/apple-watch-series-11-42mm-vien-nhom-day-the-thao;Skipped
Apple Watch Series 11 GPS 46mm viền nhôm dây thể thao;46mm;Yes;12350000;10090000;2026-02-01;;;https://www.thegioididong.com/dong-ho-thong-minh/apple-watch-series-11-42mm-vien-nhom-day-the-thao;Skipped
Apple Watch Series 10 GPS + Cellular 42mm viền nhôm dây vải;Đen bóng;No;0;0;2026-02-01;;;https://www.thegioididong.com/dong-ho-thong-minh/apple-watch-series-10-lte-42mm-day-vai;DEBUG_OOS_Apple Watch Series 10 GPS + Cellular 42mm viền nhôm dây vải_Đen bóng_080438.png
Apple Watch Series 10 GPS 42mm viền nhôm dây vải;Bạc;No;0;0;2026-02-01;;;https://www.thegioididong.com/dong-ho-thong-minh/apple-watch-series-10-42mm-day-vai;DEBUG_OOS_Apple Watch Series 10 GPS 42mm viền nhôm dây vải_Bạc_080439.png
Apple Watch Series 11 GPS + Cellular 42m viền Titanium dây thể thao;42mm;Yes;20990000;18690000;2026-02-01;;;https://www.thegioididong.com/dong-ho-thong-minh/apple-watch-series-11-gps-cellular-42m-vien-titanium-day-the-thao;Skipped
Apple Watch Series 11 GPS 46mm viền nhôm dây thể thao;Xám;Yes;12350000;10090000;2026-02-01;;;https://www.thegioididong.com/dong-ho-thong-minh/apple-watch-series-11-42mm-vien-nhom-day-the-thao;Skipped
Apple Watch Series 11 GPS + Cellular 42mm viền nhôm dây thể thao;Bạc;No;14490000;12190000;2026-02-01;;;https://www.thegioididong.com/dong-ho-thong-minh/apple-watch-series-11-gps-cellular-42mm-vien-nhom-day-the-thao;DEBUG_OOS_Apple Watch Series 11 GPS + Cellular 42mm viền nhôm dây thể thao_Bạc_080439.png
Apple Watch Series 11 GPS + Cellular 46mm viền Titanium dây thể thao;46mm;Yes;22490000;20190000;2026-02-01;;;https://www.thegioididong.com/dong-ho-thong-minh/apple-watch-series-11-gps-cellular-42m-vien-titanium-day-the-thao;Skipped
Apple Watch Series 11 GPS 46mm viền nhôm dây thể thao;Bạc;Yes;12350000;10090000;2026-02-01;;;https://www.thegioididong.com/dong-ho-thong-minh/apple-watch-series-11-42mm-vien-nhom-day-the-thao;Skipped
Apple Watch Series 11 GPS + Cellular 42mm viền nhôm dây thể thao;Xám;No;14490000;12190000;2026-02-01;;;https://www.thegioididong.com/dong-ho-thong-minh/apple-watch-series-11-gps-cellular-42mm-vien-nhom-day-the-thao;DEBUG_OOS_Apple Watch Series 11 GPS + Cellular 42mm viền nhôm dây thể thao_Xám_080443.png
Apple Watch Series 11 GPS + Cellular 42mm viền Titanium dây Milan;42mm;Yes;22490000;20190000;2026-02-01;;;https://www.thegioididong.com/dong-ho-thong-minh/apple-watch-series-11-gps-cellular-42mm-vien-titanium-day-milan;Skipped
Apple Watch Series 11 GPS + Cellular 46mm viền Titanium dây thể thao;Titan vàng;Yes;22490000;20190000;2026-02-01;;;https://www.thegioididong.com/dong-ho-thong-minh/apple-watch-series-11-gps-cellular-42m-vien-titanium-day-the-thao;Skipped
Apple Watch Series 10 GPS 42mm viền nhôm dây vải;Vàng Hồng;No;0;0;2026-02-01;;;https://www.thegioididong.com/dong-ho-thong-minh/apple-watch-series-10-42mm-day-vai;DEBUG_OOS_Apple Watch Series 10 GPS 42mm viền nhôm dây vải_Vàng Hồng_080445.png
Apple Watch Series 11 GPS 46mm viền nhôm dây thể thao;Vàng Hồng;Yes;12350000;10090000;2026-02-01;;;https://www.thegioididong.com/dong-ho-thong-minh/apple-watch-series-11-42mm-vien-nhom-day-the-thao;Skipped
Apple Watch Series 11 GPS + Cellular 42mm viền nhôm dây thể thao;Vàng Hồng;No;14490000;12190000;2026-02-01;;;https://www.thegioididong.com/dong-ho-thong-minh/apple-watch-series-11-gps-cellular-42mm-vien-nhom-day-the-thao;DEBUG_OOS_Apple Watch Series 11 GPS + Cellular 42mm viền nhôm dây thể thao_Vàng Hồng_080446.png
Apple Watch Series 11 GPS + Cellular 46mm viền Titanium dây Milan;46mm;Yes;23990000;21690000;2026-02-01;;;https://www.thegioididong.com/dong-ho-thong-minh/apple-watch-series-11-gps-cellular-42mm-vien-titanium-day-milan;Skipped
Apple Watch Series 11 GPS + Cellular 46mm viền Titanium dây thể thao;Titan tự nhiên;Yes;22490000;20190000;2026-02-01;;;https://www.thegioididong.com/dong-ho-thong-minh/apple-watch-series-11-gps-cellular-42m-vien-titanium-day-the-thao;Skipped
Apple Watch Series 11 GPS 46mm viền nhôm dây thể thao;Đen bóng;Yes;12350000;10090000;2026-02-01;;;https://www.thegioididong.com/dong-ho-thong-minh/apple-watch-series-11-42mm-vien-nhom-day-the-thao;Skipped
Apple Watch Series 11 GPS + Cellular 46mm viền Titanium dây Milan;Titan xám;Yes;23990000;21690000;2026-02-01;;;https://www.thegioididong.com/dong-ho-thong-minh/apple-watch-series-11-gps-cellular-42mm-vien-titanium-day-milan;Skipped
Apple Watch Series 11 GPS + Cellular 42mm viền nhôm dây thể thao;Đen bóng;No;14490000;12190000;2026-02-01;;;https://www.thegioididong.com/dong-ho-thong-minh/apple-watch-series-11-gps-cellular-42mm-vien-nhom-day-the-thao;DEBUG_OOS_Apple Watch Series 11 GPS + Cellular 42mm viền nhôm dây thể thao_Đen bóng_080449.png
Apple Watch Series 11 GPS + Cellular 46mm viền Titanium dây thể thao;Titan xám;Yes;22490000;20190000;2026-02-01;;;https://www.thegioididong.com/dong-ho-thong-minh/apple-watch-series-11-gps-cellular-42m-vien-titanium-day-the-thao;Skipped
Apple Watch Series 10 GPS 42mm viền nhôm dây vải;Đen bóng;No;0;0;2026-02-01;;;https://www.thegioididong.com/dong-ho-thong-minh/apple-watch-series-10-42mm-day-vai;DEBUG_OOS_Apple Watch Series 10 GPS 42mm viền nhôm dây vải_Đen bóng_080451.png
Apple Watch Series 11 GPS + Cellular 46mm viền Titanium dây Milan;Titan vàng;Yes;23990000;21690000;2026-02-01;;;https://www.thegioididong.com/dong-ho-thong-minh/apple-watch-series-11-gps-cellular-42mm-vien-titanium-day-milan;Skipped
Apple Watch Series 11 GPS 42mm viền nhôm dây thể thao;42mm;Yes;11490000;9190000;2026-02-01;;;https://www.thegioididong.com/dong-ho-thong-minh/apple-watch-series-11-42mm-vien-nhom-day-the-thao;Skipped
Apple Watch Series 10 GPS 42mm viền nhôm dây vải;Trắng Starlight;No;0;10790182;2026-02-01;;;https://www.thegioididong.com/dong-ho-thong-minh/apple-watch-series-10-42mm-day-vai;DEBUG_OOS_Apple Watch Series 10 GPS 42mm viền nhôm dây vải_Trắng Starlight_080454.png
Apple Watch Series 11 GPS + Cellular 42mm viền nhôm dây thể thao;Bạc;No;14490000;12190000;2026-02-01;;;https://www.thegioididong.com/dong-ho-thong-minh/apple-watch-series-11-gps-cellular-42mm-vien-nhom-day-the-thao;DEBUG_OOS_Apple Watch Series 11 GPS + Cellular 42mm viền nhôm dây thể thao_Bạc_080455.png
Apple Watch Series 11 GPS + Cellular 42m viền Titanium dây thể thao;42mm;Yes;20990000;18690000;2026-02-01;;;https://www.thegioididong.com/dong-ho-thong-minh/apple-watch-series-11-gps-cellular-42m-vien-titanium-day-the-thao;Skipped
Apple Watch Series 11 GPS + Cellular 42mm viền Titanium dây Milan;42mm;Yes;22490000;20190000;2026-02-01;;;https://www.thegioididong.com/dong-ho-thong-minh/apple-watch-series-11-gps-cellular-42mm-vien-titanium-day-milan;Skipped
Apple Watch Series 11 GPS 46mm viền nhôm dây thể thao;46mm;Yes;12350000;10090000;2026-02-01;;;https://www.thegioididong.com/dong-ho-thong-minh/apple-watch-series-11-42mm-vien-nhom-day-the-thao;Skipped
Apple Watch Series 11 GPS + Cellular 42mm viền nhôm dây thể thao;Xám;No;14490000;12190000;2026-02-01;;;https://www.thegioididong.com/dong-ho-thong-minh/apple-watch-series-11-gps-cellular-42mm-vien-nhom-day-the-thao;DEBUG_OOS_Apple Watch Series 11 GPS + Cellular 42mm viền nhôm dây thể thao_Xám_080458.png
Apple Watch Series 11 GPS + Cellular 46mm viền Titanium dây thể thao;46mm;Yes;22490000;20190000;2026-02-01;;;https://www.thegioididong.com/dong-ho-thong-minh/apple-watch-series-11-gps-cellular-42m-vien-titanium-day-the-thao;Skipped
Apple Watch Series 11 GPS 46mm viền nhôm dây thể thao;Xám;Yes;12350000;10090000;2026-02-01;;;https://www.thegioididong.com/dong-ho-thong-minh/apple-watch-series-11-42mm-vien-nhom-day-the-thao;Skipped
Apple Watch Series 11 GPS + Cellular 46mm viền Titanium dây Milan;46mm;Yes;23990000;21690000;2026-02-01;;;https://www.thegioididong.com/dong-ho-thong-minh/apple-watch-series-11-gps-cellular-42mm-vien-titanium-day-milan;Skipped
Apple Watch Ultra 2 GPS + Cellular 49mm viền Titanium đen dây Alpine;Dây Alpine;Yes;22590000;19590000;2026-02-01;;;https://www.thegioididong.com/dong-ho-thong-minh/apple-watch-ultra-2-gps-cellular-49mm-vien-titanium-den-day-alpine;Skipped
Apple Watch Series 11 GPS + Cellular 46mm viền Titanium dây thể thao;Titan vàng;Yes;22490000;20190000;2026-02-01;;;https://www.thegioididong.com/dong-ho-thong-minh/apple-watch-series-11-gps-cellular-42m-vien-titanium-day-the-thao;Skipped
Apple Watch Series 11 GPS + Cellular 42mm viền nhôm dây thể thao;Vàng Hồng;No;14490000;12190000;2026-02-01;;;https://www.thegioididong.com/dong-ho-thong-minh/apple-watch-series-11-gps-cellular-42mm-vien-nhom-day-the-thao;DEBUG_OOS_Apple Watch Series 11 GPS + Cellular 42mm viền nhôm dây thể thao_Vàng Hồng_080501.png
Apple Watch Series 11 GPS 46mm viền nhôm dây thể thao;Bạc;Yes;12350000;10090000;2026-02-01;;;https://www.thegioididong.com/dong-ho-thong-minh/apple-watch-series-11-42mm-vien-nhom-day-the-thao;Skipped
Apple Watch Series 11 GPS + Cellular 46mm viền Titanium dây Milan;Titan xám;Yes;23990000;21690000;2026-02-01;;;https://www.thegioididong.com/dong-ho-thong-minh/apple-watch-series-11-gps-cellular-42mm-vien-titanium-day-milan;Skipped
Apple Watch Series 11 GPS + Cellular 46mm viền Titanium dây thể thao;Titan tự nhiên;Yes;22490000;20190000;2026-02-01;;;https://www.thegioididong.com/dong-ho-thong-minh/apple-watch-series-11-gps-cellular-42m-vien-titanium-day-the-thao;Skipped
Apple Watch Series 11 GPS + Cellular 42mm viền nhôm dây thể thao;Đen bóng;No;14490000;12190000;2026-02-01;;;https://www.thegioididong.com/dong-ho-thong-minh/apple-watch-series-11-gps-cellular-42mm-vien-nhom-day-the-thao;DEBUG_OOS_Apple Watch Series 11 GPS + Cellular 42mm viền nhôm dây thể thao_Đen bóng_080505.png
Apple Watch Ultra 2 GPS + Cellular 49mm viền Titanium đen dây Ocean;Dây Ocean;Yes;22590000;19590000;2026-02-01;;;https://www.thegioididong.com/dong-ho-thong-minh/apple-watch-ultra-2-gps-cellular-49mm-vien-titanium-den-day-alpine;Skipped
Apple Watch Series 11 GPS 46mm viền nhôm dây thể thao;Vàng Hồng;Yes;12350000;10090000;2026-02-01;;;https://www.thegioididong.com/dong-ho-thong-minh/apple-watch-series-11-42mm-vien-nhom-day-the-thao;Skipped
Apple Watch Series 11 GPS + Cellular 46mm viền Titanium dây Milan;Titan vàng;Yes;23990000;21690000;2026-02-01;;;https://www.thegioididong.com/dong-ho-thong-minh/apple-watch-series-11-gps-cellular-42mm-vien-titanium-day-milan;Skipped
Apple Watch Series 11 GPS + Cellular 46mm viền Titanium dây thể thao;Titan xám;Yes;22490000;20190000;2026-02-01;;;https://www.thegioididong.com/dong-ho-thong-minh/apple-watch-series-11-gps-cellular-42m-vien-titanium-day-the-thao;Skipped
Apple Watch Series 11 GPS 46mm viền nhôm dây thể thao;Đen bóng;Yes;12350000;10090000;2026-02-01;;;https://www.thegioididong.com/dong-ho-thong-minh/apple-watch-series-11-42mm-vien-nhom-day-the-thao;Skipped
Apple Watch Series 11 GPS + Cellular 46mm viền Titanium dây Milan;Titan tự nhiên;Yes;23990000;21690000;2026-02-01;;;https://www.thegioididong.com/dong-ho-thong-minh/apple-watch-series-11-gps-cellular-42mm-vien-titanium-day-milan;Skipped
Apple Watch Series 11 GPS + Cellular 42mm viền nhôm dây thể thao;Bạc;No;14490000;12190000;2026-02-01;;;https://www.thegioididong.com/dong-ho-thong-minh/apple-watch-series-11-gps-cellular-42mm-vien-nhom-day-the-thao;DEBUG_OOS_Apple Watch Series 11 GPS + Cellular 42mm viền nhôm dây thể thao_Bạc_080510.png
Apple Watch Ultra 2 GPS + Cellular 49mm viền Titanium đen dây Alpine;Dây Alpine;Yes;22590000;19590000;2026-02-01;;;https://www.thegioididong.com/dong-ho-thong-minh/apple-watch-ultra-2-gps-cellular-49mm-vien-titanium-den-day-alpine;Skipped
Apple Watch Series 11 GPS + Cellular 42m viền Titanium dây thể thao;42mm;Yes;20990000;18690000;2026-02-01;;;https://www.thegioididong.com/dong-ho-thong-minh/apple-watch-series-11-gps-cellular-42m-vien-titanium-day-the-thao;Skipped
Apple Watch Series 11 GPS + Cellular 42mm viền nhôm dây thể thao;Xám;No;14490000;12190000;2026-02-01;;;https://www.thegioididong.com/dong-ho-thong-minh/apple-watch-series-11-gps-cellular-42mm-vien-nhom-day-the-thao;DEBUG_OOS_Apple Watch Series 11 GPS + Cellular 42mm viền nhôm dây thể thao_Xám_080513.png
Apple Watch Ultra 2 GPS + Cellular 49mm viền Titanium đen dây Ocean;Dây Ocean;Yes;22590000;19590000;2026-02-01;;;https://www.thegioididong.com/dong-ho-thong-minh/apple-watch-ultra-2-gps-cellular-49mm-vien-titanium-den-day-alpine;Skipped
Apple Watch Series 11 GPS 42mm viền nhôm dây thể thao;42mm;Yes;11490000;9190000;2026-02-01;;;https://www.thegioididong.com/dong-ho-thong-minh/apple-watch-series-11-42mm-vien-nhom-day-the-thao;Skipped
Apple Watch Series 11 GPS + Cellular 42mm viền Titanium dây Milan;42mm;Yes;22490000;20190000;2026-02-01;;;https://www.thegioididong.com/dong-ho-thong-minh/apple-watch-series-11-gps-cellular-42mm-vien-titanium-day-milan;Skipped
Apple Watch Series 11 GPS + Cellular 46mm viền Titanium dây thể thao;46mm;Yes;22490000;20190000;2026-02-01;;;https://www.thegioididong.com/dong-ho-thong-minh/apple-watch-series-11-gps-cellular-42m-vien-titanium-day-the-thao;Skipped
Apple Watch Series 11 GPS + Cellular 42mm viền nhôm dây thể thao;Vàng Hồng;No;14490000;12190000;2026-02-01;;;https://www.thegioididong.com/dong-ho-thong-minh/apple-watch-series-11-gps-cellular-42mm-vien-nhom-day-the-thao;DEBUG_OOS_Apple Watch Series 11 GPS + Cellular 42mm viền nhôm dây thể thao_Vàng Hồng_080517.png
Apple Watch Series 11 GPS 46mm viền nhôm dây thể thao;46mm;Yes;12350000;10090000;2026-02-01;;;https://www.thegioididong.com/dong-ho-thong-minh/apple-watch-series-11-42mm-vien-nhom-day-the-thao;Skipped
Apple Watch Series 11 GPS + Cellular 46mm viền Titanium dây thể thao;Titan vàng;Yes;22490000;20190000;2026-02-01;;;https://www.thegioididong.com/dong-ho-thong-minh/apple-watch-series-11-gps-cellular-42m-vien-titanium-day-the-thao;Skipped
Apple Watch Series 11 GPS + Cellular 46mm viền Titanium dây Milan;46mm;Yes;23990000;21690000;2026-02-01;;;https://www.thegioididong.com/dong-ho-thong-minh/apple-watch-series-11-gps-cellular-42mm-vien-titanium-day-milan;Skipped
Apple Watch Series 11 GPS 46mm viền nhôm dây thể thao;Xám;Yes;12350000;10090000;2026-02-01;;;https://www.thegioididong.com/dong-ho-thong-minh/apple-watch-series-11-42mm-vien-nhom-day-the-thao;Skipped
Apple Watch Series 11 GPS + Cellular 42mm viền nhôm dây thể thao;Đen bóng;No;14490000;12190000;2026-02-01;;;https://www.thegioididong.com/dong-ho-thong-minh/apple-watch-series-11-gps-cellular-42mm-vien-nhom-day-the-thao;DEBUG_OOS_Apple Watch Series 11 GPS + Cellular 42mm viền nhôm dây thể thao_Đen bóng_080520.png
Apple Watch Series 11 GPS + Cellular 46mm viền Titanium dây Milan;Titan xám;Yes;23990000;21690000;2026-02-01;;;https://www.thegioididong.com/dong-ho-thong-minh/apple-watch-series-11-gps-cellular-42mm-vien-titanium-day-milan;Skipped
Apple Watch Series 11 GPS + Cellular 46mm viền Titanium dây thể thao;Titan tự nhiên;Yes;22490000;20190000;2026-02-01;;;https://www.thegioididong.com/dong-ho-thong-minh/apple-watch-series-11-gps-cellular-42m-vien-titanium-day-the-thao;Skipped
Apple Watch Series 11 GPS 46mm viền nhôm dây thể thao;Bạc;Yes;12350000;10090000;2026-02-01;;;https://www.thegioididong.com/dong-ho-thong-minh/apple-watch-series-11-42mm-vien-nhom-day-the-thao;Skipped
Apple Watch Series 11 GPS + Cellular 46mm viền Titanium dây Milan;Titan vàng;Yes;23990000;21690000;2026-02-01;;;https://www.thegioididong.com/dong-ho-thong-minh/apple-watch-series-11-gps-cellular-42mm-vien-titanium-day-milan;Skipped
Apple Watch Ultra 2 GPS + Cellular 49mm viền Titanium dây Ocean;Xanh Dương;No;0;0;2026-02-01;;;https://www.thegioididong.com/dong-ho-thong-minh/apple-watch-ultra-2-lte-49mm-vien-titanium-day-ocean;DEBUG_OOS_Apple Watch Ultra 2 GPS + Cellular 49mm viền Titanium dây Ocean_Xanh Dương_080524.png
Apple Watch Series 11 GPS + Cellular 46mm viền Titanium dây thể thao;Titan xám;Yes;22490000;20190000;2026-02-01;;;https://www.thegioididong.com/dong-ho-thong-minh/apple-watch-series-11-gps-cellular-42m-vien-titanium-day-the-thao;Skipped
Apple Watch Ultra 3 GPS + Cellular 49mm viền Titanium dây Alpine;Titan đen;Yes;23990000;23490000;2026-02-01;;;https://www.thegioididong.com/dong-ho-thong-minh/apple-watch-ultra-3-gps-cellular-49mm-vien-titanium-day-alpine;Skipped
Apple Watch Series 11 GPS 46mm viền nhôm dây thể thao;Vàng Hồng;Yes;12350000;10090000;2026-02-01;;;https://www.thegioididong.com/dong-ho-thong-minh/apple-watch-series-11-42mm-vien-nhom-day-the-thao;Skipped
Apple Watch Series 11 GPS + Cellular 46mm viền Titanium dây Milan;Titan tự nhiên;Yes;23990000;21690000;2026-02-01;;;https://www.thegioididong.com/dong-ho-thong-minh/apple-watch-series-11-gps-cellular-42mm-vien-titanium-day-milan;Skipped
Apple Watch Ultra 3 GPS + Cellular 49mm viền Titanium dây Alpine;Titan tự nhiên;Yes;23990000;23490000;2026-02-01;;;https://www.thegioididong.com/dong-ho-thong-minh/apple-watch-ultra-3-gps-cellular-49mm-vien-titanium-day-alpine;Skipped
Apple Watch Series 11 GPS 46mm viền nhôm dây thể thao;Đen bóng;Yes;12350000;10090000;2026-02-01;;;https://www.thegioididong.com/dong-ho-thong-minh/apple-watch-series-11-42mm-vien-nhom-day-the-thao;Skipped
Apple Watch Series 11 GPS + Cellular 42m viền Titanium dây thể thao;42mm;Yes;20990000;18690000;2026-02-01;;;https://www.thegioididong.com/dong-ho-thong-minh/apple-watch-series-11-gps-cellular-42m-vien-titanium-day-the-thao;Skipped
Apple Watch Ultra 2 GPS + Cellular 49mm viền Titanium dây Ocean;Cam;No;0;0;2026-02-01;;;https://www.thegioididong.com/dong-ho-thong-minh/apple-watch-ultra-2-lte-49mm-vien-titanium-day-ocean;DEBUG_OOS_Apple Watch Ultra 2 GPS + Cellular 49mm viền Titanium dây Ocean_Cam_080530.png
Apple Watch Series 11 GPS + Cellular 42mm viền Titanium dây Milan;42mm;Yes;22490000;20190000;2026-02-01;;;https://www.thegioididong.com/dong-ho-thong-minh/apple-watch-series-11-gps-cellular-42mm-vien-titanium-day-milan;Skipped
Apple Watch Series 11 GPS + Cellular 46mm viền Titanium dây thể thao;46mm;Yes;22490000;20190000;2026-02-01;;;https://www.thegioididong.com/dong-ho-thong-minh/apple-watch-series-11-gps-cellular-42m-vien-titanium-day-the-thao;Skipped
Apple Watch Ultra 3 GPS + Cellular 49mm viền Titanium dây Alpine;Titan đen;Yes;23990000;23490000;2026-02-01;;;https://www.thegioididong.com/dong-ho-thong-minh/apple-watch-ultra-3-gps-cellular-49mm-vien-titanium-day-alpine;Skipped
Apple Watch Series 11 GPS 42mm viền nhôm dây thể thao;42mm;Yes;11490000;9190000;2026-02-01;;;https://www.thegioididong.com/dong-ho-thong-minh/apple-watch-series-11-42mm-vien-nhom-day-the-thao;Skipped
Apple Watch Series 11 GPS + Cellular 46mm viền Titanium dây thể thao;Titan vàng;Yes;22490000;20190000;2026-02-01;;;https://www.thegioididong.com/dong-ho-thong-minh/apple-watch-series-11-gps-cellular-42m-vien-titanium-day-the-thao;Skipped
Apple Watch Series 11 GPS + Cellular 46mm viền Titanium dây Milan;46mm;Yes;23990000;21690000;2026-02-01;;;https://www.thegioididong.com/dong-ho-thong-minh/apple-watch-series-11-gps-cellular-42mm-vien-titanium-day-milan;Skipped
Apple Watch Ultra 2 GPS + Cellular 49mm viền Titanium dây Ocean;Trắng;No;0;0;2026-02-01;;;https://www.thegioididong.com/dong-ho-thong-minh/apple-watch-ultra-2-lte-49mm-vien-titanium-day-ocean;DEBUG_OOS_Apple Watch Ultra 2 GPS + Cellular 49mm viền Titanium dây Ocean_Trắng_080537.png
Apple Watch Series 11 GPS + Cellular 46mm viền Titanium dây Milan;Titan xám;Yes;23990000;21690000;2026-02-01;;;https://www.thegioididong.com/dong-ho-thong-minh/apple-watch-series-11-gps-cellular-42mm-vien-titanium-day-milan;Skipped
Apple Watch Series 11 GPS 46mm viền nhôm dây thể thao;46mm;Yes;12350000;10090000;2026-02-01;;;https://www.thegioididong.com/dong-ho-thong-minh/apple-watch-series-11-42mm-vien-nhom-day-the-thao;Skipped
Apple Watch Ultra 3 GPS + Cellular 49mm viền Titanium dây Alpine;Titan tự nhiên;Yes;23990000;23490000;2026-02-01;;;https://www.thegioididong.com/dong-ho-thong-minh/apple-watch-ultra-3-gps-cellular-49mm-vien-titanium-day-alpine;Skipped
Apple Watch Series 11 GPS + Cellular 46mm viền Titanium dây thể thao;Titan tự nhiên;Yes;22490000;20190000;2026-02-01;;;https://www.thegioididong.com/dong-ho-thong-minh/apple-watch-series-11-gps-cellular-42m-vien-titanium-day-the-thao;Skipped
Apple Watch Series 11 GPS 46mm viền nhôm dây thể thao;Xám;Yes;12350000;10090000;2026-02-01;;;https://www.thegioididong.com/dong-ho-thong-minh/apple-watch-series-11-42mm-vien-nhom-day-the-thao;Skipped
Apple Watch Series 11 GPS + Cellular 46mm viền Titanium dây Milan;Titan vàng;Yes;23990000;21690000;2026-02-01;;;https://www.thegioididong.com/dong-ho-thong-minh/apple-watch-series-11-gps-cellular-42mm-vien-titanium-day-milan;Skipped
Apple Watch Ultra 3 GPS + Cellular 49mm viền Titanium dây Milan;Default/Unknown;Yes;26990000;26490000;2026-02-01;;;https://www.thegioididong.com/dong-ho-thong-minh/apple-watch-ultra-3-gps-cellular-49mm-vien-titanium-day-milan;Skipped
Apple Watch Series 11 GPS + Cellular 46mm viền Titanium dây thể thao;Titan xám;Yes;22490000;20190000;2026-02-01;;;https://www.thegioididong.com/dong-ho-thong-minh/apple-watch-series-11-gps-cellular-42m-vien-titanium-day-the-thao;Skipped
Apple Watch Series 11 GPS 46mm viền nhôm dây thể thao;Bạc;Yes;12350000;10090000;2026-02-01;;;https://www.thegioididong.com/dong-ho-thong-minh/apple-watch-series-11-42mm-vien-nhom-day-the-thao;Skipped
Apple Watch Series 11 GPS + Cellular 46mm viền Titanium dây Milan;Titan tự nhiên;Yes;23990000;21690000;2026-02-01;;;https://www.thegioididong.com/dong-ho-thong-minh/apple-watch-series-11-gps-cellular-42mm-vien-titanium-day-milan;Skipped
Apple Watch Ultra 2 GPS + Cellular 49mm viền Titanium dây Ocean;Titan tự nhiên;No;0;0;2026-02-01;;;https://www.thegioididong.com/dong-ho-thong-minh/apple-watch-ultra-2-lte-49mm-vien-titanium-day-ocean;DEBUG_OOS_Apple Watch Ultra 2 GPS + Cellular 49mm viền Titanium dây Ocean_Titan tự nhiên_080543.png
Apple Watch Ultra 3 GPS + Cellular 49mm viền Titanium dây Ocean;Default/Unknown;Yes;23990000;23490000;2026-02-01;;;https://www.thegioididong.com/dong-ho-thong-minh/apple-watch-ultra-3-gps-cellular-49mm-vien-titanium-day-ocean;Skipped
Apple Watch Ultra 3 GPS + Cellular 49mm viền Titanium dây Trail;Default/Unknown;Yes;23990000;23490000;2026-02-01;;;https://www.thegioididong.com/dong-ho-thong-minh/apple-watch-ultra-3-gps-cellular-49mm-vien-titanium-day-trail;Skipped
Apple Watch Series 11 GPS 46mm viền nhôm dây thể thao;Vàng Hồng;Yes;12350000;10090000;2026-02-01;;;https://www.thegioididong.com/dong-ho-thong-minh/apple-watch-series-11-42mm-vien-nhom-day-the-thao;Skipped
Apple Watch Series 11 GPS 46mm viền nhôm dây thể thao;Đen bóng;Yes;12350000;10090000;2026-02-01;;;https://www.thegioididong.com/dong-ho-thong-minh/apple-watch-series-11-42mm-vien-nhom-day-the-thao;Skipped
Apple Watch Ultra 2 GPS + Cellular 49mm viền Titanium dây Ocean;Xanh Dương;No;0;0;2026-02-01;;;https://www.thegioididong.com/dong-ho-thong-minh/apple-watch-ultra-2-lte-49mm-vien-titanium-day-ocean;DEBUG_OOS_Apple Watch Ultra 2 GPS + Cellular 49mm viền Titanium dây Ocean_Xanh Dương_080552.png
iPhone 13 128GB;Đen;Yes;13990000;12490000;2026-02-01;"Khuyến mãi

Giá và khuyến mãi dự kiến áp dụng đến 23:59 | 01/02
1

Tặng phiếu mua hàng Apple Watch trị giá 1,000,000đ

2

Tặng phiếu mua hàng Macbook trị giá 1,000,000đ

3

Phiếu mua hàng Airpods trị giá 500.000đ

4

Tặng Phiếu mua hàng mua sạc dự phòng (trừ AVA+, Hydrus); đồng hồ thông minh (trừ Apple); Tai nghe bluetooth và Loa bluetooth các hãng JBL, Marshall,Harman Kardon; Ốp lưng (trừ Apple) trị giá 100.000đ

5

Phiếu mua hàng mua Sim data 500GB 1 tháng trị giá 100,000đ Xem chi tiết

6

Thu cũ đổi mới: Giảm đến 2,000,000đ (Không kèm ưu đãi thanh toán qua cổng, mua kèm) Xem chi tiết";"Ưu đãi thanh toán Online (Click chọn để áp dụng)
 Giảm 250.000đ -
Xem chi tiết
Áp dụng sản phẩm từ 5.000.000đ trở lên.";https://www.thegioididong.com/dtdd/iphone-13;Skipped
iPhone 14 128GB;Xanh Dương;Yes;16990000;13990000;2026-02-01;"Khuyến mãi

Giá và khuyến mãi dự kiến áp dụng đến 23:59 | 01/02
1

Tặng phiếu mua hàng Apple Watch trị giá 1,000,000đ

2

Tặng phiếu mua hàng Macbook trị giá 1,000,000đ

3

Phiếu mua hàng Airpods trị giá 500.000đ

4

Tặng Phiếu mua hàng mua sạc dự phòng (trừ AVA+, Hydrus); đồng hồ thông minh (trừ Apple); Tai nghe bluetooth và Loa bluetooth các hãng JBL, Marshall,Harman Kardon; Ốp lưng (trừ Apple) trị giá 100.000đ

5

Phiếu mua hàng mua Sim data 500GB 1 tháng trị giá 100,000đ Xem chi tiết

6

Thu cũ đổi mới: Giảm đến 2,000,000đ (Không kèm ưu đãi thanh toán qua cổng, mua kèm) Xem chi tiết";"Ưu đãi thanh toán Online (Click chọn để áp dụng)
 Giảm 250.000đ -
Xem chi tiết
Áp dụng sản phẩm từ 5.000.000đ trở lên.";https://www.thegioididong.com/dtdd/iphone-14;Skipped
iPhone 15 128GB;Xanh dương nhạt;Yes;18990000;16990000;2026-02-01;"Khuyến mãi

Giá và khuyến mãi dự kiến áp dụng đến 23:59 | 28/02
1

Tặng phiếu mua hàng Apple Watch trị giá 1,000,000đ

2

Tặng phiếu mua hàng Macbook trị giá 1,000,000đ

3

Phiếu mua hàng Airpods trị giá 500.000đ

4

Tặng Phiếu mua hàng mua sạc dự phòng (trừ AVA+, Hydrus); đồng hồ thông minh (trừ Apple); Tai nghe bluetooth và Loa bluetooth các hãng JBL, Marshall,Harman Kardon; Ốp lưng (trừ Apple) trị giá 100.000đ

5

Phiếu mua hàng mua Sim data 500GB 1 tháng trị giá 100,000đ Xem chi tiết

6

Thu cũ đổi mới: Giảm đến 2,000,000đ (Không kèm ưu đãi thanh toán qua cổng, mua kèm) Xem chi tiết";"Ưu đãi thanh toán Online (Click chọn để áp dụng)
 Giảm 250.000đ -
Xem chi tiết
Áp dụng sản phẩm từ 5.000.000đ trở lên.";https://www.thegioididong.com/dtdd/iphone-15;Skipped
Apple Watch Series 11 GPS 42mm viền nhôm dây thể thao;42mm;Yes;11490000;9190000;2026-02-01;;;https://www.thegioididong.com/dong-ho-thong-minh/apple-watch-series-11-42mm-vien-nhom-day-the-thao;Skipped
Apple Watch Series 11 GPS 46mm viền nhôm dây thể thao;46mm;Yes;12350000;10090000;2026-02-01;;;https://www.thegioididong.com/dong-ho-thong-minh/apple-watch-series-11-42mm-vien-nhom-day-the-thao;Skipped
Apple Watch Ultra 2 GPS + Cellular 49mm viền Titanium dây Ocean;Cam;No;0;0;2026-02-01;;;https://www.thegioididong.com/dong-ho-thong-minh/apple-watch-ultra-2-lte-49mm-vien-titanium-day-ocean;DEBUG_OOS_Apple Watch Ultra 2 GPS + Cellular 49mm viền Titanium dây Ocean_Cam_080558.png
iPhone 13 128GB;Trắng;Yes;13990000;12490000;2026-02-01;"Khuyến mãi

Giá và khuyến mãi dự kiến áp dụng đến 23:59 | 01/02
1

Tặng phiếu mua hàng Apple Watch trị giá 1,000,000đ

2

Tặng phiếu mua hàng Macbook trị giá 1,000,000đ

3

Phiếu mua hàng Airpods trị giá 500.000đ

4

Tặng Phiếu mua hàng mua sạc dự phòng (trừ AVA+, Hydrus); đồng hồ thông minh (trừ Apple); Tai nghe bluetooth và Loa bluetooth các hãng JBL, Marshall,Harman Kardon; Ốp lưng (trừ Apple) trị giá 100.000đ

5

Phiếu mua hàng mua Sim data 500GB 1 tháng trị giá 100,000đ Xem chi tiết

6

Thu cũ đổi mới: Giảm đến 2,000,000đ (Không kèm ưu đãi thanh toán qua cổng, mua kèm) Xem chi tiết";"Ưu đãi thanh toán Online (Click chọn để áp dụng)
 Giảm 250.000đ -
Xem chi tiết
Áp dụng sản phẩm từ 5.000.000đ trở lên.";https://www.thegioididong.com/dtdd/iphone-13;Skipped
iPhone 14 128GB;Trắng;Yes;16990000;13990000;2026-02-01;"Khuyến mãi

Giá và khuyến mãi dự kiến áp dụng đến 23:59 | 01/02
1

Tặng phiếu mua hàng Apple Watch trị giá 1,000,000đ

2

Tặng phiếu mua hàng Macbook trị giá 1,000,000đ

3

Phiếu mua hàng Airpods trị giá 500.000đ

4

Tặng Phiếu mua hàng mua sạc dự phòng (trừ AVA+, Hydrus); đồng hồ thông minh (trừ Apple); Tai nghe bluetooth và Loa bluetooth các hãng JBL, Marshall,Harman Kardon; Ốp lưng (trừ Apple) trị giá 100.000đ

5

Phiếu mua hàng mua Sim data 500GB 1 tháng trị giá 100,000đ Xem chi tiết

6

Thu cũ đổi mới: Giảm đến 2,000,000đ (Không kèm ưu đãi thanh toán qua cổng, mua kèm) Xem chi tiết";"Ưu đãi thanh toán Online (Click chọn để áp dụng)
 Giảm 250.000đ -
Xem chi tiết
Áp dụng sản phẩm từ 5.000.000đ trở lên.";https://www.thegioididong.com/dtdd/iphone-14;Skipped
Apple Watch Series 11 GPS 46mm viền nhôm dây thể thao;Xám;Yes;12350000;10090000;2026-02-01;;;https://www.thegioididong.com/dong-ho-thong-minh/apple-watch-series-11-42mm-vien-nhom-day-the-thao;Skipped
iPhone 15 128GB;Xanh lá nhạt;Yes;18990000;16990000;2026-02-01;"Khuyến mãi

Giá và khuyến mãi dự kiến áp dụng đến 23:59 | 28/02
1

Tặng phiếu mua hàng Apple Watch trị giá 1,000,000đ

2

Tặng phiếu mua hàng Macbook trị giá 1,000,000đ

3

Phiếu mua hàng Airpods trị giá 500.000đ

4

Tặng Phiếu mua hàng mua sạc dự phòng (trừ AVA+, Hydrus); đồng hồ thông minh (trừ Apple); Tai nghe bluetooth và Loa bluetooth các hãng JBL, Marshall,Harman Kardon; Ốp lưng (trừ Apple) trị giá 100.000đ

5

Phiếu mua hàng mua Sim data 500GB 1 tháng trị giá 100,000đ Xem chi tiết

6

Thu cũ đổi mới: Giảm đến 2,000,000đ (Không kèm ưu đãi thanh toán qua cổng, mua kèm) Xem chi tiết";"Ưu đãi thanh toán Online (Click chọn để áp dụng)
 Giảm 250.000đ -
Xem chi tiết
Áp dụng sản phẩm từ 5.000.000đ trở lên.";https://www.thegioididong.com/dtdd/iphone-15;Skipped
Apple Watch Series 11 GPS 46mm viền nhôm dây thể thao;Bạc;Yes;12350000;10090000;2026-02-01;;;https://www.thegioididong.com/dong-ho-thong-minh/apple-watch-series-11-42mm-vien-nhom-day-the-thao;Skipped
Apple Watch Ultra 2 GPS + Cellular 49mm viền Titanium dây Ocean;Trắng;No;0;0;2026-02-01;;;https://www.thegioididong.com/dong-ho-thong-minh/apple-watch-ultra-2-lte-49mm-vien-titanium-day-ocean;DEBUG_OOS_Apple Watch Ultra 2 GPS + Cellular 49mm viền Titanium dây Ocean_Trắng_080604.png
iPhone 14 128GB;Đen;Yes;16990000;13990000;2026-02-01;"Khuyến mãi

Giá và khuyến mãi dự kiến áp dụng đến 23:59 | 01/02
1

Tặng phiếu mua hàng Apple Watch trị giá 1,000,000đ

2

Tặng phiếu mua hàng Macbook trị giá 1,000,000đ

3

Phiếu mua hàng Airpods trị giá 500.000đ

4

Tặng Phiếu mua hàng mua sạc dự phòng (trừ AVA+, Hydrus); đồng hồ thông minh (trừ Apple); Tai nghe bluetooth và Loa bluetooth các hãng JBL, Marshall,Harman Kardon; Ốp lưng (trừ Apple) trị giá 100.000đ

5

Phiếu mua hàng mua Sim data 500GB 1 tháng trị giá 100,000đ Xem chi tiết

6

Thu cũ đổi mới: Giảm đến 2,000,000đ (Không kèm ưu đãi thanh toán qua cổng, mua kèm) Xem chi tiết";"Ưu đãi thanh toán Online (Click chọn để áp dụng)
 Giảm 250.000đ -
Xem chi tiết
Áp dụng sản phẩm từ 5.000.000đ trở lên.";https://www.thegioididong.com/dtdd/iphone-14;Skipped
Apple Watch Series 11 GPS 46mm viền nhôm dây thể thao;Vàng Hồng;Yes;12350000;10090000;2026-02-01;;;https://www.thegioididong.com/dong-ho-thong-minh/apple-watch-series-11-42mm-vien-nhom-day-the-thao;Skipped
iPhone 15 128GB;Hồng nhạt;Yes;18990000;16990000;2026-02-01;"Khuyến mãi

Giá và khuyến mãi dự kiến áp dụng đến 23:59 | 28/02
1

Tặng phiếu mua hàng Apple Watch trị giá 1,000,000đ

2

Tặng phiếu mua hàng Macbook trị giá 1,000,000đ

3

Phiếu mua hàng Airpods trị giá 500.000đ

4

Tặng Phiếu mua hàng mua sạc dự phòng (trừ AVA+, Hydrus); đồng hồ thông minh (trừ Apple); Tai nghe bluetooth và Loa bluetooth các hãng JBL, Marshall,Harman Kardon; Ốp lưng (trừ Apple) trị giá 100.000đ

5

Phiếu mua hàng mua Sim data 500GB 1 tháng trị giá 100,000đ Xem chi tiết

6

Thu cũ đổi mới: Giảm đến 2,000,000đ (Không kèm ưu đãi thanh toán qua cổng, mua kèm) Xem chi tiết";"Ưu đãi thanh toán Online (Click chọn để áp dụng)
 Giảm 250.000đ -
Xem chi tiết
Áp dụng sản phẩm từ 5.000.000đ trở lên.";https://www.thegioididong.com/dtdd/iphone-15;Skipped
iPhone 13 128GB;Đen;Yes;13990000;12490000;2026-02-01;"Khuyến mãi

Giá và khuyến mãi dự kiến áp dụng đến 23:59 | 01/02
1

Tặng phiếu mua hàng Apple Watch trị giá 1,000,000đ

2

Tặng phiếu mua hàng Macbook trị giá 1,000,000đ

3

Phiếu mua hàng Airpods trị giá 500.000đ

4

Tặng Phiếu mua hàng mua sạc dự phòng (trừ AVA+, Hydrus); đồng hồ thông minh (trừ Apple); Tai nghe bluetooth và Loa bluetooth các hãng JBL, Marshall,Harman Kardon; Ốp lưng (trừ Apple) trị giá 100.000đ

5

Phiếu mua hàng mua Sim data 500GB 1 tháng trị giá 100,000đ Xem chi tiết

6

Thu cũ đổi mới: Giảm đến 2,000,000đ (Không kèm ưu đãi thanh toán qua cổng, mua kèm) Xem chi tiết";"Ưu đãi thanh toán Online (Click chọn để áp dụng)
 Giảm 250.000đ -
Xem chi tiết
Áp dụng sản phẩm từ 5.000.000đ trở lên.";https://www.thegioididong.com/dtdd/iphone-13;Skipped
Apple Watch Series 11 GPS 46mm viền nhôm dây thể thao;Đen bóng;Yes;12350000;10090000;2026-02-01;;;https://www.thegioididong.com/dong-ho-thong-minh/apple-watch-series-11-42mm-vien-nhom-day-the-thao;Skipped
Apple Watch Ultra 2 GPS + Cellular 49mm viền Titanium dây Ocean;Titan tự nhiên;No;0;0;2026-02-01;;;https://www.thegioididong.com/dong-ho-thong-minh/apple-watch-ultra-2-lte-49mm-vien-titanium-day-ocean;DEBUG_OOS_Apple Watch Ultra 2 GPS + Cellular 49mm viền Titanium dây Ocean_Titan tự nhiên_080611.png
iPhone 13 128GB;Trắng;Yes;13990000;12490000;2026-02-01;"Khuyến mãi

Giá và khuyến mãi dự kiến áp dụng đến 23:59 | 01/02
1

Tặng phiếu mua hàng Apple Watch trị giá 1,000,000đ

2

Tặng phiếu mua hàng Macbook trị giá 1,000,000đ

3

Phiếu mua hàng Airpods trị giá 500.000đ

4

Tặng Phiếu mua hàng mua sạc dự phòng (trừ AVA+, Hydrus); đồng hồ thông minh (trừ Apple); Tai nghe bluetooth và Loa bluetooth các hãng JBL, Marshall,Harman Kardon; Ốp lưng (trừ Apple) trị giá 100.000đ

5

Phiếu mua hàng mua Sim data 500GB 1 tháng trị giá 100,000đ Xem chi tiết

6

Thu cũ đổi mới: Giảm đến 2,000,000đ (Không kèm ưu đãi thanh toán qua cổng, mua kèm) Xem chi tiết";"Ưu đãi thanh toán Online (Click chọn để áp dụng)
 Giảm 250.000đ -
Xem chi tiết
Áp dụng sản phẩm từ 5.000.000đ trở lên.";https://www.thegioididong.com/dtdd/iphone-13;Skipped
iPhone 15 128GB;Đen;Yes;18990000;16990000;2026-02-01;"Khuyến mãi

Giá và khuyến mãi dự kiến áp dụng đến 23:59 | 28/02
1

Tặng phiếu mua hàng Apple Watch trị giá 1,000,000đ

2

Tặng phiếu mua hàng Macbook trị giá 1,000,000đ

3

Phiếu mua hàng Airpods trị giá 500.000đ

4

Tặng Phiếu mua hàng mua sạc dự phòng (trừ AVA+, Hydrus); đồng hồ thông minh (trừ Apple); Tai nghe bluetooth và Loa bluetooth các hãng JBL, Marshall,Harman Kardon; Ốp lưng (trừ Apple) trị giá 100.000đ

5

Phiếu mua hàng mua Sim data 500GB 1 tháng trị giá 100,000đ Xem chi tiết

6

Thu cũ đổi mới: Giảm đến 2,000,000đ (Không kèm ưu đãi thanh toán qua cổng, mua kèm) Xem chi tiết";"Ưu đãi thanh toán Online (Click chọn để áp dụng)
 Giảm 250.000đ -
Xem chi tiết
Áp dụng sản phẩm từ 5.000.000đ trở lên.";https://www.thegioididong.com/dtdd/iphone-15;Skipped
iPhone 14 256GB;Xanh Dương;Yes;19990000;16990000;2026-02-01;"Khuyến mãi

Giá và khuyến mãi dự kiến áp dụng đến 23:59 | 28/02
1

Tặng phiếu mua hàng Apple Watch trị giá 1,000,000đ

2

Tặng phiếu mua hàng Macbook trị giá 1,000,000đ

3

Phiếu mua hàng Airpods trị giá 500.000đ

4

Tặng Phiếu mua hàng mua sạc dự phòng (trừ AVA+, Hydrus); đồng hồ thông minh (trừ Apple); Tai nghe bluetooth và Loa bluetooth các hãng JBL, Marshall,Harman Kardon; Ốp lưng (trừ Apple) trị giá 100.000đ

5

Phiếu mua hàng mua Sim data 500GB 1 tháng trị giá 100,000đ Xem chi tiết

6

Thu cũ đổi mới: Giảm đến 2,000,000đ (Không kèm ưu đãi thanh toán qua cổng, mua kèm) Xem chi tiết";"Ưu đãi thanh toán Online (Click chọn để áp dụng)
 Giảm 250.000đ -
Xem chi tiết
Áp dụng sản phẩm từ 5.000.000đ trở lên.";https://www.thegioididong.com/dtdd/iphone-14;Skipped
iPhone 15 128GB;Vàng nhạt;No;18990000;16990000;2026-02-01;"Khuyến mãi

Giá và khuyến mãi dự kiến áp dụng đến 23:59 | 28/02
1

Tặng phiếu mua hàng Apple Watch trị giá 1,000,000đ

2

Tặng phiếu mua hàng Macbook trị giá 1,000,000đ

3

Phiếu mua hàng Airpods trị giá 500.000đ

4

Tặng Phiếu mua hàng mua sạc dự phòng (trừ AVA+, Hydrus); đồng hồ thông minh (trừ Apple); Tai nghe bluetooth và Loa bluetooth các hãng JBL, Marshall,Harman Kardon; Ốp lưng (trừ Apple) trị giá 100.000đ

5

Phiếu mua hàng mua Sim data 500GB 1 tháng trị giá 100,000đ Xem chi tiết

6

Thu cũ đổi mới: Giảm đến 2,000,000đ (Không kèm ưu đãi thanh toán qua cổng, mua kèm) Xem chi tiết";;https://www.thegioididong.com/dtdd/iphone-15;DEBUG_OOS_iPhone 15 128GB_Vàng nhạt_080617.png
iPhone 15 Plus 128GB;Đen;Yes;21990000;18990000;2026-02-01;"Khuyến mãi

Giá và khuyến mãi dự kiến áp dụng đến 23:59 | 28/02
1

Tặng phiếu mua hàng Apple Watch trị giá 1,000,000đ

2

Tặng phiếu mua hàng Macbook trị giá 1,000,000đ

3

Phiếu mua hàng Airpods trị giá 500.000đ

4

Tặng Phiếu mua hàng mua sạc dự phòng (trừ AVA+, Hydrus); đồng hồ thông minh (trừ Apple); Tai nghe bluetooth và Loa bluetooth các hãng JBL, Marshall,Harman Kardon; Ốp lưng (trừ Apple) trị giá 100.000đ

5

Phiếu mua hàng mua Sim data 500GB 1 tháng trị giá 100,000đ Xem chi tiết

6

Thu cũ đổi mới: Giảm đến 2,000,000đ (Không kèm ưu đãi thanh toán qua cổng, mua kèm) Xem chi tiết";"Ưu đãi thanh toán Online (Click chọn để áp dụng)
 Giảm 250.000đ -
Xem chi tiết
Áp dụng sản phẩm từ 5.000.000đ trở lên.";https://www.thegioididong.com/dtdd/iphone-15-plus;Skipped
Apple Watch Ultra 2 GPS + Cellular 49mm viền Titanium dây Ocean;Xanh Dương;No;0;0;2026-02-01;;;https://www.thegioididong.com/dong-ho-thong-minh/apple-watch-ultra-2-lte-49mm-vien-titanium-day-ocean;DEBUG_OOS_Apple Watch Ultra 2 GPS + Cellular 49mm viền Titanium dây Ocean_Xanh Dương_080619.png
iPhone 14 256GB;Trắng;Yes;19990000;16990000;2026-02-01;"Khuyến mãi

Giá và khuyến mãi dự kiến áp dụng đến 23:59 | 28/02
1

Tặng phiếu mua hàng Apple Watch trị giá 1,000,000đ

2

Tặng phiếu mua hàng Macbook trị giá 1,000,000đ

3

Phiếu mua hàng Airpods trị giá 500.000đ

4

Tặng Phiếu mua hàng mua sạc dự phòng (trừ AVA+, Hydrus); đồng hồ thông minh (trừ Apple); Tai nghe bluetooth và Loa bluetooth các hãng JBL, Marshall,Harman Kardon; Ốp lưng (trừ Apple) trị giá 100.000đ

5

Phiếu mua hàng mua Sim data 500GB 1 tháng trị giá 100,000đ Xem chi tiết

6

Thu cũ đổi mới: Giảm đến 2,000,000đ (Không kèm ưu đãi thanh toán qua cổng, mua kèm) Xem chi tiết";"Ưu đãi thanh toán Online (Click chọn để áp dụng)
 Giảm 250.000đ -
Xem chi tiết
Áp dụng sản phẩm từ 5.000.000đ trở lên.";https://www.thegioididong.com/dtdd/iphone-14;Skipped
iPhone 16 128GB;Xanh Lưu Ly;Yes;21990000;19990000;2026-02-01;"Khuyến mãi

Giá và khuyến mãi dự kiến áp dụng đến 23:59 | 28/02
1

Tặng phiếu mua hàng Apple Watch trị giá 1,000,000đ

2

Tặng phiếu mua hàng Macbook trị giá 1,000,000đ

3

Phiếu mua hàng Airpods trị giá 500.000đ

4

Tặng Phiếu mua hàng mua sạc dự phòng (trừ AVA+, Hydrus); đồng hồ thông minh (trừ Apple); Tai nghe bluetooth và Loa bluetooth các hãng JBL, Marshall,Harman Kardon; Ốp lưng (trừ Apple) trị giá 100.000đ

5

Phiếu mua hàng mua Sim data 500GB 1 tháng trị giá 100,000đ Xem chi tiết

6

Thu cũ đổi mới: Giảm đến 2,000,000đ (Không kèm ưu đãi thanh toán qua cổng, mua kèm) Xem chi tiết";"Ưu đãi thanh toán Online (Click chọn để áp dụng)
 Giảm 250.000đ -
Xem chi tiết
Áp dụng sản phẩm từ 5.000.000đ trở lên.";https://www.thegioididong.com/dtdd/iphone-16;Skipped
iPhone 15 256GB;Hồng nhạt;Yes;21990000;19990000;2026-02-01;"Khuyến mãi

Giá và khuyến mãi dự kiến áp dụng đến 23:59 | 28/02
1

Tặng phiếu mua hàng Apple Watch trị giá 1,000,000đ

2

Tặng phiếu mua hàng Macbook trị giá 1,000,000đ

3

Phiếu mua hàng Airpods trị giá 500.000đ

4

Tặng Phiếu mua hàng mua sạc dự phòng (trừ AVA+, Hydrus); đồng hồ thông minh (trừ Apple); Tai nghe bluetooth và Loa bluetooth các hãng JBL, Marshall,Harman Kardon; Ốp lưng (trừ Apple) trị giá 100.000đ

5

Phiếu mua hàng mua Sim data 500GB 1 tháng trị giá 100,000đ Xem chi tiết

6

Thu cũ đổi mới: Giảm đến 2,000,000đ (Không kèm ưu đãi thanh toán qua cổng, mua kèm) Xem chi tiết";"Ưu đãi thanh toán Online (Click chọn để áp dụng)
 Giảm 250.000đ -
Xem chi tiết
Áp dụng sản phẩm từ 5.000.000đ trở lên.";https://www.thegioididong.com/dtdd/iphone-15;Skipped
iPhone 15 Plus 128GB;Xanh dương nhạt;Yes;21990000;19590000;2026-02-01;"Khuyến mãi

Giá và khuyến mãi dự kiến áp dụng đến 23:59 | 28/02
1

Tặng phiếu mua hàng Apple Watch trị giá 1,000,000đ

2

Tặng phiếu mua hàng Macbook trị giá 1,000,000đ

3

Phiếu mua hàng Airpods trị giá 500.000đ

4

Tặng Phiếu mua hàng mua sạc dự phòng (trừ AVA+, Hydrus); đồng hồ thông minh (trừ Apple); Tai nghe bluetooth và Loa bluetooth các hãng JBL, Marshall,Harman Kardon; Ốp lưng (trừ Apple) trị giá 100.000đ

5

Phiếu mua hàng mua Sim data 500GB 1 tháng trị giá 100,000đ Xem chi tiết

6

Thu cũ đổi mới: Giảm đến 2,000,000đ (Không kèm ưu đãi thanh toán qua cổng, mua kèm) Xem chi tiết";"Ưu đãi thanh toán Online (Click chọn để áp dụng)
 Giảm 250.000đ -
Xem chi tiết
Áp dụng sản phẩm từ 5.000.000đ trở lên.";https://www.thegioididong.com/dtdd/iphone-15-plus;Skipped
Apple Watch Ultra 2 GPS + Cellular 49mm viền Titanium dây Ocean;Cam;No;0;0;2026-02-01;;;https://www.thegioididong.com/dong-ho-thong-minh/apple-watch-ultra-2-lte-49mm-vien-titanium-day-ocean;DEBUG_OOS_Apple Watch Ultra 2 GPS + Cellular 49mm viền Titanium dây Ocean_Cam_080626.png
iPhone 14 256GB;Đen;Yes;19990000;16990000;2026-02-01;"Khuyến mãi

Giá và khuyến mãi dự kiến áp dụng đến 23:59 | 28/02
1

Tặng phiếu mua hàng Apple Watch trị giá 1,000,000đ

2

Tặng phiếu mua hàng Macbook trị giá 1,000,000đ

3

Phiếu mua hàng Airpods trị giá 500.000đ

4

Tặng Phiếu mua hàng mua sạc dự phòng (trừ AVA+, Hydrus); đồng hồ thông minh (trừ Apple); Tai nghe bluetooth và Loa bluetooth các hãng JBL, Marshall,Harman Kardon; Ốp lưng (trừ Apple) trị giá 100.000đ

5

Phiếu mua hàng mua Sim data 500GB 1 tháng trị giá 100,000đ Xem chi tiết

6

Thu cũ đổi mới: Giảm đến 2,000,000đ (Không kèm ưu đãi thanh toán qua cổng, mua kèm) Xem chi tiết";"Ưu đãi thanh toán Online (Click chọn để áp dụng)
 Giảm 250.000đ -
Xem chi tiết
Áp dụng sản phẩm từ 5.000.000đ trở lên.";https://www.thegioididong.com/dtdd/iphone-14;Skipped
iPhone 15 Plus 128GB;Hồng nhạt;No;21990000;19590000;2026-02-01;"Khuyến mãi

Giá và khuyến mãi dự kiến áp dụng đến 23:59 | 28/02
1

Tặng phiếu mua hàng Apple Watch trị giá 1,000,000đ

2

Tặng phiếu mua hàng Macbook trị giá 1,000,000đ

3

Phiếu mua hàng Airpods trị giá 500.000đ

4

Tặng Phiếu mua hàng mua sạc dự phòng (trừ AVA+, Hydrus); đồng hồ thông minh (trừ Apple); Tai nghe bluetooth và Loa bluetooth các hãng JBL, Marshall,Harman Kardon; Ốp lưng (trừ Apple) trị giá 100.000đ

5

Phiếu mua hàng mua Sim data 500GB 1 tháng trị giá 100,000đ Xem chi tiết

6

Thu cũ đổi mới: Giảm đến 2,000,000đ (Không kèm ưu đãi thanh toán qua cổng, mua kèm) Xem chi tiết";;https://www.thegioididong.com/dtdd/iphone-15-plus;DEBUG_OOS_iPhone 15 Plus 128GB_Hồng nhạt_080628.png
iPhone 16 128GB;Đen;Yes;21990000;19990000;2026-02-01;"Khuyến mãi

Giá và khuyến mãi dự kiến áp dụng đến 23:59 | 28/02
1

Tặng phiếu mua hàng Apple Watch trị giá 1,000,000đ

2

Tặng phiếu mua hàng Macbook trị giá 1,000,000đ

3

Phiếu mua hàng Airpods trị giá 500.000đ

4

Tặng Phiếu mua hàng mua sạc dự phòng (trừ AVA+, Hydrus); đồng hồ thông minh (trừ Apple); Tai nghe bluetooth và Loa bluetooth các hãng JBL, Marshall,Harman Kardon; Ốp lưng (trừ Apple) trị giá 100.000đ

5

Phiếu mua hàng mua Sim data 500GB 1 tháng trị giá 100,000đ Xem chi tiết

6

Thu cũ đổi mới: Giảm đến 2,000,000đ (Không kèm ưu đãi thanh toán qua cổng, mua kèm) Xem chi tiết";"Ưu đãi thanh toán Online (Click chọn để áp dụng)
 Giảm 250.000đ -
Xem chi tiết
Áp dụng sản phẩm từ 5.000.000đ trở lên.";https://www.thegioididong.com/dtdd/iphone-16;Skipped
iPhone 15 256GB;Xanh dương nhạt;Yes;21990000;19990000;2026-02-01;"Khuyến mãi

Giá và khuyến mãi dự kiến áp dụng đến 23:59 | 28/02
1

Tặng phiếu mua hàng Apple Watch trị giá 1,000,000đ

2

Tặng phiếu mua hàng Macbook trị giá 1,000,000đ

3

Phiếu mua hàng Airpods trị giá 500.000đ

4

Tặng Phiếu mua hàng mua sạc dự phòng (trừ AVA+, Hydrus); đồng hồ thông minh (trừ Apple); Tai nghe bluetooth và Loa bluetooth các hãng JBL, Marshall,Harman Kardon; Ốp lưng (trừ Apple) trị giá 100.000đ

5

Phiếu mua hàng mua Sim data 500GB 1 tháng trị giá 100,000đ Xem chi tiết

6

Thu cũ đổi mới: Giảm đến 2,000,000đ (Không kèm ưu đãi thanh toán qua cổng, mua kèm) Xem chi tiết";"Ưu đãi thanh toán Online (Click chọn để áp dụng)
 Giảm 250.000đ -
Xem chi tiết
Áp dụng sản phẩm từ 5.000.000đ trở lên.";https://www.thegioididong.com/dtdd/iphone-15;Skipped
Apple Watch Ultra 2 GPS + Cellular 49mm viền Titanium dây Ocean;Trắng;No;0;0;2026-02-01;;;https://www.thegioididong.com/dong-ho-thong-minh/apple-watch-ultra-2-lte-49mm-vien-titanium-day-ocean;DEBUG_OOS_Apple Watch Ultra 2 GPS + Cellular 49mm viền Titanium dây Ocean_Trắng_080632.png
iPhone 14 256GB;Xanh Dương;Yes;19990000;16990000;2026-02-01;"Khuyến mãi

Giá và khuyến mãi dự kiến áp dụng đến 23:59 | 28/02
1

Tặng phiếu mua hàng Apple Watch trị giá 1,000,000đ

2

Tặng phiếu mua hàng Macbook trị giá 1,000,000đ

3

Phiếu mua hàng Airpods trị giá 500.000đ

4

Tặng Phiếu mua hàng mua sạc dự phòng (trừ AVA+, Hydrus); đồng hồ thông minh (trừ Apple); Tai nghe bluetooth và Loa bluetooth các hãng JBL, Marshall,Harman Kardon; Ốp lưng (trừ Apple) trị giá 100.000đ

5

Phiếu mua hàng mua Sim data 500GB 1 tháng trị giá 100,000đ Xem chi tiết

6

Thu cũ đổi mới: Giảm đến 2,000,000đ (Không kèm ưu đãi thanh toán qua cổng, mua kèm) Xem chi tiết";"Ưu đãi thanh toán Online (Click chọn để áp dụng)
 Giảm 250.000đ -
Xem chi tiết
Áp dụng sản phẩm từ 5.000.000đ trở lên.";https://www.thegioididong.com/dtdd/iphone-14;Skipped
iPhone 15 Plus 128GB;Xanh lá nhạt;Yes;21990000;19590000;2026-02-01;"Khuyến mãi

Giá và khuyến mãi dự kiến áp dụng đến 23:59 | 28/02
1

Tặng phiếu mua hàng Apple Watch trị giá 1,000,000đ

2

Tặng phiếu mua hàng Macbook trị giá 1,000,000đ

3

Phiếu mua hàng Airpods trị giá 500.000đ

4

Tặng Phiếu mua hàng mua sạc dự phòng (trừ AVA+, Hydrus); đồng hồ thông minh (trừ Apple); Tai nghe bluetooth và Loa bluetooth các hãng JBL, Marshall,Harman Kardon; Ốp lưng (trừ Apple) trị giá 100.000đ

5

Phiếu mua hàng mua Sim data 500GB 1 tháng trị giá 100,000đ Xem chi tiết

6

Thu cũ đổi mới: Giảm đến 2,000,000đ (Không kèm ưu đãi thanh toán qua cổng, mua kèm) Xem chi tiết";"Ưu đãi thanh toán Online (Click chọn để áp dụng)
 Giảm 250.000đ -
Xem chi tiết
Áp dụng sản phẩm từ 5.000.000đ trở lên.";https://www.thegioididong.com/dtdd/iphone-15-plus;Skipped
iPhone 16 128GB;Hồng;Yes;21990000;19990000;2026-02-01;"Khuyến mãi

Giá và khuyến mãi dự kiến áp dụng đến 23:59 | 28/02
1

Tặng phiếu mua hàng Apple Watch trị giá 1,000,000đ

2

Tặng phiếu mua hàng Macbook trị giá 1,000,000đ

3

Phiếu mua hàng Airpods trị giá 500.000đ

4

Tặng Phiếu mua hàng mua sạc dự phòng (trừ AVA+, Hydrus); đồng hồ thông minh (trừ Apple); Tai nghe bluetooth và Loa bluetooth các hãng JBL, Marshall,Harman Kardon; Ốp lưng (trừ Apple) trị giá 100.000đ

5

Phiếu mua hàng mua Sim data 500GB 1 tháng trị giá 100,000đ Xem chi tiết

6

Thu cũ đổi mới: Giảm đến 2,000,000đ (Không kèm ưu đãi thanh toán qua cổng, mua kèm) Xem chi tiết";"Ưu đãi thanh toán Online (Click chọn để áp dụng)
 Giảm 250.000đ -
Xem chi tiết
Áp dụng sản phẩm từ 5.000.000đ trở lên.";https://www.thegioididong.com/dtdd/iphone-16;Skipped
iPhone 15 256GB;Đen;Yes;21990000;19990000;2026-02-01;"Khuyến mãi

Giá và khuyến mãi dự kiến áp dụng đến 23:59 | 28/02
1

Tặng phiếu mua hàng Apple Watch trị giá 1,000,000đ

2

Tặng phiếu mua hàng Macbook trị giá 1,000,000đ

3

Phiếu mua hàng Airpods trị giá 500.000đ

4

Tặng Phiếu mua hàng mua sạc dự phòng (trừ AVA+, Hydrus); đồng hồ thông minh (trừ Apple); Tai nghe bluetooth và Loa bluetooth các hãng JBL, Marshall,Harman Kardon; Ốp lưng (trừ Apple) trị giá 100.000đ

5

Phiếu mua hàng mua Sim data 500GB 1 tháng trị giá 100,000đ Xem chi tiết

6

Thu cũ đổi mới: Giảm đến 2,000,000đ (Không kèm ưu đãi thanh toán qua cổng, mua kèm) Xem chi tiết";"Ưu đãi thanh toán Online (Click chọn để áp dụng)
 Giảm 250.000đ -
Xem chi tiết
Áp dụng sản phẩm từ 5.000.000đ trở lên.";https://www.thegioididong.com/dtdd/iphone-15;Skipped
Apple Watch Ultra 2 GPS + Cellular 49mm viền Titanium dây Ocean;Titan tự nhiên;No;0;0;2026-02-01;;;https://www.thegioididong.com/dong-ho-thong-minh/apple-watch-ultra-2-lte-49mm-vien-titanium-day-ocean;DEBUG_OOS_Apple Watch Ultra 2 GPS + Cellular 49mm viền Titanium dây Ocean_Titan tự nhiên_080638.png
iPhone 14 256GB;Trắng;Yes;19990000;16990000;2026-02-01;"Khuyến mãi

Giá và khuyến mãi dự kiến áp dụng đến 23:59 | 28/02
1

Tặng phiếu mua hàng Apple Watch trị giá 1,000,000đ

2

Tặng phiếu mua hàng Macbook trị giá 1,000,000đ

3

Phiếu mua hàng Airpods trị giá 500.000đ

4

Tặng Phiếu mua hàng mua sạc dự phòng (trừ AVA+, Hydrus); đồng hồ thông minh (trừ Apple); Tai nghe bluetooth và Loa bluetooth các hãng JBL, Marshall,Harman Kardon; Ốp lưng (trừ Apple) trị giá 100.000đ

5

Phiếu mua hàng mua Sim data 500GB 1 tháng trị giá 100,000đ Xem chi tiết

6

Thu cũ đổi mới: Giảm đến 2,000,000đ (Không kèm ưu đãi thanh toán qua cổng, mua kèm) Xem chi tiết";"Ưu đãi thanh toán Online (Click chọn để áp dụng)
 Giảm 250.000đ -
Xem chi tiết
Áp dụng sản phẩm từ 5.000.000đ trở lên.";https://www.thegioididong.com/dtdd/iphone-14;Skipped
iPhone 15 Plus 128GB;Vàng nhạt;Yes;21990000;19590000;2026-02-01;"Khuyến mãi

Giá và khuyến mãi dự kiến áp dụng đến 23:59 | 28/02
1

Tặng phiếu mua hàng Apple Watch trị giá 1,000,000đ

2

Tặng phiếu mua hàng Macbook trị giá 1,000,000đ

3

Phiếu mua hàng Airpods trị giá 500.000đ

4

Tặng Phiếu mua hàng mua sạc dự phòng (trừ AVA+, Hydrus); đồng hồ thông minh (trừ Apple); Tai nghe bluetooth và Loa bluetooth các hãng JBL, Marshall,Harman Kardon; Ốp lưng (trừ Apple) trị giá 100.000đ

5

Phiếu mua hàng mua Sim data 500GB 1 tháng trị giá 100,000đ Xem chi tiết

6

Thu cũ đổi mới: Giảm đến 2,000,000đ (Không kèm ưu đãi thanh toán qua cổng, mua kèm) Xem chi tiết";"Ưu đãi thanh toán Online (Click chọn để áp dụng)
 Giảm 250.000đ -
Xem chi tiết
Áp dụng sản phẩm từ 5.000.000đ trở lên.";https://www.thegioididong.com/dtdd/iphone-15-plus;Skipped
iPhone 16 128GB;Xanh Mòng Két;Yes;21990000;19990000;2026-02-01;"Khuyến mãi

Giá và khuyến mãi dự kiến áp dụng đến 23:59 | 28/02
1

Tặng phiếu mua hàng Apple Watch trị giá 1,000,000đ

2

Tặng phiếu mua hàng Macbook trị giá 1,000,000đ

3

Phiếu mua hàng Airpods trị giá 500.000đ

4

Tặng Phiếu mua hàng mua sạc dự phòng (trừ AVA+, Hydrus); đồng hồ thông minh (trừ Apple); Tai nghe bluetooth và Loa bluetooth các hãng JBL, Marshall,Harman Kardon; Ốp lưng (trừ Apple) trị giá 100.000đ

5

Phiếu mua hàng mua Sim data 500GB 1 tháng trị giá 100,000đ Xem chi tiết

6

Thu cũ đổi mới: Giảm đến 2,000,000đ (Không kèm ưu đãi thanh toán qua cổng, mua kèm) Xem chi tiết";"Ưu đãi thanh toán Online (Click chọn để áp dụng)
 Giảm 250.000đ -
Xem chi tiết
Áp dụng sản phẩm từ 5.000.000đ trở lên.";https://www.thegioididong.com/dtdd/iphone-16;Skipped
iPhone 15 256GB;Xanh lá nhạt;Yes;21990000;19990000;2026-02-01;"Khuyến mãi

Giá và khuyến mãi dự kiến áp dụng đến 23:59 | 28/02
1

Tặng phiếu mua hàng Apple Watch trị giá 1,000,000đ

2

Tặng phiếu mua hàng Macbook trị giá 1,000,000đ

3

Phiếu mua hàng Airpods trị giá 500.000đ

4

Tặng Phiếu mua hàng mua sạc dự phòng (trừ AVA+, Hydrus); đồng hồ thông minh (trừ Apple); Tai nghe bluetooth và Loa bluetooth các hãng JBL, Marshall,Harman Kardon; Ốp lưng (trừ Apple) trị giá 100.000đ

5

Phiếu mua hàng mua Sim data 500GB 1 tháng trị giá 100,000đ Xem chi tiết

6

Thu cũ đổi mới: Giảm đến 2,000,000đ (Không kèm ưu đãi thanh toán qua cổng, mua kèm) Xem chi tiết";"Ưu đãi thanh toán Online (Click chọn để áp dụng)
 Giảm 250.000đ -
Xem chi tiết
Áp dụng sản phẩm từ 5.000.000đ trở lên.";https://www.thegioididong.com/dtdd/iphone-15;Skipped
iPhone 14 256GB;Đen;Yes;19990000;16990000;2026-02-01;"Khuyến mãi

Giá và khuyến mãi dự kiến áp dụng đến 23:59 | 28/02
1

Tặng phiếu mua hàng Apple Watch trị giá 1,000,000đ

2

Tặng phiếu mua hàng Macbook trị giá 1,000,000đ

3

Phiếu mua hàng Airpods trị giá 500.000đ

4

Tặng Phiếu mua hàng mua sạc dự phòng (trừ AVA+, Hydrus); đồng hồ thông minh (trừ Apple); Tai nghe bluetooth và Loa bluetooth các hãng JBL, Marshall,Harman Kardon; Ốp lưng (trừ Apple) trị giá 100.000đ

5

Phiếu mua hàng mua Sim data 500GB 1 tháng trị giá 100,000đ Xem chi tiết

6

Thu cũ đổi mới: Giảm đến 2,000,000đ (Không kèm ưu đãi thanh toán qua cổng, mua kèm) Xem chi tiết";"Ưu đãi thanh toán Online (Click chọn để áp dụng)
 Giảm 250.000đ -
Xem chi tiết
Áp dụng sản phẩm từ 5.000.000đ trở lên.";https://www.thegioididong.com/dtdd/iphone-14;Skipped
Apple Watch Ultra 2 GPS + Cellular 49mm viền Titanium dây Ocean;Xanh Dương;No;0;0;2026-02-01;;;https://www.thegioididong.com/dong-ho-thong-minh/apple-watch-ultra-2-lte-49mm-vien-titanium-day-ocean;DEBUG_OOS_Apple Watch Ultra 2 GPS + Cellular 49mm viền Titanium dây Ocean_Xanh Dương_080647.png
iPhone 15 256GB;Vàng nhạt;No;21990000;19990000;2026-02-01;"Khuyến mãi

Giá và khuyến mãi dự kiến áp dụng đến 23:59 | 28/02
1

Tặng phiếu mua hàng Apple Watch trị giá 1,000,000đ

2

Tặng phiếu mua hàng Macbook trị giá 1,000,000đ

3

Phiếu mua hàng Airpods trị giá 500.000đ

4

Tặng Phiếu mua hàng mua sạc dự phòng (trừ AVA+, Hydrus); đồng hồ thông minh (trừ Apple); Tai nghe bluetooth và Loa bluetooth các hãng JBL, Marshall,Harman Kardon; Ốp lưng (trừ Apple) trị giá 100.000đ

5

Phiếu mua hàng mua Sim data 500GB 1 tháng trị giá 100,000đ Xem chi tiết

6

Thu cũ đổi mới: Giảm đến 2,000,000đ (Không kèm ưu đãi thanh toán qua cổng, mua kèm) Xem chi tiết";;https://www.thegioididong.com/dtdd/iphone-15;DEBUG_OOS_iPhone 15 256GB_Vàng nhạt_080647.png
iPhone 15 Plus 256GB;Đen;Yes;24990000;22590000;2026-02-01;"Khuyến mãi

Giá và khuyến mãi dự kiến áp dụng đến 23:59 | 28/02
1

Tặng phiếu mua hàng Apple Watch trị giá 1,000,000đ

2

Tặng phiếu mua hàng Macbook trị giá 1,000,000đ

3

Phiếu mua hàng Airpods trị giá 500.000đ

4

Tặng Phiếu mua hàng mua sạc dự phòng (trừ AVA+, Hydrus); đồng hồ thông minh (trừ Apple); Tai nghe bluetooth và Loa bluetooth các hãng JBL, Marshall,Harman Kardon; Ốp lưng (trừ Apple) trị giá 100.000đ

5

Phiếu mua hàng mua Sim data 500GB 1 tháng trị giá 100,000đ Xem chi tiết

6

Thu cũ đổi mới: Giảm đến 2,000,000đ (Không kèm ưu đãi thanh toán qua cổng, mua kèm) Xem chi tiết";"Ưu đãi thanh toán Online (Click chọn để áp dụng)
 Giảm 250.000đ -
Xem chi tiết
Áp dụng sản phẩm từ 5.000.000đ trở lên.";https://www.thegioididong.com/dtdd/iphone-15-plus;Skipped
iPhone 16 128GB;Trắng;Yes;21990000;19990000;2026-02-01;"Khuyến mãi

Giá và khuyến mãi dự kiến áp dụng đến 23:59 | 28/02
1

Tặng phiếu mua hàng Apple Watch trị giá 1,000,000đ

2

Tặng phiếu mua hàng Macbook trị giá 1,000,000đ

3

Phiếu mua hàng Airpods trị giá 500.000đ

4

Tặng Phiếu mua hàng mua sạc dự phòng (trừ AVA+, Hydrus); đồng hồ thông minh (trừ Apple); Tai nghe bluetooth và Loa bluetooth các hãng JBL, Marshall,Harman Kardon; Ốp lưng (trừ Apple) trị giá 100.000đ

5

Phiếu mua hàng mua Sim data 500GB 1 tháng trị giá 100,000đ Xem chi tiết

6

Thu cũ đổi mới: Giảm đến 2,000,000đ (Không kèm ưu đãi thanh toán qua cổng, mua kèm) Xem chi tiết";"Ưu đãi thanh toán Online (Click chọn để áp dụng)
 Giảm 250.000đ -
Xem chi tiết
Áp dụng sản phẩm từ 5.000.000đ trở lên.";https://www.thegioididong.com/dtdd/iphone-16;Skipped
iPhone 15 Plus 256GB;Hồng nhạt;No;24990000;22590000;2026-02-01;"Khuyến mãi

Giá và khuyến mãi dự kiến áp dụng đến 23:59 | 28/02
1

Tặng phiếu mua hàng Apple Watch trị giá 1,000,000đ

2

Tặng phiếu mua hàng Macbook trị giá 1,000,000đ

3

Phiếu mua hàng Airpods trị giá 500.000đ

4

Tặng Phiếu mua hàng mua sạc dự phòng (trừ AVA+, Hydrus); đồng hồ thông minh (trừ Apple); Tai nghe bluetooth và Loa bluetooth các hãng JBL, Marshall,Harman Kardon; Ốp lưng (trừ Apple) trị giá 100.000đ

5

Phiếu mua hàng mua Sim data 500GB 1 tháng trị giá 100,000đ Xem chi tiết

6

Thu cũ đổi mới: Giảm đến 2,000,000đ (Không kèm ưu đãi thanh toán qua cổng, mua kèm) Xem chi tiết";;https://www.thegioididong.com/dtdd/iphone-15-plus;DEBUG_OOS_iPhone 15 Plus 256GB_Hồng nhạt_080652.png
Apple Watch Ultra 2 GPS + Cellular 49mm viền Titanium dây Ocean;Cam;No;0;0;2026-02-01;;;https://www.thegioididong.com/dong-ho-thong-minh/apple-watch-ultra-2-lte-49mm-vien-titanium-day-ocean;DEBUG_OOS_Apple Watch Ultra 2 GPS + Cellular 49mm viền Titanium dây Ocean_Cam_080653.png
iPhone 15 256GB;Hồng nhạt;Yes;21990000;19990000;2026-02-01;"Khuyến mãi

Giá và khuyến mãi dự kiến áp dụng đến 23:59 | 28/02
1

Tặng phiếu mua hàng Apple Watch trị giá 1,000,000đ

2

Tặng phiếu mua hàng Macbook trị giá 1,000,000đ

3

Phiếu mua hàng Airpods trị giá 500.000đ

4

Tặng Phiếu mua hàng mua sạc dự phòng (trừ AVA+, Hydrus); đồng hồ thông minh (trừ Apple); Tai nghe bluetooth và Loa bluetooth các hãng JBL, Marshall,Harman Kardon; Ốp lưng (trừ Apple) trị giá 100.000đ

5

Phiếu mua hàng mua Sim data 500GB 1 tháng trị giá 100,000đ Xem chi tiết

6

Thu cũ đổi mới: Giảm đến 2,000,000đ (Không kèm ưu đãi thanh toán qua cổng, mua kèm) Xem chi tiết";"Ưu đãi thanh toán Online (Click chọn để áp dụng)
 Giảm 250.000đ -
Xem chi tiết
Áp dụng sản phẩm từ 5.000.000đ trở lên.";https://www.thegioididong.com/dtdd/iphone-15;Skipped
iPhone 14 256GB;Xanh Dương;Yes;19990000;16990000;2026-02-01;"Khuyến mãi

Giá và khuyến mãi dự kiến áp dụng đến 23:59 | 28/02
1

Tặng phiếu mua hàng Apple Watch trị giá 1,000,000đ

2

Tặng phiếu mua hàng Macbook trị giá 1,000,000đ

3

Phiếu mua hàng Airpods trị giá 500.000đ

4

Tặng Phiếu mua hàng mua sạc dự phòng (trừ AVA+, Hydrus); đồng hồ thông minh (trừ Apple); Tai nghe bluetooth và Loa bluetooth các hãng JBL, Marshall,Harman Kardon; Ốp lưng (trừ Apple) trị giá 100.000đ

5

Phiếu mua hàng mua Sim data 500GB 1 tháng trị giá 100,000đ Xem chi tiết

6

Thu cũ đổi mới: Giảm đến 2,000,000đ (Không kèm ưu đãi thanh toán qua cổng, mua kèm) Xem chi tiết";"Ưu đãi thanh toán Online (Click chọn để áp dụng)
 Giảm 250.000đ -
Xem chi tiết
Áp dụng sản phẩm từ 5.000.000đ trở lên.";https://www.thegioididong.com/dtdd/iphone-14;Skipped
iPhone 15 Plus 256GB;Vàng nhạt;No;24990000;22590000;2026-02-01;"Khuyến mãi

Giá và khuyến mãi dự kiến áp dụng đến 23:59 | 28/02
1

Tặng phiếu mua hàng Apple Watch trị giá 1,000,000đ

2

Tặng phiếu mua hàng Macbook trị giá 1,000,000đ

3

Phiếu mua hàng Airpods trị giá 500.000đ

4

Tặng Phiếu mua hàng mua sạc dự phòng (trừ AVA+, Hydrus); đồng hồ thông minh (trừ Apple); Tai nghe bluetooth và Loa bluetooth các hãng JBL, Marshall,Harman Kardon; Ốp lưng (trừ Apple) trị giá 100.000đ

5

Phiếu mua hàng mua Sim data 500GB 1 tháng trị giá 100,000đ Xem chi tiết

6

Thu cũ đổi mới: Giảm đến 2,000,000đ (Không kèm ưu đãi thanh toán qua cổng, mua kèm) Xem chi tiết";;https://www.thegioididong.com/dtdd/iphone-15-plus;DEBUG_OOS_iPhone 15 Plus 256GB_Vàng nhạt_080655.png
iPhone 16 128GB;Xanh Lưu Ly;Yes;21990000;19990000;2026-02-01;"Khuyến mãi

Giá và khuyến mãi dự kiến áp dụng đến 23:59 | 28/02
1

Tặng phiếu mua hàng Apple Watch trị giá 1,000,000đ

2

Tặng phiếu mua hàng Macbook trị giá 1,000,000đ

3

Phiếu mua hàng Airpods trị giá 500.000đ

4

Tặng Phiếu mua hàng mua sạc dự phòng (trừ AVA+, Hydrus); đồng hồ thông minh (trừ Apple); Tai nghe bluetooth và Loa bluetooth các hãng JBL, Marshall,Harman Kardon; Ốp lưng (trừ Apple) trị giá 100.000đ

5

Phiếu mua hàng mua Sim data 500GB 1 tháng trị giá 100,000đ Xem chi tiết

6

Thu cũ đổi mới: Giảm đến 2,000,000đ (Không kèm ưu đãi thanh toán qua cổng, mua kèm) Xem chi tiết";"Ưu đãi thanh toán Online (Click chọn để áp dụng)
 Giảm 250.000đ -
Xem chi tiết
Áp dụng sản phẩm từ 5.000.000đ trở lên.";https://www.thegioididong.com/dtdd/iphone-16;Skipped
iPhone 15 Plus 256GB;Xanh lá nhạt;No;24990000;22590000;2026-02-01;"Khuyến mãi

Giá và khuyến mãi dự kiến áp dụng đến 23:59 | 28/02
1

Tặng phiếu mua hàng Apple Watch trị giá 1,000,000đ

2

Tặng phiếu mua hàng Macbook trị giá 1,000,000đ

3

Phiếu mua hàng Airpods trị giá 500.000đ

4

Tặng Phiếu mua hàng mua sạc dự phòng (trừ AVA+, Hydrus); đồng hồ thông minh (trừ Apple); Tai nghe bluetooth và Loa bluetooth các hãng JBL, Marshall,Harman Kardon; Ốp lưng (trừ Apple) trị giá 100.000đ

5

Phiếu mua hàng mua Sim data 500GB 1 tháng trị giá 100,000đ Xem chi tiết

6

Thu cũ đổi mới: Giảm đến 2,000,000đ (Không kèm ưu đãi thanh toán qua cổng, mua kèm) Xem chi tiết";;https://www.thegioididong.com/dtdd/iphone-15-plus;DEBUG_OOS_iPhone 15 Plus 256GB_Xanh lá nhạt_080659.png
Apple Watch Ultra 2 GPS + Cellular 49mm viền Titanium dây Ocean;Trắng;No;0;0;2026-02-01;;;https://www.thegioididong.com/dong-ho-thong-minh/apple-watch-ultra-2-lte-49mm-vien-titanium-day-ocean;DEBUG_OOS_Apple Watch Ultra 2 GPS + Cellular 49mm viền Titanium dây Ocean_Trắng_080659.png
iPhone 14 256GB;Trắng;Yes;19990000;16990000;2026-02-01;"Khuyến mãi

Giá và khuyến mãi dự kiến áp dụng đến 23:59 | 28/02
1

Tặng phiếu mua hàng Apple Watch trị giá 1,000,000đ

2

Tặng phiếu mua hàng Macbook trị giá 1,000,000đ

3

Phiếu mua hàng Airpods trị giá 500.000đ

4

Tặng Phiếu mua hàng mua sạc dự phòng (trừ AVA+, Hydrus); đồng hồ thông minh (trừ Apple); Tai nghe bluetooth và Loa bluetooth các hãng JBL, Marshall,Harman Kardon; Ốp lưng (trừ Apple) trị giá 100.000đ

5

Phiếu mua hàng mua Sim data 500GB 1 tháng trị giá 100,000đ Xem chi tiết

6

Thu cũ đổi mới: Giảm đến 2,000,000đ (Không kèm ưu đãi thanh toán qua cổng, mua kèm) Xem chi tiết";"Ưu đãi thanh toán Online (Click chọn để áp dụng)
 Giảm 250.000đ -
Xem chi tiết
Áp dụng sản phẩm từ 5.000.000đ trở lên.";https://www.thegioididong.com/dtdd/iphone-14;Skipped
iPhone 15 256GB;Xanh dương nhạt;Yes;21990000;19990000;2026-02-01;"Khuyến mãi

Giá và khuyến mãi dự kiến áp dụng đến 23:59 | 28/02
1

Tặng phiếu mua hàng Apple Watch trị giá 1,000,000đ

2

Tặng phiếu mua hàng Macbook trị giá 1,000,000đ

3

Phiếu mua hàng Airpods trị giá 500.000đ

4

Tặng Phiếu mua hàng mua sạc dự phòng (trừ AVA+, Hydrus); đồng hồ thông minh (trừ Apple); Tai nghe bluetooth và Loa bluetooth các hãng JBL, Marshall,Harman Kardon; Ốp lưng (trừ Apple) trị giá 100.000đ

5

Phiếu mua hàng mua Sim data 500GB 1 tháng trị giá 100,000đ Xem chi tiết

6

Thu cũ đổi mới: Giảm đến 2,000,000đ (Không kèm ưu đãi thanh toán qua cổng, mua kèm) Xem chi tiết";"Ưu đãi thanh toán Online (Click chọn để áp dụng)
 Giảm 250.000đ -
Xem chi tiết
Áp dụng sản phẩm từ 5.000.000đ trở lên.";https://www.thegioididong.com/dtdd/iphone-15;Skipped
iPhone 16 128GB;Đen;Yes;21990000;19990000;2026-02-01;"Khuyến mãi

Giá và khuyến mãi dự kiến áp dụng đến 23:59 | 28/02
1

Tặng phiếu mua hàng Apple Watch trị giá 1,000,000đ

2

Tặng phiếu mua hàng Macbook trị giá 1,000,000đ

3

Phiếu mua hàng Airpods trị giá 500.000đ

4

Tặng Phiếu mua hàng mua sạc dự phòng (trừ AVA+, Hydrus); đồng hồ thông minh (trừ Apple); Tai nghe bluetooth và Loa bluetooth các hãng JBL, Marshall,Harman Kardon; Ốp lưng (trừ Apple) trị giá 100.000đ

5

Phiếu mua hàng mua Sim data 500GB 1 tháng trị giá 100,000đ Xem chi tiết

6

Thu cũ đổi mới: Giảm đến 2,000,000đ (Không kèm ưu đãi thanh toán qua cổng, mua kèm) Xem chi tiết";"Ưu đãi thanh toán Online (Click chọn để áp dụng)
 Giảm 250.000đ -
Xem chi tiết
Áp dụng sản phẩm từ 5.000.000đ trở lên.";https://www.thegioididong.com/dtdd/iphone-16;Skipped
iPhone 15 Plus 256GB;Xanh dương nhạt;Yes;24990000;22590000;2026-02-01;"Khuyến mãi

Giá và khuyến mãi dự kiến áp dụng đến 23:59 | 28/02
1

Tặng phiếu mua hàng Apple Watch trị giá 1,000,000đ

2

Tặng phiếu mua hàng Macbook trị giá 1,000,000đ

3

Phiếu mua hàng Airpods trị giá 500.000đ

4

Tặng Phiếu mua hàng mua sạc dự phòng (trừ AVA+, Hydrus); đồng hồ thông minh (trừ Apple); Tai nghe bluetooth và Loa bluetooth các hãng JBL, Marshall,Harman Kardon; Ốp lưng (trừ Apple) trị giá 100.000đ

5

Phiếu mua hàng mua Sim data 500GB 1 tháng trị giá 100,000đ Xem chi tiết

6

Thu cũ đổi mới: Giảm đến 2,000,000đ (Không kèm ưu đãi thanh toán qua cổng, mua kèm) Xem chi tiết";"Ưu đãi thanh toán Online (Click chọn để áp dụng)
 Giảm 250.000đ -
Xem chi tiết
Áp dụng sản phẩm từ 5.000.000đ trở lên.";https://www.thegioididong.com/dtdd/iphone-15-plus;Skipped
Apple Watch Ultra 2 GPS + Cellular 49mm viền Titanium dây Ocean;Titan tự nhiên;No;0;0;2026-02-01;;;https://www.thegioididong.com/dong-ho-thong-minh/apple-watch-ultra-2-lte-49mm-vien-titanium-day-ocean;DEBUG_OOS_Apple Watch Ultra 2 GPS + Cellular 49mm viền Titanium dây Ocean_Titan tự nhiên_080706.png
iPhone 15 256GB;Đen;Yes;21990000;19990000;2026-02-01;"Khuyến mãi

Giá và khuyến mãi dự kiến áp dụng đến 23:59 | 28/02
1

Tặng phiếu mua hàng Apple Watch trị giá 1,000,000đ

2

Tặng phiếu mua hàng Macbook trị giá 1,000,000đ

3

Phiếu mua hàng Airpods trị giá 500.000đ

4

Tặng Phiếu mua hàng mua sạc dự phòng (trừ AVA+, Hydrus); đồng hồ thông minh (trừ Apple); Tai nghe bluetooth và Loa bluetooth các hãng JBL, Marshall,Harman Kardon; Ốp lưng (trừ Apple) trị giá 100.000đ

5

Phiếu mua hàng mua Sim data 500GB 1 tháng trị giá 100,000đ Xem chi tiết

6

Thu cũ đổi mới: Giảm đến 2,000,000đ (Không kèm ưu đãi thanh toán qua cổng, mua kèm) Xem chi tiết";"Ưu đãi thanh toán Online (Click chọn để áp dụng)
 Giảm 250.000đ -
Xem chi tiết
Áp dụng sản phẩm từ 5.000.000đ trở lên.";https://www.thegioididong.com/dtdd/iphone-15;Skipped
iPhone 14 256GB;Đen;Yes;19990000;16990000;2026-02-01;"Khuyến mãi

Giá và khuyến mãi dự kiến áp dụng đến 23:59 | 28/02
1

Tặng phiếu mua hàng Apple Watch trị giá 1,000,000đ

2

Tặng phiếu mua hàng Macbook trị giá 1,000,000đ

3

Phiếu mua hàng Airpods trị giá 500.000đ

4

Tặng Phiếu mua hàng mua sạc dự phòng (trừ AVA+, Hydrus); đồng hồ thông minh (trừ Apple); Tai nghe bluetooth và Loa bluetooth các hãng JBL, Marshall,Harman Kardon; Ốp lưng (trừ Apple) trị giá 100.000đ

5

Phiếu mua hàng mua Sim data 500GB 1 tháng trị giá 100,000đ Xem chi tiết

6

Thu cũ đổi mới: Giảm đến 2,000,000đ (Không kèm ưu đãi thanh toán qua cổng, mua kèm) Xem chi tiết";"Ưu đãi thanh toán Online (Click chọn để áp dụng)
 Giảm 250.000đ -
Xem chi tiết
Áp dụng sản phẩm từ 5.000.000đ trở lên.";https://www.thegioididong.com/dtdd/iphone-14;Skipped
iPhone 16 128GB;Hồng;Yes;21990000;19990000;2026-02-01;"Khuyến mãi

Giá và khuyến mãi dự kiến áp dụng đến 23:59 | 28/02
1

Tặng phiếu mua hàng Apple Watch trị giá 1,000,000đ

2

Tặng phiếu mua hàng Macbook trị giá 1,000,000đ

3

Phiếu mua hàng Airpods trị giá 500.000đ

4

Tặng Phiếu mua hàng mua sạc dự phòng (trừ AVA+, Hydrus); đồng hồ thông minh (trừ Apple); Tai nghe bluetooth và Loa bluetooth các hãng JBL, Marshall,Harman Kardon; Ốp lưng (trừ Apple) trị giá 100.000đ

5

Phiếu mua hàng mua Sim data 500GB 1 tháng trị giá 100,000đ Xem chi tiết

6

Thu cũ đổi mới: Giảm đến 2,000,000đ (Không kèm ưu đãi thanh toán qua cổng, mua kèm) Xem chi tiết";"Ưu đãi thanh toán Online (Click chọn để áp dụng)
 Giảm 250.000đ -
Xem chi tiết
Áp dụng sản phẩm từ 5.000.000đ trở lên.";https://www.thegioididong.com/dtdd/iphone-16;Skipped
iPhone 15 Plus 512GB;Hồng nhạt;No;30990000;27990000;2026-02-01;"Khuyến mãi

Giá và khuyến mãi dự kiến áp dụng đến 23:59 | 28/02
1

Tặng phiếu mua hàng Apple Watch trị giá 1,000,000đ

2

Tặng phiếu mua hàng Macbook trị giá 1,000,000đ

3

Phiếu mua hàng Airpods trị giá 500.000đ

4

Tặng Phiếu mua hàng mua sạc dự phòng (trừ AVA+, Hydrus); đồng hồ thông minh (trừ Apple); Tai nghe bluetooth và Loa bluetooth các hãng JBL, Marshall,Harman Kardon; Ốp lưng (trừ Apple) trị giá 100.000đ

5

Phiếu mua hàng mua Sim data 500GB 1 tháng trị giá 100,000đ Xem chi tiết

6

Thu cũ đổi mới: Giảm đến 2,000,000đ (Không kèm ưu đãi thanh toán qua cổng, mua kèm) Xem chi tiết";;https://www.thegioididong.com/dtdd/iphone-15-plus;DEBUG_OOS_iPhone 15 Plus 512GB_Hồng nhạt_080711.png
iPhone 15 256GB;Xanh lá nhạt;Yes;21990000;19990000;2026-02-01;"Khuyến mãi

Giá và khuyến mãi dự kiến áp dụng đến 23:59 | 28/02
1

Tặng phiếu mua hàng Apple Watch trị giá 1,000,000đ

2

Tặng phiếu mua hàng Macbook trị giá 1,000,000đ

3

Phiếu mua hàng Airpods trị giá 500.000đ

4

Tặng Phiếu mua hàng mua sạc dự phòng (trừ AVA+, Hydrus); đồng hồ thông minh (trừ Apple); Tai nghe bluetooth và Loa bluetooth các hãng JBL, Marshall,Harman Kardon; Ốp lưng (trừ Apple) trị giá 100.000đ

5

Phiếu mua hàng mua Sim data 500GB 1 tháng trị giá 100,000đ Xem chi tiết

6

Thu cũ đổi mới: Giảm đến 2,000,000đ (Không kèm ưu đãi thanh toán qua cổng, mua kèm) Xem chi tiết";"Ưu đãi thanh toán Online (Click chọn để áp dụng)
 Giảm 250.000đ -
Xem chi tiết
Áp dụng sản phẩm từ 5.000.000đ trở lên.";https://www.thegioididong.com/dtdd/iphone-15;Skipped
iPhone 16 Plus 128GB;Trắng;Yes;25990000;23990000;2026-02-01;"Khuyến mãi

Giá và khuyến mãi dự kiến áp dụng đến 23:59 | 28/02
1

Tặng phiếu mua hàng Apple Watch trị giá 1,000,000đ

2

Tặng phiếu mua hàng Macbook trị giá 1,000,000đ

3

Phiếu mua hàng Airpods trị giá 500.000đ

4

Tặng Phiếu mua hàng mua sạc dự phòng (trừ AVA+, Hydrus); đồng hồ thông minh (trừ Apple); Tai nghe bluetooth và Loa bluetooth các hãng JBL, Marshall,Harman Kardon; Ốp lưng (trừ Apple) trị giá 100.000đ

5

Phiếu mua hàng mua Sim data 500GB 1 tháng trị giá 100,000đ Xem chi tiết

6

Thu cũ đổi mới: Giảm đến 2,000,000đ (Không kèm ưu đãi thanh toán qua cổng, mua kèm) Xem chi tiết";"Ưu đãi thanh toán Online (Click chọn để áp dụng)
 Giảm 250.000đ -
Xem chi tiết
Áp dụng sản phẩm từ 5.000.000đ trở lên.";https://www.thegioididong.com/dtdd/iphone-16-plus;Skipped
iPhone 15 Plus 512GB;Đen;No;30990000;27990000;2026-02-01;"Khuyến mãi

Giá và khuyến mãi dự kiến áp dụng đến 23:59 | 28/02
1

Tặng phiếu mua hàng Apple Watch trị giá 1,000,000đ

2

Tặng phiếu mua hàng Macbook trị giá 1,000,000đ

3

Phiếu mua hàng Airpods trị giá 500.000đ

4

Tặng Phiếu mua hàng mua sạc dự phòng (trừ AVA+, Hydrus); đồng hồ thông minh (trừ Apple); Tai nghe bluetooth và Loa bluetooth các hãng JBL, Marshall,Harman Kardon; Ốp lưng (trừ Apple) trị giá 100.000đ

5

Phiếu mua hàng mua Sim data 500GB 1 tháng trị giá 100,000đ Xem chi tiết

6

Thu cũ đổi mới: Giảm đến 2,000,000đ (Không kèm ưu đãi thanh toán qua cổng, mua kèm) Xem chi tiết";;https://www.thegioididong.com/dtdd/iphone-15-plus;DEBUG_OOS_iPhone 15 Plus 512GB_Đen_080715.png
iPhone 14 256GB;Xanh Dương;Yes;19990000;16990000;2026-02-01;"Khuyến mãi

Giá và khuyến mãi dự kiến áp dụng đến 23:59 | 28/02
1

Tặng phiếu mua hàng Apple Watch trị giá 1,000,000đ

2

Tặng phiếu mua hàng Macbook trị giá 1,000,000đ

3

Phiếu mua hàng Airpods trị giá 500.000đ

4

Tặng Phiếu mua hàng mua sạc dự phòng (trừ AVA+, Hydrus); đồng hồ thông minh (trừ Apple); Tai nghe bluetooth và Loa bluetooth các hãng JBL, Marshall,Harman Kardon; Ốp lưng (trừ Apple) trị giá 100.000đ

5

Phiếu mua hàng mua Sim data 500GB 1 tháng trị giá 100,000đ Xem chi tiết

6

Thu cũ đổi mới: Giảm đến 2,000,000đ (Không kèm ưu đãi thanh toán qua cổng, mua kèm) Xem chi tiết";"Ưu đãi thanh toán Online (Click chọn để áp dụng)
 Giảm 250.000đ -
Xem chi tiết
Áp dụng sản phẩm từ 5.000.000đ trở lên.";https://www.thegioididong.com/dtdd/iphone-14;Skipped
iPhone 16 128GB;Xanh Mòng Két;Yes;21990000;19990000;2026-02-01;"Khuyến mãi

Giá và khuyến mãi dự kiến áp dụng đến 23:59 | 28/02
1

Tặng phiếu mua hàng Apple Watch trị giá 1,000,000đ

2

Tặng phiếu mua hàng Macbook trị giá 1,000,000đ

3

Phiếu mua hàng Airpods trị giá 500.000đ

4

Tặng Phiếu mua hàng mua sạc dự phòng (trừ AVA+, Hydrus); đồng hồ thông minh (trừ Apple); Tai nghe bluetooth và Loa bluetooth các hãng JBL, Marshall,Harman Kardon; Ốp lưng (trừ Apple) trị giá 100.000đ

5

Phiếu mua hàng mua Sim data 500GB 1 tháng trị giá 100,000đ Xem chi tiết

6

Thu cũ đổi mới: Giảm đến 2,000,000đ (Không kèm ưu đãi thanh toán qua cổng, mua kèm) Xem chi tiết";"Ưu đãi thanh toán Online (Click chọn để áp dụng)
 Giảm 250.000đ -
Xem chi tiết
Áp dụng sản phẩm từ 5.000.000đ trở lên.";https://www.thegioididong.com/dtdd/iphone-16;Skipped
iPhone 15 256GB;Vàng nhạt;No;21990000;19990000;2026-02-01;"Khuyến mãi

Giá và khuyến mãi dự kiến áp dụng đến 23:59 | 28/02
1

Tặng phiếu mua hàng Apple Watch trị giá 1,000,000đ

2

Tặng phiếu mua hàng Macbook trị giá 1,000,000đ

3

Phiếu mua hàng Airpods trị giá 500.000đ

4

Tặng Phiếu mua hàng mua sạc dự phòng (trừ AVA+, Hydrus); đồng hồ thông minh (trừ Apple); Tai nghe bluetooth và Loa bluetooth các hãng JBL, Marshall,Harman Kardon; Ốp lưng (trừ Apple) trị giá 100.000đ

5

Phiếu mua hàng mua Sim data 500GB 1 tháng trị giá 100,000đ Xem chi tiết

6

Thu cũ đổi mới: Giảm đến 2,000,000đ (Không kèm ưu đãi thanh toán qua cổng, mua kèm) Xem chi tiết";;https://www.thegioididong.com/dtdd/iphone-15;DEBUG_OOS_iPhone 15 256GB_Vàng nhạt_080717.png
iPhone 15 Plus 512GB;Xanh dương nhạt;No;30990000;27990000;2026-02-01;"Khuyến mãi

Giá và khuyến mãi dự kiến áp dụng đến 23:59 | 28/02
1

Tặng phiếu mua hàng Apple Watch trị giá 1,000,000đ

2

Tặng phiếu mua hàng Macbook trị giá 1,000,000đ

3

Phiếu mua hàng Airpods trị giá 500.000đ

4

Tặng Phiếu mua hàng mua sạc dự phòng (trừ AVA+, Hydrus); đồng hồ thông minh (trừ Apple); Tai nghe bluetooth và Loa bluetooth các hãng JBL, Marshall,Harman Kardon; Ốp lưng (trừ Apple) trị giá 100.000đ

5

Phiếu mua hàng mua Sim data 500GB 1 tháng trị giá 100,000đ Xem chi tiết

6

Thu cũ đổi mới: Giảm đến 2,000,000đ (Không kèm ưu đãi thanh toán qua cổng, mua kèm) Xem chi tiết";;https://www.thegioididong.com/dtdd/iphone-15-plus;DEBUG_OOS_iPhone 15 Plus 512GB_Xanh dương nhạt_080718.png
iPhone 16 Plus 128GB;Hồng;Yes;25990000;23990000;2026-02-01;"Khuyến mãi

Giá và khuyến mãi dự kiến áp dụng đến 23:59 | 28/02
1

Tặng phiếu mua hàng Apple Watch trị giá 1,000,000đ

2

Tặng phiếu mua hàng Macbook trị giá 1,000,000đ

3

Phiếu mua hàng Airpods trị giá 500.000đ

4

Tặng Phiếu mua hàng mua sạc dự phòng (trừ AVA+, Hydrus); đồng hồ thông minh (trừ Apple); Tai nghe bluetooth và Loa bluetooth các hãng JBL, Marshall,Harman Kardon; Ốp lưng (trừ Apple) trị giá 100.000đ

5

Phiếu mua hàng mua Sim data 500GB 1 tháng trị giá 100,000đ Xem chi tiết

6

Thu cũ đổi mới: Giảm đến 2,000,000đ (Không kèm ưu đãi thanh toán qua cổng, mua kèm) Xem chi tiết";"Ưu đãi thanh toán Online (Click chọn để áp dụng)
 Giảm 250.000đ -
Xem chi tiết
Áp dụng sản phẩm từ 5.000.000đ trở lên.";https://www.thegioididong.com/dtdd/iphone-16-plus;Skipped
iPhone 14 256GB;Trắng;Yes;19990000;16990000;2026-02-01;"Khuyến mãi

Giá và khuyến mãi dự kiến áp dụng đến 23:59 | 28/02
1

Tặng phiếu mua hàng Apple Watch trị giá 1,000,000đ

2

Tặng phiếu mua hàng Macbook trị giá 1,000,000đ

3

Phiếu mua hàng Airpods trị giá 500.000đ

4

Tặng Phiếu mua hàng mua sạc dự phòng (trừ AVA+, Hydrus); đồng hồ thông minh (trừ Apple); Tai nghe bluetooth và Loa bluetooth các hãng JBL, Marshall,Harman Kardon; Ốp lưng (trừ Apple) trị giá 100.000đ

5

Phiếu mua hàng mua Sim data 500GB 1 tháng trị giá 100,000đ Xem chi tiết

6

Thu cũ đổi mới: Giảm đến 2,000,000đ (Không kèm ưu đãi thanh toán qua cổng, mua kèm) Xem chi tiết";"Ưu đãi thanh toán Online (Click chọn để áp dụng)
 Giảm 250.000đ -
Xem chi tiết
Áp dụng sản phẩm từ 5.000.000đ trở lên.";https://www.thegioididong.com/dtdd/iphone-14;Skipped
iPhone 16 128GB;Trắng;Yes;21990000;19990000;2026-02-01;"Khuyến mãi

Giá và khuyến mãi dự kiến áp dụng đến 23:59 | 28/02
1

Tặng phiếu mua hàng Apple Watch trị giá 1,000,000đ

2

Tặng phiếu mua hàng Macbook trị giá 1,000,000đ

3

Phiếu mua hàng Airpods trị giá 500.000đ

4

Tặng Phiếu mua hàng mua sạc dự phòng (trừ AVA+, Hydrus); đồng hồ thông minh (trừ Apple); Tai nghe bluetooth và Loa bluetooth các hãng JBL, Marshall,Harman Kardon; Ốp lưng (trừ Apple) trị giá 100.000đ

5

Phiếu mua hàng mua Sim data 500GB 1 tháng trị giá 100,000đ Xem chi tiết

6

Thu cũ đổi mới: Giảm đến 2,000,000đ (Không kèm ưu đãi thanh toán qua cổng, mua kèm) Xem chi tiết";"Ưu đãi thanh toán Online (Click chọn để áp dụng)
 Giảm 250.000đ -
Xem chi tiết
Áp dụng sản phẩm từ 5.000.000đ trở lên.";https://www.thegioididong.com/dtdd/iphone-16;Skipped
iPhone 15 Plus 512GB;Xanh lá nhạt;No;30990000;27990000;2026-02-01;"Khuyến mãi

Giá và khuyến mãi dự kiến áp dụng đến 23:59 | 28/02
1

Tặng phiếu mua hàng Apple Watch trị giá 1,000,000đ

2

Tặng phiếu mua hàng Macbook trị giá 1,000,000đ

3

Phiếu mua hàng Airpods trị giá 500.000đ

4

Tặng Phiếu mua hàng mua sạc dự phòng (trừ AVA+, Hydrus); đồng hồ thông minh (trừ Apple); Tai nghe bluetooth và Loa bluetooth các hãng JBL, Marshall,Harman Kardon; Ốp lưng (trừ Apple) trị giá 100.000đ

5

Phiếu mua hàng mua Sim data 500GB 1 tháng trị giá 100,000đ Xem chi tiết

6

Thu cũ đổi mới: Giảm đến 2,000,000đ (Không kèm ưu đãi thanh toán qua cổng, mua kèm) Xem chi tiết";;https://www.thegioididong.com/dtdd/iphone-15-plus;DEBUG_OOS_iPhone 15 Plus 512GB_Xanh lá nhạt_080722.png
iPhone 15 256GB;Hồng nhạt;Yes;21990000;19990000;2026-02-01;"Khuyến mãi

Giá và khuyến mãi dự kiến áp dụng đến 23:59 | 28/02
1

Tặng phiếu mua hàng Apple Watch trị giá 1,000,000đ

2

Tặng phiếu mua hàng Macbook trị giá 1,000,000đ

3

Phiếu mua hàng Airpods trị giá 500.000đ

4

Tặng Phiếu mua hàng mua sạc dự phòng (trừ AVA+, Hydrus); đồng hồ thông minh (trừ Apple); Tai nghe bluetooth và Loa bluetooth các hãng JBL, Marshall,Harman Kardon; Ốp lưng (trừ Apple) trị giá 100.000đ

5

Phiếu mua hàng mua Sim data 500GB 1 tháng trị giá 100,000đ Xem chi tiết

6

Thu cũ đổi mới: Giảm đến 2,000,000đ (Không kèm ưu đãi thanh toán qua cổng, mua kèm) Xem chi tiết";"Ưu đãi thanh toán Online (Click chọn để áp dụng)
 Giảm 250.000đ -
Xem chi tiết
Áp dụng sản phẩm từ 5.000.000đ trở lên.";https://www.thegioididong.com/dtdd/iphone-15;Skipped
iPhone 14 256GB;Đen;Yes;19990000;16990000;2026-02-01;"Khuyến mãi

Giá và khuyến mãi dự kiến áp dụng đến 23:59 | 28/02
1

Tặng phiếu mua hàng Apple Watch trị giá 1,000,000đ

2

Tặng phiếu mua hàng Macbook trị giá 1,000,000đ

3

Phiếu mua hàng Airpods trị giá 500.000đ

4

Tặng Phiếu mua hàng mua sạc dự phòng (trừ AVA+, Hydrus); đồng hồ thông minh (trừ Apple); Tai nghe bluetooth và Loa bluetooth các hãng JBL, Marshall,Harman Kardon; Ốp lưng (trừ Apple) trị giá 100.000đ

5

Phiếu mua hàng mua Sim data 500GB 1 tháng trị giá 100,000đ Xem chi tiết

6

Thu cũ đổi mới: Giảm đến 2,000,000đ (Không kèm ưu đãi thanh toán qua cổng, mua kèm) Xem chi tiết";"Ưu đãi thanh toán Online (Click chọn để áp dụng)
 Giảm 250.000đ -
Xem chi tiết
Áp dụng sản phẩm từ 5.000.000đ trở lên.";https://www.thegioididong.com/dtdd/iphone-14;Skipped
iPhone 16 Plus 128GB;Đen;Yes;25990000;23990000;2026-02-01;"Khuyến mãi

Giá và khuyến mãi dự kiến áp dụng đến 23:59 | 28/02
1

Tặng phiếu mua hàng Apple Watch trị giá 1,000,000đ

2

Tặng phiếu mua hàng Macbook trị giá 1,000,000đ

3

Phiếu mua hàng Airpods trị giá 500.000đ

4

Tặng Phiếu mua hàng mua sạc dự phòng (trừ AVA+, Hydrus); đồng hồ thông minh (trừ Apple); Tai nghe bluetooth và Loa bluetooth các hãng JBL, Marshall,Harman Kardon; Ốp lưng (trừ Apple) trị giá 100.000đ

5

Phiếu mua hàng mua Sim data 500GB 1 tháng trị giá 100,000đ Xem chi tiết

6

Thu cũ đổi mới: Giảm đến 2,000,000đ (Không kèm ưu đãi thanh toán qua cổng, mua kèm) Xem chi tiết";"Ưu đãi thanh toán Online (Click chọn để áp dụng)
 Giảm 250.000đ -
Xem chi tiết
Áp dụng sản phẩm từ 5.000.000đ trở lên.";https://www.thegioididong.com/dtdd/iphone-16-plus;Skipped
iPhone 15 Plus 512GB;Vàng nhạt;Yes;30990000;27990000;2026-02-01;"Khuyến mãi

Giá và khuyến mãi dự kiến áp dụng đến 23:59 | 28/02
1

Tặng phiếu mua hàng Apple Watch trị giá 1,000,000đ

2

Tặng phiếu mua hàng Macbook trị giá 1,000,000đ

3

Phiếu mua hàng Airpods trị giá 500.000đ

4

Tặng Phiếu mua hàng mua sạc dự phòng (trừ AVA+, Hydrus); đồng hồ thông minh (trừ Apple); Tai nghe bluetooth và Loa bluetooth các hãng JBL, Marshall,Harman Kardon; Ốp lưng (trừ Apple) trị giá 100.000đ

5

Phiếu mua hàng mua Sim data 500GB 1 tháng trị giá 100,000đ Xem chi tiết

6

Thu cũ đổi mới: Giảm đến 2,000,000đ (Không kèm ưu đãi thanh toán qua cổng, mua kèm) Xem chi tiết";"Ưu đãi thanh toán Online (Click chọn để áp dụng)
 Giảm 250.000đ -
Xem chi tiết
Áp dụng sản phẩm từ 5.000.000đ trở lên.";https://www.thegioididong.com/dtdd/iphone-15-plus;Skipped
iPhone 16 128GB;Xanh Lưu Ly;Yes;21990000;19990000;2026-02-01;"Khuyến mãi

Giá và khuyến mãi dự kiến áp dụng đến 23:59 | 28/02
1

Tặng phiếu mua hàng Apple Watch trị giá 1,000,000đ

2

Tặng phiếu mua hàng Macbook trị giá 1,000,000đ

3

Phiếu mua hàng Airpods trị giá 500.000đ

4

Tặng Phiếu mua hàng mua sạc dự phòng (trừ AVA+, Hydrus); đồng hồ thông minh (trừ Apple); Tai nghe bluetooth và Loa bluetooth các hãng JBL, Marshall,Harman Kardon; Ốp lưng (trừ Apple) trị giá 100.000đ

5

Phiếu mua hàng mua Sim data 500GB 1 tháng trị giá 100,000đ Xem chi tiết

6

Thu cũ đổi mới: Giảm đến 2,000,000đ (Không kèm ưu đãi thanh toán qua cổng, mua kèm) Xem chi tiết";"Ưu đãi thanh toán Online (Click chọn để áp dụng)
 Giảm 250.000đ -
Xem chi tiết
Áp dụng sản phẩm từ 5.000.000đ trở lên.";https://www.thegioididong.com/dtdd/iphone-16;Skipped
iPhone 15 256GB;Xanh dương nhạt;Yes;21990000;19990000;2026-02-01;"Khuyến mãi

Giá và khuyến mãi dự kiến áp dụng đến 23:59 | 28/02
1

Tặng phiếu mua hàng Apple Watch trị giá 1,000,000đ

2

Tặng phiếu mua hàng Macbook trị giá 1,000,000đ

3

Phiếu mua hàng Airpods trị giá 500.000đ

4

Tặng Phiếu mua hàng mua sạc dự phòng (trừ AVA+, Hydrus); đồng hồ thông minh (trừ Apple); Tai nghe bluetooth và Loa bluetooth các hãng JBL, Marshall,Harman Kardon; Ốp lưng (trừ Apple) trị giá 100.000đ

5

Phiếu mua hàng mua Sim data 500GB 1 tháng trị giá 100,000đ Xem chi tiết

6

Thu cũ đổi mới: Giảm đến 2,000,000đ (Không kèm ưu đãi thanh toán qua cổng, mua kèm) Xem chi tiết";"Ưu đãi thanh toán Online (Click chọn để áp dụng)
 Giảm 250.000đ -
Xem chi tiết
Áp dụng sản phẩm từ 5.000.000đ trở lên.";https://www.thegioididong.com/dtdd/iphone-15;Skipped
iPhone 15 Plus 512GB;Hồng nhạt;No;30990000;27990000;2026-02-01;"Khuyến mãi

Giá và khuyến mãi dự kiến áp dụng đến 23:59 | 28/02
1

Tặng phiếu mua hàng Apple Watch trị giá 1,000,000đ

2

Tặng phiếu mua hàng Macbook trị giá 1,000,000đ

3

Phiếu mua hàng Airpods trị giá 500.000đ

4

Tặng Phiếu mua hàng mua sạc dự phòng (trừ AVA+, Hydrus); đồng hồ thông minh (trừ Apple); Tai nghe bluetooth và Loa bluetooth các hãng JBL, Marshall,Harman Kardon; Ốp lưng (trừ Apple) trị giá 100.000đ

5

Phiếu mua hàng mua Sim data 500GB 1 tháng trị giá 100,000đ Xem chi tiết

6

Thu cũ đổi mới: Giảm đến 2,000,000đ (Không kèm ưu đãi thanh toán qua cổng, mua kèm) Xem chi tiết";;https://www.thegioididong.com/dtdd/iphone-15-plus;DEBUG_OOS_iPhone 15 Plus 512GB_Hồng nhạt_080733.png
iPhone 16 Plus 128GB;Xanh Mòng Két;Yes;25990000;23990000;2026-02-01;"Khuyến mãi

Giá và khuyến mãi dự kiến áp dụng đến 23:59 | 28/02
1

Tặng phiếu mua hàng Apple Watch trị giá 1,000,000đ

2

Tặng phiếu mua hàng Macbook trị giá 1,000,000đ

3

Phiếu mua hàng Airpods trị giá 500.000đ

4

Tặng Phiếu mua hàng mua sạc dự phòng (trừ AVA+, Hydrus); đồng hồ thông minh (trừ Apple); Tai nghe bluetooth và Loa bluetooth các hãng JBL, Marshall,Harman Kardon; Ốp lưng (trừ Apple) trị giá 100.000đ

5

Phiếu mua hàng mua Sim data 500GB 1 tháng trị giá 100,000đ Xem chi tiết

6

Thu cũ đổi mới: Giảm đến 2,000,000đ (Không kèm ưu đãi thanh toán qua cổng, mua kèm) Xem chi tiết";"Ưu đãi thanh toán Online (Click chọn để áp dụng)
 Giảm 250.000đ -
Xem chi tiết
Áp dụng sản phẩm từ 5.000.000đ trở lên.";https://www.thegioididong.com/dtdd/iphone-16-plus;Skipped
iPhone 15 Plus 512GB;Đen;No;30990000;27990000;2026-02-01;"Khuyến mãi

Giá và khuyến mãi dự kiến áp dụng đến 23:59 | 28/02
1

Tặng phiếu mua hàng Apple Watch trị giá 1,000,000đ

2

Tặng phiếu mua hàng Macbook trị giá 1,000,000đ

3

Phiếu mua hàng Airpods trị giá 500.000đ

4

Tặng Phiếu mua hàng mua sạc dự phòng (trừ AVA+, Hydrus); đồng hồ thông minh (trừ Apple); Tai nghe bluetooth và Loa bluetooth các hãng JBL, Marshall,Harman Kardon; Ốp lưng (trừ Apple) trị giá 100.000đ

5

Phiếu mua hàng mua Sim data 500GB 1 tháng trị giá 100,000đ Xem chi tiết

6

Thu cũ đổi mới: Giảm đến 2,000,000đ (Không kèm ưu đãi thanh toán qua cổng, mua kèm) Xem chi tiết";;https://www.thegioididong.com/dtdd/iphone-15-plus;DEBUG_OOS_iPhone 15 Plus 512GB_Đen_080736.png
iPhone 16 128GB;Đen;Yes;21990000;19990000;2026-02-01;"Khuyến mãi

Giá và khuyến mãi dự kiến áp dụng đến 23:59 | 28/02
1

Tặng phiếu mua hàng Apple Watch trị giá 1,000,000đ

2

Tặng phiếu mua hàng Macbook trị giá 1,000,000đ

3

Phiếu mua hàng Airpods trị giá 500.000đ

4

Tặng Phiếu mua hàng mua sạc dự phòng (trừ AVA+, Hydrus); đồng hồ thông minh (trừ Apple); Tai nghe bluetooth và Loa bluetooth các hãng JBL, Marshall,Harman Kardon; Ốp lưng (trừ Apple) trị giá 100.000đ

5

Phiếu mua hàng mua Sim data 500GB 1 tháng trị giá 100,000đ Xem chi tiết

6

Thu cũ đổi mới: Giảm đến 2,000,000đ (Không kèm ưu đãi thanh toán qua cổng, mua kèm) Xem chi tiết";"Ưu đãi thanh toán Online (Click chọn để áp dụng)
 Giảm 250.000đ -
Xem chi tiết
Áp dụng sản phẩm từ 5.000.000đ trở lên.";https://www.thegioididong.com/dtdd/iphone-16;Skipped
iPhone 16 Pro 128GB;Titan tự nhiên;Yes;27990000;26990000;2026-02-01;"Khuyến mãi

Giá và khuyến mãi dự kiến áp dụng đến 23:59 | 01/02
1

Tặng phiếu mua hàng Apple Watch trị giá 1,000,000đ

2

Tặng phiếu mua hàng Macbook trị giá 1,000,000đ

3

Phiếu mua hàng Airpods trị giá 500.000đ

4

Tặng Phiếu mua hàng mua sạc dự phòng (trừ AVA+, Hydrus); đồng hồ thông minh (trừ Apple); Tai nghe bluetooth và Loa bluetooth các hãng JBL, Marshall,Harman Kardon; Ốp lưng (trừ Apple) trị giá 100.000đ

5

Phiếu mua hàng mua Sim data 500GB 1 tháng trị giá 100,000đ Xem chi tiết

6

Thu cũ đổi mới: Giảm đến 2,000,000đ (Không kèm ưu đãi thanh toán qua cổng, mua kèm) Xem chi tiết";"Ưu đãi thanh toán Online (Click chọn để áp dụng)
 Giảm 250.000đ -
Xem chi tiết
Áp dụng sản phẩm từ 5.000.000đ trở lên.";https://www.thegioididong.com/dtdd/iphone-16-pro;Skipped
iPhone 15 256GB;Đen;Yes;21990000;19990000;2026-02-01;"Khuyến mãi

Giá và khuyến mãi dự kiến áp dụng đến 23:59 | 28/02
1

Tặng phiếu mua hàng Apple Watch trị giá 1,000,000đ

2

Tặng phiếu mua hàng Macbook trị giá 1,000,000đ

3

Phiếu mua hàng Airpods trị giá 500.000đ

4

Tặng Phiếu mua hàng mua sạc dự phòng (trừ AVA+, Hydrus); đồng hồ thông minh (trừ Apple); Tai nghe bluetooth và Loa bluetooth các hãng JBL, Marshall,Harman Kardon; Ốp lưng (trừ Apple) trị giá 100.000đ

5

Phiếu mua hàng mua Sim data 500GB 1 tháng trị giá 100,000đ Xem chi tiết

6

Thu cũ đổi mới: Giảm đến 2,000,000đ (Không kèm ưu đãi thanh toán qua cổng, mua kèm) Xem chi tiết";"Ưu đãi thanh toán Online (Click chọn để áp dụng)
 Giảm 250.000đ -
Xem chi tiết
Áp dụng sản phẩm từ 5.000.000đ trở lên.";https://www.thegioididong.com/dtdd/iphone-15;Skipped
iPhone 15 Plus 512GB;Xanh dương nhạt;No;30990000;27990000;2026-02-01;"Khuyến mãi

Giá và khuyến mãi dự kiến áp dụng đến 23:59 | 28/02
1

Tặng phiếu mua hàng Apple Watch trị giá 1,000,000đ

2

Tặng phiếu mua hàng Macbook trị giá 1,000,000đ

3

Phiếu mua hàng Airpods trị giá 500.000đ

4

Tặng Phiếu mua hàng mua sạc dự phòng (trừ AVA+, Hydrus); đồng hồ thông minh (trừ Apple); Tai nghe bluetooth và Loa bluetooth các hãng JBL, Marshall,Harman Kardon; Ốp lưng (trừ Apple) trị giá 100.000đ

5

Phiếu mua hàng mua Sim data 500GB 1 tháng trị giá 100,000đ Xem chi tiết

6

Thu cũ đổi mới: Giảm đến 2,000,000đ (Không kèm ưu đãi thanh toán qua cổng, mua kèm) Xem chi tiết";;https://www.thegioididong.com/dtdd/iphone-15-plus;DEBUG_OOS_iPhone 15 Plus 512GB_Xanh dương nhạt_080739.png
iPhone 16 Pro 128GB;Titan Sa Mạc;No;27990000;26990000;2026-02-01;"Khuyến mãi

Giá và khuyến mãi dự kiến áp dụng đến 23:59 | 01/02
1

Tặng phiếu mua hàng Apple Watch trị giá 1,000,000đ

2

Tặng phiếu mua hàng Macbook trị giá 1,000,000đ

3

Phiếu mua hàng Airpods trị giá 500.000đ

4

Tặng Phiếu mua hàng mua sạc dự phòng (trừ AVA+, Hydrus); đồng hồ thông minh (trừ Apple); Tai nghe bluetooth và Loa bluetooth các hãng JBL, Marshall,Harman Kardon; Ốp lưng (trừ Apple) trị giá 100.000đ

5

Phiếu mua hàng mua Sim data 500GB 1 tháng trị giá 100,000đ Xem chi tiết

6

Thu cũ đổi mới: Giảm đến 2,000,000đ (Không kèm ưu đãi thanh toán qua cổng, mua kèm) Xem chi tiết";;https://www.thegioididong.com/dtdd/iphone-16-pro;DEBUG_OOS_iPhone 16 Pro 128GB_Titan Sa Mạc_080740.png
iPhone 16 Plus 128GB;Xanh Lưu Ly;Yes;25990000;23990000;2026-02-01;"Khuyến mãi

Giá và khuyến mãi dự kiến áp dụng đến 23:59 | 28/02
1

Tặng phiếu mua hàng Apple Watch trị giá 1,000,000đ

2

Tặng phiếu mua hàng Macbook trị giá 1,000,000đ

3

Phiếu mua hàng Airpods trị giá 500.000đ

4

Tặng Phiếu mua hàng mua sạc dự phòng (trừ AVA+, Hydrus); đồng hồ thông minh (trừ Apple); Tai nghe bluetooth và Loa bluetooth các hãng JBL, Marshall,Harman Kardon; Ốp lưng (trừ Apple) trị giá 100.000đ

5

Phiếu mua hàng mua Sim data 500GB 1 tháng trị giá 100,000đ Xem chi tiết

6

Thu cũ đổi mới: Giảm đến 2,000,000đ (Không kèm ưu đãi thanh toán qua cổng, mua kèm) Xem chi tiết";"Ưu đãi thanh toán Online (Click chọn để áp dụng)
 Giảm 250.000đ -
Xem chi tiết
Áp dụng sản phẩm từ 5.000.000đ trở lên.";https://www.thegioididong.com/dtdd/iphone-16-plus;Skipped
iPhone 15 Plus 512GB;Xanh lá nhạt;No;30990000;27990000;2026-02-01;"Khuyến mãi

Giá và khuyến mãi dự kiến áp dụng đến 23:59 | 28/02
1

Tặng phiếu mua hàng Apple Watch trị giá 1,000,000đ

2

Tặng phiếu mua hàng Macbook trị giá 1,000,000đ

3

Phiếu mua hàng Airpods trị giá 500.000đ

4

Tặng Phiếu mua hàng mua sạc dự phòng (trừ AVA+, Hydrus); đồng hồ thông minh (trừ Apple); Tai nghe bluetooth và Loa bluetooth các hãng JBL, Marshall,Harman Kardon; Ốp lưng (trừ Apple) trị giá 100.000đ

5

Phiếu mua hàng mua Sim data 500GB 1 tháng trị giá 100,000đ Xem chi tiết

6

Thu cũ đổi mới: Giảm đến 2,000,000đ (Không kèm ưu đãi thanh toán qua cổng, mua kèm) Xem chi tiết";;https://www.thegioididong.com/dtdd/iphone-15-plus;DEBUG_OOS_iPhone 15 Plus 512GB_Xanh lá nhạt_080743.png
iPhone 16 128GB;Hồng;Yes;21990000;19990000;2026-02-01;"Khuyến mãi

Giá và khuyến mãi dự kiến áp dụng đến 23:59 | 28/02
1

Tặng phiếu mua hàng Apple Watch trị giá 1,000,000đ

2

Tặng phiếu mua hàng Macbook trị giá 1,000,000đ

3

Phiếu mua hàng Airpods trị giá 500.000đ

4

Tặng Phiếu mua hàng mua sạc dự phòng (trừ AVA+, Hydrus); đồng hồ thông minh (trừ Apple); Tai nghe bluetooth và Loa bluetooth các hãng JBL, Marshall,Harman Kardon; Ốp lưng (trừ Apple) trị giá 100.000đ

5

Phiếu mua hàng mua Sim data 500GB 1 tháng trị giá 100,000đ Xem chi tiết

6

Thu cũ đổi mới: Giảm đến 2,000,000đ (Không kèm ưu đãi thanh toán qua cổng, mua kèm) Xem chi tiết";"Ưu đãi thanh toán Online (Click chọn để áp dụng)
 Giảm 250.000đ -
Xem chi tiết
Áp dụng sản phẩm từ 5.000.000đ trở lên.";https://www.thegioididong.com/dtdd/iphone-16;Skipped
iPhone 16 Pro 128GB;Titan trắng;No;27990000;26990000;2026-02-01;"Khuyến mãi

Giá và khuyến mãi dự kiến áp dụng đến 23:59 | 01/02
1

Tặng phiếu mua hàng Apple Watch trị giá 1,000,000đ

2

Tặng phiếu mua hàng Macbook trị giá 1,000,000đ

3

Phiếu mua hàng Airpods trị giá 500.000đ

4

Tặng Phiếu mua hàng mua sạc dự phòng (trừ AVA+, Hydrus); đồng hồ thông minh (trừ Apple); Tai nghe bluetooth và Loa bluetooth các hãng JBL, Marshall,Harman Kardon; Ốp lưng (trừ Apple) trị giá 100.000đ

5

Phiếu mua hàng mua Sim data 500GB 1 tháng trị giá 100,000đ Xem chi tiết

6

Thu cũ đổi mới: Giảm đến 2,000,000đ (Không kèm ưu đãi thanh toán qua cổng, mua kèm) Xem chi tiết";;https://www.thegioididong.com/dtdd/iphone-16-pro;DEBUG_OOS_iPhone 16 Pro 128GB_Titan trắng_080744.png
iPhone 15 256GB;Xanh lá nhạt;Yes;21990000;19990000;2026-02-01;"Khuyến mãi

Giá và khuyến mãi dự kiến áp dụng đến 23:59 | 28/02
1

Tặng phiếu mua hàng Apple Watch trị giá 1,000,000đ

2

Tặng phiếu mua hàng Macbook trị giá 1,000,000đ

3

Phiếu mua hàng Airpods trị giá 500.000đ

4

Tặng Phiếu mua hàng mua sạc dự phòng (trừ AVA+, Hydrus); đồng hồ thông minh (trừ Apple); Tai nghe bluetooth và Loa bluetooth các hãng JBL, Marshall,Harman Kardon; Ốp lưng (trừ Apple) trị giá 100.000đ

5

Phiếu mua hàng mua Sim data 500GB 1 tháng trị giá 100,000đ Xem chi tiết

6

Thu cũ đổi mới: Giảm đến 2,000,000đ (Không kèm ưu đãi thanh toán qua cổng, mua kèm) Xem chi tiết";"Ưu đãi thanh toán Online (Click chọn để áp dụng)
 Giảm 250.000đ -
Xem chi tiết
Áp dụng sản phẩm từ 5.000.000đ trở lên.";https://www.thegioididong.com/dtdd/iphone-15;Skipped
iPhone 15 256GB;Vàng nhạt;No;21990000;19990000;2026-02-01;"Khuyến mãi

Giá và khuyến mãi dự kiến áp dụng đến 23:59 | 28/02
1

Tặng phiếu mua hàng Apple Watch trị giá 1,000,000đ

2

Tặng phiếu mua hàng Macbook trị giá 1,000,000đ

3

Phiếu mua hàng Airpods trị giá 500.000đ

4

Tặng Phiếu mua hàng mua sạc dự phòng (trừ AVA+, Hydrus); đồng hồ thông minh (trừ Apple); Tai nghe bluetooth và Loa bluetooth các hãng JBL, Marshall,Harman Kardon; Ốp lưng (trừ Apple) trị giá 100.000đ

5

Phiếu mua hàng mua Sim data 500GB 1 tháng trị giá 100,000đ Xem chi tiết

6

Thu cũ đổi mới: Giảm đến 2,000,000đ (Không kèm ưu đãi thanh toán qua cổng, mua kèm) Xem chi tiết";;https://www.thegioididong.com/dtdd/iphone-15;DEBUG_OOS_iPhone 15 256GB_Vàng nhạt_080747.png
iPhone 16 Pro 128GB;Titan đen;No;27990000;26990000;2026-02-01;"Khuyến mãi

Giá và khuyến mãi dự kiến áp dụng đến 23:59 | 01/02
1

Tặng phiếu mua hàng Apple Watch trị giá 1,000,000đ

2

Tặng phiếu mua hàng Macbook trị giá 1,000,000đ

3

Phiếu mua hàng Airpods trị giá 500.000đ

4

Tặng Phiếu mua hàng mua sạc dự phòng (trừ AVA+, Hydrus); đồng hồ thông minh (trừ Apple); Tai nghe bluetooth và Loa bluetooth các hãng JBL, Marshall,Harman Kardon; Ốp lưng (trừ Apple) trị giá 100.000đ

5

Phiếu mua hàng mua Sim data 500GB 1 tháng trị giá 100,000đ Xem chi tiết

6

Thu cũ đổi mới: Giảm đến 2,000,000đ (Không kèm ưu đãi thanh toán qua cổng, mua kèm) Xem chi tiết";;https://www.thegioididong.com/dtdd/iphone-16-pro;DEBUG_OOS_iPhone 16 Pro 128GB_Titan đen_080747.png
iPhone 16 Plus 256GB;Trắng;Yes;28990000;26990000;2026-02-01;"Khuyến mãi

Giá và khuyến mãi dự kiến áp dụng đến 23:59 | 28/02
1

Tặng phiếu mua hàng Apple Watch trị giá 1,000,000đ

2

Tặng phiếu mua hàng Macbook trị giá 1,000,000đ

3

Phiếu mua hàng Airpods trị giá 500.000đ

4

Tặng Phiếu mua hàng mua sạc dự phòng (trừ AVA+, Hydrus); đồng hồ thông minh (trừ Apple); Tai nghe bluetooth và Loa bluetooth các hãng JBL, Marshall,Harman Kardon; Ốp lưng (trừ Apple) trị giá 100.000đ

5

Phiếu mua hàng mua Sim data 500GB 1 tháng trị giá 100,000đ Xem chi tiết

6

Thu cũ đổi mới: Giảm đến 2,000,000đ (Không kèm ưu đãi thanh toán qua cổng, mua kèm) Xem chi tiết";"Ưu đãi thanh toán Online (Click chọn để áp dụng)
 Giảm 250.000đ -
Xem chi tiết
Áp dụng sản phẩm từ 5.000.000đ trở lên.";https://www.thegioididong.com/dtdd/iphone-16-plus;Skipped
iPhone 15 Plus 512GB;Vàng nhạt;Yes;30990000;27990000;2026-02-01;"Khuyến mãi

Giá và khuyến mãi dự kiến áp dụng đến 23:59 | 28/02
1

Tặng phiếu mua hàng Apple Watch trị giá 1,000,000đ

2

Tặng phiếu mua hàng Macbook trị giá 1,000,000đ

3

Phiếu mua hàng Airpods trị giá 500.000đ

4

Tặng Phiếu mua hàng mua sạc dự phòng (trừ AVA+, Hydrus); đồng hồ thông minh (trừ Apple); Tai nghe bluetooth và Loa bluetooth các hãng JBL, Marshall,Harman Kardon; Ốp lưng (trừ Apple) trị giá 100.000đ

5

Phiếu mua hàng mua Sim data 500GB 1 tháng trị giá 100,000đ Xem chi tiết

6

Thu cũ đổi mới: Giảm đến 2,000,000đ (Không kèm ưu đãi thanh toán qua cổng, mua kèm) Xem chi tiết";"Ưu đãi thanh toán Online (Click chọn để áp dụng)
 Giảm 250.000đ -
Xem chi tiết
Áp dụng sản phẩm từ 5.000.000đ trở lên.";https://www.thegioididong.com/dtdd/iphone-15-plus;Skipped
iPhone 16 128GB;Xanh Mòng Két;Yes;21990000;19990000;2026-02-01;"Khuyến mãi

Giá và khuyến mãi dự kiến áp dụng đến 23:59 | 28/02
1

Tặng phiếu mua hàng Apple Watch trị giá 1,000,000đ

2

Tặng phiếu mua hàng Macbook trị giá 1,000,000đ

3

Phiếu mua hàng Airpods trị giá 500.000đ

4

Tặng Phiếu mua hàng mua sạc dự phòng (trừ AVA+, Hydrus); đồng hồ thông minh (trừ Apple); Tai nghe bluetooth và Loa bluetooth các hãng JBL, Marshall,Harman Kardon; Ốp lưng (trừ Apple) trị giá 100.000đ

5

Phiếu mua hàng mua Sim data 500GB 1 tháng trị giá 100,000đ Xem chi tiết

6

Thu cũ đổi mới: Giảm đến 2,000,000đ (Không kèm ưu đãi thanh toán qua cổng, mua kèm) Xem chi tiết";"Ưu đãi thanh toán Online (Click chọn để áp dụng)
 Giảm 250.000đ -
Xem chi tiết
Áp dụng sản phẩm từ 5.000.000đ trở lên.";https://www.thegioididong.com/dtdd/iphone-16;Skipped
iPhone 15 Plus 512GB;Hồng nhạt;No;30990000;27990000;2026-02-01;"Khuyến mãi

Giá và khuyến mãi dự kiến áp dụng đến 23:59 | 28/02
1

Tặng phiếu mua hàng Apple Watch trị giá 1,000,000đ

2

Tặng phiếu mua hàng Macbook trị giá 1,000,000đ

3

Phiếu mua hàng Airpods trị giá 500.000đ

4

Tặng Phiếu mua hàng mua sạc dự phòng (trừ AVA+, Hydrus); đồng hồ thông minh (trừ Apple); Tai nghe bluetooth và Loa bluetooth các hãng JBL, Marshall,Harman Kardon; Ốp lưng (trừ Apple) trị giá 100.000đ

5

Phiếu mua hàng mua Sim data 500GB 1 tháng trị giá 100,000đ Xem chi tiết

6

Thu cũ đổi mới: Giảm đến 2,000,000đ (Không kèm ưu đãi thanh toán qua cổng, mua kèm) Xem chi tiết";;https://www.thegioididong.com/dtdd/iphone-15-plus;DEBUG_OOS_iPhone 15 Plus 512GB_Hồng nhạt_080755.png
iPhone 16 Pro 1TB;Titan đen;Yes;42990000;39990000;2026-02-01;"Khuyến mãi

Giá và khuyến mãi dự kiến áp dụng đến 23:59 | 28/02
1

Tặng phiếu mua hàng Apple Watch trị giá 1,000,000đ

2

Tặng phiếu mua hàng Macbook trị giá 1,000,000đ

3

Phiếu mua hàng Airpods trị giá 500.000đ

4

Tặng Phiếu mua hàng mua sạc dự phòng (trừ AVA+, Hydrus); đồng hồ thông minh (trừ Apple); Tai nghe bluetooth và Loa bluetooth các hãng JBL, Marshall,Harman Kardon; Ốp lưng (trừ Apple) trị giá 100.000đ

5

Phiếu mua hàng mua Sim data 500GB 1 tháng trị giá 100,000đ Xem chi tiết

6

Thu cũ đổi mới: Giảm đến 2,000,000đ (Không kèm ưu đãi thanh toán qua cổng, mua kèm) Xem chi tiết";"Ưu đãi thanh toán Online (Click chọn để áp dụng)
 Giảm 1.000.000đ - Xem chi tiết
Áp dụng sản phẩm từ 10.000.000đ trở lên.
 Giảm 250.000đ - Xem chi tiết
Áp dụng sản phẩm từ 5.000.000đ trở lên.";https://www.thegioididong.com/dtdd/iphone-16-pro;Skipped
iPhone 16 128GB;Trắng;Yes;21990000;19990000;2026-02-01;"Khuyến mãi

Giá và khuyến mãi dự kiến áp dụng đến 23:59 | 28/02
1

Tặng phiếu mua hàng Apple Watch trị giá 1,000,000đ

2

Tặng phiếu mua hàng Macbook trị giá 1,000,000đ

3

Phiếu mua hàng Airpods trị giá 500.000đ

4

Tặng Phiếu mua hàng mua sạc dự phòng (trừ AVA+, Hydrus); đồng hồ thông minh (trừ Apple); Tai nghe bluetooth và Loa bluetooth các hãng JBL, Marshall,Harman Kardon; Ốp lưng (trừ Apple) trị giá 100.000đ

5

Phiếu mua hàng mua Sim data 500GB 1 tháng trị giá 100,000đ Xem chi tiết

6

Thu cũ đổi mới: Giảm đến 2,000,000đ (Không kèm ưu đãi thanh toán qua cổng, mua kèm) Xem chi tiết";"Ưu đãi thanh toán Online (Click chọn để áp dụng)
 Giảm 250.000đ -
Xem chi tiết
Áp dụng sản phẩm từ 5.000.000đ trở lên.";https://www.thegioididong.com/dtdd/iphone-16;Skipped
iPhone 16 Plus 256GB;Hồng;Yes;28990000;26990000;2026-02-01;"Khuyến mãi

Giá và khuyến mãi dự kiến áp dụng đến 23:59 | 28/02
1

Tặng phiếu mua hàng Apple Watch trị giá 1,000,000đ

2

Tặng phiếu mua hàng Macbook trị giá 1,000,000đ

3

Phiếu mua hàng Airpods trị giá 500.000đ

4

Tặng Phiếu mua hàng mua sạc dự phòng (trừ AVA+, Hydrus); đồng hồ thông minh (trừ Apple); Tai nghe bluetooth và Loa bluetooth các hãng JBL, Marshall,Harman Kardon; Ốp lưng (trừ Apple) trị giá 100.000đ

5

Phiếu mua hàng mua Sim data 500GB 1 tháng trị giá 100,000đ Xem chi tiết

6

Thu cũ đổi mới: Giảm đến 2,000,000đ (Không kèm ưu đãi thanh toán qua cổng, mua kèm) Xem chi tiết";"Ưu đãi thanh toán Online (Click chọn để áp dụng)
 Giảm 250.000đ -
Xem chi tiết
Áp dụng sản phẩm từ 5.000.000đ trở lên.";https://www.thegioididong.com/dtdd/iphone-16-plus;Skipped
iPhone 15 256GB;Hồng nhạt;Yes;21990000;19990000;2026-02-01;"Khuyến mãi

Giá và khuyến mãi dự kiến áp dụng đến 23:59 | 28/02
1

Tặng phiếu mua hàng Apple Watch trị giá 1,000,000đ

2

Tặng phiếu mua hàng Macbook trị giá 1,000,000đ

3

Phiếu mua hàng Airpods trị giá 500.000đ

4

Tặng Phiếu mua hàng mua sạc dự phòng (trừ AVA+, Hydrus); đồng hồ thông minh (trừ Apple); Tai nghe bluetooth và Loa bluetooth các hãng JBL, Marshall,Harman Kardon; Ốp lưng (trừ Apple) trị giá 100.000đ

5

Phiếu mua hàng mua Sim data 500GB 1 tháng trị giá 100,000đ Xem chi tiết

6

Thu cũ đổi mới: Giảm đến 2,000,000đ (Không kèm ưu đãi thanh toán qua cổng, mua kèm) Xem chi tiết";"Ưu đãi thanh toán Online (Click chọn để áp dụng)
 Giảm 250.000đ -
Xem chi tiết
Áp dụng sản phẩm từ 5.000.000đ trở lên.";https://www.thegioididong.com/dtdd/iphone-15;Skipped
iPhone 15 Plus 512GB;Đen;No;30990000;27990000;2026-02-01;"Khuyến mãi

Giá và khuyến mãi dự kiến áp dụng đến 23:59 | 28/02
1

Tặng phiếu mua hàng Apple Watch trị giá 1,000,000đ

2

Tặng phiếu mua hàng Macbook trị giá 1,000,000đ

3

Phiếu mua hàng Airpods trị giá 500.000đ

4

Tặng Phiếu mua hàng mua sạc dự phòng (trừ AVA+, Hydrus); đồng hồ thông minh (trừ Apple); Tai nghe bluetooth và Loa bluetooth các hãng JBL, Marshall,Harman Kardon; Ốp lưng (trừ Apple) trị giá 100.000đ

5

Phiếu mua hàng mua Sim data 500GB 1 tháng trị giá 100,000đ Xem chi tiết

6

Thu cũ đổi mới: Giảm đến 2,000,000đ (Không kèm ưu đãi thanh toán qua cổng, mua kèm) Xem chi tiết";;https://www.thegioididong.com/dtdd/iphone-15-plus;DEBUG_OOS_iPhone 15 Plus 512GB_Đen_080758.png
iPhone 16 Pro 1TB;Titan tự nhiên;No;42990000;39990000;2026-02-01;"Khuyến mãi

Giá và khuyến mãi dự kiến áp dụng đến 23:59 | 28/02
1

Tặng phiếu mua hàng Apple Watch trị giá 1,000,000đ

2

Tặng phiếu mua hàng Macbook trị giá 1,000,000đ

3

Phiếu mua hàng Airpods trị giá 500.000đ

4

Tặng Phiếu mua hàng mua sạc dự phòng (trừ AVA+, Hydrus); đồng hồ thông minh (trừ Apple); Tai nghe bluetooth và Loa bluetooth các hãng JBL, Marshall,Harman Kardon; Ốp lưng (trừ Apple) trị giá 100.000đ

5

Phiếu mua hàng mua Sim data 500GB 1 tháng trị giá 100,000đ Xem chi tiết

6

Thu cũ đổi mới: Giảm đến 2,000,000đ (Không kèm ưu đãi thanh toán qua cổng, mua kèm) Xem chi tiết";;https://www.thegioididong.com/dtdd/iphone-16-pro;DEBUG_OOS_iPhone 16 Pro 1TB_Titan tự nhiên_080758.png
iPhone 15 Plus 512GB;Xanh dương nhạt;No;30990000;27990000;2026-02-01;"Khuyến mãi

Giá và khuyến mãi dự kiến áp dụng đến 23:59 | 28/02
1

Tặng phiếu mua hàng Apple Watch trị giá 1,000,000đ

2

Tặng phiếu mua hàng Macbook trị giá 1,000,000đ

3

Phiếu mua hàng Airpods trị giá 500.000đ

4

Tặng Phiếu mua hàng mua sạc dự phòng (trừ AVA+, Hydrus); đồng hồ thông minh (trừ Apple); Tai nghe bluetooth và Loa bluetooth các hãng JBL, Marshall,Harman Kardon; Ốp lưng (trừ Apple) trị giá 100.000đ

5

Phiếu mua hàng mua Sim data 500GB 1 tháng trị giá 100,000đ Xem chi tiết

6

Thu cũ đổi mới: Giảm đến 2,000,000đ (Không kèm ưu đãi thanh toán qua cổng, mua kèm) Xem chi tiết";;https://www.thegioididong.com/dtdd/iphone-15-plus;DEBUG_OOS_iPhone 15 Plus 512GB_Xanh dương nhạt_080801.png
iPhone 16 Plus 256GB;Đen;Yes;28990000;26990000;2026-02-01;"Khuyến mãi

Giá và khuyến mãi dự kiến áp dụng đến 23:59 | 28/02
1

Tặng phiếu mua hàng Apple Watch trị giá 1,000,000đ

2

Tặng phiếu mua hàng Macbook trị giá 1,000,000đ

3

Phiếu mua hàng Airpods trị giá 500.000đ

4

Tặng Phiếu mua hàng mua sạc dự phòng (trừ AVA+, Hydrus); đồng hồ thông minh (trừ Apple); Tai nghe bluetooth và Loa bluetooth các hãng JBL, Marshall,Harman Kardon; Ốp lưng (trừ Apple) trị giá 100.000đ

5

Phiếu mua hàng mua Sim data 500GB 1 tháng trị giá 100,000đ Xem chi tiết

6

Thu cũ đổi mới: Giảm đến 2,000,000đ (Không kèm ưu đãi thanh toán qua cổng, mua kèm) Xem chi tiết";"Ưu đãi thanh toán Online (Click chọn để áp dụng)
 Giảm 250.000đ -
Xem chi tiết
Áp dụng sản phẩm từ 5.000.000đ trở lên.";https://www.thegioididong.com/dtdd/iphone-16-plus;Skipped
iPhone 15 256GB;Xanh dương nhạt;Yes;21990000;19990000;2026-02-01;"Khuyến mãi

Giá và khuyến mãi dự kiến áp dụng đến 23:59 | 28/02
1

Tặng phiếu mua hàng Apple Watch trị giá 1,000,000đ

2

Tặng phiếu mua hàng Macbook trị giá 1,000,000đ

3

Phiếu mua hàng Airpods trị giá 500.000đ

4

Tặng Phiếu mua hàng mua sạc dự phòng (trừ AVA+, Hydrus); đồng hồ thông minh (trừ Apple); Tai nghe bluetooth và Loa bluetooth các hãng JBL, Marshall,Harman Kardon; Ốp lưng (trừ Apple) trị giá 100.000đ

5

Phiếu mua hàng mua Sim data 500GB 1 tháng trị giá 100,000đ Xem chi tiết

6

Thu cũ đổi mới: Giảm đến 2,000,000đ (Không kèm ưu đãi thanh toán qua cổng, mua kèm) Xem chi tiết";"Ưu đãi thanh toán Online (Click chọn để áp dụng)
 Giảm 250.000đ -
Xem chi tiết
Áp dụng sản phẩm từ 5.000.000đ trở lên.";https://www.thegioididong.com/dtdd/iphone-15;Skipped
iPhone 16 Pro 1TB;Titan Sa Mạc;No;42990000;39990000;2026-02-01;"Khuyến mãi

Giá và khuyến mãi dự kiến áp dụng đến 23:59 | 28/02
1

Tặng phiếu mua hàng Apple Watch trị giá 1,000,000đ

2

Tặng phiếu mua hàng Macbook trị giá 1,000,000đ

3

Phiếu mua hàng Airpods trị giá 500.000đ

4

Tặng Phiếu mua hàng mua sạc dự phòng (trừ AVA+, Hydrus); đồng hồ thông minh (trừ Apple); Tai nghe bluetooth và Loa bluetooth các hãng JBL, Marshall,Harman Kardon; Ốp lưng (trừ Apple) trị giá 100.000đ

5

Phiếu mua hàng mua Sim data 500GB 1 tháng trị giá 100,000đ Xem chi tiết

6

Thu cũ đổi mới: Giảm đến 2,000,000đ (Không kèm ưu đãi thanh toán qua cổng, mua kèm) Xem chi tiết";;https://www.thegioididong.com/dtdd/iphone-16-pro;DEBUG_OOS_iPhone 16 Pro 1TB_Titan Sa Mạc_080803.png
iPhone 16 128GB;Xanh Lưu Ly;Yes;21990000;19990000;2026-02-01;"Khuyến mãi

Giá và khuyến mãi dự kiến áp dụng đến 23:59 | 28/02
1

Tặng phiếu mua hàng Apple Watch trị giá 1,000,000đ

2

Tặng phiếu mua hàng Macbook trị giá 1,000,000đ

3

Phiếu mua hàng Airpods trị giá 500.000đ

4

Tặng Phiếu mua hàng mua sạc dự phòng (trừ AVA+, Hydrus); đồng hồ thông minh (trừ Apple); Tai nghe bluetooth và Loa bluetooth các hãng JBL, Marshall,Harman Kardon; Ốp lưng (trừ Apple) trị giá 100.000đ

5

Phiếu mua hàng mua Sim data 500GB 1 tháng trị giá 100,000đ Xem chi tiết

6

Thu cũ đổi mới: Giảm đến 2,000,000đ (Không kèm ưu đãi thanh toán qua cổng, mua kèm) Xem chi tiết";"Ưu đãi thanh toán Online (Click chọn để áp dụng)
 Giảm 250.000đ -
Xem chi tiết
Áp dụng sản phẩm từ 5.000.000đ trở lên.";https://www.thegioididong.com/dtdd/iphone-16;Skipped
iPhone 15 Plus 512GB;Xanh lá nhạt;No;30990000;27990000;2026-02-01;"Khuyến mãi

Giá và khuyến mãi dự kiến áp dụng đến 23:59 | 28/02
1

Tặng phiếu mua hàng Apple Watch trị giá 1,000,000đ

2

Tặng phiếu mua hàng Macbook trị giá 1,000,000đ

3

Phiếu mua hàng Airpods trị giá 500.000đ

4

Tặng Phiếu mua hàng mua sạc dự phòng (trừ AVA+, Hydrus); đồng hồ thông minh (trừ Apple); Tai nghe bluetooth và Loa bluetooth các hãng JBL, Marshall,Harman Kardon; Ốp lưng (trừ Apple) trị giá 100.000đ

5

Phiếu mua hàng mua Sim data 500GB 1 tháng trị giá 100,000đ Xem chi tiết

6

Thu cũ đổi mới: Giảm đến 2,000,000đ (Không kèm ưu đãi thanh toán qua cổng, mua kèm) Xem chi tiết";;https://www.thegioididong.com/dtdd/iphone-15-plus;DEBUG_OOS_iPhone 15 Plus 512GB_Xanh lá nhạt_080805.png
iPhone 16 Pro 1TB;Titan trắng;No;42990000;39990000;2026-02-01;"Khuyến mãi

Giá và khuyến mãi dự kiến áp dụng đến 23:59 | 28/02
1

Tặng phiếu mua hàng Apple Watch trị giá 1,000,000đ

2

Tặng phiếu mua hàng Macbook trị giá 1,000,000đ

3

Phiếu mua hàng Airpods trị giá 500.000đ

4

Tặng Phiếu mua hàng mua sạc dự phòng (trừ AVA+, Hydrus); đồng hồ thông minh (trừ Apple); Tai nghe bluetooth và Loa bluetooth các hãng JBL, Marshall,Harman Kardon; Ốp lưng (trừ Apple) trị giá 100.000đ

5

Phiếu mua hàng mua Sim data 500GB 1 tháng trị giá 100,000đ Xem chi tiết

6

Thu cũ đổi mới: Giảm đến 2,000,000đ (Không kèm ưu đãi thanh toán qua cổng, mua kèm) Xem chi tiết";;https://www.thegioididong.com/dtdd/iphone-16-pro;DEBUG_OOS_iPhone 16 Pro 1TB_Titan trắng_080806.png
iPhone 15 256GB;Đen;Yes;21990000;19990000;2026-02-01;"Khuyến mãi

Giá và khuyến mãi dự kiến áp dụng đến 23:59 | 28/02
1

Tặng phiếu mua hàng Apple Watch trị giá 1,000,000đ

2

Tặng phiếu mua hàng Macbook trị giá 1,000,000đ

3

Phiếu mua hàng Airpods trị giá 500.000đ

4

Tặng Phiếu mua hàng mua sạc dự phòng (trừ AVA+, Hydrus); đồng hồ thông minh (trừ Apple); Tai nghe bluetooth và Loa bluetooth các hãng JBL, Marshall,Harman Kardon; Ốp lưng (trừ Apple) trị giá 100.000đ

5

Phiếu mua hàng mua Sim data 500GB 1 tháng trị giá 100,000đ Xem chi tiết

6

Thu cũ đổi mới: Giảm đến 2,000,000đ (Không kèm ưu đãi thanh toán qua cổng, mua kèm) Xem chi tiết";"Ưu đãi thanh toán Online (Click chọn để áp dụng)
 Giảm 250.000đ -
Xem chi tiết
Áp dụng sản phẩm từ 5.000.000đ trở lên.";https://www.thegioididong.com/dtdd/iphone-15;Skipped
iPhone 16 Plus 256GB;Xanh Lưu Ly;Yes;28990000;26990000;2026-02-01;"Khuyến mãi

Giá và khuyến mãi dự kiến áp dụng đến 23:59 | 28/02
1

Tặng phiếu mua hàng Apple Watch trị giá 1,000,000đ

2

Tặng phiếu mua hàng Macbook trị giá 1,000,000đ

3

Phiếu mua hàng Airpods trị giá 500.000đ

4

Tặng Phiếu mua hàng mua sạc dự phòng (trừ AVA+, Hydrus); đồng hồ thông minh (trừ Apple); Tai nghe bluetooth và Loa bluetooth các hãng JBL, Marshall,Harman Kardon; Ốp lưng (trừ Apple) trị giá 100.000đ

5

Phiếu mua hàng mua Sim data 500GB 1 tháng trị giá 100,000đ Xem chi tiết

6

Thu cũ đổi mới: Giảm đến 2,000,000đ (Không kèm ưu đãi thanh toán qua cổng, mua kèm) Xem chi tiết";"Ưu đãi thanh toán Online (Click chọn để áp dụng)
 Giảm 250.000đ -
Xem chi tiết
Áp dụng sản phẩm từ 5.000.000đ trở lên.";https://www.thegioididong.com/dtdd/iphone-16-plus;Skipped
iPhone 16 128GB;Đen;Yes;21990000;19990000;2026-02-01;"Khuyến mãi

Giá và khuyến mãi dự kiến áp dụng đến 23:59 | 28/02
1

Tặng phiếu mua hàng Apple Watch trị giá 1,000,000đ

2

Tặng phiếu mua hàng Macbook trị giá 1,000,000đ

3

Phiếu mua hàng Airpods trị giá 500.000đ

4

Tặng Phiếu mua hàng mua sạc dự phòng (trừ AVA+, Hydrus); đồng hồ thông minh (trừ Apple); Tai nghe bluetooth và Loa bluetooth các hãng JBL, Marshall,Harman Kardon; Ốp lưng (trừ Apple) trị giá 100.000đ

5

Phiếu mua hàng mua Sim data 500GB 1 tháng trị giá 100,000đ Xem chi tiết

6

Thu cũ đổi mới: Giảm đến 2,000,000đ (Không kèm ưu đãi thanh toán qua cổng, mua kèm) Xem chi tiết";"Ưu đãi thanh toán Online (Click chọn để áp dụng)
 Giảm 250.000đ -
Xem chi tiết
Áp dụng sản phẩm từ 5.000.000đ trở lên.";https://www.thegioididong.com/dtdd/iphone-16;Skipped
iPhone 15 Plus 512GB;Vàng nhạt;Yes;30990000;27990000;2026-02-01;"Khuyến mãi

Giá và khuyến mãi dự kiến áp dụng đến 23:59 | 28/02
1

Tặng phiếu mua hàng Apple Watch trị giá 1,000,000đ

2

Tặng phiếu mua hàng Macbook trị giá 1,000,000đ

3

Phiếu mua hàng Airpods trị giá 500.000đ

4

Tặng Phiếu mua hàng mua sạc dự phòng (trừ AVA+, Hydrus); đồng hồ thông minh (trừ Apple); Tai nghe bluetooth và Loa bluetooth các hãng JBL, Marshall,Harman Kardon; Ốp lưng (trừ Apple) trị giá 100.000đ

5

Phiếu mua hàng mua Sim data 500GB 1 tháng trị giá 100,000đ Xem chi tiết

6

Thu cũ đổi mới: Giảm đến 2,000,000đ (Không kèm ưu đãi thanh toán qua cổng, mua kèm) Xem chi tiết";"Ưu đãi thanh toán Online (Click chọn để áp dụng)
 Giảm 250.000đ -
Xem chi tiết
Áp dụng sản phẩm từ 5.000.000đ trở lên.";https://www.thegioididong.com/dtdd/iphone-15-plus;Skipped
iPhone 16 Pro 1TB;Titan đen;Yes;42990000;39990000;2026-02-01;"Khuyến mãi

Giá và khuyến mãi dự kiến áp dụng đến 23:59 | 28/02
1

Tặng phiếu mua hàng Apple Watch trị giá 1,000,000đ

2

Tặng phiếu mua hàng Macbook trị giá 1,000,000đ

3

Phiếu mua hàng Airpods trị giá 500.000đ

4

Tặng Phiếu mua hàng mua sạc dự phòng (trừ AVA+, Hydrus); đồng hồ thông minh (trừ Apple); Tai nghe bluetooth và Loa bluetooth các hãng JBL, Marshall,Harman Kardon; Ốp lưng (trừ Apple) trị giá 100.000đ

5

Phiếu mua hàng mua Sim data 500GB 1 tháng trị giá 100,000đ Xem chi tiết

6

Thu cũ đổi mới: Giảm đến 2,000,000đ (Không kèm ưu đãi thanh toán qua cổng, mua kèm) Xem chi tiết";"Ưu đãi thanh toán Online (Click chọn để áp dụng)
 Giảm 1.000.000đ - Xem chi tiết
Áp dụng sản phẩm từ 10.000.000đ trở lên.
 Giảm 250.000đ - Xem chi tiết
Áp dụng sản phẩm từ 5.000.000đ trở lên.";https://www.thegioididong.com/dtdd/iphone-16-pro;Skipped
iPhone 15 256GB;Xanh lá nhạt;Yes;21990000;19990000;2026-02-01;"Khuyến mãi

Giá và khuyến mãi dự kiến áp dụng đến 23:59 | 28/02
1

Tặng phiếu mua hàng Apple Watch trị giá 1,000,000đ

2

Tặng phiếu mua hàng Macbook trị giá 1,000,000đ

3

Phiếu mua hàng Airpods trị giá 500.000đ

4

Tặng Phiếu mua hàng mua sạc dự phòng (trừ AVA+, Hydrus); đồng hồ thông minh (trừ Apple); Tai nghe bluetooth và Loa bluetooth các hãng JBL, Marshall,Harman Kardon; Ốp lưng (trừ Apple) trị giá 100.000đ

5

Phiếu mua hàng mua Sim data 500GB 1 tháng trị giá 100,000đ Xem chi tiết

6

Thu cũ đổi mới: Giảm đến 2,000,000đ (Không kèm ưu đãi thanh toán qua cổng, mua kèm) Xem chi tiết";"Ưu đãi thanh toán Online (Click chọn để áp dụng)
 Giảm 250.000đ -
Xem chi tiết
Áp dụng sản phẩm từ 5.000.000đ trở lên.";https://www.thegioididong.com/dtdd/iphone-15;Skipped
iPhone 16 Plus 256GB;Xanh Mòng Két;Yes;28990000;26990000;2026-02-01;"Khuyến mãi

Giá và khuyến mãi dự kiến áp dụng đến 23:59 | 28/02
1

Tặng phiếu mua hàng Apple Watch trị giá 1,000,000đ

2

Tặng phiếu mua hàng Macbook trị giá 1,000,000đ

3

Phiếu mua hàng Airpods trị giá 500.000đ

4

Tặng Phiếu mua hàng mua sạc dự phòng (trừ AVA+, Hydrus); đồng hồ thông minh (trừ Apple); Tai nghe bluetooth và Loa bluetooth các hãng JBL, Marshall,Harman Kardon; Ốp lưng (trừ Apple) trị giá 100.000đ

5

Phiếu mua hàng mua Sim data 500GB 1 tháng trị giá 100,000đ Xem chi tiết

6

Thu cũ đổi mới: Giảm đến 2,000,000đ (Không kèm ưu đãi thanh toán qua cổng, mua kèm) Xem chi tiết";"Ưu đãi thanh toán Online (Click chọn để áp dụng)
 Giảm 250.000đ -
Xem chi tiết
Áp dụng sản phẩm từ 5.000.000đ trở lên.";https://www.thegioididong.com/dtdd/iphone-16-plus;Skipped
iPhone 16 128GB;Hồng;Yes;21990000;19990000;2026-02-01;"Khuyến mãi

Giá và khuyến mãi dự kiến áp dụng đến 23:59 | 28/02
1

Tặng phiếu mua hàng Apple Watch trị giá 1,000,000đ

2

Tặng phiếu mua hàng Macbook trị giá 1,000,000đ

3

Phiếu mua hàng Airpods trị giá 500.000đ

4

Tặng Phiếu mua hàng mua sạc dự phòng (trừ AVA+, Hydrus); đồng hồ thông minh (trừ Apple); Tai nghe bluetooth và Loa bluetooth các hãng JBL, Marshall,Harman Kardon; Ốp lưng (trừ Apple) trị giá 100.000đ

5

Phiếu mua hàng mua Sim data 500GB 1 tháng trị giá 100,000đ Xem chi tiết

6

Thu cũ đổi mới: Giảm đến 2,000,000đ (Không kèm ưu đãi thanh toán qua cổng, mua kèm) Xem chi tiết";"Ưu đãi thanh toán Online (Click chọn để áp dụng)
 Giảm 250.000đ -
Xem chi tiết
Áp dụng sản phẩm từ 5.000.000đ trở lên.";https://www.thegioididong.com/dtdd/iphone-16;Skipped
iPhone 15 Plus 512GB;Hồng nhạt;No;30990000;27990000;2026-02-01;"Khuyến mãi

Giá và khuyến mãi dự kiến áp dụng đến 23:59 | 28/02
1

Tặng phiếu mua hàng Apple Watch trị giá 1,000,000đ

2

Tặng phiếu mua hàng Macbook trị giá 1,000,000đ

3

Phiếu mua hàng Airpods trị giá 500.000đ

4

Tặng Phiếu mua hàng mua sạc dự phòng (trừ AVA+, Hydrus); đồng hồ thông minh (trừ Apple); Tai nghe bluetooth và Loa bluetooth các hãng JBL, Marshall,Harman Kardon; Ốp lưng (trừ Apple) trị giá 100.000đ

5

Phiếu mua hàng mua Sim data 500GB 1 tháng trị giá 100,000đ Xem chi tiết

6

Thu cũ đổi mới: Giảm đến 2,000,000đ (Không kèm ưu đãi thanh toán qua cổng, mua kèm) Xem chi tiết";;https://www.thegioididong.com/dtdd/iphone-15-plus;DEBUG_OOS_iPhone 15 Plus 512GB_Hồng nhạt_080816.png
iPhone 16 Pro 1TB;Titan tự nhiên;No;42990000;39990000;2026-02-01;"Khuyến mãi

Giá và khuyến mãi dự kiến áp dụng đến 23:59 | 28/02
1

Tặng phiếu mua hàng Apple Watch trị giá 1,000,000đ

2

Tặng phiếu mua hàng Macbook trị giá 1,000,000đ

3

Phiếu mua hàng Airpods trị giá 500.000đ

4

Tặng Phiếu mua hàng mua sạc dự phòng (trừ AVA+, Hydrus); đồng hồ thông minh (trừ Apple); Tai nghe bluetooth và Loa bluetooth các hãng JBL, Marshall,Harman Kardon; Ốp lưng (trừ Apple) trị giá 100.000đ

5

Phiếu mua hàng mua Sim data 500GB 1 tháng trị giá 100,000đ Xem chi tiết

6

Thu cũ đổi mới: Giảm đến 2,000,000đ (Không kèm ưu đãi thanh toán qua cổng, mua kèm) Xem chi tiết";;https://www.thegioididong.com/dtdd/iphone-16-pro;DEBUG_OOS_iPhone 16 Pro 1TB_Titan tự nhiên_080817.png
iPhone 15 256GB;Vàng nhạt;No;21990000;19990000;2026-02-01;"Khuyến mãi

Giá và khuyến mãi dự kiến áp dụng đến 23:59 | 28/02
1

Tặng phiếu mua hàng Apple Watch trị giá 1,000,000đ

2

Tặng phiếu mua hàng Macbook trị giá 1,000,000đ

3

Phiếu mua hàng Airpods trị giá 500.000đ

4

Tặng Phiếu mua hàng mua sạc dự phòng (trừ AVA+, Hydrus); đồng hồ thông minh (trừ Apple); Tai nghe bluetooth và Loa bluetooth các hãng JBL, Marshall,Harman Kardon; Ốp lưng (trừ Apple) trị giá 100.000đ

5

Phiếu mua hàng mua Sim data 500GB 1 tháng trị giá 100,000đ Xem chi tiết

6

Thu cũ đổi mới: Giảm đến 2,000,000đ (Không kèm ưu đãi thanh toán qua cổng, mua kèm) Xem chi tiết";;https://www.thegioididong.com/dtdd/iphone-15;DEBUG_OOS_iPhone 15 256GB_Vàng nhạt_080818.png
iPhone 15 Plus 512GB;Đen;No;30990000;27990000;2026-02-01;"Khuyến mãi

Giá và khuyến mãi dự kiến áp dụng đến 23:59 | 28/02
1

Tặng phiếu mua hàng Apple Watch trị giá 1,000,000đ

2

Tặng phiếu mua hàng Macbook trị giá 1,000,000đ

3

Phiếu mua hàng Airpods trị giá 500.000đ

4

Tặng Phiếu mua hàng mua sạc dự phòng (trừ AVA+, Hydrus); đồng hồ thông minh (trừ Apple); Tai nghe bluetooth và Loa bluetooth các hãng JBL, Marshall,Harman Kardon; Ốp lưng (trừ Apple) trị giá 100.000đ

5

Phiếu mua hàng mua Sim data 500GB 1 tháng trị giá 100,000đ Xem chi tiết

6

Thu cũ đổi mới: Giảm đến 2,000,000đ (Không kèm ưu đãi thanh toán qua cổng, mua kèm) Xem chi tiết";;https://www.thegioididong.com/dtdd/iphone-15-plus;DEBUG_OOS_iPhone 15 Plus 512GB_Đen_080819.png
iPhone 16 Pro 1TB;Titan Sa Mạc;No;42990000;39990000;2026-02-01;"Khuyến mãi

Giá và khuyến mãi dự kiến áp dụng đến 23:59 | 28/02
1

Tặng phiếu mua hàng Apple Watch trị giá 1,000,000đ

2

Tặng phiếu mua hàng Macbook trị giá 1,000,000đ

3

Phiếu mua hàng Airpods trị giá 500.000đ

4

Tặng Phiếu mua hàng mua sạc dự phòng (trừ AVA+, Hydrus); đồng hồ thông minh (trừ Apple); Tai nghe bluetooth và Loa bluetooth các hãng JBL, Marshall,Harman Kardon; Ốp lưng (trừ Apple) trị giá 100.000đ

5

Phiếu mua hàng mua Sim data 500GB 1 tháng trị giá 100,000đ Xem chi tiết

6

Thu cũ đổi mới: Giảm đến 2,000,000đ (Không kèm ưu đãi thanh toán qua cổng, mua kèm) Xem chi tiết";;https://www.thegioididong.com/dtdd/iphone-16-pro;DEBUG_OOS_iPhone 16 Pro 1TB_Titan Sa Mạc_080821.png
iPhone 16 128GB;Xanh Mòng Két;Yes;21990000;19990000;2026-02-01;"Khuyến mãi

Giá và khuyến mãi dự kiến áp dụng đến 23:59 | 28/02
1

Tặng phiếu mua hàng Apple Watch trị giá 1,000,000đ

2

Tặng phiếu mua hàng Macbook trị giá 1,000,000đ

3

Phiếu mua hàng Airpods trị giá 500.000đ

4

Tặng Phiếu mua hàng mua sạc dự phòng (trừ AVA+, Hydrus); đồng hồ thông minh (trừ Apple); Tai nghe bluetooth và Loa bluetooth các hãng JBL, Marshall,Harman Kardon; Ốp lưng (trừ Apple) trị giá 100.000đ

5

Phiếu mua hàng mua Sim data 500GB 1 tháng trị giá 100,000đ Xem chi tiết

6

Thu cũ đổi mới: Giảm đến 2,000,000đ (Không kèm ưu đãi thanh toán qua cổng, mua kèm) Xem chi tiết";"Ưu đãi thanh toán Online (Click chọn để áp dụng)
 Giảm 250.000đ -
Xem chi tiết
Áp dụng sản phẩm từ 5.000.000đ trở lên.";https://www.thegioididong.com/dtdd/iphone-16;Skipped
iPhone 16 Plus 256GB;Trắng;Yes;28990000;26990000;2026-02-01;"Khuyến mãi

Giá và khuyến mãi dự kiến áp dụng đến 23:59 | 28/02
1

Tặng phiếu mua hàng Apple Watch trị giá 1,000,000đ

2

Tặng phiếu mua hàng Macbook trị giá 1,000,000đ

3

Phiếu mua hàng Airpods trị giá 500.000đ

4

Tặng Phiếu mua hàng mua sạc dự phòng (trừ AVA+, Hydrus); đồng hồ thông minh (trừ Apple); Tai nghe bluetooth và Loa bluetooth các hãng JBL, Marshall,Harman Kardon; Ốp lưng (trừ Apple) trị giá 100.000đ

5

Phiếu mua hàng mua Sim data 500GB 1 tháng trị giá 100,000đ Xem chi tiết

6

Thu cũ đổi mới: Giảm đến 2,000,000đ (Không kèm ưu đãi thanh toán qua cổng, mua kèm) Xem chi tiết";"Ưu đãi thanh toán Online (Click chọn để áp dụng)
 Giảm 250.000đ -
Xem chi tiết
Áp dụng sản phẩm từ 5.000.000đ trở lên.";https://www.thegioididong.com/dtdd/iphone-16-plus;Skipped
iPhone 15 Plus 512GB;Xanh dương nhạt;No;30990000;27990000;2026-02-01;"Khuyến mãi

Giá và khuyến mãi dự kiến áp dụng đến 23:59 | 28/02
1

Tặng phiếu mua hàng Apple Watch trị giá 1,000,000đ

2

Tặng phiếu mua hàng Macbook trị giá 1,000,000đ

3

Phiếu mua hàng Airpods trị giá 500.000đ

4

Tặng Phiếu mua hàng mua sạc dự phòng (trừ AVA+, Hydrus); đồng hồ thông minh (trừ Apple); Tai nghe bluetooth và Loa bluetooth các hãng JBL, Marshall,Harman Kardon; Ốp lưng (trừ Apple) trị giá 100.000đ

5

Phiếu mua hàng mua Sim data 500GB 1 tháng trị giá 100,000đ Xem chi tiết

6

Thu cũ đổi mới: Giảm đến 2,000,000đ (Không kèm ưu đãi thanh toán qua cổng, mua kèm) Xem chi tiết";;https://www.thegioididong.com/dtdd/iphone-15-plus;DEBUG_OOS_iPhone 15 Plus 512GB_Xanh dương nhạt_080823.png
iPhone 16 Pro 1TB;Titan trắng;No;42990000;39990000;2026-02-01;"Khuyến mãi

Giá và khuyến mãi dự kiến áp dụng đến 23:59 | 28/02
1

Tặng phiếu mua hàng Apple Watch trị giá 1,000,000đ

2

Tặng phiếu mua hàng Macbook trị giá 1,000,000đ

3

Phiếu mua hàng Airpods trị giá 500.000đ

4

Tặng Phiếu mua hàng mua sạc dự phòng (trừ AVA+, Hydrus); đồng hồ thông minh (trừ Apple); Tai nghe bluetooth và Loa bluetooth các hãng JBL, Marshall,Harman Kardon; Ốp lưng (trừ Apple) trị giá 100.000đ

5

Phiếu mua hàng mua Sim data 500GB 1 tháng trị giá 100,000đ Xem chi tiết

6

Thu cũ đổi mới: Giảm đến 2,000,000đ (Không kèm ưu đãi thanh toán qua cổng, mua kèm) Xem chi tiết";;https://www.thegioididong.com/dtdd/iphone-16-pro;DEBUG_OOS_iPhone 16 Pro 1TB_Titan trắng_080824.png
iPhone 15 Plus 512GB;Xanh lá nhạt;No;30990000;27990000;2026-02-01;"Khuyến mãi

Giá và khuyến mãi dự kiến áp dụng đến 23:59 | 28/02
1

Tặng phiếu mua hàng Apple Watch trị giá 1,000,000đ

2

Tặng phiếu mua hàng Macbook trị giá 1,000,000đ

3

Phiếu mua hàng Airpods trị giá 500.000đ

4

Tặng Phiếu mua hàng mua sạc dự phòng (trừ AVA+, Hydrus); đồng hồ thông minh (trừ Apple); Tai nghe bluetooth và Loa bluetooth các hãng JBL, Marshall,Harman Kardon; Ốp lưng (trừ Apple) trị giá 100.000đ

5

Phiếu mua hàng mua Sim data 500GB 1 tháng trị giá 100,000đ Xem chi tiết

6

Thu cũ đổi mới: Giảm đến 2,000,000đ (Không kèm ưu đãi thanh toán qua cổng, mua kèm) Xem chi tiết";;https://www.thegioididong.com/dtdd/iphone-15-plus;DEBUG_OOS_iPhone 15 Plus 512GB_Xanh lá nhạt_080826.png
iPhone 15 256GB;Hồng nhạt;Yes;21990000;19990000;2026-02-01;"Khuyến mãi

Giá và khuyến mãi dự kiến áp dụng đến 23:59 | 28/02
1

Tặng phiếu mua hàng Apple Watch trị giá 1,000,000đ

2

Tặng phiếu mua hàng Macbook trị giá 1,000,000đ

3

Phiếu mua hàng Airpods trị giá 500.000đ

4

Tặng Phiếu mua hàng mua sạc dự phòng (trừ AVA+, Hydrus); đồng hồ thông minh (trừ Apple); Tai nghe bluetooth và Loa bluetooth các hãng JBL, Marshall,Harman Kardon; Ốp lưng (trừ Apple) trị giá 100.000đ

5

Phiếu mua hàng mua Sim data 500GB 1 tháng trị giá 100,000đ Xem chi tiết

6

Thu cũ đổi mới: Giảm đến 2,000,000đ (Không kèm ưu đãi thanh toán qua cổng, mua kèm) Xem chi tiết";"Ưu đãi thanh toán Online (Click chọn để áp dụng)
 Giảm 250.000đ -
Xem chi tiết
Áp dụng sản phẩm từ 5.000.000đ trở lên.";https://www.thegioididong.com/dtdd/iphone-15;Skipped
iPhone 16 128GB;Trắng;Yes;21990000;19990000;2026-02-01;"Khuyến mãi

Giá và khuyến mãi dự kiến áp dụng đến 23:59 | 28/02
1

Tặng phiếu mua hàng Apple Watch trị giá 1,000,000đ

2

Tặng phiếu mua hàng Macbook trị giá 1,000,000đ

3

Phiếu mua hàng Airpods trị giá 500.000đ

4

Tặng Phiếu mua hàng mua sạc dự phòng (trừ AVA+, Hydrus); đồng hồ thông minh (trừ Apple); Tai nghe bluetooth và Loa bluetooth các hãng JBL, Marshall,Harman Kardon; Ốp lưng (trừ Apple) trị giá 100.000đ

5

Phiếu mua hàng mua Sim data 500GB 1 tháng trị giá 100,000đ Xem chi tiết

6

Thu cũ đổi mới: Giảm đến 2,000,000đ (Không kèm ưu đãi thanh toán qua cổng, mua kèm) Xem chi tiết";"Ưu đãi thanh toán Online (Click chọn để áp dụng)
 Giảm 250.000đ -
Xem chi tiết
Áp dụng sản phẩm từ 5.000.000đ trở lên.";https://www.thegioididong.com/dtdd/iphone-16;Skipped
iPhone 16 Plus 256GB;Hồng;Yes;28990000;26990000;2026-02-01;"Khuyến mãi

Giá và khuyến mãi dự kiến áp dụng đến 23:59 | 28/02
1

Tặng phiếu mua hàng Apple Watch trị giá 1,000,000đ

2

Tặng phiếu mua hàng Macbook trị giá 1,000,000đ

3

Phiếu mua hàng Airpods trị giá 500.000đ

4

Tặng Phiếu mua hàng mua sạc dự phòng (trừ AVA+, Hydrus); đồng hồ thông minh (trừ Apple); Tai nghe bluetooth và Loa bluetooth các hãng JBL, Marshall,Harman Kardon; Ốp lưng (trừ Apple) trị giá 100.000đ

5

Phiếu mua hàng mua Sim data 500GB 1 tháng trị giá 100,000đ Xem chi tiết

6

Thu cũ đổi mới: Giảm đến 2,000,000đ (Không kèm ưu đãi thanh toán qua cổng, mua kèm) Xem chi tiết";"Ưu đãi thanh toán Online (Click chọn để áp dụng)
 Giảm 250.000đ -
Xem chi tiết
Áp dụng sản phẩm từ 5.000.000đ trở lên.";https://www.thegioididong.com/dtdd/iphone-16-plus;Skipped
iPhone 15 Plus 512GB;Vàng nhạt;Yes;30990000;27990000;2026-02-01;"Khuyến mãi

Giá và khuyến mãi dự kiến áp dụng đến 23:59 | 28/02
1

Tặng phiếu mua hàng Apple Watch trị giá 1,000,000đ

2

Tặng phiếu mua hàng Macbook trị giá 1,000,000đ

3

Phiếu mua hàng Airpods trị giá 500.000đ

4

Tặng Phiếu mua hàng mua sạc dự phòng (trừ AVA+, Hydrus); đồng hồ thông minh (trừ Apple); Tai nghe bluetooth và Loa bluetooth các hãng JBL, Marshall,Harman Kardon; Ốp lưng (trừ Apple) trị giá 100.000đ

5

Phiếu mua hàng mua Sim data 500GB 1 tháng trị giá 100,000đ Xem chi tiết

6

Thu cũ đổi mới: Giảm đến 2,000,000đ (Không kèm ưu đãi thanh toán qua cổng, mua kèm) Xem chi tiết";"Ưu đãi thanh toán Online (Click chọn để áp dụng)
 Giảm 250.000đ -
Xem chi tiết
Áp dụng sản phẩm từ 5.000.000đ trở lên.";https://www.thegioididong.com/dtdd/iphone-15-plus;Skipped
iPhone 16 Pro 1TB;Titan đen;Yes;42990000;39990000;2026-02-01;"Khuyến mãi

Giá và khuyến mãi dự kiến áp dụng đến 23:59 | 28/02
1

Tặng phiếu mua hàng Apple Watch trị giá 1,000,000đ

2

Tặng phiếu mua hàng Macbook trị giá 1,000,000đ

3

Phiếu mua hàng Airpods trị giá 500.000đ

4

Tặng Phiếu mua hàng mua sạc dự phòng (trừ AVA+, Hydrus); đồng hồ thông minh (trừ Apple); Tai nghe bluetooth và Loa bluetooth các hãng JBL, Marshall,Harman Kardon; Ốp lưng (trừ Apple) trị giá 100.000đ

5

Phiếu mua hàng mua Sim data 500GB 1 tháng trị giá 100,000đ Xem chi tiết

6

Thu cũ đổi mới: Giảm đến 2,000,000đ (Không kèm ưu đãi thanh toán qua cổng, mua kèm) Xem chi tiết";"Ưu đãi thanh toán Online (Click chọn để áp dụng)
 Giảm 1.000.000đ - Xem chi tiết
Áp dụng sản phẩm từ 10.000.000đ trở lên.
 Giảm 250.000đ - Xem chi tiết
Áp dụng sản phẩm từ 5.000.000đ trở lên.";https://www.thegioididong.com/dtdd/iphone-16-pro;Skipped
iPhone 15 256GB;Xanh dương nhạt;Yes;21990000;19990000;2026-02-01;"Khuyến mãi

Giá và khuyến mãi dự kiến áp dụng đến 23:59 | 28/02
1

Tặng phiếu mua hàng Apple Watch trị giá 1,000,000đ

2

Tặng phiếu mua hàng Macbook trị giá 1,000,000đ

3

Phiếu mua hàng Airpods trị giá 500.000đ

4

Tặng Phiếu mua hàng mua sạc dự phòng (trừ AVA+, Hydrus); đồng hồ thông minh (trừ Apple); Tai nghe bluetooth và Loa bluetooth các hãng JBL, Marshall,Harman Kardon; Ốp lưng (trừ Apple) trị giá 100.000đ

5

Phiếu mua hàng mua Sim data 500GB 1 tháng trị giá 100,000đ Xem chi tiết

6

Thu cũ đổi mới: Giảm đến 2,000,000đ (Không kèm ưu đãi thanh toán qua cổng, mua kèm) Xem chi tiết";"Ưu đãi thanh toán Online (Click chọn để áp dụng)
 Giảm 250.000đ -
Xem chi tiết
Áp dụng sản phẩm từ 5.000.000đ trở lên.";https://www.thegioididong.com/dtdd/iphone-15;Skipped
iPhone 16 Plus 256GB;Đen;Yes;28990000;26990000;2026-02-01;"Khuyến mãi

Giá và khuyến mãi dự kiến áp dụng đến 23:59 | 28/02
1

Tặng phiếu mua hàng Apple Watch trị giá 1,000,000đ

2

Tặng phiếu mua hàng Macbook trị giá 1,000,000đ

3

Phiếu mua hàng Airpods trị giá 500.000đ

4

Tặng Phiếu mua hàng mua sạc dự phòng (trừ AVA+, Hydrus); đồng hồ thông minh (trừ Apple); Tai nghe bluetooth và Loa bluetooth các hãng JBL, Marshall,Harman Kardon; Ốp lưng (trừ Apple) trị giá 100.000đ

5

Phiếu mua hàng mua Sim data 500GB 1 tháng trị giá 100,000đ Xem chi tiết

6

Thu cũ đổi mới: Giảm đến 2,000,000đ (Không kèm ưu đãi thanh toán qua cổng, mua kèm) Xem chi tiết";"Ưu đãi thanh toán Online (Click chọn để áp dụng)
 Giảm 250.000đ -
Xem chi tiết
Áp dụng sản phẩm từ 5.000.000đ trở lên.";https://www.thegioididong.com/dtdd/iphone-16-plus;Skipped
iPhone 16 Pro 1TB;Titan tự nhiên;No;42990000;39990000;2026-02-01;"Khuyến mãi

Giá và khuyến mãi dự kiến áp dụng đến 23:59 | 28/02
1

Tặng phiếu mua hàng Apple Watch trị giá 1,000,000đ

2

Tặng phiếu mua hàng Macbook trị giá 1,000,000đ

3

Phiếu mua hàng Airpods trị giá 500.000đ

4

Tặng Phiếu mua hàng mua sạc dự phòng (trừ AVA+, Hydrus); đồng hồ thông minh (trừ Apple); Tai nghe bluetooth và Loa bluetooth các hãng JBL, Marshall,Harman Kardon; Ốp lưng (trừ Apple) trị giá 100.000đ

5

Phiếu mua hàng mua Sim data 500GB 1 tháng trị giá 100,000đ Xem chi tiết

6

Thu cũ đổi mới: Giảm đến 2,000,000đ (Không kèm ưu đãi thanh toán qua cổng, mua kèm) Xem chi tiết";;https://www.thegioididong.com/dtdd/iphone-16-pro;DEBUG_OOS_iPhone 16 Pro 1TB_Titan tự nhiên_080836.png
iPhone 16 128GB;Xanh Lưu Ly;Yes;21990000;19990000;2026-02-01;"Khuyến mãi

Giá và khuyến mãi dự kiến áp dụng đến 23:59 | 28/02
1

Tặng phiếu mua hàng Apple Watch trị giá 1,000,000đ

2

Tặng phiếu mua hàng Macbook trị giá 1,000,000đ

3

Phiếu mua hàng Airpods trị giá 500.000đ

4

Tặng Phiếu mua hàng mua sạc dự phòng (trừ AVA+, Hydrus); đồng hồ thông minh (trừ Apple); Tai nghe bluetooth và Loa bluetooth các hãng JBL, Marshall,Harman Kardon; Ốp lưng (trừ Apple) trị giá 100.000đ

5

Phiếu mua hàng mua Sim data 500GB 1 tháng trị giá 100,000đ Xem chi tiết

6

Thu cũ đổi mới: Giảm đến 2,000,000đ (Không kèm ưu đãi thanh toán qua cổng, mua kèm) Xem chi tiết";"Ưu đãi thanh toán Online (Click chọn để áp dụng)
 Giảm 250.000đ -
Xem chi tiết
Áp dụng sản phẩm từ 5.000.000đ trở lên.";https://www.thegioididong.com/dtdd/iphone-16;Skipped
iPhone 15 Plus 512GB;Hồng nhạt;No;30990000;27990000;2026-02-01;"Khuyến mãi

Giá và khuyến mãi dự kiến áp dụng đến 23:59 | 28/02
1

Tặng phiếu mua hàng Apple Watch trị giá 1,000,000đ

2

Tặng phiếu mua hàng Macbook trị giá 1,000,000đ

3

Phiếu mua hàng Airpods trị giá 500.000đ

4

Tặng Phiếu mua hàng mua sạc dự phòng (trừ AVA+, Hydrus); đồng hồ thông minh (trừ Apple); Tai nghe bluetooth và Loa bluetooth các hãng JBL, Marshall,Harman Kardon; Ốp lưng (trừ Apple) trị giá 100.000đ

5

Phiếu mua hàng mua Sim data 500GB 1 tháng trị giá 100,000đ Xem chi tiết

6

Thu cũ đổi mới: Giảm đến 2,000,000đ (Không kèm ưu đãi thanh toán qua cổng, mua kèm) Xem chi tiết";;https://www.thegioididong.com/dtdd/iphone-15-plus;DEBUG_OOS_iPhone 15 Plus 512GB_Hồng nhạt_080838.png
iPhone 15 256GB;Đen;Yes;21990000;19990000;2026-02-01;"Khuyến mãi

Giá và khuyến mãi dự kiến áp dụng đến 23:59 | 28/02
1

Tặng phiếu mua hàng Apple Watch trị giá 1,000,000đ

2

Tặng phiếu mua hàng Macbook trị giá 1,000,000đ

3

Phiếu mua hàng Airpods trị giá 500.000đ

4

Tặng Phiếu mua hàng mua sạc dự phòng (trừ AVA+, Hydrus); đồng hồ thông minh (trừ Apple); Tai nghe bluetooth và Loa bluetooth các hãng JBL, Marshall,Harman Kardon; Ốp lưng (trừ Apple) trị giá 100.000đ

5

Phiếu mua hàng mua Sim data 500GB 1 tháng trị giá 100,000đ Xem chi tiết

6

Thu cũ đổi mới: Giảm đến 2,000,000đ (Không kèm ưu đãi thanh toán qua cổng, mua kèm) Xem chi tiết";"Ưu đãi thanh toán Online (Click chọn để áp dụng)
 Giảm 250.000đ -
Xem chi tiết
Áp dụng sản phẩm từ 5.000.000đ trở lên.";https://www.thegioididong.com/dtdd/iphone-15;Skipped
iPhone 16 Pro 1TB;Titan Sa Mạc;No;42990000;39990000;2026-02-01;"Khuyến mãi

Giá và khuyến mãi dự kiến áp dụng đến 23:59 | 28/02
1

Tặng phiếu mua hàng Apple Watch trị giá 1,000,000đ

2

Tặng phiếu mua hàng Macbook trị giá 1,000,000đ

3

Phiếu mua hàng Airpods trị giá 500.000đ

4

Tặng Phiếu mua hàng mua sạc dự phòng (trừ AVA+, Hydrus); đồng hồ thông minh (trừ Apple); Tai nghe bluetooth và Loa bluetooth các hãng JBL, Marshall,Harman Kardon; Ốp lưng (trừ Apple) trị giá 100.000đ

5

Phiếu mua hàng mua Sim data 500GB 1 tháng trị giá 100,000đ Xem chi tiết

6

Thu cũ đổi mới: Giảm đến 2,000,000đ (Không kèm ưu đãi thanh toán qua cổng, mua kèm) Xem chi tiết";;https://www.thegioididong.com/dtdd/iphone-16-pro;DEBUG_OOS_iPhone 16 Pro 1TB_Titan Sa Mạc_080839.png
iPhone 15 Plus 512GB;Đen;No;30990000;27990000;2026-02-01;"Khuyến mãi

Giá và khuyến mãi dự kiến áp dụng đến 23:59 | 28/02
1

Tặng phiếu mua hàng Apple Watch trị giá 1,000,000đ

2

Tặng phiếu mua hàng Macbook trị giá 1,000,000đ

3

Phiếu mua hàng Airpods trị giá 500.000đ

4

Tặng Phiếu mua hàng mua sạc dự phòng (trừ AVA+, Hydrus); đồng hồ thông minh (trừ Apple); Tai nghe bluetooth và Loa bluetooth các hãng JBL, Marshall,Harman Kardon; Ốp lưng (trừ Apple) trị giá 100.000đ

5

Phiếu mua hàng mua Sim data 500GB 1 tháng trị giá 100,000đ Xem chi tiết

6

Thu cũ đổi mới: Giảm đến 2,000,000đ (Không kèm ưu đãi thanh toán qua cổng, mua kèm) Xem chi tiết";;https://www.thegioididong.com/dtdd/iphone-15-plus;DEBUG_OOS_iPhone 15 Plus 512GB_Đen_080841.png
iPhone 16 Plus 256GB;Xanh Lưu Ly;Yes;28990000;26990000;2026-02-01;"Khuyến mãi

Giá và khuyến mãi dự kiến áp dụng đến 23:59 | 28/02
1

Tặng phiếu mua hàng Apple Watch trị giá 1,000,000đ

2

Tặng phiếu mua hàng Macbook trị giá 1,000,000đ

3

Phiếu mua hàng Airpods trị giá 500.000đ

4

Tặng Phiếu mua hàng mua sạc dự phòng (trừ AVA+, Hydrus); đồng hồ thông minh (trừ Apple); Tai nghe bluetooth và Loa bluetooth các hãng JBL, Marshall,Harman Kardon; Ốp lưng (trừ Apple) trị giá 100.000đ

5

Phiếu mua hàng mua Sim data 500GB 1 tháng trị giá 100,000đ Xem chi tiết

6

Thu cũ đổi mới: Giảm đến 2,000,000đ (Không kèm ưu đãi thanh toán qua cổng, mua kèm) Xem chi tiết";"Ưu đãi thanh toán Online (Click chọn để áp dụng)
 Giảm 250.000đ -
Xem chi tiết
Áp dụng sản phẩm từ 5.000.000đ trở lên.";https://www.thegioididong.com/dtdd/iphone-16-plus;Skipped
iPhone 16 Pro 1TB;Titan trắng;No;42990000;39990000;2026-02-01;"Khuyến mãi

Giá và khuyến mãi dự kiến áp dụng đến 23:59 | 28/02
1

Tặng phiếu mua hàng Apple Watch trị giá 1,000,000đ

2

Tặng phiếu mua hàng Macbook trị giá 1,000,000đ

3

Phiếu mua hàng Airpods trị giá 500.000đ

4

Tặng Phiếu mua hàng mua sạc dự phòng (trừ AVA+, Hydrus); đồng hồ thông minh (trừ Apple); Tai nghe bluetooth và Loa bluetooth các hãng JBL, Marshall,Harman Kardon; Ốp lưng (trừ Apple) trị giá 100.000đ

5

Phiếu mua hàng mua Sim data 500GB 1 tháng trị giá 100,000đ Xem chi tiết

6

Thu cũ đổi mới: Giảm đến 2,000,000đ (Không kèm ưu đãi thanh toán qua cổng, mua kèm) Xem chi tiết";;https://www.thegioididong.com/dtdd/iphone-16-pro;DEBUG_OOS_iPhone 16 Pro 1TB_Titan trắng_080843.png
iPhone 16 128GB;Đen;Yes;21990000;19990000;2026-02-01;"Khuyến mãi

Giá và khuyến mãi dự kiến áp dụng đến 23:59 | 28/02
1

Tặng phiếu mua hàng Apple Watch trị giá 1,000,000đ

2

Tặng phiếu mua hàng Macbook trị giá 1,000,000đ

3

Phiếu mua hàng Airpods trị giá 500.000đ

4

Tặng Phiếu mua hàng mua sạc dự phòng (trừ AVA+, Hydrus); đồng hồ thông minh (trừ Apple); Tai nghe bluetooth và Loa bluetooth các hãng JBL, Marshall,Harman Kardon; Ốp lưng (trừ Apple) trị giá 100.000đ

5

Phiếu mua hàng mua Sim data 500GB 1 tháng trị giá 100,000đ Xem chi tiết

6

Thu cũ đổi mới: Giảm đến 2,000,000đ (Không kèm ưu đãi thanh toán qua cổng, mua kèm) Xem chi tiết";"Ưu đãi thanh toán Online (Click chọn để áp dụng)
 Giảm 250.000đ -
Xem chi tiết
Áp dụng sản phẩm từ 5.000.000đ trở lên.";https://www.thegioididong.com/dtdd/iphone-16;Skipped
iPhone 15 Plus 512GB;Xanh dương nhạt;No;30990000;27990000;2026-02-01;"Khuyến mãi

Giá và khuyến mãi dự kiến áp dụng đến 23:59 | 28/02
1

Tặng phiếu mua hàng Apple Watch trị giá 1,000,000đ

2

Tặng phiếu mua hàng Macbook trị giá 1,000,000đ

3

Phiếu mua hàng Airpods trị giá 500.000đ

4

Tặng Phiếu mua hàng mua sạc dự phòng (trừ AVA+, Hydrus); đồng hồ thông minh (trừ Apple); Tai nghe bluetooth và Loa bluetooth các hãng JBL, Marshall,Harman Kardon; Ốp lưng (trừ Apple) trị giá 100.000đ

5

Phiếu mua hàng mua Sim data 500GB 1 tháng trị giá 100,000đ Xem chi tiết

6

Thu cũ đổi mới: Giảm đến 2,000,000đ (Không kèm ưu đãi thanh toán qua cổng, mua kèm) Xem chi tiết";;https://www.thegioididong.com/dtdd/iphone-15-plus;DEBUG_OOS_iPhone 15 Plus 512GB_Xanh dương nhạt_080844.png
iPhone 15 256GB;Xanh lá nhạt;Yes;21990000;19990000;2026-02-01;"Khuyến mãi

Giá và khuyến mãi dự kiến áp dụng đến 23:59 | 28/02
1

Tặng phiếu mua hàng Apple Watch trị giá 1,000,000đ

2

Tặng phiếu mua hàng Macbook trị giá 1,000,000đ

3

Phiếu mua hàng Airpods trị giá 500.000đ

4

Tặng Phiếu mua hàng mua sạc dự phòng (trừ AVA+, Hydrus); đồng hồ thông minh (trừ Apple); Tai nghe bluetooth và Loa bluetooth các hãng JBL, Marshall,Harman Kardon; Ốp lưng (trừ Apple) trị giá 100.000đ

5

Phiếu mua hàng mua Sim data 500GB 1 tháng trị giá 100,000đ Xem chi tiết

6

Thu cũ đổi mới: Giảm đến 2,000,000đ (Không kèm ưu đãi thanh toán qua cổng, mua kèm) Xem chi tiết";"Ưu đãi thanh toán Online (Click chọn để áp dụng)
 Giảm 250.000đ -
Xem chi tiết
Áp dụng sản phẩm từ 5.000.000đ trở lên.";https://www.thegioididong.com/dtdd/iphone-15;Skipped
iPhone 16 Plus 256GB;Xanh Mòng Két;Yes;28990000;26990000;2026-02-01;"Khuyến mãi

Giá và khuyến mãi dự kiến áp dụng đến 23:59 | 28/02
1

Tặng phiếu mua hàng Apple Watch trị giá 1,000,000đ

2

Tặng phiếu mua hàng Macbook trị giá 1,000,000đ

3

Phiếu mua hàng Airpods trị giá 500.000đ

4

Tặng Phiếu mua hàng mua sạc dự phòng (trừ AVA+, Hydrus); đồng hồ thông minh (trừ Apple); Tai nghe bluetooth và Loa bluetooth các hãng JBL, Marshall,Harman Kardon; Ốp lưng (trừ Apple) trị giá 100.000đ

5

Phiếu mua hàng mua Sim data 500GB 1 tháng trị giá 100,000đ Xem chi tiết

6

Thu cũ đổi mới: Giảm đến 2,000,000đ (Không kèm ưu đãi thanh toán qua cổng, mua kèm) Xem chi tiết";"Ưu đãi thanh toán Online (Click chọn để áp dụng)
 Giảm 250.000đ -
Xem chi tiết
Áp dụng sản phẩm từ 5.000.000đ trở lên.";https://www.thegioididong.com/dtdd/iphone-16-plus;Skipped
iPhone 15 Plus 512GB;Xanh lá nhạt;No;30990000;27990000;2026-02-01;"Khuyến mãi

Giá và khuyến mãi dự kiến áp dụng đến 23:59 | 28/02
1

Tặng phiếu mua hàng Apple Watch trị giá 1,000,000đ

2

Tặng phiếu mua hàng Macbook trị giá 1,000,000đ

3

Phiếu mua hàng Airpods trị giá 500.000đ

4

Tặng Phiếu mua hàng mua sạc dự phòng (trừ AVA+, Hydrus); đồng hồ thông minh (trừ Apple); Tai nghe bluetooth và Loa bluetooth các hãng JBL, Marshall,Harman Kardon; Ốp lưng (trừ Apple) trị giá 100.000đ

5

Phiếu mua hàng mua Sim data 500GB 1 tháng trị giá 100,000đ Xem chi tiết

6

Thu cũ đổi mới: Giảm đến 2,000,000đ (Không kèm ưu đãi thanh toán qua cổng, mua kèm) Xem chi tiết";;https://www.thegioididong.com/dtdd/iphone-15-plus;DEBUG_OOS_iPhone 15 Plus 512GB_Xanh lá nhạt_080848.png
iPhone 15 256GB;Vàng nhạt;No;21990000;19990000;2026-02-01;"Khuyến mãi

Giá và khuyến mãi dự kiến áp dụng đến 23:59 | 28/02
1

Tặng phiếu mua hàng Apple Watch trị giá 1,000,000đ

2

Tặng phiếu mua hàng Macbook trị giá 1,000,000đ

3

Phiếu mua hàng Airpods trị giá 500.000đ

4

Tặng Phiếu mua hàng mua sạc dự phòng (trừ AVA+, Hydrus); đồng hồ thông minh (trừ Apple); Tai nghe bluetooth và Loa bluetooth các hãng JBL, Marshall,Harman Kardon; Ốp lưng (trừ Apple) trị giá 100.000đ

5

Phiếu mua hàng mua Sim data 500GB 1 tháng trị giá 100,000đ Xem chi tiết

6

Thu cũ đổi mới: Giảm đến 2,000,000đ (Không kèm ưu đãi thanh toán qua cổng, mua kèm) Xem chi tiết";;https://www.thegioididong.com/dtdd/iphone-15;DEBUG_OOS_iPhone 15 256GB_Vàng nhạt_080848.png
iPhone 16 128GB;Hồng;Yes;21990000;19990000;2026-02-01;"Khuyến mãi

Giá và khuyến mãi dự kiến áp dụng đến 23:59 | 28/02
1

Tặng phiếu mua hàng Apple Watch trị giá 1,000,000đ

2

Tặng phiếu mua hàng Macbook trị giá 1,000,000đ

3

Phiếu mua hàng Airpods trị giá 500.000đ

4

Tặng Phiếu mua hàng mua sạc dự phòng (trừ AVA+, Hydrus); đồng hồ thông minh (trừ Apple); Tai nghe bluetooth và Loa bluetooth các hãng JBL, Marshall,Harman Kardon; Ốp lưng (trừ Apple) trị giá 100.000đ

5

Phiếu mua hàng mua Sim data 500GB 1 tháng trị giá 100,000đ Xem chi tiết

6

Thu cũ đổi mới: Giảm đến 2,000,000đ (Không kèm ưu đãi thanh toán qua cổng, mua kèm) Xem chi tiết";"Ưu đãi thanh toán Online (Click chọn để áp dụng)
 Giảm 250.000đ -
Xem chi tiết
Áp dụng sản phẩm từ 5.000.000đ trở lên.";https://www.thegioididong.com/dtdd/iphone-16;Skipped
iPhone 16 Pro 1TB;Titan đen;Yes;42990000;39990000;2026-02-01;"Khuyến mãi

Giá và khuyến mãi dự kiến áp dụng đến 23:59 | 28/02
1

Tặng phiếu mua hàng Apple Watch trị giá 1,000,000đ

2

Tặng phiếu mua hàng Macbook trị giá 1,000,000đ

3

Phiếu mua hàng Airpods trị giá 500.000đ

4

Tặng Phiếu mua hàng mua sạc dự phòng (trừ AVA+, Hydrus); đồng hồ thông minh (trừ Apple); Tai nghe bluetooth và Loa bluetooth các hãng JBL, Marshall,Harman Kardon; Ốp lưng (trừ Apple) trị giá 100.000đ

5

Phiếu mua hàng mua Sim data 500GB 1 tháng trị giá 100,000đ Xem chi tiết

6

Thu cũ đổi mới: Giảm đến 2,000,000đ (Không kèm ưu đãi thanh toán qua cổng, mua kèm) Xem chi tiết";"Ưu đãi thanh toán Online (Click chọn để áp dụng)
 Giảm 1.000.000đ - Xem chi tiết
Áp dụng sản phẩm từ 10.000.000đ trở lên.
 Giảm 250.000đ - Xem chi tiết
Áp dụng sản phẩm từ 5.000.000đ trở lên.";https://www.thegioididong.com/dtdd/iphone-16-pro;Skipped
iPhone 16 Pro 1TB;Titan tự nhiên;No;42990000;39990000;2026-02-01;"Khuyến mãi

Giá và khuyến mãi dự kiến áp dụng đến 23:59 | 28/02
1

Tặng phiếu mua hàng Apple Watch trị giá 1,000,000đ

2

Tặng phiếu mua hàng Macbook trị giá 1,000,000đ

3

Phiếu mua hàng Airpods trị giá 500.000đ

4

Tặng Phiếu mua hàng mua sạc dự phòng (trừ AVA+, Hydrus); đồng hồ thông minh (trừ Apple); Tai nghe bluetooth và Loa bluetooth các hãng JBL, Marshall,Harman Kardon; Ốp lưng (trừ Apple) trị giá 100.000đ

5

Phiếu mua hàng mua Sim data 500GB 1 tháng trị giá 100,000đ Xem chi tiết

6

Thu cũ đổi mới: Giảm đến 2,000,000đ (Không kèm ưu đãi thanh toán qua cổng, mua kèm) Xem chi tiết";;https://www.thegioididong.com/dtdd/iphone-16-pro;DEBUG_OOS_iPhone 16 Pro 1TB_Titan tự nhiên_080854.png
iPhone 15 Plus 512GB;Vàng nhạt;Yes;30990000;27990000;2026-02-01;"Khuyến mãi

Giá và khuyến mãi dự kiến áp dụng đến 23:59 | 28/02
1

Tặng phiếu mua hàng Apple Watch trị giá 1,000,000đ

2

Tặng phiếu mua hàng Macbook trị giá 1,000,000đ

3

Phiếu mua hàng Airpods trị giá 500.000đ

4

Tặng Phiếu mua hàng mua sạc dự phòng (trừ AVA+, Hydrus); đồng hồ thông minh (trừ Apple); Tai nghe bluetooth và Loa bluetooth các hãng JBL, Marshall,Harman Kardon; Ốp lưng (trừ Apple) trị giá 100.000đ

5

Phiếu mua hàng mua Sim data 500GB 1 tháng trị giá 100,000đ Xem chi tiết

6

Thu cũ đổi mới: Giảm đến 2,000,000đ (Không kèm ưu đãi thanh toán qua cổng, mua kèm) Xem chi tiết";"Ưu đãi thanh toán Online (Click chọn để áp dụng)
 Giảm 250.000đ -
Xem chi tiết
Áp dụng sản phẩm từ 5.000.000đ trở lên.";https://www.thegioididong.com/dtdd/iphone-15-plus;Skipped
iPhone 16 128GB;Xanh Mòng Két;Yes;21990000;19990000;2026-02-01;"Khuyến mãi

Giá và khuyến mãi dự kiến áp dụng đến 23:59 | 28/02
1

Tặng phiếu mua hàng Apple Watch trị giá 1,000,000đ

2

Tặng phiếu mua hàng Macbook trị giá 1,000,000đ

3

Phiếu mua hàng Airpods trị giá 500.000đ

4

Tặng Phiếu mua hàng mua sạc dự phòng (trừ AVA+, Hydrus); đồng hồ thông minh (trừ Apple); Tai nghe bluetooth và Loa bluetooth các hãng JBL, Marshall,Harman Kardon; Ốp lưng (trừ Apple) trị giá 100.000đ

5

Phiếu mua hàng mua Sim data 500GB 1 tháng trị giá 100,000đ Xem chi tiết

6

Thu cũ đổi mới: Giảm đến 2,000,000đ (Không kèm ưu đãi thanh toán qua cổng, mua kèm) Xem chi tiết";"Ưu đãi thanh toán Online (Click chọn để áp dụng)
 Giảm 250.000đ -
Xem chi tiết
Áp dụng sản phẩm từ 5.000.000đ trở lên.";https://www.thegioididong.com/dtdd/iphone-16;Skipped
iPhone 16 Plus 256GB;Trắng;Yes;28990000;26990000;2026-02-01;"Khuyến mãi

Giá và khuyến mãi dự kiến áp dụng đến 23:59 | 28/02
1

Tặng phiếu mua hàng Apple Watch trị giá 1,000,000đ

2

Tặng phiếu mua hàng Macbook trị giá 1,000,000đ

3

Phiếu mua hàng Airpods trị giá 500.000đ

4

Tặng Phiếu mua hàng mua sạc dự phòng (trừ AVA+, Hydrus); đồng hồ thông minh (trừ Apple); Tai nghe bluetooth và Loa bluetooth các hãng JBL, Marshall,Harman Kardon; Ốp lưng (trừ Apple) trị giá 100.000đ

5

Phiếu mua hàng mua Sim data 500GB 1 tháng trị giá 100,000đ Xem chi tiết

6

Thu cũ đổi mới: Giảm đến 2,000,000đ (Không kèm ưu đãi thanh toán qua cổng, mua kèm) Xem chi tiết";"Ưu đãi thanh toán Online (Click chọn để áp dụng)
 Giảm 250.000đ -
Xem chi tiết
Áp dụng sản phẩm từ 5.000.000đ trở lên.";https://www.thegioididong.com/dtdd/iphone-16-plus;Skipped
iPhone 15 256GB;Hồng nhạt;Yes;21990000;19990000;2026-02-01;"Khuyến mãi

Giá và khuyến mãi dự kiến áp dụng đến 23:59 | 28/02
1

Tặng phiếu mua hàng Apple Watch trị giá 1,000,000đ

2

Tặng phiếu mua hàng Macbook trị giá 1,000,000đ

3

Phiếu mua hàng Airpods trị giá 500.000đ

4

Tặng Phiếu mua hàng mua sạc dự phòng (trừ AVA+, Hydrus); đồng hồ thông minh (trừ Apple); Tai nghe bluetooth và Loa bluetooth các hãng JBL, Marshall,Harman Kardon; Ốp lưng (trừ Apple) trị giá 100.000đ

5

Phiếu mua hàng mua Sim data 500GB 1 tháng trị giá 100,000đ Xem chi tiết

6

Thu cũ đổi mới: Giảm đến 2,000,000đ (Không kèm ưu đãi thanh toán qua cổng, mua kèm) Xem chi tiết";"Ưu đãi thanh toán Online (Click chọn để áp dụng)
 Giảm 250.000đ -
Xem chi tiết
Áp dụng sản phẩm từ 5.000.000đ trở lên.";https://www.thegioididong.com/dtdd/iphone-15;Skipped
iPhone 16 Pro 1TB;Titan Sa Mạc;No;42990000;39990000;2026-02-01;"Khuyến mãi

Giá và khuyến mãi dự kiến áp dụng đến 23:59 | 28/02
1

Tặng phiếu mua hàng Apple Watch trị giá 1,000,000đ

2

Tặng phiếu mua hàng Macbook trị giá 1,000,000đ

3

Phiếu mua hàng Airpods trị giá 500.000đ

4

Tặng Phiếu mua hàng mua sạc dự phòng (trừ AVA+, Hydrus); đồng hồ thông minh (trừ Apple); Tai nghe bluetooth và Loa bluetooth các hãng JBL, Marshall,Harman Kardon; Ốp lưng (trừ Apple) trị giá 100.000đ

5

Phiếu mua hàng mua Sim data 500GB 1 tháng trị giá 100,000đ Xem chi tiết

6

Thu cũ đổi mới: Giảm đến 2,000,000đ (Không kèm ưu đãi thanh toán qua cổng, mua kèm) Xem chi tiết";;https://www.thegioididong.com/dtdd/iphone-16-pro;DEBUG_OOS_iPhone 16 Pro 1TB_Titan Sa Mạc_080857.png
iPhone 15 Plus 512GB;Hồng nhạt;No;30990000;27990000;2026-02-01;"Khuyến mãi

Giá và khuyến mãi dự kiến áp dụng đến 23:59 | 28/02
1

Tặng phiếu mua hàng Apple Watch trị giá 1,000,000đ

2

Tặng phiếu mua hàng Macbook trị giá 1,000,000đ

3

Phiếu mua hàng Airpods trị giá 500.000đ

4

Tặng Phiếu mua hàng mua sạc dự phòng (trừ AVA+, Hydrus); đồng hồ thông minh (trừ Apple); Tai nghe bluetooth và Loa bluetooth các hãng JBL, Marshall,Harman Kardon; Ốp lưng (trừ Apple) trị giá 100.000đ

5

Phiếu mua hàng mua Sim data 500GB 1 tháng trị giá 100,000đ Xem chi tiết

6

Thu cũ đổi mới: Giảm đến 2,000,000đ (Không kèm ưu đãi thanh toán qua cổng, mua kèm) Xem chi tiết";;https://www.thegioididong.com/dtdd/iphone-15-plus;DEBUG_OOS_iPhone 15 Plus 512GB_Hồng nhạt_080900.png
iPhone 16 Pro 1TB;Titan trắng;No;42990000;39990000;2026-02-01;"Khuyến mãi

Giá và khuyến mãi dự kiến áp dụng đến 23:59 | 28/02
1

Tặng phiếu mua hàng Apple Watch trị giá 1,000,000đ

2

Tặng phiếu mua hàng Macbook trị giá 1,000,000đ

3

Phiếu mua hàng Airpods trị giá 500.000đ

4

Tặng Phiếu mua hàng mua sạc dự phòng (trừ AVA+, Hydrus); đồng hồ thông minh (trừ Apple); Tai nghe bluetooth và Loa bluetooth các hãng JBL, Marshall,Harman Kardon; Ốp lưng (trừ Apple) trị giá 100.000đ

5

Phiếu mua hàng mua Sim data 500GB 1 tháng trị giá 100,000đ Xem chi tiết

6

Thu cũ đổi mới: Giảm đến 2,000,000đ (Không kèm ưu đãi thanh toán qua cổng, mua kèm) Xem chi tiết";;https://www.thegioididong.com/dtdd/iphone-16-pro;DEBUG_OOS_iPhone 16 Pro 1TB_Titan trắng_080901.png
iPhone 16 128GB;Trắng;Yes;21990000;19990000;2026-02-01;"Khuyến mãi

Giá và khuyến mãi dự kiến áp dụng đến 23:59 | 28/02
1

Tặng phiếu mua hàng Apple Watch trị giá 1,000,000đ

2

Tặng phiếu mua hàng Macbook trị giá 1,000,000đ

3

Phiếu mua hàng Airpods trị giá 500.000đ

4

Tặng Phiếu mua hàng mua sạc dự phòng (trừ AVA+, Hydrus); đồng hồ thông minh (trừ Apple); Tai nghe bluetooth và Loa bluetooth các hãng JBL, Marshall,Harman Kardon; Ốp lưng (trừ Apple) trị giá 100.000đ

5

Phiếu mua hàng mua Sim data 500GB 1 tháng trị giá 100,000đ Xem chi tiết

6

Thu cũ đổi mới: Giảm đến 2,000,000đ (Không kèm ưu đãi thanh toán qua cổng, mua kèm) Xem chi tiết";"Ưu đãi thanh toán Online (Click chọn để áp dụng)
 Giảm 250.000đ -
Xem chi tiết
Áp dụng sản phẩm từ 5.000.000đ trở lên.";https://www.thegioididong.com/dtdd/iphone-16;Skipped
iPhone 16 Plus 256GB;Hồng;Yes;28990000;26990000;2026-02-01;"Khuyến mãi

Giá và khuyến mãi dự kiến áp dụng đến 23:59 | 28/02
1

Tặng phiếu mua hàng Apple Watch trị giá 1,000,000đ

2

Tặng phiếu mua hàng Macbook trị giá 1,000,000đ

3

Phiếu mua hàng Airpods trị giá 500.000đ

4

Tặng Phiếu mua hàng mua sạc dự phòng (trừ AVA+, Hydrus); đồng hồ thông minh (trừ Apple); Tai nghe bluetooth và Loa bluetooth các hãng JBL, Marshall,Harman Kardon; Ốp lưng (trừ Apple) trị giá 100.000đ

5

Phiếu mua hàng mua Sim data 500GB 1 tháng trị giá 100,000đ Xem chi tiết

6

Thu cũ đổi mới: Giảm đến 2,000,000đ (Không kèm ưu đãi thanh toán qua cổng, mua kèm) Xem chi tiết";"Ưu đãi thanh toán Online (Click chọn để áp dụng)
 Giảm 250.000đ -
Xem chi tiết
Áp dụng sản phẩm từ 5.000.000đ trở lên.";https://www.thegioididong.com/dtdd/iphone-16-plus;Skipped
iPhone 15 256GB;Xanh dương nhạt;Yes;21990000;19990000;2026-02-01;"Khuyến mãi

Giá và khuyến mãi dự kiến áp dụng đến 23:59 | 28/02
1

Tặng phiếu mua hàng Apple Watch trị giá 1,000,000đ

2

Tặng phiếu mua hàng Macbook trị giá 1,000,000đ

3

Phiếu mua hàng Airpods trị giá 500.000đ

4

Tặng Phiếu mua hàng mua sạc dự phòng (trừ AVA+, Hydrus); đồng hồ thông minh (trừ Apple); Tai nghe bluetooth và Loa bluetooth các hãng JBL, Marshall,Harman Kardon; Ốp lưng (trừ Apple) trị giá 100.000đ

5

Phiếu mua hàng mua Sim data 500GB 1 tháng trị giá 100,000đ Xem chi tiết

6

Thu cũ đổi mới: Giảm đến 2,000,000đ (Không kèm ưu đãi thanh toán qua cổng, mua kèm) Xem chi tiết";"Ưu đãi thanh toán Online (Click chọn để áp dụng)
 Giảm 250.000đ -
Xem chi tiết
Áp dụng sản phẩm từ 5.000.000đ trở lên.";https://www.thegioididong.com/dtdd/iphone-15;Skipped
iPhone 15 Plus 512GB;Đen;No;30990000;27990000;2026-02-01;"Khuyến mãi

Giá và khuyến mãi dự kiến áp dụng đến 23:59 | 28/02
1

Tặng phiếu mua hàng Apple Watch trị giá 1,000,000đ

2

Tặng phiếu mua hàng Macbook trị giá 1,000,000đ

3

Phiếu mua hàng Airpods trị giá 500.000đ

4

Tặng Phiếu mua hàng mua sạc dự phòng (trừ AVA+, Hydrus); đồng hồ thông minh (trừ Apple); Tai nghe bluetooth và Loa bluetooth các hãng JBL, Marshall,Harman Kardon; Ốp lưng (trừ Apple) trị giá 100.000đ

5

Phiếu mua hàng mua Sim data 500GB 1 tháng trị giá 100,000đ Xem chi tiết

6

Thu cũ đổi mới: Giảm đến 2,000,000đ (Không kèm ưu đãi thanh toán qua cổng, mua kèm) Xem chi tiết";;https://www.thegioididong.com/dtdd/iphone-15-plus;DEBUG_OOS_iPhone 15 Plus 512GB_Đen_080903.png
iPhone 15 Plus 512GB;Xanh dương nhạt;No;30990000;27990000;2026-02-01;"Khuyến mãi

Giá và khuyến mãi dự kiến áp dụng đến 23:59 | 28/02
1

Tặng phiếu mua hàng Apple Watch trị giá 1,000,000đ

2

Tặng phiếu mua hàng Macbook trị giá 1,000,000đ

3

Phiếu mua hàng Airpods trị giá 500.000đ

4

Tặng Phiếu mua hàng mua sạc dự phòng (trừ AVA+, Hydrus); đồng hồ thông minh (trừ Apple); Tai nghe bluetooth và Loa bluetooth các hãng JBL, Marshall,Harman Kardon; Ốp lưng (trừ Apple) trị giá 100.000đ

5

Phiếu mua hàng mua Sim data 500GB 1 tháng trị giá 100,000đ Xem chi tiết

6

Thu cũ đổi mới: Giảm đến 2,000,000đ (Không kèm ưu đãi thanh toán qua cổng, mua kèm) Xem chi tiết";;https://www.thegioididong.com/dtdd/iphone-15-plus;DEBUG_OOS_iPhone 15 Plus 512GB_Xanh dương nhạt_080907.png
iPhone 16 Plus 256GB;Đen;Yes;28990000;26990000;2026-02-01;"Khuyến mãi

Giá và khuyến mãi dự kiến áp dụng đến 23:59 | 28/02
1

Tặng phiếu mua hàng Apple Watch trị giá 1,000,000đ

2

Tặng phiếu mua hàng Macbook trị giá 1,000,000đ

3

Phiếu mua hàng Airpods trị giá 500.000đ

4

Tặng Phiếu mua hàng mua sạc dự phòng (trừ AVA+, Hydrus); đồng hồ thông minh (trừ Apple); Tai nghe bluetooth và Loa bluetooth các hãng JBL, Marshall,Harman Kardon; Ốp lưng (trừ Apple) trị giá 100.000đ

5

Phiếu mua hàng mua Sim data 500GB 1 tháng trị giá 100,000đ Xem chi tiết

6

Thu cũ đổi mới: Giảm đến 2,000,000đ (Không kèm ưu đãi thanh toán qua cổng, mua kèm) Xem chi tiết";"Ưu đãi thanh toán Online (Click chọn để áp dụng)
 Giảm 250.000đ -
Xem chi tiết
Áp dụng sản phẩm từ 5.000.000đ trở lên.";https://www.thegioididong.com/dtdd/iphone-16-plus;Skipped
iPhone 16 Pro 1TB;Titan đen;Yes;42990000;39990000;2026-02-01;"Khuyến mãi

Giá và khuyến mãi dự kiến áp dụng đến 23:59 | 28/02
1

Tặng phiếu mua hàng Apple Watch trị giá 1,000,000đ

2

Tặng phiếu mua hàng Macbook trị giá 1,000,000đ

3

Phiếu mua hàng Airpods trị giá 500.000đ

4

Tặng Phiếu mua hàng mua sạc dự phòng (trừ AVA+, Hydrus); đồng hồ thông minh (trừ Apple); Tai nghe bluetooth và Loa bluetooth các hãng JBL, Marshall,Harman Kardon; Ốp lưng (trừ Apple) trị giá 100.000đ

5

Phiếu mua hàng mua Sim data 500GB 1 tháng trị giá 100,000đ Xem chi tiết

6

Thu cũ đổi mới: Giảm đến 2,000,000đ (Không kèm ưu đãi thanh toán qua cổng, mua kèm) Xem chi tiết";"Ưu đãi thanh toán Online (Click chọn để áp dụng)
 Giảm 1.000.000đ - Xem chi tiết
Áp dụng sản phẩm từ 10.000.000đ trở lên.
 Giảm 250.000đ - Xem chi tiết
Áp dụng sản phẩm từ 5.000.000đ trở lên.";https://www.thegioididong.com/dtdd/iphone-16-pro;Skipped
iPhone 15 256GB;Đen;Yes;21990000;19990000;2026-02-01;"Khuyến mãi

Giá và khuyến mãi dự kiến áp dụng đến 23:59 | 28/02
1

Tặng phiếu mua hàng Apple Watch trị giá 1,000,000đ

2

Tặng phiếu mua hàng Macbook trị giá 1,000,000đ

3

Phiếu mua hàng Airpods trị giá 500.000đ

4

Tặng Phiếu mua hàng mua sạc dự phòng (trừ AVA+, Hydrus); đồng hồ thông minh (trừ Apple); Tai nghe bluetooth và Loa bluetooth các hãng JBL, Marshall,Harman Kardon; Ốp lưng (trừ Apple) trị giá 100.000đ

5

Phiếu mua hàng mua Sim data 500GB 1 tháng trị giá 100,000đ Xem chi tiết

6

Thu cũ đổi mới: Giảm đến 2,000,000đ (Không kèm ưu đãi thanh toán qua cổng, mua kèm) Xem chi tiết";"Ưu đãi thanh toán Online (Click chọn để áp dụng)
 Giảm 250.000đ -
Xem chi tiết
Áp dụng sản phẩm từ 5.000.000đ trở lên.";https://www.thegioididong.com/dtdd/iphone-15;Skipped
iPhone 15 Plus 512GB;Xanh lá nhạt;No;30990000;27990000;2026-02-01;"Khuyến mãi

Giá và khuyến mãi dự kiến áp dụng đến 23:59 | 28/02
1

Tặng phiếu mua hàng Apple Watch trị giá 1,000,000đ

2

Tặng phiếu mua hàng Macbook trị giá 1,000,000đ

3

Phiếu mua hàng Airpods trị giá 500.000đ

4

Tặng Phiếu mua hàng mua sạc dự phòng (trừ AVA+, Hydrus); đồng hồ thông minh (trừ Apple); Tai nghe bluetooth và Loa bluetooth các hãng JBL, Marshall,Harman Kardon; Ốp lưng (trừ Apple) trị giá 100.000đ

5

Phiếu mua hàng mua Sim data 500GB 1 tháng trị giá 100,000đ Xem chi tiết

6

Thu cũ đổi mới: Giảm đến 2,000,000đ (Không kèm ưu đãi thanh toán qua cổng, mua kèm) Xem chi tiết";;https://www.thegioididong.com/dtdd/iphone-15-plus;DEBUG_OOS_iPhone 15 Plus 512GB_Xanh lá nhạt_080910.png
iPhone 16 Pro Max 256GB;Titan Sa Mạc;Yes;33990000;32990000;2026-02-01;"Khuyến mãi

Giá và khuyến mãi dự kiến áp dụng đến 23:59 | 01/02
1

Tặng phiếu mua hàng Apple Watch trị giá 1,000,000đ

2

Tặng phiếu mua hàng Macbook trị giá 1,000,000đ

3

Phiếu mua hàng Airpods trị giá 500.000đ

4

Tặng Phiếu mua hàng mua sạc dự phòng (trừ AVA+, Hydrus); đồng hồ thông minh (trừ Apple); Tai nghe bluetooth và Loa bluetooth các hãng JBL, Marshall,Harman Kardon; Ốp lưng (trừ Apple) trị giá 100.000đ

5

Phiếu mua hàng mua Sim data 500GB 1 tháng trị giá 100,000đ Xem chi tiết

6

Thu cũ đổi mới: Giảm đến 2,000,000đ (Không kèm ưu đãi thanh toán qua cổng, mua kèm) Xem chi tiết";"Ưu đãi thanh toán Online (Click chọn để áp dụng)
 Giảm 250.000đ -
Xem chi tiết
Áp dụng sản phẩm từ 5.000.000đ trở lên.";https://www.thegioididong.com/dtdd/iphone-16-pro-max;Skipped
iPhone 16 Pro 1TB;Titan tự nhiên;No;42990000;39990000;2026-02-01;"Khuyến mãi

Giá và khuyến mãi dự kiến áp dụng đến 23:59 | 28/02
1

Tặng phiếu mua hàng Apple Watch trị giá 1,000,000đ

2

Tặng phiếu mua hàng Macbook trị giá 1,000,000đ

3

Phiếu mua hàng Airpods trị giá 500.000đ

4

Tặng Phiếu mua hàng mua sạc dự phòng (trừ AVA+, Hydrus); đồng hồ thông minh (trừ Apple); Tai nghe bluetooth và Loa bluetooth các hãng JBL, Marshall,Harman Kardon; Ốp lưng (trừ Apple) trị giá 100.000đ

5

Phiếu mua hàng mua Sim data 500GB 1 tháng trị giá 100,000đ Xem chi tiết

6

Thu cũ đổi mới: Giảm đến 2,000,000đ (Không kèm ưu đãi thanh toán qua cổng, mua kèm) Xem chi tiết";;https://www.thegioididong.com/dtdd/iphone-16-pro;DEBUG_OOS_iPhone 16 Pro 1TB_Titan tự nhiên_080913.png
iPhone 16 Pro Max 256GB;Titan tự nhiên;No;33990000;32990000;2026-02-01;"Khuyến mãi

Giá và khuyến mãi dự kiến áp dụng đến 23:59 | 01/02
1

Tặng phiếu mua hàng Apple Watch trị giá 1,000,000đ

2

Tặng phiếu mua hàng Macbook trị giá 1,000,000đ

3

Phiếu mua hàng Airpods trị giá 500.000đ

4

Tặng Phiếu mua hàng mua sạc dự phòng (trừ AVA+, Hydrus); đồng hồ thông minh (trừ Apple); Tai nghe bluetooth và Loa bluetooth các hãng JBL, Marshall,Harman Kardon; Ốp lưng (trừ Apple) trị giá 100.000đ

5

Phiếu mua hàng mua Sim data 500GB 1 tháng trị giá 100,000đ Xem chi tiết

6

Thu cũ đổi mới: Giảm đến 2,000,000đ (Không kèm ưu đãi thanh toán qua cổng, mua kèm) Xem chi tiết";;https://www.thegioididong.com/dtdd/iphone-16-pro-max;DEBUG_OOS_iPhone 16 Pro Max 256GB_Titan tự nhiên_080914.png
iPhone 16 Plus 256GB;Xanh Lưu Ly;Yes;28990000;26990000;2026-02-01;"Khuyến mãi

Giá và khuyến mãi dự kiến áp dụng đến 23:59 | 28/02
1

Tặng phiếu mua hàng Apple Watch trị giá 1,000,000đ

2

Tặng phiếu mua hàng Macbook trị giá 1,000,000đ

3

Phiếu mua hàng Airpods trị giá 500.000đ

4

Tặng Phiếu mua hàng mua sạc dự phòng (trừ AVA+, Hydrus); đồng hồ thông minh (trừ Apple); Tai nghe bluetooth và Loa bluetooth các hãng JBL, Marshall,Harman Kardon; Ốp lưng (trừ Apple) trị giá 100.000đ

5

Phiếu mua hàng mua Sim data 500GB 1 tháng trị giá 100,000đ Xem chi tiết

6

Thu cũ đổi mới: Giảm đến 2,000,000đ (Không kèm ưu đãi thanh toán qua cổng, mua kèm) Xem chi tiết";"Ưu đãi thanh toán Online (Click chọn để áp dụng)
 Giảm 250.000đ -
Xem chi tiết
Áp dụng sản phẩm từ 5.000.000đ trở lên.";https://www.thegioididong.com/dtdd/iphone-16-plus;Skipped
iPhone 15 256GB;Xanh lá nhạt;Yes;21990000;19990000;2026-02-01;"Khuyến mãi

Giá và khuyến mãi dự kiến áp dụng đến 23:59 | 28/02
1

Tặng phiếu mua hàng Apple Watch trị giá 1,000,000đ

2

Tặng phiếu mua hàng Macbook trị giá 1,000,000đ

3

Phiếu mua hàng Airpods trị giá 500.000đ

4

Tặng Phiếu mua hàng mua sạc dự phòng (trừ AVA+, Hydrus); đồng hồ thông minh (trừ Apple); Tai nghe bluetooth và Loa bluetooth các hãng JBL, Marshall,Harman Kardon; Ốp lưng (trừ Apple) trị giá 100.000đ

5

Phiếu mua hàng mua Sim data 500GB 1 tháng trị giá 100,000đ Xem chi tiết

6

Thu cũ đổi mới: Giảm đến 2,000,000đ (Không kèm ưu đãi thanh toán qua cổng, mua kèm) Xem chi tiết";"Ưu đãi thanh toán Online (Click chọn để áp dụng)
 Giảm 250.000đ -
Xem chi tiết
Áp dụng sản phẩm từ 5.000.000đ trở lên.";https://www.thegioididong.com/dtdd/iphone-15;Skipped
iPhone 16 Pro 1TB;Titan Sa Mạc;No;42990000;39990000;2026-02-01;"Khuyến mãi

Giá và khuyến mãi dự kiến áp dụng đến 23:59 | 28/02
1

Tặng phiếu mua hàng Apple Watch trị giá 1,000,000đ

2

Tặng phiếu mua hàng Macbook trị giá 1,000,000đ

3

Phiếu mua hàng Airpods trị giá 500.000đ

4

Tặng Phiếu mua hàng mua sạc dự phòng (trừ AVA+, Hydrus); đồng hồ thông minh (trừ Apple); Tai nghe bluetooth và Loa bluetooth các hãng JBL, Marshall,Harman Kardon; Ốp lưng (trừ Apple) trị giá 100.000đ

5

Phiếu mua hàng mua Sim data 500GB 1 tháng trị giá 100,000đ Xem chi tiết

6

Thu cũ đổi mới: Giảm đến 2,000,000đ (Không kèm ưu đãi thanh toán qua cổng, mua kèm) Xem chi tiết";;https://www.thegioididong.com/dtdd/iphone-16-pro;DEBUG_OOS_iPhone 16 Pro 1TB_Titan Sa Mạc_080916.png
iPhone 15 Plus 512GB;Vàng nhạt;Yes;30990000;27990000;2026-02-01;"Khuyến mãi

Giá và khuyến mãi dự kiến áp dụng đến 23:59 | 28/02
1

Tặng phiếu mua hàng Apple Watch trị giá 1,000,000đ

2

Tặng phiếu mua hàng Macbook trị giá 1,000,000đ

3

Phiếu mua hàng Airpods trị giá 500.000đ

4

Tặng Phiếu mua hàng mua sạc dự phòng (trừ AVA+, Hydrus); đồng hồ thông minh (trừ Apple); Tai nghe bluetooth và Loa bluetooth các hãng JBL, Marshall,Harman Kardon; Ốp lưng (trừ Apple) trị giá 100.000đ

5

Phiếu mua hàng mua Sim data 500GB 1 tháng trị giá 100,000đ Xem chi tiết

6

Thu cũ đổi mới: Giảm đến 2,000,000đ (Không kèm ưu đãi thanh toán qua cổng, mua kèm) Xem chi tiết";"Ưu đãi thanh toán Online (Click chọn để áp dụng)
 Giảm 250.000đ -
Xem chi tiết
Áp dụng sản phẩm từ 5.000.000đ trở lên.";https://www.thegioididong.com/dtdd/iphone-15-plus;Skipped
iPhone 15 256GB;Vàng nhạt;No;21990000;19990000;2026-02-01;"Khuyến mãi

Giá và khuyến mãi dự kiến áp dụng đến 23:59 | 28/02
1

Tặng phiếu mua hàng Apple Watch trị giá 1,000,000đ

2

Tặng phiếu mua hàng Macbook trị giá 1,000,000đ

3

Phiếu mua hàng Airpods trị giá 500.000đ

4

Tặng Phiếu mua hàng mua sạc dự phòng (trừ AVA+, Hydrus); đồng hồ thông minh (trừ Apple); Tai nghe bluetooth và Loa bluetooth các hãng JBL, Marshall,Harman Kardon; Ốp lưng (trừ Apple) trị giá 100.000đ

5

Phiếu mua hàng mua Sim data 500GB 1 tháng trị giá 100,000đ Xem chi tiết

6

Thu cũ đổi mới: Giảm đến 2,000,000đ (Không kèm ưu đãi thanh toán qua cổng, mua kèm) Xem chi tiết";;https://www.thegioididong.com/dtdd/iphone-15;DEBUG_OOS_iPhone 15 256GB_Vàng nhạt_080919.png
iPhone 16 Pro 1TB;Titan trắng;No;42990000;39990000;2026-02-01;"Khuyến mãi

Giá và khuyến mãi dự kiến áp dụng đến 23:59 | 28/02
1

Tặng phiếu mua hàng Apple Watch trị giá 1,000,000đ

2

Tặng phiếu mua hàng Macbook trị giá 1,000,000đ

3

Phiếu mua hàng Airpods trị giá 500.000đ

4

Tặng Phiếu mua hàng mua sạc dự phòng (trừ AVA+, Hydrus); đồng hồ thông minh (trừ Apple); Tai nghe bluetooth và Loa bluetooth các hãng JBL, Marshall,Harman Kardon; Ốp lưng (trừ Apple) trị giá 100.000đ

5

Phiếu mua hàng mua Sim data 500GB 1 tháng trị giá 100,000đ Xem chi tiết

6

Thu cũ đổi mới: Giảm đến 2,000,000đ (Không kèm ưu đãi thanh toán qua cổng, mua kèm) Xem chi tiết";;https://www.thegioididong.com/dtdd/iphone-16-pro;DEBUG_OOS_iPhone 16 Pro 1TB_Titan trắng_080919.png
iPhone 16 Pro Max 256GB;Titan trắng;Yes;33990000;32990000;2026-02-01;"Khuyến mãi

Giá và khuyến mãi dự kiến áp dụng đến 23:59 | 01/02
1

Tặng phiếu mua hàng Apple Watch trị giá 1,000,000đ

2

Tặng phiếu mua hàng Macbook trị giá 1,000,000đ

3

Phiếu mua hàng Airpods trị giá 500.000đ

4

Tặng Phiếu mua hàng mua sạc dự phòng (trừ AVA+, Hydrus); đồng hồ thông minh (trừ Apple); Tai nghe bluetooth và Loa bluetooth các hãng JBL, Marshall,Harman Kardon; Ốp lưng (trừ Apple) trị giá 100.000đ

5

Phiếu mua hàng mua Sim data 500GB 1 tháng trị giá 100,000đ Xem chi tiết

6

Thu cũ đổi mới: Giảm đến 2,000,000đ (Không kèm ưu đãi thanh toán qua cổng, mua kèm) Xem chi tiết";"Ưu đãi thanh toán Online (Click chọn để áp dụng)
 Giảm 250.000đ -
Xem chi tiết
Áp dụng sản phẩm từ 5.000.000đ trở lên.";https://www.thegioididong.com/dtdd/iphone-16-pro-max;Skipped
iPhone 16 Plus 256GB;Xanh Mòng Két;Yes;28990000;26990000;2026-02-01;"Khuyến mãi

Giá và khuyến mãi dự kiến áp dụng đến 23:59 | 28/02
1

Tặng phiếu mua hàng Apple Watch trị giá 1,000,000đ

2

Tặng phiếu mua hàng Macbook trị giá 1,000,000đ

3

Phiếu mua hàng Airpods trị giá 500.000đ

4

Tặng Phiếu mua hàng mua sạc dự phòng (trừ AVA+, Hydrus); đồng hồ thông minh (trừ Apple); Tai nghe bluetooth và Loa bluetooth các hãng JBL, Marshall,Harman Kardon; Ốp lưng (trừ Apple) trị giá 100.000đ

5

Phiếu mua hàng mua Sim data 500GB 1 tháng trị giá 100,000đ Xem chi tiết

6

Thu cũ đổi mới: Giảm đến 2,000,000đ (Không kèm ưu đãi thanh toán qua cổng, mua kèm) Xem chi tiết";"Ưu đãi thanh toán Online (Click chọn để áp dụng)
 Giảm 250.000đ -
Xem chi tiết
Áp dụng sản phẩm từ 5.000.000đ trở lên.";https://www.thegioididong.com/dtdd/iphone-16-plus;Skipped
iPhone 16e 128GB;Đen;Yes;16990000;15990000;2026-02-01;"Khuyến mãi

Giá và khuyến mãi dự kiến áp dụng đến 23:59 | 28/02
1

Tặng phiếu mua hàng Apple Watch trị giá 1,000,000đ

2

Tặng phiếu mua hàng Macbook trị giá 1,000,000đ

3

Phiếu mua hàng Airpods trị giá 500.000đ

4

Tặng Phiếu mua hàng mua sạc dự phòng (trừ AVA+, Hydrus); đồng hồ thông minh (trừ Apple); Tai nghe bluetooth và Loa bluetooth các hãng JBL, Marshall,Harman Kardon; Ốp lưng (trừ Apple) trị giá 100.000đ

5

Phiếu mua hàng mua Sim data 500GB 1 tháng trị giá 100,000đ Xem chi tiết

6

Thu cũ đổi mới: Giảm đến 2,000,000đ (Không kèm ưu đãi thanh toán qua cổng, mua kèm) Xem chi tiết";"Ưu đãi thanh toán Online (Click chọn để áp dụng)
 Giảm 250.000đ -
Xem chi tiết
Áp dụng sản phẩm từ 5.000.000đ trở lên.";https://www.thegioididong.com/dtdd/iphone-16e;Skipped
iPhone 16 Pro Max 256GB;Titan đen;Yes;33990000;32990000;2026-02-01;"Khuyến mãi

Giá và khuyến mãi dự kiến áp dụng đến 23:59 | 01/02
1

Tặng phiếu mua hàng Apple Watch trị giá 1,000,000đ

2

Tặng phiếu mua hàng Macbook trị giá 1,000,000đ

3

Phiếu mua hàng Airpods trị giá 500.000đ

4

Tặng Phiếu mua hàng mua sạc dự phòng (trừ AVA+, Hydrus); đồng hồ thông minh (trừ Apple); Tai nghe bluetooth và Loa bluetooth các hãng JBL, Marshall,Harman Kardon; Ốp lưng (trừ Apple) trị giá 100.000đ

5

Phiếu mua hàng mua Sim data 500GB 1 tháng trị giá 100,000đ Xem chi tiết

6

Thu cũ đổi mới: Giảm đến 2,000,000đ (Không kèm ưu đãi thanh toán qua cổng, mua kèm) Xem chi tiết";"Ưu đãi thanh toán Online (Click chọn để áp dụng)
 Giảm 250.000đ -
Xem chi tiết
Áp dụng sản phẩm từ 5.000.000đ trở lên.";https://www.thegioididong.com/dtdd/iphone-16-pro-max;Skipped
iPhone 17 256GB;Tím Oải Hương;Yes;1100000;24990000;2026-02-01;"Khuyến mãi

Giá và khuyến mãi dự kiến áp dụng đến 23:59 | 28/02
1

Tặng phiếu mua hàng Apple Watch trị giá 1,000,000đ

2

Tặng phiếu mua hàng Macbook trị giá 1,000,000đ

3

Phiếu mua hàng Airpods trị giá 500.000đ

4

Tặng PMH Phụ kiện bảo vệ iPhone 17 (đơn trên 500.000đ, trừ hãng Apple/ Beats) trị giá 100.000đ

5

Thu cũ đổi mới: Giảm đến 2,000,000đ (Không kèm ưu đãi thanh toán qua cổng, mua kèm) Xem chi tiết";"Ưu đãi thanh toán Online (Click chọn để áp dụng)
 Giảm 250.000đ -
Xem chi tiết
Áp dụng sản phẩm từ 5.000.000đ trở lên.";https://www.thegioididong.com/dtdd/iphone-17;Skipped
iPhone 16 Plus 256GB;Trắng;Yes;28990000;26990000;2026-02-01;"Khuyến mãi

Giá và khuyến mãi dự kiến áp dụng đến 23:59 | 28/02
1

Tặng phiếu mua hàng Apple Watch trị giá 1,000,000đ

2

Tặng phiếu mua hàng Macbook trị giá 1,000,000đ

3

Phiếu mua hàng Airpods trị giá 500.000đ

4

Tặng Phiếu mua hàng mua sạc dự phòng (trừ AVA+, Hydrus); đồng hồ thông minh (trừ Apple); Tai nghe bluetooth và Loa bluetooth các hãng JBL, Marshall,Harman Kardon; Ốp lưng (trừ Apple) trị giá 100.000đ

5

Phiếu mua hàng mua Sim data 500GB 1 tháng trị giá 100,000đ Xem chi tiết

6

Thu cũ đổi mới: Giảm đến 2,000,000đ (Không kèm ưu đãi thanh toán qua cổng, mua kèm) Xem chi tiết";"Ưu đãi thanh toán Online (Click chọn để áp dụng)
 Giảm 250.000đ -
Xem chi tiết
Áp dụng sản phẩm từ 5.000.000đ trở lên.";https://www.thegioididong.com/dtdd/iphone-16-plus;Skipped
iPhone 17 Pro 256GB;Cam Vũ Trụ;Yes;1100000;34990000;2026-02-01;"Khuyến mãi

Giá và khuyến mãi dự kiến áp dụng đến 23:59 | 28/02
1

Tặng phiếu mua hàng Apple Watch trị giá 1,000,000đ

2

Tặng phiếu mua hàng Macbook trị giá 1,000,000đ

3

Phiếu mua hàng Airpods trị giá 500.000đ

4

Tặng PMH Phụ kiện bảo vệ iPhone 17 (đơn trên 500.000đ, trừ hãng Apple/ Beats) trị giá 100.000đ

5

Thu cũ đổi mới: Giảm đến 2,000,000đ (Không kèm ưu đãi thanh toán qua cổng, mua kèm) Xem chi tiết";"Ưu đãi thanh toán Online (Click chọn để áp dụng)
 Giảm 250.000đ -
Xem chi tiết
Áp dụng sản phẩm từ 5.000.000đ trở lên.";https://www.thegioididong.com/dtdd/iphone-17-pro;Skipped
iPhone 16e 128GB;Trắng;Yes;16990000;15990000;2026-02-01;"Khuyến mãi

Giá và khuyến mãi dự kiến áp dụng đến 23:59 | 28/02
1

Tặng phiếu mua hàng Apple Watch trị giá 1,000,000đ

2

Tặng phiếu mua hàng Macbook trị giá 1,000,000đ

3

Phiếu mua hàng Airpods trị giá 500.000đ

4

Tặng Phiếu mua hàng mua sạc dự phòng (trừ AVA+, Hydrus); đồng hồ thông minh (trừ Apple); Tai nghe bluetooth và Loa bluetooth các hãng JBL, Marshall,Harman Kardon; Ốp lưng (trừ Apple) trị giá 100.000đ

5

Phiếu mua hàng mua Sim data 500GB 1 tháng trị giá 100,000đ Xem chi tiết

6

Thu cũ đổi mới: Giảm đến 2,000,000đ (Không kèm ưu đãi thanh toán qua cổng, mua kèm) Xem chi tiết";"Ưu đãi thanh toán Online (Click chọn để áp dụng)
 Giảm 250.000đ -
Xem chi tiết
Áp dụng sản phẩm từ 5.000.000đ trở lên.";https://www.thegioididong.com/dtdd/iphone-16e;Skipped
iPhone 16 Pro Max 512GB;Titan Sa Mạc;Yes;39990000;38990000;2026-02-01;"Khuyến mãi

Giá và khuyến mãi dự kiến áp dụng đến 23:59 | 01/02
1

Tặng phiếu mua hàng Apple Watch trị giá 1,000,000đ

2

Tặng phiếu mua hàng Macbook trị giá 1,000,000đ

3

Phiếu mua hàng Airpods trị giá 500.000đ

4

Tặng Phiếu mua hàng mua sạc dự phòng (trừ AVA+, Hydrus); đồng hồ thông minh (trừ Apple); Tai nghe bluetooth và Loa bluetooth các hãng JBL, Marshall,Harman Kardon; Ốp lưng (trừ Apple) trị giá 100.000đ

5

Phiếu mua hàng mua Sim data 500GB 1 tháng trị giá 100,000đ Xem chi tiết

6

Thu cũ đổi mới: Giảm đến 2,000,000đ (Không kèm ưu đãi thanh toán qua cổng, mua kèm) Xem chi tiết";"Ưu đãi thanh toán Online (Click chọn để áp dụng)
 Giảm 250.000đ -
Xem chi tiết
Áp dụng sản phẩm từ 5.000.000đ trở lên.";https://www.thegioididong.com/dtdd/iphone-16-pro-max;Skipped
iPhone 17 256GB;Xanh Lam Khói;Yes;1100000;24990000;2026-02-01;"Khuyến mãi

Giá và khuyến mãi dự kiến áp dụng đến 23:59 | 28/02
1

Tặng phiếu mua hàng Apple Watch trị giá 1,000,000đ

2

Tặng phiếu mua hàng Macbook trị giá 1,000,000đ

3

Phiếu mua hàng Airpods trị giá 500.000đ

4

Tặng PMH Phụ kiện bảo vệ iPhone 17 (đơn trên 500.000đ, trừ hãng Apple/ Beats) trị giá 100.000đ

5

Thu cũ đổi mới: Giảm đến 2,000,000đ (Không kèm ưu đãi thanh toán qua cổng, mua kèm) Xem chi tiết";"Ưu đãi thanh toán Online (Click chọn để áp dụng)
 Giảm 250.000đ -
Xem chi tiết
Áp dụng sản phẩm từ 5.000.000đ trở lên.";https://www.thegioididong.com/dtdd/iphone-17;Skipped
iPhone 16 Plus 256GB;Hồng;Yes;28990000;26990000;2026-02-01;"Khuyến mãi

Giá và khuyến mãi dự kiến áp dụng đến 23:59 | 28/02
1

Tặng phiếu mua hàng Apple Watch trị giá 1,000,000đ

2

Tặng phiếu mua hàng Macbook trị giá 1,000,000đ

3

Phiếu mua hàng Airpods trị giá 500.000đ

4

Tặng Phiếu mua hàng mua sạc dự phòng (trừ AVA+, Hydrus); đồng hồ thông minh (trừ Apple); Tai nghe bluetooth và Loa bluetooth các hãng JBL, Marshall,Harman Kardon; Ốp lưng (trừ Apple) trị giá 100.000đ

5

Phiếu mua hàng mua Sim data 500GB 1 tháng trị giá 100,000đ Xem chi tiết

6

Thu cũ đổi mới: Giảm đến 2,000,000đ (Không kèm ưu đãi thanh toán qua cổng, mua kèm) Xem chi tiết";"Ưu đãi thanh toán Online (Click chọn để áp dụng)
 Giảm 250.000đ -
Xem chi tiết
Áp dụng sản phẩm từ 5.000.000đ trở lên.";https://www.thegioididong.com/dtdd/iphone-16-plus;Skipped
iPhone 17 Pro 256GB;Bạc;Yes;1100000;34990000;2026-02-01;"Khuyến mãi

Giá và khuyến mãi dự kiến áp dụng đến 23:59 | 28/02
1

Tặng phiếu mua hàng Apple Watch trị giá 1,000,000đ

2

Tặng phiếu mua hàng Macbook trị giá 1,000,000đ

3

Phiếu mua hàng Airpods trị giá 500.000đ

4

Tặng PMH Phụ kiện bảo vệ iPhone 17 (đơn trên 500.000đ, trừ hãng Apple/ Beats) trị giá 100.000đ

5

Thu cũ đổi mới: Giảm đến 2,000,000đ (Không kèm ưu đãi thanh toán qua cổng, mua kèm) Xem chi tiết";"Ưu đãi thanh toán Online (Click chọn để áp dụng)
 Giảm 250.000đ -
Xem chi tiết
Áp dụng sản phẩm từ 5.000.000đ trở lên.";https://www.thegioididong.com/dtdd/iphone-17-pro;Skipped
iPhone 16 Pro Max 512GB;Titan tự nhiên;No;39990000;38990000;2026-02-01;"Khuyến mãi

Giá và khuyến mãi dự kiến áp dụng đến 23:59 | 01/02
1

Tặng phiếu mua hàng Apple Watch trị giá 1,000,000đ

2

Tặng phiếu mua hàng Macbook trị giá 1,000,000đ

3

Phiếu mua hàng Airpods trị giá 500.000đ

4

Tặng Phiếu mua hàng mua sạc dự phòng (trừ AVA+, Hydrus); đồng hồ thông minh (trừ Apple); Tai nghe bluetooth và Loa bluetooth các hãng JBL, Marshall,Harman Kardon; Ốp lưng (trừ Apple) trị giá 100.000đ

5

Phiếu mua hàng mua Sim data 500GB 1 tháng trị giá 100,000đ Xem chi tiết

6

Thu cũ đổi mới: Giảm đến 2,000,000đ (Không kèm ưu đãi thanh toán qua cổng, mua kèm) Xem chi tiết";;https://www.thegioididong.com/dtdd/iphone-16-pro-max;DEBUG_OOS_iPhone 16 Pro Max 512GB_Titan tự nhiên_080937.png
iPhone 16e 512GB;Trắng;Yes;26490000;23990000;2026-02-01;"Khuyến mãi

Giá và khuyến mãi dự kiến áp dụng đến 23:59 | 28/02
1

Tặng phiếu mua hàng Apple Watch trị giá 1,000,000đ

2

Tặng phiếu mua hàng Macbook trị giá 1,000,000đ

3

Phiếu mua hàng Airpods trị giá 500.000đ

4

Tặng Phiếu mua hàng mua sạc dự phòng (trừ AVA+, Hydrus); đồng hồ thông minh (trừ Apple); Tai nghe bluetooth và Loa bluetooth các hãng JBL, Marshall,Harman Kardon; Ốp lưng (trừ Apple) trị giá 100.000đ

5

Phiếu mua hàng mua Sim data 500GB 1 tháng trị giá 100,000đ Xem chi tiết

6

Thu cũ đổi mới: Giảm đến 2,000,000đ (Không kèm ưu đãi thanh toán qua cổng, mua kèm) Xem chi tiết";"Ưu đãi thanh toán Online (Click chọn để áp dụng)
 Giảm 1.000.000đ - Xem chi tiết
Áp dụng sản phẩm từ 10.000.000đ trở lên.
 Giảm 250.000đ - Xem chi tiết
Áp dụng sản phẩm từ 5.000.000đ trở lên.";https://www.thegioididong.com/dtdd/iphone-16e;Skipped
iPhone 17 256GB;Đen;Yes;1100000;24990000;2026-02-01;"Khuyến mãi

Giá và khuyến mãi dự kiến áp dụng đến 23:59 | 28/02
1

Tặng phiếu mua hàng Apple Watch trị giá 1,000,000đ

2

Tặng phiếu mua hàng Macbook trị giá 1,000,000đ

3

Phiếu mua hàng Airpods trị giá 500.000đ

4

Tặng PMH Phụ kiện bảo vệ iPhone 17 (đơn trên 500.000đ, trừ hãng Apple/ Beats) trị giá 100.000đ

5

Thu cũ đổi mới: Giảm đến 2,000,000đ (Không kèm ưu đãi thanh toán qua cổng, mua kèm) Xem chi tiết";"Ưu đãi thanh toán Online (Click chọn để áp dụng)
 Giảm 250.000đ -
Xem chi tiết
Áp dụng sản phẩm từ 5.000.000đ trở lên.";https://www.thegioididong.com/dtdd/iphone-17;Skipped
iPhone 16 Pro Max 512GB;Titan trắng;No;39990000;38990000;2026-02-01;"Khuyến mãi

Giá và khuyến mãi dự kiến áp dụng đến 23:59 | 01/02
1

Tặng phiếu mua hàng Apple Watch trị giá 1,000,000đ

2

Tặng phiếu mua hàng Macbook trị giá 1,000,000đ

3

Phiếu mua hàng Airpods trị giá 500.000đ

4

Tặng Phiếu mua hàng mua sạc dự phòng (trừ AVA+, Hydrus); đồng hồ thông minh (trừ Apple); Tai nghe bluetooth và Loa bluetooth các hãng JBL, Marshall,Harman Kardon; Ốp lưng (trừ Apple) trị giá 100.000đ

5

Phiếu mua hàng mua Sim data 500GB 1 tháng trị giá 100,000đ Xem chi tiết

6

Thu cũ đổi mới: Giảm đến 2,000,000đ (Không kèm ưu đãi thanh toán qua cổng, mua kèm) Xem chi tiết";;https://www.thegioididong.com/dtdd/iphone-16-pro-max;DEBUG_OOS_iPhone 16 Pro Max 512GB_Titan trắng_080941.png
iPhone 16 Plus 256GB;Đen;Yes;28990000;26990000;2026-02-01;"Khuyến mãi

Giá và khuyến mãi dự kiến áp dụng đến 23:59 | 28/02
1

Tặng phiếu mua hàng Apple Watch trị giá 1,000,000đ

2

Tặng phiếu mua hàng Macbook trị giá 1,000,000đ

3

Phiếu mua hàng Airpods trị giá 500.000đ

4

Tặng Phiếu mua hàng mua sạc dự phòng (trừ AVA+, Hydrus); đồng hồ thông minh (trừ Apple); Tai nghe bluetooth và Loa bluetooth các hãng JBL, Marshall,Harman Kardon; Ốp lưng (trừ Apple) trị giá 100.000đ

5

Phiếu mua hàng mua Sim data 500GB 1 tháng trị giá 100,000đ Xem chi tiết

6

Thu cũ đổi mới: Giảm đến 2,000,000đ (Không kèm ưu đãi thanh toán qua cổng, mua kèm) Xem chi tiết";"Ưu đãi thanh toán Online (Click chọn để áp dụng)
 Giảm 250.000đ -
Xem chi tiết
Áp dụng sản phẩm từ 5.000.000đ trở lên.";https://www.thegioididong.com/dtdd/iphone-16-plus;Skipped
iPhone 17 Pro 256GB;Xanh đậm;Yes;1100000;34990000;2026-02-01;"Khuyến mãi

Giá và khuyến mãi dự kiến áp dụng đến 23:59 | 28/02
1

Tặng phiếu mua hàng Apple Watch trị giá 1,000,000đ

2

Tặng phiếu mua hàng Macbook trị giá 1,000,000đ

3

Phiếu mua hàng Airpods trị giá 500.000đ

4

Tặng PMH Phụ kiện bảo vệ iPhone 17 (đơn trên 500.000đ, trừ hãng Apple/ Beats) trị giá 100.000đ

5

Thu cũ đổi mới: Giảm đến 2,000,000đ (Không kèm ưu đãi thanh toán qua cổng, mua kèm) Xem chi tiết";"Ưu đãi thanh toán Online (Click chọn để áp dụng)
 Giảm 250.000đ -
Xem chi tiết
Áp dụng sản phẩm từ 5.000.000đ trở lên.";https://www.thegioididong.com/dtdd/iphone-17-pro;Skipped
iPhone 16e 512GB;Đen;No;26490000;23990000;2026-02-01;"Khuyến mãi

Giá và khuyến mãi dự kiến áp dụng đến 23:59 | 28/02
1

Tặng phiếu mua hàng Apple Watch trị giá 1,000,000đ

2

Tặng phiếu mua hàng Macbook trị giá 1,000,000đ

3

Phiếu mua hàng Airpods trị giá 500.000đ

4

Tặng Phiếu mua hàng mua sạc dự phòng (trừ AVA+, Hydrus); đồng hồ thông minh (trừ Apple); Tai nghe bluetooth và Loa bluetooth các hãng JBL, Marshall,Harman Kardon; Ốp lưng (trừ Apple) trị giá 100.000đ

5

Phiếu mua hàng mua Sim data 500GB 1 tháng trị giá 100,000đ Xem chi tiết

6

Thu cũ đổi mới: Giảm đến 2,000,000đ (Không kèm ưu đãi thanh toán qua cổng, mua kèm) Xem chi tiết";;https://www.thegioididong.com/dtdd/iphone-16e;DEBUG_OOS_iPhone 16e 512GB_Đen_080943.png
iPhone 16 Pro Max 512GB;Titan đen;No;39990000;38990000;2026-02-01;"Khuyến mãi

Giá và khuyến mãi dự kiến áp dụng đến 23:59 | 01/02
1

Tặng phiếu mua hàng Apple Watch trị giá 1,000,000đ

2

Tặng phiếu mua hàng Macbook trị giá 1,000,000đ

3

Phiếu mua hàng Airpods trị giá 500.000đ

4

Tặng Phiếu mua hàng mua sạc dự phòng (trừ AVA+, Hydrus); đồng hồ thông minh (trừ Apple); Tai nghe bluetooth và Loa bluetooth các hãng JBL, Marshall,Harman Kardon; Ốp lưng (trừ Apple) trị giá 100.000đ

5

Phiếu mua hàng mua Sim data 500GB 1 tháng trị giá 100,000đ Xem chi tiết

6

Thu cũ đổi mới: Giảm đến 2,000,000đ (Không kèm ưu đãi thanh toán qua cổng, mua kèm) Xem chi tiết";;https://www.thegioididong.com/dtdd/iphone-16-pro-max;DEBUG_OOS_iPhone 16 Pro Max 512GB_Titan đen_080945.png
iPhone 17 256GB;Xanh Lá Xô Thơm;Yes;1100000;24990000;2026-02-01;"Khuyến mãi

Giá và khuyến mãi dự kiến áp dụng đến 23:59 | 28/02
1

Tặng phiếu mua hàng Apple Watch trị giá 1,000,000đ

2

Tặng phiếu mua hàng Macbook trị giá 1,000,000đ

3

Phiếu mua hàng Airpods trị giá 500.000đ

4

Tặng PMH Phụ kiện bảo vệ iPhone 17 (đơn trên 500.000đ, trừ hãng Apple/ Beats) trị giá 100.000đ

5

Thu cũ đổi mới: Giảm đến 2,000,000đ (Không kèm ưu đãi thanh toán qua cổng, mua kèm) Xem chi tiết";"Ưu đãi thanh toán Online (Click chọn để áp dụng)
 Giảm 250.000đ -
Xem chi tiết
Áp dụng sản phẩm từ 5.000.000đ trở lên.";https://www.thegioididong.com/dtdd/iphone-17;Skipped
iPhone 16 Plus 256GB;Xanh Lưu Ly;Yes;28990000;26990000;2026-02-01;"Khuyến mãi

Giá và khuyến mãi dự kiến áp dụng đến 23:59 | 28/02
1

Tặng phiếu mua hàng Apple Watch trị giá 1,000,000đ

2

Tặng phiếu mua hàng Macbook trị giá 1,000,000đ

3

Phiếu mua hàng Airpods trị giá 500.000đ

4

Tặng Phiếu mua hàng mua sạc dự phòng (trừ AVA+, Hydrus); đồng hồ thông minh (trừ Apple); Tai nghe bluetooth và Loa bluetooth các hãng JBL, Marshall,Harman Kardon; Ốp lưng (trừ Apple) trị giá 100.000đ

5

Phiếu mua hàng mua Sim data 500GB 1 tháng trị giá 100,000đ Xem chi tiết

6

Thu cũ đổi mới: Giảm đến 2,000,000đ (Không kèm ưu đãi thanh toán qua cổng, mua kèm) Xem chi tiết";"Ưu đãi thanh toán Online (Click chọn để áp dụng)
 Giảm 250.000đ -
Xem chi tiết
Áp dụng sản phẩm từ 5.000.000đ trở lên.";https://www.thegioididong.com/dtdd/iphone-16-plus;Skipped
iPhone 17 Pro 512GB;Cam Vũ Trụ;Yes;1100000;41490000;2026-02-01;"Khuyến mãi

Giá và khuyến mãi dự kiến áp dụng đến 23:59 | 28/02
1

Tặng phiếu mua hàng Apple Watch trị giá 1,000,000đ

2

Tặng phiếu mua hàng Macbook trị giá 1,000,000đ

3

Phiếu mua hàng Airpods trị giá 500.000đ

4

Tặng PMH Phụ kiện bảo vệ iPhone 17 (đơn trên 500.000đ, trừ hãng Apple/ Beats) trị giá 100.000đ

5

Thu cũ đổi mới: Giảm đến 2,000,000đ (Không kèm ưu đãi thanh toán qua cổng, mua kèm) Xem chi tiết";"Ưu đãi thanh toán Online (Click chọn để áp dụng)
 Giảm 250.000đ -
Xem chi tiết
Áp dụng sản phẩm từ 5.000.000đ trở lên.";https://www.thegioididong.com/dtdd/iphone-17-pro;Skipped
iPhone 16e 512GB;Trắng;Yes;26490000;23990000;2026-02-01;"Khuyến mãi

Giá và khuyến mãi dự kiến áp dụng đến 23:59 | 28/02
1

Tặng phiếu mua hàng Apple Watch trị giá 1,000,000đ

2

Tặng phiếu mua hàng Macbook trị giá 1,000,000đ

3

Phiếu mua hàng Airpods trị giá 500.000đ

4

Tặng Phiếu mua hàng mua sạc dự phòng (trừ AVA+, Hydrus); đồng hồ thông minh (trừ Apple); Tai nghe bluetooth và Loa bluetooth các hãng JBL, Marshall,Harman Kardon; Ốp lưng (trừ Apple) trị giá 100.000đ

5

Phiếu mua hàng mua Sim data 500GB 1 tháng trị giá 100,000đ Xem chi tiết

6

Thu cũ đổi mới: Giảm đến 2,000,000đ (Không kèm ưu đãi thanh toán qua cổng, mua kèm) Xem chi tiết";"Ưu đãi thanh toán Online (Click chọn để áp dụng)
 Giảm 1.000.000đ - Xem chi tiết
Áp dụng sản phẩm từ 10.000.000đ trở lên.
 Giảm 250.000đ - Xem chi tiết
Áp dụng sản phẩm từ 5.000.000đ trở lên.";https://www.thegioididong.com/dtdd/iphone-16e;Skipped
iPhone 16 Pro Max 512GB;Titan Sa Mạc;Yes;39990000;38990000;2026-02-01;"Khuyến mãi

Giá và khuyến mãi dự kiến áp dụng đến 23:59 | 01/02
1

Tặng phiếu mua hàng Apple Watch trị giá 1,000,000đ

2

Tặng phiếu mua hàng Macbook trị giá 1,000,000đ

3

Phiếu mua hàng Airpods trị giá 500.000đ

4

Tặng Phiếu mua hàng mua sạc dự phòng (trừ AVA+, Hydrus); đồng hồ thông minh (trừ Apple); Tai nghe bluetooth và Loa bluetooth các hãng JBL, Marshall,Harman Kardon; Ốp lưng (trừ Apple) trị giá 100.000đ

5

Phiếu mua hàng mua Sim data 500GB 1 tháng trị giá 100,000đ Xem chi tiết

6

Thu cũ đổi mới: Giảm đến 2,000,000đ (Không kèm ưu đãi thanh toán qua cổng, mua kèm) Xem chi tiết";"Ưu đãi thanh toán Online (Click chọn để áp dụng)
 Giảm 250.000đ -
Xem chi tiết
Áp dụng sản phẩm từ 5.000.000đ trở lên.";https://www.thegioididong.com/dtdd/iphone-16-pro-max;Skipped
iPhone 17 Pro 512GB;Bạc;No;1100000;41490000;2026-02-01;"Khuyến mãi

Giá và khuyến mãi dự kiến áp dụng đến 23:59 | 28/02
1

Tặng phiếu mua hàng Apple Watch trị giá 1,000,000đ

2

Tặng phiếu mua hàng Macbook trị giá 1,000,000đ

3

Phiếu mua hàng Airpods trị giá 500.000đ

4

Tặng PMH Phụ kiện bảo vệ iPhone 17 (đơn trên 500.000đ, trừ hãng Apple/ Beats) trị giá 100.000đ

5

Thu cũ đổi mới: Giảm đến 2,000,000đ (Không kèm ưu đãi thanh toán qua cổng, mua kèm) Xem chi tiết";;https://www.thegioididong.com/dtdd/iphone-17-pro;DEBUG_OOS_iPhone 17 Pro 512GB_Bạc_080953.png
iPhone 16e 512GB;Đen;No;26490000;23990000;2026-02-01;"Khuyến mãi

Giá và khuyến mãi dự kiến áp dụng đến 23:59 | 28/02
1

Tặng phiếu mua hàng Apple Watch trị giá 1,000,000đ

2

Tặng phiếu mua hàng Macbook trị giá 1,000,000đ

3

Phiếu mua hàng Airpods trị giá 500.000đ

4

Tặng Phiếu mua hàng mua sạc dự phòng (trừ AVA+, Hydrus); đồng hồ thông minh (trừ Apple); Tai nghe bluetooth và Loa bluetooth các hãng JBL, Marshall,Harman Kardon; Ốp lưng (trừ Apple) trị giá 100.000đ

5

Phiếu mua hàng mua Sim data 500GB 1 tháng trị giá 100,000đ Xem chi tiết

6

Thu cũ đổi mới: Giảm đến 2,000,000đ (Không kèm ưu đãi thanh toán qua cổng, mua kèm) Xem chi tiết";;https://www.thegioididong.com/dtdd/iphone-16e;DEBUG_OOS_iPhone 16e 512GB_Đen_080953.png
iPhone 17 256GB;Trắng;Yes;1100000;24990000;2026-02-01;"Khuyến mãi

Giá và khuyến mãi dự kiến áp dụng đến 23:59 | 28/02
1

Tặng phiếu mua hàng Apple Watch trị giá 1,000,000đ

2

Tặng phiếu mua hàng Macbook trị giá 1,000,000đ

3

Phiếu mua hàng Airpods trị giá 500.000đ

4

Tặng PMH Phụ kiện bảo vệ iPhone 17 (đơn trên 500.000đ, trừ hãng Apple/ Beats) trị giá 100.000đ

5

Thu cũ đổi mới: Giảm đến 2,000,000đ (Không kèm ưu đãi thanh toán qua cổng, mua kèm) Xem chi tiết";"Ưu đãi thanh toán Online (Click chọn để áp dụng)
 Giảm 250.000đ -
Xem chi tiết
Áp dụng sản phẩm từ 5.000.000đ trở lên.";https://www.thegioididong.com/dtdd/iphone-17;Skipped
iPhone 16 Plus 256GB;Xanh Mòng Két;Yes;28990000;26990000;2026-02-01;"Khuyến mãi

Giá và khuyến mãi dự kiến áp dụng đến 23:59 | 28/02
1

Tặng phiếu mua hàng Apple Watch trị giá 1,000,000đ

2

Tặng phiếu mua hàng Macbook trị giá 1,000,000đ

3

Phiếu mua hàng Airpods trị giá 500.000đ

4

Tặng Phiếu mua hàng mua sạc dự phòng (trừ AVA+, Hydrus); đồng hồ thông minh (trừ Apple); Tai nghe bluetooth và Loa bluetooth các hãng JBL, Marshall,Harman Kardon; Ốp lưng (trừ Apple) trị giá 100.000đ

5

Phiếu mua hàng mua Sim data 500GB 1 tháng trị giá 100,000đ Xem chi tiết

6

Thu cũ đổi mới: Giảm đến 2,000,000đ (Không kèm ưu đãi thanh toán qua cổng, mua kèm) Xem chi tiết";"Ưu đãi thanh toán Online (Click chọn để áp dụng)
 Giảm 250.000đ -
Xem chi tiết
Áp dụng sản phẩm từ 5.000.000đ trở lên.";https://www.thegioididong.com/dtdd/iphone-16-plus;Skipped
iPhone 16 Pro Max 512GB;Titan tự nhiên;No;39990000;38990000;2026-02-01;"Khuyến mãi

Giá và khuyến mãi dự kiến áp dụng đến 23:59 | 01/02
1

Tặng phiếu mua hàng Apple Watch trị giá 1,000,000đ

2

Tặng phiếu mua hàng Macbook trị giá 1,000,000đ

3

Phiếu mua hàng Airpods trị giá 500.000đ

4

Tặng Phiếu mua hàng mua sạc dự phòng (trừ AVA+, Hydrus); đồng hồ thông minh (trừ Apple); Tai nghe bluetooth và Loa bluetooth các hãng JBL, Marshall,Harman Kardon; Ốp lưng (trừ Apple) trị giá 100.000đ

5

Phiếu mua hàng mua Sim data 500GB 1 tháng trị giá 100,000đ Xem chi tiết

6

Thu cũ đổi mới: Giảm đến 2,000,000đ (Không kèm ưu đãi thanh toán qua cổng, mua kèm) Xem chi tiết";;https://www.thegioididong.com/dtdd/iphone-16-pro-max;DEBUG_OOS_iPhone 16 Pro Max 512GB_Titan tự nhiên_080955.png
iPhone 16 Pro Max 512GB;Titan trắng;No;39990000;38990000;2026-02-01;"Khuyến mãi

Giá và khuyến mãi dự kiến áp dụng đến 23:59 | 01/02
1

Tặng phiếu mua hàng Apple Watch trị giá 1,000,000đ

2

Tặng phiếu mua hàng Macbook trị giá 1,000,000đ

3

Phiếu mua hàng Airpods trị giá 500.000đ

4

Tặng Phiếu mua hàng mua sạc dự phòng (trừ AVA+, Hydrus); đồng hồ thông minh (trừ Apple); Tai nghe bluetooth và Loa bluetooth các hãng JBL, Marshall,Harman Kardon; Ốp lưng (trừ Apple) trị giá 100.000đ

5

Phiếu mua hàng mua Sim data 500GB 1 tháng trị giá 100,000đ Xem chi tiết

6

Thu cũ đổi mới: Giảm đến 2,000,000đ (Không kèm ưu đãi thanh toán qua cổng, mua kèm) Xem chi tiết";;https://www.thegioididong.com/dtdd/iphone-16-pro-max;DEBUG_OOS_iPhone 16 Pro Max 512GB_Titan trắng_080959.png
iPhone 17 Pro 512GB;Xanh đậm;Yes;1100000;41490000;2026-02-01;"Khuyến mãi

Giá và khuyến mãi dự kiến áp dụng đến 23:59 | 28/02
1

Tặng phiếu mua hàng Apple Watch trị giá 1,000,000đ

2

Tặng phiếu mua hàng Macbook trị giá 1,000,000đ

3

Phiếu mua hàng Airpods trị giá 500.000đ

4

Tặng PMH Phụ kiện bảo vệ iPhone 17 (đơn trên 500.000đ, trừ hãng Apple/ Beats) trị giá 100.000đ

5

Thu cũ đổi mới: Giảm đến 2,000,000đ (Không kèm ưu đãi thanh toán qua cổng, mua kèm) Xem chi tiết";"Ưu đãi thanh toán Online (Click chọn để áp dụng)
 Giảm 250.000đ -
Xem chi tiết
Áp dụng sản phẩm từ 5.000.000đ trở lên.";https://www.thegioididong.com/dtdd/iphone-17-pro;Skipped
iPhone 17 512GB;Tím Oải Hương;Yes;1100000;31490000;2026-02-01;;;https://www.thegioididong.com/dtdd/iphone-17;Skipped
iPhone 16e 512GB;Trắng;Yes;26490000;23990000;2026-02-01;"Khuyến mãi

Giá và khuyến mãi dự kiến áp dụng đến 23:59 | 28/02
1

Tặng phiếu mua hàng Apple Watch trị giá 1,000,000đ

2

Tặng phiếu mua hàng Macbook trị giá 1,000,000đ

3

Phiếu mua hàng Airpods trị giá 500.000đ

4

Tặng Phiếu mua hàng mua sạc dự phòng (trừ AVA+, Hydrus); đồng hồ thông minh (trừ Apple); Tai nghe bluetooth và Loa bluetooth các hãng JBL, Marshall,Harman Kardon; Ốp lưng (trừ Apple) trị giá 100.000đ

5

Phiếu mua hàng mua Sim data 500GB 1 tháng trị giá 100,000đ Xem chi tiết

6

Thu cũ đổi mới: Giảm đến 2,000,000đ (Không kèm ưu đãi thanh toán qua cổng, mua kèm) Xem chi tiết";"Ưu đãi thanh toán Online (Click chọn để áp dụng)
 Giảm 1.000.000đ - Xem chi tiết
Áp dụng sản phẩm từ 10.000.000đ trở lên.
 Giảm 250.000đ - Xem chi tiết
Áp dụng sản phẩm từ 5.000.000đ trở lên.";https://www.thegioididong.com/dtdd/iphone-16e;Skipped
iPhone 16 Plus 256GB;Trắng;Yes;28990000;26990000;2026-02-01;"Khuyến mãi

Giá và khuyến mãi dự kiến áp dụng đến 23:59 | 28/02
1

Tặng phiếu mua hàng Apple Watch trị giá 1,000,000đ

2

Tặng phiếu mua hàng Macbook trị giá 1,000,000đ

3

Phiếu mua hàng Airpods trị giá 500.000đ

4

Tặng Phiếu mua hàng mua sạc dự phòng (trừ AVA+, Hydrus); đồng hồ thông minh (trừ Apple); Tai nghe bluetooth và Loa bluetooth các hãng JBL, Marshall,Harman Kardon; Ốp lưng (trừ Apple) trị giá 100.000đ

5

Phiếu mua hàng mua Sim data 500GB 1 tháng trị giá 100,000đ Xem chi tiết

6

Thu cũ đổi mới: Giảm đến 2,000,000đ (Không kèm ưu đãi thanh toán qua cổng, mua kèm) Xem chi tiết";"Ưu đãi thanh toán Online (Click chọn để áp dụng)
 Giảm 250.000đ -
Xem chi tiết
Áp dụng sản phẩm từ 5.000.000đ trở lên.";https://www.thegioididong.com/dtdd/iphone-16-plus;Skipped
iPhone 16 Pro Max 512GB;Titan đen;No;39990000;38990000;2026-02-01;"Khuyến mãi

Giá và khuyến mãi dự kiến áp dụng đến 23:59 | 01/02
1

Tặng phiếu mua hàng Apple Watch trị giá 1,000,000đ

2

Tặng phiếu mua hàng Macbook trị giá 1,000,000đ

3

Phiếu mua hàng Airpods trị giá 500.000đ

4

Tặng Phiếu mua hàng mua sạc dự phòng (trừ AVA+, Hydrus); đồng hồ thông minh (trừ Apple); Tai nghe bluetooth và Loa bluetooth các hãng JBL, Marshall,Harman Kardon; Ốp lưng (trừ Apple) trị giá 100.000đ

5

Phiếu mua hàng mua Sim data 500GB 1 tháng trị giá 100,000đ Xem chi tiết

6

Thu cũ đổi mới: Giảm đến 2,000,000đ (Không kèm ưu đãi thanh toán qua cổng, mua kèm) Xem chi tiết";;https://www.thegioididong.com/dtdd/iphone-16-pro-max;DEBUG_OOS_iPhone 16 Pro Max 512GB_Titan đen_081002.png
iPhone 16e 512GB;Đen;No;26490000;23990000;2026-02-01;"Khuyến mãi

Giá và khuyến mãi dự kiến áp dụng đến 23:59 | 28/02
1

Tặng phiếu mua hàng Apple Watch trị giá 1,000,000đ

2

Tặng phiếu mua hàng Macbook trị giá 1,000,000đ

3

Phiếu mua hàng Airpods trị giá 500.000đ

4

Tặng Phiếu mua hàng mua sạc dự phòng (trừ AVA+, Hydrus); đồng hồ thông minh (trừ Apple); Tai nghe bluetooth và Loa bluetooth các hãng JBL, Marshall,Harman Kardon; Ốp lưng (trừ Apple) trị giá 100.000đ

5

Phiếu mua hàng mua Sim data 500GB 1 tháng trị giá 100,000đ Xem chi tiết

6

Thu cũ đổi mới: Giảm đến 2,000,000đ (Không kèm ưu đãi thanh toán qua cổng, mua kèm) Xem chi tiết";;https://www.thegioididong.com/dtdd/iphone-16e;DEBUG_OOS_iPhone 16e 512GB_Đen_081005.png
iPhone 17 Pro 1TB;Bạc;No;1100000;47990000;2026-02-01;"Khuyến mãi

Giá và khuyến mãi dự kiến áp dụng đến 23:59 | 28/02
1

Tặng phiếu mua hàng Apple Watch trị giá 1,000,000đ

2

Tặng phiếu mua hàng Macbook trị giá 1,000,000đ

3

Phiếu mua hàng Airpods trị giá 500.000đ

4

Tặng PMH Phụ kiện bảo vệ iPhone 17 (đơn trên 500.000đ, trừ hãng Apple/ Beats) trị giá 100.000đ

5

Thu cũ đổi mới: Giảm đến 2,000,000đ (Không kèm ưu đãi thanh toán qua cổng, mua kèm) Xem chi tiết";;https://www.thegioididong.com/dtdd/iphone-17-pro;DEBUG_OOS_iPhone 17 Pro 1TB_Bạc_081006.png
iPhone 17 512GB;Xanh Lam Khói;Yes;1100000;31490000;2026-02-01;;;https://www.thegioididong.com/dtdd/iphone-17;Skipped
iPhone 16 Plus 256GB;Hồng;Yes;28990000;26990000;2026-02-01;"Khuyến mãi

Giá và khuyến mãi dự kiến áp dụng đến 23:59 | 28/02
1

Tặng phiếu mua hàng Apple Watch trị giá 1,000,000đ

2

Tặng phiếu mua hàng Macbook trị giá 1,000,000đ

3

Phiếu mua hàng Airpods trị giá 500.000đ

4

Tặng Phiếu mua hàng mua sạc dự phòng (trừ AVA+, Hydrus); đồng hồ thông minh (trừ Apple); Tai nghe bluetooth và Loa bluetooth các hãng JBL, Marshall,Harman Kardon; Ốp lưng (trừ Apple) trị giá 100.000đ

5

Phiếu mua hàng mua Sim data 500GB 1 tháng trị giá 100,000đ Xem chi tiết

6

Thu cũ đổi mới: Giảm đến 2,000,000đ (Không kèm ưu đãi thanh toán qua cổng, mua kèm) Xem chi tiết";"Ưu đãi thanh toán Online (Click chọn để áp dụng)
 Giảm 250.000đ -
Xem chi tiết
Áp dụng sản phẩm từ 5.000.000đ trở lên.";https://www.thegioididong.com/dtdd/iphone-16-plus;Skipped
iPhone 16 Pro Max 512GB;Titan Sa Mạc;Yes;39990000;38990000;2026-02-01;"Khuyến mãi

Giá và khuyến mãi dự kiến áp dụng đến 23:59 | 01/02
1

Tặng phiếu mua hàng Apple Watch trị giá 1,000,000đ

2

Tặng phiếu mua hàng Macbook trị giá 1,000,000đ

3

Phiếu mua hàng Airpods trị giá 500.000đ

4

Tặng Phiếu mua hàng mua sạc dự phòng (trừ AVA+, Hydrus); đồng hồ thông minh (trừ Apple); Tai nghe bluetooth và Loa bluetooth các hãng JBL, Marshall,Harman Kardon; Ốp lưng (trừ Apple) trị giá 100.000đ

5

Phiếu mua hàng mua Sim data 500GB 1 tháng trị giá 100,000đ Xem chi tiết

6

Thu cũ đổi mới: Giảm đến 2,000,000đ (Không kèm ưu đãi thanh toán qua cổng, mua kèm) Xem chi tiết";"Ưu đãi thanh toán Online (Click chọn để áp dụng)
 Giảm 250.000đ -
Xem chi tiết
Áp dụng sản phẩm từ 5.000.000đ trở lên.";https://www.thegioididong.com/dtdd/iphone-16-pro-max;Skipped
iPhone 17 Pro 1TB;Cam Vũ Trụ;Yes;1100000;47990000;2026-02-01;"Khuyến mãi

Giá và khuyến mãi dự kiến áp dụng đến 23:59 | 28/02
1

Tặng phiếu mua hàng Apple Watch trị giá 1,000,000đ

2

Tặng phiếu mua hàng Macbook trị giá 1,000,000đ

3

Phiếu mua hàng Airpods trị giá 500.000đ

4

Tặng PMH Phụ kiện bảo vệ iPhone 17 (đơn trên 500.000đ, trừ hãng Apple/ Beats) trị giá 100.000đ

5

Thu cũ đổi mới: Giảm đến 2,000,000đ (Không kèm ưu đãi thanh toán qua cổng, mua kèm) Xem chi tiết";"Ưu đãi thanh toán Online (Click chọn để áp dụng)
 Giảm 1.000.000đ - Xem chi tiết
Áp dụng sản phẩm từ 10.000.000đ trở lên.
 Giảm 250.000đ - Xem chi tiết
Áp dụng sản phẩm từ 5.000.000đ trở lên.";https://www.thegioididong.com/dtdd/iphone-17-pro;Skipped
iPhone 16 Pro Max 512GB;Titan tự nhiên;No;39990000;38990000;2026-02-01;"Khuyến mãi

Giá và khuyến mãi dự kiến áp dụng đến 23:59 | 01/02
1

Tặng phiếu mua hàng Apple Watch trị giá 1,000,000đ

2

Tặng phiếu mua hàng Macbook trị giá 1,000,000đ

3

Phiếu mua hàng Airpods trị giá 500.000đ

4

Tặng Phiếu mua hàng mua sạc dự phòng (trừ AVA+, Hydrus); đồng hồ thông minh (trừ Apple); Tai nghe bluetooth và Loa bluetooth các hãng JBL, Marshall,Harman Kardon; Ốp lưng (trừ Apple) trị giá 100.000đ

5

Phiếu mua hàng mua Sim data 500GB 1 tháng trị giá 100,000đ Xem chi tiết

6

Thu cũ đổi mới: Giảm đến 2,000,000đ (Không kèm ưu đãi thanh toán qua cổng, mua kèm) Xem chi tiết";;https://www.thegioididong.com/dtdd/iphone-16-pro-max;DEBUG_OOS_iPhone 16 Pro Max 512GB_Titan tự nhiên_081014.png
iPhone 17 Pro Max 256GB;Cam Vũ Trụ;Yes;1100000;37990000;2026-02-01;"Khuyến mãi

Giá và khuyến mãi dự kiến áp dụng đến 23:59 | 28/02
1

Tặng phiếu mua hàng Apple Watch trị giá 1,000,000đ

2

Tặng phiếu mua hàng Macbook trị giá 1,000,000đ

3

Phiếu mua hàng Airpods trị giá 500.000đ

4

Tặng PMH Phụ kiện bảo vệ iPhone 17 (đơn trên 500.000đ, trừ hãng Apple/ Beats) trị giá 100.000đ

5

Thu cũ đổi mới: Giảm đến 2,000,000đ (Không kèm ưu đãi thanh toán qua cổng, mua kèm) Xem chi tiết";"Ưu đãi thanh toán Online (Click chọn để áp dụng)
 Giảm 250.000đ -
Xem chi tiết
Áp dụng sản phẩm từ 5.000.000đ trở lên.";https://www.thegioididong.com/dtdd/iphone-17-pro-max;Skipped
iPhone 17 512GB;Xanh Lá Xô Thơm;Yes;1100000;31490000;2026-02-01;;;https://www.thegioididong.com/dtdd/iphone-17;Skipped
iPhone 16 Plus 256GB;Đen;Yes;28990000;26990000;2026-02-01;"Khuyến mãi

Giá và khuyến mãi dự kiến áp dụng đến 23:59 | 28/02
1

Tặng phiếu mua hàng Apple Watch trị giá 1,000,000đ

2

Tặng phiếu mua hàng Macbook trị giá 1,000,000đ

3

Phiếu mua hàng Airpods trị giá 500.000đ

4

Tặng Phiếu mua hàng mua sạc dự phòng (trừ AVA+, Hydrus); đồng hồ thông minh (trừ Apple); Tai nghe bluetooth và Loa bluetooth các hãng JBL, Marshall,Harman Kardon; Ốp lưng (trừ Apple) trị giá 100.000đ

5

Phiếu mua hàng mua Sim data 500GB 1 tháng trị giá 100,000đ Xem chi tiết

6

Thu cũ đổi mới: Giảm đến 2,000,000đ (Không kèm ưu đãi thanh toán qua cổng, mua kèm) Xem chi tiết";"Ưu đãi thanh toán Online (Click chọn để áp dụng)
 Giảm 250.000đ -
Xem chi tiết
Áp dụng sản phẩm từ 5.000.000đ trở lên.";https://www.thegioididong.com/dtdd/iphone-16-plus;Skipped
iPhone 16 Pro Max 512GB;Titan trắng;No;39990000;38990000;2026-02-01;"Khuyến mãi

Giá và khuyến mãi dự kiến áp dụng đến 23:59 | 01/02
1

Tặng phiếu mua hàng Apple Watch trị giá 1,000,000đ

2

Tặng phiếu mua hàng Macbook trị giá 1,000,000đ

3

Phiếu mua hàng Airpods trị giá 500.000đ

4

Tặng Phiếu mua hàng mua sạc dự phòng (trừ AVA+, Hydrus); đồng hồ thông minh (trừ Apple); Tai nghe bluetooth và Loa bluetooth các hãng JBL, Marshall,Harman Kardon; Ốp lưng (trừ Apple) trị giá 100.000đ

5

Phiếu mua hàng mua Sim data 500GB 1 tháng trị giá 100,000đ Xem chi tiết

6

Thu cũ đổi mới: Giảm đến 2,000,000đ (Không kèm ưu đãi thanh toán qua cổng, mua kèm) Xem chi tiết";;https://www.thegioididong.com/dtdd/iphone-16-pro-max;DEBUG_OOS_iPhone 16 Pro Max 512GB_Titan trắng_081017.png
iPhone 17 Pro 1TB;Xanh đậm;Yes;1100000;47990000;2026-02-01;"Khuyến mãi

Giá và khuyến mãi dự kiến áp dụng đến 23:59 | 28/02
1

Tặng phiếu mua hàng Apple Watch trị giá 1,000,000đ

2

Tặng phiếu mua hàng Macbook trị giá 1,000,000đ

3

Phiếu mua hàng Airpods trị giá 500.000đ

4

Tặng PMH Phụ kiện bảo vệ iPhone 17 (đơn trên 500.000đ, trừ hãng Apple/ Beats) trị giá 100.000đ

5

Thu cũ đổi mới: Giảm đến 2,000,000đ (Không kèm ưu đãi thanh toán qua cổng, mua kèm) Xem chi tiết";"Ưu đãi thanh toán Online (Click chọn để áp dụng)
 Giảm 1.000.000đ - Xem chi tiết
Áp dụng sản phẩm từ 10.000.000đ trở lên.
 Giảm 250.000đ - Xem chi tiết
Áp dụng sản phẩm từ 5.000.000đ trở lên.";https://www.thegioididong.com/dtdd/iphone-17-pro;Skipped
iPhone 17 Pro Max 256GB;Xanh đậm;Yes;1100000;37990000;2026-02-01;"Khuyến mãi

Giá và khuyến mãi dự kiến áp dụng đến 23:59 | 28/02
1

Tặng phiếu mua hàng Apple Watch trị giá 1,000,000đ

2

Tặng phiếu mua hàng Macbook trị giá 1,000,000đ

3

Phiếu mua hàng Airpods trị giá 500.000đ

4

Tặng PMH Phụ kiện bảo vệ iPhone 17 (đơn trên 500.000đ, trừ hãng Apple/ Beats) trị giá 100.000đ

5

Thu cũ đổi mới: Giảm đến 2,000,000đ (Không kèm ưu đãi thanh toán qua cổng, mua kèm) Xem chi tiết";"Ưu đãi thanh toán Online (Click chọn để áp dụng)
 Giảm 250.000đ -
Xem chi tiết
Áp dụng sản phẩm từ 5.000.000đ trở lên.";https://www.thegioididong.com/dtdd/iphone-17-pro-max;Skipped
iPhone 16 Pro Max 512GB;Titan đen;No;39990000;38990000;2026-02-01;"Khuyến mãi

Giá và khuyến mãi dự kiến áp dụng đến 23:59 | 01/02
1

Tặng phiếu mua hàng Apple Watch trị giá 1,000,000đ

2

Tặng phiếu mua hàng Macbook trị giá 1,000,000đ

3

Phiếu mua hàng Airpods trị giá 500.000đ

4

Tặng Phiếu mua hàng mua sạc dự phòng (trừ AVA+, Hydrus); đồng hồ thông minh (trừ Apple); Tai nghe bluetooth và Loa bluetooth các hãng JBL, Marshall,Harman Kardon; Ốp lưng (trừ Apple) trị giá 100.000đ

5

Phiếu mua hàng mua Sim data 500GB 1 tháng trị giá 100,000đ Xem chi tiết

6

Thu cũ đổi mới: Giảm đến 2,000,000đ (Không kèm ưu đãi thanh toán qua cổng, mua kèm) Xem chi tiết";;https://www.thegioididong.com/dtdd/iphone-16-pro-max;DEBUG_OOS_iPhone 16 Pro Max 512GB_Titan đen_081020.png
iPhone 16 Plus 256GB;Xanh Lưu Ly;Yes;28990000;26990000;2026-02-01;"Khuyến mãi

Giá và khuyến mãi dự kiến áp dụng đến 23:59 | 28/02
1

Tặng phiếu mua hàng Apple Watch trị giá 1,000,000đ

2

Tặng phiếu mua hàng Macbook trị giá 1,000,000đ

3

Phiếu mua hàng Airpods trị giá 500.000đ

4

Tặng Phiếu mua hàng mua sạc dự phòng (trừ AVA+, Hydrus); đồng hồ thông minh (trừ Apple); Tai nghe bluetooth và Loa bluetooth các hãng JBL, Marshall,Harman Kardon; Ốp lưng (trừ Apple) trị giá 100.000đ

5

Phiếu mua hàng mua Sim data 500GB 1 tháng trị giá 100,000đ Xem chi tiết

6

Thu cũ đổi mới: Giảm đến 2,000,000đ (Không kèm ưu đãi thanh toán qua cổng, mua kèm) Xem chi tiết";"Ưu đãi thanh toán Online (Click chọn để áp dụng)
 Giảm 250.000đ -
Xem chi tiết
Áp dụng sản phẩm từ 5.000.000đ trở lên.";https://www.thegioididong.com/dtdd/iphone-16-plus;Skipped
iPhone 17 512GB;Đen;Yes;1100000;31490000;2026-02-01;;;https://www.thegioididong.com/dtdd/iphone-17;Skipped
iPhone 17 Pro 1TB;Bạc;No;1100000;47990000;2026-02-01;"Khuyến mãi

Giá và khuyến mãi dự kiến áp dụng đến 23:59 | 28/02
1

Tặng phiếu mua hàng Apple Watch trị giá 1,000,000đ

2

Tặng phiếu mua hàng Macbook trị giá 1,000,000đ

3

Phiếu mua hàng Airpods trị giá 500.000đ

4

Tặng PMH Phụ kiện bảo vệ iPhone 17 (đơn trên 500.000đ, trừ hãng Apple/ Beats) trị giá 100.000đ

5

Thu cũ đổi mới: Giảm đến 2,000,000đ (Không kèm ưu đãi thanh toán qua cổng, mua kèm) Xem chi tiết";;https://www.thegioididong.com/dtdd/iphone-17-pro;DEBUG_OOS_iPhone 17 Pro 1TB_Bạc_081023.png
iPhone 17 Pro Max 256GB;Bạc;Yes;1100000;37990000;2026-02-01;"Khuyến mãi

Giá và khuyến mãi dự kiến áp dụng đến 23:59 | 28/02
1

Tặng phiếu mua hàng Apple Watch trị giá 1,000,000đ

2

Tặng phiếu mua hàng Macbook trị giá 1,000,000đ

3

Phiếu mua hàng Airpods trị giá 500.000đ

4

Tặng PMH Phụ kiện bảo vệ iPhone 17 (đơn trên 500.000đ, trừ hãng Apple/ Beats) trị giá 100.000đ

5

Thu cũ đổi mới: Giảm đến 2,000,000đ (Không kèm ưu đãi thanh toán qua cổng, mua kèm) Xem chi tiết";"Ưu đãi thanh toán Online (Click chọn để áp dụng)
 Giảm 250.000đ -
Xem chi tiết
Áp dụng sản phẩm từ 5.000.000đ trở lên.";https://www.thegioididong.com/dtdd/iphone-17-pro-max;Skipped
iPhone 16 Plus 256GB;Xanh Mòng Két;Yes;28990000;26990000;2026-02-01;"Khuyến mãi

Giá và khuyến mãi dự kiến áp dụng đến 23:59 | 28/02
1

Tặng phiếu mua hàng Apple Watch trị giá 1,000,000đ

2

Tặng phiếu mua hàng Macbook trị giá 1,000,000đ

3

Phiếu mua hàng Airpods trị giá 500.000đ

4

Tặng Phiếu mua hàng mua sạc dự phòng (trừ AVA+, Hydrus); đồng hồ thông minh (trừ Apple); Tai nghe bluetooth và Loa bluetooth các hãng JBL, Marshall,Harman Kardon; Ốp lưng (trừ Apple) trị giá 100.000đ

5

Phiếu mua hàng mua Sim data 500GB 1 tháng trị giá 100,000đ Xem chi tiết

6

Thu cũ đổi mới: Giảm đến 2,000,000đ (Không kèm ưu đãi thanh toán qua cổng, mua kèm) Xem chi tiết";"Ưu đãi thanh toán Online (Click chọn để áp dụng)
 Giảm 250.000đ -
Xem chi tiết
Áp dụng sản phẩm từ 5.000.000đ trở lên.";https://www.thegioididong.com/dtdd/iphone-16-plus;Skipped
iPhone 17 512GB;Trắng;Yes;1100000;31490000;2026-02-01;;;https://www.thegioididong.com/dtdd/iphone-17;Skipped
iPhone 16 Pro Max 512GB;Titan Sa Mạc;Yes;39990000;38990000;2026-02-01;"Khuyến mãi

Giá và khuyến mãi dự kiến áp dụng đến 23:59 | 01/02
1

Tặng phiếu mua hàng Apple Watch trị giá 1,000,000đ

2

Tặng phiếu mua hàng Macbook trị giá 1,000,000đ

3

Phiếu mua hàng Airpods trị giá 500.000đ

4

Tặng Phiếu mua hàng mua sạc dự phòng (trừ AVA+, Hydrus); đồng hồ thông minh (trừ Apple); Tai nghe bluetooth và Loa bluetooth các hãng JBL, Marshall,Harman Kardon; Ốp lưng (trừ Apple) trị giá 100.000đ

5

Phiếu mua hàng mua Sim data 500GB 1 tháng trị giá 100,000đ Xem chi tiết

6

Thu cũ đổi mới: Giảm đến 2,000,000đ (Không kèm ưu đãi thanh toán qua cổng, mua kèm) Xem chi tiết";"Ưu đãi thanh toán Online (Click chọn để áp dụng)
 Giảm 250.000đ -
Xem chi tiết
Áp dụng sản phẩm từ 5.000.000đ trở lên.";https://www.thegioididong.com/dtdd/iphone-16-pro-max;Skipped
iPhone 17 Pro 1TB;Cam Vũ Trụ;Yes;1100000;47990000;2026-02-01;"Khuyến mãi

Giá và khuyến mãi dự kiến áp dụng đến 23:59 | 28/02
1

Tặng phiếu mua hàng Apple Watch trị giá 1,000,000đ

2

Tặng phiếu mua hàng Macbook trị giá 1,000,000đ

3

Phiếu mua hàng Airpods trị giá 500.000đ

4

Tặng PMH Phụ kiện bảo vệ iPhone 17 (đơn trên 500.000đ, trừ hãng Apple/ Beats) trị giá 100.000đ

5

Thu cũ đổi mới: Giảm đến 2,000,000đ (Không kèm ưu đãi thanh toán qua cổng, mua kèm) Xem chi tiết";"Ưu đãi thanh toán Online (Click chọn để áp dụng)
 Giảm 1.000.000đ - Xem chi tiết
Áp dụng sản phẩm từ 10.000.000đ trở lên.
 Giảm 250.000đ - Xem chi tiết
Áp dụng sản phẩm từ 5.000.000đ trở lên.";https://www.thegioididong.com/dtdd/iphone-17-pro;Skipped
iPhone 16 Pro Max 512GB;Titan tự nhiên;No;39990000;38990000;2026-02-01;"Khuyến mãi

Giá và khuyến mãi dự kiến áp dụng đến 23:59 | 01/02
1

Tặng phiếu mua hàng Apple Watch trị giá 1,000,000đ

2

Tặng phiếu mua hàng Macbook trị giá 1,000,000đ

3

Phiếu mua hàng Airpods trị giá 500.000đ

4

Tặng Phiếu mua hàng mua sạc dự phòng (trừ AVA+, Hydrus); đồng hồ thông minh (trừ Apple); Tai nghe bluetooth và Loa bluetooth các hãng JBL, Marshall,Harman Kardon; Ốp lưng (trừ Apple) trị giá 100.000đ

5

Phiếu mua hàng mua Sim data 500GB 1 tháng trị giá 100,000đ Xem chi tiết

6

Thu cũ đổi mới: Giảm đến 2,000,000đ (Không kèm ưu đãi thanh toán qua cổng, mua kèm) Xem chi tiết";;https://www.thegioididong.com/dtdd/iphone-16-pro-max;DEBUG_OOS_iPhone 16 Pro Max 512GB_Titan tự nhiên_081032.png
iPhone 17 Pro Max 512GB;Cam Vũ Trụ;Yes;1100000;44490000;2026-02-01;"Khuyến mãi

Giá và khuyến mãi dự kiến áp dụng đến 23:59 | 28/02
1

Tặng phiếu mua hàng Apple Watch trị giá 1,000,000đ

2

Tặng phiếu mua hàng Macbook trị giá 1,000,000đ

3

Phiếu mua hàng Airpods trị giá 500.000đ

4

Tặng PMH Phụ kiện bảo vệ iPhone 17 (đơn trên 500.000đ, trừ hãng Apple/ Beats) trị giá 100.000đ

5

Thu cũ đổi mới: Giảm đến 2,000,000đ (Không kèm ưu đãi thanh toán qua cổng, mua kèm) Xem chi tiết";"Ưu đãi thanh toán Online (Click chọn để áp dụng)
 Giảm 250.000đ -
Xem chi tiết
Áp dụng sản phẩm từ 5.000.000đ trở lên.";https://www.thegioididong.com/dtdd/iphone-17-pro-max;Skipped
iPhone 17 512GB;Tím Oải Hương;Yes;1100000;31490000;2026-02-01;;;https://www.thegioididong.com/dtdd/iphone-17;Skipped
iPhone 16 Plus 256GB;Trắng;Yes;28990000;26990000;2026-02-01;"Khuyến mãi

Giá và khuyến mãi dự kiến áp dụng đến 23:59 | 28/02
1

Tặng phiếu mua hàng Apple Watch trị giá 1,000,000đ

2

Tặng phiếu mua hàng Macbook trị giá 1,000,000đ

3

Phiếu mua hàng Airpods trị giá 500.000đ

4

Tặng Phiếu mua hàng mua sạc dự phòng (trừ AVA+, Hydrus); đồng hồ thông minh (trừ Apple); Tai nghe bluetooth và Loa bluetooth các hãng JBL, Marshall,Harman Kardon; Ốp lưng (trừ Apple) trị giá 100.000đ

5

Phiếu mua hàng mua Sim data 500GB 1 tháng trị giá 100,000đ Xem chi tiết

6

Thu cũ đổi mới: Giảm đến 2,000,000đ (Không kèm ưu đãi thanh toán qua cổng, mua kèm) Xem chi tiết";"Ưu đãi thanh toán Online (Click chọn để áp dụng)
 Giảm 250.000đ -
Xem chi tiết
Áp dụng sản phẩm từ 5.000.000đ trở lên.";https://www.thegioididong.com/dtdd/iphone-16-plus;Skipped
iPhone 17 Pro 1TB;Xanh đậm;Yes;1100000;47990000;2026-02-01;"Khuyến mãi

Giá và khuyến mãi dự kiến áp dụng đến 23:59 | 28/02
1

Tặng phiếu mua hàng Apple Watch trị giá 1,000,000đ

2

Tặng phiếu mua hàng Macbook trị giá 1,000,000đ

3

Phiếu mua hàng Airpods trị giá 500.000đ

4

Tặng PMH Phụ kiện bảo vệ iPhone 17 (đơn trên 500.000đ, trừ hãng Apple/ Beats) trị giá 100.000đ

5

Thu cũ đổi mới: Giảm đến 2,000,000đ (Không kèm ưu đãi thanh toán qua cổng, mua kèm) Xem chi tiết";"Ưu đãi thanh toán Online (Click chọn để áp dụng)
 Giảm 1.000.000đ - Xem chi tiết
Áp dụng sản phẩm từ 10.000.000đ trở lên.
 Giảm 250.000đ - Xem chi tiết
Áp dụng sản phẩm từ 5.000.000đ trở lên.";https://www.thegioididong.com/dtdd/iphone-17-pro;Skipped
iPhone 16 Pro Max 512GB;Titan trắng;No;39990000;38990000;2026-02-01;"Khuyến mãi

Giá và khuyến mãi dự kiến áp dụng đến 23:59 | 01/02
1

Tặng phiếu mua hàng Apple Watch trị giá 1,000,000đ

2

Tặng phiếu mua hàng Macbook trị giá 1,000,000đ

3

Phiếu mua hàng Airpods trị giá 500.000đ

4

Tặng Phiếu mua hàng mua sạc dự phòng (trừ AVA+, Hydrus); đồng hồ thông minh (trừ Apple); Tai nghe bluetooth và Loa bluetooth các hãng JBL, Marshall,Harman Kardon; Ốp lưng (trừ Apple) trị giá 100.000đ

5

Phiếu mua hàng mua Sim data 500GB 1 tháng trị giá 100,000đ Xem chi tiết

6

Thu cũ đổi mới: Giảm đến 2,000,000đ (Không kèm ưu đãi thanh toán qua cổng, mua kèm) Xem chi tiết";;https://www.thegioididong.com/dtdd/iphone-16-pro-max;DEBUG_OOS_iPhone 16 Pro Max 512GB_Titan trắng_081036.png
iPhone 16 Pro Max 512GB;Titan đen;No;39990000;38990000;2026-02-01;"Khuyến mãi

Giá và khuyến mãi dự kiến áp dụng đến 23:59 | 01/02
1

Tặng phiếu mua hàng Apple Watch trị giá 1,000,000đ

2

Tặng phiếu mua hàng Macbook trị giá 1,000,000đ

3

Phiếu mua hàng Airpods trị giá 500.000đ

4

Tặng Phiếu mua hàng mua sạc dự phòng (trừ AVA+, Hydrus); đồng hồ thông minh (trừ Apple); Tai nghe bluetooth và Loa bluetooth các hãng JBL, Marshall,Harman Kardon; Ốp lưng (trừ Apple) trị giá 100.000đ

5

Phiếu mua hàng mua Sim data 500GB 1 tháng trị giá 100,000đ Xem chi tiết

6

Thu cũ đổi mới: Giảm đến 2,000,000đ (Không kèm ưu đãi thanh toán qua cổng, mua kèm) Xem chi tiết";;https://www.thegioididong.com/dtdd/iphone-16-pro-max;DEBUG_OOS_iPhone 16 Pro Max 512GB_Titan đen_081039.png
iPhone 17 Pro Max 512GB;Bạc;Yes;1100000;44490000;2026-02-01;"Khuyến mãi

Giá và khuyến mãi dự kiến áp dụng đến 23:59 | 28/02
1

Tặng phiếu mua hàng Apple Watch trị giá 1,000,000đ

2

Tặng phiếu mua hàng Macbook trị giá 1,000,000đ

3

Phiếu mua hàng Airpods trị giá 500.000đ

4

Tặng PMH Phụ kiện bảo vệ iPhone 17 (đơn trên 500.000đ, trừ hãng Apple/ Beats) trị giá 100.000đ

5

Thu cũ đổi mới: Giảm đến 2,000,000đ (Không kèm ưu đãi thanh toán qua cổng, mua kèm) Xem chi tiết";"Ưu đãi thanh toán Online (Click chọn để áp dụng)
 Giảm 250.000đ -
Xem chi tiết
Áp dụng sản phẩm từ 5.000.000đ trở lên.";https://www.thegioididong.com/dtdd/iphone-17-pro-max;Skipped
iPhone 17 512GB;Xanh Lam Khói;Yes;1100000;31490000;2026-02-01;;;https://www.thegioididong.com/dtdd/iphone-17;Skipped
iPhone 17 Pro 1TB;Bạc;No;1100000;47990000;2026-02-01;"Khuyến mãi

Giá và khuyến mãi dự kiến áp dụng đến 23:59 | 28/02
1

Tặng phiếu mua hàng Apple Watch trị giá 1,000,000đ

2

Tặng phiếu mua hàng Macbook trị giá 1,000,000đ

3

Phiếu mua hàng Airpods trị giá 500.000đ

4

Tặng PMH Phụ kiện bảo vệ iPhone 17 (đơn trên 500.000đ, trừ hãng Apple/ Beats) trị giá 100.000đ

5

Thu cũ đổi mới: Giảm đến 2,000,000đ (Không kèm ưu đãi thanh toán qua cổng, mua kèm) Xem chi tiết";;https://www.thegioididong.com/dtdd/iphone-17-pro;DEBUG_OOS_iPhone 17 Pro 1TB_Bạc_081041.png
iPhone 16 Plus 256GB;Hồng;Yes;28990000;26990000;2026-02-01;"Khuyến mãi

Giá và khuyến mãi dự kiến áp dụng đến 23:59 | 28/02
1

Tặng phiếu mua hàng Apple Watch trị giá 1,000,000đ

2

Tặng phiếu mua hàng Macbook trị giá 1,000,000đ

3

Phiếu mua hàng Airpods trị giá 500.000đ

4

Tặng Phiếu mua hàng mua sạc dự phòng (trừ AVA+, Hydrus); đồng hồ thông minh (trừ Apple); Tai nghe bluetooth và Loa bluetooth các hãng JBL, Marshall,Harman Kardon; Ốp lưng (trừ Apple) trị giá 100.000đ

5

Phiếu mua hàng mua Sim data 500GB 1 tháng trị giá 100,000đ Xem chi tiết

6

Thu cũ đổi mới: Giảm đến 2,000,000đ (Không kèm ưu đãi thanh toán qua cổng, mua kèm) Xem chi tiết";"Ưu đãi thanh toán Online (Click chọn để áp dụng)
 Giảm 250.000đ -
Xem chi tiết
Áp dụng sản phẩm từ 5.000.000đ trở lên.";https://www.thegioididong.com/dtdd/iphone-16-plus;Skipped
iPhone 17 512GB;Xanh Lá Xô Thơm;Yes;1100000;31490000;2026-02-01;;;https://www.thegioididong.com/dtdd/iphone-17;Skipped
iPhone 17 Pro 1TB;Cam Vũ Trụ;Yes;1100000;47990000;2026-02-01;"Khuyến mãi

Giá và khuyến mãi dự kiến áp dụng đến 23:59 | 28/02
1

Tặng phiếu mua hàng Apple Watch trị giá 1,000,000đ

2

Tặng phiếu mua hàng Macbook trị giá 1,000,000đ

3

Phiếu mua hàng Airpods trị giá 500.000đ

4

Tặng PMH Phụ kiện bảo vệ iPhone 17 (đơn trên 500.000đ, trừ hãng Apple/ Beats) trị giá 100.000đ

5

Thu cũ đổi mới: Giảm đến 2,000,000đ (Không kèm ưu đãi thanh toán qua cổng, mua kèm) Xem chi tiết";"Ưu đãi thanh toán Online (Click chọn để áp dụng)
 Giảm 1.000.000đ - Xem chi tiết
Áp dụng sản phẩm từ 10.000.000đ trở lên.
 Giảm 250.000đ - Xem chi tiết
Áp dụng sản phẩm từ 5.000.000đ trở lên.";https://www.thegioididong.com/dtdd/iphone-17-pro;Skipped
iPhone 16 Pro Max 512GB;Titan Sa Mạc;Yes;39990000;38990000;2026-02-01;"Khuyến mãi

Giá và khuyến mãi dự kiến áp dụng đến 23:59 | 01/02
1

Tặng phiếu mua hàng Apple Watch trị giá 1,000,000đ

2

Tặng phiếu mua hàng Macbook trị giá 1,000,000đ

3

Phiếu mua hàng Airpods trị giá 500.000đ

4

Tặng Phiếu mua hàng mua sạc dự phòng (trừ AVA+, Hydrus); đồng hồ thông minh (trừ Apple); Tai nghe bluetooth và Loa bluetooth các hãng JBL, Marshall,Harman Kardon; Ốp lưng (trừ Apple) trị giá 100.000đ

5

Phiếu mua hàng mua Sim data 500GB 1 tháng trị giá 100,000đ Xem chi tiết

6

Thu cũ đổi mới: Giảm đến 2,000,000đ (Không kèm ưu đãi thanh toán qua cổng, mua kèm) Xem chi tiết";"Ưu đãi thanh toán Online (Click chọn để áp dụng)
 Giảm 250.000đ -
Xem chi tiết
Áp dụng sản phẩm từ 5.000.000đ trở lên.";https://www.thegioididong.com/dtdd/iphone-16-pro-max;Skipped
iPhone 17 Pro Max 512GB;Xanh đậm;Yes;1100000;44490000;2026-02-01;"Khuyến mãi

Giá và khuyến mãi dự kiến áp dụng đến 23:59 | 28/02
1

Tặng phiếu mua hàng Apple Watch trị giá 1,000,000đ

2

Tặng phiếu mua hàng Macbook trị giá 1,000,000đ

3

Phiếu mua hàng Airpods trị giá 500.000đ

4

Tặng PMH Phụ kiện bảo vệ iPhone 17 (đơn trên 500.000đ, trừ hãng Apple/ Beats) trị giá 100.000đ

5

Thu cũ đổi mới: Giảm đến 2,000,000đ (Không kèm ưu đãi thanh toán qua cổng, mua kèm) Xem chi tiết";"Ưu đãi thanh toán Online (Click chọn để áp dụng)
 Giảm 250.000đ -
Xem chi tiết
Áp dụng sản phẩm từ 5.000.000đ trở lên.";https://www.thegioididong.com/dtdd/iphone-17-pro-max;Skipped
iPhone 16 Plus 256GB;Đen;Yes;28990000;26990000;2026-02-01;"Khuyến mãi

Giá và khuyến mãi dự kiến áp dụng đến 23:59 | 28/02
1

Tặng phiếu mua hàng Apple Watch trị giá 1,000,000đ

2

Tặng phiếu mua hàng Macbook trị giá 1,000,000đ

3

Phiếu mua hàng Airpods trị giá 500.000đ

4

Tặng Phiếu mua hàng mua sạc dự phòng (trừ AVA+, Hydrus); đồng hồ thông minh (trừ Apple); Tai nghe bluetooth và Loa bluetooth các hãng JBL, Marshall,Harman Kardon; Ốp lưng (trừ Apple) trị giá 100.000đ

5

Phiếu mua hàng mua Sim data 500GB 1 tháng trị giá 100,000đ Xem chi tiết

6

Thu cũ đổi mới: Giảm đến 2,000,000đ (Không kèm ưu đãi thanh toán qua cổng, mua kèm) Xem chi tiết";"Ưu đãi thanh toán Online (Click chọn để áp dụng)
 Giảm 250.000đ -
Xem chi tiết
Áp dụng sản phẩm từ 5.000.000đ trở lên.";https://www.thegioididong.com/dtdd/iphone-16-plus;Skipped
iPhone 16 Pro Max 512GB;Titan tự nhiên;No;39990000;38990000;2026-02-01;"Khuyến mãi

Giá và khuyến mãi dự kiến áp dụng đến 23:59 | 01/02
1

Tặng phiếu mua hàng Apple Watch trị giá 1,000,000đ

2

Tặng phiếu mua hàng Macbook trị giá 1,000,000đ

3

Phiếu mua hàng Airpods trị giá 500.000đ

4

Tặng Phiếu mua hàng mua sạc dự phòng (trừ AVA+, Hydrus); đồng hồ thông minh (trừ Apple); Tai nghe bluetooth và Loa bluetooth các hãng JBL, Marshall,Harman Kardon; Ốp lưng (trừ Apple) trị giá 100.000đ

5

Phiếu mua hàng mua Sim data 500GB 1 tháng trị giá 100,000đ Xem chi tiết

6

Thu cũ đổi mới: Giảm đến 2,000,000đ (Không kèm ưu đãi thanh toán qua cổng, mua kèm) Xem chi tiết";;https://www.thegioididong.com/dtdd/iphone-16-pro-max;DEBUG_OOS_iPhone 16 Pro Max 512GB_Titan tự nhiên_081051.png
iPhone 17 512GB;Đen;Yes;1100000;31490000;2026-02-01;;;https://www.thegioididong.com/dtdd/iphone-17;Skipped
iPhone 17 Pro 1TB;Xanh đậm;Yes;1100000;47990000;2026-02-01;"Khuyến mãi

Giá và khuyến mãi dự kiến áp dụng đến 23:59 | 28/02
1

Tặng phiếu mua hàng Apple Watch trị giá 1,000,000đ

2

Tặng phiếu mua hàng Macbook trị giá 1,000,000đ

3

Phiếu mua hàng Airpods trị giá 500.000đ

4

Tặng PMH Phụ kiện bảo vệ iPhone 17 (đơn trên 500.000đ, trừ hãng Apple/ Beats) trị giá 100.000đ

5

Thu cũ đổi mới: Giảm đến 2,000,000đ (Không kèm ưu đãi thanh toán qua cổng, mua kèm) Xem chi tiết";"Ưu đãi thanh toán Online (Click chọn để áp dụng)
 Giảm 1.000.000đ - Xem chi tiết
Áp dụng sản phẩm từ 10.000.000đ trở lên.
 Giảm 250.000đ - Xem chi tiết
Áp dụng sản phẩm từ 5.000.000đ trở lên.";https://www.thegioididong.com/dtdd/iphone-17-pro;Skipped
iPhone 16 Pro Max 512GB;Titan trắng;No;39990000;38990000;2026-02-01;"Khuyến mãi

Giá và khuyến mãi dự kiến áp dụng đến 23:59 | 01/02
1

Tặng phiếu mua hàng Apple Watch trị giá 1,000,000đ

2

Tặng phiếu mua hàng Macbook trị giá 1,000,000đ

3

Phiếu mua hàng Airpods trị giá 500.000đ

4

Tặng Phiếu mua hàng mua sạc dự phòng (trừ AVA+, Hydrus); đồng hồ thông minh (trừ Apple); Tai nghe bluetooth và Loa bluetooth các hãng JBL, Marshall,Harman Kardon; Ốp lưng (trừ Apple) trị giá 100.000đ

5

Phiếu mua hàng mua Sim data 500GB 1 tháng trị giá 100,000đ Xem chi tiết

6

Thu cũ đổi mới: Giảm đến 2,000,000đ (Không kèm ưu đãi thanh toán qua cổng, mua kèm) Xem chi tiết";;https://www.thegioididong.com/dtdd/iphone-16-pro-max;DEBUG_OOS_iPhone 16 Pro Max 512GB_Titan trắng_081054.png
iPhone 16 Plus 256GB;Xanh Lưu Ly;Yes;28990000;26990000;2026-02-01;"Khuyến mãi

Giá và khuyến mãi dự kiến áp dụng đến 23:59 | 28/02
1

Tặng phiếu mua hàng Apple Watch trị giá 1,000,000đ

2

Tặng phiếu mua hàng Macbook trị giá 1,000,000đ

3

Phiếu mua hàng Airpods trị giá 500.000đ

4

Tặng Phiếu mua hàng mua sạc dự phòng (trừ AVA+, Hydrus); đồng hồ thông minh (trừ Apple); Tai nghe bluetooth và Loa bluetooth các hãng JBL, Marshall,Harman Kardon; Ốp lưng (trừ Apple) trị giá 100.000đ

5

Phiếu mua hàng mua Sim data 500GB 1 tháng trị giá 100,000đ Xem chi tiết

6

Thu cũ đổi mới: Giảm đến 2,000,000đ (Không kèm ưu đãi thanh toán qua cổng, mua kèm) Xem chi tiết";"Ưu đãi thanh toán Online (Click chọn để áp dụng)
 Giảm 250.000đ -
Xem chi tiết
Áp dụng sản phẩm từ 5.000.000đ trở lên.";https://www.thegioididong.com/dtdd/iphone-16-plus;Skipped
iPhone 17 Pro Max 1TB;Cam Vũ Trụ;Yes;1100000;50990000;2026-02-01;"Khuyến mãi

Giá và khuyến mãi dự kiến áp dụng đến 23:59 | 28/02
1

Tặng phiếu mua hàng Apple Watch trị giá 1,000,000đ

2

Tặng phiếu mua hàng Macbook trị giá 1,000,000đ

3

Phiếu mua hàng Airpods trị giá 500.000đ

4

Tặng PMH Phụ kiện bảo vệ iPhone 17 (đơn trên 500.000đ, trừ hãng Apple/ Beats) trị giá 100.000đ

5

Thu cũ đổi mới: Giảm đến 2,000,000đ (Không kèm ưu đãi thanh toán qua cổng, mua kèm) Xem chi tiết";"Ưu đãi thanh toán Online (Click chọn để áp dụng)
 Giảm 250.000đ -
Xem chi tiết
Áp dụng sản phẩm từ 5.000.000đ trở lên.";https://www.thegioididong.com/dtdd/iphone-17-pro-max;Skipped
iPhone 16 Pro Max 512GB;Titan đen;No;39990000;38990000;2026-02-01;"Khuyến mãi

Giá và khuyến mãi dự kiến áp dụng đến 23:59 | 01/02
1

Tặng phiếu mua hàng Apple Watch trị giá 1,000,000đ

2

Tặng phiếu mua hàng Macbook trị giá 1,000,000đ

3

Phiếu mua hàng Airpods trị giá 500.000đ

4

Tặng Phiếu mua hàng mua sạc dự phòng (trừ AVA+, Hydrus); đồng hồ thông minh (trừ Apple); Tai nghe bluetooth và Loa bluetooth các hãng JBL, Marshall,Harman Kardon; Ốp lưng (trừ Apple) trị giá 100.000đ

5

Phiếu mua hàng mua Sim data 500GB 1 tháng trị giá 100,000đ Xem chi tiết

6

Thu cũ đổi mới: Giảm đến 2,000,000đ (Không kèm ưu đãi thanh toán qua cổng, mua kèm) Xem chi tiết";;https://www.thegioididong.com/dtdd/iphone-16-pro-max;DEBUG_OOS_iPhone 16 Pro Max 512GB_Titan đen_081058.png
iPhone 17 Pro 1TB;Bạc;No;1100000;47990000;2026-02-01;"Khuyến mãi

Giá và khuyến mãi dự kiến áp dụng đến 23:59 | 28/02
1

Tặng phiếu mua hàng Apple Watch trị giá 1,000,000đ

2

Tặng phiếu mua hàng Macbook trị giá 1,000,000đ

3

Phiếu mua hàng Airpods trị giá 500.000đ

4

Tặng PMH Phụ kiện bảo vệ iPhone 17 (đơn trên 500.000đ, trừ hãng Apple/ Beats) trị giá 100.000đ

5

Thu cũ đổi mới: Giảm đến 2,000,000đ (Không kèm ưu đãi thanh toán qua cổng, mua kèm) Xem chi tiết";;https://www.thegioididong.com/dtdd/iphone-17-pro;DEBUG_OOS_iPhone 17 Pro 1TB_Bạc_081059.png
iPhone 17 512GB;Trắng;Yes;1100000;31490000;2026-02-01;;;https://www.thegioididong.com/dtdd/iphone-17;Skipped
iPhone 16 Plus 256GB;Xanh Mòng Két;Yes;28990000;26990000;2026-02-01;"Khuyến mãi

Giá và khuyến mãi dự kiến áp dụng đến 23:59 | 28/02
1

Tặng phiếu mua hàng Apple Watch trị giá 1,000,000đ

2

Tặng phiếu mua hàng Macbook trị giá 1,000,000đ

3

Phiếu mua hàng Airpods trị giá 500.000đ

4

Tặng Phiếu mua hàng mua sạc dự phòng (trừ AVA+, Hydrus); đồng hồ thông minh (trừ Apple); Tai nghe bluetooth và Loa bluetooth các hãng JBL, Marshall,Harman Kardon; Ốp lưng (trừ Apple) trị giá 100.000đ

5

Phiếu mua hàng mua Sim data 500GB 1 tháng trị giá 100,000đ Xem chi tiết

6

Thu cũ đổi mới: Giảm đến 2,000,000đ (Không kèm ưu đãi thanh toán qua cổng, mua kèm) Xem chi tiết";"Ưu đãi thanh toán Online (Click chọn để áp dụng)
 Giảm 250.000đ -
Xem chi tiết
Áp dụng sản phẩm từ 5.000.000đ trở lên.";https://www.thegioididong.com/dtdd/iphone-16-plus;Skipped
iPhone 17 Pro Max 1TB;Xanh đậm;Yes;1100000;50990000;2026-02-01;"Khuyến mãi

Giá và khuyến mãi dự kiến áp dụng đến 23:59 | 28/02
1

Tặng phiếu mua hàng Apple Watch trị giá 1,000,000đ

2

Tặng phiếu mua hàng Macbook trị giá 1,000,000đ

3

Phiếu mua hàng Airpods trị giá 500.000đ

4

Tặng PMH Phụ kiện bảo vệ iPhone 17 (đơn trên 500.000đ, trừ hãng Apple/ Beats) trị giá 100.000đ

5

Thu cũ đổi mới: Giảm đến 2,000,000đ (Không kèm ưu đãi thanh toán qua cổng, mua kèm) Xem chi tiết";"Ưu đãi thanh toán Online (Click chọn để áp dụng)
 Giảm 250.000đ -
Xem chi tiết
Áp dụng sản phẩm từ 5.000.000đ trở lên.";https://www.thegioididong.com/dtdd/iphone-17-pro-max;Skipped
iPhone 17 Pro 1TB;Cam Vũ Trụ;Yes;1100000;47990000;2026-02-01;"Khuyến mãi

Giá và khuyến mãi dự kiến áp dụng đến 23:59 | 28/02
1

Tặng phiếu mua hàng Apple Watch trị giá 1,000,000đ

2

Tặng phiếu mua hàng Macbook trị giá 1,000,000đ

3

Phiếu mua hàng Airpods trị giá 500.000đ

4

Tặng PMH Phụ kiện bảo vệ iPhone 17 (đơn trên 500.000đ, trừ hãng Apple/ Beats) trị giá 100.000đ

5

Thu cũ đổi mới: Giảm đến 2,000,000đ (Không kèm ưu đãi thanh toán qua cổng, mua kèm) Xem chi tiết";"Ưu đãi thanh toán Online (Click chọn để áp dụng)
 Giảm 1.000.000đ - Xem chi tiết
Áp dụng sản phẩm từ 10.000.000đ trở lên.
 Giảm 250.000đ - Xem chi tiết
Áp dụng sản phẩm từ 5.000.000đ trở lên.";https://www.thegioididong.com/dtdd/iphone-17-pro;Skipped
iPhone Air 256GB;Xanh da trời;Yes;31990000;25990000;2026-02-01;"Khuyến mãi

Giá và khuyến mãi dự kiến áp dụng đến 23:59 | 28/02
1

Tặng phiếu mua hàng Apple Watch trị giá 1,000,000đ

2

Tặng phiếu mua hàng Macbook trị giá 1,000,000đ

3

Phiếu mua hàng Airpods trị giá 500.000đ

4

Tặng PMH Phụ kiện bảo vệ iPhone 17 (đơn trên 500.000đ, trừ hãng Apple/ Beats) trị giá 100.000đ

5

Thu cũ đổi mới: Giảm đến 2,000,000đ (Không kèm ưu đãi thanh toán qua cổng, mua kèm) Xem chi tiết";"Ưu đãi thanh toán Online (Click chọn để áp dụng)
 Giảm 250.000đ -
Xem chi tiết
Áp dụng sản phẩm từ 5.000.000đ trở lên.";https://www.thegioididong.com/dtdd/iphone-air;Skipped
iPhone 17 512GB;Tím Oải Hương;Yes;1100000;31490000;2026-02-01;;;https://www.thegioididong.com/dtdd/iphone-17;Skipped
iPhone 17 Pro Max 1TB;Bạc;Yes;1100000;50990000;2026-02-01;"Khuyến mãi

Giá và khuyến mãi dự kiến áp dụng đến 23:59 | 28/02
1

Tặng phiếu mua hàng Apple Watch trị giá 1,000,000đ

2

Tặng phiếu mua hàng Macbook trị giá 1,000,000đ

3

Phiếu mua hàng Airpods trị giá 500.000đ

4

Tặng PMH Phụ kiện bảo vệ iPhone 17 (đơn trên 500.000đ, trừ hãng Apple/ Beats) trị giá 100.000đ

5

Thu cũ đổi mới: Giảm đến 2,000,000đ (Không kèm ưu đãi thanh toán qua cổng, mua kèm) Xem chi tiết";"Ưu đãi thanh toán Online (Click chọn để áp dụng)
 Giảm 250.000đ -
Xem chi tiết
Áp dụng sản phẩm từ 5.000.000đ trở lên.";https://www.thegioididong.com/dtdd/iphone-17-pro-max;Skipped
MacBook Air 13 inch M2 16GB/256GB;Xanh đen;Yes;24490000;19690000;2026-02-01;"Khuyến mãi trị giá 800.000₫

Giá và khuyến mãi dự kiến áp dụng đến 23:59 | 28/02
1

Phiếu mua hàng Chuột, Bàn phím (Apple) trị giá 500,000đ

2

Tặng Phiếu mua hàng Balo, Túi chống sốc (giá trị trên 1,000,000đ) trị giá 300,000đ

3

Tặng Phiếu mua hàng Màn hình máy tính trị giá 300.000đ";"Ưu đãi thanh toán Online (Click chọn để áp dụng)
 Giảm 250.000đ -
Xem chi tiết
Áp dụng sản phẩm từ 5.000.000đ trở lên.";https://www.thegioididong.com/laptop/apple-macbook-air-m2-2022-16gb-256gb;Skipped
iPhone 17 Pro 1TB;Xanh đậm;Yes;1100000;47990000;2026-02-01;"Khuyến mãi

Giá và khuyến mãi dự kiến áp dụng đến 23:59 | 28/02
1

Tặng phiếu mua hàng Apple Watch trị giá 1,000,000đ

2

Tặng phiếu mua hàng Macbook trị giá 1,000,000đ

3

Phiếu mua hàng Airpods trị giá 500.000đ

4

Tặng PMH Phụ kiện bảo vệ iPhone 17 (đơn trên 500.000đ, trừ hãng Apple/ Beats) trị giá 100.000đ

5

Thu cũ đổi mới: Giảm đến 2,000,000đ (Không kèm ưu đãi thanh toán qua cổng, mua kèm) Xem chi tiết";"Ưu đãi thanh toán Online (Click chọn để áp dụng)
 Giảm 1.000.000đ - Xem chi tiết
Áp dụng sản phẩm từ 10.000.000đ trở lên.
 Giảm 250.000đ - Xem chi tiết
Áp dụng sản phẩm từ 5.000.000đ trở lên.";https://www.thegioididong.com/dtdd/iphone-17-pro;Skipped
iPhone Air 256GB;Trắng Mây;Yes;31990000;25990000;2026-02-01;"Khuyến mãi

Giá và khuyến mãi dự kiến áp dụng đến 23:59 | 28/02
1

Tặng phiếu mua hàng Apple Watch trị giá 1,000,000đ

2

Tặng phiếu mua hàng Macbook trị giá 1,000,000đ

3

Phiếu mua hàng Airpods trị giá 500.000đ

4

Tặng PMH Phụ kiện bảo vệ iPhone 17 (đơn trên 500.000đ, trừ hãng Apple/ Beats) trị giá 100.000đ

5

Thu cũ đổi mới: Giảm đến 2,000,000đ (Không kèm ưu đãi thanh toán qua cổng, mua kèm) Xem chi tiết";"Ưu đãi thanh toán Online (Click chọn để áp dụng)
 Giảm 250.000đ -
Xem chi tiết
Áp dụng sản phẩm từ 5.000.000đ trở lên.";https://www.thegioididong.com/dtdd/iphone-air;Skipped
iPhone 17 512GB;Xanh Lam Khói;Yes;1100000;31490000;2026-02-01;;;https://www.thegioididong.com/dtdd/iphone-17;Skipped
iPhone 17 Pro Max 2TB;Cam Vũ Trụ;Yes;1100000;63990000;2026-02-01;"Khuyến mãi

Giá và khuyến mãi dự kiến áp dụng đến 23:59 | 28/02
1

Tặng phiếu mua hàng Apple Watch trị giá 1,000,000đ

2

Tặng phiếu mua hàng Macbook trị giá 1,000,000đ

3

Phiếu mua hàng Airpods trị giá 500.000đ

4

Tặng PMH Phụ kiện bảo vệ iPhone 17 (đơn trên 500.000đ, trừ hãng Apple/ Beats) trị giá 100.000đ

5

Thu cũ đổi mới: Giảm đến 2,000,000đ (Không kèm ưu đãi thanh toán qua cổng, mua kèm) Xem chi tiết";"Ưu đãi thanh toán Online (Click chọn để áp dụng)
 Giảm 250.000đ -
Xem chi tiết
Áp dụng sản phẩm từ 5.000.000đ trở lên.";https://www.thegioididong.com/dtdd/iphone-17-pro-max;Skipped
MacBook Air 13 inch M2 16GB/256GB;Vàng đồng;Yes;24490000;19790000;2026-02-01;"Khuyến mãi trị giá 800.000₫

Giá và khuyến mãi dự kiến áp dụng đến 23:59 | 28/02
1

Phiếu mua hàng Chuột, Bàn phím (Apple) trị giá 500,000đ

2

Tặng Phiếu mua hàng Balo, Túi chống sốc (giá trị trên 1,000,000đ) trị giá 300,000đ

3

Tặng Phiếu mua hàng Màn hình máy tính trị giá 300.000đ";"Ưu đãi thanh toán Online (Click chọn để áp dụng)
 Giảm 250.000đ -
Xem chi tiết
Áp dụng sản phẩm từ 5.000.000đ trở lên.";https://www.thegioididong.com/laptop/apple-macbook-air-m2-2022-16gb-256gb;Skipped
iPhone Air 256GB;Vàng Nhạt;Yes;31990000;25990000;2026-02-01;"Khuyến mãi

Giá và khuyến mãi dự kiến áp dụng đến 23:59 | 28/02
1

Tặng phiếu mua hàng Apple Watch trị giá 1,000,000đ

2

Tặng phiếu mua hàng Macbook trị giá 1,000,000đ

3

Phiếu mua hàng Airpods trị giá 500.000đ

4

Tặng PMH Phụ kiện bảo vệ iPhone 17 (đơn trên 500.000đ, trừ hãng Apple/ Beats) trị giá 100.000đ

5

Thu cũ đổi mới: Giảm đến 2,000,000đ (Không kèm ưu đãi thanh toán qua cổng, mua kèm) Xem chi tiết";"Ưu đãi thanh toán Online (Click chọn để áp dụng)
 Giảm 250.000đ -
Xem chi tiết
Áp dụng sản phẩm từ 5.000.000đ trở lên.";https://www.thegioididong.com/dtdd/iphone-air;Skipped
MacBook Air 13 inch M4 16GB/256GB;Xanh đen;Yes;26490000;23990000;2026-02-01;"Khuyến mãi trị giá 800.000₫

Giá và khuyến mãi dự kiến áp dụng đến 23:59 | 28/02
1

Phiếu mua hàng Chuột, Bàn phím (Apple) trị giá 500,000đ

2

Tặng Phiếu mua hàng Balo, Túi chống sốc (giá trị trên 1,000,000đ) trị giá 300,000đ

3

Tặng Phiếu mua hàng Màn hình máy tính trị giá 300.000đ";"Ưu đãi thanh toán Online (Click chọn để áp dụng)
 Giảm 250.000đ -
Xem chi tiết
Áp dụng sản phẩm từ 5.000.000đ trở lên.";https://www.thegioididong.com/laptop/macbook-air-13-inch-m4-16gb-256gb;Skipped
iPhone 17 512GB;Xanh Lá Xô Thơm;Yes;1100000;31490000;2026-02-01;;;https://www.thegioididong.com/dtdd/iphone-17;Skipped
iPhone 17 Pro Max 2TB;Xanh đậm;Yes;1100000;63990000;2026-02-01;"Khuyến mãi

Giá và khuyến mãi dự kiến áp dụng đến 23:59 | 28/02
1

Tặng phiếu mua hàng Apple Watch trị giá 1,000,000đ

2

Tặng phiếu mua hàng Macbook trị giá 1,000,000đ

3

Phiếu mua hàng Airpods trị giá 500.000đ

4

Tặng PMH Phụ kiện bảo vệ iPhone 17 (đơn trên 500.000đ, trừ hãng Apple/ Beats) trị giá 100.000đ

5

Thu cũ đổi mới: Giảm đến 2,000,000đ (Không kèm ưu đãi thanh toán qua cổng, mua kèm) Xem chi tiết";"Ưu đãi thanh toán Online (Click chọn để áp dụng)
 Giảm 250.000đ -
Xem chi tiết
Áp dụng sản phẩm từ 5.000.000đ trở lên.";https://www.thegioididong.com/dtdd/iphone-17-pro-max;Skipped
iPhone Air 256GB;Đen Không Gian;Yes;31990000;25990000;2026-02-01;"Khuyến mãi

Giá và khuyến mãi dự kiến áp dụng đến 23:59 | 28/02
1

Tặng phiếu mua hàng Apple Watch trị giá 1,000,000đ

2

Tặng phiếu mua hàng Macbook trị giá 1,000,000đ

3

Phiếu mua hàng Airpods trị giá 500.000đ

4

Tặng PMH Phụ kiện bảo vệ iPhone 17 (đơn trên 500.000đ, trừ hãng Apple/ Beats) trị giá 100.000đ

5

Thu cũ đổi mới: Giảm đến 2,000,000đ (Không kèm ưu đãi thanh toán qua cổng, mua kèm) Xem chi tiết";"Ưu đãi thanh toán Online (Click chọn để áp dụng)
 Giảm 250.000đ -
Xem chi tiết
Áp dụng sản phẩm từ 5.000.000đ trở lên.";https://www.thegioididong.com/dtdd/iphone-air;Skipped
MacBook Air 13 inch M2 16GB/256GB;Xanh đen;Yes;24490000;19690000;2026-02-01;"Khuyến mãi trị giá 800.000₫

Giá và khuyến mãi dự kiến áp dụng đến 23:59 | 28/02
1

Phiếu mua hàng Chuột, Bàn phím (Apple) trị giá 500,000đ

2

Tặng Phiếu mua hàng Balo, Túi chống sốc (giá trị trên 1,000,000đ) trị giá 300,000đ

3

Tặng Phiếu mua hàng Màn hình máy tính trị giá 300.000đ";"Ưu đãi thanh toán Online (Click chọn để áp dụng)
 Giảm 250.000đ -
Xem chi tiết
Áp dụng sản phẩm từ 5.000.000đ trở lên.";https://www.thegioididong.com/laptop/apple-macbook-air-m2-2022-16gb-256gb;Skipped
MacBook Air 13 inch M4 16GB/256GB;Vàng;Yes;26490000;23990000;2026-02-01;"Khuyến mãi trị giá 800.000₫

Giá và khuyến mãi dự kiến áp dụng đến 23:59 | 28/02
1

Phiếu mua hàng Chuột, Bàn phím (Apple) trị giá 500,000đ

2

Tặng Phiếu mua hàng Balo, Túi chống sốc (giá trị trên 1,000,000đ) trị giá 300,000đ

3

Tặng Phiếu mua hàng Màn hình máy tính trị giá 300.000đ";"Ưu đãi thanh toán Online (Click chọn để áp dụng)
 Giảm 250.000đ -
Xem chi tiết
Áp dụng sản phẩm từ 5.000.000đ trở lên.";https://www.thegioididong.com/laptop/macbook-air-13-inch-m4-16gb-256gb;Skipped
iPhone 17 512GB;Đen;Yes;1100000;31490000;2026-02-01;;;https://www.thegioididong.com/dtdd/iphone-17;Skipped
iPhone 17 Pro Max 2TB;Bạc;Yes;1100000;63990000;2026-02-01;"Khuyến mãi

Giá và khuyến mãi dự kiến áp dụng đến 23:59 | 28/02
1

Tặng phiếu mua hàng Apple Watch trị giá 1,000,000đ

2

Tặng phiếu mua hàng Macbook trị giá 1,000,000đ

3

Phiếu mua hàng Airpods trị giá 500.000đ

4

Tặng PMH Phụ kiện bảo vệ iPhone 17 (đơn trên 500.000đ, trừ hãng Apple/ Beats) trị giá 100.000đ

5

Thu cũ đổi mới: Giảm đến 2,000,000đ (Không kèm ưu đãi thanh toán qua cổng, mua kèm) Xem chi tiết";"Ưu đãi thanh toán Online (Click chọn để áp dụng)
 Giảm 250.000đ -
Xem chi tiết
Áp dụng sản phẩm từ 5.000.000đ trở lên.";https://www.thegioididong.com/dtdd/iphone-17-pro-max;Skipped
MacBook Air 13 inch M2 16GB/256GB;Vàng đồng;Yes;24490000;19790000;2026-02-01;"Khuyến mãi trị giá 800.000₫

Giá và khuyến mãi dự kiến áp dụng đến 23:59 | 28/02
1

Phiếu mua hàng Chuột, Bàn phím (Apple) trị giá 500,000đ

2

Tặng Phiếu mua hàng Balo, Túi chống sốc (giá trị trên 1,000,000đ) trị giá 300,000đ

3

Tặng Phiếu mua hàng Màn hình máy tính trị giá 300.000đ";"Ưu đãi thanh toán Online (Click chọn để áp dụng)
 Giảm 250.000đ -
Xem chi tiết
Áp dụng sản phẩm từ 5.000.000đ trở lên.";https://www.thegioididong.com/laptop/apple-macbook-air-m2-2022-16gb-256gb;Skipped
iPhone 17 512GB;Trắng;Yes;1100000;31490000;2026-02-01;;;https://www.thegioididong.com/dtdd/iphone-17;Skipped
MacBook Air 13 inch M4 16GB/256GB;Xanh da trời nhạt;Yes;26490000;23990000;2026-02-01;"Khuyến mãi trị giá 800.000₫

Giá và khuyến mãi dự kiến áp dụng đến 23:59 | 28/02
1

Phiếu mua hàng Chuột, Bàn phím (Apple) trị giá 500,000đ

2

Tặng Phiếu mua hàng Balo, Túi chống sốc (giá trị trên 1,000,000đ) trị giá 300,000đ

3

Tặng Phiếu mua hàng Màn hình máy tính trị giá 300.000đ";"Ưu đãi thanh toán Online (Click chọn để áp dụng)
 Giảm 250.000đ -
Xem chi tiết
Áp dụng sản phẩm từ 5.000.000đ trở lên.";https://www.thegioididong.com/laptop/macbook-air-13-inch-m4-16gb-256gb;Skipped
iPhone Air 512GB;Xanh da trời;Yes;38490000;31990000;2026-02-01;"Khuyến mãi

Giá và khuyến mãi dự kiến áp dụng đến 23:59 | 28/02
1

Tặng phiếu mua hàng Apple Watch trị giá 1,000,000đ

2

Tặng phiếu mua hàng Macbook trị giá 1,000,000đ

3

Phiếu mua hàng Airpods trị giá 500.000đ

4

Tặng PMH Phụ kiện bảo vệ iPhone 17 (đơn trên 500.000đ, trừ hãng Apple/ Beats) trị giá 100.000đ

5

Thu cũ đổi mới: Giảm đến 2,000,000đ (Không kèm ưu đãi thanh toán qua cổng, mua kèm) Xem chi tiết";"Ưu đãi thanh toán Online (Click chọn để áp dụng)
 Giảm 1.000.000đ - Xem chi tiết
Áp dụng sản phẩm từ 10.000.000đ trở lên.
 Giảm 250.000đ - Xem chi tiết
Áp dụng sản phẩm từ 5.000.000đ trở lên.";https://www.thegioididong.com/dtdd/iphone-air;Skipped
iPhone 17 Pro Max 2TB;Cam Vũ Trụ;Yes;1100000;63990000;2026-02-01;"Khuyến mãi

Giá và khuyến mãi dự kiến áp dụng đến 23:59 | 28/02
1

Tặng phiếu mua hàng Apple Watch trị giá 1,000,000đ

2

Tặng phiếu mua hàng Macbook trị giá 1,000,000đ

3

Phiếu mua hàng Airpods trị giá 500.000đ

4

Tặng PMH Phụ kiện bảo vệ iPhone 17 (đơn trên 500.000đ, trừ hãng Apple/ Beats) trị giá 100.000đ

5

Thu cũ đổi mới: Giảm đến 2,000,000đ (Không kèm ưu đãi thanh toán qua cổng, mua kèm) Xem chi tiết";"Ưu đãi thanh toán Online (Click chọn để áp dụng)
 Giảm 250.000đ -
Xem chi tiết
Áp dụng sản phẩm từ 5.000.000đ trở lên.";https://www.thegioididong.com/dtdd/iphone-17-pro-max;Skipped
MacBook Air 13 inch M4 16GB/256GB;Bạc;Yes;26490000;23990000;2026-02-01;"Khuyến mãi trị giá 800.000₫

Giá và khuyến mãi dự kiến áp dụng đến 23:59 | 28/02
1

Phiếu mua hàng Chuột, Bàn phím (Apple) trị giá 500,000đ

2

Tặng Phiếu mua hàng Balo, Túi chống sốc (giá trị trên 1,000,000đ) trị giá 300,000đ

3

Tặng Phiếu mua hàng Màn hình máy tính trị giá 300.000đ";"Ưu đãi thanh toán Online (Click chọn để áp dụng)
 Giảm 250.000đ -
Xem chi tiết
Áp dụng sản phẩm từ 5.000.000đ trở lên.";https://www.thegioididong.com/laptop/macbook-air-13-inch-m4-16gb-256gb;Skipped
iPhone Air 512GB;Đen Không Gian;Yes;38490000;31990000;2026-02-01;"Khuyến mãi

Giá và khuyến mãi dự kiến áp dụng đến 23:59 | 28/02
1

Tặng phiếu mua hàng Apple Watch trị giá 1,000,000đ

2

Tặng phiếu mua hàng Macbook trị giá 1,000,000đ

3

Phiếu mua hàng Airpods trị giá 500.000đ

4

Tặng PMH Phụ kiện bảo vệ iPhone 17 (đơn trên 500.000đ, trừ hãng Apple/ Beats) trị giá 100.000đ

5

Thu cũ đổi mới: Giảm đến 2,000,000đ (Không kèm ưu đãi thanh toán qua cổng, mua kèm) Xem chi tiết";"Ưu đãi thanh toán Online (Click chọn để áp dụng)
 Giảm 1.000.000đ - Xem chi tiết
Áp dụng sản phẩm từ 10.000.000đ trở lên.
 Giảm 250.000đ - Xem chi tiết
Áp dụng sản phẩm từ 5.000.000đ trở lên.";https://www.thegioididong.com/dtdd/iphone-air;Skipped
MacBook Air 13 inch M4 16GB/256GB Sạc 70W;Xanh da trời nhạt;Yes;27090000;25490000;2026-02-01;"Khuyến mãi trị giá 800.000₫

Giá và khuyến mãi dự kiến áp dụng đến 23:59 | 28/02
1

Phiếu mua hàng Chuột, Bàn phím (Apple) trị giá 500,000đ

2

Tặng Phiếu mua hàng Balo, Túi chống sốc (giá trị trên 1,000,000đ) trị giá 300,000đ

3

Tặng Phiếu mua hàng Màn hình máy tính trị giá 300.000đ";"Ưu đãi thanh toán Online (Click chọn để áp dụng)
 Giảm 250.000đ -
Xem chi tiết
Áp dụng sản phẩm từ 5.000.000đ trở lên.";https://www.thegioididong.com/laptop/macbook-air-13-inch-m4-16gb-256gb-sac-70w;Skipped
iPhone 17 512GB;Tím Oải Hương;Yes;1100000;31490000;2026-02-01;;;https://www.thegioididong.com/dtdd/iphone-17;Skipped
iPhone 17 Pro Max 2TB;Xanh đậm;Yes;1100000;63990000;2026-02-01;"Khuyến mãi

Giá và khuyến mãi dự kiến áp dụng đến 23:59 | 28/02
1

Tặng phiếu mua hàng Apple Watch trị giá 1,000,000đ

2

Tặng phiếu mua hàng Macbook trị giá 1,000,000đ

3

Phiếu mua hàng Airpods trị giá 500.000đ

4

Tặng PMH Phụ kiện bảo vệ iPhone 17 (đơn trên 500.000đ, trừ hãng Apple/ Beats) trị giá 100.000đ

5

Thu cũ đổi mới: Giảm đến 2,000,000đ (Không kèm ưu đãi thanh toán qua cổng, mua kèm) Xem chi tiết";"Ưu đãi thanh toán Online (Click chọn để áp dụng)
 Giảm 250.000đ -
Xem chi tiết
Áp dụng sản phẩm từ 5.000.000đ trở lên.";https://www.thegioididong.com/dtdd/iphone-17-pro-max;Skipped
MacBook Air 13 inch M4 16GB/256GB Sạc 70W;Xanh đen;Yes;27090000;25490000;2026-02-01;"Khuyến mãi trị giá 800.000₫

Giá và khuyến mãi dự kiến áp dụng đến 23:59 | 28/02
1

Phiếu mua hàng Chuột, Bàn phím (Apple) trị giá 500,000đ

2

Tặng Phiếu mua hàng Balo, Túi chống sốc (giá trị trên 1,000,000đ) trị giá 300,000đ

3

Tặng Phiếu mua hàng Màn hình máy tính trị giá 300.000đ";"Ưu đãi thanh toán Online (Click chọn để áp dụng)
 Giảm 250.000đ -
Xem chi tiết
Áp dụng sản phẩm từ 5.000.000đ trở lên.";https://www.thegioididong.com/laptop/macbook-air-13-inch-m4-16gb-256gb-sac-70w;Skipped
iPhone 17 512GB;Xanh Lam Khói;Yes;1100000;31490000;2026-02-01;;;https://www.thegioididong.com/dtdd/iphone-17;Skipped
iPhone Air 512GB;Vàng Nhạt;Yes;38490000;31990000;2026-02-01;"Khuyến mãi

Giá và khuyến mãi dự kiến áp dụng đến 23:59 | 28/02
1

Tặng phiếu mua hàng Apple Watch trị giá 1,000,000đ

2

Tặng phiếu mua hàng Macbook trị giá 1,000,000đ

3

Phiếu mua hàng Airpods trị giá 500.000đ

4

Tặng PMH Phụ kiện bảo vệ iPhone 17 (đơn trên 500.000đ, trừ hãng Apple/ Beats) trị giá 100.000đ

5

Thu cũ đổi mới: Giảm đến 2,000,000đ (Không kèm ưu đãi thanh toán qua cổng, mua kèm) Xem chi tiết";"Ưu đãi thanh toán Online (Click chọn để áp dụng)
 Giảm 1.000.000đ - Xem chi tiết
Áp dụng sản phẩm từ 10.000.000đ trở lên.
 Giảm 250.000đ - Xem chi tiết
Áp dụng sản phẩm từ 5.000.000đ trở lên.";https://www.thegioididong.com/dtdd/iphone-air;Skipped
MacBook Air 13 inch M4 16GB/256GB;Xanh đen;Yes;26490000;23990000;2026-02-01;"Khuyến mãi trị giá 800.000₫

Giá và khuyến mãi dự kiến áp dụng đến 23:59 | 28/02
1

Phiếu mua hàng Chuột, Bàn phím (Apple) trị giá 500,000đ

2

Tặng Phiếu mua hàng Balo, Túi chống sốc (giá trị trên 1,000,000đ) trị giá 300,000đ

3

Tặng Phiếu mua hàng Màn hình máy tính trị giá 300.000đ";"Ưu đãi thanh toán Online (Click chọn để áp dụng)
 Giảm 250.000đ -
Xem chi tiết
Áp dụng sản phẩm từ 5.000.000đ trở lên.";https://www.thegioididong.com/laptop/macbook-air-13-inch-m4-16gb-256gb;Skipped
iPhone 17 Pro Max 2TB;Bạc;Yes;1100000;63990000;2026-02-01;"Khuyến mãi

Giá và khuyến mãi dự kiến áp dụng đến 23:59 | 28/02
1

Tặng phiếu mua hàng Apple Watch trị giá 1,000,000đ

2

Tặng phiếu mua hàng Macbook trị giá 1,000,000đ

3

Phiếu mua hàng Airpods trị giá 500.000đ

4

Tặng PMH Phụ kiện bảo vệ iPhone 17 (đơn trên 500.000đ, trừ hãng Apple/ Beats) trị giá 100.000đ

5

Thu cũ đổi mới: Giảm đến 2,000,000đ (Không kèm ưu đãi thanh toán qua cổng, mua kèm) Xem chi tiết";"Ưu đãi thanh toán Online (Click chọn để áp dụng)
 Giảm 250.000đ -
Xem chi tiết
Áp dụng sản phẩm từ 5.000.000đ trở lên.";https://www.thegioididong.com/dtdd/iphone-17-pro-max;Skipped
iPhone 17 512GB;Xanh Lá Xô Thơm;Yes;1100000;31490000;2026-02-01;;;https://www.thegioididong.com/dtdd/iphone-17;Skipped
iPhone Air 512GB;Trắng Mây;Yes;38490000;31990000;2026-02-01;"Khuyến mãi

Giá và khuyến mãi dự kiến áp dụng đến 23:59 | 28/02
1

Tặng phiếu mua hàng Apple Watch trị giá 1,000,000đ

2

Tặng phiếu mua hàng Macbook trị giá 1,000,000đ

3

Phiếu mua hàng Airpods trị giá 500.000đ

4

Tặng PMH Phụ kiện bảo vệ iPhone 17 (đơn trên 500.000đ, trừ hãng Apple/ Beats) trị giá 100.000đ

5

Thu cũ đổi mới: Giảm đến 2,000,000đ (Không kèm ưu đãi thanh toán qua cổng, mua kèm) Xem chi tiết";"Ưu đãi thanh toán Online (Click chọn để áp dụng)
 Giảm 1.000.000đ - Xem chi tiết
Áp dụng sản phẩm từ 10.000.000đ trở lên.
 Giảm 250.000đ - Xem chi tiết
Áp dụng sản phẩm từ 5.000.000đ trở lên.";https://www.thegioididong.com/dtdd/iphone-air;Skipped
MacBook Air 13 inch M4 16GB/256GB Sạc 70W;Vàng;Yes;27090000;25490000;2026-02-01;"Khuyến mãi trị giá 800.000₫

Giá và khuyến mãi dự kiến áp dụng đến 23:59 | 28/02
1

Phiếu mua hàng Chuột, Bàn phím (Apple) trị giá 500,000đ

2

Tặng Phiếu mua hàng Balo, Túi chống sốc (giá trị trên 1,000,000đ) trị giá 300,000đ

3

Tặng Phiếu mua hàng Màn hình máy tính trị giá 300.000đ";"Ưu đãi thanh toán Online (Click chọn để áp dụng)
 Giảm 250.000đ -
Xem chi tiết
Áp dụng sản phẩm từ 5.000.000đ trở lên.";https://www.thegioididong.com/laptop/macbook-air-13-inch-m4-16gb-256gb-sac-70w;Skipped
MacBook Air 13 inch M4 16GB/256GB;Vàng;Yes;26490000;23990000;2026-02-01;"Khuyến mãi trị giá 800.000₫

Giá và khuyến mãi dự kiến áp dụng đến 23:59 | 28/02
1

Phiếu mua hàng Chuột, Bàn phím (Apple) trị giá 500,000đ

2

Tặng Phiếu mua hàng Balo, Túi chống sốc (giá trị trên 1,000,000đ) trị giá 300,000đ

3

Tặng Phiếu mua hàng Màn hình máy tính trị giá 300.000đ";"Ưu đãi thanh toán Online (Click chọn để áp dụng)
 Giảm 250.000đ -
Xem chi tiết
Áp dụng sản phẩm từ 5.000.000đ trở lên.";https://www.thegioididong.com/laptop/macbook-air-13-inch-m4-16gb-256gb;Skipped
iPhone 17 Pro Max 2TB;Cam Vũ Trụ;Yes;1100000;63990000;2026-02-01;"Khuyến mãi

Giá và khuyến mãi dự kiến áp dụng đến 23:59 | 28/02
1

Tặng phiếu mua hàng Apple Watch trị giá 1,000,000đ

2

Tặng phiếu mua hàng Macbook trị giá 1,000,000đ

3

Phiếu mua hàng Airpods trị giá 500.000đ

4

Tặng PMH Phụ kiện bảo vệ iPhone 17 (đơn trên 500.000đ, trừ hãng Apple/ Beats) trị giá 100.000đ

5

Thu cũ đổi mới: Giảm đến 2,000,000đ (Không kèm ưu đãi thanh toán qua cổng, mua kèm) Xem chi tiết";"Ưu đãi thanh toán Online (Click chọn để áp dụng)
 Giảm 250.000đ -
Xem chi tiết
Áp dụng sản phẩm từ 5.000.000đ trở lên.";https://www.thegioididong.com/dtdd/iphone-17-pro-max;Skipped
iPhone Air 1TB;Xanh da trời;No;44990000;36990000;2026-02-01;"Khuyến mãi

Giá và khuyến mãi dự kiến áp dụng đến 23:59 | 28/02
1

Tặng phiếu mua hàng Apple Watch trị giá 1,000,000đ

2

Tặng phiếu mua hàng Macbook trị giá 1,000,000đ

3

Phiếu mua hàng Airpods trị giá 500.000đ

4

Tặng PMH Phụ kiện bảo vệ iPhone 17 (đơn trên 500.000đ, trừ hãng Apple/ Beats) trị giá 100.000đ

5

Thu cũ đổi mới: Giảm đến 2,000,000đ (Không kèm ưu đãi thanh toán qua cổng, mua kèm) Xem chi tiết";;https://www.thegioididong.com/dtdd/iphone-air;DEBUG_OOS_iPhone Air 1TB_Xanh da trời_081201.png
iPhone 17 512GB;Đen;Yes;1100000;31490000;2026-02-01;;;https://www.thegioididong.com/dtdd/iphone-17;Skipped
MacBook Air 13 inch M4 16GB/256GB Sạc 70W;Bạc;Yes;27090000;25490000;2026-02-01;"Khuyến mãi trị giá 800.000₫

Giá và khuyến mãi dự kiến áp dụng đến 23:59 | 28/02
1

Phiếu mua hàng Chuột, Bàn phím (Apple) trị giá 500,000đ

2

Tặng Phiếu mua hàng Balo, Túi chống sốc (giá trị trên 1,000,000đ) trị giá 300,000đ

3

Tặng Phiếu mua hàng Màn hình máy tính trị giá 300.000đ";"Ưu đãi thanh toán Online (Click chọn để áp dụng)
 Giảm 250.000đ -
Xem chi tiết
Áp dụng sản phẩm từ 5.000.000đ trở lên.";https://www.thegioididong.com/laptop/macbook-air-13-inch-m4-16gb-256gb-sac-70w;Skipped
MacBook Air 13 inch M4 16GB/256GB;Xanh da trời nhạt;Yes;26490000;23990000;2026-02-01;"Khuyến mãi trị giá 800.000₫

Giá và khuyến mãi dự kiến áp dụng đến 23:59 | 28/02
1

Phiếu mua hàng Chuột, Bàn phím (Apple) trị giá 500,000đ

2

Tặng Phiếu mua hàng Balo, Túi chống sốc (giá trị trên 1,000,000đ) trị giá 300,000đ

3

Tặng Phiếu mua hàng Màn hình máy tính trị giá 300.000đ";"Ưu đãi thanh toán Online (Click chọn để áp dụng)
 Giảm 250.000đ -
Xem chi tiết
Áp dụng sản phẩm từ 5.000.000đ trở lên.";https://www.thegioididong.com/laptop/macbook-air-13-inch-m4-16gb-256gb;Skipped
iPhone Air 1TB;Đen Không Gian;No;44990000;36990000;2026-02-01;"Khuyến mãi

Giá và khuyến mãi dự kiến áp dụng đến 23:59 | 28/02
1

Tặng phiếu mua hàng Apple Watch trị giá 1,000,000đ

2

Tặng phiếu mua hàng Macbook trị giá 1,000,000đ

3

Phiếu mua hàng Airpods trị giá 500.000đ

4

Tặng PMH Phụ kiện bảo vệ iPhone 17 (đơn trên 500.000đ, trừ hãng Apple/ Beats) trị giá 100.000đ

5

Thu cũ đổi mới: Giảm đến 2,000,000đ (Không kèm ưu đãi thanh toán qua cổng, mua kèm) Xem chi tiết";;https://www.thegioididong.com/dtdd/iphone-air;DEBUG_OOS_iPhone Air 1TB_Đen Không Gian_081204.png
iPhone 17 Pro Max 2TB;Xanh đậm;Yes;1100000;63990000;2026-02-01;"Khuyến mãi

Giá và khuyến mãi dự kiến áp dụng đến 23:59 | 28/02
1

Tặng phiếu mua hàng Apple Watch trị giá 1,000,000đ

2

Tặng phiếu mua hàng Macbook trị giá 1,000,000đ

3

Phiếu mua hàng Airpods trị giá 500.000đ

4

Tặng PMH Phụ kiện bảo vệ iPhone 17 (đơn trên 500.000đ, trừ hãng Apple/ Beats) trị giá 100.000đ

5

Thu cũ đổi mới: Giảm đến 2,000,000đ (Không kèm ưu đãi thanh toán qua cổng, mua kèm) Xem chi tiết";"Ưu đãi thanh toán Online (Click chọn để áp dụng)
 Giảm 250.000đ -
Xem chi tiết
Áp dụng sản phẩm từ 5.000.000đ trở lên.";https://www.thegioididong.com/dtdd/iphone-17-pro-max;Skipped
iPhone 17 512GB;Trắng;Yes;1100000;31490000;2026-02-01;;;https://www.thegioididong.com/dtdd/iphone-17;Skipped
MacBook Air 13 inch M4 16GB/256GB;Bạc;Yes;26490000;23990000;2026-02-01;"Khuyến mãi trị giá 800.000₫

Giá và khuyến mãi dự kiến áp dụng đến 23:59 | 28/02
1

Phiếu mua hàng Chuột, Bàn phím (Apple) trị giá 500,000đ

2

Tặng Phiếu mua hàng Balo, Túi chống sốc (giá trị trên 1,000,000đ) trị giá 300,000đ

3

Tặng Phiếu mua hàng Màn hình máy tính trị giá 300.000đ";"Ưu đãi thanh toán Online (Click chọn để áp dụng)
 Giảm 250.000đ -
Xem chi tiết
Áp dụng sản phẩm từ 5.000.000đ trở lên.";https://www.thegioididong.com/laptop/macbook-air-13-inch-m4-16gb-256gb;Skipped
MacBook Air 13 inch M4 16GB/256GB Sạc 70W;Xanh da trời nhạt;Yes;27090000;25490000;2026-02-01;"Khuyến mãi trị giá 800.000₫

Giá và khuyến mãi dự kiến áp dụng đến 23:59 | 28/02
1

Phiếu mua hàng Chuột, Bàn phím (Apple) trị giá 500,000đ

2

Tặng Phiếu mua hàng Balo, Túi chống sốc (giá trị trên 1,000,000đ) trị giá 300,000đ

3

Tặng Phiếu mua hàng Màn hình máy tính trị giá 300.000đ";"Ưu đãi thanh toán Online (Click chọn để áp dụng)
 Giảm 250.000đ -
Xem chi tiết
Áp dụng sản phẩm từ 5.000.000đ trở lên.";https://www.thegioididong.com/laptop/macbook-air-13-inch-m4-16gb-256gb-sac-70w;Skipped
iPhone Air 1TB;Vàng Nhạt;Yes;44990000;36990000;2026-02-01;"Khuyến mãi

Giá và khuyến mãi dự kiến áp dụng đến 23:59 | 28/02
1

Tặng phiếu mua hàng Apple Watch trị giá 1,000,000đ

2

Tặng phiếu mua hàng Macbook trị giá 1,000,000đ

3

Phiếu mua hàng Airpods trị giá 500.000đ

4

Tặng PMH Phụ kiện bảo vệ iPhone 17 (đơn trên 500.000đ, trừ hãng Apple/ Beats) trị giá 100.000đ

5

Thu cũ đổi mới: Giảm đến 2,000,000đ (Không kèm ưu đãi thanh toán qua cổng, mua kèm) Xem chi tiết";"Ưu đãi thanh toán Online (Click chọn để áp dụng)
 Giảm 250.000đ -
Xem chi tiết
Áp dụng sản phẩm từ 5.000.000đ trở lên.";https://www.thegioididong.com/dtdd/iphone-air;Skipped
iPhone 17 Pro Max 2TB;Bạc;Yes;1100000;63990000;2026-02-01;"Khuyến mãi

Giá và khuyến mãi dự kiến áp dụng đến 23:59 | 28/02
1

Tặng phiếu mua hàng Apple Watch trị giá 1,000,000đ

2

Tặng phiếu mua hàng Macbook trị giá 1,000,000đ

3

Phiếu mua hàng Airpods trị giá 500.000đ

4

Tặng PMH Phụ kiện bảo vệ iPhone 17 (đơn trên 500.000đ, trừ hãng Apple/ Beats) trị giá 100.000đ

5

Thu cũ đổi mới: Giảm đến 2,000,000đ (Không kèm ưu đãi thanh toán qua cổng, mua kèm) Xem chi tiết";"Ưu đãi thanh toán Online (Click chọn để áp dụng)
 Giảm 250.000đ -
Xem chi tiết
Áp dụng sản phẩm từ 5.000.000đ trở lên.";https://www.thegioididong.com/dtdd/iphone-17-pro-max;Skipped
iPhone 17 512GB;Tím Oải Hương;Yes;1100000;31490000;2026-02-01;;;https://www.thegioididong.com/dtdd/iphone-17;Skipped
MacBook Air 13 inch M4 16GB/256GB Sạc 70W;Xanh đen;Yes;27090000;25490000;2026-02-01;"Khuyến mãi trị giá 800.000₫

Giá và khuyến mãi dự kiến áp dụng đến 23:59 | 28/02
1

Phiếu mua hàng Chuột, Bàn phím (Apple) trị giá 500,000đ

2

Tặng Phiếu mua hàng Balo, Túi chống sốc (giá trị trên 1,000,000đ) trị giá 300,000đ

3

Tặng Phiếu mua hàng Màn hình máy tính trị giá 300.000đ";"Ưu đãi thanh toán Online (Click chọn để áp dụng)
 Giảm 250.000đ -
Xem chi tiết
Áp dụng sản phẩm từ 5.000.000đ trở lên.";https://www.thegioididong.com/laptop/macbook-air-13-inch-m4-16gb-256gb-sac-70w;Skipped
MacBook Air 13 inch M4 16GB/256GB;Xanh đen;Yes;26490000;23990000;2026-02-01;"Khuyến mãi trị giá 800.000₫

Giá và khuyến mãi dự kiến áp dụng đến 23:59 | 28/02
1

Phiếu mua hàng Chuột, Bàn phím (Apple) trị giá 500,000đ

2

Tặng Phiếu mua hàng Balo, Túi chống sốc (giá trị trên 1,000,000đ) trị giá 300,000đ

3

Tặng Phiếu mua hàng Màn hình máy tính trị giá 300.000đ";"Ưu đãi thanh toán Online (Click chọn để áp dụng)
 Giảm 250.000đ -
Xem chi tiết
Áp dụng sản phẩm từ 5.000.000đ trở lên.";https://www.thegioididong.com/laptop/macbook-air-13-inch-m4-16gb-256gb;Skipped
iPhone Air 1TB;Trắng Mây;Yes;44990000;36990000;2026-02-01;"Khuyến mãi

Giá và khuyến mãi dự kiến áp dụng đến 23:59 | 28/02
1

Tặng phiếu mua hàng Apple Watch trị giá 1,000,000đ

2

Tặng phiếu mua hàng Macbook trị giá 1,000,000đ

3

Phiếu mua hàng Airpods trị giá 500.000đ

4

Tặng PMH Phụ kiện bảo vệ iPhone 17 (đơn trên 500.000đ, trừ hãng Apple/ Beats) trị giá 100.000đ

5

Thu cũ đổi mới: Giảm đến 2,000,000đ (Không kèm ưu đãi thanh toán qua cổng, mua kèm) Xem chi tiết";"Ưu đãi thanh toán Online (Click chọn để áp dụng)
 Giảm 250.000đ -
Xem chi tiết
Áp dụng sản phẩm từ 5.000.000đ trở lên.";https://www.thegioididong.com/dtdd/iphone-air;Skipped
iPhone 17 Pro Max 2TB;Cam Vũ Trụ;Yes;1100000;63990000;2026-02-01;"Khuyến mãi

Giá và khuyến mãi dự kiến áp dụng đến 23:59 | 28/02
1

Tặng phiếu mua hàng Apple Watch trị giá 1,000,000đ

2

Tặng phiếu mua hàng Macbook trị giá 1,000,000đ

3

Phiếu mua hàng Airpods trị giá 500.000đ

4

Tặng PMH Phụ kiện bảo vệ iPhone 17 (đơn trên 500.000đ, trừ hãng Apple/ Beats) trị giá 100.000đ

5

Thu cũ đổi mới: Giảm đến 2,000,000đ (Không kèm ưu đãi thanh toán qua cổng, mua kèm) Xem chi tiết";"Ưu đãi thanh toán Online (Click chọn để áp dụng)
 Giảm 250.000đ -
Xem chi tiết
Áp dụng sản phẩm từ 5.000.000đ trở lên.";https://www.thegioididong.com/dtdd/iphone-17-pro-max;Skipped
iPhone Air 1TB;Xanh da trời;No;44990000;36990000;2026-02-01;"Khuyến mãi

Giá và khuyến mãi dự kiến áp dụng đến 23:59 | 28/02
1

Tặng phiếu mua hàng Apple Watch trị giá 1,000,000đ

2

Tặng phiếu mua hàng Macbook trị giá 1,000,000đ

3

Phiếu mua hàng Airpods trị giá 500.000đ

4

Tặng PMH Phụ kiện bảo vệ iPhone 17 (đơn trên 500.000đ, trừ hãng Apple/ Beats) trị giá 100.000đ

5

Thu cũ đổi mới: Giảm đến 2,000,000đ (Không kèm ưu đãi thanh toán qua cổng, mua kèm) Xem chi tiết";;https://www.thegioididong.com/dtdd/iphone-air;DEBUG_OOS_iPhone Air 1TB_Xanh da trời_081222.png
MacBook Air 13 inch M4 16GB/256GB Sạc 70W;Vàng;Yes;27090000;25490000;2026-02-01;"Khuyến mãi trị giá 800.000₫

Giá và khuyến mãi dự kiến áp dụng đến 23:59 | 28/02
1

Phiếu mua hàng Chuột, Bàn phím (Apple) trị giá 500,000đ

2

Tặng Phiếu mua hàng Balo, Túi chống sốc (giá trị trên 1,000,000đ) trị giá 300,000đ

3

Tặng Phiếu mua hàng Màn hình máy tính trị giá 300.000đ";"Ưu đãi thanh toán Online (Click chọn để áp dụng)
 Giảm 250.000đ -
Xem chi tiết
Áp dụng sản phẩm từ 5.000.000đ trở lên.";https://www.thegioididong.com/laptop/macbook-air-13-inch-m4-16gb-256gb-sac-70w;Skipped
iPhone 17 512GB;Xanh Lam Khói;Yes;1100000;31490000;2026-02-01;;;https://www.thegioididong.com/dtdd/iphone-17;Skipped
MacBook Air 13 inch M4 16GB/256GB;Vàng;Yes;26490000;23990000;2026-02-01;"Khuyến mãi trị giá 800.000₫

Giá và khuyến mãi dự kiến áp dụng đến 23:59 | 28/02
1

Phiếu mua hàng Chuột, Bàn phím (Apple) trị giá 500,000đ

2

Tặng Phiếu mua hàng Balo, Túi chống sốc (giá trị trên 1,000,000đ) trị giá 300,000đ

3

Tặng Phiếu mua hàng Màn hình máy tính trị giá 300.000đ";"Ưu đãi thanh toán Online (Click chọn để áp dụng)
 Giảm 250.000đ -
Xem chi tiết
Áp dụng sản phẩm từ 5.000.000đ trở lên.";https://www.thegioididong.com/laptop/macbook-air-13-inch-m4-16gb-256gb;Skipped
iPhone Air 1TB;Đen Không Gian;No;44990000;36990000;2026-02-01;"Khuyến mãi

Giá và khuyến mãi dự kiến áp dụng đến 23:59 | 28/02
1

Tặng phiếu mua hàng Apple Watch trị giá 1,000,000đ

2

Tặng phiếu mua hàng Macbook trị giá 1,000,000đ

3

Phiếu mua hàng Airpods trị giá 500.000đ

4

Tặng PMH Phụ kiện bảo vệ iPhone 17 (đơn trên 500.000đ, trừ hãng Apple/ Beats) trị giá 100.000đ

5

Thu cũ đổi mới: Giảm đến 2,000,000đ (Không kèm ưu đãi thanh toán qua cổng, mua kèm) Xem chi tiết";;https://www.thegioididong.com/dtdd/iphone-air;DEBUG_OOS_iPhone Air 1TB_Đen Không Gian_081225.png
iPhone 17 Pro Max 2TB;Xanh đậm;Yes;1100000;63990000;2026-02-01;"Khuyến mãi

Giá và khuyến mãi dự kiến áp dụng đến 23:59 | 28/02
1

Tặng phiếu mua hàng Apple Watch trị giá 1,000,000đ

2

Tặng phiếu mua hàng Macbook trị giá 1,000,000đ

3

Phiếu mua hàng Airpods trị giá 500.000đ

4

Tặng PMH Phụ kiện bảo vệ iPhone 17 (đơn trên 500.000đ, trừ hãng Apple/ Beats) trị giá 100.000đ

5

Thu cũ đổi mới: Giảm đến 2,000,000đ (Không kèm ưu đãi thanh toán qua cổng, mua kèm) Xem chi tiết";"Ưu đãi thanh toán Online (Click chọn để áp dụng)
 Giảm 250.000đ -
Xem chi tiết
Áp dụng sản phẩm từ 5.000.000đ trở lên.";https://www.thegioididong.com/dtdd/iphone-17-pro-max;Skipped
MacBook Air 13 inch M4 16GB/256GB Sạc 70W;Bạc;Yes;27090000;25490000;2026-02-01;"Khuyến mãi trị giá 800.000₫

Giá và khuyến mãi dự kiến áp dụng đến 23:59 | 28/02
1

Phiếu mua hàng Chuột, Bàn phím (Apple) trị giá 500,000đ

2

Tặng Phiếu mua hàng Balo, Túi chống sốc (giá trị trên 1,000,000đ) trị giá 300,000đ

3

Tặng Phiếu mua hàng Màn hình máy tính trị giá 300.000đ";"Ưu đãi thanh toán Online (Click chọn để áp dụng)
 Giảm 250.000đ -
Xem chi tiết
Áp dụng sản phẩm từ 5.000.000đ trở lên.";https://www.thegioididong.com/laptop/macbook-air-13-inch-m4-16gb-256gb-sac-70w;Skipped
iPhone 17 512GB;Xanh Lá Xô Thơm;Yes;1100000;31490000;2026-02-01;;;https://www.thegioididong.com/dtdd/iphone-17;Skipped
MacBook Air 13 inch M4 16GB/256GB;Xanh da trời nhạt;Yes;26490000;23990000;2026-02-01;"Khuyến mãi trị giá 800.000₫

Giá và khuyến mãi dự kiến áp dụng đến 23:59 | 28/02
1

Phiếu mua hàng Chuột, Bàn phím (Apple) trị giá 500,000đ

2

Tặng Phiếu mua hàng Balo, Túi chống sốc (giá trị trên 1,000,000đ) trị giá 300,000đ

3

Tặng Phiếu mua hàng Màn hình máy tính trị giá 300.000đ";"Ưu đãi thanh toán Online (Click chọn để áp dụng)
 Giảm 250.000đ -
Xem chi tiết
Áp dụng sản phẩm từ 5.000.000đ trở lên.";https://www.thegioididong.com/laptop/macbook-air-13-inch-m4-16gb-256gb;Skipped
iPhone Air 1TB;Vàng Nhạt;Yes;44990000;36990000;2026-02-01;"Khuyến mãi

Giá và khuyến mãi dự kiến áp dụng đến 23:59 | 28/02
1

Tặng phiếu mua hàng Apple Watch trị giá 1,000,000đ

2

Tặng phiếu mua hàng Macbook trị giá 1,000,000đ

3

Phiếu mua hàng Airpods trị giá 500.000đ

4

Tặng PMH Phụ kiện bảo vệ iPhone 17 (đơn trên 500.000đ, trừ hãng Apple/ Beats) trị giá 100.000đ

5

Thu cũ đổi mới: Giảm đến 2,000,000đ (Không kèm ưu đãi thanh toán qua cổng, mua kèm) Xem chi tiết";"Ưu đãi thanh toán Online (Click chọn để áp dụng)
 Giảm 250.000đ -
Xem chi tiết
Áp dụng sản phẩm từ 5.000.000đ trở lên.";https://www.thegioididong.com/dtdd/iphone-air;Skipped
iPhone 17 Pro Max 2TB;Bạc;Yes;1100000;63990000;2026-02-01;"Khuyến mãi

Giá và khuyến mãi dự kiến áp dụng đến 23:59 | 28/02
1

Tặng phiếu mua hàng Apple Watch trị giá 1,000,000đ

2

Tặng phiếu mua hàng Macbook trị giá 1,000,000đ

3

Phiếu mua hàng Airpods trị giá 500.000đ

4

Tặng PMH Phụ kiện bảo vệ iPhone 17 (đơn trên 500.000đ, trừ hãng Apple/ Beats) trị giá 100.000đ

5

Thu cũ đổi mới: Giảm đến 2,000,000đ (Không kèm ưu đãi thanh toán qua cổng, mua kèm) Xem chi tiết";"Ưu đãi thanh toán Online (Click chọn để áp dụng)
 Giảm 250.000đ -
Xem chi tiết
Áp dụng sản phẩm từ 5.000.000đ trở lên.";https://www.thegioididong.com/dtdd/iphone-17-pro-max;Skipped
iPhone 17 512GB;Đen;Yes;1100000;31490000;2026-02-01;;;https://www.thegioididong.com/dtdd/iphone-17;Skipped
MacBook Air 13 inch M4 16GB/256GB;Bạc;Yes;26490000;23990000;2026-02-01;"Khuyến mãi trị giá 800.000₫

Giá và khuyến mãi dự kiến áp dụng đến 23:59 | 28/02
1

Phiếu mua hàng Chuột, Bàn phím (Apple) trị giá 500,000đ

2

Tặng Phiếu mua hàng Balo, Túi chống sốc (giá trị trên 1,000,000đ) trị giá 300,000đ

3

Tặng Phiếu mua hàng Màn hình máy tính trị giá 300.000đ";"Ưu đãi thanh toán Online (Click chọn để áp dụng)
 Giảm 250.000đ -
Xem chi tiết
Áp dụng sản phẩm từ 5.000.000đ trở lên.";https://www.thegioididong.com/laptop/macbook-air-13-inch-m4-16gb-256gb;Skipped
MacBook Air 13 inch M4 16GB/256GB Sạc 70W;Xanh da trời nhạt;Yes;27090000;25490000;2026-02-01;"Khuyến mãi trị giá 800.000₫

Giá và khuyến mãi dự kiến áp dụng đến 23:59 | 28/02
1

Phiếu mua hàng Chuột, Bàn phím (Apple) trị giá 500,000đ

2

Tặng Phiếu mua hàng Balo, Túi chống sốc (giá trị trên 1,000,000đ) trị giá 300,000đ

3

Tặng Phiếu mua hàng Màn hình máy tính trị giá 300.000đ";"Ưu đãi thanh toán Online (Click chọn để áp dụng)
 Giảm 250.000đ -
Xem chi tiết
Áp dụng sản phẩm từ 5.000.000đ trở lên.";https://www.thegioididong.com/laptop/macbook-air-13-inch-m4-16gb-256gb-sac-70w;Skipped
iPhone Air 1TB;Trắng Mây;Yes;44990000;36990000;2026-02-01;"Khuyến mãi

Giá và khuyến mãi dự kiến áp dụng đến 23:59 | 28/02
1

Tặng phiếu mua hàng Apple Watch trị giá 1,000,000đ

2

Tặng phiếu mua hàng Macbook trị giá 1,000,000đ

3

Phiếu mua hàng Airpods trị giá 500.000đ

4

Tặng PMH Phụ kiện bảo vệ iPhone 17 (đơn trên 500.000đ, trừ hãng Apple/ Beats) trị giá 100.000đ

5

Thu cũ đổi mới: Giảm đến 2,000,000đ (Không kèm ưu đãi thanh toán qua cổng, mua kèm) Xem chi tiết";"Ưu đãi thanh toán Online (Click chọn để áp dụng)
 Giảm 250.000đ -
Xem chi tiết
Áp dụng sản phẩm từ 5.000.000đ trở lên.";https://www.thegioididong.com/dtdd/iphone-air;Skipped
MacBook Air 13 inch M4 24GB/256GB;Xanh da trời nhạt;No;31390000;30390000;2026-02-01;"Khuyến mãi trị giá 800.000₫

Giá và khuyến mãi dự kiến áp dụng đến 23:59 | 28/02
1

Phiếu mua hàng Chuột, Bàn phím (Apple) trị giá 500,000đ

2

Tặng Phiếu mua hàng Balo, Túi chống sốc (giá trị trên 1,000,000đ) trị giá 300,000đ

3

Tặng Phiếu mua hàng Màn hình máy tính trị giá 300.000đ";;https://www.thegioididong.com/laptop/macbook-air-13-inch-m4-24gb-256gb;DEBUG_OOS_MacBook Air 13 inch M4 24GB/256GB_Xanh da trời nhạt_081241.png
iPhone 17 512GB;Trắng;Yes;1100000;31490000;2026-02-01;;;https://www.thegioididong.com/dtdd/iphone-17;Skipped
iPhone Air 1TB;Xanh da trời;No;44990000;36990000;2026-02-01;"Khuyến mãi

Giá và khuyến mãi dự kiến áp dụng đến 23:59 | 28/02
1

Tặng phiếu mua hàng Apple Watch trị giá 1,000,000đ

2

Tặng phiếu mua hàng Macbook trị giá 1,000,000đ

3

Phiếu mua hàng Airpods trị giá 500.000đ

4

Tặng PMH Phụ kiện bảo vệ iPhone 17 (đơn trên 500.000đ, trừ hãng Apple/ Beats) trị giá 100.000đ

5

Thu cũ đổi mới: Giảm đến 2,000,000đ (Không kèm ưu đãi thanh toán qua cổng, mua kèm) Xem chi tiết";;https://www.thegioididong.com/dtdd/iphone-air;DEBUG_OOS_iPhone Air 1TB_Xanh da trời_081243.png
MacBook Air 13 inch M4 16GB/256GB Sạc 70W;Xanh đen;Yes;27090000;25490000;2026-02-01;"Khuyến mãi trị giá 800.000₫

Giá và khuyến mãi dự kiến áp dụng đến 23:59 | 28/02
1

Phiếu mua hàng Chuột, Bàn phím (Apple) trị giá 500,000đ

2

Tặng Phiếu mua hàng Balo, Túi chống sốc (giá trị trên 1,000,000đ) trị giá 300,000đ

3

Tặng Phiếu mua hàng Màn hình máy tính trị giá 300.000đ";"Ưu đãi thanh toán Online (Click chọn để áp dụng)
 Giảm 250.000đ -
Xem chi tiết
Áp dụng sản phẩm từ 5.000.000đ trở lên.";https://www.thegioididong.com/laptop/macbook-air-13-inch-m4-16gb-256gb-sac-70w;Skipped
MacBook Air 13 inch M4 16GB/256GB;Xanh đen;Yes;26490000;23990000;2026-02-01;"Khuyến mãi trị giá 800.000₫

Giá và khuyến mãi dự kiến áp dụng đến 23:59 | 28/02
1

Phiếu mua hàng Chuột, Bàn phím (Apple) trị giá 500,000đ

2

Tặng Phiếu mua hàng Balo, Túi chống sốc (giá trị trên 1,000,000đ) trị giá 300,000đ

3

Tặng Phiếu mua hàng Màn hình máy tính trị giá 300.000đ";"Ưu đãi thanh toán Online (Click chọn để áp dụng)
 Giảm 250.000đ -
Xem chi tiết
Áp dụng sản phẩm từ 5.000.000đ trở lên.";https://www.thegioididong.com/laptop/macbook-air-13-inch-m4-16gb-256gb;Skipped
MacBook Air 13 inch M4 24GB/256GB;Xanh đen;No;31390000;30390000;2026-02-01;"Khuyến mãi trị giá 800.000₫

Giá và khuyến mãi dự kiến áp dụng đến 23:59 | 28/02
1

Phiếu mua hàng Chuột, Bàn phím (Apple) trị giá 500,000đ

2

Tặng Phiếu mua hàng Balo, Túi chống sốc (giá trị trên 1,000,000đ) trị giá 300,000đ

3

Tặng Phiếu mua hàng Màn hình máy tính trị giá 300.000đ";;https://www.thegioididong.com/laptop/macbook-air-13-inch-m4-24gb-256gb;DEBUG_OOS_MacBook Air 13 inch M4 24GB/256GB_Xanh đen_081245.png
iPhone Air 1TB;Đen Không Gian;No;44990000;36990000;2026-02-01;"Khuyến mãi

Giá và khuyến mãi dự kiến áp dụng đến 23:59 | 28/02
1

Tặng phiếu mua hàng Apple Watch trị giá 1,000,000đ

2

Tặng phiếu mua hàng Macbook trị giá 1,000,000đ

3

Phiếu mua hàng Airpods trị giá 500.000đ

4

Tặng PMH Phụ kiện bảo vệ iPhone 17 (đơn trên 500.000đ, trừ hãng Apple/ Beats) trị giá 100.000đ

5

Thu cũ đổi mới: Giảm đến 2,000,000đ (Không kèm ưu đãi thanh toán qua cổng, mua kèm) Xem chi tiết";;https://www.thegioididong.com/dtdd/iphone-air;DEBUG_OOS_iPhone Air 1TB_Đen Không Gian_081246.png
MacBook Air 13 inch M4 24GB/256GB;Vàng;No;31390000;30390000;2026-02-01;"Khuyến mãi trị giá 800.000₫

Giá và khuyến mãi dự kiến áp dụng đến 23:59 | 28/02
1

Phiếu mua hàng Chuột, Bàn phím (Apple) trị giá 500,000đ

2

Tặng Phiếu mua hàng Balo, Túi chống sốc (giá trị trên 1,000,000đ) trị giá 300,000đ

3

Tặng Phiếu mua hàng Màn hình máy tính trị giá 300.000đ";;https://www.thegioididong.com/laptop/macbook-air-13-inch-m4-24gb-256gb;DEBUG_OOS_MacBook Air 13 inch M4 24GB/256GB_Vàng_081249.png
iPhone 17 512GB;Tím Oải Hương;Yes;1100000;31490000;2026-02-01;;;https://www.thegioididong.com/dtdd/iphone-17;Skipped
MacBook Air 13 inch M4 16GB/256GB Sạc 70W;Vàng;Yes;27090000;25490000;2026-02-01;"Khuyến mãi trị giá 800.000₫

Giá và khuyến mãi dự kiến áp dụng đến 23:59 | 28/02
1

Phiếu mua hàng Chuột, Bàn phím (Apple) trị giá 500,000đ

2

Tặng Phiếu mua hàng Balo, Túi chống sốc (giá trị trên 1,000,000đ) trị giá 300,000đ

3

Tặng Phiếu mua hàng Màn hình máy tính trị giá 300.000đ";"Ưu đãi thanh toán Online (Click chọn để áp dụng)
 Giảm 250.000đ -
Xem chi tiết
Áp dụng sản phẩm từ 5.000.000đ trở lên.";https://www.thegioididong.com/laptop/macbook-air-13-inch-m4-16gb-256gb-sac-70w;Skipped
MacBook Air 13 inch M4 16GB/256GB;Vàng;Yes;26490000;23990000;2026-02-01;"Khuyến mãi trị giá 800.000₫

Giá và khuyến mãi dự kiến áp dụng đến 23:59 | 28/02
1

Phiếu mua hàng Chuột, Bàn phím (Apple) trị giá 500,000đ

2

Tặng Phiếu mua hàng Balo, Túi chống sốc (giá trị trên 1,000,000đ) trị giá 300,000đ

3

Tặng Phiếu mua hàng Màn hình máy tính trị giá 300.000đ";"Ưu đãi thanh toán Online (Click chọn để áp dụng)
 Giảm 250.000đ -
Xem chi tiết
Áp dụng sản phẩm từ 5.000.000đ trở lên.";https://www.thegioididong.com/laptop/macbook-air-13-inch-m4-16gb-256gb;Skipped
MacBook Air 13 inch M4 24GB/256GB;Bạc;No;31390000;30390000;2026-02-01;"Khuyến mãi trị giá 800.000₫

Giá và khuyến mãi dự kiến áp dụng đến 23:59 | 28/02
1

Phiếu mua hàng Chuột, Bàn phím (Apple) trị giá 500,000đ

2

Tặng Phiếu mua hàng Balo, Túi chống sốc (giá trị trên 1,000,000đ) trị giá 300,000đ

3

Tặng Phiếu mua hàng Màn hình máy tính trị giá 300.000đ";;https://www.thegioididong.com/laptop/macbook-air-13-inch-m4-24gb-256gb;DEBUG_OOS_MacBook Air 13 inch M4 24GB/256GB_Bạc_081252.png
iPhone Air 1TB;Vàng Nhạt;Yes;44990000;36990000;2026-02-01;"Khuyến mãi

Giá và khuyến mãi dự kiến áp dụng đến 23:59 | 28/02
1

Tặng phiếu mua hàng Apple Watch trị giá 1,000,000đ

2

Tặng phiếu mua hàng Macbook trị giá 1,000,000đ

3

Phiếu mua hàng Airpods trị giá 500.000đ

4

Tặng PMH Phụ kiện bảo vệ iPhone 17 (đơn trên 500.000đ, trừ hãng Apple/ Beats) trị giá 100.000đ

5

Thu cũ đổi mới: Giảm đến 2,000,000đ (Không kèm ưu đãi thanh toán qua cổng, mua kèm) Xem chi tiết";"Ưu đãi thanh toán Online (Click chọn để áp dụng)
 Giảm 250.000đ -
Xem chi tiết
Áp dụng sản phẩm từ 5.000.000đ trở lên.";https://www.thegioididong.com/dtdd/iphone-air;Skipped
iPhone 17 512GB;Xanh Lam Khói;Yes;1100000;31490000;2026-02-01;;;https://www.thegioididong.com/dtdd/iphone-17;Skipped
MacBook Air 13 inch M4 16GB/256GB Sạc 70W;Bạc;Yes;27090000;25490000;2026-02-01;"Khuyến mãi trị giá 800.000₫

Giá và khuyến mãi dự kiến áp dụng đến 23:59 | 28/02
1

Phiếu mua hàng Chuột, Bàn phím (Apple) trị giá 500,000đ

2

Tặng Phiếu mua hàng Balo, Túi chống sốc (giá trị trên 1,000,000đ) trị giá 300,000đ

3

Tặng Phiếu mua hàng Màn hình máy tính trị giá 300.000đ";"Ưu đãi thanh toán Online (Click chọn để áp dụng)
 Giảm 250.000đ -
Xem chi tiết
Áp dụng sản phẩm từ 5.000.000đ trở lên.";https://www.thegioididong.com/laptop/macbook-air-13-inch-m4-16gb-256gb-sac-70w;Skipped
MacBook Air 13 inch M4 16GB/256GB;Xanh da trời nhạt;Yes;26490000;23990000;2026-02-01;"Khuyến mãi trị giá 800.000₫

Giá và khuyến mãi dự kiến áp dụng đến 23:59 | 28/02
1

Phiếu mua hàng Chuột, Bàn phím (Apple) trị giá 500,000đ

2

Tặng Phiếu mua hàng Balo, Túi chống sốc (giá trị trên 1,000,000đ) trị giá 300,000đ

3

Tặng Phiếu mua hàng Màn hình máy tính trị giá 300.000đ";"Ưu đãi thanh toán Online (Click chọn để áp dụng)
 Giảm 250.000đ -
Xem chi tiết
Áp dụng sản phẩm từ 5.000.000đ trở lên.";https://www.thegioididong.com/laptop/macbook-air-13-inch-m4-16gb-256gb;Skipped
MacBook Air 13 inch M4 24GB/256GB;Xanh da trời nhạt;No;31390000;30390000;2026-02-01;"Khuyến mãi trị giá 800.000₫

Giá và khuyến mãi dự kiến áp dụng đến 23:59 | 28/02
1

Phiếu mua hàng Chuột, Bàn phím (Apple) trị giá 500,000đ

2

Tặng Phiếu mua hàng Balo, Túi chống sốc (giá trị trên 1,000,000đ) trị giá 300,000đ

3

Tặng Phiếu mua hàng Màn hình máy tính trị giá 300.000đ";;https://www.thegioididong.com/laptop/macbook-air-13-inch-m4-24gb-256gb;DEBUG_OOS_MacBook Air 13 inch M4 24GB/256GB_Xanh da trời nhạt_081258.png
iPhone Air 1TB;Trắng Mây;Yes;44990000;36990000;2026-02-01;"Khuyến mãi

Giá và khuyến mãi dự kiến áp dụng đến 23:59 | 28/02
1

Tặng phiếu mua hàng Apple Watch trị giá 1,000,000đ

2

Tặng phiếu mua hàng Macbook trị giá 1,000,000đ

3

Phiếu mua hàng Airpods trị giá 500.000đ

4

Tặng PMH Phụ kiện bảo vệ iPhone 17 (đơn trên 500.000đ, trừ hãng Apple/ Beats) trị giá 100.000đ

5

Thu cũ đổi mới: Giảm đến 2,000,000đ (Không kèm ưu đãi thanh toán qua cổng, mua kèm) Xem chi tiết";"Ưu đãi thanh toán Online (Click chọn để áp dụng)
 Giảm 250.000đ -
Xem chi tiết
Áp dụng sản phẩm từ 5.000.000đ trở lên.";https://www.thegioididong.com/dtdd/iphone-air;Skipped
MacBook Air 13 inch M4 24GB/256GB;Xanh đen;No;31390000;30390000;2026-02-01;"Khuyến mãi trị giá 800.000₫

Giá và khuyến mãi dự kiến áp dụng đến 23:59 | 28/02
1

Phiếu mua hàng Chuột, Bàn phím (Apple) trị giá 500,000đ

2

Tặng Phiếu mua hàng Balo, Túi chống sốc (giá trị trên 1,000,000đ) trị giá 300,000đ

3

Tặng Phiếu mua hàng Màn hình máy tính trị giá 300.000đ";;https://www.thegioididong.com/laptop/macbook-air-13-inch-m4-24gb-256gb;DEBUG_OOS_MacBook Air 13 inch M4 24GB/256GB_Xanh đen_081301.png
iPhone 17 512GB;Xanh Lá Xô Thơm;Yes;1100000;31490000;2026-02-01;;;https://www.thegioididong.com/dtdd/iphone-17;Skipped
MacBook Air 13 inch M4 16GB/256GB;Bạc;Yes;26490000;23990000;2026-02-01;"Khuyến mãi trị giá 800.000₫

Giá và khuyến mãi dự kiến áp dụng đến 23:59 | 28/02
1

Phiếu mua hàng Chuột, Bàn phím (Apple) trị giá 500,000đ

2

Tặng Phiếu mua hàng Balo, Túi chống sốc (giá trị trên 1,000,000đ) trị giá 300,000đ

3

Tặng Phiếu mua hàng Màn hình máy tính trị giá 300.000đ";"Ưu đãi thanh toán Online (Click chọn để áp dụng)
 Giảm 250.000đ -
Xem chi tiết
Áp dụng sản phẩm từ 5.000.000đ trở lên.";https://www.thegioididong.com/laptop/macbook-air-13-inch-m4-16gb-256gb;Skipped
iPhone Air 1TB;Xanh da trời;No;44990000;36990000;2026-02-01;"Khuyến mãi

Giá và khuyến mãi dự kiến áp dụng đến 23:59 | 28/02
1

Tặng phiếu mua hàng Apple Watch trị giá 1,000,000đ

2

Tặng phiếu mua hàng Macbook trị giá 1,000,000đ

3

Phiếu mua hàng Airpods trị giá 500.000đ

4

Tặng PMH Phụ kiện bảo vệ iPhone 17 (đơn trên 500.000đ, trừ hãng Apple/ Beats) trị giá 100.000đ

5

Thu cũ đổi mới: Giảm đến 2,000,000đ (Không kèm ưu đãi thanh toán qua cổng, mua kèm) Xem chi tiết";;https://www.thegioididong.com/dtdd/iphone-air;DEBUG_OOS_iPhone Air 1TB_Xanh da trời_081304.png
MacBook Air 13 inch M4 24GB/256GB;Vàng;No;31390000;30390000;2026-02-01;"Khuyến mãi trị giá 800.000₫

Giá và khuyến mãi dự kiến áp dụng đến 23:59 | 28/02
1

Phiếu mua hàng Chuột, Bàn phím (Apple) trị giá 500,000đ

2

Tặng Phiếu mua hàng Balo, Túi chống sốc (giá trị trên 1,000,000đ) trị giá 300,000đ

3

Tặng Phiếu mua hàng Màn hình máy tính trị giá 300.000đ";;https://www.thegioididong.com/laptop/macbook-air-13-inch-m4-24gb-256gb;DEBUG_OOS_MacBook Air 13 inch M4 24GB/256GB_Vàng_081304.png
MacBook Air 13 inch M4 16GB/256GB Sạc 70W;Xanh da trời nhạt;Yes;27090000;25490000;2026-02-01;"Khuyến mãi trị giá 800.000₫

Giá và khuyến mãi dự kiến áp dụng đến 23:59 | 28/02
1

Phiếu mua hàng Chuột, Bàn phím (Apple) trị giá 500,000đ

2

Tặng Phiếu mua hàng Balo, Túi chống sốc (giá trị trên 1,000,000đ) trị giá 300,000đ

3

Tặng Phiếu mua hàng Màn hình máy tính trị giá 300.000đ";"Ưu đãi thanh toán Online (Click chọn để áp dụng)
 Giảm 250.000đ -
Xem chi tiết
Áp dụng sản phẩm từ 5.000.000đ trở lên.";https://www.thegioididong.com/laptop/macbook-air-13-inch-m4-16gb-256gb-sac-70w;Skipped
iPhone Air 1TB;Đen Không Gian;No;44990000;36990000;2026-02-01;"Khuyến mãi

Giá và khuyến mãi dự kiến áp dụng đến 23:59 | 28/02
1

Tặng phiếu mua hàng Apple Watch trị giá 1,000,000đ

2

Tặng phiếu mua hàng Macbook trị giá 1,000,000đ

3

Phiếu mua hàng Airpods trị giá 500.000đ

4

Tặng PMH Phụ kiện bảo vệ iPhone 17 (đơn trên 500.000đ, trừ hãng Apple/ Beats) trị giá 100.000đ

5

Thu cũ đổi mới: Giảm đến 2,000,000đ (Không kèm ưu đãi thanh toán qua cổng, mua kèm) Xem chi tiết";;https://www.thegioididong.com/dtdd/iphone-air;DEBUG_OOS_iPhone Air 1TB_Đen Không Gian_081307.png
MacBook Air 13 inch M4 24GB/256GB;Bạc;No;31390000;30390000;2026-02-01;"Khuyến mãi trị giá 800.000₫

Giá và khuyến mãi dự kiến áp dụng đến 23:59 | 28/02
1

Phiếu mua hàng Chuột, Bàn phím (Apple) trị giá 500,000đ

2

Tặng Phiếu mua hàng Balo, Túi chống sốc (giá trị trên 1,000,000đ) trị giá 300,000đ

3

Tặng Phiếu mua hàng Màn hình máy tính trị giá 300.000đ";;https://www.thegioididong.com/laptop/macbook-air-13-inch-m4-24gb-256gb;DEBUG_OOS_MacBook Air 13 inch M4 24GB/256GB_Bạc_081308.png
iPhone 17 512GB;Đen;Yes;1100000;31490000;2026-02-01;;;https://www.thegioididong.com/dtdd/iphone-17;Skipped
MacBook Air 13 inch M4 32GB/256GB;Bạc;No;36290000;34490000;2026-02-01;"Khuyến mãi trị giá 800.000₫

Giá và khuyến mãi dự kiến áp dụng đến 23:59 | 28/02
1

Phiếu mua hàng Chuột, Bàn phím (Apple) trị giá 500,000đ

2

Tặng Phiếu mua hàng Balo, Túi chống sốc (giá trị trên 1,000,000đ) trị giá 300,000đ

3

Tặng Phiếu mua hàng Màn hình máy tính trị giá 300.000đ";;https://www.thegioididong.com/laptop/macbook-air-13-inch-m4-32gb-256gb;DEBUG_OOS_MacBook Air 13 inch M4 32GB/256GB_Bạc_081310.png
MacBook Air 13 inch M4 16GB/256GB Sạc 70W;Xanh đen;Yes;27090000;25490000;2026-02-01;"Khuyến mãi trị giá 800.000₫

Giá và khuyến mãi dự kiến áp dụng đến 23:59 | 28/02
1

Phiếu mua hàng Chuột, Bàn phím (Apple) trị giá 500,000đ

2

Tặng Phiếu mua hàng Balo, Túi chống sốc (giá trị trên 1,000,000đ) trị giá 300,000đ

3

Tặng Phiếu mua hàng Màn hình máy tính trị giá 300.000đ";"Ưu đãi thanh toán Online (Click chọn để áp dụng)
 Giảm 250.000đ -
Xem chi tiết
Áp dụng sản phẩm từ 5.000.000đ trở lên.";https://www.thegioididong.com/laptop/macbook-air-13-inch-m4-16gb-256gb-sac-70w;Skipped
MacBook Air 13 inch M4 24GB/256GB;Xanh da trời nhạt;No;31390000;30390000;2026-02-01;"Khuyến mãi trị giá 800.000₫

Giá và khuyến mãi dự kiến áp dụng đến 23:59 | 28/02
1

Phiếu mua hàng Chuột, Bàn phím (Apple) trị giá 500,000đ

2

Tặng Phiếu mua hàng Balo, Túi chống sốc (giá trị trên 1,000,000đ) trị giá 300,000đ

3

Tặng Phiếu mua hàng Màn hình máy tính trị giá 300.000đ";;https://www.thegioididong.com/laptop/macbook-air-13-inch-m4-24gb-256gb;DEBUG_OOS_MacBook Air 13 inch M4 24GB/256GB_Xanh da trời nhạt_081313.png
iPhone Air 1TB;Vàng Nhạt;Yes;44990000;36990000;2026-02-01;"Khuyến mãi

Giá và khuyến mãi dự kiến áp dụng đến 23:59 | 28/02
1

Tặng phiếu mua hàng Apple Watch trị giá 1,000,000đ

2

Tặng phiếu mua hàng Macbook trị giá 1,000,000đ

3

Phiếu mua hàng Airpods trị giá 500.000đ

4

Tặng PMH Phụ kiện bảo vệ iPhone 17 (đơn trên 500.000đ, trừ hãng Apple/ Beats) trị giá 100.000đ

5

Thu cũ đổi mới: Giảm đến 2,000,000đ (Không kèm ưu đãi thanh toán qua cổng, mua kèm) Xem chi tiết";"Ưu đãi thanh toán Online (Click chọn để áp dụng)
 Giảm 250.000đ -
Xem chi tiết
Áp dụng sản phẩm từ 5.000.000đ trở lên.";https://www.thegioididong.com/dtdd/iphone-air;Skipped
MacBook Air 13 inch M4 32GB/256GB;Xanh đen;No;36290000;34490000;2026-02-01;"Khuyến mãi trị giá 800.000₫

Giá và khuyến mãi dự kiến áp dụng đến 23:59 | 28/02
1

Phiếu mua hàng Chuột, Bàn phím (Apple) trị giá 500,000đ

2

Tặng Phiếu mua hàng Balo, Túi chống sốc (giá trị trên 1,000,000đ) trị giá 300,000đ

3

Tặng Phiếu mua hàng Màn hình máy tính trị giá 300.000đ";;https://www.thegioididong.com/laptop/macbook-air-13-inch-m4-32gb-256gb;DEBUG_OOS_MacBook Air 13 inch M4 32GB/256GB_Xanh đen_081314.png
iPhone 17 512GB;Trắng;Yes;1100000;31490000;2026-02-01;;;https://www.thegioididong.com/dtdd/iphone-17;Skipped
MacBook Air 13 inch M4 24GB/256GB;Xanh đen;No;31390000;30390000;2026-02-01;"Khuyến mãi trị giá 800.000₫

Giá và khuyến mãi dự kiến áp dụng đến 23:59 | 28/02
1

Phiếu mua hàng Chuột, Bàn phím (Apple) trị giá 500,000đ

2

Tặng Phiếu mua hàng Balo, Túi chống sốc (giá trị trên 1,000,000đ) trị giá 300,000đ

3

Tặng Phiếu mua hàng Màn hình máy tính trị giá 300.000đ";;https://www.thegioididong.com/laptop/macbook-air-13-inch-m4-24gb-256gb;DEBUG_OOS_MacBook Air 13 inch M4 24GB/256GB_Xanh đen_081316.png
MacBook Air 13 inch M4 16GB/256GB Sạc 70W;Vàng;Yes;27090000;25490000;2026-02-01;"Khuyến mãi trị giá 800.000₫

Giá và khuyến mãi dự kiến áp dụng đến 23:59 | 28/02
1

Phiếu mua hàng Chuột, Bàn phím (Apple) trị giá 500,000đ

2

Tặng Phiếu mua hàng Balo, Túi chống sốc (giá trị trên 1,000,000đ) trị giá 300,000đ

3

Tặng Phiếu mua hàng Màn hình máy tính trị giá 300.000đ";"Ưu đãi thanh toán Online (Click chọn để áp dụng)
 Giảm 250.000đ -
Xem chi tiết
Áp dụng sản phẩm từ 5.000.000đ trở lên.";https://www.thegioididong.com/laptop/macbook-air-13-inch-m4-16gb-256gb-sac-70w;Skipped
MacBook Air 13 inch M4 32GB/256GB;Vàng;No;36290000;34490000;2026-02-01;"Khuyến mãi trị giá 800.000₫

Giá và khuyến mãi dự kiến áp dụng đến 23:59 | 28/02
1

Phiếu mua hàng Chuột, Bàn phím (Apple) trị giá 500,000đ

2

Tặng Phiếu mua hàng Balo, Túi chống sốc (giá trị trên 1,000,000đ) trị giá 300,000đ

3

Tặng Phiếu mua hàng Màn hình máy tính trị giá 300.000đ";;https://www.thegioididong.com/laptop/macbook-air-13-inch-m4-32gb-256gb;DEBUG_OOS_MacBook Air 13 inch M4 32GB/256GB_Vàng_081318.png
MacBook Air 13 inch M4 24GB/256GB;Vàng;No;31390000;30390000;2026-02-01;"Khuyến mãi trị giá 800.000₫

Giá và khuyến mãi dự kiến áp dụng đến 23:59 | 28/02
1

Phiếu mua hàng Chuột, Bàn phím (Apple) trị giá 500,000đ

2

Tặng Phiếu mua hàng Balo, Túi chống sốc (giá trị trên 1,000,000đ) trị giá 300,000đ

3

Tặng Phiếu mua hàng Màn hình máy tính trị giá 300.000đ";;https://www.thegioididong.com/laptop/macbook-air-13-inch-m4-24gb-256gb;DEBUG_OOS_MacBook Air 13 inch M4 24GB/256GB_Vàng_081320.png
iPhone Air 1TB;Trắng Mây;Yes;44990000;36990000;2026-02-01;"Khuyến mãi

Giá và khuyến mãi dự kiến áp dụng đến 23:59 | 28/02
1

Tặng phiếu mua hàng Apple Watch trị giá 1,000,000đ

2

Tặng phiếu mua hàng Macbook trị giá 1,000,000đ

3

Phiếu mua hàng Airpods trị giá 500.000đ

4

Tặng PMH Phụ kiện bảo vệ iPhone 17 (đơn trên 500.000đ, trừ hãng Apple/ Beats) trị giá 100.000đ

5

Thu cũ đổi mới: Giảm đến 2,000,000đ (Không kèm ưu đãi thanh toán qua cổng, mua kèm) Xem chi tiết";"Ưu đãi thanh toán Online (Click chọn để áp dụng)
 Giảm 250.000đ -
Xem chi tiết
Áp dụng sản phẩm từ 5.000.000đ trở lên.";https://www.thegioididong.com/dtdd/iphone-air;Skipped
MacBook Air 13 inch M4 32GB/256GB;Xanh da trời nhạt;No;36290000;33990000;2026-02-01;"Khuyến mãi trị giá 800.000₫

Giá và khuyến mãi dự kiến áp dụng đến 23:59 | 28/02
1

Phiếu mua hàng Chuột, Bàn phím (Apple) trị giá 500,000đ

2

Tặng Phiếu mua hàng Balo, Túi chống sốc (giá trị trên 1,000,000đ) trị giá 300,000đ

3

Tặng Phiếu mua hàng Màn hình máy tính trị giá 300.000đ";;https://www.thegioididong.com/laptop/macbook-air-13-inch-m4-32gb-256gb;DEBUG_OOS_MacBook Air 13 inch M4 32GB/256GB_Xanh da trời nhạt_081322.png
MacBook Air 13 inch M4 24GB/256GB;Bạc;No;31390000;30390000;2026-02-01;"Khuyến mãi trị giá 800.000₫

Giá và khuyến mãi dự kiến áp dụng đến 23:59 | 28/02
1

Phiếu mua hàng Chuột, Bàn phím (Apple) trị giá 500,000đ

2

Tặng Phiếu mua hàng Balo, Túi chống sốc (giá trị trên 1,000,000đ) trị giá 300,000đ

3

Tặng Phiếu mua hàng Màn hình máy tính trị giá 300.000đ";;https://www.thegioididong.com/laptop/macbook-air-13-inch-m4-24gb-256gb;DEBUG_OOS_MacBook Air 13 inch M4 24GB/256GB_Bạc_081323.png
MacBook Air 13 inch M4 16GB/256GB Sạc 70W;Bạc;Yes;27090000;25490000;2026-02-01;"Khuyến mãi trị giá 800.000₫

Giá và khuyến mãi dự kiến áp dụng đến 23:59 | 28/02
1

Phiếu mua hàng Chuột, Bàn phím (Apple) trị giá 500,000đ

2

Tặng Phiếu mua hàng Balo, Túi chống sốc (giá trị trên 1,000,000đ) trị giá 300,000đ

3

Tặng Phiếu mua hàng Màn hình máy tính trị giá 300.000đ";"Ưu đãi thanh toán Online (Click chọn để áp dụng)
 Giảm 250.000đ -
Xem chi tiết
Áp dụng sản phẩm từ 5.000.000đ trở lên.";https://www.thegioididong.com/laptop/macbook-air-13-inch-m4-16gb-256gb-sac-70w;Skipped
MacBook Air 15 inch M4 16GB/256GB;16GB - 256 GB;Yes;31390000;28990000;2026-02-01;"Khuyến mãi trị giá 800.000₫

Giá và khuyến mãi dự kiến áp dụng đến 23:59 | 28/02
1

Phiếu mua hàng Chuột, Bàn phím (Apple) trị giá 500,000đ

2

Tặng Phiếu mua hàng Balo, Túi chống sốc (giá trị trên 1,000,000đ) trị giá 300,000đ

3

Tặng Phiếu mua hàng Màn hình máy tính trị giá 300.000đ";"Ưu đãi thanh toán Online (Click chọn để áp dụng)
 Giảm 250.000đ -
Xem chi tiết
Áp dụng sản phẩm từ 5.000.000đ trở lên.";https://www.thegioididong.com/laptop/macbook-air-15-inch-m4-16gb-256gb;Skipped
iPhone Air 1TB;Xanh da trời;No;44990000;36990000;2026-02-01;"Khuyến mãi

Giá và khuyến mãi dự kiến áp dụng đến 23:59 | 28/02
1

Tặng phiếu mua hàng Apple Watch trị giá 1,000,000đ

2

Tặng phiếu mua hàng Macbook trị giá 1,000,000đ

3

Phiếu mua hàng Airpods trị giá 500.000đ

4

Tặng PMH Phụ kiện bảo vệ iPhone 17 (đơn trên 500.000đ, trừ hãng Apple/ Beats) trị giá 100.000đ

5

Thu cũ đổi mới: Giảm đến 2,000,000đ (Không kèm ưu đãi thanh toán qua cổng, mua kèm) Xem chi tiết";;https://www.thegioididong.com/dtdd/iphone-air;DEBUG_OOS_iPhone Air 1TB_Xanh da trời_081326.png
MacBook Air 13 inch M4 32GB/256GB;Bạc;No;36290000;34490000;2026-02-01;"Khuyến mãi trị giá 800.000₫

Giá và khuyến mãi dự kiến áp dụng đến 23:59 | 28/02
1

Phiếu mua hàng Chuột, Bàn phím (Apple) trị giá 500,000đ

2

Tặng Phiếu mua hàng Balo, Túi chống sốc (giá trị trên 1,000,000đ) trị giá 300,000đ

3

Tặng Phiếu mua hàng Màn hình máy tính trị giá 300.000đ";;https://www.thegioididong.com/laptop/macbook-air-13-inch-m4-32gb-256gb;DEBUG_OOS_MacBook Air 13 inch M4 32GB/256GB_Bạc_081327.png
MacBook Air 13 inch M4 24GB/256GB;Xanh da trời nhạt;No;31390000;30390000;2026-02-01;"Khuyến mãi trị giá 800.000₫

Giá và khuyến mãi dự kiến áp dụng đến 23:59 | 28/02
1

Phiếu mua hàng Chuột, Bàn phím (Apple) trị giá 500,000đ

2

Tặng Phiếu mua hàng Balo, Túi chống sốc (giá trị trên 1,000,000đ) trị giá 300,000đ

3

Tặng Phiếu mua hàng Màn hình máy tính trị giá 300.000đ";;https://www.thegioididong.com/laptop/macbook-air-13-inch-m4-24gb-256gb;DEBUG_OOS_MacBook Air 13 inch M4 24GB/256GB_Xanh da trời nhạt_081329.png
iPhone Air 1TB;Đen Không Gian;No;44990000;36990000;2026-02-01;"Khuyến mãi

Giá và khuyến mãi dự kiến áp dụng đến 23:59 | 28/02
1

Tặng phiếu mua hàng Apple Watch trị giá 1,000,000đ

2

Tặng phiếu mua hàng Macbook trị giá 1,000,000đ

3

Phiếu mua hàng Airpods trị giá 500.000đ

4

Tặng PMH Phụ kiện bảo vệ iPhone 17 (đơn trên 500.000đ, trừ hãng Apple/ Beats) trị giá 100.000đ

5

Thu cũ đổi mới: Giảm đến 2,000,000đ (Không kèm ưu đãi thanh toán qua cổng, mua kèm) Xem chi tiết";;https://www.thegioididong.com/dtdd/iphone-air;DEBUG_OOS_iPhone Air 1TB_Đen Không Gian_081329.png
MacBook Air 15 inch M4 24GB/512GB;Vàng;No;41190000;38490000;2026-02-01;"Khuyến mãi trị giá 800.000₫

Giá và khuyến mãi dự kiến áp dụng đến 23:59 | 28/02
1

Phiếu mua hàng Chuột, Bàn phím (Apple) trị giá 500,000đ

2

Tặng Phiếu mua hàng Balo, Túi chống sốc (giá trị trên 1,000,000đ) trị giá 300,000đ

3

Tặng Phiếu mua hàng Màn hình máy tính trị giá 300.000đ";;https://www.thegioididong.com/laptop/macbook-air-15-inch-m4-24gb-512gb;DEBUG_OOS_MacBook Air 15 inch M4 24GB/512GB_Vàng_081330.png
MacBook Air 13 inch M4 32GB/256GB;Xanh đen;No;36290000;34490000;2026-02-01;"Khuyến mãi trị giá 800.000₫

Giá và khuyến mãi dự kiến áp dụng đến 23:59 | 28/02
1

Phiếu mua hàng Chuột, Bàn phím (Apple) trị giá 500,000đ

2

Tặng Phiếu mua hàng Balo, Túi chống sốc (giá trị trên 1,000,000đ) trị giá 300,000đ

3

Tặng Phiếu mua hàng Màn hình máy tính trị giá 300.000đ";;https://www.thegioididong.com/laptop/macbook-air-13-inch-m4-32gb-256gb;DEBUG_OOS_MacBook Air 13 inch M4 32GB/256GB_Xanh đen_081331.png
MacBook Air 15 inch M4 16GB/1TB;16GB - 1 TB;Yes;41190000;39690000;2026-02-01;"Khuyến mãi trị giá 800.000₫

Giá và khuyến mãi dự kiến áp dụng đến 23:59 | 28/02
1

Phiếu mua hàng Chuột, Bàn phím (Apple) trị giá 500,000đ

2

Tặng Phiếu mua hàng Balo, Túi chống sốc (giá trị trên 1,000,000đ) trị giá 300,000đ

3

Tặng Phiếu mua hàng Màn hình máy tính trị giá 300.000đ";"Ưu đãi thanh toán Online (Click chọn để áp dụng)
 Giảm 250.000đ -
Xem chi tiết
Áp dụng sản phẩm từ 5.000.000đ trở lên.";https://www.thegioididong.com/laptop/macbook-air-15-inch-m4-16gb-256gb;Skipped
MacBook Air 13 inch M4 24GB/256GB;Xanh đen;No;31390000;30390000;2026-02-01;"Khuyến mãi trị giá 800.000₫

Giá và khuyến mãi dự kiến áp dụng đến 23:59 | 28/02
1

Phiếu mua hàng Chuột, Bàn phím (Apple) trị giá 500,000đ

2

Tặng Phiếu mua hàng Balo, Túi chống sốc (giá trị trên 1,000,000đ) trị giá 300,000đ

3

Tặng Phiếu mua hàng Màn hình máy tính trị giá 300.000đ";;https://www.thegioididong.com/laptop/macbook-air-13-inch-m4-24gb-256gb;DEBUG_OOS_MacBook Air 13 inch M4 24GB/256GB_Xanh đen_081332.png
MacBook Air 13 inch M4 32GB/256GB;Vàng;No;36290000;34490000;2026-02-01;"Khuyến mãi trị giá 800.000₫

Giá và khuyến mãi dự kiến áp dụng đến 23:59 | 28/02
1

Phiếu mua hàng Chuột, Bàn phím (Apple) trị giá 500,000đ

2

Tặng Phiếu mua hàng Balo, Túi chống sốc (giá trị trên 1,000,000đ) trị giá 300,000đ

3

Tặng Phiếu mua hàng Màn hình máy tính trị giá 300.000đ";;https://www.thegioididong.com/laptop/macbook-air-13-inch-m4-32gb-256gb;DEBUG_OOS_MacBook Air 13 inch M4 32GB/256GB_Vàng_081334.png
MacBook Air 15 inch M4 24GB/512GB;Xanh đen;No;41190000;38490000;2026-02-01;"Khuyến mãi trị giá 800.000₫

Giá và khuyến mãi dự kiến áp dụng đến 23:59 | 28/02
1

Phiếu mua hàng Chuột, Bàn phím (Apple) trị giá 500,000đ

2

Tặng Phiếu mua hàng Balo, Túi chống sốc (giá trị trên 1,000,000đ) trị giá 300,000đ

3

Tặng Phiếu mua hàng Màn hình máy tính trị giá 300.000đ";;https://www.thegioididong.com/laptop/macbook-air-15-inch-m4-24gb-512gb;DEBUG_OOS_MacBook Air 15 inch M4 24GB/512GB_Xanh đen_081334.png
MacBook Air 15 inch M4 16GB/1TB;Xanh đen;No;41190000;39690000;2026-02-01;"Khuyến mãi trị giá 800.000₫

Giá và khuyến mãi dự kiến áp dụng đến 23:59 | 28/02
1

Phiếu mua hàng Chuột, Bàn phím (Apple) trị giá 500,000đ

2

Tặng Phiếu mua hàng Balo, Túi chống sốc (giá trị trên 1,000,000đ) trị giá 300,000đ

3

Tặng Phiếu mua hàng Màn hình máy tính trị giá 300.000đ";;https://www.thegioididong.com/laptop/macbook-air-15-inch-m4-16gb-256gb;DEBUG_OOS_MacBook Air 15 inch M4 16GB/1TB_Xanh đen_081335.png
MacBook Air 13 inch M4 24GB/256GB;Vàng;No;31390000;30390000;2026-02-01;"Khuyến mãi trị giá 800.000₫

Giá và khuyến mãi dự kiến áp dụng đến 23:59 | 28/02
1

Phiếu mua hàng Chuột, Bàn phím (Apple) trị giá 500,000đ

2

Tặng Phiếu mua hàng Balo, Túi chống sốc (giá trị trên 1,000,000đ) trị giá 300,000đ

3

Tặng Phiếu mua hàng Màn hình máy tính trị giá 300.000đ";;https://www.thegioididong.com/laptop/macbook-air-13-inch-m4-24gb-256gb;DEBUG_OOS_MacBook Air 13 inch M4 24GB/256GB_Vàng_081335.png
iPhone Air 1TB;Vàng Nhạt;Yes;44990000;36990000;2026-02-01;"Khuyến mãi

Giá và khuyến mãi dự kiến áp dụng đến 23:59 | 28/02
1

Tặng phiếu mua hàng Apple Watch trị giá 1,000,000đ

2

Tặng phiếu mua hàng Macbook trị giá 1,000,000đ

3

Phiếu mua hàng Airpods trị giá 500.000đ

4

Tặng PMH Phụ kiện bảo vệ iPhone 17 (đơn trên 500.000đ, trừ hãng Apple/ Beats) trị giá 100.000đ

5

Thu cũ đổi mới: Giảm đến 2,000,000đ (Không kèm ưu đãi thanh toán qua cổng, mua kèm) Xem chi tiết";"Ưu đãi thanh toán Online (Click chọn để áp dụng)
 Giảm 250.000đ -
Xem chi tiết
Áp dụng sản phẩm từ 5.000.000đ trở lên.";https://www.thegioididong.com/dtdd/iphone-air;Skipped
MacBook Air 13 inch M4 32GB/256GB;Xanh da trời nhạt;No;36290000;33990000;2026-02-01;"Khuyến mãi trị giá 800.000₫

Giá và khuyến mãi dự kiến áp dụng đến 23:59 | 28/02
1

Phiếu mua hàng Chuột, Bàn phím (Apple) trị giá 500,000đ

2

Tặng Phiếu mua hàng Balo, Túi chống sốc (giá trị trên 1,000,000đ) trị giá 300,000đ

3

Tặng Phiếu mua hàng Màn hình máy tính trị giá 300.000đ";;https://www.thegioididong.com/laptop/macbook-air-13-inch-m4-32gb-256gb;DEBUG_OOS_MacBook Air 13 inch M4 32GB/256GB_Xanh da trời nhạt_081337.png
MacBook Air 15 inch M4 24GB/512GB;Bạc;No;41190000;38490000;2026-02-01;"Khuyến mãi trị giá 800.000₫

Giá và khuyến mãi dự kiến áp dụng đến 23:59 | 28/02
1

Phiếu mua hàng Chuột, Bàn phím (Apple) trị giá 500,000đ

2

Tặng Phiếu mua hàng Balo, Túi chống sốc (giá trị trên 1,000,000đ) trị giá 300,000đ

3

Tặng Phiếu mua hàng Màn hình máy tính trị giá 300.000đ";;https://www.thegioididong.com/laptop/macbook-air-15-inch-m4-24gb-512gb;DEBUG_OOS_MacBook Air 15 inch M4 24GB/512GB_Bạc_081338.png
MacBook Air 13 inch M4 24GB/256GB;Bạc;No;31390000;30390000;2026-02-01;"Khuyến mãi trị giá 800.000₫

Giá và khuyến mãi dự kiến áp dụng đến 23:59 | 28/02
1

Phiếu mua hàng Chuột, Bàn phím (Apple) trị giá 500,000đ

2

Tặng Phiếu mua hàng Balo, Túi chống sốc (giá trị trên 1,000,000đ) trị giá 300,000đ

3

Tặng Phiếu mua hàng Màn hình máy tính trị giá 300.000đ";;https://www.thegioididong.com/laptop/macbook-air-13-inch-m4-24gb-256gb;DEBUG_OOS_MacBook Air 13 inch M4 24GB/256GB_Bạc_081339.png
MacBook Air 15 inch M4 16GB/1TB;Vàng;No;41190000;39690000;2026-02-01;"Khuyến mãi trị giá 800.000₫

Giá và khuyến mãi dự kiến áp dụng đến 23:59 | 28/02
1

Phiếu mua hàng Chuột, Bàn phím (Apple) trị giá 500,000đ

2

Tặng Phiếu mua hàng Balo, Túi chống sốc (giá trị trên 1,000,000đ) trị giá 300,000đ

3

Tặng Phiếu mua hàng Màn hình máy tính trị giá 300.000đ";;https://www.thegioididong.com/laptop/macbook-air-15-inch-m4-16gb-256gb;DEBUG_OOS_MacBook Air 15 inch M4 16GB/1TB_Vàng_081339.png
iPhone Air 1TB;Trắng Mây;Yes;44990000;36990000;2026-02-01;"Khuyến mãi

Giá và khuyến mãi dự kiến áp dụng đến 23:59 | 28/02
1

Tặng phiếu mua hàng Apple Watch trị giá 1,000,000đ

2

Tặng phiếu mua hàng Macbook trị giá 1,000,000đ

3

Phiếu mua hàng Airpods trị giá 500.000đ

4

Tặng PMH Phụ kiện bảo vệ iPhone 17 (đơn trên 500.000đ, trừ hãng Apple/ Beats) trị giá 100.000đ

5

Thu cũ đổi mới: Giảm đến 2,000,000đ (Không kèm ưu đãi thanh toán qua cổng, mua kèm) Xem chi tiết";"Ưu đãi thanh toán Online (Click chọn để áp dụng)
 Giảm 250.000đ -
Xem chi tiết
Áp dụng sản phẩm từ 5.000.000đ trở lên.";https://www.thegioididong.com/dtdd/iphone-air;Skipped
MacBook Air 15 inch M4 24GB/512GB;Xanh da trời nhạt;No;41190000;38490000;2026-02-01;"Khuyến mãi trị giá 800.000₫

Giá và khuyến mãi dự kiến áp dụng đến 23:59 | 28/02
1

Phiếu mua hàng Chuột, Bàn phím (Apple) trị giá 500,000đ

2

Tặng Phiếu mua hàng Balo, Túi chống sốc (giá trị trên 1,000,000đ) trị giá 300,000đ

3

Tặng Phiếu mua hàng Màn hình máy tính trị giá 300.000đ";;https://www.thegioididong.com/laptop/macbook-air-15-inch-m4-24gb-512gb;DEBUG_OOS_MacBook Air 15 inch M4 24GB/512GB_Xanh da trời nhạt_081342.png
MacBook Air 13 inch M4 32GB/256GB;Bạc;No;36290000;34490000;2026-02-01;"Khuyến mãi trị giá 800.000₫

Giá và khuyến mãi dự kiến áp dụng đến 23:59 | 28/02
1

Phiếu mua hàng Chuột, Bàn phím (Apple) trị giá 500,000đ

2

Tặng Phiếu mua hàng Balo, Túi chống sốc (giá trị trên 1,000,000đ) trị giá 300,000đ

3

Tặng Phiếu mua hàng Màn hình máy tính trị giá 300.000đ";;https://www.thegioididong.com/laptop/macbook-air-13-inch-m4-32gb-256gb;DEBUG_OOS_MacBook Air 13 inch M4 32GB/256GB_Bạc_081343.png
MacBook Air 15 inch M4 16GB/1TB;Xanh da trời nhạt;No;41190000;39690000;2026-02-01;"Khuyến mãi trị giá 800.000₫

Giá và khuyến mãi dự kiến áp dụng đến 23:59 | 28/02
1

Phiếu mua hàng Chuột, Bàn phím (Apple) trị giá 500,000đ

2

Tặng Phiếu mua hàng Balo, Túi chống sốc (giá trị trên 1,000,000đ) trị giá 300,000đ

3

Tặng Phiếu mua hàng Màn hình máy tính trị giá 300.000đ";;https://www.thegioididong.com/laptop/macbook-air-15-inch-m4-16gb-256gb;DEBUG_OOS_MacBook Air 15 inch M4 16GB/1TB_Xanh da trời nhạt_081343.png
MacBook Air 13 inch M4 32GB/256GB;Xanh đen;No;36290000;34490000;2026-02-01;"Khuyến mãi trị giá 800.000₫

Giá và khuyến mãi dự kiến áp dụng đến 23:59 | 28/02
1

Phiếu mua hàng Chuột, Bàn phím (Apple) trị giá 500,000đ

2

Tặng Phiếu mua hàng Balo, Túi chống sốc (giá trị trên 1,000,000đ) trị giá 300,000đ

3

Tặng Phiếu mua hàng Màn hình máy tính trị giá 300.000đ";;https://www.thegioididong.com/laptop/macbook-air-13-inch-m4-32gb-256gb;DEBUG_OOS_MacBook Air 13 inch M4 32GB/256GB_Xanh đen_081346.png
MacBook Pro 14 inch M4 Pro 24GB/512GB;Đen;No;51990000;49990000;2026-02-01;"Khuyến mãi trị giá 800.000₫

Giá và khuyến mãi dự kiến áp dụng đến 23:59 | 28/02
1

Phiếu mua hàng Chuột, Bàn phím (Apple) trị giá 500,000đ

2

Tặng Phiếu mua hàng Balo, Túi chống sốc (giá trị trên 1,000,000đ) trị giá 300,000đ

3

Tặng Phiếu mua hàng Màn hình máy tính trị giá 300.000đ";;https://www.thegioididong.com/laptop/macbook-pro-14-inch-m4-pro-24gb-512gb;DEBUG_OOS_MacBook Pro 14 inch M4 Pro 24GB/512GB_Đen_081346.png
MacBook Air 15 inch M4 24GB/512GB;Vàng;No;41190000;38490000;2026-02-01;"Khuyến mãi trị giá 800.000₫

Giá và khuyến mãi dự kiến áp dụng đến 23:59 | 28/02
1

Phiếu mua hàng Chuột, Bàn phím (Apple) trị giá 500,000đ

2

Tặng Phiếu mua hàng Balo, Túi chống sốc (giá trị trên 1,000,000đ) trị giá 300,000đ

3

Tặng Phiếu mua hàng Màn hình máy tính trị giá 300.000đ";;https://www.thegioididong.com/laptop/macbook-air-15-inch-m4-24gb-512gb;DEBUG_OOS_MacBook Air 15 inch M4 24GB/512GB_Vàng_081347.png
MacBook Air 15 inch M4 16GB/1TB;Bạc;Yes;41190000;39690000;2026-02-01;"Khuyến mãi trị giá 800.000₫

Giá và khuyến mãi dự kiến áp dụng đến 23:59 | 28/02
1

Phiếu mua hàng Chuột, Bàn phím (Apple) trị giá 500,000đ

2

Tặng Phiếu mua hàng Balo, Túi chống sốc (giá trị trên 1,000,000đ) trị giá 300,000đ

3

Tặng Phiếu mua hàng Màn hình máy tính trị giá 300.000đ";"Ưu đãi thanh toán Online (Click chọn để áp dụng)
 Giảm 250.000đ -
Xem chi tiết
Áp dụng sản phẩm từ 5.000.000đ trở lên.";https://www.thegioididong.com/laptop/macbook-air-15-inch-m4-16gb-256gb;Skipped
MacBook Air 13 inch M4 32GB/256GB;Vàng;No;36290000;34490000;2026-02-01;"Khuyến mãi trị giá 800.000₫

Giá và khuyến mãi dự kiến áp dụng đến 23:59 | 28/02
1

Phiếu mua hàng Chuột, Bàn phím (Apple) trị giá 500,000đ

2

Tặng Phiếu mua hàng Balo, Túi chống sốc (giá trị trên 1,000,000đ) trị giá 300,000đ

3

Tặng Phiếu mua hàng Màn hình máy tính trị giá 300.000đ";;https://www.thegioididong.com/laptop/macbook-air-13-inch-m4-32gb-256gb;DEBUG_OOS_MacBook Air 13 inch M4 32GB/256GB_Vàng_081350.png
MacBook Pro 14 inch M4 Pro 24GB/512GB;Bạc;No;51990000;49990000;2026-02-01;"Khuyến mãi trị giá 800.000₫

Giá và khuyến mãi dự kiến áp dụng đến 23:59 | 28/02
1

Phiếu mua hàng Chuột, Bàn phím (Apple) trị giá 500,000đ

2

Tặng Phiếu mua hàng Balo, Túi chống sốc (giá trị trên 1,000,000đ) trị giá 300,000đ

3

Tặng Phiếu mua hàng Màn hình máy tính trị giá 300.000đ";;https://www.thegioididong.com/laptop/macbook-pro-14-inch-m4-pro-24gb-512gb;DEBUG_OOS_MacBook Pro 14 inch M4 Pro 24GB/512GB_Bạc_081350.png
MacBook Pro 14 inch M5 16GB/512GB;Đen;Yes;1590000;41990000;2026-02-01;"Khuyến mãi trị giá 800.000₫

Giá và khuyến mãi dự kiến áp dụng đến 23:59 | 28/02
1

Phiếu mua hàng Chuột, Bàn phím (Apple) trị giá 500,000đ

2

Tặng Phiếu mua hàng Balo, Túi chống sốc (giá trị trên 1,000,000đ) trị giá 300,000đ

3

Tặng Phiếu mua hàng Màn hình máy tính trị giá 300.000đ";"Ưu đãi thanh toán Online (Click chọn để áp dụng)
 Giảm 250.000đ -
Xem chi tiết
Áp dụng sản phẩm từ 5.000.000đ trở lên.";https://www.thegioididong.com/laptop/macbook-pro-14-inch-m5-16gb-512gb;Skipped
MacBook Air 15 inch M4 24GB/512GB;Xanh đen;No;41190000;38490000;2026-02-01;"Khuyến mãi trị giá 800.000₫

Giá và khuyến mãi dự kiến áp dụng đến 23:59 | 28/02
1

Phiếu mua hàng Chuột, Bàn phím (Apple) trị giá 500,000đ

2

Tặng Phiếu mua hàng Balo, Túi chống sốc (giá trị trên 1,000,000đ) trị giá 300,000đ

3

Tặng Phiếu mua hàng Màn hình máy tính trị giá 300.000đ";;https://www.thegioididong.com/laptop/macbook-air-15-inch-m4-24gb-512gb;DEBUG_OOS_MacBook Air 15 inch M4 24GB/512GB_Xanh đen_081351.png
MacBook Air 13 inch M4 32GB/256GB;Xanh da trời nhạt;No;36290000;33990000;2026-02-01;"Khuyến mãi trị giá 800.000₫

Giá và khuyến mãi dự kiến áp dụng đến 23:59 | 28/02
1

Phiếu mua hàng Chuột, Bàn phím (Apple) trị giá 500,000đ

2

Tặng Phiếu mua hàng Balo, Túi chống sốc (giá trị trên 1,000,000đ) trị giá 300,000đ

3

Tặng Phiếu mua hàng Màn hình máy tính trị giá 300.000đ";;https://www.thegioididong.com/laptop/macbook-air-13-inch-m4-32gb-256gb;DEBUG_OOS_MacBook Air 13 inch M4 32GB/256GB_Xanh da trời nhạt_081353.png
MacBook Air 15 inch M4 24GB/512GB;Bạc;No;41190000;38490000;2026-02-01;"Khuyến mãi trị giá 800.000₫

Giá và khuyến mãi dự kiến áp dụng đến 23:59 | 28/02
1

Phiếu mua hàng Chuột, Bàn phím (Apple) trị giá 500,000đ

2

Tặng Phiếu mua hàng Balo, Túi chống sốc (giá trị trên 1,000,000đ) trị giá 300,000đ

3

Tặng Phiếu mua hàng Màn hình máy tính trị giá 300.000đ";;https://www.thegioididong.com/laptop/macbook-air-15-inch-m4-24gb-512gb;DEBUG_OOS_MacBook Air 15 inch M4 24GB/512GB_Bạc_081354.png
MacBook Pro 14 inch M4 Pro 24GB/512GB;Đen;No;51990000;49990000;2026-02-01;"Khuyến mãi trị giá 800.000₫

Giá và khuyến mãi dự kiến áp dụng đến 23:59 | 28/02
1

Phiếu mua hàng Chuột, Bàn phím (Apple) trị giá 500,000đ

2

Tặng Phiếu mua hàng Balo, Túi chống sốc (giá trị trên 1,000,000đ) trị giá 300,000đ

3

Tặng Phiếu mua hàng Màn hình máy tính trị giá 300.000đ";;https://www.thegioididong.com/laptop/macbook-pro-14-inch-m4-pro-24gb-512gb;DEBUG_OOS_MacBook Pro 14 inch M4 Pro 24GB/512GB_Đen_081356.png
MacBook Air 15 inch M4 24GB/512GB;Xanh da trời nhạt;No;41190000;38490000;2026-02-01;"Khuyến mãi trị giá 800.000₫

Giá và khuyến mãi dự kiến áp dụng đến 23:59 | 28/02
1

Phiếu mua hàng Chuột, Bàn phím (Apple) trị giá 500,000đ

2

Tặng Phiếu mua hàng Balo, Túi chống sốc (giá trị trên 1,000,000đ) trị giá 300,000đ

3

Tặng Phiếu mua hàng Màn hình máy tính trị giá 300.000đ";;https://www.thegioididong.com/laptop/macbook-air-15-inch-m4-24gb-512gb;DEBUG_OOS_MacBook Air 15 inch M4 24GB/512GB_Xanh da trời nhạt_081357.png
MacBook Pro 14 inch M5 16GB/512GB;Bạc;Yes;1590000;41990000;2026-02-01;"Khuyến mãi trị giá 800.000₫

Giá và khuyến mãi dự kiến áp dụng đến 23:59 | 28/02
1

Phiếu mua hàng Chuột, Bàn phím (Apple) trị giá 500,000đ

2

Tặng Phiếu mua hàng Balo, Túi chống sốc (giá trị trên 1,000,000đ) trị giá 300,000đ

3

Tặng Phiếu mua hàng Màn hình máy tính trị giá 300.000đ";"Ưu đãi thanh toán Online (Click chọn để áp dụng)
 Giảm 250.000đ -
Xem chi tiết
Áp dụng sản phẩm từ 5.000.000đ trở lên.";https://www.thegioididong.com/laptop/macbook-pro-14-inch-m5-16gb-512gb;Skipped
MacBook Air 15 inch M4 16GB/256GB;16GB - 256 GB;Yes;31390000;28990000;2026-02-01;"Khuyến mãi trị giá 800.000₫

Giá và khuyến mãi dự kiến áp dụng đến 23:59 | 28/02
1

Phiếu mua hàng Chuột, Bàn phím (Apple) trị giá 500,000đ

2

Tặng Phiếu mua hàng Balo, Túi chống sốc (giá trị trên 1,000,000đ) trị giá 300,000đ

3

Tặng Phiếu mua hàng Màn hình máy tính trị giá 300.000đ";"Ưu đãi thanh toán Online (Click chọn để áp dụng)
 Giảm 250.000đ -
Xem chi tiết
Áp dụng sản phẩm từ 5.000.000đ trở lên.";https://www.thegioididong.com/laptop/macbook-air-15-inch-m4-16gb-256gb;Skipped
MacBook Air 13 inch M4 32GB/256GB;Bạc;No;36290000;34490000;2026-02-01;"Khuyến mãi trị giá 800.000₫

Giá và khuyến mãi dự kiến áp dụng đến 23:59 | 28/02
1

Phiếu mua hàng Chuột, Bàn phím (Apple) trị giá 500,000đ

2

Tặng Phiếu mua hàng Balo, Túi chống sốc (giá trị trên 1,000,000đ) trị giá 300,000đ

3

Tặng Phiếu mua hàng Màn hình máy tính trị giá 300.000đ";;https://www.thegioididong.com/laptop/macbook-air-13-inch-m4-32gb-256gb;DEBUG_OOS_MacBook Air 13 inch M4 32GB/256GB_Bạc_081359.png
MacBook Pro 14 inch M4 Pro 24GB/512GB;Bạc;No;51990000;49990000;2026-02-01;"Khuyến mãi trị giá 800.000₫

Giá và khuyến mãi dự kiến áp dụng đến 23:59 | 28/02
1

Phiếu mua hàng Chuột, Bàn phím (Apple) trị giá 500,000đ

2

Tặng Phiếu mua hàng Balo, Túi chống sốc (giá trị trên 1,000,000đ) trị giá 300,000đ

3

Tặng Phiếu mua hàng Màn hình máy tính trị giá 300.000đ";;https://www.thegioididong.com/laptop/macbook-pro-14-inch-m4-pro-24gb-512gb;DEBUG_OOS_MacBook Pro 14 inch M4 Pro 24GB/512GB_Bạc_081359.png
MacBook Air 13 inch M4 32GB/256GB;Xanh đen;No;36290000;34490000;2026-02-01;"Khuyến mãi trị giá 800.000₫

Giá và khuyến mãi dự kiến áp dụng đến 23:59 | 28/02
1

Phiếu mua hàng Chuột, Bàn phím (Apple) trị giá 500,000đ

2

Tặng Phiếu mua hàng Balo, Túi chống sốc (giá trị trên 1,000,000đ) trị giá 300,000đ

3

Tặng Phiếu mua hàng Màn hình máy tính trị giá 300.000đ";;https://www.thegioididong.com/laptop/macbook-air-13-inch-m4-32gb-256gb;DEBUG_OOS_MacBook Air 13 inch M4 32GB/256GB_Xanh đen_081402.png
MacBook Air 15 inch M4 24GB/512GB;Vàng;No;41190000;38490000;2026-02-01;"Khuyến mãi trị giá 800.000₫

Giá và khuyến mãi dự kiến áp dụng đến 23:59 | 28/02
1

Phiếu mua hàng Chuột, Bàn phím (Apple) trị giá 500,000đ

2

Tặng Phiếu mua hàng Balo, Túi chống sốc (giá trị trên 1,000,000đ) trị giá 300,000đ

3

Tặng Phiếu mua hàng Màn hình máy tính trị giá 300.000đ";;https://www.thegioididong.com/laptop/macbook-air-15-inch-m4-24gb-512gb;DEBUG_OOS_MacBook Air 15 inch M4 24GB/512GB_Vàng_081403.png
MacBook Air 15 inch M4 16GB/1TB;16GB - 1 TB;Yes;41190000;39690000;2026-02-01;"Khuyến mãi trị giá 800.000₫

Giá và khuyến mãi dự kiến áp dụng đến 23:59 | 28/02
1

Phiếu mua hàng Chuột, Bàn phím (Apple) trị giá 500,000đ

2

Tặng Phiếu mua hàng Balo, Túi chống sốc (giá trị trên 1,000,000đ) trị giá 300,000đ

3

Tặng Phiếu mua hàng Màn hình máy tính trị giá 300.000đ";"Ưu đãi thanh toán Online (Click chọn để áp dụng)
 Giảm 250.000đ -
Xem chi tiết
Áp dụng sản phẩm từ 5.000.000đ trở lên.";https://www.thegioididong.com/laptop/macbook-air-15-inch-m4-16gb-256gb;Skipped
MacBook Air 13 inch M4 32GB/256GB;Vàng;No;36290000;34490000;2026-02-01;"Khuyến mãi trị giá 800.000₫

Giá và khuyến mãi dự kiến áp dụng đến 23:59 | 28/02
1

Phiếu mua hàng Chuột, Bàn phím (Apple) trị giá 500,000đ

2

Tặng Phiếu mua hàng Balo, Túi chống sốc (giá trị trên 1,000,000đ) trị giá 300,000đ

3

Tặng Phiếu mua hàng Màn hình máy tính trị giá 300.000đ";;https://www.thegioididong.com/laptop/macbook-air-13-inch-m4-32gb-256gb;DEBUG_OOS_MacBook Air 13 inch M4 32GB/256GB_Vàng_081405.png
MacBook Pro 14 inch M5 16GB/512GB;Đen;Yes;1590000;41990000;2026-02-01;"Khuyến mãi trị giá 800.000₫

Giá và khuyến mãi dự kiến áp dụng đến 23:59 | 28/02
1

Phiếu mua hàng Chuột, Bàn phím (Apple) trị giá 500,000đ

2

Tặng Phiếu mua hàng Balo, Túi chống sốc (giá trị trên 1,000,000đ) trị giá 300,000đ

3

Tặng Phiếu mua hàng Màn hình máy tính trị giá 300.000đ";"Ưu đãi thanh toán Online (Click chọn để áp dụng)
 Giảm 250.000đ -
Xem chi tiết
Áp dụng sản phẩm từ 5.000.000đ trở lên.";https://www.thegioididong.com/laptop/macbook-pro-14-inch-m5-16gb-512gb;Skipped
MacBook Pro 16 inch M4 Pro 48GB/1TB;Đen;No;81690000;79090000;2026-02-01;"Khuyến mãi trị giá 800.000₫

Giá và khuyến mãi dự kiến áp dụng đến 23:59 | 28/02
1

Phiếu mua hàng Chuột, Bàn phím (Apple) trị giá 500,000đ

2

Tặng Phiếu mua hàng Balo, Túi chống sốc (giá trị trên 1,000,000đ) trị giá 300,000đ

3

Tặng Phiếu mua hàng Màn hình máy tính trị giá 300.000đ";;https://www.thegioididong.com/laptop/macbook-pro-16-inch-m4-pro-48gb-1tb;DEBUG_OOS_MacBook Pro 16 inch M4 Pro 48GB/1TB_Đen_081406.png
MacBook Air 15 inch M4 24GB/512GB;Xanh đen;No;41190000;38490000;2026-02-01;"Khuyến mãi trị giá 800.000₫

Giá và khuyến mãi dự kiến áp dụng đến 23:59 | 28/02
1

Phiếu mua hàng Chuột, Bàn phím (Apple) trị giá 500,000đ

2

Tặng Phiếu mua hàng Balo, Túi chống sốc (giá trị trên 1,000,000đ) trị giá 300,000đ

3

Tặng Phiếu mua hàng Màn hình máy tính trị giá 300.000đ";;https://www.thegioididong.com/laptop/macbook-air-15-inch-m4-24gb-512gb;DEBUG_OOS_MacBook Air 15 inch M4 24GB/512GB_Xanh đen_081406.png
MacBook Air 15 inch M4 16GB/1TB;Xanh đen;No;41190000;39690000;2026-02-01;"Khuyến mãi trị giá 800.000₫

Giá và khuyến mãi dự kiến áp dụng đến 23:59 | 28/02
1

Phiếu mua hàng Chuột, Bàn phím (Apple) trị giá 500,000đ

2

Tặng Phiếu mua hàng Balo, Túi chống sốc (giá trị trên 1,000,000đ) trị giá 300,000đ

3

Tặng Phiếu mua hàng Màn hình máy tính trị giá 300.000đ";;https://www.thegioididong.com/laptop/macbook-air-15-inch-m4-16gb-256gb;DEBUG_OOS_MacBook Air 15 inch M4 16GB/1TB_Xanh đen_081407.png
MacBook Air 13 inch M4 32GB/256GB;Xanh da trời nhạt;No;36290000;33990000;2026-02-01;"Khuyến mãi trị giá 800.000₫

Giá và khuyến mãi dự kiến áp dụng đến 23:59 | 28/02
1

Phiếu mua hàng Chuột, Bàn phím (Apple) trị giá 500,000đ

2

Tặng Phiếu mua hàng Balo, Túi chống sốc (giá trị trên 1,000,000đ) trị giá 300,000đ

3

Tặng Phiếu mua hàng Màn hình máy tính trị giá 300.000đ";;https://www.thegioididong.com/laptop/macbook-air-13-inch-m4-32gb-256gb;DEBUG_OOS_MacBook Air 13 inch M4 32GB/256GB_Xanh da trời nhạt_081409.png
MacBook Air 15 inch M4 24GB/512GB;Bạc;No;41190000;38490000;2026-02-01;"Khuyến mãi trị giá 800.000₫

Giá và khuyến mãi dự kiến áp dụng đến 23:59 | 28/02
1

Phiếu mua hàng Chuột, Bàn phím (Apple) trị giá 500,000đ

2

Tặng Phiếu mua hàng Balo, Túi chống sốc (giá trị trên 1,000,000đ) trị giá 300,000đ

3

Tặng Phiếu mua hàng Màn hình máy tính trị giá 300.000đ";;https://www.thegioididong.com/laptop/macbook-air-15-inch-m4-24gb-512gb;DEBUG_OOS_MacBook Air 15 inch M4 24GB/512GB_Bạc_081410.png
MacBook Pro 16 inch M4 Pro 48GB/1TB;Bạc;No;81690000;79090000;2026-02-01;"Khuyến mãi trị giá 800.000₫

Giá và khuyến mãi dự kiến áp dụng đến 23:59 | 28/02
1

Phiếu mua hàng Chuột, Bàn phím (Apple) trị giá 500,000đ

2

Tặng Phiếu mua hàng Balo, Túi chống sốc (giá trị trên 1,000,000đ) trị giá 300,000đ

3

Tặng Phiếu mua hàng Màn hình máy tính trị giá 300.000đ";;https://www.thegioididong.com/laptop/macbook-pro-16-inch-m4-pro-48gb-1tb;DEBUG_OOS_MacBook Pro 16 inch M4 Pro 48GB/1TB_Bạc_081410.png
MacBook Air 15 inch M4 16GB/1TB;Vàng;No;41190000;39690000;2026-02-01;"Khuyến mãi trị giá 800.000₫

Giá và khuyến mãi dự kiến áp dụng đến 23:59 | 28/02
1

Phiếu mua hàng Chuột, Bàn phím (Apple) trị giá 500,000đ

2

Tặng Phiếu mua hàng Balo, Túi chống sốc (giá trị trên 1,000,000đ) trị giá 300,000đ

3

Tặng Phiếu mua hàng Màn hình máy tính trị giá 300.000đ";;https://www.thegioididong.com/laptop/macbook-air-15-inch-m4-16gb-256gb;DEBUG_OOS_MacBook Air 15 inch M4 16GB/1TB_Vàng_081411.png
MacBook Pro 14 inch M5 16GB/512GB;Bạc;Yes;1590000;41990000;2026-02-01;"Khuyến mãi trị giá 800.000₫

Giá và khuyến mãi dự kiến áp dụng đến 23:59 | 28/02
1

Phiếu mua hàng Chuột, Bàn phím (Apple) trị giá 500,000đ

2

Tặng Phiếu mua hàng Balo, Túi chống sốc (giá trị trên 1,000,000đ) trị giá 300,000đ

3

Tặng Phiếu mua hàng Màn hình máy tính trị giá 300.000đ";"Ưu đãi thanh toán Online (Click chọn để áp dụng)
 Giảm 250.000đ -
Xem chi tiết
Áp dụng sản phẩm từ 5.000.000đ trở lên.";https://www.thegioididong.com/laptop/macbook-pro-14-inch-m5-16gb-512gb;Skipped
MacBook Air 15 inch M4 24GB/512GB;Xanh da trời nhạt;No;41190000;38490000;2026-02-01;"Khuyến mãi trị giá 800.000₫

Giá và khuyến mãi dự kiến áp dụng đến 23:59 | 28/02
1

Phiếu mua hàng Chuột, Bàn phím (Apple) trị giá 500,000đ

2

Tặng Phiếu mua hàng Balo, Túi chống sốc (giá trị trên 1,000,000đ) trị giá 300,000đ

3

Tặng Phiếu mua hàng Màn hình máy tính trị giá 300.000đ";;https://www.thegioididong.com/laptop/macbook-air-15-inch-m4-24gb-512gb;DEBUG_OOS_MacBook Air 15 inch M4 24GB/512GB_Xanh da trời nhạt_081413.png
MacBook Air 15 inch M4 16GB/1TB;Xanh da trời nhạt;No;41190000;39690000;2026-02-01;"Khuyến mãi trị giá 800.000₫

Giá và khuyến mãi dự kiến áp dụng đến 23:59 | 28/02
1

Phiếu mua hàng Chuột, Bàn phím (Apple) trị giá 500,000đ

2

Tặng Phiếu mua hàng Balo, Túi chống sốc (giá trị trên 1,000,000đ) trị giá 300,000đ

3

Tặng Phiếu mua hàng Màn hình máy tính trị giá 300.000đ";;https://www.thegioididong.com/laptop/macbook-air-15-inch-m4-16gb-256gb;DEBUG_OOS_MacBook Air 15 inch M4 16GB/1TB_Xanh da trời nhạt_081414.png
MacBook Pro 16 inch M4 Pro 48GB/1TB;Đen;No;81690000;79090000;2026-02-01;"Khuyến mãi trị giá 800.000₫

Giá và khuyến mãi dự kiến áp dụng đến 23:59 | 28/02
1

Phiếu mua hàng Chuột, Bàn phím (Apple) trị giá 500,000đ

2

Tặng Phiếu mua hàng Balo, Túi chống sốc (giá trị trên 1,000,000đ) trị giá 300,000đ

3

Tặng Phiếu mua hàng Màn hình máy tính trị giá 300.000đ";;https://www.thegioididong.com/laptop/macbook-pro-16-inch-m4-pro-48gb-1tb;DEBUG_OOS_MacBook Pro 16 inch M4 Pro 48GB/1TB_Đen_081415.png
iPad A16 5G 128GB;Bạc;Yes;13990000;12990000;2026-02-01;"Khuyến mãi trị giá 400.000₫

Giá và khuyến mãi dự kiến áp dụng đến 23:59 | 28/02
1

Phiếu mua hàng Apple Pencil trị giá 400,000đ

2

Tặng Phiếu mua hàng mua Balo; Túi Chống sốc; Ốp lưng; KBV Camera; Sạc dự phòng (trừ AVA+, Hydrus); nhóm Tai nghe bluetooth, Loa Bluetooth các hãng JBL, Marshall,Harman Kardon; đồng hồ thông minh (trừ Apple) trị giá 100.000đ

3

Phiếu mua hàng mua Sim data 500GB 1 tháng trị giá 100,000đ Xem chi tiết

4

Thu cũ đổi mới: Giảm đến 2,000,000đ (Không kèm ưu đãi thanh toán qua cổng, mua kèm) Xem chi tiết";"Ưu đãi thanh toán Online (Click chọn để áp dụng)
 Giảm 250.000đ -
Xem chi tiết
Áp dụng sản phẩm từ 5.000.000đ trở lên.";https://www.thegioididong.com/may-tinh-bang/ipad-11-5g-128gb;Skipped
MacBook Air 15 inch M4 24GB/512GB;Vàng;No;41190000;38490000;2026-02-01;"Khuyến mãi trị giá 800.000₫

Giá và khuyến mãi dự kiến áp dụng đến 23:59 | 28/02
1

Phiếu mua hàng Chuột, Bàn phím (Apple) trị giá 500,000đ

2

Tặng Phiếu mua hàng Balo, Túi chống sốc (giá trị trên 1,000,000đ) trị giá 300,000đ

3

Tặng Phiếu mua hàng Màn hình máy tính trị giá 300.000đ";;https://www.thegioididong.com/laptop/macbook-air-15-inch-m4-24gb-512gb;DEBUG_OOS_MacBook Air 15 inch M4 24GB/512GB_Vàng_081418.png
MacBook Pro 16 inch M4 Pro 48GB/1TB;Bạc;No;81690000;79090000;2026-02-01;"Khuyến mãi trị giá 800.000₫

Giá và khuyến mãi dự kiến áp dụng đến 23:59 | 28/02
1

Phiếu mua hàng Chuột, Bàn phím (Apple) trị giá 500,000đ

2

Tặng Phiếu mua hàng Balo, Túi chống sốc (giá trị trên 1,000,000đ) trị giá 300,000đ

3

Tặng Phiếu mua hàng Màn hình máy tính trị giá 300.000đ";;https://www.thegioididong.com/laptop/macbook-pro-16-inch-m4-pro-48gb-1tb;DEBUG_OOS_MacBook Pro 16 inch M4 Pro 48GB/1TB_Bạc_081419.png
MacBook Air 15 inch M4 16GB/1TB;Bạc;Yes;41190000;39690000;2026-02-01;"Khuyến mãi trị giá 800.000₫

Giá và khuyến mãi dự kiến áp dụng đến 23:59 | 28/02
1

Phiếu mua hàng Chuột, Bàn phím (Apple) trị giá 500,000đ

2

Tặng Phiếu mua hàng Balo, Túi chống sốc (giá trị trên 1,000,000đ) trị giá 300,000đ

3

Tặng Phiếu mua hàng Màn hình máy tính trị giá 300.000đ";"Ưu đãi thanh toán Online (Click chọn để áp dụng)
 Giảm 250.000đ -
Xem chi tiết
Áp dụng sản phẩm từ 5.000.000đ trở lên.";https://www.thegioididong.com/laptop/macbook-air-15-inch-m4-16gb-256gb;Skipped
iPad A16 WiFi 128GB;Vàng;Yes;9790000;8790000;2026-02-01;"Khuyến mãi trị giá 400.000₫

Giá và khuyến mãi dự kiến áp dụng đến 23:59 | 28/02
1

Phiếu mua hàng Apple Pencil trị giá 400,000đ

2

Tặng Phiếu mua hàng mua Balo; Túi Chống sốc; Ốp lưng; KBV Camera; Sạc dự phòng (trừ AVA+, Hydrus); nhóm Tai nghe bluetooth, Loa Bluetooth các hãng JBL, Marshall,Harman Kardon; đồng hồ thông minh (trừ Apple) trị giá 100.000đ

3

Phiếu mua hàng mua Sim data 500GB 1 tháng trị giá 100,000đ Xem chi tiết

4

Thu cũ đổi mới: Giảm đến 2,000,000đ (Không kèm ưu đãi thanh toán qua cổng, mua kèm) Xem chi tiết";"Ưu đãi thanh toán Online (Click chọn để áp dụng)
 Giảm 250.000đ -
Xem chi tiết
Áp dụng sản phẩm từ 5.000.000đ trở lên.";https://www.thegioididong.com/may-tinh-bang/ipad-11-wifi-128gb;Skipped
MacBook Air 15 inch M4 24GB/512GB;Xanh đen;No;41190000;38490000;2026-02-01;"Khuyến mãi trị giá 800.000₫

Giá và khuyến mãi dự kiến áp dụng đến 23:59 | 28/02
1

Phiếu mua hàng Chuột, Bàn phím (Apple) trị giá 500,000đ

2

Tặng Phiếu mua hàng Balo, Túi chống sốc (giá trị trên 1,000,000đ) trị giá 300,000đ

3

Tặng Phiếu mua hàng Màn hình máy tính trị giá 300.000đ";;https://www.thegioididong.com/laptop/macbook-air-15-inch-m4-24gb-512gb;DEBUG_OOS_MacBook Air 15 inch M4 24GB/512GB_Xanh đen_081421.png
MacBook Air 15 inch M4 24GB/512GB;Bạc;No;41190000;38490000;2026-02-01;"Khuyến mãi trị giá 800.000₫

Giá và khuyến mãi dự kiến áp dụng đến 23:59 | 28/02
1

Phiếu mua hàng Chuột, Bàn phím (Apple) trị giá 500,000đ

2

Tặng Phiếu mua hàng Balo, Túi chống sốc (giá trị trên 1,000,000đ) trị giá 300,000đ

3

Tặng Phiếu mua hàng Màn hình máy tính trị giá 300.000đ";;https://www.thegioididong.com/laptop/macbook-air-15-inch-m4-24gb-512gb;DEBUG_OOS_MacBook Air 15 inch M4 24GB/512GB_Bạc_081425.png
iPad A16 5G 128GB;Hồng;Yes;13990000;12990000;2026-02-01;"Khuyến mãi trị giá 400.000₫

Giá và khuyến mãi dự kiến áp dụng đến 23:59 | 28/02
1

Phiếu mua hàng Apple Pencil trị giá 400,000đ

2

Tặng Phiếu mua hàng mua Balo; Túi Chống sốc; Ốp lưng; KBV Camera; Sạc dự phòng (trừ AVA+, Hydrus); nhóm Tai nghe bluetooth, Loa Bluetooth các hãng JBL, Marshall,Harman Kardon; đồng hồ thông minh (trừ Apple) trị giá 100.000đ

3

Phiếu mua hàng mua Sim data 500GB 1 tháng trị giá 100,000đ Xem chi tiết

4

Thu cũ đổi mới: Giảm đến 2,000,000đ (Không kèm ưu đãi thanh toán qua cổng, mua kèm) Xem chi tiết";"Ưu đãi thanh toán Online (Click chọn để áp dụng)
 Giảm 250.000đ -
Xem chi tiết
Áp dụng sản phẩm từ 5.000.000đ trở lên.";https://www.thegioididong.com/may-tinh-bang/ipad-11-5g-128gb;Skipped
iPad A16 WiFi 128GB;Xanh Dương;Yes;9790000;8790000;2026-02-01;"Khuyến mãi trị giá 400.000₫

Giá và khuyến mãi dự kiến áp dụng đến 23:59 | 28/02
1

Phiếu mua hàng Apple Pencil trị giá 400,000đ

2

Tặng Phiếu mua hàng mua Balo; Túi Chống sốc; Ốp lưng; KBV Camera; Sạc dự phòng (trừ AVA+, Hydrus); nhóm Tai nghe bluetooth, Loa Bluetooth các hãng JBL, Marshall,Harman Kardon; đồng hồ thông minh (trừ Apple) trị giá 100.000đ

3

Phiếu mua hàng mua Sim data 500GB 1 tháng trị giá 100,000đ Xem chi tiết

4

Thu cũ đổi mới: Giảm đến 2,000,000đ (Không kèm ưu đãi thanh toán qua cổng, mua kèm) Xem chi tiết";"Ưu đãi thanh toán Online (Click chọn để áp dụng)
 Giảm 250.000đ -
Xem chi tiết
Áp dụng sản phẩm từ 5.000.000đ trở lên.";https://www.thegioididong.com/may-tinh-bang/ipad-11-wifi-128gb;Skipped
MacBook Air 15 inch M4 24GB/512GB;Xanh da trời nhạt;No;41190000;38490000;2026-02-01;"Khuyến mãi trị giá 800.000₫

Giá và khuyến mãi dự kiến áp dụng đến 23:59 | 28/02
1

Phiếu mua hàng Chuột, Bàn phím (Apple) trị giá 500,000đ

2

Tặng Phiếu mua hàng Balo, Túi chống sốc (giá trị trên 1,000,000đ) trị giá 300,000đ

3

Tặng Phiếu mua hàng Màn hình máy tính trị giá 300.000đ";;https://www.thegioididong.com/laptop/macbook-air-15-inch-m4-24gb-512gb;DEBUG_OOS_MacBook Air 15 inch M4 24GB/512GB_Xanh da trời nhạt_081428.png
MacBook Air 15 inch M4 16GB/256GB;16GB - 256 GB;Yes;31390000;28990000;2026-02-01;"Khuyến mãi trị giá 800.000₫

Giá và khuyến mãi dự kiến áp dụng đến 23:59 | 28/02
1

Phiếu mua hàng Chuột, Bàn phím (Apple) trị giá 500,000đ

2

Tặng Phiếu mua hàng Balo, Túi chống sốc (giá trị trên 1,000,000đ) trị giá 300,000đ

3

Tặng Phiếu mua hàng Màn hình máy tính trị giá 300.000đ";"Ưu đãi thanh toán Online (Click chọn để áp dụng)
 Giảm 250.000đ -
Xem chi tiết
Áp dụng sản phẩm từ 5.000.000đ trở lên.";https://www.thegioididong.com/laptop/macbook-air-15-inch-m4-16gb-256gb;Skipped
iPad Air M3 11 inch 5G 128GB;Đen - Xám;Yes;20790000;17790000;2026-02-01;"Khuyến mãi trị giá 400.000₫

Giá và khuyến mãi dự kiến áp dụng đến 23:59 | 28/02
1

Phiếu mua hàng Apple Pencil trị giá 400,000đ

2

Tặng Phiếu mua hàng mua Balo; Túi Chống sốc; Ốp lưng; KBV Camera; Sạc dự phòng (trừ AVA+, Hydrus); nhóm Tai nghe bluetooth, Loa Bluetooth các hãng JBL, Marshall,Harman Kardon; đồng hồ thông minh (trừ Apple) trị giá 100.000đ

3

Phiếu mua hàng mua Sim data 500GB 1 tháng trị giá 100,000đ Xem chi tiết

4

Thu cũ đổi mới: Giảm đến 2,000,000đ (Không kèm ưu đãi thanh toán qua cổng, mua kèm) Xem chi tiết";"Ưu đãi thanh toán Online (Click chọn để áp dụng)
 Giảm 250.000đ -
Xem chi tiết
Áp dụng sản phẩm từ 5.000.000đ trở lên.";https://www.thegioididong.com/may-tinh-bang/ipad-air-m3-11-inch-5g-128gb;Skipped
iPad A16 5G 128GB;Xanh Dương;Yes;13990000;12990000;2026-02-01;"Khuyến mãi trị giá 400.000₫

Giá và khuyến mãi dự kiến áp dụng đến 23:59 | 28/02
1

Phiếu mua hàng Apple Pencil trị giá 400,000đ

2

Tặng Phiếu mua hàng mua Balo; Túi Chống sốc; Ốp lưng; KBV Camera; Sạc dự phòng (trừ AVA+, Hydrus); nhóm Tai nghe bluetooth, Loa Bluetooth các hãng JBL, Marshall,Harman Kardon; đồng hồ thông minh (trừ Apple) trị giá 100.000đ

3

Phiếu mua hàng mua Sim data 500GB 1 tháng trị giá 100,000đ Xem chi tiết

4

Thu cũ đổi mới: Giảm đến 2,000,000đ (Không kèm ưu đãi thanh toán qua cổng, mua kèm) Xem chi tiết";"Ưu đãi thanh toán Online (Click chọn để áp dụng)
 Giảm 250.000đ -
Xem chi tiết
Áp dụng sản phẩm từ 5.000.000đ trở lên.";https://www.thegioididong.com/may-tinh-bang/ipad-11-5g-128gb;Skipped
iPad A16 WiFi 128GB;Bạc;Yes;9790000;8790000;2026-02-01;"Khuyến mãi trị giá 400.000₫

Giá và khuyến mãi dự kiến áp dụng đến 23:59 | 28/02
1

Phiếu mua hàng Apple Pencil trị giá 400,000đ

2

Tặng Phiếu mua hàng mua Balo; Túi Chống sốc; Ốp lưng; KBV Camera; Sạc dự phòng (trừ AVA+, Hydrus); nhóm Tai nghe bluetooth, Loa Bluetooth các hãng JBL, Marshall,Harman Kardon; đồng hồ thông minh (trừ Apple) trị giá 100.000đ

3

Phiếu mua hàng mua Sim data 500GB 1 tháng trị giá 100,000đ Xem chi tiết

4

Thu cũ đổi mới: Giảm đến 2,000,000đ (Không kèm ưu đãi thanh toán qua cổng, mua kèm) Xem chi tiết";"Ưu đãi thanh toán Online (Click chọn để áp dụng)
 Giảm 250.000đ -
Xem chi tiết
Áp dụng sản phẩm từ 5.000.000đ trở lên.";https://www.thegioididong.com/may-tinh-bang/ipad-11-wifi-128gb;Skipped
MacBook Air 15 inch M4 16GB/1TB;16GB - 1 TB;Yes;41190000;39690000;2026-02-01;"Khuyến mãi trị giá 800.000₫

Giá và khuyến mãi dự kiến áp dụng đến 23:59 | 28/02
1

Phiếu mua hàng Chuột, Bàn phím (Apple) trị giá 500,000đ

2

Tặng Phiếu mua hàng Balo, Túi chống sốc (giá trị trên 1,000,000đ) trị giá 300,000đ

3

Tặng Phiếu mua hàng Màn hình máy tính trị giá 300.000đ";"Ưu đãi thanh toán Online (Click chọn để áp dụng)
 Giảm 250.000đ -
Xem chi tiết
Áp dụng sản phẩm từ 5.000.000đ trở lên.";https://www.thegioididong.com/laptop/macbook-air-15-inch-m4-16gb-256gb;Skipped
iPad Air M3 11 inch 5G 128GB;Tím;Yes;20790000;17790000;2026-02-01;"Khuyến mãi trị giá 400.000₫

Giá và khuyến mãi dự kiến áp dụng đến 23:59 | 28/02
1

Phiếu mua hàng Apple Pencil trị giá 400,000đ

2

Tặng Phiếu mua hàng mua Balo; Túi Chống sốc; Ốp lưng; KBV Camera; Sạc dự phòng (trừ AVA+, Hydrus); nhóm Tai nghe bluetooth, Loa Bluetooth các hãng JBL, Marshall,Harman Kardon; đồng hồ thông minh (trừ Apple) trị giá 100.000đ

3

Phiếu mua hàng mua Sim data 500GB 1 tháng trị giá 100,000đ Xem chi tiết

4

Thu cũ đổi mới: Giảm đến 2,000,000đ (Không kèm ưu đãi thanh toán qua cổng, mua kèm) Xem chi tiết";"Ưu đãi thanh toán Online (Click chọn để áp dụng)
 Giảm 250.000đ -
Xem chi tiết
Áp dụng sản phẩm từ 5.000.000đ trở lên.";https://www.thegioididong.com/may-tinh-bang/ipad-air-m3-11-inch-5g-128gb;Skipped
iPad Air M3 11 inch WiFi 128GB;Xanh Dương;Yes;16690000;13690000;2026-02-01;"Khuyến mãi trị giá 400.000₫

Giá và khuyến mãi dự kiến áp dụng đến 23:59 | 28/02
1

Phiếu mua hàng Apple Pencil trị giá 400,000đ

2

Tặng Phiếu mua hàng mua Balo; Túi Chống sốc; Ốp lưng; KBV Camera; Sạc dự phòng (trừ AVA+, Hydrus); nhóm Tai nghe bluetooth, Loa Bluetooth các hãng JBL, Marshall,Harman Kardon; đồng hồ thông minh (trừ Apple) trị giá 100.000đ

3

Phiếu mua hàng mua Sim data 500GB 1 tháng trị giá 100,000đ Xem chi tiết

4

Thu cũ đổi mới: Giảm đến 2,000,000đ (Không kèm ưu đãi thanh toán qua cổng, mua kèm) Xem chi tiết";"Ưu đãi thanh toán Online (Click chọn để áp dụng)
 Giảm 250.000đ -
Xem chi tiết
Áp dụng sản phẩm từ 5.000.000đ trở lên.";https://www.thegioididong.com/may-tinh-bang/ipad-air-m3-11-inch-wifi-128gb;Skipped
iPad A16 5G 128GB;Vàng;Yes;13990000;12990000;2026-02-01;"Khuyến mãi trị giá 400.000₫

Giá và khuyến mãi dự kiến áp dụng đến 23:59 | 28/02
1

Phiếu mua hàng Apple Pencil trị giá 400,000đ

2

Tặng Phiếu mua hàng mua Balo; Túi Chống sốc; Ốp lưng; KBV Camera; Sạc dự phòng (trừ AVA+, Hydrus); nhóm Tai nghe bluetooth, Loa Bluetooth các hãng JBL, Marshall,Harman Kardon; đồng hồ thông minh (trừ Apple) trị giá 100.000đ

3

Phiếu mua hàng mua Sim data 500GB 1 tháng trị giá 100,000đ Xem chi tiết

4

Thu cũ đổi mới: Giảm đến 2,000,000đ (Không kèm ưu đãi thanh toán qua cổng, mua kèm) Xem chi tiết";"Ưu đãi thanh toán Online (Click chọn để áp dụng)
 Giảm 250.000đ -
Xem chi tiết
Áp dụng sản phẩm từ 5.000.000đ trở lên.";https://www.thegioididong.com/may-tinh-bang/ipad-11-5g-128gb;Skipped
MacBook Air 15 inch M4 16GB/1TB;Xanh đen;No;41190000;39690000;2026-02-01;"Khuyến mãi trị giá 800.000₫

Giá và khuyến mãi dự kiến áp dụng đến 23:59 | 28/02
1

Phiếu mua hàng Chuột, Bàn phím (Apple) trị giá 500,000đ

2

Tặng Phiếu mua hàng Balo, Túi chống sốc (giá trị trên 1,000,000đ) trị giá 300,000đ

3

Tặng Phiếu mua hàng Màn hình máy tính trị giá 300.000đ";;https://www.thegioididong.com/laptop/macbook-air-15-inch-m4-16gb-256gb;DEBUG_OOS_MacBook Air 15 inch M4 16GB/1TB_Xanh đen_081438.png
iPad A16 WiFi 128GB;Hồng;Yes;9790000;8790000;2026-02-01;"Khuyến mãi trị giá 400.000₫

Giá và khuyến mãi dự kiến áp dụng đến 23:59 | 28/02
1

Phiếu mua hàng Apple Pencil trị giá 400,000đ

2

Tặng Phiếu mua hàng mua Balo; Túi Chống sốc; Ốp lưng; KBV Camera; Sạc dự phòng (trừ AVA+, Hydrus); nhóm Tai nghe bluetooth, Loa Bluetooth các hãng JBL, Marshall,Harman Kardon; đồng hồ thông minh (trừ Apple) trị giá 100.000đ

3

Phiếu mua hàng mua Sim data 500GB 1 tháng trị giá 100,000đ Xem chi tiết

4

Thu cũ đổi mới: Giảm đến 2,000,000đ (Không kèm ưu đãi thanh toán qua cổng, mua kèm) Xem chi tiết";"Ưu đãi thanh toán Online (Click chọn để áp dụng)
 Giảm 250.000đ -
Xem chi tiết
Áp dụng sản phẩm từ 5.000.000đ trở lên.";https://www.thegioididong.com/may-tinh-bang/ipad-11-wifi-128gb;Skipped
MacBook Air 15 inch M4 16GB/1TB;Vàng;No;41190000;39690000;2026-02-01;"Khuyến mãi trị giá 800.000₫

Giá và khuyến mãi dự kiến áp dụng đến 23:59 | 28/02
1

Phiếu mua hàng Chuột, Bàn phím (Apple) trị giá 500,000đ

2

Tặng Phiếu mua hàng Balo, Túi chống sốc (giá trị trên 1,000,000đ) trị giá 300,000đ

3

Tặng Phiếu mua hàng Màn hình máy tính trị giá 300.000đ";;https://www.thegioididong.com/laptop/macbook-air-15-inch-m4-16gb-256gb;DEBUG_OOS_MacBook Air 15 inch M4 16GB/1TB_Vàng_081442.png
iPad Air M3 11 inch 5G 128GB;Trắng Starlight;Yes;20790000;17790000;2026-02-01;"Khuyến mãi trị giá 400.000₫

Giá và khuyến mãi dự kiến áp dụng đến 23:59 | 28/02
1

Phiếu mua hàng Apple Pencil trị giá 400,000đ

2

Tặng Phiếu mua hàng mua Balo; Túi Chống sốc; Ốp lưng; KBV Camera; Sạc dự phòng (trừ AVA+, Hydrus); nhóm Tai nghe bluetooth, Loa Bluetooth các hãng JBL, Marshall,Harman Kardon; đồng hồ thông minh (trừ Apple) trị giá 100.000đ

3

Phiếu mua hàng mua Sim data 500GB 1 tháng trị giá 100,000đ Xem chi tiết

4

Thu cũ đổi mới: Giảm đến 2,000,000đ (Không kèm ưu đãi thanh toán qua cổng, mua kèm) Xem chi tiết";"Ưu đãi thanh toán Online (Click chọn để áp dụng)
 Giảm 250.000đ -
Xem chi tiết
Áp dụng sản phẩm từ 5.000.000đ trở lên.";https://www.thegioididong.com/may-tinh-bang/ipad-air-m3-11-inch-5g-128gb;Skipped
iPad Air M3 11 inch WiFi 128GB;Đen - Xám;Yes;16690000;13690000;2026-02-01;"Khuyến mãi trị giá 400.000₫

Giá và khuyến mãi dự kiến áp dụng đến 23:59 | 28/02
1

Phiếu mua hàng Apple Pencil trị giá 400,000đ

2

Tặng Phiếu mua hàng mua Balo; Túi Chống sốc; Ốp lưng; KBV Camera; Sạc dự phòng (trừ AVA+, Hydrus); nhóm Tai nghe bluetooth, Loa Bluetooth các hãng JBL, Marshall,Harman Kardon; đồng hồ thông minh (trừ Apple) trị giá 100.000đ

3

Phiếu mua hàng mua Sim data 500GB 1 tháng trị giá 100,000đ Xem chi tiết

4

Thu cũ đổi mới: Giảm đến 2,000,000đ (Không kèm ưu đãi thanh toán qua cổng, mua kèm) Xem chi tiết";"Ưu đãi thanh toán Online (Click chọn để áp dụng)
 Giảm 250.000đ -
Xem chi tiết
Áp dụng sản phẩm từ 5.000.000đ trở lên.";https://www.thegioididong.com/may-tinh-bang/ipad-air-m3-11-inch-wifi-128gb;Skipped
iPad A16 5G 256GB;Bạc;No;16790000;15790000;2026-02-01;"Khuyến mãi trị giá 400.000₫

Giá và khuyến mãi dự kiến áp dụng đến 23:59 | 28/02
1

Phiếu mua hàng Apple Pencil trị giá 400,000đ

2

Phiếu mua hàng mua Sim data 500GB 1 tháng trị giá 100,000đ Xem chi tiết

3

Thu cũ đổi mới: Giảm đến 2,000,000đ (Không kèm ưu đãi thanh toán qua cổng, mua kèm) Xem chi tiết";;https://www.thegioididong.com/may-tinh-bang/ipad-11-5g-128gb;DEBUG_OOS_iPad A16 5G 256GB_Bạc_081444.png
MacBook Air 15 inch M4 16GB/1TB;Xanh da trời nhạt;No;41190000;39690000;2026-02-01;"Khuyến mãi trị giá 800.000₫

Giá và khuyến mãi dự kiến áp dụng đến 23:59 | 28/02
1

Phiếu mua hàng Chuột, Bàn phím (Apple) trị giá 500,000đ

2

Tặng Phiếu mua hàng Balo, Túi chống sốc (giá trị trên 1,000,000đ) trị giá 300,000đ

3

Tặng Phiếu mua hàng Màn hình máy tính trị giá 300.000đ";;https://www.thegioididong.com/laptop/macbook-air-15-inch-m4-16gb-256gb;DEBUG_OOS_MacBook Air 15 inch M4 16GB/1TB_Xanh da trời nhạt_081445.png
iPad A16 5G 256GB;Xanh Dương;No;16790000;15790000;2026-02-01;"Khuyến mãi trị giá 400.000₫

Giá và khuyến mãi dự kiến áp dụng đến 23:59 | 28/02
1

Phiếu mua hàng Apple Pencil trị giá 400,000đ

2

Tặng Phiếu mua hàng mua Balo; Túi Chống sốc; Ốp lưng; KBV Camera; Sạc dự phòng (trừ AVA+, Hydrus); nhóm Tai nghe bluetooth, Loa Bluetooth các hãng JBL, Marshall,Harman Kardon; đồng hồ thông minh (trừ Apple) trị giá 100.000đ

3

Phiếu mua hàng mua Sim data 500GB 1 tháng trị giá 100,000đ Xem chi tiết

4

Thu cũ đổi mới: Giảm đến 2,000,000đ (Không kèm ưu đãi thanh toán qua cổng, mua kèm) Xem chi tiết";;https://www.thegioididong.com/may-tinh-bang/ipad-11-5g-128gb;DEBUG_OOS_iPad A16 5G 256GB_Xanh Dương_081448.png
iPad A16 WiFi 256GB;Xanh Dương;Yes;12590000;11590000;2026-02-01;"Khuyến mãi trị giá 400.000₫

Giá và khuyến mãi dự kiến áp dụng đến 23:59 | 28/02
1

Phiếu mua hàng Apple Pencil trị giá 400,000đ

2

Tặng Phiếu mua hàng mua Balo; Túi Chống sốc; Ốp lưng; KBV Camera; Sạc dự phòng (trừ AVA+, Hydrus); nhóm Tai nghe bluetooth, Loa Bluetooth các hãng JBL, Marshall,Harman Kardon; đồng hồ thông minh (trừ Apple) trị giá 100.000đ

3

Phiếu mua hàng mua Sim data 500GB 1 tháng trị giá 100,000đ Xem chi tiết

4

Thu cũ đổi mới: Giảm đến 2,000,000đ (Không kèm ưu đãi thanh toán qua cổng, mua kèm) Xem chi tiết";"Ưu đãi thanh toán Online (Click chọn để áp dụng)
 Giảm 250.000đ -
Xem chi tiết
Áp dụng sản phẩm từ 5.000.000đ trở lên.";https://www.thegioididong.com/may-tinh-bang/ipad-11-wifi-128gb;Skipped
iPad Air M3 11 inch 5G 128GB;Xanh Dương;Yes;20790000;17790000;2026-02-01;"Khuyến mãi trị giá 400.000₫

Giá và khuyến mãi dự kiến áp dụng đến 23:59 | 28/02
1

Phiếu mua hàng Apple Pencil trị giá 400,000đ

2

Phiếu mua hàng mua Sim data 500GB 1 tháng trị giá 100,000đ Xem chi tiết

3

Thu cũ đổi mới: Giảm đến 2,000,000đ (Không kèm ưu đãi thanh toán qua cổng, mua kèm) Xem chi tiết";"Ưu đãi thanh toán Online (Click chọn để áp dụng)
 Giảm 250.000đ -
Xem chi tiết
Áp dụng sản phẩm từ 5.000.000đ trở lên.";https://www.thegioididong.com/may-tinh-bang/ipad-air-m3-11-inch-5g-128gb;Skipped
iPad Air M3 11 inch WiFi 128GB;Trắng Starlight;Yes;16690000;13690000;2026-02-01;"Khuyến mãi trị giá 400.000₫

Giá và khuyến mãi dự kiến áp dụng đến 23:59 | 28/02
1

Phiếu mua hàng Apple Pencil trị giá 400,000đ

2

Tặng Phiếu mua hàng mua Balo; Túi Chống sốc; Ốp lưng; KBV Camera; Sạc dự phòng (trừ AVA+, Hydrus); nhóm Tai nghe bluetooth, Loa Bluetooth các hãng JBL, Marshall,Harman Kardon; đồng hồ thông minh (trừ Apple) trị giá 100.000đ

3

Phiếu mua hàng mua Sim data 500GB 1 tháng trị giá 100,000đ Xem chi tiết

4

Thu cũ đổi mới: Giảm đến 2,000,000đ (Không kèm ưu đãi thanh toán qua cổng, mua kèm) Xem chi tiết";"Ưu đãi thanh toán Online (Click chọn để áp dụng)
 Giảm 250.000đ -
Xem chi tiết
Áp dụng sản phẩm từ 5.000.000đ trở lên.";https://www.thegioididong.com/may-tinh-bang/ipad-air-m3-11-inch-wifi-128gb;Skipped
iPad A16 5G 256GB;Hồng;No;16790000;15790000;2026-02-01;"Khuyến mãi trị giá 400.000₫

Giá và khuyến mãi dự kiến áp dụng đến 23:59 | 28/02
1

Phiếu mua hàng Apple Pencil trị giá 400,000đ

2

Phiếu mua hàng mua Sim data 500GB 1 tháng trị giá 100,000đ Xem chi tiết

3

Thu cũ đổi mới: Giảm đến 2,000,000đ (Không kèm ưu đãi thanh toán qua cổng, mua kèm) Xem chi tiết";;https://www.thegioididong.com/may-tinh-bang/ipad-11-5g-128gb;DEBUG_OOS_iPad A16 5G 256GB_Hồng_081451.png
MacBook Air 15 inch M4 16GB/1TB;Bạc;Yes;41190000;39690000;2026-02-01;"Khuyến mãi trị giá 800.000₫

Giá và khuyến mãi dự kiến áp dụng đến 23:59 | 28/02
1

Phiếu mua hàng Chuột, Bàn phím (Apple) trị giá 500,000đ

2

Tặng Phiếu mua hàng Balo, Túi chống sốc (giá trị trên 1,000,000đ) trị giá 300,000đ

3

Tặng Phiếu mua hàng Màn hình máy tính trị giá 300.000đ";"Ưu đãi thanh toán Online (Click chọn để áp dụng)
 Giảm 250.000đ -
Xem chi tiết
Áp dụng sản phẩm từ 5.000.000đ trở lên.";https://www.thegioididong.com/laptop/macbook-air-15-inch-m4-16gb-256gb;Skipped
iPad A16 WiFi 256GB;Bạc;Yes;12590000;11590000;2026-02-01;"Khuyến mãi trị giá 400.000₫

Giá và khuyến mãi dự kiến áp dụng đến 23:59 | 28/02
1

Phiếu mua hàng Apple Pencil trị giá 400,000đ

2

Tặng Phiếu mua hàng mua Balo; Túi Chống sốc; Ốp lưng; KBV Camera; Sạc dự phòng (trừ AVA+, Hydrus); nhóm Tai nghe bluetooth, Loa Bluetooth các hãng JBL, Marshall,Harman Kardon; đồng hồ thông minh (trừ Apple) trị giá 100.000đ

3

Phiếu mua hàng mua Sim data 500GB 1 tháng trị giá 100,000đ Xem chi tiết

4

Thu cũ đổi mới: Giảm đến 2,000,000đ (Không kèm ưu đãi thanh toán qua cổng, mua kèm) Xem chi tiết";"Ưu đãi thanh toán Online (Click chọn để áp dụng)
 Giảm 250.000đ -
Xem chi tiết
Áp dụng sản phẩm từ 5.000.000đ trở lên.";https://www.thegioididong.com/may-tinh-bang/ipad-11-wifi-128gb;Skipped
iPad Air M3 11 inch 5G 128GB;Đen - Xám;Yes;20790000;17790000;2026-02-01;"Khuyến mãi trị giá 400.000₫

Giá và khuyến mãi dự kiến áp dụng đến 23:59 | 28/02
1

Phiếu mua hàng Apple Pencil trị giá 400,000đ

2

Tặng Phiếu mua hàng mua Balo; Túi Chống sốc; Ốp lưng; KBV Camera; Sạc dự phòng (trừ AVA+, Hydrus); nhóm Tai nghe bluetooth, Loa Bluetooth các hãng JBL, Marshall,Harman Kardon; đồng hồ thông minh (trừ Apple) trị giá 100.000đ

3

Phiếu mua hàng mua Sim data 500GB 1 tháng trị giá 100,000đ Xem chi tiết

4

Thu cũ đổi mới: Giảm đến 2,000,000đ (Không kèm ưu đãi thanh toán qua cổng, mua kèm) Xem chi tiết";"Ưu đãi thanh toán Online (Click chọn để áp dụng)
 Giảm 250.000đ -
Xem chi tiết
Áp dụng sản phẩm từ 5.000.000đ trở lên.";https://www.thegioididong.com/may-tinh-bang/ipad-air-m3-11-inch-5g-128gb;Skipped
iPad Air M3 11 inch WiFi 128GB;Tím;Yes;16690000;13690000;2026-02-01;"Khuyến mãi trị giá 400.000₫

Giá và khuyến mãi dự kiến áp dụng đến 23:59 | 28/02
1

Phiếu mua hàng Apple Pencil trị giá 400,000đ

2

Tặng Phiếu mua hàng mua Balo; Túi Chống sốc; Ốp lưng; KBV Camera; Sạc dự phòng (trừ AVA+, Hydrus); nhóm Tai nghe bluetooth, Loa Bluetooth các hãng JBL, Marshall,Harman Kardon; đồng hồ thông minh (trừ Apple) trị giá 100.000đ

3

Phiếu mua hàng mua Sim data 500GB 1 tháng trị giá 100,000đ Xem chi tiết

4

Thu cũ đổi mới: Giảm đến 2,000,000đ (Không kèm ưu đãi thanh toán qua cổng, mua kèm) Xem chi tiết";"Ưu đãi thanh toán Online (Click chọn để áp dụng)
 Giảm 250.000đ -
Xem chi tiết
Áp dụng sản phẩm từ 5.000.000đ trở lên.";https://www.thegioididong.com/may-tinh-bang/ipad-air-m3-11-inch-wifi-128gb;Skipped
iPad A16 5G 256GB;Vàng;Yes;16790000;15790000;2026-02-01;"Khuyến mãi trị giá 400.000₫

Giá và khuyến mãi dự kiến áp dụng đến 23:59 | 28/02
1

Phiếu mua hàng Apple Pencil trị giá 400,000đ

2

Phiếu mua hàng mua Sim data 500GB 1 tháng trị giá 100,000đ Xem chi tiết

3

Thu cũ đổi mới: Giảm đến 2,000,000đ (Không kèm ưu đãi thanh toán qua cổng, mua kèm) Xem chi tiết";"Ưu đãi thanh toán Online (Click chọn để áp dụng)
 Giảm 1.000.000đ - Xem chi tiết
Áp dụng sản phẩm từ 10.000.000đ trở lên.
 Giảm 250.000đ - Xem chi tiết
Áp dụng sản phẩm từ 5.000.000đ trở lên.";https://www.thegioididong.com/may-tinh-bang/ipad-11-5g-128gb;Skipped
MacBook Air 15 inch M4 16GB/256GB;16GB - 256 GB;Yes;31390000;28990000;2026-02-01;"Khuyến mãi trị giá 800.000₫

Giá và khuyến mãi dự kiến áp dụng đến 23:59 | 28/02
1

Phiếu mua hàng Chuột, Bàn phím (Apple) trị giá 500,000đ

2

Tặng Phiếu mua hàng Balo, Túi chống sốc (giá trị trên 1,000,000đ) trị giá 300,000đ

3

Tặng Phiếu mua hàng Màn hình máy tính trị giá 300.000đ";"Ưu đãi thanh toán Online (Click chọn để áp dụng)
 Giảm 250.000đ -
Xem chi tiết
Áp dụng sản phẩm từ 5.000.000đ trở lên.";https://www.thegioididong.com/laptop/macbook-air-15-inch-m4-16gb-256gb;Skipped
iPad A16 WiFi 256GB;Vàng;Yes;12590000;11590000;2026-02-01;"Khuyến mãi trị giá 400.000₫

Giá và khuyến mãi dự kiến áp dụng đến 23:59 | 28/02
1

Phiếu mua hàng Apple Pencil trị giá 400,000đ

2

Tặng Phiếu mua hàng mua Balo; Túi Chống sốc; Ốp lưng; KBV Camera; Sạc dự phòng (trừ AVA+, Hydrus); nhóm Tai nghe bluetooth, Loa Bluetooth các hãng JBL, Marshall,Harman Kardon; đồng hồ thông minh (trừ Apple) trị giá 100.000đ

3

Phiếu mua hàng mua Sim data 500GB 1 tháng trị giá 100,000đ Xem chi tiết

4

Thu cũ đổi mới: Giảm đến 2,000,000đ (Không kèm ưu đãi thanh toán qua cổng, mua kèm) Xem chi tiết";"Ưu đãi thanh toán Online (Click chọn để áp dụng)
 Giảm 250.000đ -
Xem chi tiết
Áp dụng sản phẩm từ 5.000.000đ trở lên.";https://www.thegioididong.com/may-tinh-bang/ipad-11-wifi-128gb;Skipped
iPad A16 5G 256GB;Bạc;No;16790000;15790000;2026-02-01;"Khuyến mãi trị giá 400.000₫

Giá và khuyến mãi dự kiến áp dụng đến 23:59 | 28/02
1

Phiếu mua hàng Apple Pencil trị giá 400,000đ

2

Phiếu mua hàng mua Sim data 500GB 1 tháng trị giá 100,000đ Xem chi tiết

3

Thu cũ đổi mới: Giảm đến 2,000,000đ (Không kèm ưu đãi thanh toán qua cổng, mua kèm) Xem chi tiết";;https://www.thegioididong.com/may-tinh-bang/ipad-11-5g-128gb;DEBUG_OOS_iPad A16 5G 256GB_Bạc_081502.png
iPad Air M3 11 inch 5G 128GB;Tím;Yes;20790000;17790000;2026-02-01;"Khuyến mãi trị giá 400.000₫

Giá và khuyến mãi dự kiến áp dụng đến 23:59 | 28/02
1

Phiếu mua hàng Apple Pencil trị giá 400,000đ

2

Tặng Phiếu mua hàng mua Balo; Túi Chống sốc; Ốp lưng; KBV Camera; Sạc dự phòng (trừ AVA+, Hydrus); nhóm Tai nghe bluetooth, Loa Bluetooth các hãng JBL, Marshall,Harman Kardon; đồng hồ thông minh (trừ Apple) trị giá 100.000đ

3

Phiếu mua hàng mua Sim data 500GB 1 tháng trị giá 100,000đ Xem chi tiết

4

Thu cũ đổi mới: Giảm đến 2,000,000đ (Không kèm ưu đãi thanh toán qua cổng, mua kèm) Xem chi tiết";"Ưu đãi thanh toán Online (Click chọn để áp dụng)
 Giảm 250.000đ -
Xem chi tiết
Áp dụng sản phẩm từ 5.000.000đ trở lên.";https://www.thegioididong.com/may-tinh-bang/ipad-air-m3-11-inch-5g-128gb;Skipped
iPad Air M3 11 inch WiFi 256GB;Đen - Xám;Yes;19390000;16390000;2026-02-01;"Khuyến mãi trị giá 400.000₫

Giá và khuyến mãi dự kiến áp dụng đến 23:59 | 28/02
1

Phiếu mua hàng Apple Pencil trị giá 400,000đ

2

Tặng Phiếu mua hàng mua Balo; Túi Chống sốc; Ốp lưng; KBV Camera; Sạc dự phòng (trừ AVA+, Hydrus); nhóm Tai nghe bluetooth, Loa Bluetooth các hãng JBL, Marshall,Harman Kardon; đồng hồ thông minh (trừ Apple) trị giá 100.000đ

3

Phiếu mua hàng mua Sim data 500GB 1 tháng trị giá 100,000đ Xem chi tiết

4

Thu cũ đổi mới: Giảm đến 2,000,000đ (Không kèm ưu đãi thanh toán qua cổng, mua kèm) Xem chi tiết";"Ưu đãi thanh toán Online (Click chọn để áp dụng)
 Giảm 1.000.000đ - Xem chi tiết
Áp dụng sản phẩm từ 10.000.000đ trở lên.
 Giảm 250.000đ - Xem chi tiết
Áp dụng sản phẩm từ 5.000.000đ trở lên.";https://www.thegioididong.com/may-tinh-bang/ipad-air-m3-11-inch-wifi-128gb;Skipped
iPad A16 5G 256GB;Xanh Dương;No;16790000;15790000;2026-02-01;"Khuyến mãi trị giá 400.000₫

Giá và khuyến mãi dự kiến áp dụng đến 23:59 | 28/02
1

Phiếu mua hàng Apple Pencil trị giá 400,000đ

2

Tặng Phiếu mua hàng mua Balo; Túi Chống sốc; Ốp lưng; KBV Camera; Sạc dự phòng (trừ AVA+, Hydrus); nhóm Tai nghe bluetooth, Loa Bluetooth các hãng JBL, Marshall,Harman Kardon; đồng hồ thông minh (trừ Apple) trị giá 100.000đ

3

Phiếu mua hàng mua Sim data 500GB 1 tháng trị giá 100,000đ Xem chi tiết

4

Thu cũ đổi mới: Giảm đến 2,000,000đ (Không kèm ưu đãi thanh toán qua cổng, mua kèm) Xem chi tiết";;https://www.thegioididong.com/may-tinh-bang/ipad-11-5g-128gb;DEBUG_OOS_iPad A16 5G 256GB_Xanh Dương_081505.png
MacBook Air 15 inch M4 16GB/1TB;16GB - 1 TB;Yes;41190000;39690000;2026-02-01;"Khuyến mãi trị giá 800.000₫

Giá và khuyến mãi dự kiến áp dụng đến 23:59 | 28/02
1

Phiếu mua hàng Chuột, Bàn phím (Apple) trị giá 500,000đ

2

Tặng Phiếu mua hàng Balo, Túi chống sốc (giá trị trên 1,000,000đ) trị giá 300,000đ

3

Tặng Phiếu mua hàng Màn hình máy tính trị giá 300.000đ";"Ưu đãi thanh toán Online (Click chọn để áp dụng)
 Giảm 250.000đ -
Xem chi tiết
Áp dụng sản phẩm từ 5.000.000đ trở lên.";https://www.thegioididong.com/laptop/macbook-air-15-inch-m4-16gb-256gb;Skipped
iPad A16 WiFi 256GB;Hồng;Yes;12590000;11590000;2026-02-01;"Khuyến mãi trị giá 400.000₫

Giá và khuyến mãi dự kiến áp dụng đến 23:59 | 28/02
1

Phiếu mua hàng Apple Pencil trị giá 400,000đ

2

Tặng Phiếu mua hàng mua Balo; Túi Chống sốc; Ốp lưng; KBV Camera; Sạc dự phòng (trừ AVA+, Hydrus); nhóm Tai nghe bluetooth, Loa Bluetooth các hãng JBL, Marshall,Harman Kardon; đồng hồ thông minh (trừ Apple) trị giá 100.000đ

3

Phiếu mua hàng mua Sim data 500GB 1 tháng trị giá 100,000đ Xem chi tiết

4

Thu cũ đổi mới: Giảm đến 2,000,000đ (Không kèm ưu đãi thanh toán qua cổng, mua kèm) Xem chi tiết";"Ưu đãi thanh toán Online (Click chọn để áp dụng)
 Giảm 250.000đ -
Xem chi tiết
Áp dụng sản phẩm từ 5.000.000đ trở lên.";https://www.thegioididong.com/may-tinh-bang/ipad-11-wifi-128gb;Skipped
iPad A16 5G 256GB;Hồng;No;16790000;15790000;2026-02-01;"Khuyến mãi trị giá 400.000₫

Giá và khuyến mãi dự kiến áp dụng đến 23:59 | 28/02
1

Phiếu mua hàng Apple Pencil trị giá 400,000đ

2

Phiếu mua hàng mua Sim data 500GB 1 tháng trị giá 100,000đ Xem chi tiết

3

Thu cũ đổi mới: Giảm đến 2,000,000đ (Không kèm ưu đãi thanh toán qua cổng, mua kèm) Xem chi tiết";;https://www.thegioididong.com/may-tinh-bang/ipad-11-5g-128gb;DEBUG_OOS_iPad A16 5G 256GB_Hồng_081508.png
MacBook Air 15 inch M4 16GB/1TB;Xanh đen;No;41190000;39690000;2026-02-01;"Khuyến mãi trị giá 800.000₫

Giá và khuyến mãi dự kiến áp dụng đến 23:59 | 28/02
1

Phiếu mua hàng Chuột, Bàn phím (Apple) trị giá 500,000đ

2

Tặng Phiếu mua hàng Balo, Túi chống sốc (giá trị trên 1,000,000đ) trị giá 300,000đ

3

Tặng Phiếu mua hàng Màn hình máy tính trị giá 300.000đ";;https://www.thegioididong.com/laptop/macbook-air-15-inch-m4-16gb-256gb;DEBUG_OOS_MacBook Air 15 inch M4 16GB/1TB_Xanh đen_081509.png
iPad Air M3 11 inch 5G 128GB;Trắng Starlight;Yes;20790000;17790000;2026-02-01;"Khuyến mãi trị giá 400.000₫

Giá và khuyến mãi dự kiến áp dụng đến 23:59 | 28/02
1

Phiếu mua hàng Apple Pencil trị giá 400,000đ

2

Tặng Phiếu mua hàng mua Balo; Túi Chống sốc; Ốp lưng; KBV Camera; Sạc dự phòng (trừ AVA+, Hydrus); nhóm Tai nghe bluetooth, Loa Bluetooth các hãng JBL, Marshall,Harman Kardon; đồng hồ thông minh (trừ Apple) trị giá 100.000đ

3

Phiếu mua hàng mua Sim data 500GB 1 tháng trị giá 100,000đ Xem chi tiết

4

Thu cũ đổi mới: Giảm đến 2,000,000đ (Không kèm ưu đãi thanh toán qua cổng, mua kèm) Xem chi tiết";"Ưu đãi thanh toán Online (Click chọn để áp dụng)
 Giảm 250.000đ -
Xem chi tiết
Áp dụng sản phẩm từ 5.000.000đ trở lên.";https://www.thegioididong.com/may-tinh-bang/ipad-air-m3-11-inch-5g-128gb;Skipped
iPad Air M3 11 inch WiFi 256GB;Xanh Dương;Yes;19390000;16390000;2026-02-01;"Khuyến mãi trị giá 400.000₫

Giá và khuyến mãi dự kiến áp dụng đến 23:59 | 28/02
1

Phiếu mua hàng Apple Pencil trị giá 400,000đ

2

Tặng Phiếu mua hàng mua Balo; Túi Chống sốc; Ốp lưng; KBV Camera; Sạc dự phòng (trừ AVA+, Hydrus); nhóm Tai nghe bluetooth, Loa Bluetooth các hãng JBL, Marshall,Harman Kardon; đồng hồ thông minh (trừ Apple) trị giá 100.000đ

3

Phiếu mua hàng mua Sim data 500GB 1 tháng trị giá 100,000đ Xem chi tiết

4

Thu cũ đổi mới: Giảm đến 2,000,000đ (Không kèm ưu đãi thanh toán qua cổng, mua kèm) Xem chi tiết";"Ưu đãi thanh toán Online (Click chọn để áp dụng)
 Giảm 1.000.000đ - Xem chi tiết
Áp dụng sản phẩm từ 10.000.000đ trở lên.
 Giảm 250.000đ - Xem chi tiết
Áp dụng sản phẩm từ 5.000.000đ trở lên.";https://www.thegioididong.com/may-tinh-bang/ipad-air-m3-11-inch-wifi-128gb;Skipped
MacBook Air 15 inch M4 16GB/1TB;Vàng;No;41190000;39690000;2026-02-01;"Khuyến mãi trị giá 800.000₫

Giá và khuyến mãi dự kiến áp dụng đến 23:59 | 28/02
1

Phiếu mua hàng Chuột, Bàn phím (Apple) trị giá 500,000đ

2

Tặng Phiếu mua hàng Balo, Túi chống sốc (giá trị trên 1,000,000đ) trị giá 300,000đ

3

Tặng Phiếu mua hàng Màn hình máy tính trị giá 300.000đ";;https://www.thegioididong.com/laptop/macbook-air-15-inch-m4-16gb-256gb;DEBUG_OOS_MacBook Air 15 inch M4 16GB/1TB_Vàng_081512.png
iPad A16 5G 256GB;Vàng;Yes;16790000;15790000;2026-02-01;"Khuyến mãi trị giá 400.000₫

Giá và khuyến mãi dự kiến áp dụng đến 23:59 | 28/02
1

Phiếu mua hàng Apple Pencil trị giá 400,000đ

2

Phiếu mua hàng mua Sim data 500GB 1 tháng trị giá 100,000đ Xem chi tiết

3

Thu cũ đổi mới: Giảm đến 2,000,000đ (Không kèm ưu đãi thanh toán qua cổng, mua kèm) Xem chi tiết";"Ưu đãi thanh toán Online (Click chọn để áp dụng)
 Giảm 1.000.000đ - Xem chi tiết
Áp dụng sản phẩm từ 10.000.000đ trở lên.
 Giảm 250.000đ - Xem chi tiết
Áp dụng sản phẩm từ 5.000.000đ trở lên.";https://www.thegioididong.com/may-tinh-bang/ipad-11-5g-128gb;Skipped
iPad A16 WiFi 256GB;Xanh Dương;Yes;12590000;11590000;2026-02-01;"Khuyến mãi trị giá 400.000₫

Giá và khuyến mãi dự kiến áp dụng đến 23:59 | 28/02
1

Phiếu mua hàng Apple Pencil trị giá 400,000đ

2

Tặng Phiếu mua hàng mua Balo; Túi Chống sốc; Ốp lưng; KBV Camera; Sạc dự phòng (trừ AVA+, Hydrus); nhóm Tai nghe bluetooth, Loa Bluetooth các hãng JBL, Marshall,Harman Kardon; đồng hồ thông minh (trừ Apple) trị giá 100.000đ

3

Phiếu mua hàng mua Sim data 500GB 1 tháng trị giá 100,000đ Xem chi tiết

4

Thu cũ đổi mới: Giảm đến 2,000,000đ (Không kèm ưu đãi thanh toán qua cổng, mua kèm) Xem chi tiết";"Ưu đãi thanh toán Online (Click chọn để áp dụng)
 Giảm 250.000đ -
Xem chi tiết
Áp dụng sản phẩm từ 5.000.000đ trở lên.";https://www.thegioididong.com/may-tinh-bang/ipad-11-wifi-128gb;Skipped
iPad Air M3 11 inch 5G 128GB;Xanh Dương;Yes;20790000;17790000;2026-02-01;"Khuyến mãi trị giá 400.000₫

Giá và khuyến mãi dự kiến áp dụng đến 23:59 | 28/02
1

Phiếu mua hàng Apple Pencil trị giá 400,000đ

2

Phiếu mua hàng mua Sim data 500GB 1 tháng trị giá 100,000đ Xem chi tiết

3

Thu cũ đổi mới: Giảm đến 2,000,000đ (Không kèm ưu đãi thanh toán qua cổng, mua kèm) Xem chi tiết";"Ưu đãi thanh toán Online (Click chọn để áp dụng)
 Giảm 250.000đ -
Xem chi tiết
Áp dụng sản phẩm từ 5.000.000đ trở lên.";https://www.thegioididong.com/may-tinh-bang/ipad-air-m3-11-inch-5g-128gb;Skipped
iPad Air M3 11 inch WiFi 256GB;Tím;Yes;19390000;16390000;2026-02-01;"Khuyến mãi trị giá 400.000₫

Giá và khuyến mãi dự kiến áp dụng đến 23:59 | 28/02
1

Phiếu mua hàng Apple Pencil trị giá 400,000đ

2

Tặng Phiếu mua hàng mua Balo; Túi Chống sốc; Ốp lưng; KBV Camera; Sạc dự phòng (trừ AVA+, Hydrus); nhóm Tai nghe bluetooth, Loa Bluetooth các hãng JBL, Marshall,Harman Kardon; đồng hồ thông minh (trừ Apple) trị giá 100.000đ

3

Phiếu mua hàng mua Sim data 500GB 1 tháng trị giá 100,000đ Xem chi tiết

4

Thu cũ đổi mới: Giảm đến 2,000,000đ (Không kèm ưu đãi thanh toán qua cổng, mua kèm) Xem chi tiết";"Ưu đãi thanh toán Online (Click chọn để áp dụng)
 Giảm 1.000.000đ - Xem chi tiết
Áp dụng sản phẩm từ 10.000.000đ trở lên.
 Giảm 250.000đ - Xem chi tiết
Áp dụng sản phẩm từ 5.000.000đ trở lên.";https://www.thegioididong.com/may-tinh-bang/ipad-air-m3-11-inch-wifi-128gb;Skipped
MacBook Air 15 inch M4 16GB/1TB;Xanh da trời nhạt;No;41190000;39690000;2026-02-01;"Khuyến mãi trị giá 800.000₫

Giá và khuyến mãi dự kiến áp dụng đến 23:59 | 28/02
1

Phiếu mua hàng Chuột, Bàn phím (Apple) trị giá 500,000đ

2

Tặng Phiếu mua hàng Balo, Túi chống sốc (giá trị trên 1,000,000đ) trị giá 300,000đ

3

Tặng Phiếu mua hàng Màn hình máy tính trị giá 300.000đ";;https://www.thegioididong.com/laptop/macbook-air-15-inch-m4-16gb-256gb;DEBUG_OOS_MacBook Air 15 inch M4 16GB/1TB_Xanh da trời nhạt_081518.png
iPad A16 5G 256GB;Bạc;No;16790000;15790000;2026-02-01;"Khuyến mãi trị giá 400.000₫

Giá và khuyến mãi dự kiến áp dụng đến 23:59 | 28/02
1

Phiếu mua hàng Apple Pencil trị giá 400,000đ

2

Phiếu mua hàng mua Sim data 500GB 1 tháng trị giá 100,000đ Xem chi tiết

3

Thu cũ đổi mới: Giảm đến 2,000,000đ (Không kèm ưu đãi thanh toán qua cổng, mua kèm) Xem chi tiết";;https://www.thegioididong.com/may-tinh-bang/ipad-11-5g-128gb;DEBUG_OOS_iPad A16 5G 256GB_Bạc_081522.png
iPad A16 WiFi 256GB;Bạc;Yes;12590000;11590000;2026-02-01;"Khuyến mãi trị giá 400.000₫

Giá và khuyến mãi dự kiến áp dụng đến 23:59 | 28/02
1

Phiếu mua hàng Apple Pencil trị giá 400,000đ

2

Tặng Phiếu mua hàng mua Balo; Túi Chống sốc; Ốp lưng; KBV Camera; Sạc dự phòng (trừ AVA+, Hydrus); nhóm Tai nghe bluetooth, Loa Bluetooth các hãng JBL, Marshall,Harman Kardon; đồng hồ thông minh (trừ Apple) trị giá 100.000đ

3

Phiếu mua hàng mua Sim data 500GB 1 tháng trị giá 100,000đ Xem chi tiết

4

Thu cũ đổi mới: Giảm đến 2,000,000đ (Không kèm ưu đãi thanh toán qua cổng, mua kèm) Xem chi tiết";"Ưu đãi thanh toán Online (Click chọn để áp dụng)
 Giảm 250.000đ -
Xem chi tiết
Áp dụng sản phẩm từ 5.000.000đ trở lên.";https://www.thegioididong.com/may-tinh-bang/ipad-11-wifi-128gb;Skipped
MacBook Air 15 inch M4 16GB/1TB;Bạc;Yes;41190000;39690000;2026-02-01;"Khuyến mãi trị giá 800.000₫

Giá và khuyến mãi dự kiến áp dụng đến 23:59 | 28/02
1

Phiếu mua hàng Chuột, Bàn phím (Apple) trị giá 500,000đ

2

Tặng Phiếu mua hàng Balo, Túi chống sốc (giá trị trên 1,000,000đ) trị giá 300,000đ

3

Tặng Phiếu mua hàng Màn hình máy tính trị giá 300.000đ";"Ưu đãi thanh toán Online (Click chọn để áp dụng)
 Giảm 250.000đ -
Xem chi tiết
Áp dụng sản phẩm từ 5.000.000đ trở lên.";https://www.thegioididong.com/laptop/macbook-air-15-inch-m4-16gb-256gb;Skipped
iPad Air M3 11 inch WiFi 256GB;Trắng Starlight;Yes;19390000;16390000;2026-02-01;"Khuyến mãi trị giá 400.000₫

Giá và khuyến mãi dự kiến áp dụng đến 23:59 | 28/02
1

Phiếu mua hàng Apple Pencil trị giá 400,000đ

2

Phiếu mua hàng mua Sim data 500GB 1 tháng trị giá 100,000đ Xem chi tiết

3

Thu cũ đổi mới: Giảm đến 2,000,000đ (Không kèm ưu đãi thanh toán qua cổng, mua kèm) Xem chi tiết";"Ưu đãi thanh toán Online (Click chọn để áp dụng)
 Giảm 1.000.000đ - Xem chi tiết
Áp dụng sản phẩm từ 10.000.000đ trở lên.
 Giảm 250.000đ - Xem chi tiết
Áp dụng sản phẩm từ 5.000.000đ trở lên.";https://www.thegioididong.com/may-tinh-bang/ipad-air-m3-11-inch-wifi-128gb;Skipped
iPad A16 5G 256GB;Xanh Dương;No;16790000;15790000;2026-02-01;"Khuyến mãi trị giá 400.000₫

Giá và khuyến mãi dự kiến áp dụng đến 23:59 | 28/02
1

Phiếu mua hàng Apple Pencil trị giá 400,000đ

2

Tặng Phiếu mua hàng mua Balo; Túi Chống sốc; Ốp lưng; KBV Camera; Sạc dự phòng (trừ AVA+, Hydrus); nhóm Tai nghe bluetooth, Loa Bluetooth các hãng JBL, Marshall,Harman Kardon; đồng hồ thông minh (trừ Apple) trị giá 100.000đ

3

Phiếu mua hàng mua Sim data 500GB 1 tháng trị giá 100,000đ Xem chi tiết

4

Thu cũ đổi mới: Giảm đến 2,000,000đ (Không kèm ưu đãi thanh toán qua cổng, mua kèm) Xem chi tiết";;https://www.thegioididong.com/may-tinh-bang/ipad-11-5g-128gb;DEBUG_OOS_iPad A16 5G 256GB_Xanh Dương_081526.png
iPad Air M3 11 inch 5G 128GB;Đen - Xám;Yes;20790000;17790000;2026-02-01;"Khuyến mãi trị giá 400.000₫

Giá và khuyến mãi dự kiến áp dụng đến 23:59 | 28/02
1

Phiếu mua hàng Apple Pencil trị giá 400,000đ

2

Tặng Phiếu mua hàng mua Balo; Túi Chống sốc; Ốp lưng; KBV Camera; Sạc dự phòng (trừ AVA+, Hydrus); nhóm Tai nghe bluetooth, Loa Bluetooth các hãng JBL, Marshall,Harman Kardon; đồng hồ thông minh (trừ Apple) trị giá 100.000đ

3

Phiếu mua hàng mua Sim data 500GB 1 tháng trị giá 100,000đ Xem chi tiết

4

Thu cũ đổi mới: Giảm đến 2,000,000đ (Không kèm ưu đãi thanh toán qua cổng, mua kèm) Xem chi tiết";"Ưu đãi thanh toán Online (Click chọn để áp dụng)
 Giảm 250.000đ -
Xem chi tiết
Áp dụng sản phẩm từ 5.000.000đ trở lên.";https://www.thegioididong.com/may-tinh-bang/ipad-air-m3-11-inch-5g-128gb;Skipped
iPad A16 WiFi 256GB;Vàng;Yes;12590000;11590000;2026-02-01;"Khuyến mãi trị giá 400.000₫

Giá và khuyến mãi dự kiến áp dụng đến 23:59 | 28/02
1

Phiếu mua hàng Apple Pencil trị giá 400,000đ

2

Tặng Phiếu mua hàng mua Balo; Túi Chống sốc; Ốp lưng; KBV Camera; Sạc dự phòng (trừ AVA+, Hydrus); nhóm Tai nghe bluetooth, Loa Bluetooth các hãng JBL, Marshall,Harman Kardon; đồng hồ thông minh (trừ Apple) trị giá 100.000đ

3

Phiếu mua hàng mua Sim data 500GB 1 tháng trị giá 100,000đ Xem chi tiết

4

Thu cũ đổi mới: Giảm đến 2,000,000đ (Không kèm ưu đãi thanh toán qua cổng, mua kèm) Xem chi tiết";"Ưu đãi thanh toán Online (Click chọn để áp dụng)
 Giảm 250.000đ -
Xem chi tiết
Áp dụng sản phẩm từ 5.000.000đ trở lên.";https://www.thegioididong.com/may-tinh-bang/ipad-11-wifi-128gb;Skipped
iPad A16 5G 256GB;Hồng;No;16790000;15790000;2026-02-01;"Khuyến mãi trị giá 400.000₫

Giá và khuyến mãi dự kiến áp dụng đến 23:59 | 28/02
1

Phiếu mua hàng Apple Pencil trị giá 400,000đ

2

Phiếu mua hàng mua Sim data 500GB 1 tháng trị giá 100,000đ Xem chi tiết

3

Thu cũ đổi mới: Giảm đến 2,000,000đ (Không kèm ưu đãi thanh toán qua cổng, mua kèm) Xem chi tiết";;https://www.thegioididong.com/may-tinh-bang/ipad-11-5g-128gb;DEBUG_OOS_iPad A16 5G 256GB_Hồng_081532.png
MacBook Air 15 inch M4 16GB/256GB;16GB - 256 GB;Yes;31390000;28990000;2026-02-01;"Khuyến mãi trị giá 800.000₫

Giá và khuyến mãi dự kiến áp dụng đến 23:59 | 28/02
1

Phiếu mua hàng Chuột, Bàn phím (Apple) trị giá 500,000đ

2

Tặng Phiếu mua hàng Balo, Túi chống sốc (giá trị trên 1,000,000đ) trị giá 300,000đ

3

Tặng Phiếu mua hàng Màn hình máy tính trị giá 300.000đ";"Ưu đãi thanh toán Online (Click chọn để áp dụng)
 Giảm 250.000đ -
Xem chi tiết
Áp dụng sản phẩm từ 5.000.000đ trở lên.";https://www.thegioididong.com/laptop/macbook-air-15-inch-m4-16gb-256gb;Skipped
iPad Air M3 11 inch 5G 128GB;Tím;Yes;20790000;17790000;2026-02-01;"Khuyến mãi trị giá 400.000₫

Giá và khuyến mãi dự kiến áp dụng đến 23:59 | 28/02
1

Phiếu mua hàng Apple Pencil trị giá 400,000đ

2

Tặng Phiếu mua hàng mua Balo; Túi Chống sốc; Ốp lưng; KBV Camera; Sạc dự phòng (trừ AVA+, Hydrus); nhóm Tai nghe bluetooth, Loa Bluetooth các hãng JBL, Marshall,Harman Kardon; đồng hồ thông minh (trừ Apple) trị giá 100.000đ

3

Phiếu mua hàng mua Sim data 500GB 1 tháng trị giá 100,000đ Xem chi tiết

4

Thu cũ đổi mới: Giảm đến 2,000,000đ (Không kèm ưu đãi thanh toán qua cổng, mua kèm) Xem chi tiết";"Ưu đãi thanh toán Online (Click chọn để áp dụng)
 Giảm 250.000đ -
Xem chi tiết
Áp dụng sản phẩm từ 5.000.000đ trở lên.";https://www.thegioididong.com/may-tinh-bang/ipad-air-m3-11-inch-5g-128gb;Skipped
iPad Air M3 11 inch WiFi 256GB;Đen - Xám;Yes;19390000;16390000;2026-02-01;"Khuyến mãi trị giá 400.000₫

Giá và khuyến mãi dự kiến áp dụng đến 23:59 | 28/02
1

Phiếu mua hàng Apple Pencil trị giá 400,000đ

2

Tặng Phiếu mua hàng mua Balo; Túi Chống sốc; Ốp lưng; KBV Camera; Sạc dự phòng (trừ AVA+, Hydrus); nhóm Tai nghe bluetooth, Loa Bluetooth các hãng JBL, Marshall,Harman Kardon; đồng hồ thông minh (trừ Apple) trị giá 100.000đ

3

Phiếu mua hàng mua Sim data 500GB 1 tháng trị giá 100,000đ Xem chi tiết

4

Thu cũ đổi mới: Giảm đến 2,000,000đ (Không kèm ưu đãi thanh toán qua cổng, mua kèm) Xem chi tiết";"Ưu đãi thanh toán Online (Click chọn để áp dụng)
 Giảm 1.000.000đ - Xem chi tiết
Áp dụng sản phẩm từ 10.000.000đ trở lên.
 Giảm 250.000đ - Xem chi tiết
Áp dụng sản phẩm từ 5.000.000đ trở lên.";https://www.thegioididong.com/may-tinh-bang/ipad-air-m3-11-inch-wifi-128gb;Skipped
iPad A16 WiFi 256GB;Hồng;Yes;12590000;11590000;2026-02-01;"Khuyến mãi trị giá 400.000₫

Giá và khuyến mãi dự kiến áp dụng đến 23:59 | 28/02
1

Phiếu mua hàng Apple Pencil trị giá 400,000đ

2

Tặng Phiếu mua hàng mua Balo; Túi Chống sốc; Ốp lưng; KBV Camera; Sạc dự phòng (trừ AVA+, Hydrus); nhóm Tai nghe bluetooth, Loa Bluetooth các hãng JBL, Marshall,Harman Kardon; đồng hồ thông minh (trừ Apple) trị giá 100.000đ

3

Phiếu mua hàng mua Sim data 500GB 1 tháng trị giá 100,000đ Xem chi tiết

4

Thu cũ đổi mới: Giảm đến 2,000,000đ (Không kèm ưu đãi thanh toán qua cổng, mua kèm) Xem chi tiết";"Ưu đãi thanh toán Online (Click chọn để áp dụng)
 Giảm 250.000đ -
Xem chi tiết
Áp dụng sản phẩm từ 5.000.000đ trở lên.";https://www.thegioididong.com/may-tinh-bang/ipad-11-wifi-128gb;Skipped
iPad A16 5G 256GB;Vàng;Yes;16790000;15790000;2026-02-01;"Khuyến mãi trị giá 400.000₫

Giá và khuyến mãi dự kiến áp dụng đến 23:59 | 28/02
1

Phiếu mua hàng Apple Pencil trị giá 400,000đ

2

Phiếu mua hàng mua Sim data 500GB 1 tháng trị giá 100,000đ Xem chi tiết

3

Thu cũ đổi mới: Giảm đến 2,000,000đ (Không kèm ưu đãi thanh toán qua cổng, mua kèm) Xem chi tiết";"Ưu đãi thanh toán Online (Click chọn để áp dụng)
 Giảm 1.000.000đ - Xem chi tiết
Áp dụng sản phẩm từ 10.000.000đ trở lên.
 Giảm 250.000đ - Xem chi tiết
Áp dụng sản phẩm từ 5.000.000đ trở lên.";https://www.thegioididong.com/may-tinh-bang/ipad-11-5g-128gb;Skipped
MacBook Air 15 inch M4 16GB/1TB;16GB - 1 TB;Yes;41190000;39690000;2026-02-01;"Khuyến mãi trị giá 800.000₫

Giá và khuyến mãi dự kiến áp dụng đến 23:59 | 28/02
1

Phiếu mua hàng Chuột, Bàn phím (Apple) trị giá 500,000đ

2

Tặng Phiếu mua hàng Balo, Túi chống sốc (giá trị trên 1,000,000đ) trị giá 300,000đ

3

Tặng Phiếu mua hàng Màn hình máy tính trị giá 300.000đ";"Ưu đãi thanh toán Online (Click chọn để áp dụng)
 Giảm 250.000đ -
Xem chi tiết
Áp dụng sản phẩm từ 5.000.000đ trở lên.";https://www.thegioididong.com/laptop/macbook-air-15-inch-m4-16gb-256gb;Skipped
iPad Air M3 11 inch 5G 128GB;Trắng Starlight;Yes;20790000;17790000;2026-02-01;"Khuyến mãi trị giá 400.000₫

Giá và khuyến mãi dự kiến áp dụng đến 23:59 | 28/02
1

Phiếu mua hàng Apple Pencil trị giá 400,000đ

2

Tặng Phiếu mua hàng mua Balo; Túi Chống sốc; Ốp lưng; KBV Camera; Sạc dự phòng (trừ AVA+, Hydrus); nhóm Tai nghe bluetooth, Loa Bluetooth các hãng JBL, Marshall,Harman Kardon; đồng hồ thông minh (trừ Apple) trị giá 100.000đ

3

Phiếu mua hàng mua Sim data 500GB 1 tháng trị giá 100,000đ Xem chi tiết

4

Thu cũ đổi mới: Giảm đến 2,000,000đ (Không kèm ưu đãi thanh toán qua cổng, mua kèm) Xem chi tiết";"Ưu đãi thanh toán Online (Click chọn để áp dụng)
 Giảm 250.000đ -
Xem chi tiết
Áp dụng sản phẩm từ 5.000.000đ trở lên.";https://www.thegioididong.com/may-tinh-bang/ipad-air-m3-11-inch-5g-128gb;Skipped
iPad Air M3 11 inch WiFi 256GB;Xanh Dương;Yes;19390000;16390000;2026-02-01;"Khuyến mãi trị giá 400.000₫

Giá và khuyến mãi dự kiến áp dụng đến 23:59 | 28/02
1

Phiếu mua hàng Apple Pencil trị giá 400,000đ

2

Tặng Phiếu mua hàng mua Balo; Túi Chống sốc; Ốp lưng; KBV Camera; Sạc dự phòng (trừ AVA+, Hydrus); nhóm Tai nghe bluetooth, Loa Bluetooth các hãng JBL, Marshall,Harman Kardon; đồng hồ thông minh (trừ Apple) trị giá 100.000đ

3

Phiếu mua hàng mua Sim data 500GB 1 tháng trị giá 100,000đ Xem chi tiết

4

Thu cũ đổi mới: Giảm đến 2,000,000đ (Không kèm ưu đãi thanh toán qua cổng, mua kèm) Xem chi tiết";"Ưu đãi thanh toán Online (Click chọn để áp dụng)
 Giảm 1.000.000đ - Xem chi tiết
Áp dụng sản phẩm từ 10.000.000đ trở lên.
 Giảm 250.000đ - Xem chi tiết
Áp dụng sản phẩm từ 5.000.000đ trở lên.";https://www.thegioididong.com/may-tinh-bang/ipad-air-m3-11-inch-wifi-128gb;Skipped
iPad A16 5G 256GB;Bạc;No;16790000;15790000;2026-02-01;"Khuyến mãi trị giá 400.000₫

Giá và khuyến mãi dự kiến áp dụng đến 23:59 | 28/02
1

Phiếu mua hàng Apple Pencil trị giá 400,000đ

2

Phiếu mua hàng mua Sim data 500GB 1 tháng trị giá 100,000đ Xem chi tiết

3

Thu cũ đổi mới: Giảm đến 2,000,000đ (Không kèm ưu đãi thanh toán qua cổng, mua kèm) Xem chi tiết";;https://www.thegioididong.com/may-tinh-bang/ipad-11-5g-128gb;DEBUG_OOS_iPad A16 5G 256GB_Bạc_081548.png
MacBook Air 15 inch M4 16GB/1TB;Xanh đen;No;41190000;39690000;2026-02-01;"Khuyến mãi trị giá 800.000₫

Giá và khuyến mãi dự kiến áp dụng đến 23:59 | 28/02
1

Phiếu mua hàng Chuột, Bàn phím (Apple) trị giá 500,000đ

2

Tặng Phiếu mua hàng Balo, Túi chống sốc (giá trị trên 1,000,000đ) trị giá 300,000đ

3

Tặng Phiếu mua hàng Màn hình máy tính trị giá 300.000đ";;https://www.thegioididong.com/laptop/macbook-air-15-inch-m4-16gb-256gb;DEBUG_OOS_MacBook Air 15 inch M4 16GB/1TB_Xanh đen_081551.png
iPad A16 WiFi 256GB;Xanh Dương;Yes;12590000;11590000;2026-02-01;"Khuyến mãi trị giá 400.000₫

Giá và khuyến mãi dự kiến áp dụng đến 23:59 | 28/02
1

Phiếu mua hàng Apple Pencil trị giá 400,000đ

2

Tặng Phiếu mua hàng mua Balo; Túi Chống sốc; Ốp lưng; KBV Camera; Sạc dự phòng (trừ AVA+, Hydrus); nhóm Tai nghe bluetooth, Loa Bluetooth các hãng JBL, Marshall,Harman Kardon; đồng hồ thông minh (trừ Apple) trị giá 100.000đ

3

Phiếu mua hàng mua Sim data 500GB 1 tháng trị giá 100,000đ Xem chi tiết

4

Thu cũ đổi mới: Giảm đến 2,000,000đ (Không kèm ưu đãi thanh toán qua cổng, mua kèm) Xem chi tiết";"Ưu đãi thanh toán Online (Click chọn để áp dụng)
 Giảm 250.000đ -
Xem chi tiết
Áp dụng sản phẩm từ 5.000.000đ trở lên.";https://www.thegioididong.com/may-tinh-bang/ipad-11-wifi-128gb;Skipped
iPad A16 5G 256GB;Xanh Dương;No;16790000;15790000;2026-02-01;"Khuyến mãi trị giá 400.000₫

Giá và khuyến mãi dự kiến áp dụng đến 23:59 | 28/02
1

Phiếu mua hàng Apple Pencil trị giá 400,000đ

2

Tặng Phiếu mua hàng mua Balo; Túi Chống sốc; Ốp lưng; KBV Camera; Sạc dự phòng (trừ AVA+, Hydrus); nhóm Tai nghe bluetooth, Loa Bluetooth các hãng JBL, Marshall,Harman Kardon; đồng hồ thông minh (trừ Apple) trị giá 100.000đ

3

Phiếu mua hàng mua Sim data 500GB 1 tháng trị giá 100,000đ Xem chi tiết

4

Thu cũ đổi mới: Giảm đến 2,000,000đ (Không kèm ưu đãi thanh toán qua cổng, mua kèm) Xem chi tiết";;https://www.thegioididong.com/may-tinh-bang/ipad-11-5g-128gb;DEBUG_OOS_iPad A16 5G 256GB_Xanh Dương_081553.png
iPad Air M3 11 inch 5G 128GB;Xanh Dương;Yes;20790000;17790000;2026-02-01;"Khuyến mãi trị giá 400.000₫

Giá và khuyến mãi dự kiến áp dụng đến 23:59 | 28/02
1

Phiếu mua hàng Apple Pencil trị giá 400,000đ

2

Phiếu mua hàng mua Sim data 500GB 1 tháng trị giá 100,000đ Xem chi tiết

3

Thu cũ đổi mới: Giảm đến 2,000,000đ (Không kèm ưu đãi thanh toán qua cổng, mua kèm) Xem chi tiết";"Ưu đãi thanh toán Online (Click chọn để áp dụng)
 Giảm 250.000đ -
Xem chi tiết
Áp dụng sản phẩm từ 5.000.000đ trở lên.";https://www.thegioididong.com/may-tinh-bang/ipad-air-m3-11-inch-5g-128gb;Skipped
MacBook Air 15 inch M4 16GB/1TB;Vàng;No;41190000;39690000;2026-02-01;"Khuyến mãi trị giá 800.000₫

Giá và khuyến mãi dự kiến áp dụng đến 23:59 | 28/02
1

Phiếu mua hàng Chuột, Bàn phím (Apple) trị giá 500,000đ

2

Tặng Phiếu mua hàng Balo, Túi chống sốc (giá trị trên 1,000,000đ) trị giá 300,000đ

3

Tặng Phiếu mua hàng Màn hình máy tính trị giá 300.000đ";;https://www.thegioididong.com/laptop/macbook-air-15-inch-m4-16gb-256gb;DEBUG_OOS_MacBook Air 15 inch M4 16GB/1TB_Vàng_081555.png
iPad Air M3 11 inch WiFi 256GB;Tím;Yes;19390000;16390000;2026-02-01;"Khuyến mãi trị giá 400.000₫

Giá và khuyến mãi dự kiến áp dụng đến 23:59 | 28/02
1

Phiếu mua hàng Apple Pencil trị giá 400,000đ

2

Tặng Phiếu mua hàng mua Balo; Túi Chống sốc; Ốp lưng; KBV Camera; Sạc dự phòng (trừ AVA+, Hydrus); nhóm Tai nghe bluetooth, Loa Bluetooth các hãng JBL, Marshall,Harman Kardon; đồng hồ thông minh (trừ Apple) trị giá 100.000đ

3

Phiếu mua hàng mua Sim data 500GB 1 tháng trị giá 100,000đ Xem chi tiết

4

Thu cũ đổi mới: Giảm đến 2,000,000đ (Không kèm ưu đãi thanh toán qua cổng, mua kèm) Xem chi tiết";"Ưu đãi thanh toán Online (Click chọn để áp dụng)
 Giảm 1.000.000đ - Xem chi tiết
Áp dụng sản phẩm từ 10.000.000đ trở lên.
 Giảm 250.000đ - Xem chi tiết
Áp dụng sản phẩm từ 5.000.000đ trở lên.";https://www.thegioididong.com/may-tinh-bang/ipad-air-m3-11-inch-wifi-128gb;Skipped
iPad A16 5G 256GB;Hồng;No;16790000;15790000;2026-02-01;"Khuyến mãi trị giá 400.000₫

Giá và khuyến mãi dự kiến áp dụng đến 23:59 | 28/02
1

Phiếu mua hàng Apple Pencil trị giá 400,000đ

2

Phiếu mua hàng mua Sim data 500GB 1 tháng trị giá 100,000đ Xem chi tiết

3

Thu cũ đổi mới: Giảm đến 2,000,000đ (Không kèm ưu đãi thanh toán qua cổng, mua kèm) Xem chi tiết";;https://www.thegioididong.com/may-tinh-bang/ipad-11-5g-128gb;DEBUG_OOS_iPad A16 5G 256GB_Hồng_081558.png
iPad A16 WiFi 256GB;Bạc;Yes;12590000;11590000;2026-02-01;"Khuyến mãi trị giá 400.000₫

Giá và khuyến mãi dự kiến áp dụng đến 23:59 | 28/02
1

Phiếu mua hàng Apple Pencil trị giá 400,000đ

2

Tặng Phiếu mua hàng mua Balo; Túi Chống sốc; Ốp lưng; KBV Camera; Sạc dự phòng (trừ AVA+, Hydrus); nhóm Tai nghe bluetooth, Loa Bluetooth các hãng JBL, Marshall,Harman Kardon; đồng hồ thông minh (trừ Apple) trị giá 100.000đ

3

Phiếu mua hàng mua Sim data 500GB 1 tháng trị giá 100,000đ Xem chi tiết

4

Thu cũ đổi mới: Giảm đến 2,000,000đ (Không kèm ưu đãi thanh toán qua cổng, mua kèm) Xem chi tiết";"Ưu đãi thanh toán Online (Click chọn để áp dụng)
 Giảm 250.000đ -
Xem chi tiết
Áp dụng sản phẩm từ 5.000.000đ trở lên.";https://www.thegioididong.com/may-tinh-bang/ipad-11-wifi-128gb;Skipped
MacBook Air 15 inch M4 16GB/1TB;Xanh da trời nhạt;No;41190000;39690000;2026-02-01;"Khuyến mãi trị giá 800.000₫

Giá và khuyến mãi dự kiến áp dụng đến 23:59 | 28/02
1

Phiếu mua hàng Chuột, Bàn phím (Apple) trị giá 500,000đ

2

Tặng Phiếu mua hàng Balo, Túi chống sốc (giá trị trên 1,000,000đ) trị giá 300,000đ

3

Tặng Phiếu mua hàng Màn hình máy tính trị giá 300.000đ";;https://www.thegioididong.com/laptop/macbook-air-15-inch-m4-16gb-256gb;DEBUG_OOS_MacBook Air 15 inch M4 16GB/1TB_Xanh da trời nhạt_081600.png
iPad Air M3 11 inch WiFi 256GB;Trắng Starlight;Yes;19390000;16390000;2026-02-01;"Khuyến mãi trị giá 400.000₫

Giá và khuyến mãi dự kiến áp dụng đến 23:59 | 28/02
1

Phiếu mua hàng Apple Pencil trị giá 400,000đ

2

Phiếu mua hàng mua Sim data 500GB 1 tháng trị giá 100,000đ Xem chi tiết

3

Thu cũ đổi mới: Giảm đến 2,000,000đ (Không kèm ưu đãi thanh toán qua cổng, mua kèm) Xem chi tiết";"Ưu đãi thanh toán Online (Click chọn để áp dụng)
 Giảm 1.000.000đ - Xem chi tiết
Áp dụng sản phẩm từ 10.000.000đ trở lên.
 Giảm 250.000đ - Xem chi tiết
Áp dụng sản phẩm từ 5.000.000đ trở lên.";https://www.thegioididong.com/may-tinh-bang/ipad-air-m3-11-inch-wifi-128gb;Skipped
iPad Air M3 11 inch 5G 128GB;Đen - Xám;Yes;20790000;17790000;2026-02-01;"Khuyến mãi trị giá 400.000₫

Giá và khuyến mãi dự kiến áp dụng đến 23:59 | 28/02
1

Phiếu mua hàng Apple Pencil trị giá 400,000đ

2

Tặng Phiếu mua hàng mua Balo; Túi Chống sốc; Ốp lưng; KBV Camera; Sạc dự phòng (trừ AVA+, Hydrus); nhóm Tai nghe bluetooth, Loa Bluetooth các hãng JBL, Marshall,Harman Kardon; đồng hồ thông minh (trừ Apple) trị giá 100.000đ

3

Phiếu mua hàng mua Sim data 500GB 1 tháng trị giá 100,000đ Xem chi tiết

4

Thu cũ đổi mới: Giảm đến 2,000,000đ (Không kèm ưu đãi thanh toán qua cổng, mua kèm) Xem chi tiết";"Ưu đãi thanh toán Online (Click chọn để áp dụng)
 Giảm 250.000đ -
Xem chi tiết
Áp dụng sản phẩm từ 5.000.000đ trở lên.";https://www.thegioididong.com/may-tinh-bang/ipad-air-m3-11-inch-5g-128gb;Skipped
iPad A16 5G 256GB;Vàng;Yes;16790000;15790000;2026-02-01;"Khuyến mãi trị giá 400.000₫

Giá và khuyến mãi dự kiến áp dụng đến 23:59 | 28/02
1

Phiếu mua hàng Apple Pencil trị giá 400,000đ

2

Phiếu mua hàng mua Sim data 500GB 1 tháng trị giá 100,000đ Xem chi tiết

3

Thu cũ đổi mới: Giảm đến 2,000,000đ (Không kèm ưu đãi thanh toán qua cổng, mua kèm) Xem chi tiết";"Ưu đãi thanh toán Online (Click chọn để áp dụng)
 Giảm 1.000.000đ - Xem chi tiết
Áp dụng sản phẩm từ 10.000.000đ trở lên.
 Giảm 250.000đ - Xem chi tiết
Áp dụng sản phẩm từ 5.000.000đ trở lên.";https://www.thegioididong.com/may-tinh-bang/ipad-11-5g-128gb;Skipped
iPad A16 WiFi 256GB;Vàng;Yes;12590000;11590000;2026-02-01;"Khuyến mãi trị giá 400.000₫

Giá và khuyến mãi dự kiến áp dụng đến 23:59 | 28/02
1

Phiếu mua hàng Apple Pencil trị giá 400,000đ

2

Tặng Phiếu mua hàng mua Balo; Túi Chống sốc; Ốp lưng; KBV Camera; Sạc dự phòng (trừ AVA+, Hydrus); nhóm Tai nghe bluetooth, Loa Bluetooth các hãng JBL, Marshall,Harman Kardon; đồng hồ thông minh (trừ Apple) trị giá 100.000đ

3

Phiếu mua hàng mua Sim data 500GB 1 tháng trị giá 100,000đ Xem chi tiết

4

Thu cũ đổi mới: Giảm đến 2,000,000đ (Không kèm ưu đãi thanh toán qua cổng, mua kèm) Xem chi tiết";"Ưu đãi thanh toán Online (Click chọn để áp dụng)
 Giảm 250.000đ -
Xem chi tiết
Áp dụng sản phẩm từ 5.000.000đ trở lên.";https://www.thegioididong.com/may-tinh-bang/ipad-11-wifi-128gb;Skipped
MacBook Air 15 inch M4 16GB/1TB;Bạc;Yes;41190000;39690000;2026-02-01;"Khuyến mãi trị giá 800.000₫

Giá và khuyến mãi dự kiến áp dụng đến 23:59 | 28/02
1

Phiếu mua hàng Chuột, Bàn phím (Apple) trị giá 500,000đ

2

Tặng Phiếu mua hàng Balo, Túi chống sốc (giá trị trên 1,000,000đ) trị giá 300,000đ

3

Tặng Phiếu mua hàng Màn hình máy tính trị giá 300.000đ";"Ưu đãi thanh toán Online (Click chọn để áp dụng)
 Giảm 250.000đ -
Xem chi tiết
Áp dụng sản phẩm từ 5.000.000đ trở lên.";https://www.thegioididong.com/laptop/macbook-air-15-inch-m4-16gb-256gb;Skipped
iPad Air M3 11 inch 5G 128GB;Tím;Yes;20790000;17790000;2026-02-01;"Khuyến mãi trị giá 400.000₫

Giá và khuyến mãi dự kiến áp dụng đến 23:59 | 28/02
1

Phiếu mua hàng Apple Pencil trị giá 400,000đ

2

Tặng Phiếu mua hàng mua Balo; Túi Chống sốc; Ốp lưng; KBV Camera; Sạc dự phòng (trừ AVA+, Hydrus); nhóm Tai nghe bluetooth, Loa Bluetooth các hãng JBL, Marshall,Harman Kardon; đồng hồ thông minh (trừ Apple) trị giá 100.000đ

3

Phiếu mua hàng mua Sim data 500GB 1 tháng trị giá 100,000đ Xem chi tiết

4

Thu cũ đổi mới: Giảm đến 2,000,000đ (Không kèm ưu đãi thanh toán qua cổng, mua kèm) Xem chi tiết";"Ưu đãi thanh toán Online (Click chọn để áp dụng)
 Giảm 250.000đ -
Xem chi tiết
Áp dụng sản phẩm từ 5.000.000đ trở lên.";https://www.thegioididong.com/may-tinh-bang/ipad-air-m3-11-inch-5g-128gb;Skipped
iPad A16 5G 256GB;Bạc;No;16790000;15790000;2026-02-01;"Khuyến mãi trị giá 400.000₫

Giá và khuyến mãi dự kiến áp dụng đến 23:59 | 28/02
1

Phiếu mua hàng Apple Pencil trị giá 400,000đ

2

Phiếu mua hàng mua Sim data 500GB 1 tháng trị giá 100,000đ Xem chi tiết

3

Thu cũ đổi mới: Giảm đến 2,000,000đ (Không kèm ưu đãi thanh toán qua cổng, mua kèm) Xem chi tiết";;https://www.thegioididong.com/may-tinh-bang/ipad-11-5g-128gb;DEBUG_OOS_iPad A16 5G 256GB_Bạc_081612.png
iPad A16 WiFi 256GB;Hồng;Yes;12590000;11590000;2026-02-01;"Khuyến mãi trị giá 400.000₫

Giá và khuyến mãi dự kiến áp dụng đến 23:59 | 28/02
1

Phiếu mua hàng Apple Pencil trị giá 400,000đ

2

Tặng Phiếu mua hàng mua Balo; Túi Chống sốc; Ốp lưng; KBV Camera; Sạc dự phòng (trừ AVA+, Hydrus); nhóm Tai nghe bluetooth, Loa Bluetooth các hãng JBL, Marshall,Harman Kardon; đồng hồ thông minh (trừ Apple) trị giá 100.000đ

3

Phiếu mua hàng mua Sim data 500GB 1 tháng trị giá 100,000đ Xem chi tiết

4

Thu cũ đổi mới: Giảm đến 2,000,000đ (Không kèm ưu đãi thanh toán qua cổng, mua kèm) Xem chi tiết";"Ưu đãi thanh toán Online (Click chọn để áp dụng)
 Giảm 250.000đ -
Xem chi tiết
Áp dụng sản phẩm từ 5.000.000đ trở lên.";https://www.thegioididong.com/may-tinh-bang/ipad-11-wifi-128gb;Skipped
iPad Air M3 11 inch WiFi 256GB;Đen - Xám;Yes;19390000;16390000;2026-02-01;"Khuyến mãi trị giá 400.000₫

Giá và khuyến mãi dự kiến áp dụng đến 23:59 | 28/02
1

Phiếu mua hàng Apple Pencil trị giá 400,000đ

2

Tặng Phiếu mua hàng mua Balo; Túi Chống sốc; Ốp lưng; KBV Camera; Sạc dự phòng (trừ AVA+, Hydrus); nhóm Tai nghe bluetooth, Loa Bluetooth các hãng JBL, Marshall,Harman Kardon; đồng hồ thông minh (trừ Apple) trị giá 100.000đ

3

Phiếu mua hàng mua Sim data 500GB 1 tháng trị giá 100,000đ Xem chi tiết

4

Thu cũ đổi mới: Giảm đến 2,000,000đ (Không kèm ưu đãi thanh toán qua cổng, mua kèm) Xem chi tiết";"Ưu đãi thanh toán Online (Click chọn để áp dụng)
 Giảm 1.000.000đ - Xem chi tiết
Áp dụng sản phẩm từ 10.000.000đ trở lên.
 Giảm 250.000đ - Xem chi tiết
Áp dụng sản phẩm từ 5.000.000đ trở lên.";https://www.thegioididong.com/may-tinh-bang/ipad-air-m3-11-inch-wifi-128gb;Skipped
iPad A16 5G 256GB;Xanh Dương;No;16790000;15790000;2026-02-01;"Khuyến mãi trị giá 400.000₫

Giá và khuyến mãi dự kiến áp dụng đến 23:59 | 28/02
1

Phiếu mua hàng Apple Pencil trị giá 400,000đ

2

Tặng Phiếu mua hàng mua Balo; Túi Chống sốc; Ốp lưng; KBV Camera; Sạc dự phòng (trừ AVA+, Hydrus); nhóm Tai nghe bluetooth, Loa Bluetooth các hãng JBL, Marshall,Harman Kardon; đồng hồ thông minh (trừ Apple) trị giá 100.000đ

3

Phiếu mua hàng mua Sim data 500GB 1 tháng trị giá 100,000đ Xem chi tiết

4

Thu cũ đổi mới: Giảm đến 2,000,000đ (Không kèm ưu đãi thanh toán qua cổng, mua kèm) Xem chi tiết";;https://www.thegioididong.com/may-tinh-bang/ipad-11-5g-128gb;DEBUG_OOS_iPad A16 5G 256GB_Xanh Dương_081617.png
MacBook Air 15 inch M4 16GB/256GB;16GB - 256 GB;Yes;31390000;28990000;2026-02-01;"Khuyến mãi trị giá 800.000₫

Giá và khuyến mãi dự kiến áp dụng đến 23:59 | 28/02
1

Phiếu mua hàng Chuột, Bàn phím (Apple) trị giá 500,000đ

2

Tặng Phiếu mua hàng Balo, Túi chống sốc (giá trị trên 1,000,000đ) trị giá 300,000đ

3

Tặng Phiếu mua hàng Màn hình máy tính trị giá 300.000đ";"Ưu đãi thanh toán Online (Click chọn để áp dụng)
 Giảm 250.000đ -
Xem chi tiết
Áp dụng sản phẩm từ 5.000.000đ trở lên.";https://www.thegioididong.com/laptop/macbook-air-15-inch-m4-16gb-256gb;Skipped
iPad Air M3 11 inch 5G 128GB;Trắng Starlight;Yes;20790000;17790000;2026-02-01;"Khuyến mãi trị giá 400.000₫

Giá và khuyến mãi dự kiến áp dụng đến 23:59 | 28/02
1

Phiếu mua hàng Apple Pencil trị giá 400,000đ

2

Tặng Phiếu mua hàng mua Balo; Túi Chống sốc; Ốp lưng; KBV Camera; Sạc dự phòng (trừ AVA+, Hydrus); nhóm Tai nghe bluetooth, Loa Bluetooth các hãng JBL, Marshall,Harman Kardon; đồng hồ thông minh (trừ Apple) trị giá 100.000đ

3

Phiếu mua hàng mua Sim data 500GB 1 tháng trị giá 100,000đ Xem chi tiết

4

Thu cũ đổi mới: Giảm đến 2,000,000đ (Không kèm ưu đãi thanh toán qua cổng, mua kèm) Xem chi tiết";"Ưu đãi thanh toán Online (Click chọn để áp dụng)
 Giảm 250.000đ -
Xem chi tiết
Áp dụng sản phẩm từ 5.000.000đ trở lên.";https://www.thegioididong.com/may-tinh-bang/ipad-air-m3-11-inch-5g-128gb;Skipped
iPad A16 5G 256GB;Hồng;No;16790000;15790000;2026-02-01;"Khuyến mãi trị giá 400.000₫

Giá và khuyến mãi dự kiến áp dụng đến 23:59 | 28/02
1

Phiếu mua hàng Apple Pencil trị giá 400,000đ

2

Phiếu mua hàng mua Sim data 500GB 1 tháng trị giá 100,000đ Xem chi tiết

3

Thu cũ đổi mới: Giảm đến 2,000,000đ (Không kèm ưu đãi thanh toán qua cổng, mua kèm) Xem chi tiết";;https://www.thegioididong.com/may-tinh-bang/ipad-11-5g-128gb;DEBUG_OOS_iPad A16 5G 256GB_Hồng_081624.png
iPad Air M3 11 inch WiFi 256GB;Xanh Dương;Yes;19390000;16390000;2026-02-01;"Khuyến mãi trị giá 400.000₫

Giá và khuyến mãi dự kiến áp dụng đến 23:59 | 28/02
1

Phiếu mua hàng Apple Pencil trị giá 400,000đ

2

Tặng Phiếu mua hàng mua Balo; Túi Chống sốc; Ốp lưng; KBV Camera; Sạc dự phòng (trừ AVA+, Hydrus); nhóm Tai nghe bluetooth, Loa Bluetooth các hãng JBL, Marshall,Harman Kardon; đồng hồ thông minh (trừ Apple) trị giá 100.000đ

3

Phiếu mua hàng mua Sim data 500GB 1 tháng trị giá 100,000đ Xem chi tiết

4

Thu cũ đổi mới: Giảm đến 2,000,000đ (Không kèm ưu đãi thanh toán qua cổng, mua kèm) Xem chi tiết";"Ưu đãi thanh toán Online (Click chọn để áp dụng)
 Giảm 1.000.000đ - Xem chi tiết
Áp dụng sản phẩm từ 10.000.000đ trở lên.
 Giảm 250.000đ - Xem chi tiết
Áp dụng sản phẩm từ 5.000.000đ trở lên.";https://www.thegioididong.com/may-tinh-bang/ipad-air-m3-11-inch-wifi-128gb;Skipped
iPad A16 WiFi 256GB;Xanh Dương;Yes;12590000;11590000;2026-02-01;"Khuyến mãi trị giá 400.000₫

Giá và khuyến mãi dự kiến áp dụng đến 23:59 | 28/02
1

Phiếu mua hàng Apple Pencil trị giá 400,000đ

2

Tặng Phiếu mua hàng mua Balo; Túi Chống sốc; Ốp lưng; KBV Camera; Sạc dự phòng (trừ AVA+, Hydrus); nhóm Tai nghe bluetooth, Loa Bluetooth các hãng JBL, Marshall,Harman Kardon; đồng hồ thông minh (trừ Apple) trị giá 100.000đ

3

Phiếu mua hàng mua Sim data 500GB 1 tháng trị giá 100,000đ Xem chi tiết

4

Thu cũ đổi mới: Giảm đến 2,000,000đ (Không kèm ưu đãi thanh toán qua cổng, mua kèm) Xem chi tiết";"Ưu đãi thanh toán Online (Click chọn để áp dụng)
 Giảm 250.000đ -
Xem chi tiết
Áp dụng sản phẩm từ 5.000.000đ trở lên.";https://www.thegioididong.com/may-tinh-bang/ipad-11-wifi-128gb;Skipped
MacBook Air 15 inch M4 16GB/1TB;16GB - 1 TB;Yes;41190000;39690000;2026-02-01;"Khuyến mãi trị giá 800.000₫

Giá và khuyến mãi dự kiến áp dụng đến 23:59 | 28/02
1

Phiếu mua hàng Chuột, Bàn phím (Apple) trị giá 500,000đ

2

Tặng Phiếu mua hàng Balo, Túi chống sốc (giá trị trên 1,000,000đ) trị giá 300,000đ

3

Tặng Phiếu mua hàng Màn hình máy tính trị giá 300.000đ";"Ưu đãi thanh toán Online (Click chọn để áp dụng)
 Giảm 250.000đ -
Xem chi tiết
Áp dụng sản phẩm từ 5.000.000đ trở lên.";https://www.thegioididong.com/laptop/macbook-air-15-inch-m4-16gb-256gb;Skipped
iPad Air M3 11 inch 5G 128GB;Xanh Dương;Yes;20790000;17790000;2026-02-01;"Khuyến mãi trị giá 400.000₫

Giá và khuyến mãi dự kiến áp dụng đến 23:59 | 28/02
1

Phiếu mua hàng Apple Pencil trị giá 400,000đ

2

Phiếu mua hàng mua Sim data 500GB 1 tháng trị giá 100,000đ Xem chi tiết

3

Thu cũ đổi mới: Giảm đến 2,000,000đ (Không kèm ưu đãi thanh toán qua cổng, mua kèm) Xem chi tiết";"Ưu đãi thanh toán Online (Click chọn để áp dụng)
 Giảm 250.000đ -
Xem chi tiết
Áp dụng sản phẩm từ 5.000.000đ trở lên.";https://www.thegioididong.com/may-tinh-bang/ipad-air-m3-11-inch-5g-128gb;Skipped
iPad A16 5G 256GB;Vàng;Yes;16790000;15790000;2026-02-01;"Khuyến mãi trị giá 400.000₫

Giá và khuyến mãi dự kiến áp dụng đến 23:59 | 28/02
1

Phiếu mua hàng Apple Pencil trị giá 400,000đ

2

Phiếu mua hàng mua Sim data 500GB 1 tháng trị giá 100,000đ Xem chi tiết

3

Thu cũ đổi mới: Giảm đến 2,000,000đ (Không kèm ưu đãi thanh toán qua cổng, mua kèm) Xem chi tiết";"Ưu đãi thanh toán Online (Click chọn để áp dụng)
 Giảm 1.000.000đ - Xem chi tiết
Áp dụng sản phẩm từ 10.000.000đ trở lên.
 Giảm 250.000đ - Xem chi tiết
Áp dụng sản phẩm từ 5.000.000đ trở lên.";https://www.thegioididong.com/may-tinh-bang/ipad-11-5g-128gb;Skipped
MacBook Air 15 inch M4 16GB/1TB;Xanh đen;No;41190000;39690000;2026-02-01;"Khuyến mãi trị giá 800.000₫

Giá và khuyến mãi dự kiến áp dụng đến 23:59 | 28/02
1

Phiếu mua hàng Chuột, Bàn phím (Apple) trị giá 500,000đ

2

Tặng Phiếu mua hàng Balo, Túi chống sốc (giá trị trên 1,000,000đ) trị giá 300,000đ

3

Tặng Phiếu mua hàng Màn hình máy tính trị giá 300.000đ";;https://www.thegioididong.com/laptop/macbook-air-15-inch-m4-16gb-256gb;DEBUG_OOS_MacBook Air 15 inch M4 16GB/1TB_Xanh đen_081632.png
iPad Air M3 11 inch WiFi 256GB;Tím;Yes;19390000;16390000;2026-02-01;"Khuyến mãi trị giá 400.000₫

Giá và khuyến mãi dự kiến áp dụng đến 23:59 | 28/02
1

Phiếu mua hàng Apple Pencil trị giá 400,000đ

2

Tặng Phiếu mua hàng mua Balo; Túi Chống sốc; Ốp lưng; KBV Camera; Sạc dự phòng (trừ AVA+, Hydrus); nhóm Tai nghe bluetooth, Loa Bluetooth các hãng JBL, Marshall,Harman Kardon; đồng hồ thông minh (trừ Apple) trị giá 100.000đ

3

Phiếu mua hàng mua Sim data 500GB 1 tháng trị giá 100,000đ Xem chi tiết

4

Thu cũ đổi mới: Giảm đến 2,000,000đ (Không kèm ưu đãi thanh toán qua cổng, mua kèm) Xem chi tiết";"Ưu đãi thanh toán Online (Click chọn để áp dụng)
 Giảm 1.000.000đ - Xem chi tiết
Áp dụng sản phẩm từ 10.000.000đ trở lên.
 Giảm 250.000đ - Xem chi tiết
Áp dụng sản phẩm từ 5.000.000đ trở lên.";https://www.thegioididong.com/may-tinh-bang/ipad-air-m3-11-inch-wifi-128gb;Skipped
iPad A16 WiFi 256GB;Bạc;Yes;12590000;11590000;2026-02-01;"Khuyến mãi trị giá 400.000₫

Giá và khuyến mãi dự kiến áp dụng đến 23:59 | 28/02
1

Phiếu mua hàng Apple Pencil trị giá 400,000đ

2

Tặng Phiếu mua hàng mua Balo; Túi Chống sốc; Ốp lưng; KBV Camera; Sạc dự phòng (trừ AVA+, Hydrus); nhóm Tai nghe bluetooth, Loa Bluetooth các hãng JBL, Marshall,Harman Kardon; đồng hồ thông minh (trừ Apple) trị giá 100.000đ

3

Phiếu mua hàng mua Sim data 500GB 1 tháng trị giá 100,000đ Xem chi tiết

4

Thu cũ đổi mới: Giảm đến 2,000,000đ (Không kèm ưu đãi thanh toán qua cổng, mua kèm) Xem chi tiết";"Ưu đãi thanh toán Online (Click chọn để áp dụng)
 Giảm 250.000đ -
Xem chi tiết
Áp dụng sản phẩm từ 5.000.000đ trở lên.";https://www.thegioididong.com/may-tinh-bang/ipad-11-wifi-128gb;Skipped
MacBook Air 15 inch M4 16GB/1TB;Vàng;No;41190000;39690000;2026-02-01;"Khuyến mãi trị giá 800.000₫

Giá và khuyến mãi dự kiến áp dụng đến 23:59 | 28/02
1

Phiếu mua hàng Chuột, Bàn phím (Apple) trị giá 500,000đ

2

Tặng Phiếu mua hàng Balo, Túi chống sốc (giá trị trên 1,000,000đ) trị giá 300,000đ

3

Tặng Phiếu mua hàng Màn hình máy tính trị giá 300.000đ";;https://www.thegioididong.com/laptop/macbook-air-15-inch-m4-16gb-256gb;DEBUG_OOS_MacBook Air 15 inch M4 16GB/1TB_Vàng_081642.png
iPad Air M3 13 inch 5G 128GB;Tím;No;26190000;23590000;2026-02-01;"Khuyến mãi trị giá 400.000₫

Giá và khuyến mãi dự kiến áp dụng đến 23:59 | 28/02
1

Phiếu mua hàng Apple Pencil trị giá 400,000đ

2

Tặng Phiếu mua hàng mua Balo; Túi Chống sốc; Ốp lưng; KBV Camera; Sạc dự phòng (trừ AVA+, Hydrus); nhóm Tai nghe bluetooth, Loa Bluetooth các hãng JBL, Marshall,Harman Kardon; đồng hồ thông minh (trừ Apple) trị giá 100.000đ

3

Phiếu mua hàng mua Sim data 500GB 1 tháng trị giá 100,000đ Xem chi tiết

4

Thu cũ đổi mới: Giảm đến 2,000,000đ (Không kèm ưu đãi thanh toán qua cổng, mua kèm) Xem chi tiết";;https://www.thegioididong.com/may-tinh-bang/ipad-air-m3-13-inch-5g-128gb;DEBUG_OOS_iPad Air M3 13 inch 5G 128GB_Tím_081644.png
iPad Air M3 11 inch WiFi 256GB;Trắng Starlight;Yes;19390000;16390000;2026-02-01;"Khuyến mãi trị giá 400.000₫

Giá và khuyến mãi dự kiến áp dụng đến 23:59 | 28/02
1

Phiếu mua hàng Apple Pencil trị giá 400,000đ

2

Phiếu mua hàng mua Sim data 500GB 1 tháng trị giá 100,000đ Xem chi tiết

3

Thu cũ đổi mới: Giảm đến 2,000,000đ (Không kèm ưu đãi thanh toán qua cổng, mua kèm) Xem chi tiết";"Ưu đãi thanh toán Online (Click chọn để áp dụng)
 Giảm 1.000.000đ - Xem chi tiết
Áp dụng sản phẩm từ 10.000.000đ trở lên.
 Giảm 250.000đ - Xem chi tiết
Áp dụng sản phẩm từ 5.000.000đ trở lên.";https://www.thegioididong.com/may-tinh-bang/ipad-air-m3-11-inch-wifi-128gb;Skipped
MacBook Air 15 inch M4 16GB/1TB;Xanh da trời nhạt;No;41190000;39690000;2026-02-01;"Khuyến mãi trị giá 800.000₫

Giá và khuyến mãi dự kiến áp dụng đến 23:59 | 28/02
1

Phiếu mua hàng Chuột, Bàn phím (Apple) trị giá 500,000đ

2

Tặng Phiếu mua hàng Balo, Túi chống sốc (giá trị trên 1,000,000đ) trị giá 300,000đ

3

Tặng Phiếu mua hàng Màn hình máy tính trị giá 300.000đ";;https://www.thegioididong.com/laptop/macbook-air-15-inch-m4-16gb-256gb;DEBUG_OOS_MacBook Air 15 inch M4 16GB/1TB_Xanh da trời nhạt_081647.png
iPad Air M3 13 inch 5G 128GB;Xanh Dương;No;26190000;23590000;2026-02-01;"Khuyến mãi trị giá 400.000₫

Giá và khuyến mãi dự kiến áp dụng đến 23:59 | 28/02
1

Phiếu mua hàng Apple Pencil trị giá 400,000đ

2

Tặng Phiếu mua hàng mua Balo; Túi Chống sốc; Ốp lưng; KBV Camera; Sạc dự phòng (trừ AVA+, Hydrus); nhóm Tai nghe bluetooth, Loa Bluetooth các hãng JBL, Marshall,Harman Kardon; đồng hồ thông minh (trừ Apple) trị giá 100.000đ

3

Phiếu mua hàng mua Sim data 500GB 1 tháng trị giá 100,000đ Xem chi tiết

4

Thu cũ đổi mới: Giảm đến 2,000,000đ (Không kèm ưu đãi thanh toán qua cổng, mua kèm) Xem chi tiết";;https://www.thegioididong.com/may-tinh-bang/ipad-air-m3-13-inch-5g-128gb;DEBUG_OOS_iPad Air M3 13 inch 5G 128GB_Xanh Dương_081648.png
iPad A16 WiFi 256GB;Vàng;Yes;12590000;11590000;2026-02-01;"Khuyến mãi trị giá 400.000₫

Giá và khuyến mãi dự kiến áp dụng đến 23:59 | 28/02
1

Phiếu mua hàng Apple Pencil trị giá 400,000đ

2

Tặng Phiếu mua hàng mua Balo; Túi Chống sốc; Ốp lưng; KBV Camera; Sạc dự phòng (trừ AVA+, Hydrus); nhóm Tai nghe bluetooth, Loa Bluetooth các hãng JBL, Marshall,Harman Kardon; đồng hồ thông minh (trừ Apple) trị giá 100.000đ

3

Phiếu mua hàng mua Sim data 500GB 1 tháng trị giá 100,000đ Xem chi tiết

4

Thu cũ đổi mới: Giảm đến 2,000,000đ (Không kèm ưu đãi thanh toán qua cổng, mua kèm) Xem chi tiết";"Ưu đãi thanh toán Online (Click chọn để áp dụng)
 Giảm 250.000đ -
Xem chi tiết
Áp dụng sản phẩm từ 5.000.000đ trở lên.";https://www.thegioididong.com/may-tinh-bang/ipad-11-wifi-128gb;Skipped
iPad Air M3 13 inch WiFi 128GB;Tím;Yes;22090000;19490000;2026-02-01;"Khuyến mãi trị giá 400.000₫

Giá và khuyến mãi dự kiến áp dụng đến 23:59 | 28/02
1

Phiếu mua hàng Apple Pencil trị giá 400,000đ

2

Tặng Phiếu mua hàng mua Balo; Túi Chống sốc; Ốp lưng; KBV Camera; Sạc dự phòng (trừ AVA+, Hydrus); nhóm Tai nghe bluetooth, Loa Bluetooth các hãng JBL, Marshall,Harman Kardon; đồng hồ thông minh (trừ Apple) trị giá 100.000đ

3

Phiếu mua hàng mua Sim data 500GB 1 tháng trị giá 100,000đ Xem chi tiết

4

Thu cũ đổi mới: Giảm đến 2,000,000đ (Không kèm ưu đãi thanh toán qua cổng, mua kèm) Xem chi tiết";"Ưu đãi thanh toán Online (Click chọn để áp dụng)
 Giảm 1.000.000đ - Xem chi tiết
Áp dụng sản phẩm từ 10.000.000đ trở lên.
 Giảm 250.000đ - Xem chi tiết
Áp dụng sản phẩm từ 5.000.000đ trở lên.";https://www.thegioididong.com/may-tinh-bang/ipad-air-m3-13-inch-wifi-128gb?utm_flashsale=1;Skipped
iPad Air M3 13 inch 5G 128GB;Đen - Xám;No;26190000;23590000;2026-02-01;"Khuyến mãi trị giá 400.000₫

Giá và khuyến mãi dự kiến áp dụng đến 23:59 | 28/02
1

Phiếu mua hàng Apple Pencil trị giá 400,000đ

2

Tặng Phiếu mua hàng mua Balo; Túi Chống sốc; Ốp lưng; KBV Camera; Sạc dự phòng (trừ AVA+, Hydrus); nhóm Tai nghe bluetooth, Loa Bluetooth các hãng JBL, Marshall,Harman Kardon; đồng hồ thông minh (trừ Apple) trị giá 100.000đ

3

Phiếu mua hàng mua Sim data 500GB 1 tháng trị giá 100,000đ Xem chi tiết

4

Thu cũ đổi mới: Giảm đến 2,000,000đ (Không kèm ưu đãi thanh toán qua cổng, mua kèm) Xem chi tiết";;https://www.thegioididong.com/may-tinh-bang/ipad-air-m3-13-inch-5g-128gb;DEBUG_OOS_iPad Air M3 13 inch 5G 128GB_Đen - Xám_081653.png
MacBook Air 15 inch M4 16GB/1TB;Bạc;Yes;41190000;39690000;2026-02-01;"Khuyến mãi trị giá 800.000₫

Giá và khuyến mãi dự kiến áp dụng đến 23:59 | 28/02
1

Phiếu mua hàng Chuột, Bàn phím (Apple) trị giá 500,000đ

2

Tặng Phiếu mua hàng Balo, Túi chống sốc (giá trị trên 1,000,000đ) trị giá 300,000đ

3

Tặng Phiếu mua hàng Màn hình máy tính trị giá 300.000đ";"Ưu đãi thanh toán Online (Click chọn để áp dụng)
 Giảm 250.000đ -
Xem chi tiết
Áp dụng sản phẩm từ 5.000.000đ trở lên.";https://www.thegioididong.com/laptop/macbook-air-15-inch-m4-16gb-256gb;Skipped
iPad Air M3 11 inch WiFi 256GB;Đen - Xám;Yes;19390000;16390000;2026-02-01;"Khuyến mãi trị giá 400.000₫

Giá và khuyến mãi dự kiến áp dụng đến 23:59 | 28/02
1

Phiếu mua hàng Apple Pencil trị giá 400,000đ

2

Tặng Phiếu mua hàng mua Balo; Túi Chống sốc; Ốp lưng; KBV Camera; Sạc dự phòng (trừ AVA+, Hydrus); nhóm Tai nghe bluetooth, Loa Bluetooth các hãng JBL, Marshall,Harman Kardon; đồng hồ thông minh (trừ Apple) trị giá 100.000đ

3

Phiếu mua hàng mua Sim data 500GB 1 tháng trị giá 100,000đ Xem chi tiết

4

Thu cũ đổi mới: Giảm đến 2,000,000đ (Không kèm ưu đãi thanh toán qua cổng, mua kèm) Xem chi tiết";"Ưu đãi thanh toán Online (Click chọn để áp dụng)
 Giảm 1.000.000đ - Xem chi tiết
Áp dụng sản phẩm từ 10.000.000đ trở lên.
 Giảm 250.000đ - Xem chi tiết
Áp dụng sản phẩm từ 5.000.000đ trở lên.";https://www.thegioididong.com/may-tinh-bang/ipad-air-m3-11-inch-wifi-128gb;Skipped
iPad A16 WiFi 256GB;Hồng;Yes;12590000;11590000;2026-02-01;"Khuyến mãi trị giá 400.000₫

Giá và khuyến mãi dự kiến áp dụng đến 23:59 | 28/02
1

Phiếu mua hàng Apple Pencil trị giá 400,000đ

2

Tặng Phiếu mua hàng mua Balo; Túi Chống sốc; Ốp lưng; KBV Camera; Sạc dự phòng (trừ AVA+, Hydrus); nhóm Tai nghe bluetooth, Loa Bluetooth các hãng JBL, Marshall,Harman Kardon; đồng hồ thông minh (trừ Apple) trị giá 100.000đ

3

Phiếu mua hàng mua Sim data 500GB 1 tháng trị giá 100,000đ Xem chi tiết

4

Thu cũ đổi mới: Giảm đến 2,000,000đ (Không kèm ưu đãi thanh toán qua cổng, mua kèm) Xem chi tiết";"Ưu đãi thanh toán Online (Click chọn để áp dụng)
 Giảm 250.000đ -
Xem chi tiết
Áp dụng sản phẩm từ 5.000.000đ trở lên.";https://www.thegioididong.com/may-tinh-bang/ipad-11-wifi-128gb;Skipped
iPad Air M3 13 inch WiFi 128GB;Đen - Xám;Yes;22090000;19490000;2026-02-01;"Khuyến mãi trị giá 400.000₫

Giá và khuyến mãi dự kiến áp dụng đến 23:59 | 28/02
1

Phiếu mua hàng Apple Pencil trị giá 400,000đ

2

Tặng Phiếu mua hàng mua Balo; Túi Chống sốc; Ốp lưng; KBV Camera; Sạc dự phòng (trừ AVA+, Hydrus); nhóm Tai nghe bluetooth, Loa Bluetooth các hãng JBL, Marshall,Harman Kardon; đồng hồ thông minh (trừ Apple) trị giá 100.000đ

3

Phiếu mua hàng mua Sim data 500GB 1 tháng trị giá 100,000đ Xem chi tiết

4

Thu cũ đổi mới: Giảm đến 2,000,000đ (Không kèm ưu đãi thanh toán qua cổng, mua kèm) Xem chi tiết";"Ưu đãi thanh toán Online (Click chọn để áp dụng)
 Giảm 1.000.000đ - Xem chi tiết
Áp dụng sản phẩm từ 10.000.000đ trở lên.
 Giảm 250.000đ - Xem chi tiết
Áp dụng sản phẩm từ 5.000.000đ trở lên.";https://www.thegioididong.com/may-tinh-bang/ipad-air-m3-13-inch-wifi-128gb?utm_flashsale=1;Skipped
iPad Air M3 13 inch 5G 128GB;Trắng Starlight;No;26190000;23590000;2026-02-01;"Khuyến mãi trị giá 400.000₫

Giá và khuyến mãi dự kiến áp dụng đến 23:59 | 28/02
1

Phiếu mua hàng Apple Pencil trị giá 400,000đ

2

Tặng Phiếu mua hàng mua Balo; Túi Chống sốc; Ốp lưng; KBV Camera; Sạc dự phòng (trừ AVA+, Hydrus); nhóm Tai nghe bluetooth, Loa Bluetooth các hãng JBL, Marshall,Harman Kardon; đồng hồ thông minh (trừ Apple) trị giá 100.000đ

3

Phiếu mua hàng mua Sim data 500GB 1 tháng trị giá 100,000đ Xem chi tiết

4

Thu cũ đổi mới: Giảm đến 2,000,000đ (Không kèm ưu đãi thanh toán qua cổng, mua kèm) Xem chi tiết";;https://www.thegioididong.com/may-tinh-bang/ipad-air-m3-13-inch-5g-128gb;DEBUG_OOS_iPad Air M3 13 inch 5G 128GB_Trắng Starlight_081700.png
iPad Air M3 11 inch WiFi 256GB;Xanh Dương;Yes;19390000;16390000;2026-02-01;"Khuyến mãi trị giá 400.000₫

Giá và khuyến mãi dự kiến áp dụng đến 23:59 | 28/02
1

Phiếu mua hàng Apple Pencil trị giá 400,000đ

2

Tặng Phiếu mua hàng mua Balo; Túi Chống sốc; Ốp lưng; KBV Camera; Sạc dự phòng (trừ AVA+, Hydrus); nhóm Tai nghe bluetooth, Loa Bluetooth các hãng JBL, Marshall,Harman Kardon; đồng hồ thông minh (trừ Apple) trị giá 100.000đ

3

Phiếu mua hàng mua Sim data 500GB 1 tháng trị giá 100,000đ Xem chi tiết

4

Thu cũ đổi mới: Giảm đến 2,000,000đ (Không kèm ưu đãi thanh toán qua cổng, mua kèm) Xem chi tiết";"Ưu đãi thanh toán Online (Click chọn để áp dụng)
 Giảm 1.000.000đ - Xem chi tiết
Áp dụng sản phẩm từ 10.000.000đ trở lên.
 Giảm 250.000đ - Xem chi tiết
Áp dụng sản phẩm từ 5.000.000đ trở lên.";https://www.thegioididong.com/may-tinh-bang/ipad-air-m3-11-inch-wifi-128gb;Skipped
iPad Air M3 13 inch WiFi 128GB;Trắng Starlight;Yes;22090000;19490000;2026-02-01;"Khuyến mãi trị giá 400.000₫

Giá và khuyến mãi dự kiến áp dụng đến 23:59 | 28/02
1

Phiếu mua hàng Apple Pencil trị giá 400,000đ

2

Tặng Phiếu mua hàng mua Balo; Túi Chống sốc; Ốp lưng; KBV Camera; Sạc dự phòng (trừ AVA+, Hydrus); nhóm Tai nghe bluetooth, Loa Bluetooth các hãng JBL, Marshall,Harman Kardon; đồng hồ thông minh (trừ Apple) trị giá 100.000đ

3

Phiếu mua hàng mua Sim data 500GB 1 tháng trị giá 100,000đ Xem chi tiết

4

Thu cũ đổi mới: Giảm đến 2,000,000đ (Không kèm ưu đãi thanh toán qua cổng, mua kèm) Xem chi tiết";"Ưu đãi thanh toán Online (Click chọn để áp dụng)
 Giảm 1.000.000đ - Xem chi tiết
Áp dụng sản phẩm từ 10.000.000đ trở lên.
 Giảm 250.000đ - Xem chi tiết
Áp dụng sản phẩm từ 5.000.000đ trở lên.";https://www.thegioididong.com/may-tinh-bang/ipad-air-m3-13-inch-wifi-128gb?utm_flashsale=1;Skipped
iPad Air M3 13 inch 5G 128GB;Tím;No;26190000;23590000;2026-02-01;"Khuyến mãi trị giá 400.000₫

Giá và khuyến mãi dự kiến áp dụng đến 23:59 | 28/02
1

Phiếu mua hàng Apple Pencil trị giá 400,000đ

2

Tặng Phiếu mua hàng mua Balo; Túi Chống sốc; Ốp lưng; KBV Camera; Sạc dự phòng (trừ AVA+, Hydrus); nhóm Tai nghe bluetooth, Loa Bluetooth các hãng JBL, Marshall,Harman Kardon; đồng hồ thông minh (trừ Apple) trị giá 100.000đ

3

Phiếu mua hàng mua Sim data 500GB 1 tháng trị giá 100,000đ Xem chi tiết

4

Thu cũ đổi mới: Giảm đến 2,000,000đ (Không kèm ưu đãi thanh toán qua cổng, mua kèm) Xem chi tiết";;https://www.thegioididong.com/may-tinh-bang/ipad-air-m3-13-inch-5g-128gb;DEBUG_OOS_iPad Air M3 13 inch 5G 128GB_Tím_081708.png
iPad mini 7 5G 128GB;Trắng Starlight;Yes;17890000;15890000;2026-02-01;"Khuyến mãi trị giá 400.000₫

Giá và khuyến mãi dự kiến áp dụng đến 23:59 | 28/02
1

Phiếu mua hàng Apple Pencil trị giá 400,000đ

2

Tặng Phiếu mua hàng mua Balo; Túi Chống sốc; Ốp lưng; KBV Camera; Sạc dự phòng (trừ AVA+, Hydrus); nhóm Tai nghe bluetooth, Loa Bluetooth các hãng JBL, Marshall,Harman Kardon; đồng hồ thông minh (trừ Apple) trị giá 100.000đ

3

Phiếu mua hàng mua Sim data 500GB 1 tháng trị giá 100,000đ Xem chi tiết

4

Thu cũ đổi mới: Giảm đến 2,000,000đ (Không kèm ưu đãi thanh toán qua cổng, mua kèm) Xem chi tiết";"Ưu đãi thanh toán Online (Click chọn để áp dụng)
 Giảm 1.000.000đ - Xem chi tiết
Áp dụng sản phẩm từ 10.000.000đ trở lên.
 Giảm 250.000đ - Xem chi tiết
Áp dụng sản phẩm từ 5.000.000đ trở lên.";https://www.thegioididong.com/may-tinh-bang/ipad-mini-7-5g;Skipped
iPad A16 WiFi 256GB;Xanh Dương;Yes;12590000;11590000;2026-02-01;"Khuyến mãi trị giá 400.000₫

Giá và khuyến mãi dự kiến áp dụng đến 23:59 | 28/02
1

Phiếu mua hàng Apple Pencil trị giá 400,000đ

2

Tặng Phiếu mua hàng mua Balo; Túi Chống sốc; Ốp lưng; KBV Camera; Sạc dự phòng (trừ AVA+, Hydrus); nhóm Tai nghe bluetooth, Loa Bluetooth các hãng JBL, Marshall,Harman Kardon; đồng hồ thông minh (trừ Apple) trị giá 100.000đ

3

Phiếu mua hàng mua Sim data 500GB 1 tháng trị giá 100,000đ Xem chi tiết

4

Thu cũ đổi mới: Giảm đến 2,000,000đ (Không kèm ưu đãi thanh toán qua cổng, mua kèm) Xem chi tiết";"Ưu đãi thanh toán Online (Click chọn để áp dụng)
 Giảm 250.000đ -
Xem chi tiết
Áp dụng sản phẩm từ 5.000.000đ trở lên.";https://www.thegioididong.com/may-tinh-bang/ipad-11-wifi-128gb;Skipped
iPad Air M3 11 inch WiFi 256GB;Tím;Yes;19390000;16390000;2026-02-01;"Khuyến mãi trị giá 400.000₫

Giá và khuyến mãi dự kiến áp dụng đến 23:59 | 28/02
1

Phiếu mua hàng Apple Pencil trị giá 400,000đ

2

Tặng Phiếu mua hàng mua Balo; Túi Chống sốc; Ốp lưng; KBV Camera; Sạc dự phòng (trừ AVA+, Hydrus); nhóm Tai nghe bluetooth, Loa Bluetooth các hãng JBL, Marshall,Harman Kardon; đồng hồ thông minh (trừ Apple) trị giá 100.000đ

3

Phiếu mua hàng mua Sim data 500GB 1 tháng trị giá 100,000đ Xem chi tiết

4

Thu cũ đổi mới: Giảm đến 2,000,000đ (Không kèm ưu đãi thanh toán qua cổng, mua kèm) Xem chi tiết";"Ưu đãi thanh toán Online (Click chọn để áp dụng)
 Giảm 1.000.000đ - Xem chi tiết
Áp dụng sản phẩm từ 10.000.000đ trở lên.
 Giảm 250.000đ - Xem chi tiết
Áp dụng sản phẩm từ 5.000.000đ trở lên.";https://www.thegioididong.com/may-tinh-bang/ipad-air-m3-11-inch-wifi-128gb;Skipped
iPad Air M3 13 inch 5G 128GB;Xanh Dương;No;26190000;23590000;2026-02-01;"Khuyến mãi trị giá 400.000₫

Giá và khuyến mãi dự kiến áp dụng đến 23:59 | 28/02
1

Phiếu mua hàng Apple Pencil trị giá 400,000đ

2

Tặng Phiếu mua hàng mua Balo; Túi Chống sốc; Ốp lưng; KBV Camera; Sạc dự phòng (trừ AVA+, Hydrus); nhóm Tai nghe bluetooth, Loa Bluetooth các hãng JBL, Marshall,Harman Kardon; đồng hồ thông minh (trừ Apple) trị giá 100.000đ

3

Phiếu mua hàng mua Sim data 500GB 1 tháng trị giá 100,000đ Xem chi tiết

4

Thu cũ đổi mới: Giảm đến 2,000,000đ (Không kèm ưu đãi thanh toán qua cổng, mua kèm) Xem chi tiết";;https://www.thegioididong.com/may-tinh-bang/ipad-air-m3-13-inch-5g-128gb;DEBUG_OOS_iPad Air M3 13 inch 5G 128GB_Xanh Dương_081714.png
iPad Air M3 13 inch WiFi 128GB;Xanh Dương;Yes;22090000;19490000;2026-02-01;"Khuyến mãi trị giá 400.000₫

Giá và khuyến mãi dự kiến áp dụng đến 23:59 | 28/02
1

Phiếu mua hàng Apple Pencil trị giá 400,000đ

2

Tặng Phiếu mua hàng mua Balo; Túi Chống sốc; Ốp lưng; KBV Camera; Sạc dự phòng (trừ AVA+, Hydrus); nhóm Tai nghe bluetooth, Loa Bluetooth các hãng JBL, Marshall,Harman Kardon; đồng hồ thông minh (trừ Apple) trị giá 100.000đ

3

Phiếu mua hàng mua Sim data 500GB 1 tháng trị giá 100,000đ Xem chi tiết

4

Thu cũ đổi mới: Giảm đến 2,000,000đ (Không kèm ưu đãi thanh toán qua cổng, mua kèm) Xem chi tiết";"Ưu đãi thanh toán Online (Click chọn để áp dụng)
 Giảm 1.000.000đ - Xem chi tiết
Áp dụng sản phẩm từ 10.000.000đ trở lên.
 Giảm 250.000đ - Xem chi tiết
Áp dụng sản phẩm từ 5.000.000đ trở lên.";https://www.thegioididong.com/may-tinh-bang/ipad-air-m3-13-inch-wifi-128gb?utm_flashsale=1;Skipped
iPad A16 WiFi 256GB;Bạc;Yes;12590000;11590000;2026-02-01;"Khuyến mãi trị giá 400.000₫

Giá và khuyến mãi dự kiến áp dụng đến 23:59 | 28/02
1

Phiếu mua hàng Apple Pencil trị giá 400,000đ

2

Tặng Phiếu mua hàng mua Balo; Túi Chống sốc; Ốp lưng; KBV Camera; Sạc dự phòng (trừ AVA+, Hydrus); nhóm Tai nghe bluetooth, Loa Bluetooth các hãng JBL, Marshall,Harman Kardon; đồng hồ thông minh (trừ Apple) trị giá 100.000đ

3

Phiếu mua hàng mua Sim data 500GB 1 tháng trị giá 100,000đ Xem chi tiết

4

Thu cũ đổi mới: Giảm đến 2,000,000đ (Không kèm ưu đãi thanh toán qua cổng, mua kèm) Xem chi tiết";"Ưu đãi thanh toán Online (Click chọn để áp dụng)
 Giảm 250.000đ -
Xem chi tiết
Áp dụng sản phẩm từ 5.000.000đ trở lên.";https://www.thegioididong.com/may-tinh-bang/ipad-11-wifi-128gb;Skipped
iPad mini 7 5G 128GB;Xanh Dương;Yes;17890000;15890000;2026-02-01;"Khuyến mãi trị giá 400.000₫

Giá và khuyến mãi dự kiến áp dụng đến 23:59 | 28/02
1

Phiếu mua hàng Apple Pencil trị giá 400,000đ

2

Tặng Phiếu mua hàng mua Balo; Túi Chống sốc; Ốp lưng; KBV Camera; Sạc dự phòng (trừ AVA+, Hydrus); nhóm Tai nghe bluetooth, Loa Bluetooth các hãng JBL, Marshall,Harman Kardon; đồng hồ thông minh (trừ Apple) trị giá 100.000đ

3

Phiếu mua hàng mua Sim data 500GB 1 tháng trị giá 100,000đ Xem chi tiết

4

Thu cũ đổi mới: Giảm đến 2,000,000đ (Không kèm ưu đãi thanh toán qua cổng, mua kèm) Xem chi tiết";"Ưu đãi thanh toán Online (Click chọn để áp dụng)
 Giảm 1.000.000đ - Xem chi tiết
Áp dụng sản phẩm từ 10.000.000đ trở lên.
 Giảm 250.000đ - Xem chi tiết
Áp dụng sản phẩm từ 5.000.000đ trở lên.";https://www.thegioididong.com/may-tinh-bang/ipad-mini-7-5g;Skipped
iPad Air M3 13 inch 5G 128GB;Đen - Xám;No;26190000;23590000;2026-02-01;"Khuyến mãi trị giá 400.000₫

Giá và khuyến mãi dự kiến áp dụng đến 23:59 | 28/02
1

Phiếu mua hàng Apple Pencil trị giá 400,000đ

2

Tặng Phiếu mua hàng mua Balo; Túi Chống sốc; Ốp lưng; KBV Camera; Sạc dự phòng (trừ AVA+, Hydrus); nhóm Tai nghe bluetooth, Loa Bluetooth các hãng JBL, Marshall,Harman Kardon; đồng hồ thông minh (trừ Apple) trị giá 100.000đ

3

Phiếu mua hàng mua Sim data 500GB 1 tháng trị giá 100,000đ Xem chi tiết

4

Thu cũ đổi mới: Giảm đến 2,000,000đ (Không kèm ưu đãi thanh toán qua cổng, mua kèm) Xem chi tiết";;https://www.thegioididong.com/may-tinh-bang/ipad-air-m3-13-inch-5g-128gb;DEBUG_OOS_iPad Air M3 13 inch 5G 128GB_Đen - Xám_081718.png
iPad Air M3 11 inch WiFi 256GB;Trắng Starlight;Yes;19390000;16390000;2026-02-01;"Khuyến mãi trị giá 400.000₫

Giá và khuyến mãi dự kiến áp dụng đến 23:59 | 28/02
1

Phiếu mua hàng Apple Pencil trị giá 400,000đ

2

Phiếu mua hàng mua Sim data 500GB 1 tháng trị giá 100,000đ Xem chi tiết

3

Thu cũ đổi mới: Giảm đến 2,000,000đ (Không kèm ưu đãi thanh toán qua cổng, mua kèm) Xem chi tiết";"Ưu đãi thanh toán Online (Click chọn để áp dụng)
 Giảm 1.000.000đ - Xem chi tiết
Áp dụng sản phẩm từ 10.000.000đ trở lên.
 Giảm 250.000đ - Xem chi tiết
Áp dụng sản phẩm từ 5.000.000đ trở lên.";https://www.thegioididong.com/may-tinh-bang/ipad-air-m3-11-inch-wifi-128gb;Skipped
iPad Air M3 13 inch 5G 128GB;Trắng Starlight;No;26190000;23590000;2026-02-01;"Khuyến mãi trị giá 400.000₫

Giá và khuyến mãi dự kiến áp dụng đến 23:59 | 28/02
1

Phiếu mua hàng Apple Pencil trị giá 400,000đ

2

Tặng Phiếu mua hàng mua Balo; Túi Chống sốc; Ốp lưng; KBV Camera; Sạc dự phòng (trừ AVA+, Hydrus); nhóm Tai nghe bluetooth, Loa Bluetooth các hãng JBL, Marshall,Harman Kardon; đồng hồ thông minh (trừ Apple) trị giá 100.000đ

3

Phiếu mua hàng mua Sim data 500GB 1 tháng trị giá 100,000đ Xem chi tiết

4

Thu cũ đổi mới: Giảm đến 2,000,000đ (Không kèm ưu đãi thanh toán qua cổng, mua kèm) Xem chi tiết";;https://www.thegioididong.com/may-tinh-bang/ipad-air-m3-13-inch-5g-128gb;DEBUG_OOS_iPad Air M3 13 inch 5G 128GB_Trắng Starlight_081722.png
iPad Air M3 13 inch WiFi 256GB;Đen - Xám;No;24790000;22190000;2026-02-01;"Khuyến mãi trị giá 400.000₫

Giá và khuyến mãi dự kiến áp dụng đến 23:59 | 28/02
1

Phiếu mua hàng Apple Pencil trị giá 400,000đ

2

Tặng Phiếu mua hàng mua Balo; Túi Chống sốc; Ốp lưng; KBV Camera; Sạc dự phòng (trừ AVA+, Hydrus); nhóm Tai nghe bluetooth, Loa Bluetooth các hãng JBL, Marshall,Harman Kardon; đồng hồ thông minh (trừ Apple) trị giá 100.000đ

3

Phiếu mua hàng mua Sim data 500GB 1 tháng trị giá 100,000đ Xem chi tiết

4

Thu cũ đổi mới: Giảm đến 2,000,000đ (Không kèm ưu đãi thanh toán qua cổng, mua kèm) Xem chi tiết";;https://www.thegioididong.com/may-tinh-bang/ipad-air-m3-13-inch-wifi-128gb?utm_flashsale=1;DEBUG_OOS_iPad Air M3 13 inch WiFi 256GB_Đen - Xám_081723.png
iPad A16 WiFi 256GB;Vàng;Yes;12590000;11590000;2026-02-01;"Khuyến mãi trị giá 400.000₫

Giá và khuyến mãi dự kiến áp dụng đến 23:59 | 28/02
1

Phiếu mua hàng Apple Pencil trị giá 400,000đ

2

Tặng Phiếu mua hàng mua Balo; Túi Chống sốc; Ốp lưng; KBV Camera; Sạc dự phòng (trừ AVA+, Hydrus); nhóm Tai nghe bluetooth, Loa Bluetooth các hãng JBL, Marshall,Harman Kardon; đồng hồ thông minh (trừ Apple) trị giá 100.000đ

3

Phiếu mua hàng mua Sim data 500GB 1 tháng trị giá 100,000đ Xem chi tiết

4

Thu cũ đổi mới: Giảm đến 2,000,000đ (Không kèm ưu đãi thanh toán qua cổng, mua kèm) Xem chi tiết";"Ưu đãi thanh toán Online (Click chọn để áp dụng)
 Giảm 250.000đ -
Xem chi tiết
Áp dụng sản phẩm từ 5.000.000đ trở lên.";https://www.thegioididong.com/may-tinh-bang/ipad-11-wifi-128gb;Skipped
iPad mini 7 5G 128GB;Tím;Yes;17890000;15890000;2026-02-01;"Khuyến mãi trị giá 400.000₫

Giá và khuyến mãi dự kiến áp dụng đến 23:59 | 28/02
1

Phiếu mua hàng Apple Pencil trị giá 400,000đ

2

Tặng Phiếu mua hàng mua Balo; Túi Chống sốc; Ốp lưng; KBV Camera; Sạc dự phòng (trừ AVA+, Hydrus); nhóm Tai nghe bluetooth, Loa Bluetooth các hãng JBL, Marshall,Harman Kardon; đồng hồ thông minh (trừ Apple) trị giá 100.000đ

3

Phiếu mua hàng mua Sim data 500GB 1 tháng trị giá 100,000đ Xem chi tiết

4

Thu cũ đổi mới: Giảm đến 2,000,000đ (Không kèm ưu đãi thanh toán qua cổng, mua kèm) Xem chi tiết";"Ưu đãi thanh toán Online (Click chọn để áp dụng)
 Giảm 1.000.000đ - Xem chi tiết
Áp dụng sản phẩm từ 10.000.000đ trở lên.
 Giảm 250.000đ - Xem chi tiết
Áp dụng sản phẩm từ 5.000.000đ trở lên.";https://www.thegioididong.com/may-tinh-bang/ipad-mini-7-5g;Skipped
iPad Air M3 13 inch WiFi 256GB;Xanh Dương;No;24790000;22190000;2026-02-01;"Khuyến mãi trị giá 400.000₫

Giá và khuyến mãi dự kiến áp dụng đến 23:59 | 28/02
1

Phiếu mua hàng Apple Pencil trị giá 400,000đ

2

Tặng Phiếu mua hàng mua Balo; Túi Chống sốc; Ốp lưng; KBV Camera; Sạc dự phòng (trừ AVA+, Hydrus); nhóm Tai nghe bluetooth, Loa Bluetooth các hãng JBL, Marshall,Harman Kardon; đồng hồ thông minh (trừ Apple) trị giá 100.000đ

3

Phiếu mua hàng mua Sim data 500GB 1 tháng trị giá 100,000đ Xem chi tiết

4

Thu cũ đổi mới: Giảm đến 2,000,000đ (Không kèm ưu đãi thanh toán qua cổng, mua kèm) Xem chi tiết";;https://www.thegioididong.com/may-tinh-bang/ipad-air-m3-13-inch-wifi-128gb?utm_flashsale=1;DEBUG_OOS_iPad Air M3 13 inch WiFi 256GB_Xanh Dương_081728.png
iPad Air M3 13 inch 5G 128GB;Tím;No;26190000;23590000;2026-02-01;"Khuyến mãi trị giá 400.000₫

Giá và khuyến mãi dự kiến áp dụng đến 23:59 | 28/02
1

Phiếu mua hàng Apple Pencil trị giá 400,000đ

2

Tặng Phiếu mua hàng mua Balo; Túi Chống sốc; Ốp lưng; KBV Camera; Sạc dự phòng (trừ AVA+, Hydrus); nhóm Tai nghe bluetooth, Loa Bluetooth các hãng JBL, Marshall,Harman Kardon; đồng hồ thông minh (trừ Apple) trị giá 100.000đ

3

Phiếu mua hàng mua Sim data 500GB 1 tháng trị giá 100,000đ Xem chi tiết

4

Thu cũ đổi mới: Giảm đến 2,000,000đ (Không kèm ưu đãi thanh toán qua cổng, mua kèm) Xem chi tiết";;https://www.thegioididong.com/may-tinh-bang/ipad-air-m3-13-inch-5g-128gb;DEBUG_OOS_iPad Air M3 13 inch 5G 128GB_Tím_081728.png
iPad Air M3 11 inch WiFi 256GB;Đen - Xám;Yes;19390000;16390000;2026-02-01;"Khuyến mãi trị giá 400.000₫

Giá và khuyến mãi dự kiến áp dụng đến 23:59 | 28/02
1

Phiếu mua hàng Apple Pencil trị giá 400,000đ

2

Tặng Phiếu mua hàng mua Balo; Túi Chống sốc; Ốp lưng; KBV Camera; Sạc dự phòng (trừ AVA+, Hydrus); nhóm Tai nghe bluetooth, Loa Bluetooth các hãng JBL, Marshall,Harman Kardon; đồng hồ thông minh (trừ Apple) trị giá 100.000đ

3

Phiếu mua hàng mua Sim data 500GB 1 tháng trị giá 100,000đ Xem chi tiết

4

Thu cũ đổi mới: Giảm đến 2,000,000đ (Không kèm ưu đãi thanh toán qua cổng, mua kèm) Xem chi tiết";"Ưu đãi thanh toán Online (Click chọn để áp dụng)
 Giảm 1.000.000đ - Xem chi tiết
Áp dụng sản phẩm từ 10.000.000đ trở lên.
 Giảm 250.000đ - Xem chi tiết
Áp dụng sản phẩm từ 5.000.000đ trở lên.";https://www.thegioididong.com/may-tinh-bang/ipad-air-m3-11-inch-wifi-128gb;Skipped
iPad A16 WiFi 256GB;Hồng;Yes;12590000;11590000;2026-02-01;"Khuyến mãi trị giá 400.000₫

Giá và khuyến mãi dự kiến áp dụng đến 23:59 | 28/02
1

Phiếu mua hàng Apple Pencil trị giá 400,000đ

2

Tặng Phiếu mua hàng mua Balo; Túi Chống sốc; Ốp lưng; KBV Camera; Sạc dự phòng (trừ AVA+, Hydrus); nhóm Tai nghe bluetooth, Loa Bluetooth các hãng JBL, Marshall,Harman Kardon; đồng hồ thông minh (trừ Apple) trị giá 100.000đ

3

Phiếu mua hàng mua Sim data 500GB 1 tháng trị giá 100,000đ Xem chi tiết

4

Thu cũ đổi mới: Giảm đến 2,000,000đ (Không kèm ưu đãi thanh toán qua cổng, mua kèm) Xem chi tiết";"Ưu đãi thanh toán Online (Click chọn để áp dụng)
 Giảm 250.000đ -
Xem chi tiết
Áp dụng sản phẩm từ 5.000.000đ trở lên.";https://www.thegioididong.com/may-tinh-bang/ipad-11-wifi-128gb;Skipped
iPad mini 7 5G 128GB;Đen - Xám;Yes;17890000;15890000;2026-02-01;"Khuyến mãi trị giá 400.000₫

Giá và khuyến mãi dự kiến áp dụng đến 23:59 | 28/02
1

Phiếu mua hàng Apple Pencil trị giá 400,000đ

2

Tặng Phiếu mua hàng mua Balo; Túi Chống sốc; Ốp lưng; KBV Camera; Sạc dự phòng (trừ AVA+, Hydrus); nhóm Tai nghe bluetooth, Loa Bluetooth các hãng JBL, Marshall,Harman Kardon; đồng hồ thông minh (trừ Apple) trị giá 100.000đ

3

Phiếu mua hàng mua Sim data 500GB 1 tháng trị giá 100,000đ Xem chi tiết

4

Thu cũ đổi mới: Giảm đến 2,000,000đ (Không kèm ưu đãi thanh toán qua cổng, mua kèm) Xem chi tiết";"Ưu đãi thanh toán Online (Click chọn để áp dụng)
 Giảm 1.000.000đ - Xem chi tiết
Áp dụng sản phẩm từ 10.000.000đ trở lên.
 Giảm 250.000đ - Xem chi tiết
Áp dụng sản phẩm từ 5.000.000đ trở lên.";https://www.thegioididong.com/may-tinh-bang/ipad-mini-7-5g;Skipped
iPad Air M3 13 inch 5G 128GB;Xanh Dương;No;26190000;23590000;2026-02-01;"Khuyến mãi trị giá 400.000₫

Giá và khuyến mãi dự kiến áp dụng đến 23:59 | 28/02
1

Phiếu mua hàng Apple Pencil trị giá 400,000đ

2

Tặng Phiếu mua hàng mua Balo; Túi Chống sốc; Ốp lưng; KBV Camera; Sạc dự phòng (trừ AVA+, Hydrus); nhóm Tai nghe bluetooth, Loa Bluetooth các hãng JBL, Marshall,Harman Kardon; đồng hồ thông minh (trừ Apple) trị giá 100.000đ

3

Phiếu mua hàng mua Sim data 500GB 1 tháng trị giá 100,000đ Xem chi tiết

4

Thu cũ đổi mới: Giảm đến 2,000,000đ (Không kèm ưu đãi thanh toán qua cổng, mua kèm) Xem chi tiết";;https://www.thegioididong.com/may-tinh-bang/ipad-air-m3-13-inch-5g-128gb;DEBUG_OOS_iPad Air M3 13 inch 5G 128GB_Xanh Dương_081733.png
iPad Air M3 13 inch WiFi 256GB;Tím;No;24790000;22190000;2026-02-01;"Khuyến mãi trị giá 400.000₫

Giá và khuyến mãi dự kiến áp dụng đến 23:59 | 28/02
1

Phiếu mua hàng Apple Pencil trị giá 400,000đ

2

Tặng Phiếu mua hàng mua Balo; Túi Chống sốc; Ốp lưng; KBV Camera; Sạc dự phòng (trừ AVA+, Hydrus); nhóm Tai nghe bluetooth, Loa Bluetooth các hãng JBL, Marshall,Harman Kardon; đồng hồ thông minh (trừ Apple) trị giá 100.000đ

3

Phiếu mua hàng mua Sim data 500GB 1 tháng trị giá 100,000đ Xem chi tiết

4

Thu cũ đổi mới: Giảm đến 2,000,000đ (Không kèm ưu đãi thanh toán qua cổng, mua kèm) Xem chi tiết";;https://www.thegioididong.com/may-tinh-bang/ipad-air-m3-13-inch-wifi-128gb?utm_flashsale=1;DEBUG_OOS_iPad Air M3 13 inch WiFi 256GB_Tím_081734.png
iPad Air M3 11 inch WiFi 256GB;Xanh Dương;Yes;19390000;16390000;2026-02-01;"Khuyến mãi trị giá 400.000₫

Giá và khuyến mãi dự kiến áp dụng đến 23:59 | 28/02
1

Phiếu mua hàng Apple Pencil trị giá 400,000đ

2

Tặng Phiếu mua hàng mua Balo; Túi Chống sốc; Ốp lưng; KBV Camera; Sạc dự phòng (trừ AVA+, Hydrus); nhóm Tai nghe bluetooth, Loa Bluetooth các hãng JBL, Marshall,Harman Kardon; đồng hồ thông minh (trừ Apple) trị giá 100.000đ

3

Phiếu mua hàng mua Sim data 500GB 1 tháng trị giá 100,000đ Xem chi tiết

4

Thu cũ đổi mới: Giảm đến 2,000,000đ (Không kèm ưu đãi thanh toán qua cổng, mua kèm) Xem chi tiết";"Ưu đãi thanh toán Online (Click chọn để áp dụng)
 Giảm 1.000.000đ - Xem chi tiết
Áp dụng sản phẩm từ 10.000.000đ trở lên.
 Giảm 250.000đ - Xem chi tiết
Áp dụng sản phẩm từ 5.000.000đ trở lên.";https://www.thegioididong.com/may-tinh-bang/ipad-air-m3-11-inch-wifi-128gb;Skipped
iPad Air M3 13 inch 5G 128GB;Đen - Xám;No;26190000;23590000;2026-02-01;"Khuyến mãi trị giá 400.000₫

Giá và khuyến mãi dự kiến áp dụng đến 23:59 | 28/02
1

Phiếu mua hàng Apple Pencil trị giá 400,000đ

2

Tặng Phiếu mua hàng mua Balo; Túi Chống sốc; Ốp lưng; KBV Camera; Sạc dự phòng (trừ AVA+, Hydrus); nhóm Tai nghe bluetooth, Loa Bluetooth các hãng JBL, Marshall,Harman Kardon; đồng hồ thông minh (trừ Apple) trị giá 100.000đ

3

Phiếu mua hàng mua Sim data 500GB 1 tháng trị giá 100,000đ Xem chi tiết

4

Thu cũ đổi mới: Giảm đến 2,000,000đ (Không kèm ưu đãi thanh toán qua cổng, mua kèm) Xem chi tiết";;https://www.thegioididong.com/may-tinh-bang/ipad-air-m3-13-inch-5g-128gb;DEBUG_OOS_iPad Air M3 13 inch 5G 128GB_Đen - Xám_081738.png
iPad mini 7 5G 128GB;Trắng Starlight;Yes;17890000;15890000;2026-02-01;"Khuyến mãi trị giá 400.000₫

Giá và khuyến mãi dự kiến áp dụng đến 23:59 | 28/02
1

Phiếu mua hàng Apple Pencil trị giá 400,000đ

2

Tặng Phiếu mua hàng mua Balo; Túi Chống sốc; Ốp lưng; KBV Camera; Sạc dự phòng (trừ AVA+, Hydrus); nhóm Tai nghe bluetooth, Loa Bluetooth các hãng JBL, Marshall,Harman Kardon; đồng hồ thông minh (trừ Apple) trị giá 100.000đ

3

Phiếu mua hàng mua Sim data 500GB 1 tháng trị giá 100,000đ Xem chi tiết

4

Thu cũ đổi mới: Giảm đến 2,000,000đ (Không kèm ưu đãi thanh toán qua cổng, mua kèm) Xem chi tiết";"Ưu đãi thanh toán Online (Click chọn để áp dụng)
 Giảm 1.000.000đ - Xem chi tiết
Áp dụng sản phẩm từ 10.000.000đ trở lên.
 Giảm 250.000đ - Xem chi tiết
Áp dụng sản phẩm từ 5.000.000đ trở lên.";https://www.thegioididong.com/may-tinh-bang/ipad-mini-7-5g;Skipped
iPad Air M3 13 inch 5G 128GB;Trắng Starlight;No;26190000;23590000;2026-02-01;"Khuyến mãi trị giá 400.000₫

Giá và khuyến mãi dự kiến áp dụng đến 23:59 | 28/02
1

Phiếu mua hàng Apple Pencil trị giá 400,000đ

2

Tặng Phiếu mua hàng mua Balo; Túi Chống sốc; Ốp lưng; KBV Camera; Sạc dự phòng (trừ AVA+, Hydrus); nhóm Tai nghe bluetooth, Loa Bluetooth các hãng JBL, Marshall,Harman Kardon; đồng hồ thông minh (trừ Apple) trị giá 100.000đ

3

Phiếu mua hàng mua Sim data 500GB 1 tháng trị giá 100,000đ Xem chi tiết

4

Thu cũ đổi mới: Giảm đến 2,000,000đ (Không kèm ưu đãi thanh toán qua cổng, mua kèm) Xem chi tiết";;https://www.thegioididong.com/may-tinh-bang/ipad-air-m3-13-inch-5g-128gb;DEBUG_OOS_iPad Air M3 13 inch 5G 128GB_Trắng Starlight_081741.png
iPad Air M3 11 inch WiFi 256GB;Tím;Yes;19390000;16390000;2026-02-01;"Khuyến mãi trị giá 400.000₫

Giá và khuyến mãi dự kiến áp dụng đến 23:59 | 28/02
1

Phiếu mua hàng Apple Pencil trị giá 400,000đ

2

Tặng Phiếu mua hàng mua Balo; Túi Chống sốc; Ốp lưng; KBV Camera; Sạc dự phòng (trừ AVA+, Hydrus); nhóm Tai nghe bluetooth, Loa Bluetooth các hãng JBL, Marshall,Harman Kardon; đồng hồ thông minh (trừ Apple) trị giá 100.000đ

3

Phiếu mua hàng mua Sim data 500GB 1 tháng trị giá 100,000đ Xem chi tiết

4

Thu cũ đổi mới: Giảm đến 2,000,000đ (Không kèm ưu đãi thanh toán qua cổng, mua kèm) Xem chi tiết";"Ưu đãi thanh toán Online (Click chọn để áp dụng)
 Giảm 1.000.000đ - Xem chi tiết
Áp dụng sản phẩm từ 10.000.000đ trở lên.
 Giảm 250.000đ - Xem chi tiết
Áp dụng sản phẩm từ 5.000.000đ trở lên.";https://www.thegioididong.com/may-tinh-bang/ipad-air-m3-11-inch-wifi-128gb;Skipped
iPad Air M3 13 inch WiFi 256GB;Trắng Starlight;Yes;24790000;22190000;2026-02-01;"Khuyến mãi trị giá 400.000₫

Giá và khuyến mãi dự kiến áp dụng đến 23:59 | 28/02
1

Phiếu mua hàng Apple Pencil trị giá 400,000đ

2

Tặng Phiếu mua hàng mua Balo; Túi Chống sốc; Ốp lưng; KBV Camera; Sạc dự phòng (trừ AVA+, Hydrus); nhóm Tai nghe bluetooth, Loa Bluetooth các hãng JBL, Marshall,Harman Kardon; đồng hồ thông minh (trừ Apple) trị giá 100.000đ

3

Phiếu mua hàng mua Sim data 500GB 1 tháng trị giá 100,000đ Xem chi tiết

4

Thu cũ đổi mới: Giảm đến 2,000,000đ (Không kèm ưu đãi thanh toán qua cổng, mua kèm) Xem chi tiết";"Ưu đãi thanh toán Online (Click chọn để áp dụng)
 Giảm 1.000.000đ - Xem chi tiết
Áp dụng sản phẩm từ 10.000.000đ trở lên.
 Giảm 250.000đ - Xem chi tiết
Áp dụng sản phẩm từ 5.000.000đ trở lên.";https://www.thegioididong.com/may-tinh-bang/ipad-air-m3-13-inch-wifi-128gb?utm_flashsale=1;Skipped
iPad mini 7 WiFi 128GB;Tím;Yes;13790000;11790000;2026-02-01;"Khuyến mãi trị giá 400.000₫

Giá và khuyến mãi dự kiến áp dụng đến 23:59 | 28/02
1

Phiếu mua hàng Apple Pencil trị giá 400,000đ

2

Tặng Phiếu mua hàng mua Balo; Túi Chống sốc; Ốp lưng; KBV Camera; Sạc dự phòng (trừ AVA+, Hydrus); nhóm Tai nghe bluetooth, Loa Bluetooth các hãng JBL, Marshall,Harman Kardon; đồng hồ thông minh (trừ Apple) trị giá 100.000đ

3

Phiếu mua hàng mua Sim data 500GB 1 tháng trị giá 100,000đ Xem chi tiết

4

Thu cũ đổi mới: Giảm đến 2,000,000đ (Không kèm ưu đãi thanh toán qua cổng, mua kèm) Xem chi tiết";"Ưu đãi thanh toán Online (Click chọn để áp dụng)
 Giảm 250.000đ -
Xem chi tiết
Áp dụng sản phẩm từ 5.000.000đ trở lên.";https://www.thegioididong.com/may-tinh-bang/ipad-mini-7-wifi;Skipped
iPad mini 7 5G 128GB;Xanh Dương;Yes;17890000;15890000;2026-02-01;"Khuyến mãi trị giá 400.000₫

Giá và khuyến mãi dự kiến áp dụng đến 23:59 | 28/02
1

Phiếu mua hàng Apple Pencil trị giá 400,000đ

2

Tặng Phiếu mua hàng mua Balo; Túi Chống sốc; Ốp lưng; KBV Camera; Sạc dự phòng (trừ AVA+, Hydrus); nhóm Tai nghe bluetooth, Loa Bluetooth các hãng JBL, Marshall,Harman Kardon; đồng hồ thông minh (trừ Apple) trị giá 100.000đ

3

Phiếu mua hàng mua Sim data 500GB 1 tháng trị giá 100,000đ Xem chi tiết

4

Thu cũ đổi mới: Giảm đến 2,000,000đ (Không kèm ưu đãi thanh toán qua cổng, mua kèm) Xem chi tiết";"Ưu đãi thanh toán Online (Click chọn để áp dụng)
 Giảm 1.000.000đ - Xem chi tiết
Áp dụng sản phẩm từ 10.000.000đ trở lên.
 Giảm 250.000đ - Xem chi tiết
Áp dụng sản phẩm từ 5.000.000đ trở lên.";https://www.thegioididong.com/may-tinh-bang/ipad-mini-7-5g;Skipped
iPad Air M3 13 inch 5G 128GB;Tím;No;26190000;23590000;2026-02-01;"Khuyến mãi trị giá 400.000₫

Giá và khuyến mãi dự kiến áp dụng đến 23:59 | 28/02
1

Phiếu mua hàng Apple Pencil trị giá 400,000đ

2

Tặng Phiếu mua hàng mua Balo; Túi Chống sốc; Ốp lưng; KBV Camera; Sạc dự phòng (trừ AVA+, Hydrus); nhóm Tai nghe bluetooth, Loa Bluetooth các hãng JBL, Marshall,Harman Kardon; đồng hồ thông minh (trừ Apple) trị giá 100.000đ

3

Phiếu mua hàng mua Sim data 500GB 1 tháng trị giá 100,000đ Xem chi tiết

4

Thu cũ đổi mới: Giảm đến 2,000,000đ (Không kèm ưu đãi thanh toán qua cổng, mua kèm) Xem chi tiết";;https://www.thegioididong.com/may-tinh-bang/ipad-air-m3-13-inch-5g-128gb;DEBUG_OOS_iPad Air M3 13 inch 5G 128GB_Tím_081750.png
iPad Air M3 13 inch WiFi 256GB;Đen - Xám;No;24790000;22190000;2026-02-01;"Khuyến mãi trị giá 400.000₫

Giá và khuyến mãi dự kiến áp dụng đến 23:59 | 28/02
1

Phiếu mua hàng Apple Pencil trị giá 400,000đ

2

Tặng Phiếu mua hàng mua Balo; Túi Chống sốc; Ốp lưng; KBV Camera; Sạc dự phòng (trừ AVA+, Hydrus); nhóm Tai nghe bluetooth, Loa Bluetooth các hãng JBL, Marshall,Harman Kardon; đồng hồ thông minh (trừ Apple) trị giá 100.000đ

3

Phiếu mua hàng mua Sim data 500GB 1 tháng trị giá 100,000đ Xem chi tiết

4

Thu cũ đổi mới: Giảm đến 2,000,000đ (Không kèm ưu đãi thanh toán qua cổng, mua kèm) Xem chi tiết";;https://www.thegioididong.com/may-tinh-bang/ipad-air-m3-13-inch-wifi-128gb?utm_flashsale=1;DEBUG_OOS_iPad Air M3 13 inch WiFi 256GB_Đen - Xám_081750.png
iPad Air M3 11 inch WiFi 256GB;Trắng Starlight;Yes;19390000;16390000;2026-02-01;"Khuyến mãi trị giá 400.000₫

Giá và khuyến mãi dự kiến áp dụng đến 23:59 | 28/02
1

Phiếu mua hàng Apple Pencil trị giá 400,000đ

2

Phiếu mua hàng mua Sim data 500GB 1 tháng trị giá 100,000đ Xem chi tiết

3

Thu cũ đổi mới: Giảm đến 2,000,000đ (Không kèm ưu đãi thanh toán qua cổng, mua kèm) Xem chi tiết";"Ưu đãi thanh toán Online (Click chọn để áp dụng)
 Giảm 1.000.000đ - Xem chi tiết
Áp dụng sản phẩm từ 10.000.000đ trở lên.
 Giảm 250.000đ - Xem chi tiết
Áp dụng sản phẩm từ 5.000.000đ trở lên.";https://www.thegioididong.com/may-tinh-bang/ipad-air-m3-11-inch-wifi-128gb;Skipped
iPad mini 7 WiFi 128GB;Đen - Xám;Yes;13790000;11790000;2026-02-01;"Khuyến mãi trị giá 400.000₫

Giá và khuyến mãi dự kiến áp dụng đến 23:59 | 28/02
1

Phiếu mua hàng Apple Pencil trị giá 400,000đ

2

Tặng Phiếu mua hàng mua Balo; Túi Chống sốc; Ốp lưng; KBV Camera; Sạc dự phòng (trừ AVA+, Hydrus); nhóm Tai nghe bluetooth, Loa Bluetooth các hãng JBL, Marshall,Harman Kardon; đồng hồ thông minh (trừ Apple) trị giá 100.000đ

3

Phiếu mua hàng mua Sim data 500GB 1 tháng trị giá 100,000đ Xem chi tiết

4

Thu cũ đổi mới: Giảm đến 2,000,000đ (Không kèm ưu đãi thanh toán qua cổng, mua kèm) Xem chi tiết";"Ưu đãi thanh toán Online (Click chọn để áp dụng)
 Giảm 250.000đ -
Xem chi tiết
Áp dụng sản phẩm từ 5.000.000đ trở lên.";https://www.thegioididong.com/may-tinh-bang/ipad-mini-7-wifi;Skipped
iPad Air M3 13 inch WiFi 256GB;Xanh Dương;No;24790000;22190000;2026-02-01;"Khuyến mãi trị giá 400.000₫

Giá và khuyến mãi dự kiến áp dụng đến 23:59 | 28/02
1

Phiếu mua hàng Apple Pencil trị giá 400,000đ

2

Tặng Phiếu mua hàng mua Balo; Túi Chống sốc; Ốp lưng; KBV Camera; Sạc dự phòng (trừ AVA+, Hydrus); nhóm Tai nghe bluetooth, Loa Bluetooth các hãng JBL, Marshall,Harman Kardon; đồng hồ thông minh (trừ Apple) trị giá 100.000đ

3

Phiếu mua hàng mua Sim data 500GB 1 tháng trị giá 100,000đ Xem chi tiết

4

Thu cũ đổi mới: Giảm đến 2,000,000đ (Không kèm ưu đãi thanh toán qua cổng, mua kèm) Xem chi tiết";;https://www.thegioididong.com/may-tinh-bang/ipad-air-m3-13-inch-wifi-128gb?utm_flashsale=1;DEBUG_OOS_iPad Air M3 13 inch WiFi 256GB_Xanh Dương_081754.png
iPad Air M3 13 inch 5G 128GB;Xanh Dương;No;26190000;23590000;2026-02-01;"Khuyến mãi trị giá 400.000₫

Giá và khuyến mãi dự kiến áp dụng đến 23:59 | 28/02
1

Phiếu mua hàng Apple Pencil trị giá 400,000đ

2

Tặng Phiếu mua hàng mua Balo; Túi Chống sốc; Ốp lưng; KBV Camera; Sạc dự phòng (trừ AVA+, Hydrus); nhóm Tai nghe bluetooth, Loa Bluetooth các hãng JBL, Marshall,Harman Kardon; đồng hồ thông minh (trừ Apple) trị giá 100.000đ

3

Phiếu mua hàng mua Sim data 500GB 1 tháng trị giá 100,000đ Xem chi tiết

4

Thu cũ đổi mới: Giảm đến 2,000,000đ (Không kèm ưu đãi thanh toán qua cổng, mua kèm) Xem chi tiết";;https://www.thegioididong.com/may-tinh-bang/ipad-air-m3-13-inch-5g-128gb;DEBUG_OOS_iPad Air M3 13 inch 5G 128GB_Xanh Dương_081754.png
iPad mini 7 5G 128GB;Tím;Yes;17890000;15890000;2026-02-01;"Khuyến mãi trị giá 400.000₫

Giá và khuyến mãi dự kiến áp dụng đến 23:59 | 28/02
1

Phiếu mua hàng Apple Pencil trị giá 400,000đ

2

Tặng Phiếu mua hàng mua Balo; Túi Chống sốc; Ốp lưng; KBV Camera; Sạc dự phòng (trừ AVA+, Hydrus); nhóm Tai nghe bluetooth, Loa Bluetooth các hãng JBL, Marshall,Harman Kardon; đồng hồ thông minh (trừ Apple) trị giá 100.000đ

3

Phiếu mua hàng mua Sim data 500GB 1 tháng trị giá 100,000đ Xem chi tiết

4

Thu cũ đổi mới: Giảm đến 2,000,000đ (Không kèm ưu đãi thanh toán qua cổng, mua kèm) Xem chi tiết";"Ưu đãi thanh toán Online (Click chọn để áp dụng)
 Giảm 1.000.000đ - Xem chi tiết
Áp dụng sản phẩm từ 10.000.000đ trở lên.
 Giảm 250.000đ - Xem chi tiết
Áp dụng sản phẩm từ 5.000.000đ trở lên.";https://www.thegioididong.com/may-tinh-bang/ipad-mini-7-5g;Skipped
iPad Air M3 13 inch WiFi 256GB;Tím;No;24790000;22190000;2026-02-01;"Khuyến mãi trị giá 400.000₫

Giá và khuyến mãi dự kiến áp dụng đến 23:59 | 28/02
1

Phiếu mua hàng Apple Pencil trị giá 400,000đ

2

Tặng Phiếu mua hàng mua Balo; Túi Chống sốc; Ốp lưng; KBV Camera; Sạc dự phòng (trừ AVA+, Hydrus); nhóm Tai nghe bluetooth, Loa Bluetooth các hãng JBL, Marshall,Harman Kardon; đồng hồ thông minh (trừ Apple) trị giá 100.000đ

3

Phiếu mua hàng mua Sim data 500GB 1 tháng trị giá 100,000đ Xem chi tiết

4

Thu cũ đổi mới: Giảm đến 2,000,000đ (Không kèm ưu đãi thanh toán qua cổng, mua kèm) Xem chi tiết";;https://www.thegioididong.com/may-tinh-bang/ipad-air-m3-13-inch-wifi-128gb?utm_flashsale=1;DEBUG_OOS_iPad Air M3 13 inch WiFi 256GB_Tím_081803.png
iPad Air M3 13 inch 5G 128GB;Đen - Xám;No;26190000;23590000;2026-02-01;"Khuyến mãi trị giá 400.000₫

Giá và khuyến mãi dự kiến áp dụng đến 23:59 | 28/02
1

Phiếu mua hàng Apple Pencil trị giá 400,000đ

2

Tặng Phiếu mua hàng mua Balo; Túi Chống sốc; Ốp lưng; KBV Camera; Sạc dự phòng (trừ AVA+, Hydrus); nhóm Tai nghe bluetooth, Loa Bluetooth các hãng JBL, Marshall,Harman Kardon; đồng hồ thông minh (trừ Apple) trị giá 100.000đ

3

Phiếu mua hàng mua Sim data 500GB 1 tháng trị giá 100,000đ Xem chi tiết

4

Thu cũ đổi mới: Giảm đến 2,000,000đ (Không kèm ưu đãi thanh toán qua cổng, mua kèm) Xem chi tiết";;https://www.thegioididong.com/may-tinh-bang/ipad-air-m3-13-inch-5g-128gb;DEBUG_OOS_iPad Air M3 13 inch 5G 128GB_Đen - Xám_081803.png
iPad mini 7 WiFi 128GB;Trắng Starlight;Yes;13790000;11790000;2026-02-01;"Khuyến mãi trị giá 400.000₫

Giá và khuyến mãi dự kiến áp dụng đến 23:59 | 28/02
1

Phiếu mua hàng Apple Pencil trị giá 400,000đ

2

Tặng Phiếu mua hàng mua Balo; Túi Chống sốc; Ốp lưng; KBV Camera; Sạc dự phòng (trừ AVA+, Hydrus); nhóm Tai nghe bluetooth, Loa Bluetooth các hãng JBL, Marshall,Harman Kardon; đồng hồ thông minh (trừ Apple) trị giá 100.000đ

3

Phiếu mua hàng mua Sim data 500GB 1 tháng trị giá 100,000đ Xem chi tiết

4

Thu cũ đổi mới: Giảm đến 2,000,000đ (Không kèm ưu đãi thanh toán qua cổng, mua kèm) Xem chi tiết";"Ưu đãi thanh toán Online (Click chọn để áp dụng)
 Giảm 250.000đ -
Xem chi tiết
Áp dụng sản phẩm từ 5.000.000đ trở lên.";https://www.thegioididong.com/may-tinh-bang/ipad-mini-7-wifi;Skipped
iPad Pro M4 13 inch 5G 256GB;Đen;No;42690000;39990000;2026-02-01;"Khuyến mãi trị giá 400.000₫

Giá và khuyến mãi dự kiến áp dụng đến 23:59 | 28/02
1

Phiếu mua hàng Apple Pencil trị giá 400,000đ

2

Tặng Phiếu mua hàng mua Balo; Túi Chống sốc; Ốp lưng; KBV Camera; Sạc dự phòng (trừ AVA+, Hydrus); nhóm Tai nghe bluetooth, Loa Bluetooth các hãng JBL, Marshall,Harman Kardon; đồng hồ thông minh (trừ Apple) trị giá 100.000đ

3

Phiếu mua hàng mua Sim data 500GB 1 tháng trị giá 100,000đ Xem chi tiết

4

Thu cũ đổi mới: Giảm đến 2,000,000đ (Không kèm ưu đãi thanh toán qua cổng, mua kèm) Xem chi tiết";;https://www.thegioididong.com/may-tinh-bang/ipad-pro-m4-13-inch-wifi-cellular-256gb?utm_flashsale=1;DEBUG_OOS_iPad Pro M4 13 inch 5G 256GB_Đen_081812.png
iPad Air M3 13 inch 5G 128GB;Trắng Starlight;No;26190000;23590000;2026-02-01;"Khuyến mãi trị giá 400.000₫

Giá và khuyến mãi dự kiến áp dụng đến 23:59 | 28/02
1

Phiếu mua hàng Apple Pencil trị giá 400,000đ

2

Tặng Phiếu mua hàng mua Balo; Túi Chống sốc; Ốp lưng; KBV Camera; Sạc dự phòng (trừ AVA+, Hydrus); nhóm Tai nghe bluetooth, Loa Bluetooth các hãng JBL, Marshall,Harman Kardon; đồng hồ thông minh (trừ Apple) trị giá 100.000đ

3

Phiếu mua hàng mua Sim data 500GB 1 tháng trị giá 100,000đ Xem chi tiết

4

Thu cũ đổi mới: Giảm đến 2,000,000đ (Không kèm ưu đãi thanh toán qua cổng, mua kèm) Xem chi tiết";;https://www.thegioididong.com/may-tinh-bang/ipad-air-m3-13-inch-5g-128gb;DEBUG_OOS_iPad Air M3 13 inch 5G 128GB_Trắng Starlight_081813.png
iPad mini 7 5G 128GB;Đen - Xám;Yes;17890000;15890000;2026-02-01;"Khuyến mãi trị giá 400.000₫

Giá và khuyến mãi dự kiến áp dụng đến 23:59 | 28/02
1

Phiếu mua hàng Apple Pencil trị giá 400,000đ

2

Tặng Phiếu mua hàng mua Balo; Túi Chống sốc; Ốp lưng; KBV Camera; Sạc dự phòng (trừ AVA+, Hydrus); nhóm Tai nghe bluetooth, Loa Bluetooth các hãng JBL, Marshall,Harman Kardon; đồng hồ thông minh (trừ Apple) trị giá 100.000đ

3

Phiếu mua hàng mua Sim data 500GB 1 tháng trị giá 100,000đ Xem chi tiết

4

Thu cũ đổi mới: Giảm đến 2,000,000đ (Không kèm ưu đãi thanh toán qua cổng, mua kèm) Xem chi tiết";"Ưu đãi thanh toán Online (Click chọn để áp dụng)
 Giảm 1.000.000đ - Xem chi tiết
Áp dụng sản phẩm từ 10.000.000đ trở lên.
 Giảm 250.000đ - Xem chi tiết
Áp dụng sản phẩm từ 5.000.000đ trở lên.";https://www.thegioididong.com/may-tinh-bang/ipad-mini-7-5g;Skipped
iPad Air M3 13 inch WiFi 256GB;Trắng Starlight;Yes;24790000;22190000;2026-02-01;"Khuyến mãi trị giá 400.000₫

Giá và khuyến mãi dự kiến áp dụng đến 23:59 | 28/02
1

Phiếu mua hàng Apple Pencil trị giá 400,000đ

2

Tặng Phiếu mua hàng mua Balo; Túi Chống sốc; Ốp lưng; KBV Camera; Sạc dự phòng (trừ AVA+, Hydrus); nhóm Tai nghe bluetooth, Loa Bluetooth các hãng JBL, Marshall,Harman Kardon; đồng hồ thông minh (trừ Apple) trị giá 100.000đ

3

Phiếu mua hàng mua Sim data 500GB 1 tháng trị giá 100,000đ Xem chi tiết

4

Thu cũ đổi mới: Giảm đến 2,000,000đ (Không kèm ưu đãi thanh toán qua cổng, mua kèm) Xem chi tiết";"Ưu đãi thanh toán Online (Click chọn để áp dụng)
 Giảm 1.000.000đ - Xem chi tiết
Áp dụng sản phẩm từ 10.000.000đ trở lên.
 Giảm 250.000đ - Xem chi tiết
Áp dụng sản phẩm từ 5.000.000đ trở lên.";https://www.thegioididong.com/may-tinh-bang/ipad-air-m3-13-inch-wifi-128gb?utm_flashsale=1;Skipped
iPad mini 7 WiFi 128GB;Xanh Dương;Yes;13790000;11790000;2026-02-01;"Khuyến mãi trị giá 400.000₫

Giá và khuyến mãi dự kiến áp dụng đến 23:59 | 28/02
1

Phiếu mua hàng Apple Pencil trị giá 400,000đ

2

Tặng Phiếu mua hàng mua Balo; Túi Chống sốc; Ốp lưng; KBV Camera; Sạc dự phòng (trừ AVA+, Hydrus); nhóm Tai nghe bluetooth, Loa Bluetooth các hãng JBL, Marshall,Harman Kardon; đồng hồ thông minh (trừ Apple) trị giá 100.000đ

3

Phiếu mua hàng mua Sim data 500GB 1 tháng trị giá 100,000đ Xem chi tiết

4

Thu cũ đổi mới: Giảm đến 2,000,000đ (Không kèm ưu đãi thanh toán qua cổng, mua kèm) Xem chi tiết";"Ưu đãi thanh toán Online (Click chọn để áp dụng)
 Giảm 250.000đ -
Xem chi tiết
Áp dụng sản phẩm từ 5.000.000đ trở lên.";https://www.thegioididong.com/may-tinh-bang/ipad-mini-7-wifi;Skipped
iPad Pro M4 13 inch 5G 256GB;Bạc;No;42690000;39990000;2026-02-01;"Khuyến mãi trị giá 400.000₫

Giá và khuyến mãi dự kiến áp dụng đến 23:59 | 28/02
1

Phiếu mua hàng Apple Pencil trị giá 400,000đ

2

Tặng Phiếu mua hàng mua Balo; Túi Chống sốc; Ốp lưng; KBV Camera; Sạc dự phòng (trừ AVA+, Hydrus); nhóm Tai nghe bluetooth, Loa Bluetooth các hãng JBL, Marshall,Harman Kardon; đồng hồ thông minh (trừ Apple) trị giá 100.000đ

3

Phiếu mua hàng mua Sim data 500GB 1 tháng trị giá 100,000đ Xem chi tiết

4

Thu cũ đổi mới: Giảm đến 2,000,000đ (Không kèm ưu đãi thanh toán qua cổng, mua kèm) Xem chi tiết";;https://www.thegioididong.com/may-tinh-bang/ipad-pro-m4-13-inch-wifi-cellular-256gb?utm_flashsale=1;DEBUG_OOS_iPad Pro M4 13 inch 5G 256GB_Bạc_081821.png
iPad mini 7 5G 128GB;Trắng Starlight;Yes;17890000;15890000;2026-02-01;"Khuyến mãi trị giá 400.000₫

Giá và khuyến mãi dự kiến áp dụng đến 23:59 | 28/02
1

Phiếu mua hàng Apple Pencil trị giá 400,000đ

2

Tặng Phiếu mua hàng mua Balo; Túi Chống sốc; Ốp lưng; KBV Camera; Sạc dự phòng (trừ AVA+, Hydrus); nhóm Tai nghe bluetooth, Loa Bluetooth các hãng JBL, Marshall,Harman Kardon; đồng hồ thông minh (trừ Apple) trị giá 100.000đ

3

Phiếu mua hàng mua Sim data 500GB 1 tháng trị giá 100,000đ Xem chi tiết

4

Thu cũ đổi mới: Giảm đến 2,000,000đ (Không kèm ưu đãi thanh toán qua cổng, mua kèm) Xem chi tiết";"Ưu đãi thanh toán Online (Click chọn để áp dụng)
 Giảm 1.000.000đ - Xem chi tiết
Áp dụng sản phẩm từ 10.000.000đ trở lên.
 Giảm 250.000đ - Xem chi tiết
Áp dụng sản phẩm từ 5.000.000đ trở lên.";https://www.thegioididong.com/may-tinh-bang/ipad-mini-7-5g;Skipped
iPad Air M3 13 inch WiFi 256GB;Đen - Xám;No;24790000;22190000;2026-02-01;"Khuyến mãi trị giá 400.000₫

Giá và khuyến mãi dự kiến áp dụng đến 23:59 | 28/02
1

Phiếu mua hàng Apple Pencil trị giá 400,000đ

2

Tặng Phiếu mua hàng mua Balo; Túi Chống sốc; Ốp lưng; KBV Camera; Sạc dự phòng (trừ AVA+, Hydrus); nhóm Tai nghe bluetooth, Loa Bluetooth các hãng JBL, Marshall,Harman Kardon; đồng hồ thông minh (trừ Apple) trị giá 100.000đ

3

Phiếu mua hàng mua Sim data 500GB 1 tháng trị giá 100,000đ Xem chi tiết

4

Thu cũ đổi mới: Giảm đến 2,000,000đ (Không kèm ưu đãi thanh toán qua cổng, mua kèm) Xem chi tiết";;https://www.thegioididong.com/may-tinh-bang/ipad-air-m3-13-inch-wifi-128gb?utm_flashsale=1;DEBUG_OOS_iPad Air M3 13 inch WiFi 256GB_Đen - Xám_081827.png
iPad Pro M5 11 inch WiFi 256GB;12GB - 256GB;Yes;14990000;29990000;2026-02-01;"Khuyến mãi trị giá 400.000₫

Giá và khuyến mãi dự kiến áp dụng đến 23:59 | 28/02
1

Phiếu mua hàng Apple Pencil trị giá 400,000đ

2

Phiếu mua hàng mua Sim data 500GB 1 tháng trị giá 100,000đ Xem chi tiết

3

Thu cũ đổi mới: Giảm đến 2,000,000đ (Không kèm ưu đãi thanh toán qua cổng, mua kèm) Xem chi tiết";"Ưu đãi thanh toán Online (Click chọn để áp dụng)
 Giảm 250.000đ -
Xem chi tiết
Áp dụng sản phẩm từ 5.000.000đ trở lên.";https://www.thegioididong.com/may-tinh-bang/ipad-pro-m5-11-inch-wifi-256gb;Skipped
iPad Pro M4 13 inch 5G 256GB;Đen;No;42690000;39990000;2026-02-01;"Khuyến mãi trị giá 400.000₫

Giá và khuyến mãi dự kiến áp dụng đến 23:59 | 28/02
1

Phiếu mua hàng Apple Pencil trị giá 400,000đ

2

Tặng Phiếu mua hàng mua Balo; Túi Chống sốc; Ốp lưng; KBV Camera; Sạc dự phòng (trừ AVA+, Hydrus); nhóm Tai nghe bluetooth, Loa Bluetooth các hãng JBL, Marshall,Harman Kardon; đồng hồ thông minh (trừ Apple) trị giá 100.000đ

3

Phiếu mua hàng mua Sim data 500GB 1 tháng trị giá 100,000đ Xem chi tiết

4

Thu cũ đổi mới: Giảm đến 2,000,000đ (Không kèm ưu đãi thanh toán qua cổng, mua kèm) Xem chi tiết";;https://www.thegioididong.com/may-tinh-bang/ipad-pro-m4-13-inch-wifi-cellular-256gb?utm_flashsale=1;DEBUG_OOS_iPad Pro M4 13 inch 5G 256GB_Đen_081831.png
iPad mini 7 WiFi 256GB;Xanh Dương;Yes;16490000;14490000;2026-02-01;"Khuyến mãi trị giá 400.000₫

Giá và khuyến mãi dự kiến áp dụng đến 23:59 | 28/02
1

Phiếu mua hàng Apple Pencil trị giá 400,000đ

2

Tặng Phiếu mua hàng mua Balo; Túi Chống sốc; Ốp lưng; KBV Camera; Sạc dự phòng (trừ AVA+, Hydrus); nhóm Tai nghe bluetooth, Loa Bluetooth các hãng JBL, Marshall,Harman Kardon; đồng hồ thông minh (trừ Apple) trị giá 100.000đ

3

Phiếu mua hàng mua Sim data 500GB 1 tháng trị giá 100,000đ Xem chi tiết

4

Thu cũ đổi mới: Giảm đến 2,000,000đ (Không kèm ưu đãi thanh toán qua cổng, mua kèm) Xem chi tiết";"Ưu đãi thanh toán Online (Click chọn để áp dụng)
 Giảm 1.000.000đ - Xem chi tiết
Áp dụng sản phẩm từ 10.000.000đ trở lên.
 Giảm 250.000đ - Xem chi tiết
Áp dụng sản phẩm từ 5.000.000đ trở lên.";https://www.thegioididong.com/may-tinh-bang/ipad-mini-7-wifi;Skipped
iPad Air M3 13 inch WiFi 256GB;Xanh Dương;No;24790000;22190000;2026-02-01;"Khuyến mãi trị giá 400.000₫

Giá và khuyến mãi dự kiến áp dụng đến 23:59 | 28/02
1

Phiếu mua hàng Apple Pencil trị giá 400,000đ

2

Tặng Phiếu mua hàng mua Balo; Túi Chống sốc; Ốp lưng; KBV Camera; Sạc dự phòng (trừ AVA+, Hydrus); nhóm Tai nghe bluetooth, Loa Bluetooth các hãng JBL, Marshall,Harman Kardon; đồng hồ thông minh (trừ Apple) trị giá 100.000đ

3

Phiếu mua hàng mua Sim data 500GB 1 tháng trị giá 100,000đ Xem chi tiết

4

Thu cũ đổi mới: Giảm đến 2,000,000đ (Không kèm ưu đãi thanh toán qua cổng, mua kèm) Xem chi tiết";;https://www.thegioididong.com/may-tinh-bang/ipad-air-m3-13-inch-wifi-128gb?utm_flashsale=1;DEBUG_OOS_iPad Air M3 13 inch WiFi 256GB_Xanh Dương_081834.png
iPad mini 7 5G 128GB;Xanh Dương;Yes;17890000;15890000;2026-02-01;"Khuyến mãi trị giá 400.000₫

Giá và khuyến mãi dự kiến áp dụng đến 23:59 | 28/02
1

Phiếu mua hàng Apple Pencil trị giá 400,000đ

2

Tặng Phiếu mua hàng mua Balo; Túi Chống sốc; Ốp lưng; KBV Camera; Sạc dự phòng (trừ AVA+, Hydrus); nhóm Tai nghe bluetooth, Loa Bluetooth các hãng JBL, Marshall,Harman Kardon; đồng hồ thông minh (trừ Apple) trị giá 100.000đ

3

Phiếu mua hàng mua Sim data 500GB 1 tháng trị giá 100,000đ Xem chi tiết

4

Thu cũ đổi mới: Giảm đến 2,000,000đ (Không kèm ưu đãi thanh toán qua cổng, mua kèm) Xem chi tiết";"Ưu đãi thanh toán Online (Click chọn để áp dụng)
 Giảm 1.000.000đ - Xem chi tiết
Áp dụng sản phẩm từ 10.000.000đ trở lên.
 Giảm 250.000đ - Xem chi tiết
Áp dụng sản phẩm từ 5.000.000đ trở lên.";https://www.thegioididong.com/may-tinh-bang/ipad-mini-7-5g;Skipped
iPad Pro M5 11 inch WiFi 512GB;12GB - 512GB;Yes;14990000;35590000;2026-02-01;"Khuyến mãi trị giá 400.000₫

Giá và khuyến mãi dự kiến áp dụng đến 23:59 | 28/02
1

Phiếu mua hàng Apple Pencil trị giá 400,000đ

2

Phiếu mua hàng mua Sim data 500GB 1 tháng trị giá 100,000đ Xem chi tiết

3

Thu cũ đổi mới: Giảm đến 2,000,000đ (Không kèm ưu đãi thanh toán qua cổng, mua kèm) Xem chi tiết";"Ưu đãi thanh toán Online (Click chọn để áp dụng)
 Giảm 1.000.000đ - Xem chi tiết
Áp dụng sản phẩm từ 10.000.000đ trở lên.
 Giảm 250.000đ - Xem chi tiết
Áp dụng sản phẩm từ 5.000.000đ trở lên.";https://www.thegioididong.com/may-tinh-bang/ipad-pro-m5-11-inch-wifi-256gb;Skipped
iPad Pro M4 13 inch 5G 256GB;Bạc;No;42690000;39990000;2026-02-01;"Khuyến mãi trị giá 400.000₫

Giá và khuyến mãi dự kiến áp dụng đến 23:59 | 28/02
1

Phiếu mua hàng Apple Pencil trị giá 400,000đ

2

Tặng Phiếu mua hàng mua Balo; Túi Chống sốc; Ốp lưng; KBV Camera; Sạc dự phòng (trừ AVA+, Hydrus); nhóm Tai nghe bluetooth, Loa Bluetooth các hãng JBL, Marshall,Harman Kardon; đồng hồ thông minh (trừ Apple) trị giá 100.000đ

3

Phiếu mua hàng mua Sim data 500GB 1 tháng trị giá 100,000đ Xem chi tiết

4

Thu cũ đổi mới: Giảm đến 2,000,000đ (Không kèm ưu đãi thanh toán qua cổng, mua kèm) Xem chi tiết";;https://www.thegioididong.com/may-tinh-bang/ipad-pro-m4-13-inch-wifi-cellular-256gb?utm_flashsale=1;DEBUG_OOS_iPad Pro M4 13 inch 5G 256GB_Bạc_081841.png
iPad Air M3 13 inch WiFi 256GB;Tím;No;24790000;22190000;2026-02-01;"Khuyến mãi trị giá 400.000₫

Giá và khuyến mãi dự kiến áp dụng đến 23:59 | 28/02
1

Phiếu mua hàng Apple Pencil trị giá 400,000đ

2

Tặng Phiếu mua hàng mua Balo; Túi Chống sốc; Ốp lưng; KBV Camera; Sạc dự phòng (trừ AVA+, Hydrus); nhóm Tai nghe bluetooth, Loa Bluetooth các hãng JBL, Marshall,Harman Kardon; đồng hồ thông minh (trừ Apple) trị giá 100.000đ

3

Phiếu mua hàng mua Sim data 500GB 1 tháng trị giá 100,000đ Xem chi tiết

4

Thu cũ đổi mới: Giảm đến 2,000,000đ (Không kèm ưu đãi thanh toán qua cổng, mua kèm) Xem chi tiết";;https://www.thegioididong.com/may-tinh-bang/ipad-air-m3-13-inch-wifi-128gb?utm_flashsale=1;DEBUG_OOS_iPad Air M3 13 inch WiFi 256GB_Tím_081841.png
iPad mini 7 WiFi 256GB;Đen - Xám;Yes;16490000;14490000;2026-02-01;"Khuyến mãi trị giá 400.000₫

Giá và khuyến mãi dự kiến áp dụng đến 23:59 | 28/02
1

Phiếu mua hàng Apple Pencil trị giá 400,000đ

2

Tặng Phiếu mua hàng mua Balo; Túi Chống sốc; Ốp lưng; KBV Camera; Sạc dự phòng (trừ AVA+, Hydrus); nhóm Tai nghe bluetooth, Loa Bluetooth các hãng JBL, Marshall,Harman Kardon; đồng hồ thông minh (trừ Apple) trị giá 100.000đ

3

Phiếu mua hàng mua Sim data 500GB 1 tháng trị giá 100,000đ Xem chi tiết

4

Thu cũ đổi mới: Giảm đến 2,000,000đ (Không kèm ưu đãi thanh toán qua cổng, mua kèm) Xem chi tiết";"Ưu đãi thanh toán Online (Click chọn để áp dụng)
 Giảm 1.000.000đ - Xem chi tiết
Áp dụng sản phẩm từ 10.000.000đ trở lên.
 Giảm 250.000đ - Xem chi tiết
Áp dụng sản phẩm từ 5.000.000đ trở lên.";https://www.thegioididong.com/may-tinh-bang/ipad-mini-7-wifi;Skipped
iPad mini 7 5G 128GB;Tím;Yes;17890000;15890000;2026-02-01;"Khuyến mãi trị giá 400.000₫

Giá và khuyến mãi dự kiến áp dụng đến 23:59 | 28/02
1

Phiếu mua hàng Apple Pencil trị giá 400,000đ

2

Tặng Phiếu mua hàng mua Balo; Túi Chống sốc; Ốp lưng; KBV Camera; Sạc dự phòng (trừ AVA+, Hydrus); nhóm Tai nghe bluetooth, Loa Bluetooth các hãng JBL, Marshall,Harman Kardon; đồng hồ thông minh (trừ Apple) trị giá 100.000đ

3

Phiếu mua hàng mua Sim data 500GB 1 tháng trị giá 100,000đ Xem chi tiết

4

Thu cũ đổi mới: Giảm đến 2,000,000đ (Không kèm ưu đãi thanh toán qua cổng, mua kèm) Xem chi tiết";"Ưu đãi thanh toán Online (Click chọn để áp dụng)
 Giảm 1.000.000đ - Xem chi tiết
Áp dụng sản phẩm từ 10.000.000đ trở lên.
 Giảm 250.000đ - Xem chi tiết
Áp dụng sản phẩm từ 5.000.000đ trở lên.";https://www.thegioididong.com/may-tinh-bang/ipad-mini-7-5g;Skipped
iPad Air M3 13 inch WiFi 256GB;Trắng Starlight;Yes;24790000;22190000;2026-02-01;"Khuyến mãi trị giá 400.000₫

Giá và khuyến mãi dự kiến áp dụng đến 23:59 | 28/02
1

Phiếu mua hàng Apple Pencil trị giá 400,000đ

2

Tặng Phiếu mua hàng mua Balo; Túi Chống sốc; Ốp lưng; KBV Camera; Sạc dự phòng (trừ AVA+, Hydrus); nhóm Tai nghe bluetooth, Loa Bluetooth các hãng JBL, Marshall,Harman Kardon; đồng hồ thông minh (trừ Apple) trị giá 100.000đ

3

Phiếu mua hàng mua Sim data 500GB 1 tháng trị giá 100,000đ Xem chi tiết

4

Thu cũ đổi mới: Giảm đến 2,000,000đ (Không kèm ưu đãi thanh toán qua cổng, mua kèm) Xem chi tiết";"Ưu đãi thanh toán Online (Click chọn để áp dụng)
 Giảm 1.000.000đ - Xem chi tiết
Áp dụng sản phẩm từ 10.000.000đ trở lên.
 Giảm 250.000đ - Xem chi tiết
Áp dụng sản phẩm từ 5.000.000đ trở lên.";https://www.thegioididong.com/may-tinh-bang/ipad-air-m3-13-inch-wifi-128gb?utm_flashsale=1;Skipped
iPad Pro M5 11 inch WiFi 1TB;16GB - 1TB;Yes;14990000;46790000;2026-02-01;"Khuyến mãi trị giá 400.000₫

Giá và khuyến mãi dự kiến áp dụng đến 23:59 | 28/02
1

Phiếu mua hàng Apple Pencil trị giá 400,000đ

2

Phiếu mua hàng mua Sim data 500GB 1 tháng trị giá 100,000đ Xem chi tiết

3

Thu cũ đổi mới: Giảm đến 2,000,000đ (Không kèm ưu đãi thanh toán qua cổng, mua kèm) Xem chi tiết";"Ưu đãi thanh toán Online (Click chọn để áp dụng)
 Giảm 250.000đ -
Xem chi tiết
Áp dụng sản phẩm từ 5.000.000đ trở lên.";https://www.thegioididong.com/may-tinh-bang/ipad-pro-m5-11-inch-wifi-256gb;Skipped
iPad Pro M5 11 inch 5G 256GB;Đen;No;14990000;35590000;2026-02-01;"Khuyến mãi trị giá 400.000₫

Giá và khuyến mãi dự kiến áp dụng đến 23:59 | 28/02
1

Phiếu mua hàng Apple Pencil trị giá 400,000đ

2

Phiếu mua hàng mua Sim data 500GB 1 tháng trị giá 100,000đ Xem chi tiết

3

Thu cũ đổi mới: Giảm đến 2,000,000đ (Không kèm ưu đãi thanh toán qua cổng, mua kèm) Xem chi tiết";;https://www.thegioididong.com/may-tinh-bang/ipad-pro-m5-11-inch-wifi-cellular-256gb;DEBUG_OOS_iPad Pro M5 11 inch 5G 256GB_Đen_081855.png
iPad mini 7 5G 128GB;Đen - Xám;Yes;17890000;15890000;2026-02-01;"Khuyến mãi trị giá 400.000₫

Giá và khuyến mãi dự kiến áp dụng đến 23:59 | 28/02
1

Phiếu mua hàng Apple Pencil trị giá 400,000đ

2

Tặng Phiếu mua hàng mua Balo; Túi Chống sốc; Ốp lưng; KBV Camera; Sạc dự phòng (trừ AVA+, Hydrus); nhóm Tai nghe bluetooth, Loa Bluetooth các hãng JBL, Marshall,Harman Kardon; đồng hồ thông minh (trừ Apple) trị giá 100.000đ

3

Phiếu mua hàng mua Sim data 500GB 1 tháng trị giá 100,000đ Xem chi tiết

4

Thu cũ đổi mới: Giảm đến 2,000,000đ (Không kèm ưu đãi thanh toán qua cổng, mua kèm) Xem chi tiết";"Ưu đãi thanh toán Online (Click chọn để áp dụng)
 Giảm 1.000.000đ - Xem chi tiết
Áp dụng sản phẩm từ 10.000.000đ trở lên.
 Giảm 250.000đ - Xem chi tiết
Áp dụng sản phẩm từ 5.000.000đ trở lên.";https://www.thegioididong.com/may-tinh-bang/ipad-mini-7-5g;Skipped
iPad mini 7 WiFi 256GB;Trắng Starlight;Yes;16490000;14490000;2026-02-01;"Khuyến mãi trị giá 400.000₫

Giá và khuyến mãi dự kiến áp dụng đến 23:59 | 28/02
1

Phiếu mua hàng Apple Pencil trị giá 400,000đ

2

Tặng Phiếu mua hàng mua Balo; Túi Chống sốc; Ốp lưng; KBV Camera; Sạc dự phòng (trừ AVA+, Hydrus); nhóm Tai nghe bluetooth, Loa Bluetooth các hãng JBL, Marshall,Harman Kardon; đồng hồ thông minh (trừ Apple) trị giá 100.000đ

3

Phiếu mua hàng mua Sim data 500GB 1 tháng trị giá 100,000đ Xem chi tiết

4

Thu cũ đổi mới: Giảm đến 2,000,000đ (Không kèm ưu đãi thanh toán qua cổng, mua kèm) Xem chi tiết";"Ưu đãi thanh toán Online (Click chọn để áp dụng)
 Giảm 1.000.000đ - Xem chi tiết
Áp dụng sản phẩm từ 10.000.000đ trở lên.
 Giảm 250.000đ - Xem chi tiết
Áp dụng sản phẩm từ 5.000.000đ trở lên.";https://www.thegioididong.com/may-tinh-bang/ipad-mini-7-wifi;Skipped
iPad Pro M5 11 inch WiFi 1TB;Đen;Yes;14990000;46790000;2026-02-01;"Khuyến mãi trị giá 400.000₫

Giá và khuyến mãi dự kiến áp dụng đến 23:59 | 28/02
1

Phiếu mua hàng Apple Pencil trị giá 400,000đ

2

Phiếu mua hàng mua Sim data 500GB 1 tháng trị giá 100,000đ Xem chi tiết

3

Thu cũ đổi mới: Giảm đến 2,000,000đ (Không kèm ưu đãi thanh toán qua cổng, mua kèm) Xem chi tiết";"Ưu đãi thanh toán Online (Click chọn để áp dụng)
 Giảm 250.000đ -
Xem chi tiết
Áp dụng sản phẩm từ 5.000.000đ trở lên.";https://www.thegioididong.com/may-tinh-bang/ipad-pro-m5-11-inch-wifi-256gb;Skipped
iPad Air M3 13 inch WiFi 256GB;Đen - Xám;No;24790000;22190000;2026-02-01;"Khuyến mãi trị giá 400.000₫

Giá và khuyến mãi dự kiến áp dụng đến 23:59 | 28/02
1

Phiếu mua hàng Apple Pencil trị giá 400,000đ

2

Tặng Phiếu mua hàng mua Balo; Túi Chống sốc; Ốp lưng; KBV Camera; Sạc dự phòng (trừ AVA+, Hydrus); nhóm Tai nghe bluetooth, Loa Bluetooth các hãng JBL, Marshall,Harman Kardon; đồng hồ thông minh (trừ Apple) trị giá 100.000đ

3

Phiếu mua hàng mua Sim data 500GB 1 tháng trị giá 100,000đ Xem chi tiết

4

Thu cũ đổi mới: Giảm đến 2,000,000đ (Không kèm ưu đãi thanh toán qua cổng, mua kèm) Xem chi tiết";;https://www.thegioididong.com/may-tinh-bang/ipad-air-m3-13-inch-wifi-128gb?utm_flashsale=1;DEBUG_OOS_iPad Air M3 13 inch WiFi 256GB_Đen - Xám_081903.png
iPad Pro M5 11 inch 5G 256GB;Bạc;No;14990000;35590000;2026-02-01;"Khuyến mãi trị giá 400.000₫

Giá và khuyến mãi dự kiến áp dụng đến 23:59 | 28/02
1

Phiếu mua hàng Apple Pencil trị giá 400,000đ

2

Phiếu mua hàng mua Sim data 500GB 1 tháng trị giá 100,000đ Xem chi tiết

3

Thu cũ đổi mới: Giảm đến 2,000,000đ (Không kèm ưu đãi thanh toán qua cổng, mua kèm) Xem chi tiết";;https://www.thegioididong.com/may-tinh-bang/ipad-pro-m5-11-inch-wifi-cellular-256gb;DEBUG_OOS_iPad Pro M5 11 inch 5G 256GB_Bạc_081904.png
iPad mini 7 WiFi 256GB;Tím;Yes;16490000;14490000;2026-02-01;"Khuyến mãi trị giá 400.000₫

Giá và khuyến mãi dự kiến áp dụng đến 23:59 | 28/02
1

Phiếu mua hàng Apple Pencil trị giá 400,000đ

2

Tặng Phiếu mua hàng mua Balo; Túi Chống sốc; Ốp lưng; KBV Camera; Sạc dự phòng (trừ AVA+, Hydrus); nhóm Tai nghe bluetooth, Loa Bluetooth các hãng JBL, Marshall,Harman Kardon; đồng hồ thông minh (trừ Apple) trị giá 100.000đ

3

Phiếu mua hàng mua Sim data 500GB 1 tháng trị giá 100,000đ Xem chi tiết

4

Thu cũ đổi mới: Giảm đến 2,000,000đ (Không kèm ưu đãi thanh toán qua cổng, mua kèm) Xem chi tiết";"Ưu đãi thanh toán Online (Click chọn để áp dụng)
 Giảm 1.000.000đ - Xem chi tiết
Áp dụng sản phẩm từ 10.000.000đ trở lên.
 Giảm 250.000đ - Xem chi tiết
Áp dụng sản phẩm từ 5.000.000đ trở lên.";https://www.thegioididong.com/may-tinh-bang/ipad-mini-7-wifi;Skipped
iPad Pro M5 11 inch WiFi 1TB;Bạc;No;14990000;46790000;2026-02-01;"Khuyến mãi trị giá 400.000₫

Giá và khuyến mãi dự kiến áp dụng đến 23:59 | 28/02
1

Phiếu mua hàng Apple Pencil trị giá 400,000đ

2

Phiếu mua hàng mua Sim data 500GB 1 tháng trị giá 100,000đ Xem chi tiết

3

Thu cũ đổi mới: Giảm đến 2,000,000đ (Không kèm ưu đãi thanh toán qua cổng, mua kèm) Xem chi tiết";;https://www.thegioididong.com/may-tinh-bang/ipad-pro-m5-11-inch-wifi-256gb;DEBUG_OOS_iPad Pro M5 11 inch WiFi 1TB_Bạc_081908.png
iPad mini 7 5G 128GB;Trắng Starlight;Yes;17890000;15890000;2026-02-01;"Khuyến mãi trị giá 400.000₫

Giá và khuyến mãi dự kiến áp dụng đến 23:59 | 28/02
1

Phiếu mua hàng Apple Pencil trị giá 400,000đ

2

Tặng Phiếu mua hàng mua Balo; Túi Chống sốc; Ốp lưng; KBV Camera; Sạc dự phòng (trừ AVA+, Hydrus); nhóm Tai nghe bluetooth, Loa Bluetooth các hãng JBL, Marshall,Harman Kardon; đồng hồ thông minh (trừ Apple) trị giá 100.000đ

3

Phiếu mua hàng mua Sim data 500GB 1 tháng trị giá 100,000đ Xem chi tiết

4

Thu cũ đổi mới: Giảm đến 2,000,000đ (Không kèm ưu đãi thanh toán qua cổng, mua kèm) Xem chi tiết";"Ưu đãi thanh toán Online (Click chọn để áp dụng)
 Giảm 1.000.000đ - Xem chi tiết
Áp dụng sản phẩm từ 10.000.000đ trở lên.
 Giảm 250.000đ - Xem chi tiết
Áp dụng sản phẩm từ 5.000.000đ trở lên.";https://www.thegioididong.com/may-tinh-bang/ipad-mini-7-5g;Skipped
iPad Air M3 13 inch WiFi 256GB;Xanh Dương;No;24790000;22190000;2026-02-01;"Khuyến mãi trị giá 400.000₫

Giá và khuyến mãi dự kiến áp dụng đến 23:59 | 28/02
1

Phiếu mua hàng Apple Pencil trị giá 400,000đ

2

Tặng Phiếu mua hàng mua Balo; Túi Chống sốc; Ốp lưng; KBV Camera; Sạc dự phòng (trừ AVA+, Hydrus); nhóm Tai nghe bluetooth, Loa Bluetooth các hãng JBL, Marshall,Harman Kardon; đồng hồ thông minh (trừ Apple) trị giá 100.000đ

3

Phiếu mua hàng mua Sim data 500GB 1 tháng trị giá 100,000đ Xem chi tiết

4

Thu cũ đổi mới: Giảm đến 2,000,000đ (Không kèm ưu đãi thanh toán qua cổng, mua kèm) Xem chi tiết";;https://www.thegioididong.com/may-tinh-bang/ipad-air-m3-13-inch-wifi-128gb?utm_flashsale=1;DEBUG_OOS_iPad Air M3 13 inch WiFi 256GB_Xanh Dương_081914.png
iPad Pro M5 11 inch 5G 256GB;Đen;No;14990000;35590000;2026-02-01;"Khuyến mãi trị giá 400.000₫

Giá và khuyến mãi dự kiến áp dụng đến 23:59 | 28/02
1

Phiếu mua hàng Apple Pencil trị giá 400,000đ

2

Phiếu mua hàng mua Sim data 500GB 1 tháng trị giá 100,000đ Xem chi tiết

3

Thu cũ đổi mới: Giảm đến 2,000,000đ (Không kèm ưu đãi thanh toán qua cổng, mua kèm) Xem chi tiết";;https://www.thegioididong.com/may-tinh-bang/ipad-pro-m5-11-inch-wifi-cellular-256gb;DEBUG_OOS_iPad Pro M5 11 inch 5G 256GB_Đen_081916.png
iPad mini 7 5G 128GB;Xanh Dương;Yes;17890000;15890000;2026-02-01;"Khuyến mãi trị giá 400.000₫

Giá và khuyến mãi dự kiến áp dụng đến 23:59 | 28/02
1

Phiếu mua hàng Apple Pencil trị giá 400,000đ

2

Tặng Phiếu mua hàng mua Balo; Túi Chống sốc; Ốp lưng; KBV Camera; Sạc dự phòng (trừ AVA+, Hydrus); nhóm Tai nghe bluetooth, Loa Bluetooth các hãng JBL, Marshall,Harman Kardon; đồng hồ thông minh (trừ Apple) trị giá 100.000đ

3

Phiếu mua hàng mua Sim data 500GB 1 tháng trị giá 100,000đ Xem chi tiết

4

Thu cũ đổi mới: Giảm đến 2,000,000đ (Không kèm ưu đãi thanh toán qua cổng, mua kèm) Xem chi tiết";"Ưu đãi thanh toán Online (Click chọn để áp dụng)
 Giảm 1.000.000đ - Xem chi tiết
Áp dụng sản phẩm từ 10.000.000đ trở lên.
 Giảm 250.000đ - Xem chi tiết
Áp dụng sản phẩm từ 5.000.000đ trở lên.";https://www.thegioididong.com/may-tinh-bang/ipad-mini-7-5g;Skipped
iPad Air M3 13 inch WiFi 256GB;Tím;No;24790000;22190000;2026-02-01;"Khuyến mãi trị giá 400.000₫

Giá và khuyến mãi dự kiến áp dụng đến 23:59 | 28/02
1

Phiếu mua hàng Apple Pencil trị giá 400,000đ

2

Tặng Phiếu mua hàng mua Balo; Túi Chống sốc; Ốp lưng; KBV Camera; Sạc dự phòng (trừ AVA+, Hydrus); nhóm Tai nghe bluetooth, Loa Bluetooth các hãng JBL, Marshall,Harman Kardon; đồng hồ thông minh (trừ Apple) trị giá 100.000đ

3

Phiếu mua hàng mua Sim data 500GB 1 tháng trị giá 100,000đ Xem chi tiết

4

Thu cũ đổi mới: Giảm đến 2,000,000đ (Không kèm ưu đãi thanh toán qua cổng, mua kèm) Xem chi tiết";;https://www.thegioididong.com/may-tinh-bang/ipad-air-m3-13-inch-wifi-128gb?utm_flashsale=1;DEBUG_OOS_iPad Air M3 13 inch WiFi 256GB_Tím_081920.png
iPad Pro M5 11 inch 5G 256GB;Bạc;No;14990000;35590000;2026-02-01;"Khuyến mãi trị giá 400.000₫

Giá và khuyến mãi dự kiến áp dụng đến 23:59 | 28/02
1

Phiếu mua hàng Apple Pencil trị giá 400,000đ

2

Phiếu mua hàng mua Sim data 500GB 1 tháng trị giá 100,000đ Xem chi tiết

3

Thu cũ đổi mới: Giảm đến 2,000,000đ (Không kèm ưu đãi thanh toán qua cổng, mua kèm) Xem chi tiết";;https://www.thegioididong.com/may-tinh-bang/ipad-pro-m5-11-inch-wifi-cellular-256gb;DEBUG_OOS_iPad Pro M5 11 inch 5G 256GB_Bạc_081920.png
iPad mini 7 WiFi 512GB;Tím;Yes;22090000;19990000;2026-02-01;"Khuyến mãi trị giá 400.000₫

Giá và khuyến mãi dự kiến áp dụng đến 23:59 | 28/02
1

Phiếu mua hàng Apple Pencil trị giá 400,000đ

2

Tặng Phiếu mua hàng mua Balo; Túi Chống sốc; Ốp lưng; KBV Camera; Sạc dự phòng (trừ AVA+, Hydrus); nhóm Tai nghe bluetooth, Loa Bluetooth các hãng JBL, Marshall,Harman Kardon; đồng hồ thông minh (trừ Apple) trị giá 100.000đ

3

Phiếu mua hàng mua Sim data 500GB 1 tháng trị giá 100,000đ Xem chi tiết

4

Thu cũ đổi mới: Giảm đến 2,000,000đ (Không kèm ưu đãi thanh toán qua cổng, mua kèm) Xem chi tiết";"Ưu đãi thanh toán Online (Click chọn để áp dụng)
 Giảm 1.000.000đ - Xem chi tiết
Áp dụng sản phẩm từ 10.000.000đ trở lên.
 Giảm 250.000đ - Xem chi tiết
Áp dụng sản phẩm từ 5.000.000đ trở lên.";https://www.thegioididong.com/may-tinh-bang/ipad-mini-7-wifi;Skipped
iPad Pro M5 11 inch WiFi 256GB;12GB - 256GB;Yes;14990000;29990000;2026-02-01;"Khuyến mãi trị giá 400.000₫

Giá và khuyến mãi dự kiến áp dụng đến 23:59 | 28/02
1

Phiếu mua hàng Apple Pencil trị giá 400,000đ

2

Phiếu mua hàng mua Sim data 500GB 1 tháng trị giá 100,000đ Xem chi tiết

3

Thu cũ đổi mới: Giảm đến 2,000,000đ (Không kèm ưu đãi thanh toán qua cổng, mua kèm) Xem chi tiết";"Ưu đãi thanh toán Online (Click chọn để áp dụng)
 Giảm 250.000đ -
Xem chi tiết
Áp dụng sản phẩm từ 5.000.000đ trở lên.";https://www.thegioididong.com/may-tinh-bang/ipad-pro-m5-11-inch-wifi-256gb;Skipped
iPad mini 7 5G 128GB;Tím;Yes;17890000;15890000;2026-02-01;"Khuyến mãi trị giá 400.000₫

Giá và khuyến mãi dự kiến áp dụng đến 23:59 | 28/02
1

Phiếu mua hàng Apple Pencil trị giá 400,000đ

2

Tặng Phiếu mua hàng mua Balo; Túi Chống sốc; Ốp lưng; KBV Camera; Sạc dự phòng (trừ AVA+, Hydrus); nhóm Tai nghe bluetooth, Loa Bluetooth các hãng JBL, Marshall,Harman Kardon; đồng hồ thông minh (trừ Apple) trị giá 100.000đ

3

Phiếu mua hàng mua Sim data 500GB 1 tháng trị giá 100,000đ Xem chi tiết

4

Thu cũ đổi mới: Giảm đến 2,000,000đ (Không kèm ưu đãi thanh toán qua cổng, mua kèm) Xem chi tiết";"Ưu đãi thanh toán Online (Click chọn để áp dụng)
 Giảm 1.000.000đ - Xem chi tiết
Áp dụng sản phẩm từ 10.000.000đ trở lên.
 Giảm 250.000đ - Xem chi tiết
Áp dụng sản phẩm từ 5.000.000đ trở lên.";https://www.thegioididong.com/may-tinh-bang/ipad-mini-7-5g;Skipped
iPad Air M3 13 inch WiFi 256GB;Trắng Starlight;Yes;24790000;22190000;2026-02-01;"Khuyến mãi trị giá 400.000₫

Giá và khuyến mãi dự kiến áp dụng đến 23:59 | 28/02
1

Phiếu mua hàng Apple Pencil trị giá 400,000đ

2

Tặng Phiếu mua hàng mua Balo; Túi Chống sốc; Ốp lưng; KBV Camera; Sạc dự phòng (trừ AVA+, Hydrus); nhóm Tai nghe bluetooth, Loa Bluetooth các hãng JBL, Marshall,Harman Kardon; đồng hồ thông minh (trừ Apple) trị giá 100.000đ

3

Phiếu mua hàng mua Sim data 500GB 1 tháng trị giá 100,000đ Xem chi tiết

4

Thu cũ đổi mới: Giảm đến 2,000,000đ (Không kèm ưu đãi thanh toán qua cổng, mua kèm) Xem chi tiết";"Ưu đãi thanh toán Online (Click chọn để áp dụng)
 Giảm 1.000.000đ - Xem chi tiết
Áp dụng sản phẩm từ 10.000.000đ trở lên.
 Giảm 250.000đ - Xem chi tiết
Áp dụng sản phẩm từ 5.000.000đ trở lên.";https://www.thegioididong.com/may-tinh-bang/ipad-air-m3-13-inch-wifi-128gb?utm_flashsale=1;Skipped
iPad Pro M5 11 inch WiFi 512GB;12GB - 512GB;Yes;14990000;35590000;2026-02-01;"Khuyến mãi trị giá 400.000₫

Giá và khuyến mãi dự kiến áp dụng đến 23:59 | 28/02
1

Phiếu mua hàng Apple Pencil trị giá 400,000đ

2

Phiếu mua hàng mua Sim data 500GB 1 tháng trị giá 100,000đ Xem chi tiết

3

Thu cũ đổi mới: Giảm đến 2,000,000đ (Không kèm ưu đãi thanh toán qua cổng, mua kèm) Xem chi tiết";"Ưu đãi thanh toán Online (Click chọn để áp dụng)
 Giảm 1.000.000đ - Xem chi tiết
Áp dụng sản phẩm từ 10.000.000đ trở lên.
 Giảm 250.000đ - Xem chi tiết
Áp dụng sản phẩm từ 5.000.000đ trở lên.";https://www.thegioididong.com/may-tinh-bang/ipad-pro-m5-11-inch-wifi-256gb;Skipped
iPad mini 7 WiFi 512GB;Trắng Starlight;Yes;22090000;19990000;2026-02-01;"Khuyến mãi trị giá 400.000₫

Giá và khuyến mãi dự kiến áp dụng đến 23:59 | 28/02
1

Phiếu mua hàng Apple Pencil trị giá 400,000đ

2

Tặng Phiếu mua hàng mua Balo; Túi Chống sốc; Ốp lưng; KBV Camera; Sạc dự phòng (trừ AVA+, Hydrus); nhóm Tai nghe bluetooth, Loa Bluetooth các hãng JBL, Marshall,Harman Kardon; đồng hồ thông minh (trừ Apple) trị giá 100.000đ

3

Phiếu mua hàng mua Sim data 500GB 1 tháng trị giá 100,000đ Xem chi tiết

4

Thu cũ đổi mới: Giảm đến 2,000,000đ (Không kèm ưu đãi thanh toán qua cổng, mua kèm) Xem chi tiết";"Ưu đãi thanh toán Online (Click chọn để áp dụng)
 Giảm 1.000.000đ - Xem chi tiết
Áp dụng sản phẩm từ 10.000.000đ trở lên.
 Giảm 250.000đ - Xem chi tiết
Áp dụng sản phẩm từ 5.000.000đ trở lên.";https://www.thegioididong.com/may-tinh-bang/ipad-mini-7-wifi;Skipped
iPad mini 7 5G 128GB;Đen - Xám;Yes;17890000;15890000;2026-02-01;"Khuyến mãi trị giá 400.000₫

Giá và khuyến mãi dự kiến áp dụng đến 23:59 | 28/02
1

Phiếu mua hàng Apple Pencil trị giá 400,000đ

2

Tặng Phiếu mua hàng mua Balo; Túi Chống sốc; Ốp lưng; KBV Camera; Sạc dự phòng (trừ AVA+, Hydrus); nhóm Tai nghe bluetooth, Loa Bluetooth các hãng JBL, Marshall,Harman Kardon; đồng hồ thông minh (trừ Apple) trị giá 100.000đ

3

Phiếu mua hàng mua Sim data 500GB 1 tháng trị giá 100,000đ Xem chi tiết

4

Thu cũ đổi mới: Giảm đến 2,000,000đ (Không kèm ưu đãi thanh toán qua cổng, mua kèm) Xem chi tiết";"Ưu đãi thanh toán Online (Click chọn để áp dụng)
 Giảm 1.000.000đ - Xem chi tiết
Áp dụng sản phẩm từ 10.000.000đ trở lên.
 Giảm 250.000đ - Xem chi tiết
Áp dụng sản phẩm từ 5.000.000đ trở lên.";https://www.thegioididong.com/may-tinh-bang/ipad-mini-7-5g;Skipped
iPad Pro M5 13 inch WiFi 256GB;12GB - 256GB;Yes;14990000;39990000;2026-02-01;"Khuyến mãi trị giá 400.000₫

Giá và khuyến mãi dự kiến áp dụng đến 23:59 | 28/02
1

Phiếu mua hàng Apple Pencil trị giá 400,000đ

2

Phiếu mua hàng mua Sim data 500GB 1 tháng trị giá 100,000đ Xem chi tiết

3

Thu cũ đổi mới: Giảm đến 2,000,000đ (Không kèm ưu đãi thanh toán qua cổng, mua kèm) Xem chi tiết";"Ưu đãi thanh toán Online (Click chọn để áp dụng)
 Giảm 1.000.000đ - Xem chi tiết
Áp dụng sản phẩm từ 10.000.000đ trở lên.
 Giảm 250.000đ - Xem chi tiết
Áp dụng sản phẩm từ 5.000.000đ trở lên.";https://www.thegioididong.com/may-tinh-bang/ipad-pro-m5-13-inch-wifi-256gb;Skipped
iPad Air M3 13 inch WiFi 256GB;Đen - Xám;No;24790000;22190000;2026-02-01;"Khuyến mãi trị giá 400.000₫

Giá và khuyến mãi dự kiến áp dụng đến 23:59 | 28/02
1

Phiếu mua hàng Apple Pencil trị giá 400,000đ

2

Tặng Phiếu mua hàng mua Balo; Túi Chống sốc; Ốp lưng; KBV Camera; Sạc dự phòng (trừ AVA+, Hydrus); nhóm Tai nghe bluetooth, Loa Bluetooth các hãng JBL, Marshall,Harman Kardon; đồng hồ thông minh (trừ Apple) trị giá 100.000đ

3

Phiếu mua hàng mua Sim data 500GB 1 tháng trị giá 100,000đ Xem chi tiết

4

Thu cũ đổi mới: Giảm đến 2,000,000đ (Không kèm ưu đãi thanh toán qua cổng, mua kèm) Xem chi tiết";;https://www.thegioididong.com/may-tinh-bang/ipad-air-m3-13-inch-wifi-128gb?utm_flashsale=1;DEBUG_OOS_iPad Air M3 13 inch WiFi 256GB_Đen - Xám_081933.png
iPad Pro M5 11 inch WiFi 1TB;16GB - 1TB;Yes;14990000;46790000;2026-02-01;"Khuyến mãi trị giá 400.000₫

Giá và khuyến mãi dự kiến áp dụng đến 23:59 | 28/02
1

Phiếu mua hàng Apple Pencil trị giá 400,000đ

2

Phiếu mua hàng mua Sim data 500GB 1 tháng trị giá 100,000đ Xem chi tiết

3

Thu cũ đổi mới: Giảm đến 2,000,000đ (Không kèm ưu đãi thanh toán qua cổng, mua kèm) Xem chi tiết";"Ưu đãi thanh toán Online (Click chọn để áp dụng)
 Giảm 250.000đ -
Xem chi tiết
Áp dụng sản phẩm từ 5.000.000đ trở lên.";https://www.thegioididong.com/may-tinh-bang/ipad-pro-m5-11-inch-wifi-256gb;Skipped
AirPods 4 MXP63;Default/Unknown;Yes;3790000;2890000;2026-02-01;"Khuyến mãi

Giá và khuyến mãi có thể kết thúc sớm hơn dự kiến
1

Giảm thêm 500,000đ từ phiếu mua hàng được tặng khi mua iPhone";;https://www.thegioididong.com/tai-nghe/airpods-4-mxp63;Skipped
iPad mini 7 WiFi 512GB;Đen - Xám;Yes;22090000;19990000;2026-02-01;"Khuyến mãi trị giá 400.000₫

Giá và khuyến mãi dự kiến áp dụng đến 23:59 | 28/02
1

Phiếu mua hàng Apple Pencil trị giá 400,000đ

2

Tặng Phiếu mua hàng mua Balo; Túi Chống sốc; Ốp lưng; KBV Camera; Sạc dự phòng (trừ AVA+, Hydrus); nhóm Tai nghe bluetooth, Loa Bluetooth các hãng JBL, Marshall,Harman Kardon; đồng hồ thông minh (trừ Apple) trị giá 100.000đ

3

Phiếu mua hàng mua Sim data 500GB 1 tháng trị giá 100,000đ Xem chi tiết

4

Thu cũ đổi mới: Giảm đến 2,000,000đ (Không kèm ưu đãi thanh toán qua cổng, mua kèm) Xem chi tiết";"Ưu đãi thanh toán Online (Click chọn để áp dụng)
 Giảm 1.000.000đ - Xem chi tiết
Áp dụng sản phẩm từ 10.000.000đ trở lên.
 Giảm 250.000đ - Xem chi tiết
Áp dụng sản phẩm từ 5.000.000đ trở lên.";https://www.thegioididong.com/may-tinh-bang/ipad-mini-7-wifi;Skipped
iPad Air M3 13 inch WiFi 256GB;Xanh Dương;No;24790000;22190000;2026-02-01;"Khuyến mãi trị giá 400.000₫

Giá và khuyến mãi dự kiến áp dụng đến 23:59 | 28/02
1

Phiếu mua hàng Apple Pencil trị giá 400,000đ

2

Tặng Phiếu mua hàng mua Balo; Túi Chống sốc; Ốp lưng; KBV Camera; Sạc dự phòng (trừ AVA+, Hydrus); nhóm Tai nghe bluetooth, Loa Bluetooth các hãng JBL, Marshall,Harman Kardon; đồng hồ thông minh (trừ Apple) trị giá 100.000đ

3

Phiếu mua hàng mua Sim data 500GB 1 tháng trị giá 100,000đ Xem chi tiết

4

Thu cũ đổi mới: Giảm đến 2,000,000đ (Không kèm ưu đãi thanh toán qua cổng, mua kèm) Xem chi tiết";;https://www.thegioididong.com/may-tinh-bang/ipad-air-m3-13-inch-wifi-128gb?utm_flashsale=1;DEBUG_OOS_iPad Air M3 13 inch WiFi 256GB_Xanh Dương_081936.png
Tai nghe Bluetooth Apple AirPods Pro 3 Trắng MFHP4;Default/Unknown;Yes;6790000;6490000;2026-02-01;"Khuyến mãi

Giá và khuyến mãi dự kiến áp dụng đến 23:59 | 15/02
1

Giảm thêm 500,000đ từ phiếu mua hàng được tặng khi mua iPhone";"Ưu đãi thanh toán Online (Click chọn để áp dụng)
 Giảm 250.000đ -
Xem chi tiết
Áp dụng sản phẩm từ 5.000.000đ trở lên.";https://www.thegioididong.com/tai-nghe/tai-nghe-bluetooth-apple-airpods-pro-3-trang-mfhp4;Skipped
iPad Pro M5 13 inch WiFi 512GB;12GB - 512GB;Yes;14990000;45590000;2026-02-01;"Khuyến mãi trị giá 400.000₫

Giá và khuyến mãi dự kiến áp dụng đến 23:59 | 28/02
1

Phiếu mua hàng Apple Pencil trị giá 400,000đ

2

Phiếu mua hàng mua Sim data 500GB 1 tháng trị giá 100,000đ Xem chi tiết

3

Thu cũ đổi mới: Giảm đến 2,000,000đ (Không kèm ưu đãi thanh toán qua cổng, mua kèm) Xem chi tiết";"Ưu đãi thanh toán Online (Click chọn để áp dụng)
 Giảm 250.000đ -
Xem chi tiết
Áp dụng sản phẩm từ 5.000.000đ trở lên.";https://www.thegioididong.com/may-tinh-bang/ipad-pro-m5-13-inch-wifi-256gb;Skipped
iPad Pro M5 11 inch WiFi 1TB;Đen;Yes;14990000;46790000;2026-02-01;"Khuyến mãi trị giá 400.000₫

Giá và khuyến mãi dự kiến áp dụng đến 23:59 | 28/02
1

Phiếu mua hàng Apple Pencil trị giá 400,000đ

2

Phiếu mua hàng mua Sim data 500GB 1 tháng trị giá 100,000đ Xem chi tiết

3

Thu cũ đổi mới: Giảm đến 2,000,000đ (Không kèm ưu đãi thanh toán qua cổng, mua kèm) Xem chi tiết";"Ưu đãi thanh toán Online (Click chọn để áp dụng)
 Giảm 250.000đ -
Xem chi tiết
Áp dụng sản phẩm từ 5.000.000đ trở lên.";https://www.thegioididong.com/may-tinh-bang/ipad-pro-m5-11-inch-wifi-256gb;Skipped
AirPods 4 (chống ồn);Default/Unknown;Yes;4990000;4390000;2026-02-01;"Khuyến mãi

Giá và khuyến mãi dự kiến áp dụng đến 23:59 | 15/02
1

Giảm thêm 500,000đ từ phiếu mua hàng được tặng khi mua iPhone";;https://www.thegioididong.com/tai-nghe/airpods-4-chong-on-mxp93;Skipped
iPad mini 7 WiFi 512GB;Xanh Dương;Yes;22090000;19990000;2026-02-01;"Khuyến mãi trị giá 400.000₫

Giá và khuyến mãi dự kiến áp dụng đến 23:59 | 28/02
1

Phiếu mua hàng Apple Pencil trị giá 400,000đ

2

Tặng Phiếu mua hàng mua Balo; Túi Chống sốc; Ốp lưng; KBV Camera; Sạc dự phòng (trừ AVA+, Hydrus); nhóm Tai nghe bluetooth, Loa Bluetooth các hãng JBL, Marshall,Harman Kardon; đồng hồ thông minh (trừ Apple) trị giá 100.000đ

3

Phiếu mua hàng mua Sim data 500GB 1 tháng trị giá 100,000đ Xem chi tiết

4

Thu cũ đổi mới: Giảm đến 2,000,000đ (Không kèm ưu đãi thanh toán qua cổng, mua kèm) Xem chi tiết";"Ưu đãi thanh toán Online (Click chọn để áp dụng)
 Giảm 1.000.000đ - Xem chi tiết
Áp dụng sản phẩm từ 10.000.000đ trở lên.
 Giảm 250.000đ - Xem chi tiết
Áp dụng sản phẩm từ 5.000.000đ trở lên.";https://www.thegioididong.com/may-tinh-bang/ipad-mini-7-wifi;Skipped
iPad Air M3 13 inch WiFi 256GB;Tím;No;24790000;22190000;2026-02-01;"Khuyến mãi trị giá 400.000₫

Giá và khuyến mãi dự kiến áp dụng đến 23:59 | 28/02
1

Phiếu mua hàng Apple Pencil trị giá 400,000đ

2

Tặng Phiếu mua hàng mua Balo; Túi Chống sốc; Ốp lưng; KBV Camera; Sạc dự phòng (trừ AVA+, Hydrus); nhóm Tai nghe bluetooth, Loa Bluetooth các hãng JBL, Marshall,Harman Kardon; đồng hồ thông minh (trừ Apple) trị giá 100.000đ

3

Phiếu mua hàng mua Sim data 500GB 1 tháng trị giá 100,000đ Xem chi tiết

4

Thu cũ đổi mới: Giảm đến 2,000,000đ (Không kèm ưu đãi thanh toán qua cổng, mua kèm) Xem chi tiết";;https://www.thegioididong.com/may-tinh-bang/ipad-air-m3-13-inch-wifi-128gb?utm_flashsale=1;DEBUG_OOS_iPad Air M3 13 inch WiFi 256GB_Tím_081943.png
iPad Pro M5 11 inch WiFi 1TB;Bạc;No;14990000;46790000;2026-02-01;"Khuyến mãi trị giá 400.000₫

Giá và khuyến mãi dự kiến áp dụng đến 23:59 | 28/02
1

Phiếu mua hàng Apple Pencil trị giá 400,000đ

2

Phiếu mua hàng mua Sim data 500GB 1 tháng trị giá 100,000đ Xem chi tiết

3

Thu cũ đổi mới: Giảm đến 2,000,000đ (Không kèm ưu đãi thanh toán qua cổng, mua kèm) Xem chi tiết";;https://www.thegioididong.com/may-tinh-bang/ipad-pro-m5-11-inch-wifi-256gb;DEBUG_OOS_iPad Pro M5 11 inch WiFi 1TB_Bạc_081946.png
iPad Pro M5 13 inch WiFi 2TB;16GB - 2TB;Yes;14990000;67990000;2026-02-01;"Khuyến mãi trị giá 400.000₫

Giá và khuyến mãi dự kiến áp dụng đến 23:59 | 28/02
1

Phiếu mua hàng Apple Pencil trị giá 400,000đ

2

Phiếu mua hàng mua Sim data 500GB 1 tháng trị giá 100,000đ Xem chi tiết

3

Thu cũ đổi mới: Giảm đến 2,000,000đ (Không kèm ưu đãi thanh toán qua cổng, mua kèm) Xem chi tiết";"Ưu đãi thanh toán Online (Click chọn để áp dụng)
 Giảm 250.000đ -
Xem chi tiết
Áp dụng sản phẩm từ 5.000.000đ trở lên.";https://www.thegioididong.com/may-tinh-bang/ipad-pro-m5-13-inch-wifi-256gb;Skipped
Tai nghe Bluetooth AirPods Pro Gen 2 MagSafe Charge (USB-C) Apple MTJV3;Default/Unknown;Yes;6090000;4790000;2026-02-01;"Khuyến mãi

Giá và khuyến mãi có thể kết thúc sớm hơn dự kiến
1

Giảm thêm 500,000đ từ phiếu mua hàng được tặng khi mua iPhone";;https://www.thegioididong.com/tai-nghe/tai-nghe-bluetooth-airpods-pro-gen-2-magsafe-charge-usb-c-apple-mtjv3;Skipped
iPad Air M3 13 inch WiFi 256GB;Trắng Starlight;Yes;24790000;22190000;2026-02-01;"Khuyến mãi trị giá 400.000₫

Giá và khuyến mãi dự kiến áp dụng đến 23:59 | 28/02
1

Phiếu mua hàng Apple Pencil trị giá 400,000đ

2

Tặng Phiếu mua hàng mua Balo; Túi Chống sốc; Ốp lưng; KBV Camera; Sạc dự phòng (trừ AVA+, Hydrus); nhóm Tai nghe bluetooth, Loa Bluetooth các hãng JBL, Marshall,Harman Kardon; đồng hồ thông minh (trừ Apple) trị giá 100.000đ

3

Phiếu mua hàng mua Sim data 500GB 1 tháng trị giá 100,000đ Xem chi tiết

4

Thu cũ đổi mới: Giảm đến 2,000,000đ (Không kèm ưu đãi thanh toán qua cổng, mua kèm) Xem chi tiết";"Ưu đãi thanh toán Online (Click chọn để áp dụng)
 Giảm 1.000.000đ - Xem chi tiết
Áp dụng sản phẩm từ 10.000.000đ trở lên.
 Giảm 250.000đ - Xem chi tiết
Áp dụng sản phẩm từ 5.000.000đ trở lên.";https://www.thegioididong.com/may-tinh-bang/ipad-air-m3-13-inch-wifi-128gb?utm_flashsale=1;Skipped
iPad mini 7 WiFi 512GB;Tím;Yes;22090000;19990000;2026-02-01;"Khuyến mãi trị giá 400.000₫

Giá và khuyến mãi dự kiến áp dụng đến 23:59 | 28/02
1

Phiếu mua hàng Apple Pencil trị giá 400,000đ

2

Tặng Phiếu mua hàng mua Balo; Túi Chống sốc; Ốp lưng; KBV Camera; Sạc dự phòng (trừ AVA+, Hydrus); nhóm Tai nghe bluetooth, Loa Bluetooth các hãng JBL, Marshall,Harman Kardon; đồng hồ thông minh (trừ Apple) trị giá 100.000đ

3

Phiếu mua hàng mua Sim data 500GB 1 tháng trị giá 100,000đ Xem chi tiết

4

Thu cũ đổi mới: Giảm đến 2,000,000đ (Không kèm ưu đãi thanh toán qua cổng, mua kèm) Xem chi tiết";"Ưu đãi thanh toán Online (Click chọn để áp dụng)
 Giảm 1.000.000đ - Xem chi tiết
Áp dụng sản phẩm từ 10.000.000đ trở lên.
 Giảm 250.000đ - Xem chi tiết
Áp dụng sản phẩm từ 5.000.000đ trở lên.";https://www.thegioididong.com/may-tinh-bang/ipad-mini-7-wifi;Skipped
iPad Pro M5 13 inch WiFi 2TB;Đen;Yes;14990000;67990000;2026-02-01;"Khuyến mãi trị giá 400.000₫

Giá và khuyến mãi dự kiến áp dụng đến 23:59 | 28/02
1

Phiếu mua hàng Apple Pencil trị giá 400,000đ

2

Phiếu mua hàng mua Sim data 500GB 1 tháng trị giá 100,000đ Xem chi tiết

3

Thu cũ đổi mới: Giảm đến 2,000,000đ (Không kèm ưu đãi thanh toán qua cổng, mua kèm) Xem chi tiết";"Ưu đãi thanh toán Online (Click chọn để áp dụng)
 Giảm 250.000đ -
Xem chi tiết
Áp dụng sản phẩm từ 5.000.000đ trở lên.";https://www.thegioididong.com/may-tinh-bang/ipad-pro-m5-13-inch-wifi-256gb;Skipped
iPad Pro M5 11 inch WiFi 256GB;12GB - 256GB;Yes;14990000;29990000;2026-02-01;"Khuyến mãi trị giá 400.000₫

Giá và khuyến mãi dự kiến áp dụng đến 23:59 | 28/02
1

Phiếu mua hàng Apple Pencil trị giá 400,000đ

2

Phiếu mua hàng mua Sim data 500GB 1 tháng trị giá 100,000đ Xem chi tiết

3

Thu cũ đổi mới: Giảm đến 2,000,000đ (Không kèm ưu đãi thanh toán qua cổng, mua kèm) Xem chi tiết";"Ưu đãi thanh toán Online (Click chọn để áp dụng)
 Giảm 250.000đ -
Xem chi tiết
Áp dụng sản phẩm từ 5.000.000đ trở lên.";https://www.thegioididong.com/may-tinh-bang/ipad-pro-m5-11-inch-wifi-256gb;Skipped
iPad Pro M5 13 inch WiFi 2TB;Bạc;No;14990000;67990000;2026-02-01;"Khuyến mãi trị giá 400.000₫

Giá và khuyến mãi dự kiến áp dụng đến 23:59 | 28/02
1

Phiếu mua hàng Apple Pencil trị giá 400,000đ

2

Phiếu mua hàng mua Sim data 500GB 1 tháng trị giá 100,000đ Xem chi tiết

3

Thu cũ đổi mới: Giảm đến 2,000,000đ (Không kèm ưu đãi thanh toán qua cổng, mua kèm) Xem chi tiết";;https://www.thegioididong.com/may-tinh-bang/ipad-pro-m5-13-inch-wifi-256gb;DEBUG_OOS_iPad Pro M5 13 inch WiFi 2TB_Bạc_081956.png
iPad mini 7 WiFi 512GB;Trắng Starlight;Yes;22090000;19990000;2026-02-01;"Khuyến mãi trị giá 400.000₫

Giá và khuyến mãi dự kiến áp dụng đến 23:59 | 28/02
1

Phiếu mua hàng Apple Pencil trị giá 400,000đ

2

Tặng Phiếu mua hàng mua Balo; Túi Chống sốc; Ốp lưng; KBV Camera; Sạc dự phòng (trừ AVA+, Hydrus); nhóm Tai nghe bluetooth, Loa Bluetooth các hãng JBL, Marshall,Harman Kardon; đồng hồ thông minh (trừ Apple) trị giá 100.000đ

3

Phiếu mua hàng mua Sim data 500GB 1 tháng trị giá 100,000đ Xem chi tiết

4

Thu cũ đổi mới: Giảm đến 2,000,000đ (Không kèm ưu đãi thanh toán qua cổng, mua kèm) Xem chi tiết";"Ưu đãi thanh toán Online (Click chọn để áp dụng)
 Giảm 1.000.000đ - Xem chi tiết
Áp dụng sản phẩm từ 10.000.000đ trở lên.
 Giảm 250.000đ - Xem chi tiết
Áp dụng sản phẩm từ 5.000.000đ trở lên.";https://www.thegioididong.com/may-tinh-bang/ipad-mini-7-wifi;Skipped
iPad Pro M5 11 inch WiFi 512GB;12GB - 512GB;Yes;14990000;35590000;2026-02-01;"Khuyến mãi trị giá 400.000₫

Giá và khuyến mãi dự kiến áp dụng đến 23:59 | 28/02
1

Phiếu mua hàng Apple Pencil trị giá 400,000đ

2

Phiếu mua hàng mua Sim data 500GB 1 tháng trị giá 100,000đ Xem chi tiết

3

Thu cũ đổi mới: Giảm đến 2,000,000đ (Không kèm ưu đãi thanh toán qua cổng, mua kèm) Xem chi tiết";"Ưu đãi thanh toán Online (Click chọn để áp dụng)
 Giảm 1.000.000đ - Xem chi tiết
Áp dụng sản phẩm từ 10.000.000đ trở lên.
 Giảm 250.000đ - Xem chi tiết
Áp dụng sản phẩm từ 5.000.000đ trở lên.";https://www.thegioididong.com/may-tinh-bang/ipad-pro-m5-11-inch-wifi-256gb;Skipped
iPad mini 7 WiFi 512GB;Đen - Xám;Yes;22090000;19990000;2026-02-01;"Khuyến mãi trị giá 400.000₫

Giá và khuyến mãi dự kiến áp dụng đến 23:59 | 28/02
1

Phiếu mua hàng Apple Pencil trị giá 400,000đ

2

Tặng Phiếu mua hàng mua Balo; Túi Chống sốc; Ốp lưng; KBV Camera; Sạc dự phòng (trừ AVA+, Hydrus); nhóm Tai nghe bluetooth, Loa Bluetooth các hãng JBL, Marshall,Harman Kardon; đồng hồ thông minh (trừ Apple) trị giá 100.000đ

3

Phiếu mua hàng mua Sim data 500GB 1 tháng trị giá 100,000đ Xem chi tiết

4

Thu cũ đổi mới: Giảm đến 2,000,000đ (Không kèm ưu đãi thanh toán qua cổng, mua kèm) Xem chi tiết";"Ưu đãi thanh toán Online (Click chọn để áp dụng)
 Giảm 1.000.000đ - Xem chi tiết
Áp dụng sản phẩm từ 10.000.000đ trở lên.
 Giảm 250.000đ - Xem chi tiết
Áp dụng sản phẩm từ 5.000.000đ trở lên.";https://www.thegioididong.com/may-tinh-bang/ipad-mini-7-wifi;Skipped
iPad Pro M5 13 inch WiFi 256GB;12GB - 256GB;Yes;14990000;39990000;2026-02-01;"Khuyến mãi trị giá 400.000₫

Giá và khuyến mãi dự kiến áp dụng đến 23:59 | 28/02
1

Phiếu mua hàng Apple Pencil trị giá 400,000đ

2

Phiếu mua hàng mua Sim data 500GB 1 tháng trị giá 100,000đ Xem chi tiết

3

Thu cũ đổi mới: Giảm đến 2,000,000đ (Không kèm ưu đãi thanh toán qua cổng, mua kèm) Xem chi tiết";"Ưu đãi thanh toán Online (Click chọn để áp dụng)
 Giảm 1.000.000đ - Xem chi tiết
Áp dụng sản phẩm từ 10.000.000đ trở lên.
 Giảm 250.000đ - Xem chi tiết
Áp dụng sản phẩm từ 5.000.000đ trở lên.";https://www.thegioididong.com/may-tinh-bang/ipad-pro-m5-13-inch-wifi-256gb;Skipped
iPad Pro M5 11 inch WiFi 1TB;16GB - 1TB;Yes;14990000;46790000;2026-02-01;"Khuyến mãi trị giá 400.000₫

Giá và khuyến mãi dự kiến áp dụng đến 23:59 | 28/02
1

Phiếu mua hàng Apple Pencil trị giá 400,000đ

2

Phiếu mua hàng mua Sim data 500GB 1 tháng trị giá 100,000đ Xem chi tiết

3

Thu cũ đổi mới: Giảm đến 2,000,000đ (Không kèm ưu đãi thanh toán qua cổng, mua kèm) Xem chi tiết";"Ưu đãi thanh toán Online (Click chọn để áp dụng)
 Giảm 250.000đ -
Xem chi tiết
Áp dụng sản phẩm từ 5.000.000đ trở lên.";https://www.thegioididong.com/may-tinh-bang/ipad-pro-m5-11-inch-wifi-256gb;Skipped
iPad mini 7 WiFi 512GB;Xanh Dương;Yes;22090000;19990000;2026-02-01;"Khuyến mãi trị giá 400.000₫

Giá và khuyến mãi dự kiến áp dụng đến 23:59 | 28/02
1

Phiếu mua hàng Apple Pencil trị giá 400,000đ

2

Tặng Phiếu mua hàng mua Balo; Túi Chống sốc; Ốp lưng; KBV Camera; Sạc dự phòng (trừ AVA+, Hydrus); nhóm Tai nghe bluetooth, Loa Bluetooth các hãng JBL, Marshall,Harman Kardon; đồng hồ thông minh (trừ Apple) trị giá 100.000đ

3

Phiếu mua hàng mua Sim data 500GB 1 tháng trị giá 100,000đ Xem chi tiết

4

Thu cũ đổi mới: Giảm đến 2,000,000đ (Không kèm ưu đãi thanh toán qua cổng, mua kèm) Xem chi tiết";"Ưu đãi thanh toán Online (Click chọn để áp dụng)
 Giảm 1.000.000đ - Xem chi tiết
Áp dụng sản phẩm từ 10.000.000đ trở lên.
 Giảm 250.000đ - Xem chi tiết
Áp dụng sản phẩm từ 5.000.000đ trở lên.";https://www.thegioididong.com/may-tinh-bang/ipad-mini-7-wifi;Skipped
iPad Pro M5 13 inch WiFi 512GB;12GB - 512GB;Yes;14990000;45590000;2026-02-01;"Khuyến mãi trị giá 400.000₫

Giá và khuyến mãi dự kiến áp dụng đến 23:59 | 28/02
1

Phiếu mua hàng Apple Pencil trị giá 400,000đ

2

Phiếu mua hàng mua Sim data 500GB 1 tháng trị giá 100,000đ Xem chi tiết

3

Thu cũ đổi mới: Giảm đến 2,000,000đ (Không kèm ưu đãi thanh toán qua cổng, mua kèm) Xem chi tiết";"Ưu đãi thanh toán Online (Click chọn để áp dụng)
 Giảm 250.000đ -
Xem chi tiết
Áp dụng sản phẩm từ 5.000.000đ trở lên.";https://www.thegioididong.com/may-tinh-bang/ipad-pro-m5-13-inch-wifi-256gb;Skipped
iPad Pro M5 11 inch WiFi 1TB;Đen;Yes;14990000;46790000;2026-02-01;"Khuyến mãi trị giá 400.000₫

Giá và khuyến mãi dự kiến áp dụng đến 23:59 | 28/02
1

Phiếu mua hàng Apple Pencil trị giá 400,000đ

2

Phiếu mua hàng mua Sim data 500GB 1 tháng trị giá 100,000đ Xem chi tiết

3

Thu cũ đổi mới: Giảm đến 2,000,000đ (Không kèm ưu đãi thanh toán qua cổng, mua kèm) Xem chi tiết";"Ưu đãi thanh toán Online (Click chọn để áp dụng)
 Giảm 250.000đ -
Xem chi tiết
Áp dụng sản phẩm từ 5.000.000đ trở lên.";https://www.thegioididong.com/may-tinh-bang/ipad-pro-m5-11-inch-wifi-256gb;Skipped
iPad Pro M5 11 inch WiFi 1TB;Bạc;No;14990000;46790000;2026-02-01;"Khuyến mãi trị giá 400.000₫

Giá và khuyến mãi dự kiến áp dụng đến 23:59 | 28/02
1

Phiếu mua hàng Apple Pencil trị giá 400,000đ

2

Phiếu mua hàng mua Sim data 500GB 1 tháng trị giá 100,000đ Xem chi tiết

3

Thu cũ đổi mới: Giảm đến 2,000,000đ (Không kèm ưu đãi thanh toán qua cổng, mua kèm) Xem chi tiết";;https://www.thegioididong.com/may-tinh-bang/ipad-pro-m5-11-inch-wifi-256gb;DEBUG_OOS_iPad Pro M5 11 inch WiFi 1TB_Bạc_082023.png
iPad Pro M5 13 inch WiFi 2TB;16GB - 2TB;Yes;14990000;67990000;2026-02-01;"Khuyến mãi trị giá 400.000₫

Giá và khuyến mãi dự kiến áp dụng đến 23:59 | 28/02
1

Phiếu mua hàng Apple Pencil trị giá 400,000đ

2

Phiếu mua hàng mua Sim data 500GB 1 tháng trị giá 100,000đ Xem chi tiết

3

Thu cũ đổi mới: Giảm đến 2,000,000đ (Không kèm ưu đãi thanh toán qua cổng, mua kèm) Xem chi tiết";"Ưu đãi thanh toán Online (Click chọn để áp dụng)
 Giảm 250.000đ -
Xem chi tiết
Áp dụng sản phẩm từ 5.000.000đ trở lên.";https://www.thegioididong.com/may-tinh-bang/ipad-pro-m5-13-inch-wifi-256gb;Skipped
iPad mini 7 WiFi 512GB;Tím;Yes;22090000;19990000;2026-02-01;"Khuyến mãi trị giá 400.000₫

Giá và khuyến mãi dự kiến áp dụng đến 23:59 | 28/02
1

Phiếu mua hàng Apple Pencil trị giá 400,000đ

2

Tặng Phiếu mua hàng mua Balo; Túi Chống sốc; Ốp lưng; KBV Camera; Sạc dự phòng (trừ AVA+, Hydrus); nhóm Tai nghe bluetooth, Loa Bluetooth các hãng JBL, Marshall,Harman Kardon; đồng hồ thông minh (trừ Apple) trị giá 100.000đ

3

Phiếu mua hàng mua Sim data 500GB 1 tháng trị giá 100,000đ Xem chi tiết

4

Thu cũ đổi mới: Giảm đến 2,000,000đ (Không kèm ưu đãi thanh toán qua cổng, mua kèm) Xem chi tiết";"Ưu đãi thanh toán Online (Click chọn để áp dụng)
 Giảm 1.000.000đ - Xem chi tiết
Áp dụng sản phẩm từ 10.000.000đ trở lên.
 Giảm 250.000đ - Xem chi tiết
Áp dụng sản phẩm từ 5.000.000đ trở lên.";https://www.thegioididong.com/may-tinh-bang/ipad-mini-7-wifi;Skipped
iPad Pro M5 13 inch WiFi 2TB;Đen;Yes;14990000;67990000;2026-02-01;"Khuyến mãi trị giá 400.000₫

Giá và khuyến mãi dự kiến áp dụng đến 23:59 | 28/02
1

Phiếu mua hàng Apple Pencil trị giá 400,000đ

2

Phiếu mua hàng mua Sim data 500GB 1 tháng trị giá 100,000đ Xem chi tiết

3

Thu cũ đổi mới: Giảm đến 2,000,000đ (Không kèm ưu đãi thanh toán qua cổng, mua kèm) Xem chi tiết";"Ưu đãi thanh toán Online (Click chọn để áp dụng)
 Giảm 250.000đ -
Xem chi tiết
Áp dụng sản phẩm từ 5.000.000đ trở lên.";https://www.thegioididong.com/may-tinh-bang/ipad-pro-m5-13-inch-wifi-256gb;Skipped
iPad mini 7 WiFi 512GB;Trắng Starlight;Yes;22090000;19990000;2026-02-01;"Khuyến mãi trị giá 400.000₫

Giá và khuyến mãi dự kiến áp dụng đến 23:59 | 28/02
1

Phiếu mua hàng Apple Pencil trị giá 400,000đ

2

Tặng Phiếu mua hàng mua Balo; Túi Chống sốc; Ốp lưng; KBV Camera; Sạc dự phòng (trừ AVA+, Hydrus); nhóm Tai nghe bluetooth, Loa Bluetooth các hãng JBL, Marshall,Harman Kardon; đồng hồ thông minh (trừ Apple) trị giá 100.000đ

3

Phiếu mua hàng mua Sim data 500GB 1 tháng trị giá 100,000đ Xem chi tiết

4

Thu cũ đổi mới: Giảm đến 2,000,000đ (Không kèm ưu đãi thanh toán qua cổng, mua kèm) Xem chi tiết";"Ưu đãi thanh toán Online (Click chọn để áp dụng)
 Giảm 1.000.000đ - Xem chi tiết
Áp dụng sản phẩm từ 10.000.000đ trở lên.
 Giảm 250.000đ - Xem chi tiết
Áp dụng sản phẩm từ 5.000.000đ trở lên.";https://www.thegioididong.com/may-tinh-bang/ipad-mini-7-wifi;Skipped
iPad Pro M5 11 inch WiFi 256GB;12GB - 256GB;Yes;14990000;29990000;2026-02-01;"Khuyến mãi trị giá 400.000₫

Giá và khuyến mãi dự kiến áp dụng đến 23:59 | 28/02
1

Phiếu mua hàng Apple Pencil trị giá 400,000đ

2

Phiếu mua hàng mua Sim data 500GB 1 tháng trị giá 100,000đ Xem chi tiết

3

Thu cũ đổi mới: Giảm đến 2,000,000đ (Không kèm ưu đãi thanh toán qua cổng, mua kèm) Xem chi tiết";"Ưu đãi thanh toán Online (Click chọn để áp dụng)
 Giảm 250.000đ -
Xem chi tiết
Áp dụng sản phẩm từ 5.000.000đ trở lên.";https://www.thegioididong.com/may-tinh-bang/ipad-pro-m5-11-inch-wifi-256gb;Skipped
iPad Pro M5 13 inch WiFi 2TB;Bạc;No;14990000;67990000;2026-02-01;"Khuyến mãi trị giá 400.000₫

Giá và khuyến mãi dự kiến áp dụng đến 23:59 | 28/02
1

Phiếu mua hàng Apple Pencil trị giá 400,000đ

2

Phiếu mua hàng mua Sim data 500GB 1 tháng trị giá 100,000đ Xem chi tiết

3

Thu cũ đổi mới: Giảm đến 2,000,000đ (Không kèm ưu đãi thanh toán qua cổng, mua kèm) Xem chi tiết";;https://www.thegioididong.com/may-tinh-bang/ipad-pro-m5-13-inch-wifi-256gb;DEBUG_OOS_iPad Pro M5 13 inch WiFi 2TB_Bạc_082037.png
iPad mini 7 WiFi 512GB;Đen - Xám;Yes;22090000;19990000;2026-02-01;"Khuyến mãi trị giá 400.000₫

Giá và khuyến mãi dự kiến áp dụng đến 23:59 | 28/02
1

Phiếu mua hàng Apple Pencil trị giá 400,000đ

2

Tặng Phiếu mua hàng mua Balo; Túi Chống sốc; Ốp lưng; KBV Camera; Sạc dự phòng (trừ AVA+, Hydrus); nhóm Tai nghe bluetooth, Loa Bluetooth các hãng JBL, Marshall,Harman Kardon; đồng hồ thông minh (trừ Apple) trị giá 100.000đ

3

Phiếu mua hàng mua Sim data 500GB 1 tháng trị giá 100,000đ Xem chi tiết

4

Thu cũ đổi mới: Giảm đến 2,000,000đ (Không kèm ưu đãi thanh toán qua cổng, mua kèm) Xem chi tiết";"Ưu đãi thanh toán Online (Click chọn để áp dụng)
 Giảm 1.000.000đ - Xem chi tiết
Áp dụng sản phẩm từ 10.000.000đ trở lên.
 Giảm 250.000đ - Xem chi tiết
Áp dụng sản phẩm từ 5.000.000đ trở lên.";https://www.thegioididong.com/may-tinh-bang/ipad-mini-7-wifi;Skipped
iPad Pro M5 11 inch WiFi 512GB;12GB - 512GB;Yes;14990000;35590000;2026-02-01;"Khuyến mãi trị giá 400.000₫

Giá và khuyến mãi dự kiến áp dụng đến 23:59 | 28/02
1

Phiếu mua hàng Apple Pencil trị giá 400,000đ

2

Phiếu mua hàng mua Sim data 500GB 1 tháng trị giá 100,000đ Xem chi tiết

3

Thu cũ đổi mới: Giảm đến 2,000,000đ (Không kèm ưu đãi thanh toán qua cổng, mua kèm) Xem chi tiết";"Ưu đãi thanh toán Online (Click chọn để áp dụng)
 Giảm 1.000.000đ - Xem chi tiết
Áp dụng sản phẩm từ 10.000.000đ trở lên.
 Giảm 250.000đ - Xem chi tiết
Áp dụng sản phẩm từ 5.000.000đ trở lên.";https://www.thegioididong.com/may-tinh-bang/ipad-pro-m5-11-inch-wifi-256gb;Skipped
iPad Pro M5 13 inch WiFi 256GB;12GB - 256GB;Yes;14990000;39990000;2026-02-01;"Khuyến mãi trị giá 400.000₫

Giá và khuyến mãi dự kiến áp dụng đến 23:59 | 28/02
1

Phiếu mua hàng Apple Pencil trị giá 400,000đ

2

Phiếu mua hàng mua Sim data 500GB 1 tháng trị giá 100,000đ Xem chi tiết

3

Thu cũ đổi mới: Giảm đến 2,000,000đ (Không kèm ưu đãi thanh toán qua cổng, mua kèm) Xem chi tiết";"Ưu đãi thanh toán Online (Click chọn để áp dụng)
 Giảm 1.000.000đ - Xem chi tiết
Áp dụng sản phẩm từ 10.000.000đ trở lên.
 Giảm 250.000đ - Xem chi tiết
Áp dụng sản phẩm từ 5.000.000đ trở lên.";https://www.thegioididong.com/may-tinh-bang/ipad-pro-m5-13-inch-wifi-256gb;Skipped
iPad mini 7 WiFi 512GB;Xanh Dương;Yes;22090000;19990000;2026-02-01;"Khuyến mãi trị giá 400.000₫

Giá và khuyến mãi dự kiến áp dụng đến 23:59 | 28/02
1

Phiếu mua hàng Apple Pencil trị giá 400,000đ

2

Tặng Phiếu mua hàng mua Balo; Túi Chống sốc; Ốp lưng; KBV Camera; Sạc dự phòng (trừ AVA+, Hydrus); nhóm Tai nghe bluetooth, Loa Bluetooth các hãng JBL, Marshall,Harman Kardon; đồng hồ thông minh (trừ Apple) trị giá 100.000đ

3

Phiếu mua hàng mua Sim data 500GB 1 tháng trị giá 100,000đ Xem chi tiết

4

Thu cũ đổi mới: Giảm đến 2,000,000đ (Không kèm ưu đãi thanh toán qua cổng, mua kèm) Xem chi tiết";"Ưu đãi thanh toán Online (Click chọn để áp dụng)
 Giảm 1.000.000đ - Xem chi tiết
Áp dụng sản phẩm từ 10.000.000đ trở lên.
 Giảm 250.000đ - Xem chi tiết
Áp dụng sản phẩm từ 5.000.000đ trở lên.";https://www.thegioididong.com/may-tinh-bang/ipad-mini-7-wifi;Skipped
iPad Pro M5 11 inch WiFi 1TB;16GB - 1TB;Yes;14990000;46790000;2026-02-01;"Khuyến mãi trị giá 400.000₫

Giá và khuyến mãi dự kiến áp dụng đến 23:59 | 28/02
1

Phiếu mua hàng Apple Pencil trị giá 400,000đ

2

Phiếu mua hàng mua Sim data 500GB 1 tháng trị giá 100,000đ Xem chi tiết

3

Thu cũ đổi mới: Giảm đến 2,000,000đ (Không kèm ưu đãi thanh toán qua cổng, mua kèm) Xem chi tiết";"Ưu đãi thanh toán Online (Click chọn để áp dụng)
 Giảm 250.000đ -
Xem chi tiết
Áp dụng sản phẩm từ 5.000.000đ trở lên.";https://www.thegioididong.com/may-tinh-bang/ipad-pro-m5-11-inch-wifi-256gb;Skipped
iPad Pro M5 13 inch WiFi 512GB;12GB - 512GB;Yes;14990000;45590000;2026-02-01;"Khuyến mãi trị giá 400.000₫

Giá và khuyến mãi dự kiến áp dụng đến 23:59 | 28/02
1

Phiếu mua hàng Apple Pencil trị giá 400,000đ

2

Phiếu mua hàng mua Sim data 500GB 1 tháng trị giá 100,000đ Xem chi tiết

3

Thu cũ đổi mới: Giảm đến 2,000,000đ (Không kèm ưu đãi thanh toán qua cổng, mua kèm) Xem chi tiết";"Ưu đãi thanh toán Online (Click chọn để áp dụng)
 Giảm 250.000đ -
Xem chi tiết
Áp dụng sản phẩm từ 5.000.000đ trở lên.";https://www.thegioididong.com/may-tinh-bang/ipad-pro-m5-13-inch-wifi-256gb;Skipped
iPad Pro M5 11 inch WiFi 1TB;Đen;Yes;14990000;46790000;2026-02-01;"Khuyến mãi trị giá 400.000₫

Giá và khuyến mãi dự kiến áp dụng đến 23:59 | 28/02
1

Phiếu mua hàng Apple Pencil trị giá 400,000đ

2

Phiếu mua hàng mua Sim data 500GB 1 tháng trị giá 100,000đ Xem chi tiết

3

Thu cũ đổi mới: Giảm đến 2,000,000đ (Không kèm ưu đãi thanh toán qua cổng, mua kèm) Xem chi tiết";"Ưu đãi thanh toán Online (Click chọn để áp dụng)
 Giảm 250.000đ -
Xem chi tiết
Áp dụng sản phẩm từ 5.000.000đ trở lên.";https://www.thegioididong.com/may-tinh-bang/ipad-pro-m5-11-inch-wifi-256gb;Skipped
iPad mini 7 WiFi 512GB;Tím;Yes;22090000;19990000;2026-02-01;"Khuyến mãi trị giá 400.000₫

Giá và khuyến mãi dự kiến áp dụng đến 23:59 | 28/02
1

Phiếu mua hàng Apple Pencil trị giá 400,000đ

2

Tặng Phiếu mua hàng mua Balo; Túi Chống sốc; Ốp lưng; KBV Camera; Sạc dự phòng (trừ AVA+, Hydrus); nhóm Tai nghe bluetooth, Loa Bluetooth các hãng JBL, Marshall,Harman Kardon; đồng hồ thông minh (trừ Apple) trị giá 100.000đ

3

Phiếu mua hàng mua Sim data 500GB 1 tháng trị giá 100,000đ Xem chi tiết

4

Thu cũ đổi mới: Giảm đến 2,000,000đ (Không kèm ưu đãi thanh toán qua cổng, mua kèm) Xem chi tiết";"Ưu đãi thanh toán Online (Click chọn để áp dụng)
 Giảm 1.000.000đ - Xem chi tiết
Áp dụng sản phẩm từ 10.000.000đ trở lên.
 Giảm 250.000đ - Xem chi tiết
Áp dụng sản phẩm từ 5.000.000đ trở lên.";https://www.thegioididong.com/may-tinh-bang/ipad-mini-7-wifi;Skipped
iPad Pro M5 11 inch WiFi 1TB;Bạc;No;14990000;46790000;2026-02-01;"Khuyến mãi trị giá 400.000₫

Giá và khuyến mãi dự kiến áp dụng đến 23:59 | 28/02
1

Phiếu mua hàng Apple Pencil trị giá 400,000đ

2

Phiếu mua hàng mua Sim data 500GB 1 tháng trị giá 100,000đ Xem chi tiết

3

Thu cũ đổi mới: Giảm đến 2,000,000đ (Không kèm ưu đãi thanh toán qua cổng, mua kèm) Xem chi tiết";;https://www.thegioididong.com/may-tinh-bang/ipad-pro-m5-11-inch-wifi-256gb;DEBUG_OOS_iPad Pro M5 11 inch WiFi 1TB_Bạc_082102.png
iPad Pro M5 13 inch WiFi 2TB;16GB - 2TB;Yes;14990000;67990000;2026-02-01;"Khuyến mãi trị giá 400.000₫

Giá và khuyến mãi dự kiến áp dụng đến 23:59 | 28/02
1

Phiếu mua hàng Apple Pencil trị giá 400,000đ

2

Phiếu mua hàng mua Sim data 500GB 1 tháng trị giá 100,000đ Xem chi tiết

3

Thu cũ đổi mới: Giảm đến 2,000,000đ (Không kèm ưu đãi thanh toán qua cổng, mua kèm) Xem chi tiết";"Ưu đãi thanh toán Online (Click chọn để áp dụng)
 Giảm 250.000đ -
Xem chi tiết
Áp dụng sản phẩm từ 5.000.000đ trở lên.";https://www.thegioididong.com/may-tinh-bang/ipad-pro-m5-13-inch-wifi-256gb;Skipped
iPad mini 7 WiFi 512GB;Trắng Starlight;Yes;22090000;19990000;2026-02-01;"Khuyến mãi trị giá 400.000₫

Giá và khuyến mãi dự kiến áp dụng đến 23:59 | 28/02
1

Phiếu mua hàng Apple Pencil trị giá 400,000đ

2

Tặng Phiếu mua hàng mua Balo; Túi Chống sốc; Ốp lưng; KBV Camera; Sạc dự phòng (trừ AVA+, Hydrus); nhóm Tai nghe bluetooth, Loa Bluetooth các hãng JBL, Marshall,Harman Kardon; đồng hồ thông minh (trừ Apple) trị giá 100.000đ

3

Phiếu mua hàng mua Sim data 500GB 1 tháng trị giá 100,000đ Xem chi tiết

4

Thu cũ đổi mới: Giảm đến 2,000,000đ (Không kèm ưu đãi thanh toán qua cổng, mua kèm) Xem chi tiết";"Ưu đãi thanh toán Online (Click chọn để áp dụng)
 Giảm 1.000.000đ - Xem chi tiết
Áp dụng sản phẩm từ 10.000.000đ trở lên.
 Giảm 250.000đ - Xem chi tiết
Áp dụng sản phẩm từ 5.000.000đ trở lên.";https://www.thegioididong.com/may-tinh-bang/ipad-mini-7-wifi;Skipped
iPad Pro M5 13 inch WiFi 2TB;Đen;Yes;14990000;67990000;2026-02-01;"Khuyến mãi trị giá 400.000₫

Giá và khuyến mãi dự kiến áp dụng đến 23:59 | 28/02
1

Phiếu mua hàng Apple Pencil trị giá 400,000đ

2

Phiếu mua hàng mua Sim data 500GB 1 tháng trị giá 100,000đ Xem chi tiết

3

Thu cũ đổi mới: Giảm đến 2,000,000đ (Không kèm ưu đãi thanh toán qua cổng, mua kèm) Xem chi tiết";"Ưu đãi thanh toán Online (Click chọn để áp dụng)
 Giảm 250.000đ -
Xem chi tiết
Áp dụng sản phẩm từ 5.000.000đ trở lên.";https://www.thegioididong.com/may-tinh-bang/ipad-pro-m5-13-inch-wifi-256gb;Skipped
iPad Pro M5 11 inch WiFi 256GB;12GB - 256GB;Yes;14990000;29990000;2026-02-01;"Khuyến mãi trị giá 400.000₫

Giá và khuyến mãi dự kiến áp dụng đến 23:59 | 28/02
1

Phiếu mua hàng Apple Pencil trị giá 400,000đ

2

Phiếu mua hàng mua Sim data 500GB 1 tháng trị giá 100,000đ Xem chi tiết

3

Thu cũ đổi mới: Giảm đến 2,000,000đ (Không kèm ưu đãi thanh toán qua cổng, mua kèm) Xem chi tiết";"Ưu đãi thanh toán Online (Click chọn để áp dụng)
 Giảm 250.000đ -
Xem chi tiết
Áp dụng sản phẩm từ 5.000.000đ trở lên.";https://www.thegioididong.com/may-tinh-bang/ipad-pro-m5-11-inch-wifi-256gb;Skipped
iPad Pro M5 13 inch WiFi 2TB;Bạc;No;14990000;67990000;2026-02-01;"Khuyến mãi trị giá 400.000₫

Giá và khuyến mãi dự kiến áp dụng đến 23:59 | 28/02
1

Phiếu mua hàng Apple Pencil trị giá 400,000đ

2

Phiếu mua hàng mua Sim data 500GB 1 tháng trị giá 100,000đ Xem chi tiết

3

Thu cũ đổi mới: Giảm đến 2,000,000đ (Không kèm ưu đãi thanh toán qua cổng, mua kèm) Xem chi tiết";;https://www.thegioididong.com/may-tinh-bang/ipad-pro-m5-13-inch-wifi-256gb;DEBUG_OOS_iPad Pro M5 13 inch WiFi 2TB_Bạc_082113.png
iPad mini 7 WiFi 512GB;Đen - Xám;Yes;22090000;19990000;2026-02-01;"Khuyến mãi trị giá 400.000₫

Giá và khuyến mãi dự kiến áp dụng đến 23:59 | 28/02
1

Phiếu mua hàng Apple Pencil trị giá 400,000đ

2

Tặng Phiếu mua hàng mua Balo; Túi Chống sốc; Ốp lưng; KBV Camera; Sạc dự phòng (trừ AVA+, Hydrus); nhóm Tai nghe bluetooth, Loa Bluetooth các hãng JBL, Marshall,Harman Kardon; đồng hồ thông minh (trừ Apple) trị giá 100.000đ

3

Phiếu mua hàng mua Sim data 500GB 1 tháng trị giá 100,000đ Xem chi tiết

4

Thu cũ đổi mới: Giảm đến 2,000,000đ (Không kèm ưu đãi thanh toán qua cổng, mua kèm) Xem chi tiết";"Ưu đãi thanh toán Online (Click chọn để áp dụng)
 Giảm 1.000.000đ - Xem chi tiết
Áp dụng sản phẩm từ 10.000.000đ trở lên.
 Giảm 250.000đ - Xem chi tiết
Áp dụng sản phẩm từ 5.000.000đ trở lên.";https://www.thegioididong.com/may-tinh-bang/ipad-mini-7-wifi;Skipped
iPad Pro M5 11 inch WiFi 512GB;12GB - 512GB;Yes;14990000;35590000;2026-02-01;"Khuyến mãi trị giá 400.000₫

Giá và khuyến mãi dự kiến áp dụng đến 23:59 | 28/02
1

Phiếu mua hàng Apple Pencil trị giá 400,000đ

2

Phiếu mua hàng mua Sim data 500GB 1 tháng trị giá 100,000đ Xem chi tiết

3

Thu cũ đổi mới: Giảm đến 2,000,000đ (Không kèm ưu đãi thanh toán qua cổng, mua kèm) Xem chi tiết";"Ưu đãi thanh toán Online (Click chọn để áp dụng)
 Giảm 1.000.000đ - Xem chi tiết
Áp dụng sản phẩm từ 10.000.000đ trở lên.
 Giảm 250.000đ - Xem chi tiết
Áp dụng sản phẩm từ 5.000.000đ trở lên.";https://www.thegioididong.com/may-tinh-bang/ipad-pro-m5-11-inch-wifi-256gb;Skipped
iPad mini 7 WiFi 512GB;Xanh Dương;Yes;22090000;19990000;2026-02-01;"Khuyến mãi trị giá 400.000₫

Giá và khuyến mãi dự kiến áp dụng đến 23:59 | 28/02
1

Phiếu mua hàng Apple Pencil trị giá 400,000đ

2

Tặng Phiếu mua hàng mua Balo; Túi Chống sốc; Ốp lưng; KBV Camera; Sạc dự phòng (trừ AVA+, Hydrus); nhóm Tai nghe bluetooth, Loa Bluetooth các hãng JBL, Marshall,Harman Kardon; đồng hồ thông minh (trừ Apple) trị giá 100.000đ

3

Phiếu mua hàng mua Sim data 500GB 1 tháng trị giá 100,000đ Xem chi tiết

4

Thu cũ đổi mới: Giảm đến 2,000,000đ (Không kèm ưu đãi thanh toán qua cổng, mua kèm) Xem chi tiết";"Ưu đãi thanh toán Online (Click chọn để áp dụng)
 Giảm 1.000.000đ - Xem chi tiết
Áp dụng sản phẩm từ 10.000.000đ trở lên.
 Giảm 250.000đ - Xem chi tiết
Áp dụng sản phẩm từ 5.000.000đ trở lên.";https://www.thegioididong.com/may-tinh-bang/ipad-mini-7-wifi;Skipped
iPad Pro M5 13 inch WiFi 256GB;12GB - 256GB;Yes;14990000;39990000;2026-02-01;"Khuyến mãi trị giá 400.000₫

Giá và khuyến mãi dự kiến áp dụng đến 23:59 | 28/02
1

Phiếu mua hàng Apple Pencil trị giá 400,000đ

2

Phiếu mua hàng mua Sim data 500GB 1 tháng trị giá 100,000đ Xem chi tiết

3

Thu cũ đổi mới: Giảm đến 2,000,000đ (Không kèm ưu đãi thanh toán qua cổng, mua kèm) Xem chi tiết";"Ưu đãi thanh toán Online (Click chọn để áp dụng)
 Giảm 1.000.000đ - Xem chi tiết
Áp dụng sản phẩm từ 10.000.000đ trở lên.
 Giảm 250.000đ - Xem chi tiết
Áp dụng sản phẩm từ 5.000.000đ trở lên.";https://www.thegioididong.com/may-tinh-bang/ipad-pro-m5-13-inch-wifi-256gb;Skipped
iPad Pro M5 11 inch WiFi 1TB;16GB - 1TB;Yes;14990000;46790000;2026-02-01;"Khuyến mãi trị giá 400.000₫

Giá và khuyến mãi dự kiến áp dụng đến 23:59 | 28/02
1

Phiếu mua hàng Apple Pencil trị giá 400,000đ

2

Phiếu mua hàng mua Sim data 500GB 1 tháng trị giá 100,000đ Xem chi tiết

3

Thu cũ đổi mới: Giảm đến 2,000,000đ (Không kèm ưu đãi thanh toán qua cổng, mua kèm) Xem chi tiết";"Ưu đãi thanh toán Online (Click chọn để áp dụng)
 Giảm 250.000đ -
Xem chi tiết
Áp dụng sản phẩm từ 5.000.000đ trở lên.";https://www.thegioididong.com/may-tinh-bang/ipad-pro-m5-11-inch-wifi-256gb;Skipped
iPad mini 7 WiFi 512GB;Tím;Yes;22090000;19990000;2026-02-01;"Khuyến mãi trị giá 400.000₫

Giá và khuyến mãi dự kiến áp dụng đến 23:59 | 28/02
1

Phiếu mua hàng Apple Pencil trị giá 400,000đ

2

Tặng Phiếu mua hàng mua Balo; Túi Chống sốc; Ốp lưng; KBV Camera; Sạc dự phòng (trừ AVA+, Hydrus); nhóm Tai nghe bluetooth, Loa Bluetooth các hãng JBL, Marshall,Harman Kardon; đồng hồ thông minh (trừ Apple) trị giá 100.000đ

3

Phiếu mua hàng mua Sim data 500GB 1 tháng trị giá 100,000đ Xem chi tiết

4

Thu cũ đổi mới: Giảm đến 2,000,000đ (Không kèm ưu đãi thanh toán qua cổng, mua kèm) Xem chi tiết";"Ưu đãi thanh toán Online (Click chọn để áp dụng)
 Giảm 1.000.000đ - Xem chi tiết
Áp dụng sản phẩm từ 10.000.000đ trở lên.
 Giảm 250.000đ - Xem chi tiết
Áp dụng sản phẩm từ 5.000.000đ trở lên.";https://www.thegioididong.com/may-tinh-bang/ipad-mini-7-wifi;Skipped
iPad Pro M5 13 inch WiFi 512GB;12GB - 512GB;Yes;14990000;45590000;2026-02-01;"Khuyến mãi trị giá 400.000₫

Giá và khuyến mãi dự kiến áp dụng đến 23:59 | 28/02
1

Phiếu mua hàng Apple Pencil trị giá 400,000đ

2

Phiếu mua hàng mua Sim data 500GB 1 tháng trị giá 100,000đ Xem chi tiết

3

Thu cũ đổi mới: Giảm đến 2,000,000đ (Không kèm ưu đãi thanh toán qua cổng, mua kèm) Xem chi tiết";"Ưu đãi thanh toán Online (Click chọn để áp dụng)
 Giảm 250.000đ -
Xem chi tiết
Áp dụng sản phẩm từ 5.000.000đ trở lên.";https://www.thegioididong.com/may-tinh-bang/ipad-pro-m5-13-inch-wifi-256gb;Skipped
iPad Pro M5 11 inch WiFi 1TB;Đen;Yes;14990000;46790000;2026-02-01;"Khuyến mãi trị giá 400.000₫

Giá và khuyến mãi dự kiến áp dụng đến 23:59 | 28/02
1

Phiếu mua hàng Apple Pencil trị giá 400,000đ

2

Phiếu mua hàng mua Sim data 500GB 1 tháng trị giá 100,000đ Xem chi tiết

3

Thu cũ đổi mới: Giảm đến 2,000,000đ (Không kèm ưu đãi thanh toán qua cổng, mua kèm) Xem chi tiết";"Ưu đãi thanh toán Online (Click chọn để áp dụng)
 Giảm 250.000đ -
Xem chi tiết
Áp dụng sản phẩm từ 5.000.000đ trở lên.";https://www.thegioididong.com/may-tinh-bang/ipad-pro-m5-11-inch-wifi-256gb;Skipped
iPad Pro M5 11 inch WiFi 1TB;Bạc;No;14990000;46790000;2026-02-01;"Khuyến mãi trị giá 400.000₫

Giá và khuyến mãi dự kiến áp dụng đến 23:59 | 28/02
1

Phiếu mua hàng Apple Pencil trị giá 400,000đ

2

Phiếu mua hàng mua Sim data 500GB 1 tháng trị giá 100,000đ Xem chi tiết

3

Thu cũ đổi mới: Giảm đến 2,000,000đ (Không kèm ưu đãi thanh toán qua cổng, mua kèm) Xem chi tiết";;https://www.thegioididong.com/may-tinh-bang/ipad-pro-m5-11-inch-wifi-256gb;DEBUG_OOS_iPad Pro M5 11 inch WiFi 1TB_Bạc_082138.png
iPad mini 7 WiFi 512GB;Trắng Starlight;Yes;22090000;19990000;2026-02-01;"Khuyến mãi trị giá 400.000₫

Giá và khuyến mãi dự kiến áp dụng đến 23:59 | 28/02
1

Phiếu mua hàng Apple Pencil trị giá 400,000đ

2

Tặng Phiếu mua hàng mua Balo; Túi Chống sốc; Ốp lưng; KBV Camera; Sạc dự phòng (trừ AVA+, Hydrus); nhóm Tai nghe bluetooth, Loa Bluetooth các hãng JBL, Marshall,Harman Kardon; đồng hồ thông minh (trừ Apple) trị giá 100.000đ

3

Phiếu mua hàng mua Sim data 500GB 1 tháng trị giá 100,000đ Xem chi tiết

4

Thu cũ đổi mới: Giảm đến 2,000,000đ (Không kèm ưu đãi thanh toán qua cổng, mua kèm) Xem chi tiết";"Ưu đãi thanh toán Online (Click chọn để áp dụng)
 Giảm 1.000.000đ - Xem chi tiết
Áp dụng sản phẩm từ 10.000.000đ trở lên.
 Giảm 250.000đ - Xem chi tiết
Áp dụng sản phẩm từ 5.000.000đ trở lên.";https://www.thegioididong.com/may-tinh-bang/ipad-mini-7-wifi;Skipped
iPad Pro M5 13 inch WiFi 2TB;16GB - 2TB;Yes;14990000;67990000;2026-02-01;"Khuyến mãi trị giá 400.000₫

Giá và khuyến mãi dự kiến áp dụng đến 23:59 | 28/02
1

Phiếu mua hàng Apple Pencil trị giá 400,000đ

2

Phiếu mua hàng mua Sim data 500GB 1 tháng trị giá 100,000đ Xem chi tiết

3

Thu cũ đổi mới: Giảm đến 2,000,000đ (Không kèm ưu đãi thanh toán qua cổng, mua kèm) Xem chi tiết";"Ưu đãi thanh toán Online (Click chọn để áp dụng)
 Giảm 250.000đ -
Xem chi tiết
Áp dụng sản phẩm từ 5.000.000đ trở lên.";https://www.thegioididong.com/may-tinh-bang/ipad-pro-m5-13-inch-wifi-256gb;Skipped
iPad Pro M5 13 inch WiFi 2TB;Đen;Yes;14990000;67990000;2026-02-01;"Khuyến mãi trị giá 400.000₫

Giá và khuyến mãi dự kiến áp dụng đến 23:59 | 28/02
1

Phiếu mua hàng Apple Pencil trị giá 400,000đ

2

Phiếu mua hàng mua Sim data 500GB 1 tháng trị giá 100,000đ Xem chi tiết

3

Thu cũ đổi mới: Giảm đến 2,000,000đ (Không kèm ưu đãi thanh toán qua cổng, mua kèm) Xem chi tiết";"Ưu đãi thanh toán Online (Click chọn để áp dụng)
 Giảm 250.000đ -
Xem chi tiết
Áp dụng sản phẩm từ 5.000.000đ trở lên.";https://www.thegioididong.com/may-tinh-bang/ipad-pro-m5-13-inch-wifi-256gb;Skipped
iPad mini 7 WiFi 512GB;Đen - Xám;Yes;22090000;19990000;2026-02-01;"Khuyến mãi trị giá 400.000₫

Giá và khuyến mãi dự kiến áp dụng đến 23:59 | 28/02
1

Phiếu mua hàng Apple Pencil trị giá 400,000đ

2

Tặng Phiếu mua hàng mua Balo; Túi Chống sốc; Ốp lưng; KBV Camera; Sạc dự phòng (trừ AVA+, Hydrus); nhóm Tai nghe bluetooth, Loa Bluetooth các hãng JBL, Marshall,Harman Kardon; đồng hồ thông minh (trừ Apple) trị giá 100.000đ

3

Phiếu mua hàng mua Sim data 500GB 1 tháng trị giá 100,000đ Xem chi tiết

4

Thu cũ đổi mới: Giảm đến 2,000,000đ (Không kèm ưu đãi thanh toán qua cổng, mua kèm) Xem chi tiết";"Ưu đãi thanh toán Online (Click chọn để áp dụng)
 Giảm 1.000.000đ - Xem chi tiết
Áp dụng sản phẩm từ 10.000.000đ trở lên.
 Giảm 250.000đ - Xem chi tiết
Áp dụng sản phẩm từ 5.000.000đ trở lên.";https://www.thegioididong.com/may-tinh-bang/ipad-mini-7-wifi;Skipped
iPad Pro M5 13 inch WiFi 2TB;Bạc;No;14990000;67990000;2026-02-01;"Khuyến mãi trị giá 400.000₫

Giá và khuyến mãi dự kiến áp dụng đến 23:59 | 28/02
1

Phiếu mua hàng Apple Pencil trị giá 400,000đ

2

Phiếu mua hàng mua Sim data 500GB 1 tháng trị giá 100,000đ Xem chi tiết

3

Thu cũ đổi mới: Giảm đến 2,000,000đ (Không kèm ưu đãi thanh toán qua cổng, mua kèm) Xem chi tiết";;https://www.thegioididong.com/may-tinh-bang/ipad-pro-m5-13-inch-wifi-256gb;DEBUG_OOS_iPad Pro M5 13 inch WiFi 2TB_Bạc_082151.png
iPad mini 7 WiFi 512GB;Xanh Dương;Yes;22090000;19990000;2026-02-01;"Khuyến mãi trị giá 400.000₫

Giá và khuyến mãi dự kiến áp dụng đến 23:59 | 28/02
1

Phiếu mua hàng Apple Pencil trị giá 400,000đ

2

Tặng Phiếu mua hàng mua Balo; Túi Chống sốc; Ốp lưng; KBV Camera; Sạc dự phòng (trừ AVA+, Hydrus); nhóm Tai nghe bluetooth, Loa Bluetooth các hãng JBL, Marshall,Harman Kardon; đồng hồ thông minh (trừ Apple) trị giá 100.000đ

3

Phiếu mua hàng mua Sim data 500GB 1 tháng trị giá 100,000đ Xem chi tiết

4

Thu cũ đổi mới: Giảm đến 2,000,000đ (Không kèm ưu đãi thanh toán qua cổng, mua kèm) Xem chi tiết";"Ưu đãi thanh toán Online (Click chọn để áp dụng)
 Giảm 1.000.000đ - Xem chi tiết
Áp dụng sản phẩm từ 10.000.000đ trở lên.
 Giảm 250.000đ - Xem chi tiết
Áp dụng sản phẩm từ 5.000.000đ trở lên.";https://www.thegioididong.com/may-tinh-bang/ipad-mini-7-wifi;Skipped
iPad Pro M5 13 inch WiFi 256GB;12GB - 256GB;Yes;14990000;39990000;2026-02-01;"Khuyến mãi trị giá 400.000₫

Giá và khuyến mãi dự kiến áp dụng đến 23:59 | 28/02
1

Phiếu mua hàng Apple Pencil trị giá 400,000đ

2

Phiếu mua hàng mua Sim data 500GB 1 tháng trị giá 100,000đ Xem chi tiết

3

Thu cũ đổi mới: Giảm đến 2,000,000đ (Không kèm ưu đãi thanh toán qua cổng, mua kèm) Xem chi tiết";"Ưu đãi thanh toán Online (Click chọn để áp dụng)
 Giảm 1.000.000đ - Xem chi tiết
Áp dụng sản phẩm từ 10.000.000đ trở lên.
 Giảm 250.000đ - Xem chi tiết
Áp dụng sản phẩm từ 5.000.000đ trở lên.";https://www.thegioididong.com/may-tinh-bang/ipad-pro-m5-13-inch-wifi-256gb;Skipped
iPad Pro M5 13 inch WiFi 512GB;12GB - 512GB;Yes;14990000;45590000;2026-02-01;"Khuyến mãi trị giá 400.000₫

Giá và khuyến mãi dự kiến áp dụng đến 23:59 | 28/02
1

Phiếu mua hàng Apple Pencil trị giá 400,000đ

2

Phiếu mua hàng mua Sim data 500GB 1 tháng trị giá 100,000đ Xem chi tiết

3

Thu cũ đổi mới: Giảm đến 2,000,000đ (Không kèm ưu đãi thanh toán qua cổng, mua kèm) Xem chi tiết";"Ưu đãi thanh toán Online (Click chọn để áp dụng)
 Giảm 250.000đ -
Xem chi tiết
Áp dụng sản phẩm từ 5.000.000đ trở lên.";https://www.thegioididong.com/may-tinh-bang/ipad-pro-m5-13-inch-wifi-256gb;Skipped
iPad Pro M5 13 inch WiFi 2TB;16GB - 2TB;Yes;14990000;67990000;2026-02-01;"Khuyến mãi trị giá 400.000₫

Giá và khuyến mãi dự kiến áp dụng đến 23:59 | 28/02
1

Phiếu mua hàng Apple Pencil trị giá 400,000đ

2

Phiếu mua hàng mua Sim data 500GB 1 tháng trị giá 100,000đ Xem chi tiết

3

Thu cũ đổi mới: Giảm đến 2,000,000đ (Không kèm ưu đãi thanh toán qua cổng, mua kèm) Xem chi tiết";"Ưu đãi thanh toán Online (Click chọn để áp dụng)
 Giảm 250.000đ -
Xem chi tiết
Áp dụng sản phẩm từ 5.000.000đ trở lên.";https://www.thegioididong.com/may-tinh-bang/ipad-pro-m5-13-inch-wifi-256gb;Skipped
iPad Pro M5 13 inch WiFi 2TB;Đen;Yes;14990000;67990000;2026-02-01;"Khuyến mãi trị giá 400.000₫

Giá và khuyến mãi dự kiến áp dụng đến 23:59 | 28/02
1

Phiếu mua hàng Apple Pencil trị giá 400,000đ

2

Phiếu mua hàng mua Sim data 500GB 1 tháng trị giá 100,000đ Xem chi tiết

3

Thu cũ đổi mới: Giảm đến 2,000,000đ (Không kèm ưu đãi thanh toán qua cổng, mua kèm) Xem chi tiết";"Ưu đãi thanh toán Online (Click chọn để áp dụng)
 Giảm 250.000đ -
Xem chi tiết
Áp dụng sản phẩm từ 5.000.000đ trở lên.";https://www.thegioididong.com/may-tinh-bang/ipad-pro-m5-13-inch-wifi-256gb;Skipped
iPad Pro M5 13 inch WiFi 2TB;Bạc;No;14990000;67990000;2026-02-01;"Khuyến mãi trị giá 400.000₫

Giá và khuyến mãi dự kiến áp dụng đến 23:59 | 28/02
1

Phiếu mua hàng Apple Pencil trị giá 400,000đ

2

Phiếu mua hàng mua Sim data 500GB 1 tháng trị giá 100,000đ Xem chi tiết

3

Thu cũ đổi mới: Giảm đến 2,000,000đ (Không kèm ưu đãi thanh toán qua cổng, mua kèm) Xem chi tiết";;https://www.thegioididong.com/may-tinh-bang/ipad-pro-m5-13-inch-wifi-256gb;DEBUG_OOS_iPad Pro M5 13 inch WiFi 2TB_Bạc_082223.png
