Product_Name;Color;Ton_Kho;Gia_Niem_Yet;Gia_Khuyen_Mai;Date;Khuyen_Mai;Thanh_Toan;Link;screenshot_name
Apple Watch Series 10 GPS + Cellular 46mm viền Titanium dây thể thao;Default/Unknown;Yes;20890000;16990000;2026-04-11;Khuyến mãi                      Giá và khuyến mãi dự kiến áp dụng đến 23:59 | 30/04                                                                         1                                              Tặng Phiếu mua hàng Đồng hồ Định vị trẻ em trị giá 100.000đ                                                            2                                              Giảm thêm 500,000đ từ phiếu mua hàng được tặng khi mua iPhone                                                            3                                              NHẬN HOÀN NGAY ĐẾN 800.000đ khi mở thẻ tín dụng VPBANK MWG  (Xem chi tiết tại đây);;https://www.thegioididong.com/dong-ho-thong-minh/apple-watch-s10-lte-46mm-vien-titanium-day-the-thao;Skipped
Apple Watch SE 3 GPS 40mm viền nhôm dây thể thao;40mm;Yes;6990000;6590000;2026-04-11;Khuyến mãi                      Giá và khuyến mãi dự kiến áp dụng đến 23:59 | 12/04                                                                         1                                              Tặng Phiếu mua hàng Đồng hồ Định vị trẻ em trị giá 100.000đ                                                            2                                              Giảm thêm 500,000đ từ phiếu mua hàng được tặng khi mua iPhone                                                            3                                              NHẬN HOÀN NGAY ĐẾN 800.000đ khi mở thẻ tín dụng VPBANK MWG  (Xem chi tiết tại đây);;https://www.thegioididong.com/dong-ho-thong-minh/apple-watch-se-3-40mm-vien-nhom-day-the-thao;Skipped
Apple Watch Series 10 GPS + Cellular 42mm viền Titanium dây Milan;42mm;Yes;20890000;17590000;2026-04-11;Khuyến mãi                      Giá và khuyến mãi dự kiến áp dụng đến 23:59 | 30/04                                                                         1                                              Tặng Phiếu mua hàng Đồng hồ Định vị trẻ em trị giá 100.000đ                                                            2                                              Giảm thêm 500,000đ từ phiếu mua hàng được tặng khi mua iPhone                                                            3                                              NHẬN HOÀN NGAY ĐẾN 800.000đ khi mở thẻ tín dụng VPBANK MWG  (Xem chi tiết tại đây);;https://www.thegioididong.com/dong-ho-thong-minh/apple-watch-s10-lte-46mm-vien-titanium-day-thep;Skipped
Apple Watch SE 2 GPS 44mm viền nhôm dây vải;Bạc;No;0;0;2026-04-11;;;https://www.thegioididong.com/dong-ho-thong-minh/apple-watch-se-2-44mm-vien-nhom-day-vai;DEBUG_OOS_Apple Watch SE 2 GPS 44mm viền nhôm dây vải_Bạc_114856.png
Apple Watch SE 2 GPS 44mm viền nhôm dây thể thao;Bạc;No;0;0;2026-04-11;;;https://www.thegioididong.com/dong-ho-thong-minh/apple-watch-se-2-44mm-vien-nhom-day-silicone;DEBUG_OOS_Apple Watch SE 2 GPS 44mm viền nhôm dây thể thao_Bạc_114856.png
Apple Watch SE 3 GPS 44mm viền nhôm dây thể thao;44mm;Yes;7850000;7690000;2026-04-11;Khuyến mãi                      Giá và khuyến mãi dự kiến áp dụng đến 23:59 | 30/04                                                                         1                                              Tặng Phiếu mua hàng Đồng hồ Định vị trẻ em trị giá 100.000đ                                                            2                                              Giảm thêm 500,000đ từ phiếu mua hàng được tặng khi mua iPhone                                                            3                                              NHẬN HOÀN NGAY ĐẾN 800.000đ khi mở thẻ tín dụng VPBANK MWG  (Xem chi tiết tại đây);;https://www.thegioididong.com/dong-ho-thong-minh/apple-watch-se-3-40mm-vien-nhom-day-the-thao;Skipped
Apple Watch Series 10 GPS + Cellular 46mm viền Titanium dây Milan;46mm;Yes;22190000;17990000;2026-04-11;Khuyến mãi                      Giá và khuyến mãi dự kiến áp dụng đến 23:59 | 30/04                                                                         1                                              Tặng Phiếu mua hàng Đồng hồ Định vị trẻ em trị giá 100.000đ                                                            2                                              Giảm thêm 500,000đ từ phiếu mua hàng được tặng khi mua iPhone                                                            3                                              NHẬN HOÀN NGAY ĐẾN 800.000đ khi mở thẻ tín dụng VPBANK MWG  (Xem chi tiết tại đây);;https://www.thegioididong.com/dong-ho-thong-minh/apple-watch-s10-lte-46mm-vien-titanium-day-thep;Skipped
Apple Watch SE 3 GPS + Cellular 40mm viền nhôm dây thể thao;40mm;Yes;8490000;8390000;2026-04-11;Khuyến mãi                      Giá và khuyến mãi dự kiến áp dụng đến 23:59 | 30/04                                                                         1                                              Tặng Phiếu mua hàng Đồng hồ Định vị trẻ em trị giá 100.000đ                                                            2                                              Giảm thêm 500,000đ từ phiếu mua hàng được tặng khi mua iPhone                                                            3                                              NHẬN HOÀN NGAY ĐẾN 800.000đ khi mở thẻ tín dụng VPBANK MWG  (Xem chi tiết tại đây);;https://www.thegioididong.com/dong-ho-thong-minh/apple-watch-se-3-gps-cellular-40mm-vien-nhom-day-the-thao;Skipped
Apple Watch SE 3 GPS 44mm viền nhôm dây thể thao;Xanh đen;Yes;7850000;7690000;2026-04-11;Khuyến mãi                      Giá và khuyến mãi dự kiến áp dụng đến 23:59 | 30/04                                                                         1                                              Tặng Phiếu mua hàng Đồng hồ Định vị trẻ em trị giá 100.000đ                                                            2                                              Giảm thêm 500,000đ từ phiếu mua hàng được tặng khi mua iPhone                                                            3                                              NHẬN HOÀN NGAY ĐẾN 800.000đ khi mở thẻ tín dụng VPBANK MWG  (Xem chi tiết tại đây);;https://www.thegioididong.com/dong-ho-thong-minh/apple-watch-se-3-40mm-vien-nhom-day-the-thao;Skipped
Apple Watch Series 10 GPS + Cellular 42mm viền Titanium dây Milan;42mm;Yes;20890000;17590000;2026-04-11;Khuyến mãi                      Giá và khuyến mãi dự kiến áp dụng đến 23:59 | 30/04                                                                         1                                              Tặng Phiếu mua hàng Đồng hồ Định vị trẻ em trị giá 100.000đ                                                            2                                              Giảm thêm 500,000đ từ phiếu mua hàng được tặng khi mua iPhone                                                            3                                              NHẬN HOÀN NGAY ĐẾN 800.000đ khi mở thẻ tín dụng VPBANK MWG  (Xem chi tiết tại đây);;https://www.thegioididong.com/dong-ho-thong-minh/apple-watch-s10-lte-46mm-vien-titanium-day-thep;Skipped
Apple Watch SE 3 GPS + Cellular 44mm viền nhôm dây thể thao;44mm;Yes;9350000;9190000;2026-04-11;Khuyến mãi                      Giá và khuyến mãi dự kiến áp dụng đến 23:59 | 30/04                                                                         1                                              Tặng Phiếu mua hàng Đồng hồ Định vị trẻ em trị giá 100.000đ                                                            2                                              Giảm thêm 500,000đ từ phiếu mua hàng được tặng khi mua iPhone                                                            3                                              NHẬN HOÀN NGAY ĐẾN 800.000đ khi mở thẻ tín dụng VPBANK MWG  (Xem chi tiết tại đây);;https://www.thegioididong.com/dong-ho-thong-minh/apple-watch-se-3-gps-cellular-40mm-vien-nhom-day-the-thao;Skipped
Apple Watch SE 3 GPS 44mm viền nhôm dây thể thao;Trắng Starlight;Yes;7850000;7690000;2026-04-11;Khuyến mãi                      Giá và khuyến mãi dự kiến áp dụng đến 23:59 | 30/04                                                                         1                                              Tặng Phiếu mua hàng Đồng hồ Định vị trẻ em trị giá 100.000đ                                                            2                                              Giảm thêm 500,000đ từ phiếu mua hàng được tặng khi mua iPhone                                                            3                                              NHẬN HOÀN NGAY ĐẾN 800.000đ khi mở thẻ tín dụng VPBANK MWG  (Xem chi tiết tại đây);;https://www.thegioididong.com/dong-ho-thong-minh/apple-watch-se-3-40mm-vien-nhom-day-the-thao;Skipped
Apple Watch SE 2 GPS 44mm viền nhôm dây vải;Xanh đen;No;0;0;2026-04-11;;;https://www.thegioididong.com/dong-ho-thong-minh/apple-watch-se-2-44mm-vien-nhom-day-vai;DEBUG_OOS_Apple Watch SE 2 GPS 44mm viền nhôm dây vải_Xanh đen_114903.png
Apple Watch SE 2 GPS 44mm viền nhôm dây thể thao;Xanh đen;No;0;0;2026-04-11;;;https://www.thegioididong.com/dong-ho-thong-minh/apple-watch-se-2-44mm-vien-nhom-day-silicone;DEBUG_OOS_Apple Watch SE 2 GPS 44mm viền nhôm dây thể thao_Xanh đen_114903.png
Apple Watch Series 10 GPS + Cellular 46mm viền Titanium dây Milan;46mm;Yes;22190000;17990000;2026-04-11;Khuyến mãi                      Giá và khuyến mãi dự kiến áp dụng đến 23:59 | 30/04                                                                         1                                              Tặng Phiếu mua hàng Đồng hồ Định vị trẻ em trị giá 100.000đ                                                            2                                              Giảm thêm 500,000đ từ phiếu mua hàng được tặng khi mua iPhone                                                            3                                              NHẬN HOÀN NGAY ĐẾN 800.000đ khi mở thẻ tín dụng VPBANK MWG  (Xem chi tiết tại đây);;https://www.thegioididong.com/dong-ho-thong-minh/apple-watch-s10-lte-46mm-vien-titanium-day-thep;Skipped
Apple Watch SE 3 GPS + Cellular 40mm viền nhôm dây thể thao;40mm;Yes;8490000;8390000;2026-04-11;Khuyến mãi                      Giá và khuyến mãi dự kiến áp dụng đến 23:59 | 30/04                                                                         1                                              Tặng Phiếu mua hàng Đồng hồ Định vị trẻ em trị giá 100.000đ                                                            2                                              Giảm thêm 500,000đ từ phiếu mua hàng được tặng khi mua iPhone                                                            3                                              NHẬN HOÀN NGAY ĐẾN 800.000đ khi mở thẻ tín dụng VPBANK MWG  (Xem chi tiết tại đây);;https://www.thegioididong.com/dong-ho-thong-minh/apple-watch-se-3-gps-cellular-40mm-vien-nhom-day-the-thao;Skipped
Apple Watch SE 3 GPS 40mm viền nhôm dây thể thao;40mm;Yes;6990000;6590000;2026-04-11;Khuyến mãi                      Giá và khuyến mãi dự kiến áp dụng đến 23:59 | 12/04                                                                         1                                              Tặng Phiếu mua hàng Đồng hồ Định vị trẻ em trị giá 100.000đ                                                            2                                              Giảm thêm 500,000đ từ phiếu mua hàng được tặng khi mua iPhone                                                            3                                              NHẬN HOÀN NGAY ĐẾN 800.000đ khi mở thẻ tín dụng VPBANK MWG  (Xem chi tiết tại đây);;https://www.thegioididong.com/dong-ho-thong-minh/apple-watch-se-3-40mm-vien-nhom-day-the-thao;Skipped
Apple Watch SE 2 GPS 44mm viền nhôm dây vải;Trắng Starlight;No;0;0;2026-04-11;;;https://www.thegioididong.com/dong-ho-thong-minh/apple-watch-se-2-44mm-vien-nhom-day-vai;DEBUG_OOS_Apple Watch SE 2 GPS 44mm viền nhôm dây vải_Trắng Starlight_114910.png
Apple Watch SE 2 GPS 44mm viền nhôm dây thể thao;Trắng Starlight;No;0;0;2026-04-11;;;https://www.thegioididong.com/dong-ho-thong-minh/apple-watch-se-2-44mm-vien-nhom-day-silicone;DEBUG_OOS_Apple Watch SE 2 GPS 44mm viền nhôm dây thể thao_Trắng Starlight_114910.png
Apple Watch SE 3 GPS + Cellular 44mm viền nhôm dây thể thao;44mm;Yes;9350000;9190000;2026-04-11;Khuyến mãi                      Giá và khuyến mãi dự kiến áp dụng đến 23:59 | 30/04                                                                         1                                              Tặng Phiếu mua hàng Đồng hồ Định vị trẻ em trị giá 100.000đ                                                            2                                              Giảm thêm 500,000đ từ phiếu mua hàng được tặng khi mua iPhone                                                            3                                              NHẬN HOÀN NGAY ĐẾN 800.000đ khi mở thẻ tín dụng VPBANK MWG  (Xem chi tiết tại đây);;https://www.thegioididong.com/dong-ho-thong-minh/apple-watch-se-3-gps-cellular-40mm-vien-nhom-day-the-thao;Skipped
Apple Watch SE 3 GPS 44mm viền nhôm dây thể thao;44mm;Yes;7850000;7690000;2026-04-11;Khuyến mãi                      Giá và khuyến mãi dự kiến áp dụng đến 23:59 | 30/04                                                                         1                                              Tặng Phiếu mua hàng Đồng hồ Định vị trẻ em trị giá 100.000đ                                                            2                                              Giảm thêm 500,000đ từ phiếu mua hàng được tặng khi mua iPhone                                                            3                                              NHẬN HOÀN NGAY ĐẾN 800.000đ khi mở thẻ tín dụng VPBANK MWG  (Xem chi tiết tại đây);;https://www.thegioididong.com/dong-ho-thong-minh/apple-watch-se-3-40mm-vien-nhom-day-the-thao;Skipped
Apple Watch SE 3 GPS 44mm viền nhôm dây thể thao;Xanh đen;Yes;7850000;7690000;2026-04-11;Khuyến mãi                      Giá và khuyến mãi dự kiến áp dụng đến 23:59 | 30/04                                                                         1                                              Tặng Phiếu mua hàng Đồng hồ Định vị trẻ em trị giá 100.000đ                                                            2                                              Giảm thêm 500,000đ từ phiếu mua hàng được tặng khi mua iPhone                                                            3                                              NHẬN HOÀN NGAY ĐẾN 800.000đ khi mở thẻ tín dụng VPBANK MWG  (Xem chi tiết tại đây);;https://www.thegioididong.com/dong-ho-thong-minh/apple-watch-se-3-40mm-vien-nhom-day-the-thao;Skipped
Apple Watch Series 10 GPS 42mm viền nhôm dây vải;Bạc;No;0;0;2026-04-11;;;https://www.thegioididong.com/dong-ho-thong-minh/apple-watch-series-10-42mm-day-vai;DEBUG_OOS_Apple Watch Series 10 GPS 42mm viền nhôm dây vải_Bạc_114916.png
Apple Watch SE 3 GPS 44mm viền nhôm dây thể thao;Trắng Starlight;Yes;7850000;7690000;2026-04-11;Khuyến mãi                      Giá và khuyến mãi dự kiến áp dụng đến 23:59 | 30/04                                                                         1                                              Tặng Phiếu mua hàng Đồng hồ Định vị trẻ em trị giá 100.000đ                                                            2                                              Giảm thêm 500,000đ từ phiếu mua hàng được tặng khi mua iPhone                                                            3                                              NHẬN HOÀN NGAY ĐẾN 800.000đ khi mở thẻ tín dụng VPBANK MWG  (Xem chi tiết tại đây);;https://www.thegioididong.com/dong-ho-thong-minh/apple-watch-se-3-40mm-vien-nhom-day-the-thao;Skipped
Apple Watch SE 2 GPS 44mm viền nhôm dây vải;Bạc;No;0;0;2026-04-11;;;https://www.thegioididong.com/dong-ho-thong-minh/apple-watch-se-2-44mm-vien-nhom-day-vai;DEBUG_OOS_Apple Watch SE 2 GPS 44mm viền nhôm dây vải_Bạc_114919.png
Apple Watch SE 2 GPS 44mm viền nhôm dây thể thao;Bạc;No;0;0;2026-04-11;;;https://www.thegioididong.com/dong-ho-thong-minh/apple-watch-se-2-44mm-vien-nhom-day-silicone;DEBUG_OOS_Apple Watch SE 2 GPS 44mm viền nhôm dây thể thao_Bạc_114919.png
Apple Watch SE 3 GPS 40mm viền nhôm dây thể thao;40mm;Yes;6990000;6590000;2026-04-11;Khuyến mãi                      Giá và khuyến mãi dự kiến áp dụng đến 23:59 | 12/04                                                                         1                                              Tặng Phiếu mua hàng Đồng hồ Định vị trẻ em trị giá 100.000đ                                                            2                                              Giảm thêm 500,000đ từ phiếu mua hàng được tặng khi mua iPhone                                                            3                                              NHẬN HOÀN NGAY ĐẾN 800.000đ khi mở thẻ tín dụng VPBANK MWG  (Xem chi tiết tại đây);;https://www.thegioididong.com/dong-ho-thong-minh/apple-watch-se-3-40mm-vien-nhom-day-the-thao;Skipped
Apple Watch Series 10 GPS 42mm viền nhôm dây vải;Vàng Hồng;No;0;0;2026-04-11;;;https://www.thegioididong.com/dong-ho-thong-minh/apple-watch-series-10-42mm-day-vai;DEBUG_OOS_Apple Watch Series 10 GPS 42mm viền nhôm dây vải_Vàng Hồng_114923.png
Apple Watch SE 2 GPS 44mm viền nhôm dây vải;Xanh đen;No;0;0;2026-04-11;;;https://www.thegioididong.com/dong-ho-thong-minh/apple-watch-se-2-44mm-vien-nhom-day-vai;DEBUG_OOS_Apple Watch SE 2 GPS 44mm viền nhôm dây vải_Xanh đen_114925.png
Apple Watch SE 2 GPS 44mm viền nhôm dây thể thao;Xanh đen;No;0;0;2026-04-11;;;https://www.thegioididong.com/dong-ho-thong-minh/apple-watch-se-2-44mm-vien-nhom-day-silicone;DEBUG_OOS_Apple Watch SE 2 GPS 44mm viền nhôm dây thể thao_Xanh đen_114925.png
Apple Watch SE 3 GPS 44mm viền nhôm dây thể thao;44mm;Yes;7850000;7690000;2026-04-11;Khuyến mãi                      Giá và khuyến mãi dự kiến áp dụng đến 23:59 | 30/04                                                                         1                                              Tặng Phiếu mua hàng Đồng hồ Định vị trẻ em trị giá 100.000đ                                                            2                                              Giảm thêm 500,000đ từ phiếu mua hàng được tặng khi mua iPhone                                                            3                                              NHẬN HOÀN NGAY ĐẾN 800.000đ khi mở thẻ tín dụng VPBANK MWG  (Xem chi tiết tại đây);;https://www.thegioididong.com/dong-ho-thong-minh/apple-watch-se-3-40mm-vien-nhom-day-the-thao;Skipped
Apple Watch SE 3 GPS 44mm viền nhôm dây thể thao;Xanh đen;Yes;7850000;7690000;2026-04-11;Khuyến mãi                      Giá và khuyến mãi dự kiến áp dụng đến 23:59 | 30/04                                                                         1                                              Tặng Phiếu mua hàng Đồng hồ Định vị trẻ em trị giá 100.000đ                                                            2                                              Giảm thêm 500,000đ từ phiếu mua hàng được tặng khi mua iPhone                                                            3                                              NHẬN HOÀN NGAY ĐẾN 800.000đ khi mở thẻ tín dụng VPBANK MWG  (Xem chi tiết tại đây);;https://www.thegioididong.com/dong-ho-thong-minh/apple-watch-se-3-40mm-vien-nhom-day-the-thao;Skipped
Apple Watch Series 10 GPS 42mm viền nhôm dây vải;Đen bóng;No;0;0;2026-04-11;;;https://www.thegioididong.com/dong-ho-thong-minh/apple-watch-series-10-42mm-day-vai;DEBUG_OOS_Apple Watch Series 10 GPS 42mm viền nhôm dây vải_Đen bóng_114930.png
Apple Watch SE 3 GPS 44mm viền nhôm dây thể thao;Trắng Starlight;Yes;7850000;7690000;2026-04-11;Khuyến mãi                      Giá và khuyến mãi dự kiến áp dụng đến 23:59 | 30/04                                                                         1                                              Tặng Phiếu mua hàng Đồng hồ Định vị trẻ em trị giá 100.000đ                                                            2                                              Giảm thêm 500,000đ từ phiếu mua hàng được tặng khi mua iPhone                                                            3                                              NHẬN HOÀN NGAY ĐẾN 800.000đ khi mở thẻ tín dụng VPBANK MWG  (Xem chi tiết tại đây);;https://www.thegioididong.com/dong-ho-thong-minh/apple-watch-se-3-40mm-vien-nhom-day-the-thao;Skipped
Apple Watch SE 2 GPS 44mm viền nhôm dây vải;Trắng Starlight;No;0;0;2026-04-11;;;https://www.thegioididong.com/dong-ho-thong-minh/apple-watch-se-2-44mm-vien-nhom-day-vai;DEBUG_OOS_Apple Watch SE 2 GPS 44mm viền nhôm dây vải_Trắng Starlight_114931.png
Apple Watch SE 2 GPS 44mm viền nhôm dây thể thao;Trắng Starlight;No;0;0;2026-04-11;;;https://www.thegioididong.com/dong-ho-thong-minh/apple-watch-se-2-44mm-vien-nhom-day-silicone;DEBUG_OOS_Apple Watch SE 2 GPS 44mm viền nhôm dây thể thao_Trắng Starlight_114932.png
Apple Watch Series 10 GPS 42mm viền nhôm dây vải;Trắng Starlight;No;0;10790182;2026-04-11;Khuyến mãi                      Giá và khuyến mãi dự kiến áp dụng đến 23:59 | 30/04                                                                         1                                              Tặng Phiếu mua hàng Đồng hồ Định vị trẻ em trị giá 100.000đ                                                            2                                              Giảm thêm 500,000đ từ phiếu mua hàng được tặng khi mua iPhone                                                            3                                              NHẬN HOÀN NGAY ĐẾN 800.000đ khi mở thẻ tín dụng VPBANK MWG  (Xem chi tiết tại đây);;https://www.thegioididong.com/dong-ho-thong-minh/apple-watch-series-10-42mm-day-vai;DEBUG_OOS_Apple Watch Series 10 GPS 42mm viền nhôm dây vải_Trắng Starlight_114934.png
Apple Watch SE 3 GPS 40mm viền nhôm dây thể thao;40mm;Yes;6990000;6590000;2026-04-11;Khuyến mãi                      Giá và khuyến mãi dự kiến áp dụng đến 23:59 | 12/04                                                                         1                                              Tặng Phiếu mua hàng Đồng hồ Định vị trẻ em trị giá 100.000đ                                                            2                                              Giảm thêm 500,000đ từ phiếu mua hàng được tặng khi mua iPhone                                                            3                                              NHẬN HOÀN NGAY ĐẾN 800.000đ khi mở thẻ tín dụng VPBANK MWG  (Xem chi tiết tại đây);;https://www.thegioididong.com/dong-ho-thong-minh/apple-watch-se-3-40mm-vien-nhom-day-the-thao;Skipped
Apple Watch SE 3 GPS 44mm viền nhôm dây thể thao;44mm;Yes;7850000;7690000;2026-04-11;Khuyến mãi                      Giá và khuyến mãi dự kiến áp dụng đến 23:59 | 30/04                                                                         1                                              Tặng Phiếu mua hàng Đồng hồ Định vị trẻ em trị giá 100.000đ                                                            2                                              Giảm thêm 500,000đ từ phiếu mua hàng được tặng khi mua iPhone                                                            3                                              NHẬN HOÀN NGAY ĐẾN 800.000đ khi mở thẻ tín dụng VPBANK MWG  (Xem chi tiết tại đây);;https://www.thegioididong.com/dong-ho-thong-minh/apple-watch-se-3-40mm-vien-nhom-day-the-thao;Skipped
Apple Watch SE 2 GPS 44mm viền nhôm dây vải;Bạc;No;0;0;2026-04-11;;;https://www.thegioididong.com/dong-ho-thong-minh/apple-watch-se-2-44mm-vien-nhom-day-vai;DEBUG_OOS_Apple Watch SE 2 GPS 44mm viền nhôm dây vải_Bạc_114940.png
Apple Watch SE 2 GPS 44mm viền nhôm dây thể thao;Bạc;No;0;0;2026-04-11;;;https://www.thegioididong.com/dong-ho-thong-minh/apple-watch-se-2-44mm-vien-nhom-day-silicone;DEBUG_OOS_Apple Watch SE 2 GPS 44mm viền nhôm dây thể thao_Bạc_114940.png
Apple Watch SE 3 GPS 44mm viền nhôm dây thể thao;Xanh đen;Yes;7850000;7690000;2026-04-11;Khuyến mãi                      Giá và khuyến mãi dự kiến áp dụng đến 23:59 | 30/04                                                                         1                                              Tặng Phiếu mua hàng Đồng hồ Định vị trẻ em trị giá 100.000đ                                                            2                                              Giảm thêm 500,000đ từ phiếu mua hàng được tặng khi mua iPhone                                                            3                                              NHẬN HOÀN NGAY ĐẾN 800.000đ khi mở thẻ tín dụng VPBANK MWG  (Xem chi tiết tại đây);;https://www.thegioididong.com/dong-ho-thong-minh/apple-watch-se-3-40mm-vien-nhom-day-the-thao;Skipped
Apple Watch Series 10 GPS 42mm viền nhôm dây vải;Bạc;No;0;0;2026-04-11;;;https://www.thegioididong.com/dong-ho-thong-minh/apple-watch-series-10-42mm-day-vai;DEBUG_OOS_Apple Watch Series 10 GPS 42mm viền nhôm dây vải_Bạc_114942.png
Apple Watch SE 3 GPS 44mm viền nhôm dây thể thao;Trắng Starlight;Yes;7850000;7690000;2026-04-11;Khuyến mãi                      Giá và khuyến mãi dự kiến áp dụng đến 23:59 | 30/04                                                                         1                                              Tặng Phiếu mua hàng Đồng hồ Định vị trẻ em trị giá 100.000đ                                                            2                                              Giảm thêm 500,000đ từ phiếu mua hàng được tặng khi mua iPhone                                                            3                                              NHẬN HOÀN NGAY ĐẾN 800.000đ khi mở thẻ tín dụng VPBANK MWG  (Xem chi tiết tại đây);;https://www.thegioididong.com/dong-ho-thong-minh/apple-watch-se-3-40mm-vien-nhom-day-the-thao;Skipped
Apple Watch SE 2 GPS 44mm viền nhôm dây vải;Xanh đen;No;0;0;2026-04-11;;;https://www.thegioididong.com/dong-ho-thong-minh/apple-watch-se-2-44mm-vien-nhom-day-vai;DEBUG_OOS_Apple Watch SE 2 GPS 44mm viền nhôm dây vải_Xanh đen_114946.png
Apple Watch SE 2 GPS 44mm viền nhôm dây thể thao;Xanh đen;No;0;0;2026-04-11;;;https://www.thegioididong.com/dong-ho-thong-minh/apple-watch-se-2-44mm-vien-nhom-day-silicone;DEBUG_OOS_Apple Watch SE 2 GPS 44mm viền nhôm dây thể thao_Xanh đen_114946.png
Apple Watch Series 10 GPS 42mm viền nhôm dây vải;Vàng Hồng;No;0;0;2026-04-11;;;https://www.thegioididong.com/dong-ho-thong-minh/apple-watch-series-10-42mm-day-vai;DEBUG_OOS_Apple Watch Series 10 GPS 42mm viền nhôm dây vải_Vàng Hồng_114948.png
Apple Watch Series 10 GPS + Cellular 42mm viền nhôm dây vải;42mm;Yes;13290000;11290000;2026-04-11;Khuyến mãi                      Giá và khuyến mãi dự kiến áp dụng đến 23:59 | 30/04                                                                         1                                              Tặng Phiếu mua hàng Đồng hồ Định vị trẻ em trị giá 100.000đ                                                            2                                              Giảm thêm 500,000đ từ phiếu mua hàng được tặng khi mua iPhone                                                            3                                              NHẬN HOÀN NGAY ĐẾN 800.000đ khi mở thẻ tín dụng VPBANK MWG  (Xem chi tiết tại đây);;https://www.thegioididong.com/dong-ho-thong-minh/apple-watch-series-10-lte-42mm-day-vai;Skipped
Apple Watch SE 2 GPS 44mm viền nhôm dây vải;Trắng Starlight;No;0;0;2026-04-11;;;https://www.thegioididong.com/dong-ho-thong-minh/apple-watch-se-2-44mm-vien-nhom-day-vai;DEBUG_OOS_Apple Watch SE 2 GPS 44mm viền nhôm dây vải_Trắng Starlight_114952.png
Apple Watch SE 2 GPS 44mm viền nhôm dây thể thao;Trắng Starlight;No;0;0;2026-04-11;;;https://www.thegioididong.com/dong-ho-thong-minh/apple-watch-se-2-44mm-vien-nhom-day-silicone;DEBUG_OOS_Apple Watch SE 2 GPS 44mm viền nhôm dây thể thao_Trắng Starlight_114953.png
Apple Watch Series 10 GPS 42mm viền nhôm dây vải;Đen bóng;No;0;0;2026-04-11;;;https://www.thegioididong.com/dong-ho-thong-minh/apple-watch-series-10-42mm-day-vai;DEBUG_OOS_Apple Watch Series 10 GPS 42mm viền nhôm dây vải_Đen bóng_114955.png
Apple Watch Series 10 GPS + Cellular 46mm viền nhôm dây vải;46mm;Yes;14090000;12590000;2026-04-11;Khuyến mãi                      Giá và khuyến mãi dự kiến áp dụng đến 23:59 | 30/04                                                                         1                                              Tặng Phiếu mua hàng Đồng hồ Định vị trẻ em trị giá 100.000đ                                                            2                                              Giảm thêm 500,000đ từ phiếu mua hàng được tặng khi mua iPhone                                                            3                                              NHẬN HOÀN NGAY ĐẾN 800.000đ khi mở thẻ tín dụng VPBANK MWG  (Xem chi tiết tại đây);;https://www.thegioididong.com/dong-ho-thong-minh/apple-watch-series-10-lte-42mm-day-vai;Skipped
Apple Watch Series 10 GPS 42mm viền nhôm dây vải;Trắng Starlight;No;0;10790182;2026-04-11;Khuyến mãi                      Giá và khuyến mãi dự kiến áp dụng đến 23:59 | 30/04                                                                         1                                              Tặng Phiếu mua hàng Đồng hồ Định vị trẻ em trị giá 100.000đ                                                            2                                              Giảm thêm 500,000đ từ phiếu mua hàng được tặng khi mua iPhone                                                            3                                              NHẬN HOÀN NGAY ĐẾN 800.000đ khi mở thẻ tín dụng VPBANK MWG  (Xem chi tiết tại đây);;https://www.thegioididong.com/dong-ho-thong-minh/apple-watch-series-10-42mm-day-vai;DEBUG_OOS_Apple Watch Series 10 GPS 42mm viền nhôm dây vải_Trắng Starlight_114958.png
Apple Watch Series 11 GPS 42mm viền nhôm dây thể thao;42mm;Yes;11490000;10990000;2026-04-11;Khuyến mãi                      Giá và khuyến mãi dự kiến áp dụng đến 23:59 | 12/04                                                                         1                                              Tặng Phiếu mua hàng Đồng hồ Định vị trẻ em trị giá 100.000đ                                                            2                                              Giảm thêm 500,000đ từ phiếu mua hàng được tặng khi mua iPhone                                                            3                                              NHẬN HOÀN NGAY ĐẾN 800.000đ khi mở thẻ tín dụng VPBANK MWG  (Xem chi tiết tại đây);;https://www.thegioididong.com/dong-ho-thong-minh/apple-watch-series-11-42mm-vien-nhom-day-the-thao;Skipped
Apple Watch Series 10 GPS + Cellular 42mm viền nhôm dây vải;42mm;Yes;13290000;11290000;2026-04-11;Khuyến mãi                      Giá và khuyến mãi dự kiến áp dụng đến 23:59 | 30/04                                                                         1                                              Tặng Phiếu mua hàng Đồng hồ Định vị trẻ em trị giá 100.000đ                                                            2                                              Giảm thêm 500,000đ từ phiếu mua hàng được tặng khi mua iPhone                                                            3                                              NHẬN HOÀN NGAY ĐẾN 800.000đ khi mở thẻ tín dụng VPBANK MWG  (Xem chi tiết tại đây);;https://www.thegioididong.com/dong-ho-thong-minh/apple-watch-series-10-lte-42mm-day-vai;Skipped
Apple Watch Series 11 GPS + Cellular 42m viền Titanium dây thể thao;42mm;Yes;20990000;20490000;2026-04-11;Khuyến mãi                      Giá và khuyến mãi dự kiến áp dụng đến 23:59 | 30/04                                                                         1                                              Tặng Phiếu mua hàng Đồng hồ Định vị trẻ em trị giá 100.000đ                                                            2                                              Giảm thêm 500,000đ từ phiếu mua hàng được tặng khi mua iPhone                                                            3                                              NHẬN HOÀN NGAY ĐẾN 800.000đ khi mở thẻ tín dụng VPBANK MWG  (Xem chi tiết tại đây);;https://www.thegioididong.com/dong-ho-thong-minh/apple-watch-series-11-gps-cellular-42m-vien-titanium-day-the-thao;Skipped
Apple Watch Series 11 GPS 46mm viền nhôm dây thể thao;46mm;Yes;12350000;11990000;2026-04-11;Khuyến mãi                      Giá và khuyến mãi dự kiến áp dụng đến 23:59 | 30/04                                                                         1                                              Tặng Phiếu mua hàng Đồng hồ Định vị trẻ em trị giá 100.000đ                                                            2                                              Giảm thêm 500,000đ từ phiếu mua hàng được tặng khi mua iPhone                                                            3                                              NHẬN HOÀN NGAY ĐẾN 800.000đ khi mở thẻ tín dụng VPBANK MWG  (Xem chi tiết tại đây);;https://www.thegioididong.com/dong-ho-thong-minh/apple-watch-series-11-42mm-vien-nhom-day-the-thao;Skipped
Apple Watch Series 10 GPS + Cellular 46mm viền nhôm dây vải;46mm;Yes;14090000;12590000;2026-04-11;Khuyến mãi                      Giá và khuyến mãi dự kiến áp dụng đến 23:59 | 30/04                                                                         1                                              Tặng Phiếu mua hàng Đồng hồ Định vị trẻ em trị giá 100.000đ                                                            2                                              Giảm thêm 500,000đ từ phiếu mua hàng được tặng khi mua iPhone                                                            3                                              NHẬN HOÀN NGAY ĐẾN 800.000đ khi mở thẻ tín dụng VPBANK MWG  (Xem chi tiết tại đây);;https://www.thegioididong.com/dong-ho-thong-minh/apple-watch-series-10-lte-42mm-day-vai;Skipped
Apple Watch Series 11 GPS 46mm viền nhôm dây thể thao;Xám;Yes;12350000;11990000;2026-04-11;Khuyến mãi                      Giá và khuyến mãi dự kiến áp dụng đến 23:59 | 30/04                                                                         1                                              Tặng Phiếu mua hàng Đồng hồ Định vị trẻ em trị giá 100.000đ                                                            2                                              Giảm thêm 500,000đ từ phiếu mua hàng được tặng khi mua iPhone                                                            3                                              NHẬN HOÀN NGAY ĐẾN 800.000đ khi mở thẻ tín dụng VPBANK MWG  (Xem chi tiết tại đây);;https://www.thegioididong.com/dong-ho-thong-minh/apple-watch-series-11-42mm-vien-nhom-day-the-thao;Skipped
Apple Watch Series 11 GPS + Cellular 46mm viền Titanium dây thể thao;46mm;Yes;22490000;22190000;2026-04-11;Khuyến mãi                      Giá và khuyến mãi dự kiến áp dụng đến 23:59 | 30/04                                                                         1                                              Tặng Phiếu mua hàng Đồng hồ Định vị trẻ em trị giá 100.000đ                                                            2                                              Giảm thêm 500,000đ từ phiếu mua hàng được tặng khi mua iPhone                                                            3                                              NHẬN HOÀN NGAY ĐẾN 800.000đ khi mở thẻ tín dụng VPBANK MWG  (Xem chi tiết tại đây);;https://www.thegioididong.com/dong-ho-thong-minh/apple-watch-series-11-gps-cellular-42m-vien-titanium-day-the-thao;Skipped
Apple Watch Series 10 GPS 42mm viền nhôm dây vải;Bạc;No;0;0;2026-04-11;;;https://www.thegioididong.com/dong-ho-thong-minh/apple-watch-series-10-42mm-day-vai;DEBUG_OOS_Apple Watch Series 10 GPS 42mm viền nhôm dây vải_Bạc_115006.png
Apple Watch Series 11 GPS 46mm viền nhôm dây thể thao;Đen bóng;Yes;12350000;11990000;2026-04-11;Khuyến mãi                      Giá và khuyến mãi dự kiến áp dụng đến 23:59 | 30/04                                                                         1                                              Tặng Phiếu mua hàng Đồng hồ Định vị trẻ em trị giá 100.000đ                                                            2                                              Giảm thêm 500,000đ từ phiếu mua hàng được tặng khi mua iPhone                                                            3                                              NHẬN HOÀN NGAY ĐẾN 800.000đ khi mở thẻ tín dụng VPBANK MWG  (Xem chi tiết tại đây);;https://www.thegioididong.com/dong-ho-thong-minh/apple-watch-series-11-42mm-vien-nhom-day-the-thao;Skipped
Apple Watch Series 11 GPS + Cellular 42m viền Titanium dây thể thao;42mm;Yes;20990000;20490000;2026-04-11;Khuyến mãi                      Giá và khuyến mãi dự kiến áp dụng đến 23:59 | 30/04                                                                         1                                              Tặng Phiếu mua hàng Đồng hồ Định vị trẻ em trị giá 100.000đ                                                            2                                              Giảm thêm 500,000đ từ phiếu mua hàng được tặng khi mua iPhone                                                            3                                              NHẬN HOÀN NGAY ĐẾN 800.000đ khi mở thẻ tín dụng VPBANK MWG  (Xem chi tiết tại đây);;https://www.thegioididong.com/dong-ho-thong-minh/apple-watch-series-11-gps-cellular-42m-vien-titanium-day-the-thao;Skipped
Apple Watch Series 10 GPS 42mm viền nhôm dây vải;Vàng Hồng;No;0;0;2026-04-11;;;https://www.thegioididong.com/dong-ho-thong-minh/apple-watch-series-10-42mm-day-vai;DEBUG_OOS_Apple Watch Series 10 GPS 42mm viền nhôm dây vải_Vàng Hồng_115013.png
Apple Watch Series 11 GPS 46mm viền nhôm dây thể thao;Vàng Hồng;Yes;12350000;11990000;2026-04-11;Khuyến mãi                      Giá và khuyến mãi dự kiến áp dụng đến 23:59 | 30/04                                                                         1                                              Tặng Phiếu mua hàng Đồng hồ Định vị trẻ em trị giá 100.000đ                                                            2                                              Giảm thêm 500,000đ từ phiếu mua hàng được tặng khi mua iPhone                                                            3                                              NHẬN HOÀN NGAY ĐẾN 800.000đ khi mở thẻ tín dụng VPBANK MWG  (Xem chi tiết tại đây);;https://www.thegioididong.com/dong-ho-thong-minh/apple-watch-series-11-42mm-vien-nhom-day-the-thao;Skipped
Apple Watch Series 11 GPS + Cellular 46mm viền Titanium dây thể thao;46mm;Yes;22490000;22190000;2026-04-11;Khuyến mãi                      Giá và khuyến mãi dự kiến áp dụng đến 23:59 | 30/04                                                                         1                                              Tặng Phiếu mua hàng Đồng hồ Định vị trẻ em trị giá 100.000đ                                                            2                                              Giảm thêm 500,000đ từ phiếu mua hàng được tặng khi mua iPhone                                                            3                                              NHẬN HOÀN NGAY ĐẾN 800.000đ khi mở thẻ tín dụng VPBANK MWG  (Xem chi tiết tại đây);;https://www.thegioididong.com/dong-ho-thong-minh/apple-watch-series-11-gps-cellular-42m-vien-titanium-day-the-thao;Skipped
Apple Watch Series 11 GPS + Cellular 46mm viền Titanium dây thể thao;Titan vàng;Yes;22490000;22190000;2026-04-11;Khuyến mãi                      Giá và khuyến mãi dự kiến áp dụng đến 23:59 | 30/04                                                                         1                                              Tặng Phiếu mua hàng Đồng hồ Định vị trẻ em trị giá 100.000đ                                                            2                                              Giảm thêm 500,000đ từ phiếu mua hàng được tặng khi mua iPhone                                                            3                                              NHẬN HOÀN NGAY ĐẾN 800.000đ khi mở thẻ tín dụng VPBANK MWG  (Xem chi tiết tại đây);;https://www.thegioididong.com/dong-ho-thong-minh/apple-watch-series-11-gps-cellular-42m-vien-titanium-day-the-thao;Skipped
Apple Watch Series 11 GPS + Cellular 42mm viền nhôm dây thể thao;42mm;Yes;14490000;14090000;2026-04-11;Khuyến mãi                      Giá và khuyến mãi dự kiến áp dụng đến 23:59 | 30/04                                                                         1                                              Tặng Phiếu mua hàng Đồng hồ Định vị trẻ em trị giá 100.000đ                                                            2                                              Giảm thêm 500,000đ từ phiếu mua hàng được tặng khi mua iPhone                                                            3                                              NHẬN HOÀN NGAY ĐẾN 800.000đ khi mở thẻ tín dụng VPBANK MWG  (Xem chi tiết tại đây);;https://www.thegioididong.com/dong-ho-thong-minh/apple-watch-series-11-gps-cellular-42mm-vien-nhom-day-the-thao;Skipped
Apple Watch Series 11 GPS 42mm viền nhôm dây thể thao;42mm;Yes;11490000;10990000;2026-04-11;Khuyến mãi                      Giá và khuyến mãi dự kiến áp dụng đến 23:59 | 12/04                                                                         1                                              Tặng Phiếu mua hàng Đồng hồ Định vị trẻ em trị giá 100.000đ                                                            2                                              Giảm thêm 500,000đ từ phiếu mua hàng được tặng khi mua iPhone                                                            3                                              NHẬN HOÀN NGAY ĐẾN 800.000đ khi mở thẻ tín dụng VPBANK MWG  (Xem chi tiết tại đây);;https://www.thegioididong.com/dong-ho-thong-minh/apple-watch-series-11-42mm-vien-nhom-day-the-thao;Skipped
Apple Watch Series 10 GPS 42mm viền nhôm dây vải;Đen bóng;No;0;0;2026-04-11;;;https://www.thegioididong.com/dong-ho-thong-minh/apple-watch-series-10-42mm-day-vai;DEBUG_OOS_Apple Watch Series 10 GPS 42mm viền nhôm dây vải_Đen bóng_115019.png
Apple Watch Series 11 GPS + Cellular 46mm viền Titanium dây thể thao;Titan tự nhiên;Yes;22490000;22190000;2026-04-11;Khuyến mãi                      Giá và khuyến mãi dự kiến áp dụng đến 23:59 | 30/04                                                                         1                                              Tặng Phiếu mua hàng Đồng hồ Định vị trẻ em trị giá 100.000đ                                                            2                                              Giảm thêm 500,000đ từ phiếu mua hàng được tặng khi mua iPhone                                                            3                                              NHẬN HOÀN NGAY ĐẾN 800.000đ khi mở thẻ tín dụng VPBANK MWG  (Xem chi tiết tại đây);;https://www.thegioididong.com/dong-ho-thong-minh/apple-watch-series-11-gps-cellular-42m-vien-titanium-day-the-thao;Skipped
Apple Watch Series 11 GPS 46mm viền nhôm dây thể thao;46mm;Yes;12350000;11990000;2026-04-11;Khuyến mãi                      Giá và khuyến mãi dự kiến áp dụng đến 23:59 | 30/04                                                                         1                                              Tặng Phiếu mua hàng Đồng hồ Định vị trẻ em trị giá 100.000đ                                                            2                                              Giảm thêm 500,000đ từ phiếu mua hàng được tặng khi mua iPhone                                                            3                                              NHẬN HOÀN NGAY ĐẾN 800.000đ khi mở thẻ tín dụng VPBANK MWG  (Xem chi tiết tại đây);;https://www.thegioididong.com/dong-ho-thong-minh/apple-watch-series-11-42mm-vien-nhom-day-the-thao;Skipped
Apple Watch Series 10 GPS 42mm viền nhôm dây vải;Trắng Starlight;No;0;10790182;2026-04-11;Khuyến mãi                      Giá và khuyến mãi dự kiến áp dụng đến 23:59 | 30/04                                                                         1                                              Tặng Phiếu mua hàng Đồng hồ Định vị trẻ em trị giá 100.000đ                                                            2                                              Giảm thêm 500,000đ từ phiếu mua hàng được tặng khi mua iPhone                                                            3                                              NHẬN HOÀN NGAY ĐẾN 800.000đ khi mở thẻ tín dụng VPBANK MWG  (Xem chi tiết tại đây);;https://www.thegioididong.com/dong-ho-thong-minh/apple-watch-series-10-42mm-day-vai;DEBUG_OOS_Apple Watch Series 10 GPS 42mm viền nhôm dây vải_Trắng Starlight_115022.png
Apple Watch Series 11 GPS + Cellular 46mm viền nhôm dây thể thao;46mm;Yes;15350000;14990000;2026-04-11;Khuyến mãi                      Giá và khuyến mãi dự kiến áp dụng đến 23:59 | 30/04                                                                         1                                              Tặng Phiếu mua hàng Đồng hồ Định vị trẻ em trị giá 100.000đ                                                            2                                              Giảm thêm 500,000đ từ phiếu mua hàng được tặng khi mua iPhone                                                            3                                              NHẬN HOÀN NGAY ĐẾN 800.000đ khi mở thẻ tín dụng VPBANK MWG  (Xem chi tiết tại đây);;https://www.thegioididong.com/dong-ho-thong-minh/apple-watch-series-11-gps-cellular-42mm-vien-nhom-day-the-thao;Skipped
Apple Watch Series 11 GPS 46mm viền nhôm dây thể thao;Xám;Yes;12350000;11990000;2026-04-11;Khuyến mãi                      Giá và khuyến mãi dự kiến áp dụng đến 23:59 | 30/04                                                                         1                                              Tặng Phiếu mua hàng Đồng hồ Định vị trẻ em trị giá 100.000đ                                                            2                                              Giảm thêm 500,000đ từ phiếu mua hàng được tặng khi mua iPhone                                                            3                                              NHẬN HOÀN NGAY ĐẾN 800.000đ khi mở thẻ tín dụng VPBANK MWG  (Xem chi tiết tại đây);;https://www.thegioididong.com/dong-ho-thong-minh/apple-watch-series-11-42mm-vien-nhom-day-the-thao;Skipped
Apple Watch Series 11 GPS + Cellular 46mm viền Titanium dây thể thao;Titan xám;Yes;22490000;22190000;2026-04-11;Khuyến mãi                      Giá và khuyến mãi dự kiến áp dụng đến 23:59 | 30/04                                                                         1                                              Tặng Phiếu mua hàng Đồng hồ Định vị trẻ em trị giá 100.000đ                                                            2                                              Giảm thêm 500,000đ từ phiếu mua hàng được tặng khi mua iPhone                                                            3                                              NHẬN HOÀN NGAY ĐẾN 800.000đ khi mở thẻ tín dụng VPBANK MWG  (Xem chi tiết tại đây);;https://www.thegioididong.com/dong-ho-thong-minh/apple-watch-series-11-gps-cellular-42m-vien-titanium-day-the-thao;Skipped
Apple Watch Series 11 GPS 46mm viền nhôm dây thể thao;Đen bóng;Yes;12350000;11990000;2026-04-11;Khuyến mãi                      Giá và khuyến mãi dự kiến áp dụng đến 23:59 | 30/04                                                                         1                                              Tặng Phiếu mua hàng Đồng hồ Định vị trẻ em trị giá 100.000đ                                                            2                                              Giảm thêm 500,000đ từ phiếu mua hàng được tặng khi mua iPhone                                                            3                                              NHẬN HOÀN NGAY ĐẾN 800.000đ khi mở thẻ tín dụng VPBANK MWG  (Xem chi tiết tại đây);;https://www.thegioididong.com/dong-ho-thong-minh/apple-watch-series-11-42mm-vien-nhom-day-the-thao;Skipped
Apple Watch Series 11 GPS + Cellular 42mm viền nhôm dây thể thao;42mm;Yes;14490000;14090000;2026-04-11;Khuyến mãi                      Giá và khuyến mãi dự kiến áp dụng đến 23:59 | 30/04                                                                         1                                              Tặng Phiếu mua hàng Đồng hồ Định vị trẻ em trị giá 100.000đ                                                            2                                              Giảm thêm 500,000đ từ phiếu mua hàng được tặng khi mua iPhone                                                            3                                              NHẬN HOÀN NGAY ĐẾN 800.000đ khi mở thẻ tín dụng VPBANK MWG  (Xem chi tiết tại đây);;https://www.thegioididong.com/dong-ho-thong-minh/apple-watch-series-11-gps-cellular-42mm-vien-nhom-day-the-thao;Skipped
Apple Watch Series 11 GPS 46mm viền nhôm dây thể thao;Vàng Hồng;Yes;12350000;11990000;2026-04-11;Khuyến mãi                      Giá và khuyến mãi dự kiến áp dụng đến 23:59 | 30/04                                                                         1                                              Tặng Phiếu mua hàng Đồng hồ Định vị trẻ em trị giá 100.000đ                                                            2                                              Giảm thêm 500,000đ từ phiếu mua hàng được tặng khi mua iPhone                                                            3                                              NHẬN HOÀN NGAY ĐẾN 800.000đ khi mở thẻ tín dụng VPBANK MWG  (Xem chi tiết tại đây);;https://www.thegioididong.com/dong-ho-thong-minh/apple-watch-series-11-42mm-vien-nhom-day-the-thao;Skipped
Apple Watch Series 10 GPS 42mm viền nhôm dây vải;Bạc;No;0;0;2026-04-11;;;https://www.thegioididong.com/dong-ho-thong-minh/apple-watch-series-10-42mm-day-vai;DEBUG_OOS_Apple Watch Series 10 GPS 42mm viền nhôm dây vải_Bạc_115031.png
Apple Watch Series 11 GPS + Cellular 46mm viền nhôm dây thể thao;46mm;Yes;15350000;14990000;2026-04-11;Khuyến mãi                      Giá và khuyến mãi dự kiến áp dụng đến 23:59 | 30/04                                                                         1                                              Tặng Phiếu mua hàng Đồng hồ Định vị trẻ em trị giá 100.000đ                                                            2                                              Giảm thêm 500,000đ từ phiếu mua hàng được tặng khi mua iPhone                                                            3                                              NHẬN HOÀN NGAY ĐẾN 800.000đ khi mở thẻ tín dụng VPBANK MWG  (Xem chi tiết tại đây);;https://www.thegioididong.com/dong-ho-thong-minh/apple-watch-series-11-gps-cellular-42mm-vien-nhom-day-the-thao;Skipped
Apple Watch Series 11 GPS + Cellular 42mm viền Titanium dây Milan;42mm;Yes;22490000;21790000;2026-04-11;Khuyến mãi                      Giá và khuyến mãi dự kiến áp dụng đến 23:59 | 30/04                                                                         1                                              Tặng Phiếu mua hàng Đồng hồ Định vị trẻ em trị giá 100.000đ                                                            2                                              Giảm thêm 500,000đ từ phiếu mua hàng được tặng khi mua iPhone                                                            3                                              NHẬN HOÀN NGAY ĐẾN 800.000đ khi mở thẻ tín dụng VPBANK MWG  (Xem chi tiết tại đây);;https://www.thegioididong.com/dong-ho-thong-minh/apple-watch-series-11-gps-cellular-42mm-vien-titanium-day-milan;Skipped
Apple Watch Series 11 GPS + Cellular 46mm viền nhôm dây thể thao;Đen bóng;Yes;15350000;14990000;2026-04-11;Khuyến mãi                      Giá và khuyến mãi dự kiến áp dụng đến 23:59 | 30/04                                                                         1                                              Tặng Phiếu mua hàng Đồng hồ Định vị trẻ em trị giá 100.000đ                                                            2                                              Giảm thêm 500,000đ từ phiếu mua hàng được tặng khi mua iPhone                                                            3                                              NHẬN HOÀN NGAY ĐẾN 800.000đ khi mở thẻ tín dụng VPBANK MWG  (Xem chi tiết tại đây);;https://www.thegioididong.com/dong-ho-thong-minh/apple-watch-series-11-gps-cellular-42mm-vien-nhom-day-the-thao;Skipped
Apple Watch Series 11 GPS + Cellular 46mm viền Titanium dây Milan;46mm;Yes;23990000;23590000;2026-04-11;Khuyến mãi                      Giá và khuyến mãi dự kiến áp dụng đến 23:59 | 30/04                                                                         1                                              Tặng Phiếu mua hàng Đồng hồ Định vị trẻ em trị giá 100.000đ                                                            2                                              Giảm thêm 500,000đ từ phiếu mua hàng được tặng khi mua iPhone                                                            3                                              NHẬN HOÀN NGAY ĐẾN 800.000đ khi mở thẻ tín dụng VPBANK MWG  (Xem chi tiết tại đây);;https://www.thegioididong.com/dong-ho-thong-minh/apple-watch-series-11-gps-cellular-42mm-vien-titanium-day-milan;Skipped
Apple Watch Series 11 GPS 42mm viền nhôm dây thể thao;42mm;Yes;11490000;10990000;2026-04-11;Khuyến mãi                      Giá và khuyến mãi dự kiến áp dụng đến 23:59 | 12/04                                                                         1                                              Tặng Phiếu mua hàng Đồng hồ Định vị trẻ em trị giá 100.000đ                                                            2                                              Giảm thêm 500,000đ từ phiếu mua hàng được tặng khi mua iPhone                                                            3                                              NHẬN HOÀN NGAY ĐẾN 800.000đ khi mở thẻ tín dụng VPBANK MWG  (Xem chi tiết tại đây);;https://www.thegioididong.com/dong-ho-thong-minh/apple-watch-series-11-42mm-vien-nhom-day-the-thao;Skipped
Apple Watch Series 10 GPS 42mm viền nhôm dây vải;Vàng Hồng;No;0;0;2026-04-11;;;https://www.thegioididong.com/dong-ho-thong-minh/apple-watch-series-10-42mm-day-vai;DEBUG_OOS_Apple Watch Series 10 GPS 42mm viền nhôm dây vải_Vàng Hồng_115037.png
Apple Watch Series 11 GPS + Cellular 46mm viền nhôm dây thể thao;Bạc;Yes;15350000;14990000;2026-04-11;Khuyến mãi                      Giá và khuyến mãi dự kiến áp dụng đến 23:59 | 30/04                                                                         1                                              Tặng Phiếu mua hàng Đồng hồ Định vị trẻ em trị giá 100.000đ                                                            2                                              Giảm thêm 500,000đ từ phiếu mua hàng được tặng khi mua iPhone                                                            3                                              NHẬN HOÀN NGAY ĐẾN 800.000đ khi mở thẻ tín dụng VPBANK MWG  (Xem chi tiết tại đây);;https://www.thegioididong.com/dong-ho-thong-minh/apple-watch-series-11-gps-cellular-42mm-vien-nhom-day-the-thao;Skipped
Apple Watch Series 11 GPS + Cellular 46mm viền Titanium dây Milan;Titan xám;Yes;23990000;23590000;2026-04-11;Khuyến mãi                      Giá và khuyến mãi dự kiến áp dụng đến 23:59 | 30/04                                                                         1                                              Tặng Phiếu mua hàng Đồng hồ Định vị trẻ em trị giá 100.000đ                                                            2                                              Giảm thêm 500,000đ từ phiếu mua hàng được tặng khi mua iPhone                                                            3                                              NHẬN HOÀN NGAY ĐẾN 800.000đ khi mở thẻ tín dụng VPBANK MWG  (Xem chi tiết tại đây);;https://www.thegioididong.com/dong-ho-thong-minh/apple-watch-series-11-gps-cellular-42mm-vien-titanium-day-milan;Skipped
Apple Watch Series 11 GPS 46mm viền nhôm dây thể thao;46mm;Yes;12350000;11990000;2026-04-11;Khuyến mãi                      Giá và khuyến mãi dự kiến áp dụng đến 23:59 | 30/04                                                                         1                                              Tặng Phiếu mua hàng Đồng hồ Định vị trẻ em trị giá 100.000đ                                                            2                                              Giảm thêm 500,000đ từ phiếu mua hàng được tặng khi mua iPhone                                                            3                                              NHẬN HOÀN NGAY ĐẾN 800.000đ khi mở thẻ tín dụng VPBANK MWG  (Xem chi tiết tại đây);;https://www.thegioididong.com/dong-ho-thong-minh/apple-watch-series-11-42mm-vien-nhom-day-the-thao;Skipped
Apple Watch Series 11 GPS + Cellular 46mm viền nhôm dây thể thao;Xám;Yes;15350000;14990000;2026-04-11;Khuyến mãi                      Giá và khuyến mãi dự kiến áp dụng đến 23:59 | 30/04                                                                         1                                              Tặng Phiếu mua hàng Đồng hồ Định vị trẻ em trị giá 100.000đ                                                            2                                              Giảm thêm 500,000đ từ phiếu mua hàng được tặng khi mua iPhone                                                            3                                              NHẬN HOÀN NGAY ĐẾN 800.000đ khi mở thẻ tín dụng VPBANK MWG  (Xem chi tiết tại đây);;https://www.thegioididong.com/dong-ho-thong-minh/apple-watch-series-11-gps-cellular-42mm-vien-nhom-day-the-thao;Skipped
Apple Watch Series 11 GPS 46mm viền nhôm dây thể thao;Xám;Yes;12350000;11990000;2026-04-11;Khuyến mãi                      Giá và khuyến mãi dự kiến áp dụng đến 23:59 | 30/04                                                                         1                                              Tặng Phiếu mua hàng Đồng hồ Định vị trẻ em trị giá 100.000đ                                                            2                                              Giảm thêm 500,000đ từ phiếu mua hàng được tặng khi mua iPhone                                                            3                                              NHẬN HOÀN NGAY ĐẾN 800.000đ khi mở thẻ tín dụng VPBANK MWG  (Xem chi tiết tại đây);;https://www.thegioididong.com/dong-ho-thong-minh/apple-watch-series-11-42mm-vien-nhom-day-the-thao;Skipped
Apple Watch Series 11 GPS + Cellular 46mm viền Titanium dây Milan;Titan vàng;Yes;23990000;23590000;2026-04-11;Khuyến mãi                      Giá và khuyến mãi dự kiến áp dụng đến 23:59 | 30/04                                                                         1                                              Tặng Phiếu mua hàng Đồng hồ Định vị trẻ em trị giá 100.000đ                                                            2                                              Giảm thêm 500,000đ từ phiếu mua hàng được tặng khi mua iPhone                                                            3                                              NHẬN HOÀN NGAY ĐẾN 800.000đ khi mở thẻ tín dụng VPBANK MWG  (Xem chi tiết tại đây);;https://www.thegioididong.com/dong-ho-thong-minh/apple-watch-series-11-gps-cellular-42mm-vien-titanium-day-milan;Skipped
Apple Watch Series 10 GPS 42mm viền nhôm dây vải;Đen bóng;No;0;0;2026-04-11;;;https://www.thegioididong.com/dong-ho-thong-minh/apple-watch-series-10-42mm-day-vai;DEBUG_OOS_Apple Watch Series 10 GPS 42mm viền nhôm dây vải_Đen bóng_115043.png
Apple Watch Series 11 GPS 46mm viền nhôm dây thể thao;Đen bóng;Yes;12350000;11990000;2026-04-11;Khuyến mãi                      Giá và khuyến mãi dự kiến áp dụng đến 23:59 | 30/04                                                                         1                                              Tặng Phiếu mua hàng Đồng hồ Định vị trẻ em trị giá 100.000đ                                                            2                                              Giảm thêm 500,000đ từ phiếu mua hàng được tặng khi mua iPhone                                                            3                                              NHẬN HOÀN NGAY ĐẾN 800.000đ khi mở thẻ tín dụng VPBANK MWG  (Xem chi tiết tại đây);;https://www.thegioididong.com/dong-ho-thong-minh/apple-watch-series-11-42mm-vien-nhom-day-the-thao;Skipped
Apple Watch Series 10 GPS 42mm viền nhôm dây vải;Trắng Starlight;No;0;10790182;2026-04-11;Khuyến mãi                      Giá và khuyến mãi dự kiến áp dụng đến 23:59 | 30/04                                                                         1                                              Tặng Phiếu mua hàng Đồng hồ Định vị trẻ em trị giá 100.000đ                                                            2                                              Giảm thêm 500,000đ từ phiếu mua hàng được tặng khi mua iPhone                                                            3                                              NHẬN HOÀN NGAY ĐẾN 800.000đ khi mở thẻ tín dụng VPBANK MWG  (Xem chi tiết tại đây);;https://www.thegioididong.com/dong-ho-thong-minh/apple-watch-series-10-42mm-day-vai;DEBUG_OOS_Apple Watch Series 10 GPS 42mm viền nhôm dây vải_Trắng Starlight_115046.png
Apple Watch Series 11 GPS + Cellular 42mm viền Titanium dây Milan;42mm;Yes;22490000;21790000;2026-04-11;Khuyến mãi                      Giá và khuyến mãi dự kiến áp dụng đến 23:59 | 30/04                                                                         1                                              Tặng Phiếu mua hàng Đồng hồ Định vị trẻ em trị giá 100.000đ                                                            2                                              Giảm thêm 500,000đ từ phiếu mua hàng được tặng khi mua iPhone                                                            3                                              NHẬN HOÀN NGAY ĐẾN 800.000đ khi mở thẻ tín dụng VPBANK MWG  (Xem chi tiết tại đây);;https://www.thegioididong.com/dong-ho-thong-minh/apple-watch-series-11-gps-cellular-42mm-vien-titanium-day-milan;Skipped
Apple Watch Series 11 GPS 46mm viền nhôm dây thể thao;Vàng Hồng;Yes;12350000;11990000;2026-04-11;Khuyến mãi                      Giá và khuyến mãi dự kiến áp dụng đến 23:59 | 30/04                                                                         1                                              Tặng Phiếu mua hàng Đồng hồ Định vị trẻ em trị giá 100.000đ                                                            2                                              Giảm thêm 500,000đ từ phiếu mua hàng được tặng khi mua iPhone                                                            3                                              NHẬN HOÀN NGAY ĐẾN 800.000đ khi mở thẻ tín dụng VPBANK MWG  (Xem chi tiết tại đây);;https://www.thegioididong.com/dong-ho-thong-minh/apple-watch-series-11-42mm-vien-nhom-day-the-thao;Skipped
Apple Watch Ultra 2 GPS + Cellular 49mm viền Titanium đen dây Alpine;Default/Unknown;No;0;0;2026-04-11;;;https://www.thegioididong.com/dong-ho-thong-minh/apple-watch-ultra-2-gps-cellular-49mm-vien-titanium-den-day-alpine;DEBUG_OOS_Apple Watch Ultra 2 GPS + Cellular 49mm viền Titanium đen dây Alpine_Default/Unknown_115048.png
Apple Watch Series 11 GPS + Cellular 46mm viền Titanium dây Milan;46mm;Yes;23990000;23590000;2026-04-11;Khuyến mãi                      Giá và khuyến mãi dự kiến áp dụng đến 23:59 | 30/04                                                                         1                                              Tặng Phiếu mua hàng Đồng hồ Định vị trẻ em trị giá 100.000đ                                                            2                                              Giảm thêm 500,000đ từ phiếu mua hàng được tặng khi mua iPhone                                                            3                                              NHẬN HOÀN NGAY ĐẾN 800.000đ khi mở thẻ tín dụng VPBANK MWG  (Xem chi tiết tại đây);;https://www.thegioididong.com/dong-ho-thong-minh/apple-watch-series-11-gps-cellular-42mm-vien-titanium-day-milan;Skipped
Apple Watch Series 11 GPS + Cellular 46mm viền Titanium dây Milan;Titan xám;Yes;23990000;23590000;2026-04-11;Khuyến mãi                      Giá và khuyến mãi dự kiến áp dụng đến 23:59 | 30/04                                                                         1                                              Tặng Phiếu mua hàng Đồng hồ Định vị trẻ em trị giá 100.000đ                                                            2                                              Giảm thêm 500,000đ từ phiếu mua hàng được tặng khi mua iPhone                                                            3                                              NHẬN HOÀN NGAY ĐẾN 800.000đ khi mở thẻ tín dụng VPBANK MWG  (Xem chi tiết tại đây);;https://www.thegioididong.com/dong-ho-thong-minh/apple-watch-series-11-gps-cellular-42mm-vien-titanium-day-milan;Skipped
Apple Watch Series 11 GPS 42mm viền nhôm dây thể thao;42mm;Yes;11490000;10990000;2026-04-11;Khuyến mãi                      Giá và khuyến mãi dự kiến áp dụng đến 23:59 | 12/04                                                                         1                                              Tặng Phiếu mua hàng Đồng hồ Định vị trẻ em trị giá 100.000đ                                                            2                                              Giảm thêm 500,000đ từ phiếu mua hàng được tặng khi mua iPhone                                                            3                                              NHẬN HOÀN NGAY ĐẾN 800.000đ khi mở thẻ tín dụng VPBANK MWG  (Xem chi tiết tại đây);;https://www.thegioididong.com/dong-ho-thong-minh/apple-watch-series-11-42mm-vien-nhom-day-the-thao;Skipped
Apple Watch Series 11 GPS + Cellular 46mm viền Titanium dây Milan;Titan vàng;Yes;23990000;23590000;2026-04-11;Khuyến mãi                      Giá và khuyến mãi dự kiến áp dụng đến 23:59 | 30/04                                                                         1                                              Tặng Phiếu mua hàng Đồng hồ Định vị trẻ em trị giá 100.000đ                                                            2                                              Giảm thêm 500,000đ từ phiếu mua hàng được tặng khi mua iPhone                                                            3                                              NHẬN HOÀN NGAY ĐẾN 800.000đ khi mở thẻ tín dụng VPBANK MWG  (Xem chi tiết tại đây);;https://www.thegioididong.com/dong-ho-thong-minh/apple-watch-series-11-gps-cellular-42mm-vien-titanium-day-milan;Skipped
Apple Watch Ultra 3 GPS + Cellular 49mm viền Titanium dây Alpine;Titan tự nhiên;No;23990000;23490000;2026-04-11;Khuyến mãi                      Giá và khuyến mãi dự kiến áp dụng đến 23:59 | 30/04                                                                         1                                              Tặng Phiếu mua hàng Đồng hồ Định vị trẻ em trị giá 100.000đ                                                            2                                              Giảm thêm 500,000đ từ phiếu mua hàng được tặng khi mua iPhone                                                            3                                              NHẬN HOÀN NGAY ĐẾN 800.000đ khi mở thẻ tín dụng VPBANK MWG  (Xem chi tiết tại đây);;https://www.thegioididong.com/dong-ho-thong-minh/apple-watch-ultra-3-gps-cellular-49mm-vien-titanium-day-alpine;DEBUG_OOS_Apple Watch Ultra 3 GPS + Cellular 49mm viền Titanium dây Alpine_Titan tự nhiên_115056.png
Apple Watch Series 11 GPS 46mm viền nhôm dây thể thao;46mm;Yes;12350000;11990000;2026-04-11;Khuyến mãi                      Giá và khuyến mãi dự kiến áp dụng đến 23:59 | 30/04                                                                         1                                              Tặng Phiếu mua hàng Đồng hồ Định vị trẻ em trị giá 100.000đ                                                            2                                              Giảm thêm 500,000đ từ phiếu mua hàng được tặng khi mua iPhone                                                            3                                              NHẬN HOÀN NGAY ĐẾN 800.000đ khi mở thẻ tín dụng VPBANK MWG  (Xem chi tiết tại đây);;https://www.thegioididong.com/dong-ho-thong-minh/apple-watch-series-11-42mm-vien-nhom-day-the-thao;Skipped
Apple Watch Ultra 2 GPS + Cellular 49mm viền Titanium dây Ocean;Xanh Dương;No;0;0;2026-04-11;;;https://www.thegioididong.com/dong-ho-thong-minh/apple-watch-ultra-2-lte-49mm-vien-titanium-day-ocean;DEBUG_OOS_Apple Watch Ultra 2 GPS + Cellular 49mm viền Titanium dây Ocean_Xanh Dương_115057.png
Apple Watch Series 11 GPS 46mm viền nhôm dây thể thao;Xám;Yes;12350000;11990000;2026-04-11;Khuyến mãi                      Giá và khuyến mãi dự kiến áp dụng đến 23:59 | 30/04                                                                         1                                              Tặng Phiếu mua hàng Đồng hồ Định vị trẻ em trị giá 100.000đ                                                            2                                              Giảm thêm 500,000đ từ phiếu mua hàng được tặng khi mua iPhone                                                            3                                              NHẬN HOÀN NGAY ĐẾN 800.000đ khi mở thẻ tín dụng VPBANK MWG  (Xem chi tiết tại đây);;https://www.thegioididong.com/dong-ho-thong-minh/apple-watch-series-11-42mm-vien-nhom-day-the-thao;Skipped
Apple Watch Ultra 3 GPS + Cellular 49mm viền Titanium dây Alpine;Titan đen;No;23990000;23490000;2026-04-11;Khuyến mãi                      Giá và khuyến mãi dự kiến áp dụng đến 23:59 | 30/04                                                                         1                                              Tặng Phiếu mua hàng Đồng hồ Định vị trẻ em trị giá 100.000đ                                                            2                                              Giảm thêm 500,000đ từ phiếu mua hàng được tặng khi mua iPhone                                                            3                                              NHẬN HOÀN NGAY ĐẾN 800.000đ khi mở thẻ tín dụng VPBANK MWG  (Xem chi tiết tại đây);;https://www.thegioididong.com/dong-ho-thong-minh/apple-watch-ultra-3-gps-cellular-49mm-vien-titanium-day-alpine;DEBUG_OOS_Apple Watch Ultra 3 GPS + Cellular 49mm viền Titanium dây Alpine_Titan đen_115059.png
Apple Watch Series 11 GPS 46mm viền nhôm dây thể thao;Đen bóng;Yes;12350000;11990000;2026-04-11;Khuyến mãi                      Giá và khuyến mãi dự kiến áp dụng đến 23:59 | 30/04                                                                         1                                              Tặng Phiếu mua hàng Đồng hồ Định vị trẻ em trị giá 100.000đ                                                            2                                              Giảm thêm 500,000đ từ phiếu mua hàng được tặng khi mua iPhone                                                            3                                              NHẬN HOÀN NGAY ĐẾN 800.000đ khi mở thẻ tín dụng VPBANK MWG  (Xem chi tiết tại đây);;https://www.thegioididong.com/dong-ho-thong-minh/apple-watch-series-11-42mm-vien-nhom-day-the-thao;Skipped
Apple Watch Series 11 GPS + Cellular 42mm viền Titanium dây Milan;42mm;Yes;22490000;21790000;2026-04-11;Khuyến mãi                      Giá và khuyến mãi dự kiến áp dụng đến 23:59 | 30/04                                                                         1                                              Tặng Phiếu mua hàng Đồng hồ Định vị trẻ em trị giá 100.000đ                                                            2                                              Giảm thêm 500,000đ từ phiếu mua hàng được tặng khi mua iPhone                                                            3                                              NHẬN HOÀN NGAY ĐẾN 800.000đ khi mở thẻ tín dụng VPBANK MWG  (Xem chi tiết tại đây);;https://www.thegioididong.com/dong-ho-thong-minh/apple-watch-series-11-gps-cellular-42mm-vien-titanium-day-milan;Skipped
Apple Watch Ultra 2 GPS + Cellular 49mm viền Titanium dây Ocean;Cam;No;0;0;2026-04-11;;;https://www.thegioididong.com/dong-ho-thong-minh/apple-watch-ultra-2-lte-49mm-vien-titanium-day-ocean;DEBUG_OOS_Apple Watch Ultra 2 GPS + Cellular 49mm viền Titanium dây Ocean_Cam_115104.png
Apple Watch Series 11 GPS 46mm viền nhôm dây thể thao;Vàng Hồng;Yes;12350000;11990000;2026-04-11;Khuyến mãi                      Giá và khuyến mãi dự kiến áp dụng đến 23:59 | 30/04                                                                         1                                              Tặng Phiếu mua hàng Đồng hồ Định vị trẻ em trị giá 100.000đ                                                            2                                              Giảm thêm 500,000đ từ phiếu mua hàng được tặng khi mua iPhone                                                            3                                              NHẬN HOÀN NGAY ĐẾN 800.000đ khi mở thẻ tín dụng VPBANK MWG  (Xem chi tiết tại đây);;https://www.thegioididong.com/dong-ho-thong-minh/apple-watch-series-11-42mm-vien-nhom-day-the-thao;Skipped
Apple Watch Series 11 GPS + Cellular 46mm viền Titanium dây Milan;46mm;Yes;23990000;23590000;2026-04-11;Khuyến mãi                      Giá và khuyến mãi dự kiến áp dụng đến 23:59 | 30/04                                                                         1                                              Tặng Phiếu mua hàng Đồng hồ Định vị trẻ em trị giá 100.000đ                                                            2                                              Giảm thêm 500,000đ từ phiếu mua hàng được tặng khi mua iPhone                                                            3                                              NHẬN HOÀN NGAY ĐẾN 800.000đ khi mở thẻ tín dụng VPBANK MWG  (Xem chi tiết tại đây);;https://www.thegioididong.com/dong-ho-thong-minh/apple-watch-series-11-gps-cellular-42mm-vien-titanium-day-milan;Skipped
Apple Watch Ultra 3 GPS + Cellular 49mm viền Titanium dây Alpine;Titan tự nhiên;No;23990000;23490000;2026-04-11;Khuyến mãi                      Giá và khuyến mãi dự kiến áp dụng đến 23:59 | 30/04                                                                         1                                              Tặng Phiếu mua hàng Đồng hồ Định vị trẻ em trị giá 100.000đ                                                            2                                              Giảm thêm 500,000đ từ phiếu mua hàng được tặng khi mua iPhone                                                            3                                              NHẬN HOÀN NGAY ĐẾN 800.000đ khi mở thẻ tín dụng VPBANK MWG  (Xem chi tiết tại đây);;https://www.thegioididong.com/dong-ho-thong-minh/apple-watch-ultra-3-gps-cellular-49mm-vien-titanium-day-alpine;DEBUG_OOS_Apple Watch Ultra 3 GPS + Cellular 49mm viền Titanium dây Alpine_Titan tự nhiên_115105.png
Apple Watch Series 11 GPS + Cellular 46mm viền Titanium dây Milan;Titan xám;Yes;23990000;23590000;2026-04-11;Khuyến mãi                      Giá và khuyến mãi dự kiến áp dụng đến 23:59 | 30/04                                                                         1                                              Tặng Phiếu mua hàng Đồng hồ Định vị trẻ em trị giá 100.000đ                                                            2                                              Giảm thêm 500,000đ từ phiếu mua hàng được tặng khi mua iPhone                                                            3                                              NHẬN HOÀN NGAY ĐẾN 800.000đ khi mở thẻ tín dụng VPBANK MWG  (Xem chi tiết tại đây);;https://www.thegioididong.com/dong-ho-thong-minh/apple-watch-series-11-gps-cellular-42mm-vien-titanium-day-milan;Skipped
Apple Watch Ultra 3 GPS + Cellular 49mm viền Titanium dây Alpine;Titan đen;No;23990000;23490000;2026-04-11;Khuyến mãi                      Giá và khuyến mãi dự kiến áp dụng đến 23:59 | 30/04                                                                         1                                              Tặng Phiếu mua hàng Đồng hồ Định vị trẻ em trị giá 100.000đ                                                            2                                              Giảm thêm 500,000đ từ phiếu mua hàng được tặng khi mua iPhone                                                            3                                              NHẬN HOÀN NGAY ĐẾN 800.000đ khi mở thẻ tín dụng VPBANK MWG  (Xem chi tiết tại đây);;https://www.thegioididong.com/dong-ho-thong-minh/apple-watch-ultra-3-gps-cellular-49mm-vien-titanium-day-alpine;DEBUG_OOS_Apple Watch Ultra 3 GPS + Cellular 49mm viền Titanium dây Alpine_Titan đen_115108.png
Apple Watch Series 11 GPS 42mm viền nhôm dây thể thao;42mm;Yes;11490000;10990000;2026-04-11;Khuyến mãi                      Giá và khuyến mãi dự kiến áp dụng đến 23:59 | 12/04                                                                         1                                              Tặng Phiếu mua hàng Đồng hồ Định vị trẻ em trị giá 100.000đ                                                            2                                              Giảm thêm 500,000đ từ phiếu mua hàng được tặng khi mua iPhone                                                            3                                              NHẬN HOÀN NGAY ĐẾN 800.000đ khi mở thẻ tín dụng VPBANK MWG  (Xem chi tiết tại đây);;https://www.thegioididong.com/dong-ho-thong-minh/apple-watch-series-11-42mm-vien-nhom-day-the-thao;Skipped
Apple Watch Series 11 GPS + Cellular 46mm viền Titanium dây Milan;Titan vàng;Yes;23990000;23590000;2026-04-11;Khuyến mãi                      Giá và khuyến mãi dự kiến áp dụng đến 23:59 | 30/04                                                                         1                                              Tặng Phiếu mua hàng Đồng hồ Định vị trẻ em trị giá 100.000đ                                                            2                                              Giảm thêm 500,000đ từ phiếu mua hàng được tặng khi mua iPhone                                                            3                                              NHẬN HOÀN NGAY ĐẾN 800.000đ khi mở thẻ tín dụng VPBANK MWG  (Xem chi tiết tại đây);;https://www.thegioididong.com/dong-ho-thong-minh/apple-watch-series-11-gps-cellular-42mm-vien-titanium-day-milan;Skipped
Apple Watch Ultra 2 GPS + Cellular 49mm viền Titanium dây Ocean;Trắng;No;0;0;2026-04-11;;;https://www.thegioididong.com/dong-ho-thong-minh/apple-watch-ultra-2-lte-49mm-vien-titanium-day-ocean;DEBUG_OOS_Apple Watch Ultra 2 GPS + Cellular 49mm viền Titanium dây Ocean_Trắng_115111.png
Apple Watch Series 11 GPS 46mm viền nhôm dây thể thao;46mm;Yes;12350000;11990000;2026-04-11;Khuyến mãi                      Giá và khuyến mãi dự kiến áp dụng đến 23:59 | 30/04                                                                         1                                              Tặng Phiếu mua hàng Đồng hồ Định vị trẻ em trị giá 100.000đ                                                            2                                              Giảm thêm 500,000đ từ phiếu mua hàng được tặng khi mua iPhone                                                            3                                              NHẬN HOÀN NGAY ĐẾN 800.000đ khi mở thẻ tín dụng VPBANK MWG  (Xem chi tiết tại đây);;https://www.thegioididong.com/dong-ho-thong-minh/apple-watch-series-11-42mm-vien-nhom-day-the-thao;Skipped
Apple Watch Ultra 3 GPS + Cellular 49mm viền Titanium dây Milan;Default/Unknown;Yes;26990000;26490000;2026-04-11;Khuyến mãi                      Giá và khuyến mãi dự kiến áp dụng đến 23:59 | 30/04                                                                         1                                              Tặng Phiếu mua hàng Đồng hồ Định vị trẻ em trị giá 100.000đ                                                            2                                              Giảm thêm 500,000đ từ phiếu mua hàng được tặng khi mua iPhone                                                            3                                              NHẬN HOÀN NGAY ĐẾN 800.000đ khi mở thẻ tín dụng VPBANK MWG  (Xem chi tiết tại đây);;https://www.thegioididong.com/dong-ho-thong-minh/apple-watch-ultra-3-gps-cellular-49mm-vien-titanium-day-milan;Skipped
Apple Watch Series 11 GPS 46mm viền nhôm dây thể thao;Xám;Yes;12350000;11990000;2026-04-11;Khuyến mãi                      Giá và khuyến mãi dự kiến áp dụng đến 23:59 | 30/04                                                                         1                                              Tặng Phiếu mua hàng Đồng hồ Định vị trẻ em trị giá 100.000đ                                                            2                                              Giảm thêm 500,000đ từ phiếu mua hàng được tặng khi mua iPhone                                                            3                                              NHẬN HOÀN NGAY ĐẾN 800.000đ khi mở thẻ tín dụng VPBANK MWG  (Xem chi tiết tại đây);;https://www.thegioididong.com/dong-ho-thong-minh/apple-watch-series-11-42mm-vien-nhom-day-the-thao;Skipped
Apple Watch Series 11 GPS + Cellular 42mm viền Titanium dây Milan;42mm;Yes;22490000;21790000;2026-04-11;Khuyến mãi                      Giá và khuyến mãi dự kiến áp dụng đến 23:59 | 30/04                                                                         1                                              Tặng Phiếu mua hàng Đồng hồ Định vị trẻ em trị giá 100.000đ                                                            2                                              Giảm thêm 500,000đ từ phiếu mua hàng được tặng khi mua iPhone                                                            3                                              NHẬN HOÀN NGAY ĐẾN 800.000đ khi mở thẻ tín dụng VPBANK MWG  (Xem chi tiết tại đây);;https://www.thegioididong.com/dong-ho-thong-minh/apple-watch-series-11-gps-cellular-42mm-vien-titanium-day-milan;Skipped
Apple Watch Series 11 GPS 46mm viền nhôm dây thể thao;Đen bóng;Yes;12350000;11990000;2026-04-11;Khuyến mãi                      Giá và khuyến mãi dự kiến áp dụng đến 23:59 | 30/04                                                                         1                                              Tặng Phiếu mua hàng Đồng hồ Định vị trẻ em trị giá 100.000đ                                                            2                                              Giảm thêm 500,000đ từ phiếu mua hàng được tặng khi mua iPhone                                                            3                                              NHẬN HOÀN NGAY ĐẾN 800.000đ khi mở thẻ tín dụng VPBANK MWG  (Xem chi tiết tại đây);;https://www.thegioididong.com/dong-ho-thong-minh/apple-watch-series-11-42mm-vien-nhom-day-the-thao;Skipped
Apple Watch Series 11 GPS + Cellular 46mm viền Titanium dây Milan;46mm;Yes;23990000;23590000;2026-04-11;Khuyến mãi                      Giá và khuyến mãi dự kiến áp dụng đến 23:59 | 30/04                                                                         1                                              Tặng Phiếu mua hàng Đồng hồ Định vị trẻ em trị giá 100.000đ                                                            2                                              Giảm thêm 500,000đ từ phiếu mua hàng được tặng khi mua iPhone                                                            3                                              NHẬN HOÀN NGAY ĐẾN 800.000đ khi mở thẻ tín dụng VPBANK MWG  (Xem chi tiết tại đây);;https://www.thegioididong.com/dong-ho-thong-minh/apple-watch-series-11-gps-cellular-42mm-vien-titanium-day-milan;Skipped
Apple Watch Ultra 2 GPS + Cellular 49mm viền Titanium dây Ocean;Titan tự nhiên;No;0;0;2026-04-11;;;https://www.thegioididong.com/dong-ho-thong-minh/apple-watch-ultra-2-lte-49mm-vien-titanium-day-ocean;DEBUG_OOS_Apple Watch Ultra 2 GPS + Cellular 49mm viền Titanium dây Ocean_Titan tự nhiên_115118.png
Apple Watch Ultra 3 GPS + Cellular 49mm viền Titanium dây Ocean;Titan tự nhiên;Yes;23990000;23490000;2026-04-11;Khuyến mãi                      Giá và khuyến mãi dự kiến áp dụng đến 23:59 | 30/04                                                                         1                                              Tặng Phiếu mua hàng Đồng hồ Định vị trẻ em trị giá 100.000đ                                                            2                                              Giảm thêm 500,000đ từ phiếu mua hàng được tặng khi mua iPhone                                                            3                                              NHẬN HOÀN NGAY ĐẾN 800.000đ khi mở thẻ tín dụng VPBANK MWG  (Xem chi tiết tại đây);;https://www.thegioididong.com/dong-ho-thong-minh/apple-watch-ultra-3-gps-cellular-49mm-vien-titanium-day-ocean;Skipped
Apple Watch Series 11 GPS + Cellular 46mm viền Titanium dây Milan;Titan xám;Yes;23990000;23590000;2026-04-11;Khuyến mãi                      Giá và khuyến mãi dự kiến áp dụng đến 23:59 | 30/04                                                                         1                                              Tặng Phiếu mua hàng Đồng hồ Định vị trẻ em trị giá 100.000đ                                                            2                                              Giảm thêm 500,000đ từ phiếu mua hàng được tặng khi mua iPhone                                                            3                                              NHẬN HOÀN NGAY ĐẾN 800.000đ khi mở thẻ tín dụng VPBANK MWG  (Xem chi tiết tại đây);;https://www.thegioididong.com/dong-ho-thong-minh/apple-watch-series-11-gps-cellular-42mm-vien-titanium-day-milan;Skipped
Apple Watch Series 11 GPS 46mm viền nhôm dây thể thao;Vàng Hồng;Yes;12350000;11990000;2026-04-11;Khuyến mãi                      Giá và khuyến mãi dự kiến áp dụng đến 23:59 | 30/04                                                                         1                                              Tặng Phiếu mua hàng Đồng hồ Định vị trẻ em trị giá 100.000đ                                                            2                                              Giảm thêm 500,000đ từ phiếu mua hàng được tặng khi mua iPhone                                                            3                                              NHẬN HOÀN NGAY ĐẾN 800.000đ khi mở thẻ tín dụng VPBANK MWG  (Xem chi tiết tại đây);;https://www.thegioididong.com/dong-ho-thong-minh/apple-watch-series-11-42mm-vien-nhom-day-the-thao;Skipped
Apple Watch Series 11 GPS + Cellular 46mm viền Titanium dây Milan;Titan vàng;Yes;23990000;23590000;2026-04-11;Khuyến mãi                      Giá và khuyến mãi dự kiến áp dụng đến 23:59 | 30/04                                                                         1                                              Tặng Phiếu mua hàng Đồng hồ Định vị trẻ em trị giá 100.000đ                                                            2                                              Giảm thêm 500,000đ từ phiếu mua hàng được tặng khi mua iPhone                                                            3                                              NHẬN HOÀN NGAY ĐẾN 800.000đ khi mở thẻ tín dụng VPBANK MWG  (Xem chi tiết tại đây);;https://www.thegioididong.com/dong-ho-thong-minh/apple-watch-series-11-gps-cellular-42mm-vien-titanium-day-milan;Skipped
Apple Watch Ultra 3 GPS + Cellular 49mm viền Titanium dây Ocean;Titan đen;Yes;23990000;23490000;2026-04-11;Khuyến mãi                      Giá và khuyến mãi dự kiến áp dụng đến 23:59 | 30/04                                                                         1                                              Tặng Phiếu mua hàng Đồng hồ Định vị trẻ em trị giá 100.000đ                                                            2                                              Giảm thêm 500,000đ từ phiếu mua hàng được tặng khi mua iPhone                                                            3                                              NHẬN HOÀN NGAY ĐẾN 800.000đ khi mở thẻ tín dụng VPBANK MWG  (Xem chi tiết tại đây);;https://www.thegioididong.com/dong-ho-thong-minh/apple-watch-ultra-3-gps-cellular-49mm-vien-titanium-day-ocean;Skipped
Apple Watch Ultra 2 GPS + Cellular 49mm viền Titanium dây Ocean;Xanh Dương;No;0;0;2026-04-11;;;https://www.thegioididong.com/dong-ho-thong-minh/apple-watch-ultra-2-lte-49mm-vien-titanium-day-ocean;DEBUG_OOS_Apple Watch Ultra 2 GPS + Cellular 49mm viền Titanium dây Ocean_Xanh Dương_115127.png
Apple Watch Ultra 3 GPS + Cellular 49mm viền Titanium dây Trail;Default/Unknown;Yes;23990000;23490000;2026-04-11;Khuyến mãi                      Giá và khuyến mãi dự kiến áp dụng đến 23:59 | 30/04                                                                         1                                              Tặng Phiếu mua hàng Đồng hồ Định vị trẻ em trị giá 100.000đ                                                            2                                              Giảm thêm 500,000đ từ phiếu mua hàng được tặng khi mua iPhone                                                            3                                              NHẬN HOÀN NGAY ĐẾN 800.000đ khi mở thẻ tín dụng VPBANK MWG  (Xem chi tiết tại đây);;https://www.thegioididong.com/dong-ho-thong-minh/apple-watch-ultra-3-gps-cellular-49mm-vien-titanium-day-trail;Skipped
Apple Watch Ultra 3 GPS + Cellular 49mm viền Titanium dây Ocean;Titan tự nhiên;Yes;23990000;23490000;2026-04-11;Khuyến mãi                      Giá và khuyến mãi dự kiến áp dụng đến 23:59 | 30/04                                                                         1                                              Tặng Phiếu mua hàng Đồng hồ Định vị trẻ em trị giá 100.000đ                                                            2                                              Giảm thêm 500,000đ từ phiếu mua hàng được tặng khi mua iPhone                                                            3                                              NHẬN HOÀN NGAY ĐẾN 800.000đ khi mở thẻ tín dụng VPBANK MWG  (Xem chi tiết tại đây);;https://www.thegioididong.com/dong-ho-thong-minh/apple-watch-ultra-3-gps-cellular-49mm-vien-titanium-day-ocean;Skipped
Apple Watch Ultra 3 GPS + Cellular 49mm viền Titanium dây Ocean;Titan đen;Yes;23990000;23490000;2026-04-11;Khuyến mãi                      Giá và khuyến mãi dự kiến áp dụng đến 23:59 | 30/04                                                                         1                                              Tặng Phiếu mua hàng Đồng hồ Định vị trẻ em trị giá 100.000đ                                                            2                                              Giảm thêm 500,000đ từ phiếu mua hàng được tặng khi mua iPhone                                                            3                                              NHẬN HOÀN NGAY ĐẾN 800.000đ khi mở thẻ tín dụng VPBANK MWG  (Xem chi tiết tại đây);;https://www.thegioididong.com/dong-ho-thong-minh/apple-watch-ultra-3-gps-cellular-49mm-vien-titanium-day-ocean;Skipped
Apple Watch Ultra 2 GPS + Cellular 49mm viền Titanium dây Ocean;Cam;No;0;0;2026-04-11;;;https://www.thegioididong.com/dong-ho-thong-minh/apple-watch-ultra-2-lte-49mm-vien-titanium-day-ocean;DEBUG_OOS_Apple Watch Ultra 2 GPS + Cellular 49mm viền Titanium dây Ocean_Cam_115133.png
iPhone 13 128GB;Đen;Yes;220000;13990000;2026-04-11;Khuyến mãi                      Giá và khuyến mãi dự kiến áp dụng đến 23:59 | 30/04                                                                         1                                          Chọn 1 trong các khuyến mãi:                                                      Giảm giá 2,000,000đ (đã giảm vào giá sản phẩm)                                                                               Tặng phiếu mua hàng Phụ Kiện, Smartwatch, đồng hồ thời trang (trừ Apple, Beats) trị giá 2,500,000đ                                                                                     2                                              Phiếu mua hàng Apple Watch trị giá 500,000đ                                                            3                                              Tặng phiếu mua hàng Macbook (trừ Macbook Air M5 và Macbook Neo) trị giá 1,000,000đ                                                            4                                              Phiếu mua hàng Airpods trị giá 500.000đ                                                            5                                              Tặng Phiếu mua hàng mua Smartwatch (trừ Apple, giá trên 5.000.000đ) trị giá 500.000đ                                                            6                                              Tặng Phiếu mua hàng Máy lạnh (sản phẩm trên 10tr) trị giá 300.000đ                                                            7                                              Thu cũ đổi mới: Giảm đến 2,000,000đ (Không kèm ưu đãi thanh toán qua cổng, mua kèm)  Xem chi tiết                                                            8                                              NHẬN HOÀN NGAY ĐẾN 800.000đ khi mở thẻ tín dụng VPBANK MWG  (Xem chi tiết tại đây);;https://www.thegioididong.com/dtdd/iphone-13;Skipped
iPhone 15 128GB;Xanh dương nhạt;Yes;18990000;17890000;2026-04-11;Khuyến mãi              Giá và khuyến mãi có thể kết thúc sớm hơn dự kiến                                                                         1                                          Chọn 1 trong các khuyến mãi:                                                      Giảm giá 1,000,000đ (đã giảm vào giá sản phẩm)                                                                               Tặng phiếu mua hàng Phụ Kiện, Smartwatch, đồng hồ thời trang (trừ Apple, Beats) trị giá 1,300,000đ                                                                                     2                                              Phiếu mua hàng Apple Watch trị giá 500,000đ                                                            3                                              Tặng phiếu mua hàng Macbook (trừ Macbook Air M5 và Macbook Neo) trị giá 1,000,000đ                                                            4                                              Phiếu mua hàng Airpods trị giá 500.000đ                                                            5                                              Tặng Phiếu mua hàng mua Smartwatch (trừ Apple, giá trên 5.000.000đ) trị giá 500.000đ                                                            6                                              Tặng Phiếu mua hàng Máy lạnh (sản phẩm trên 10tr) trị giá 300.000đ                                                            7                                              NHẬN HOÀN NGAY ĐẾN 800.000đ khi mở thẻ tín dụng VPBANK MWG  (Xem chi tiết tại đây);;https://www.thegioididong.com/dtdd/iphone-15;Skipped
Apple Watch Ultra 2 GPS + Cellular 49mm viền Titanium dây Ocean;Trắng;No;0;0;2026-04-11;;;https://www.thegioididong.com/dong-ho-thong-minh/apple-watch-ultra-2-lte-49mm-vien-titanium-day-ocean;DEBUG_OOS_Apple Watch Ultra 2 GPS + Cellular 49mm viền Titanium dây Ocean_Trắng_115140.png
iPhone 14 128GB;Xanh Dương;Yes;500000;16990000;2026-04-11;Khuyến mãi                      Giá và khuyến mãi dự kiến áp dụng đến 23:59 | 30/04                                                                         1                                          Chọn 1 trong các khuyến mãi:                                                      Giảm giá 3,000,000đ (đã giảm vào giá sản phẩm)                                                                               Tặng phiếu mua hàng Phụ Kiện, Smartwatch, đồng hồ thời trang (trừ Apple, Beats) trị giá 3,600,000đ                                                                                     2                                              Phiếu mua hàng Apple Watch trị giá 500,000đ                                                            3                                              Tặng phiếu mua hàng Macbook (trừ Macbook Air M5 và Macbook Neo) trị giá 1,000,000đ                                                            4                                              Phiếu mua hàng Airpods trị giá 500.000đ                                                            5                                              Tặng Phiếu mua hàng mua Smartwatch (trừ Apple, giá trên 5.000.000đ) trị giá 500.000đ                                                            6                                              Tặng Phiếu mua hàng Máy lạnh (sản phẩm trên 10tr) trị giá 300.000đ                                                            7                                              Thu cũ đổi mới: Giảm đến 2,000,000đ (Không kèm ưu đãi thanh toán qua cổng, mua kèm)  Xem chi tiết                                                            8                                              NHẬN HOÀN NGAY ĐẾN 800.000đ khi mở thẻ tín dụng VPBANK MWG  (Xem chi tiết tại đây);;https://www.thegioididong.com/dtdd/iphone-14;Skipped
Apple Watch Ultra 2 GPS + Cellular 49mm viền Titanium dây Ocean;Titan tự nhiên;No;0;0;2026-04-11;;;https://www.thegioididong.com/dong-ho-thong-minh/apple-watch-ultra-2-lte-49mm-vien-titanium-day-ocean;DEBUG_OOS_Apple Watch Ultra 2 GPS + Cellular 49mm viền Titanium dây Ocean_Titan tự nhiên_115146.png
iPhone 15 128GB giá rẻ, giảm đến 4 triệu, trả góp 0% lãi suất;Hồng nhạt;Yes;18990000;18890000;2026-04-11;Khuyến mãi              Giá và khuyến mãi có thể kết thúc sớm hơn dự kiến                                                                         1                                          Chọn 1 trong các khuyến mãi:                                                      Giảm giá 1,000,000đ                                                                               Tặng phiếu mua hàng Phụ Kiện, Smartwatch, đồng hồ thời trang (trừ Apple, Beats) trị giá 1,300,000đ                                                                                     2                                              Phiếu mua hàng Apple Watch trị giá 500,000đ                                                            3                                              Tặng phiếu mua hàng Macbook (trừ Macbook Air M5 và Macbook Neo) trị giá 1,000,000đ                                                            4                                              Phiếu mua hàng Airpods trị giá 500.000đ                                                            5                                              Tặng Phiếu mua hàng mua Smartwatch (trừ Apple, giá trên 5.000.000đ) trị giá 500.000đ                                                            6                                              Tặng Phiếu mua hàng Máy lạnh (sản phẩm trên 10tr) trị giá 300.000đ                                                            7                                              NHẬN HOÀN NGAY ĐẾN 800.000đ khi mở thẻ tín dụng VPBANK MWG  (Xem chi tiết tại đây);;https://www.thegioididong.com/dtdd/iphone-15;Skipped
iPhone 14 128GB;Trắng;Yes;500000;16990000;2026-04-11;Khuyến mãi                      Giá và khuyến mãi dự kiến áp dụng đến 23:59 | 30/04                                                                         1                                          Chọn 1 trong các khuyến mãi:                                                      Giảm giá 3,000,000đ (đã giảm vào giá sản phẩm)                                                                               Tặng phiếu mua hàng Phụ Kiện, Smartwatch, đồng hồ thời trang (trừ Apple, Beats) trị giá 3,600,000đ                                                                                     2                                              Phiếu mua hàng Apple Watch trị giá 500,000đ                                                            3                                              Tặng phiếu mua hàng Macbook (trừ Macbook Air M5 và Macbook Neo) trị giá 1,000,000đ                                                            4                                              Phiếu mua hàng Airpods trị giá 500.000đ                                                            5                                              Tặng Phiếu mua hàng mua Smartwatch (trừ Apple, giá trên 5.000.000đ) trị giá 500.000đ                                                            6                                              Tặng Phiếu mua hàng Máy lạnh (sản phẩm trên 10tr) trị giá 300.000đ                                                            7                                              Thu cũ đổi mới: Giảm đến 2,000,000đ (Không kèm ưu đãi thanh toán qua cổng, mua kèm)  Xem chi tiết                                                            8                                              NHẬN HOÀN NGAY ĐẾN 800.000đ khi mở thẻ tín dụng VPBANK MWG  (Xem chi tiết tại đây);;https://www.thegioididong.com/dtdd/iphone-14;Skipped
iPhone 13 128GB giá tốt, giảm ngay 3tr, trả góp 0% lãi suất;Trắng;Yes;220000;13990000;2026-04-11;Khuyến mãi                      Giá và khuyến mãi dự kiến áp dụng đến 23:59 | 30/04                                                                         1                                          Chọn 1 trong các khuyến mãi:                                                      Giảm giá 2,000,000đ (đã giảm vào giá sản phẩm)                                                                               Tặng phiếu mua hàng Phụ Kiện, Smartwatch, đồng hồ thời trang (trừ Apple, Beats) trị giá 2,500,000đ                                                                                     2                                              Phiếu mua hàng Apple Watch trị giá 500,000đ                                                            3                                              Tặng phiếu mua hàng Macbook (trừ Macbook Air M5 và Macbook Neo) trị giá 1,000,000đ                                                            4                                              Phiếu mua hàng Airpods trị giá 500.000đ                                                            5                                              Tặng Phiếu mua hàng mua Smartwatch (trừ Apple, giá trên 5.000.000đ) trị giá 500.000đ                                                            6                                              Tặng Phiếu mua hàng Máy lạnh (sản phẩm trên 10tr) trị giá 300.000đ                                                            7                                              Thu cũ đổi mới: Giảm đến 2,000,000đ (Không kèm ưu đãi thanh toán qua cổng, mua kèm)  Xem chi tiết                                                            8                                              NHẬN HOÀN NGAY ĐẾN 800.000đ khi mở thẻ tín dụng VPBANK MWG  (Xem chi tiết tại đây);;https://www.thegioididong.com/dtdd/iphone-13;Skipped
iPhone 15 128GB;Đen;Yes;18990000;17890000;2026-04-11;Khuyến mãi              Giá và khuyến mãi có thể kết thúc sớm hơn dự kiến                                                                         1                                          Chọn 1 trong các khuyến mãi:                                                      Giảm giá 1,000,000đ (đã giảm vào giá sản phẩm)                                                                               Tặng phiếu mua hàng Phụ Kiện, Smartwatch, đồng hồ thời trang (trừ Apple, Beats) trị giá 1,300,000đ                                                                                     2                                              Phiếu mua hàng Apple Watch trị giá 500,000đ                                                            3                                              Tặng phiếu mua hàng Macbook (trừ Macbook Air M5 và Macbook Neo) trị giá 1,000,000đ                                                            4                                              Phiếu mua hàng Airpods trị giá 500.000đ                                                            5                                              Tặng Phiếu mua hàng mua Smartwatch (trừ Apple, giá trên 5.000.000đ) trị giá 500.000đ                                                            6                                              Tặng Phiếu mua hàng Máy lạnh (sản phẩm trên 10tr) trị giá 300.000đ                                                            7                                              NHẬN HOÀN NGAY ĐẾN 800.000đ khi mở thẻ tín dụng VPBANK MWG  (Xem chi tiết tại đây);;https://www.thegioididong.com/dtdd/iphone-15;Skipped
Apple Watch Ultra 2 GPS + Cellular 49mm viền Titanium dây Ocean;Xanh Dương;No;0;0;2026-04-11;;;https://www.thegioididong.com/dong-ho-thong-minh/apple-watch-ultra-2-lte-49mm-vien-titanium-day-ocean;DEBUG_OOS_Apple Watch Ultra 2 GPS + Cellular 49mm viền Titanium dây Ocean_Xanh Dương_115154.png
iPhone 13 128GB;Đen;Yes;220000;13990000;2026-04-11;Khuyến mãi                      Giá và khuyến mãi dự kiến áp dụng đến 23:59 | 30/04                                                                         1                                          Chọn 1 trong các khuyến mãi:                                                      Giảm giá 2,000,000đ (đã giảm vào giá sản phẩm)                                                                               Tặng phiếu mua hàng Phụ Kiện, Smartwatch, đồng hồ thời trang (trừ Apple, Beats) trị giá 2,500,000đ                                                                                     2                                              Phiếu mua hàng Apple Watch trị giá 500,000đ                                                            3                                              Tặng phiếu mua hàng Macbook (trừ Macbook Air M5 và Macbook Neo) trị giá 1,000,000đ                                                            4                                              Phiếu mua hàng Airpods trị giá 500.000đ                                                            5                                              Tặng Phiếu mua hàng mua Smartwatch (trừ Apple, giá trên 5.000.000đ) trị giá 500.000đ                                                            6                                              Tặng Phiếu mua hàng Máy lạnh (sản phẩm trên 10tr) trị giá 300.000đ                                                            7                                              Thu cũ đổi mới: Giảm đến 2,000,000đ (Không kèm ưu đãi thanh toán qua cổng, mua kèm)  Xem chi tiết                                                            8                                              NHẬN HOÀN NGAY ĐẾN 800.000đ khi mở thẻ tín dụng VPBANK MWG  (Xem chi tiết tại đây);;https://www.thegioididong.com/dtdd/iphone-13;Skipped
Apple Watch Ultra 2 GPS + Cellular 49mm viền Titanium dây Ocean;Cam;No;0;0;2026-04-11;;;https://www.thegioididong.com/dong-ho-thong-minh/apple-watch-ultra-2-lte-49mm-vien-titanium-day-ocean;DEBUG_OOS_Apple Watch Ultra 2 GPS + Cellular 49mm viền Titanium dây Ocean_Cam_115201.png
iPhone 14 128GB (VN/A) giá tốt, mua trả chậm 0% lãi suất;Đen;Yes;500000;16990000;2026-04-11;Khuyến mãi                      Giá và khuyến mãi dự kiến áp dụng đến 23:59 | 30/04                                                                         1                                          Chọn 1 trong các khuyến mãi:                                                      Giảm giá 3,000,000đ (đã giảm vào giá sản phẩm)                                                                               Tặng phiếu mua hàng Phụ Kiện, Smartwatch, đồng hồ thời trang (trừ Apple, Beats) trị giá 3,600,000đ                                                                                     2                                              Phiếu mua hàng Apple Watch trị giá 500,000đ                                                            3                                              Tặng phiếu mua hàng Macbook (trừ Macbook Air M5 và Macbook Neo) trị giá 1,000,000đ                                                            4                                              Phiếu mua hàng Airpods trị giá 500.000đ                                                            5                                              Tặng Phiếu mua hàng mua Smartwatch (trừ Apple, giá trên 5.000.000đ) trị giá 500.000đ                                                            6                                              Tặng Phiếu mua hàng Máy lạnh (sản phẩm trên 10tr) trị giá 300.000đ                                                            7                                              Thu cũ đổi mới: Giảm đến 2,000,000đ (Không kèm ưu đãi thanh toán qua cổng, mua kèm)  Xem chi tiết                                                            8                                              NHẬN HOÀN NGAY ĐẾN 800.000đ khi mở thẻ tín dụng VPBANK MWG  (Xem chi tiết tại đây);;https://www.thegioididong.com/dtdd/iphone-14;Skipped
iPhone 15 128GB giá rẻ, giảm đến 4 triệu, trả góp 0% lãi suất;Xanh lá nhạt;Yes;340000;18990000;2026-04-11;Khuyến mãi                      Giá và khuyến mãi dự kiến áp dụng đến 23:59 | 30/04                                                                         1                                          Chọn 1 trong các khuyến mãi:                                                      Giảm giá 1,000,000đ (đã giảm vào giá sản phẩm)                                                                               Tặng phiếu mua hàng Phụ Kiện, Smartwatch, đồng hồ thời trang (trừ Apple, Beats) trị giá 1,300,000đ                                                                                     2                                              Phiếu mua hàng Apple Watch trị giá 500,000đ                                                            3                                              Tặng phiếu mua hàng Macbook (trừ Macbook Air M5 và Macbook Neo) trị giá 1,000,000đ                                                            4                                              Phiếu mua hàng Airpods trị giá 500.000đ                                                            5                                              Tặng Phiếu mua hàng mua Smartwatch (trừ Apple, giá trên 5.000.000đ) trị giá 500.000đ                                                            6                                              Tặng Phiếu mua hàng Máy lạnh (sản phẩm trên 10tr) trị giá 300.000đ                                                            7                                              Thu cũ đổi mới: Giảm đến 2,000,000đ (Không kèm ưu đãi thanh toán qua cổng, mua kèm)  Xem chi tiết                                                            8                                              NHẬN HOÀN NGAY ĐẾN 800.000đ khi mở thẻ tín dụng VPBANK MWG  (Xem chi tiết tại đây);;https://www.thegioididong.com/dtdd/iphone-15;Skipped
Apple Watch Ultra 2 GPS + Cellular 49mm viền Titanium dây Ocean;Trắng;No;0;0;2026-04-11;;;https://www.thegioididong.com/dong-ho-thong-minh/apple-watch-ultra-2-lte-49mm-vien-titanium-day-ocean;DEBUG_OOS_Apple Watch Ultra 2 GPS + Cellular 49mm viền Titanium dây Ocean_Trắng_115207.png
iPhone 15 256GB;Hồng nhạt;Yes;21990000;20890000;2026-04-11;Khuyến mãi              Giá và khuyến mãi có thể kết thúc sớm hơn dự kiến                                                                         1                                          Chọn 1 trong các khuyến mãi:                                                      Giảm giá 1,000,000đ (đã giảm vào giá sản phẩm)                                                                               Tặng phiếu mua hàng Phụ Kiện, Smartwatch, đồng hồ thời trang (trừ Apple, Beats) trị giá 1,300,000đ                                                                                     2                                              Phiếu mua hàng Apple Watch trị giá 500,000đ                                                            3                                              Tặng phiếu mua hàng Macbook (trừ Macbook Air M5 và Macbook Neo) trị giá 1,000,000đ                                                            4                                              Phiếu mua hàng Airpods trị giá 500.000đ                                                            5                                              Tặng Phiếu mua hàng mua Smartwatch (trừ Apple, giá trên 5.000.000đ) trị giá 500.000đ                                                            6                                              Tặng Phiếu mua hàng Máy lạnh (sản phẩm trên 10tr) trị giá 300.000đ                                                            7                                              NHẬN HOÀN NGAY ĐẾN 800.000đ khi mở thẻ tín dụng VPBANK MWG  (Xem chi tiết tại đây);;https://www.thegioididong.com/dtdd/iphone-15;Skipped
iPhone 16 128GB;Xanh Lưu Ly;Yes;500000;21990000;2026-04-11;Khuyến mãi                      Giá và khuyến mãi dự kiến áp dụng đến 23:59 | 12/04                                                                         1                                          Chọn 1 trong các khuyến mãi:                                                      Giảm giá 1,400,000đ (đã giảm vào giá sản phẩm)                                                                               Tặng phiếu mua hàng Phụ Kiện, Smartwatch, đồng hồ thời trang (trừ Apple, Beats) trị giá 1,700,000đ                                                                                     2                                              Phiếu mua hàng Apple Watch trị giá 500,000đ                                                            3                                              Tặng phiếu mua hàng Macbook (trừ Macbook Air M5 và Macbook Neo) trị giá 1,000,000đ                                                            4                                              Phiếu mua hàng Airpods trị giá 500.000đ                                                            5                                              Tặng Phiếu mua hàng mua Smartwatch (trừ Apple, giá trên 5.000.000đ) trị giá 500.000đ                                                            6                                              Tặng Phiếu mua hàng Máy lạnh (sản phẩm trên 10tr) trị giá 300.000đ                                                            7                                              Thu cũ đổi mới: Giảm đến 2,000,000đ (Không kèm ưu đãi thanh toán qua cổng, mua kèm)  Xem chi tiết                                                            8                                              NHẬN HOÀN NGAY ĐẾN 800.000đ khi mở thẻ tín dụng VPBANK MWG  (Xem chi tiết tại đây);;https://www.thegioididong.com/dtdd/iphone-16;Skipped
iPhone 15 Plus 128GB;Đen;Yes;340000;21990000;2026-04-11;Khuyến mãi                      Giá và khuyến mãi dự kiến áp dụng đến 23:59 | 30/04                                                                         1                                          Chọn 1 trong các khuyến mãi:                                                      Giảm giá 4,000,000đ (đã giảm vào giá sản phẩm)                                                                               Tặng phiếu mua hàng Phụ Kiện, Smartwatch, đồng hồ thời trang (trừ Apple, Beats) trị giá 4,800,000đ                                                                                     2                                              Phiếu mua hàng Apple Watch trị giá 500,000đ                                                            3                                              Tặng phiếu mua hàng Macbook (trừ Macbook Air M5 và Macbook Neo) trị giá 1,000,000đ                                                            4                                              Phiếu mua hàng Airpods trị giá 500.000đ                                                            5                                              Tặng Phiếu mua hàng mua Smartwatch (trừ Apple, giá trên 5.000.000đ) trị giá 500.000đ                                                            6                                              Tặng Phiếu mua hàng Máy lạnh (sản phẩm trên 10tr) trị giá 300.000đ                                                            7                                              Thu cũ đổi mới: Giảm đến 2,000,000đ (Không kèm ưu đãi thanh toán qua cổng, mua kèm)  Xem chi tiết                                                            8                                              NHẬN HOÀN NGAY ĐẾN 800.000đ khi mở thẻ tín dụng VPBANK MWG  (Xem chi tiết tại đây);;https://www.thegioididong.com/dtdd/iphone-15-plus;Skipped
iPhone 14 128GB;Xanh Dương;Yes;500000;16990000;2026-04-11;Khuyến mãi                      Giá và khuyến mãi dự kiến áp dụng đến 23:59 | 30/04                                                                         1                                          Chọn 1 trong các khuyến mãi:                                                      Giảm giá 3,000,000đ (đã giảm vào giá sản phẩm)                                                                               Tặng phiếu mua hàng Phụ Kiện, Smartwatch, đồng hồ thời trang (trừ Apple, Beats) trị giá 3,600,000đ                                                                                     2                                              Phiếu mua hàng Apple Watch trị giá 500,000đ                                                            3                                              Tặng phiếu mua hàng Macbook (trừ Macbook Air M5 và Macbook Neo) trị giá 1,000,000đ                                                            4                                              Phiếu mua hàng Airpods trị giá 500.000đ                                                            5                                              Tặng Phiếu mua hàng mua Smartwatch (trừ Apple, giá trên 5.000.000đ) trị giá 500.000đ                                                            6                                              Tặng Phiếu mua hàng Máy lạnh (sản phẩm trên 10tr) trị giá 300.000đ                                                            7                                              Thu cũ đổi mới: Giảm đến 2,000,000đ (Không kèm ưu đãi thanh toán qua cổng, mua kèm)  Xem chi tiết                                                            8                                              NHẬN HOÀN NGAY ĐẾN 800.000đ khi mở thẻ tín dụng VPBANK MWG  (Xem chi tiết tại đây);;https://www.thegioididong.com/dtdd/iphone-14;Skipped
Apple Watch Ultra 2 GPS + Cellular 49mm viền Titanium dây Ocean;Titan tự nhiên;No;0;0;2026-04-11;;;https://www.thegioididong.com/dong-ho-thong-minh/apple-watch-ultra-2-lte-49mm-vien-titanium-day-ocean;DEBUG_OOS_Apple Watch Ultra 2 GPS + Cellular 49mm viền Titanium dây Ocean_Titan tự nhiên_115213.png
iPhone 15 256GB;Xanh dương nhạt;Yes;21990000;20890000;2026-04-11;Khuyến mãi              Giá và khuyến mãi có thể kết thúc sớm hơn dự kiến                                                                         1                                          Chọn 1 trong các khuyến mãi:                                                      Giảm giá 1,000,000đ (đã giảm vào giá sản phẩm)                                                                               Tặng phiếu mua hàng Phụ Kiện, Smartwatch, đồng hồ thời trang (trừ Apple, Beats) trị giá 1,300,000đ                                                                                     2                                              Phiếu mua hàng Apple Watch trị giá 500,000đ                                                            3                                              Tặng phiếu mua hàng Macbook (trừ Macbook Air M5 và Macbook Neo) trị giá 1,000,000đ                                                            4                                              Phiếu mua hàng Airpods trị giá 500.000đ                                                            5                                              Tặng Phiếu mua hàng mua Smartwatch (trừ Apple, giá trên 5.000.000đ) trị giá 500.000đ                                                            6                                              Tặng Phiếu mua hàng Máy lạnh (sản phẩm trên 10tr) trị giá 300.000đ                                                            7                                              NHẬN HOÀN NGAY ĐẾN 800.000đ khi mở thẻ tín dụng VPBANK MWG  (Xem chi tiết tại đây);;https://www.thegioididong.com/dtdd/iphone-15;Skipped
iPhone 15 256GB;Đen;Yes;21990000;20890000;2026-04-11;Khuyến mãi              Giá và khuyến mãi có thể kết thúc sớm hơn dự kiến                                                                         1                                          Chọn 1 trong các khuyến mãi:                                                      Giảm giá 1,000,000đ (đã giảm vào giá sản phẩm)                                                                               Tặng phiếu mua hàng Phụ Kiện, Smartwatch, đồng hồ thời trang (trừ Apple, Beats) trị giá 1,300,000đ                                                                                     2                                              Phiếu mua hàng Apple Watch trị giá 500,000đ                                                            3                                              Tặng phiếu mua hàng Macbook (trừ Macbook Air M5 và Macbook Neo) trị giá 1,000,000đ                                                            4                                              Phiếu mua hàng Airpods trị giá 500.000đ                                                            5                                              Tặng Phiếu mua hàng mua Smartwatch (trừ Apple, giá trên 5.000.000đ) trị giá 500.000đ                                                            6                                              Tặng Phiếu mua hàng Máy lạnh (sản phẩm trên 10tr) trị giá 300.000đ                                                            7                                              NHẬN HOÀN NGAY ĐẾN 800.000đ khi mở thẻ tín dụng VPBANK MWG  (Xem chi tiết tại đây);;https://www.thegioididong.com/dtdd/iphone-15;Skipped
iPhone 14 128GB;Trắng;Yes;500000;16990000;2026-04-11;Khuyến mãi                      Giá và khuyến mãi dự kiến áp dụng đến 23:59 | 30/04                                                                         1                                          Chọn 1 trong các khuyến mãi:                                                      Giảm giá 3,000,000đ (đã giảm vào giá sản phẩm)                                                                               Tặng phiếu mua hàng Phụ Kiện, Smartwatch, đồng hồ thời trang (trừ Apple, Beats) trị giá 3,600,000đ                                                                                     2                                              Phiếu mua hàng Apple Watch trị giá 500,000đ                                                            3                                              Tặng phiếu mua hàng Macbook (trừ Macbook Air M5 và Macbook Neo) trị giá 1,000,000đ                                                            4                                              Phiếu mua hàng Airpods trị giá 500.000đ                                                            5                                              Tặng Phiếu mua hàng mua Smartwatch (trừ Apple, giá trên 5.000.000đ) trị giá 500.000đ                                                            6                                              Tặng Phiếu mua hàng Máy lạnh (sản phẩm trên 10tr) trị giá 300.000đ                                                            7                                              Thu cũ đổi mới: Giảm đến 2,000,000đ (Không kèm ưu đãi thanh toán qua cổng, mua kèm)  Xem chi tiết                                                            8                                              NHẬN HOÀN NGAY ĐẾN 800.000đ khi mở thẻ tín dụng VPBANK MWG  (Xem chi tiết tại đây);;https://www.thegioididong.com/dtdd/iphone-14;Skipped
iPhone 15 Plus 128GB;Xanh dương nhạt;Yes;340000;21990000;2026-04-11;Khuyến mãi                      Giá và khuyến mãi dự kiến áp dụng đến 23:59 | 30/04                                                                         1                                          Chọn 1 trong các khuyến mãi:                                                      Giảm giá 4,000,000đ (đã giảm vào giá sản phẩm)                                                                               Tặng phiếu mua hàng Phụ Kiện, Smartwatch, đồng hồ thời trang (trừ Apple, Beats) trị giá 4,800,000đ                                                                                     2                                              Phiếu mua hàng Apple Watch trị giá 500,000đ                                                            3                                              Tặng phiếu mua hàng Macbook (trừ Macbook Air M5 và Macbook Neo) trị giá 1,000,000đ                                                            4                                              Phiếu mua hàng Airpods trị giá 500.000đ                                                            5                                              Tặng Phiếu mua hàng mua Smartwatch (trừ Apple, giá trên 5.000.000đ) trị giá 500.000đ                                                            6                                              Tặng Phiếu mua hàng Máy lạnh (sản phẩm trên 10tr) trị giá 300.000đ                                                            7                                              Thu cũ đổi mới: Giảm đến 2,000,000đ (Không kèm ưu đãi thanh toán qua cổng, mua kèm)  Xem chi tiết                                                            8                                              NHẬN HOÀN NGAY ĐẾN 800.000đ khi mở thẻ tín dụng VPBANK MWG  (Xem chi tiết tại đây);;https://www.thegioididong.com/dtdd/iphone-15-plus;Skipped
iPhone 16 128GB;Đen;Yes;500000;21990000;2026-04-11;Khuyến mãi                      Giá và khuyến mãi dự kiến áp dụng đến 23:59 | 12/04                                                                         1                                          Chọn 1 trong các khuyến mãi:                                                      Giảm giá 1,400,000đ (đã giảm vào giá sản phẩm)                                                                               Tặng phiếu mua hàng Phụ Kiện, Smartwatch, đồng hồ thời trang (trừ Apple, Beats) trị giá 1,700,000đ                                                                                     2                                              Phiếu mua hàng Apple Watch trị giá 500,000đ                                                            3                                              Tặng phiếu mua hàng Macbook (trừ Macbook Air M5 và Macbook Neo) trị giá 1,000,000đ                                                            4                                              Phiếu mua hàng Airpods trị giá 500.000đ                                                            5                                              Tặng Phiếu mua hàng mua Smartwatch (trừ Apple, giá trên 5.000.000đ) trị giá 500.000đ                                                            6                                              Tặng Phiếu mua hàng Máy lạnh (sản phẩm trên 10tr) trị giá 300.000đ                                                            7                                              Thu cũ đổi mới: Giảm đến 2,000,000đ (Không kèm ưu đãi thanh toán qua cổng, mua kèm)  Xem chi tiết                                                            8                                              NHẬN HOÀN NGAY ĐẾN 800.000đ khi mở thẻ tín dụng VPBANK MWG  (Xem chi tiết tại đây);;https://www.thegioididong.com/dtdd/iphone-16;Skipped
Apple Watch Ultra 2 GPS + Cellular 49mm viền Titanium dây Ocean;Xanh Dương;No;0;0;2026-04-11;;;https://www.thegioididong.com/dong-ho-thong-minh/apple-watch-ultra-2-lte-49mm-vien-titanium-day-ocean;DEBUG_OOS_Apple Watch Ultra 2 GPS + Cellular 49mm viền Titanium dây Ocean_Xanh Dương_115222.png
iPhone 15 256GB;Hồng nhạt;Yes;21990000;20890000;2026-04-11;Khuyến mãi              Giá và khuyến mãi có thể kết thúc sớm hơn dự kiến                                                                         1                                          Chọn 1 trong các khuyến mãi:                                                      Giảm giá 1,000,000đ (đã giảm vào giá sản phẩm)                                                                               Tặng phiếu mua hàng Phụ Kiện, Smartwatch, đồng hồ thời trang (trừ Apple, Beats) trị giá 1,300,000đ                                                                                     2                                              Phiếu mua hàng Apple Watch trị giá 500,000đ                                                            3                                              Tặng phiếu mua hàng Macbook (trừ Macbook Air M5 và Macbook Neo) trị giá 1,000,000đ                                                            4                                              Phiếu mua hàng Airpods trị giá 500.000đ                                                            5                                              Tặng Phiếu mua hàng mua Smartwatch (trừ Apple, giá trên 5.000.000đ) trị giá 500.000đ                                                            6                                              Tặng Phiếu mua hàng Máy lạnh (sản phẩm trên 10tr) trị giá 300.000đ                                                            7                                              NHẬN HOÀN NGAY ĐẾN 800.000đ khi mở thẻ tín dụng VPBANK MWG  (Xem chi tiết tại đây);;https://www.thegioididong.com/dtdd/iphone-15;Skipped
iPhone 14 128GB;Đen;Yes;500000;16990000;2026-04-11;Khuyến mãi                      Giá và khuyến mãi dự kiến áp dụng đến 23:59 | 30/04                                                                         1                                          Chọn 1 trong các khuyến mãi:                                                      Giảm giá 3,000,000đ (đã giảm vào giá sản phẩm)                                                                               Tặng phiếu mua hàng Phụ Kiện, Smartwatch, đồng hồ thời trang (trừ Apple, Beats) trị giá 3,600,000đ                                                                                     2                                              Phiếu mua hàng Apple Watch trị giá 500,000đ                                                            3                                              Tặng phiếu mua hàng Macbook (trừ Macbook Air M5 và Macbook Neo) trị giá 1,000,000đ                                                            4                                              Phiếu mua hàng Airpods trị giá 500.000đ                                                            5                                              Tặng Phiếu mua hàng mua Smartwatch (trừ Apple, giá trên 5.000.000đ) trị giá 500.000đ                                                            6                                              Tặng Phiếu mua hàng Máy lạnh (sản phẩm trên 10tr) trị giá 300.000đ                                                            7                                              Thu cũ đổi mới: Giảm đến 2,000,000đ (Không kèm ưu đãi thanh toán qua cổng, mua kèm)  Xem chi tiết                                                            8                                              NHẬN HOÀN NGAY ĐẾN 800.000đ khi mở thẻ tín dụng VPBANK MWG  (Xem chi tiết tại đây);;https://www.thegioididong.com/dtdd/iphone-14;Skipped
iPhone 15 256GB;Xanh dương nhạt;Yes;21990000;20890000;2026-04-11;Khuyến mãi              Giá và khuyến mãi có thể kết thúc sớm hơn dự kiến                                                                         1                                          Chọn 1 trong các khuyến mãi:                                                      Giảm giá 1,000,000đ (đã giảm vào giá sản phẩm)                                                                               Tặng phiếu mua hàng Phụ Kiện, Smartwatch, đồng hồ thời trang (trừ Apple, Beats) trị giá 1,300,000đ                                                                                     2                                              Phiếu mua hàng Apple Watch trị giá 500,000đ                                                            3                                              Tặng phiếu mua hàng Macbook (trừ Macbook Air M5 và Macbook Neo) trị giá 1,000,000đ                                                            4                                              Phiếu mua hàng Airpods trị giá 500.000đ                                                            5                                              Tặng Phiếu mua hàng mua Smartwatch (trừ Apple, giá trên 5.000.000đ) trị giá 500.000đ                                                            6                                              Tặng Phiếu mua hàng Máy lạnh (sản phẩm trên 10tr) trị giá 300.000đ                                                            7                                              NHẬN HOÀN NGAY ĐẾN 800.000đ khi mở thẻ tín dụng VPBANK MWG  (Xem chi tiết tại đây);;https://www.thegioididong.com/dtdd/iphone-15;Skipped
iPhone 16 128GB;Hồng;Yes;500000;21990000;2026-04-11;Khuyến mãi                      Giá và khuyến mãi dự kiến áp dụng đến 23:59 | 12/04                                                                         1                                          Chọn 1 trong các khuyến mãi:                                                      Giảm giá 1,400,000đ (đã giảm vào giá sản phẩm)                                                                               Tặng phiếu mua hàng Phụ Kiện, Smartwatch, đồng hồ thời trang (trừ Apple, Beats) trị giá 1,700,000đ                                                                                     2                                              Phiếu mua hàng Apple Watch trị giá 500,000đ                                                            3                                              Tặng phiếu mua hàng Macbook (trừ Macbook Air M5 và Macbook Neo) trị giá 1,000,000đ                                                            4                                              Phiếu mua hàng Airpods trị giá 500.000đ                                                            5                                              Tặng Phiếu mua hàng mua Smartwatch (trừ Apple, giá trên 5.000.000đ) trị giá 500.000đ                                                            6                                              Tặng Phiếu mua hàng Máy lạnh (sản phẩm trên 10tr) trị giá 300.000đ                                                            7                                              Thu cũ đổi mới: Giảm đến 2,000,000đ (Không kèm ưu đãi thanh toán qua cổng, mua kèm)  Xem chi tiết                                                            8                                              NHẬN HOÀN NGAY ĐẾN 800.000đ khi mở thẻ tín dụng VPBANK MWG  (Xem chi tiết tại đây);;https://www.thegioididong.com/dtdd/iphone-16;Skipped
Apple Watch Ultra 2 GPS + Cellular 49mm viền Titanium dây Ocean;Cam;No;0;0;2026-04-11;;;https://www.thegioididong.com/dong-ho-thong-minh/apple-watch-ultra-2-lte-49mm-vien-titanium-day-ocean;DEBUG_OOS_Apple Watch Ultra 2 GPS + Cellular 49mm viền Titanium dây Ocean_Cam_115228.png
iPhone 15 256GB;Đen;Yes;21990000;20890000;2026-04-11;Khuyến mãi              Giá và khuyến mãi có thể kết thúc sớm hơn dự kiến                                                                         1                                          Chọn 1 trong các khuyến mãi:                                                      Giảm giá 1,000,000đ (đã giảm vào giá sản phẩm)                                                                               Tặng phiếu mua hàng Phụ Kiện, Smartwatch, đồng hồ thời trang (trừ Apple, Beats) trị giá 1,300,000đ                                                                                     2                                              Phiếu mua hàng Apple Watch trị giá 500,000đ                                                            3                                              Tặng phiếu mua hàng Macbook (trừ Macbook Air M5 và Macbook Neo) trị giá 1,000,000đ                                                            4                                              Phiếu mua hàng Airpods trị giá 500.000đ                                                            5                                              Tặng Phiếu mua hàng mua Smartwatch (trừ Apple, giá trên 5.000.000đ) trị giá 500.000đ                                                            6                                              Tặng Phiếu mua hàng Máy lạnh (sản phẩm trên 10tr) trị giá 300.000đ                                                            7                                              NHẬN HOÀN NGAY ĐẾN 800.000đ khi mở thẻ tín dụng VPBANK MWG  (Xem chi tiết tại đây);;https://www.thegioididong.com/dtdd/iphone-15;Skipped
iPhone 14 128GB;Xanh Dương;Yes;500000;16990000;2026-04-11;Khuyến mãi                      Giá và khuyến mãi dự kiến áp dụng đến 23:59 | 30/04                                                                         1                                          Chọn 1 trong các khuyến mãi:                                                      Giảm giá 3,000,000đ (đã giảm vào giá sản phẩm)                                                                               Tặng phiếu mua hàng Phụ Kiện, Smartwatch, đồng hồ thời trang (trừ Apple, Beats) trị giá 3,600,000đ                                                                                     2                                              Phiếu mua hàng Apple Watch trị giá 500,000đ                                                            3                                              Tặng phiếu mua hàng Macbook (trừ Macbook Air M5 và Macbook Neo) trị giá 1,000,000đ                                                            4                                              Phiếu mua hàng Airpods trị giá 500.000đ                                                            5                                              Tặng Phiếu mua hàng mua Smartwatch (trừ Apple, giá trên 5.000.000đ) trị giá 500.000đ                                                            6                                              Tặng Phiếu mua hàng Máy lạnh (sản phẩm trên 10tr) trị giá 300.000đ                                                            7                                              Thu cũ đổi mới: Giảm đến 2,000,000đ (Không kèm ưu đãi thanh toán qua cổng, mua kèm)  Xem chi tiết                                                            8                                              NHẬN HOÀN NGAY ĐẾN 800.000đ khi mở thẻ tín dụng VPBANK MWG  (Xem chi tiết tại đây);;https://www.thegioididong.com/dtdd/iphone-14;Skipped
Apple Watch Ultra 2 GPS + Cellular 49mm viền Titanium dây Ocean;Trắng;No;0;0;2026-04-11;;;https://www.thegioididong.com/dong-ho-thong-minh/apple-watch-ultra-2-lte-49mm-vien-titanium-day-ocean;DEBUG_OOS_Apple Watch Ultra 2 GPS + Cellular 49mm viền Titanium dây Ocean_Trắng_115235.png
iPhone 15 256GB;Hồng nhạt;Yes;21990000;20890000;2026-04-11;Khuyến mãi              Giá và khuyến mãi có thể kết thúc sớm hơn dự kiến                                                                         1                                          Chọn 1 trong các khuyến mãi:                                                      Giảm giá 1,000,000đ (đã giảm vào giá sản phẩm)                                                                               Tặng phiếu mua hàng Phụ Kiện, Smartwatch, đồng hồ thời trang (trừ Apple, Beats) trị giá 1,300,000đ                                                                                     2                                              Phiếu mua hàng Apple Watch trị giá 500,000đ                                                            3                                              Tặng phiếu mua hàng Macbook (trừ Macbook Air M5 và Macbook Neo) trị giá 1,000,000đ                                                            4                                              Phiếu mua hàng Airpods trị giá 500.000đ                                                            5                                              Tặng Phiếu mua hàng mua Smartwatch (trừ Apple, giá trên 5.000.000đ) trị giá 500.000đ                                                            6                                              Tặng Phiếu mua hàng Máy lạnh (sản phẩm trên 10tr) trị giá 300.000đ                                                            7                                              NHẬN HOÀN NGAY ĐẾN 800.000đ khi mở thẻ tín dụng VPBANK MWG  (Xem chi tiết tại đây);;https://www.thegioididong.com/dtdd/iphone-15;Skipped
iPhone 16 128GB;Xanh Mòng Két;Yes;500000;21990000;2026-04-11;Khuyến mãi                      Giá và khuyến mãi dự kiến áp dụng đến 23:59 | 12/04                                                                         1                                          Chọn 1 trong các khuyến mãi:                                                      Giảm giá 1,400,000đ (đã giảm vào giá sản phẩm)                                                                               Tặng phiếu mua hàng Phụ Kiện, Smartwatch, đồng hồ thời trang (trừ Apple, Beats) trị giá 1,700,000đ                                                                                     2                                              Phiếu mua hàng Apple Watch trị giá 500,000đ                                                            3                                              Tặng phiếu mua hàng Macbook (trừ Macbook Air M5 và Macbook Neo) trị giá 1,000,000đ                                                            4                                              Phiếu mua hàng Airpods trị giá 500.000đ                                                            5                                              Tặng Phiếu mua hàng mua Smartwatch (trừ Apple, giá trên 5.000.000đ) trị giá 500.000đ                                                            6                                              Tặng Phiếu mua hàng Máy lạnh (sản phẩm trên 10tr) trị giá 300.000đ                                                            7                                              Thu cũ đổi mới: Giảm đến 2,000,000đ (Không kèm ưu đãi thanh toán qua cổng, mua kèm)  Xem chi tiết                                                            8                                              NHẬN HOÀN NGAY ĐẾN 800.000đ khi mở thẻ tín dụng VPBANK MWG  (Xem chi tiết tại đây);;https://www.thegioididong.com/dtdd/iphone-16;Skipped
iPhone 15 256GB;Xanh dương nhạt;Yes;21990000;20890000;2026-04-11;Khuyến mãi              Giá và khuyến mãi có thể kết thúc sớm hơn dự kiến                                                                         1                                          Chọn 1 trong các khuyến mãi:                                                      Giảm giá 1,000,000đ (đã giảm vào giá sản phẩm)                                                                               Tặng phiếu mua hàng Phụ Kiện, Smartwatch, đồng hồ thời trang (trừ Apple, Beats) trị giá 1,300,000đ                                                                                     2                                              Phiếu mua hàng Apple Watch trị giá 500,000đ                                                            3                                              Tặng phiếu mua hàng Macbook (trừ Macbook Air M5 và Macbook Neo) trị giá 1,000,000đ                                                            4                                              Phiếu mua hàng Airpods trị giá 500.000đ                                                            5                                              Tặng Phiếu mua hàng mua Smartwatch (trừ Apple, giá trên 5.000.000đ) trị giá 500.000đ                                                            6                                              Tặng Phiếu mua hàng Máy lạnh (sản phẩm trên 10tr) trị giá 300.000đ                                                            7                                              NHẬN HOÀN NGAY ĐẾN 800.000đ khi mở thẻ tín dụng VPBANK MWG  (Xem chi tiết tại đây);;https://www.thegioididong.com/dtdd/iphone-15;Skipped
iPhone 14 128GB;Trắng;Yes;500000;16990000;2026-04-11;Khuyến mãi                      Giá và khuyến mãi dự kiến áp dụng đến 23:59 | 30/04                                                                         1                                          Chọn 1 trong các khuyến mãi:                                                      Giảm giá 3,000,000đ (đã giảm vào giá sản phẩm)                                                                               Tặng phiếu mua hàng Phụ Kiện, Smartwatch, đồng hồ thời trang (trừ Apple, Beats) trị giá 3,600,000đ                                                                                     2                                              Phiếu mua hàng Apple Watch trị giá 500,000đ                                                            3                                              Tặng phiếu mua hàng Macbook (trừ Macbook Air M5 và Macbook Neo) trị giá 1,000,000đ                                                            4                                              Phiếu mua hàng Airpods trị giá 500.000đ                                                            5                                              Tặng Phiếu mua hàng mua Smartwatch (trừ Apple, giá trên 5.000.000đ) trị giá 500.000đ                                                            6                                              Tặng Phiếu mua hàng Máy lạnh (sản phẩm trên 10tr) trị giá 300.000đ                                                            7                                              Thu cũ đổi mới: Giảm đến 2,000,000đ (Không kèm ưu đãi thanh toán qua cổng, mua kèm)  Xem chi tiết                                                            8                                              NHẬN HOÀN NGAY ĐẾN 800.000đ khi mở thẻ tín dụng VPBANK MWG  (Xem chi tiết tại đây);;https://www.thegioididong.com/dtdd/iphone-14;Skipped
Apple Watch Ultra 2 GPS + Cellular 49mm viền Titanium dây Ocean;Titan tự nhiên;No;0;0;2026-04-11;;;https://www.thegioididong.com/dong-ho-thong-minh/apple-watch-ultra-2-lte-49mm-vien-titanium-day-ocean;DEBUG_OOS_Apple Watch Ultra 2 GPS + Cellular 49mm viền Titanium dây Ocean_Titan tự nhiên_115241.png
iPhone 15 256GB;Đen;Yes;21990000;20890000;2026-04-11;Khuyến mãi              Giá và khuyến mãi có thể kết thúc sớm hơn dự kiến                                                                         1                                          Chọn 1 trong các khuyến mãi:                                                      Giảm giá 1,000,000đ (đã giảm vào giá sản phẩm)                                                                               Tặng phiếu mua hàng Phụ Kiện, Smartwatch, đồng hồ thời trang (trừ Apple, Beats) trị giá 1,300,000đ                                                                                     2                                              Phiếu mua hàng Apple Watch trị giá 500,000đ                                                            3                                              Tặng phiếu mua hàng Macbook (trừ Macbook Air M5 và Macbook Neo) trị giá 1,000,000đ                                                            4                                              Phiếu mua hàng Airpods trị giá 500.000đ                                                            5                                              Tặng Phiếu mua hàng mua Smartwatch (trừ Apple, giá trên 5.000.000đ) trị giá 500.000đ                                                            6                                              Tặng Phiếu mua hàng Máy lạnh (sản phẩm trên 10tr) trị giá 300.000đ                                                            7                                              NHẬN HOÀN NGAY ĐẾN 800.000đ khi mở thẻ tín dụng VPBANK MWG  (Xem chi tiết tại đây);;https://www.thegioididong.com/dtdd/iphone-15;Skipped
iPhone 16 128GB;Trắng;Yes;500000;21990000;2026-04-11;Khuyến mãi                      Giá và khuyến mãi dự kiến áp dụng đến 23:59 | 12/04                                                                         1                                          Chọn 1 trong các khuyến mãi:                                                      Giảm giá 1,400,000đ (đã giảm vào giá sản phẩm)                                                                               Tặng phiếu mua hàng Phụ Kiện, Smartwatch, đồng hồ thời trang (trừ Apple, Beats) trị giá 1,700,000đ                                                                                     2                                              Phiếu mua hàng Apple Watch trị giá 500,000đ                                                            3                                              Tặng phiếu mua hàng Macbook (trừ Macbook Air M5 và Macbook Neo) trị giá 1,000,000đ                                                            4                                              Phiếu mua hàng Airpods trị giá 500.000đ                                                            5                                              Tặng Phiếu mua hàng mua Smartwatch (trừ Apple, giá trên 5.000.000đ) trị giá 500.000đ                                                            6                                              Tặng Phiếu mua hàng Máy lạnh (sản phẩm trên 10tr) trị giá 300.000đ                                                            7                                              Thu cũ đổi mới: Giảm đến 2,000,000đ (Không kèm ưu đãi thanh toán qua cổng, mua kèm)  Xem chi tiết                                                            8                                              NHẬN HOÀN NGAY ĐẾN 800.000đ khi mở thẻ tín dụng VPBANK MWG  (Xem chi tiết tại đây);;https://www.thegioididong.com/dtdd/iphone-16;Skipped
iPhone 15 256GB;Hồng nhạt;Yes;21990000;20890000;2026-04-11;Khuyến mãi              Giá và khuyến mãi có thể kết thúc sớm hơn dự kiến                                                                         1                                          Chọn 1 trong các khuyến mãi:                                                      Giảm giá 1,000,000đ (đã giảm vào giá sản phẩm)                                                                               Tặng phiếu mua hàng Phụ Kiện, Smartwatch, đồng hồ thời trang (trừ Apple, Beats) trị giá 1,300,000đ                                                                                     2                                              Phiếu mua hàng Apple Watch trị giá 500,000đ                                                            3                                              Tặng phiếu mua hàng Macbook (trừ Macbook Air M5 và Macbook Neo) trị giá 1,000,000đ                                                            4                                              Phiếu mua hàng Airpods trị giá 500.000đ                                                            5                                              Tặng Phiếu mua hàng mua Smartwatch (trừ Apple, giá trên 5.000.000đ) trị giá 500.000đ                                                            6                                              Tặng Phiếu mua hàng Máy lạnh (sản phẩm trên 10tr) trị giá 300.000đ                                                            7                                              NHẬN HOÀN NGAY ĐẾN 800.000đ khi mở thẻ tín dụng VPBANK MWG  (Xem chi tiết tại đây);;https://www.thegioididong.com/dtdd/iphone-15;Skipped
iPhone 14 128GB;Đen;Yes;500000;16990000;2026-04-11;Khuyến mãi                      Giá và khuyến mãi dự kiến áp dụng đến 23:59 | 30/04                                                                         1                                          Chọn 1 trong các khuyến mãi:                                                      Giảm giá 3,000,000đ (đã giảm vào giá sản phẩm)                                                                               Tặng phiếu mua hàng Phụ Kiện, Smartwatch, đồng hồ thời trang (trừ Apple, Beats) trị giá 3,600,000đ                                                                                     2                                              Phiếu mua hàng Apple Watch trị giá 500,000đ                                                            3                                              Tặng phiếu mua hàng Macbook (trừ Macbook Air M5 và Macbook Neo) trị giá 1,000,000đ                                                            4                                              Phiếu mua hàng Airpods trị giá 500.000đ                                                            5                                              Tặng Phiếu mua hàng mua Smartwatch (trừ Apple, giá trên 5.000.000đ) trị giá 500.000đ                                                            6                                              Tặng Phiếu mua hàng Máy lạnh (sản phẩm trên 10tr) trị giá 300.000đ                                                            7                                              Thu cũ đổi mới: Giảm đến 2,000,000đ (Không kèm ưu đãi thanh toán qua cổng, mua kèm)  Xem chi tiết                                                            8                                              NHẬN HOÀN NGAY ĐẾN 800.000đ khi mở thẻ tín dụng VPBANK MWG  (Xem chi tiết tại đây);;https://www.thegioididong.com/dtdd/iphone-14;Skipped
iPhone 16 256GB;Đen;Yes;24990000;22790000;2026-04-11;Khuyến mãi              Giá và khuyến mãi có thể kết thúc sớm hơn dự kiến                                                                         1                                          Chọn 1 trong các khuyến mãi:                                                      Giảm giá 1,000,000đ (đã giảm vào giá sản phẩm)                                                                               Tặng phiếu mua hàng Phụ Kiện, Smartwatch, đồng hồ thời trang (trừ Apple, Beats) trị giá 1,300,000đ                                                                                     2                                              Phiếu mua hàng Apple Watch trị giá 500,000đ                                                            3                                              Tặng phiếu mua hàng Macbook (trừ Macbook Air M5 và Macbook Neo) trị giá 1,000,000đ                                                            4                                              Phiếu mua hàng Airpods trị giá 500.000đ                                                            5                                              Tặng Phiếu mua hàng mua Smartwatch (trừ Apple, giá trên 5.000.000đ) trị giá 500.000đ                                                            6                                              Tặng Phiếu mua hàng Máy lạnh (sản phẩm trên 10tr) trị giá 300.000đ                                                            7                                              NHẬN HOÀN NGAY ĐẾN 800.000đ khi mở thẻ tín dụng VPBANK MWG  (Xem chi tiết tại đây);;https://www.thegioididong.com/dtdd/iphone-16;Skipped
iPhone 15 256GB;Xanh dương nhạt;Yes;21990000;20890000;2026-04-11;Khuyến mãi              Giá và khuyến mãi có thể kết thúc sớm hơn dự kiến                                                                         1                                          Chọn 1 trong các khuyến mãi:                                                      Giảm giá 1,000,000đ (đã giảm vào giá sản phẩm)                                                                               Tặng phiếu mua hàng Phụ Kiện, Smartwatch, đồng hồ thời trang (trừ Apple, Beats) trị giá 1,300,000đ                                                                                     2                                              Phiếu mua hàng Apple Watch trị giá 500,000đ                                                            3                                              Tặng phiếu mua hàng Macbook (trừ Macbook Air M5 và Macbook Neo) trị giá 1,000,000đ                                                            4                                              Phiếu mua hàng Airpods trị giá 500.000đ                                                            5                                              Tặng Phiếu mua hàng mua Smartwatch (trừ Apple, giá trên 5.000.000đ) trị giá 500.000đ                                                            6                                              Tặng Phiếu mua hàng Máy lạnh (sản phẩm trên 10tr) trị giá 300.000đ                                                            7                                              NHẬN HOÀN NGAY ĐẾN 800.000đ khi mở thẻ tín dụng VPBANK MWG  (Xem chi tiết tại đây);;https://www.thegioididong.com/dtdd/iphone-15;Skipped
iPhone 16 Plus 128GB;Xanh Lưu Ly;Yes;500000;25990000;2026-04-11;Khuyến mãi                      Giá và khuyến mãi dự kiến áp dụng đến 23:59 | 12/04                                                                         1                                          Chọn 1 trong các khuyến mãi:                                                      Giảm giá 1,400,000đ (đã giảm vào giá sản phẩm)                                                                               Tặng phiếu mua hàng Phụ Kiện, Smartwatch, đồng hồ thời trang (trừ Apple, Beats) trị giá 1,700,000đ                                                                                     2                                              Phiếu mua hàng Apple Watch trị giá 500,000đ                                                            3                                              Tặng phiếu mua hàng Macbook (trừ Macbook Air M5 và Macbook Neo) trị giá 1,000,000đ                                                            4                                              Phiếu mua hàng Airpods trị giá 500.000đ                                                            5                                              Tặng Phiếu mua hàng mua Smartwatch (trừ Apple, giá trên 5.000.000đ) trị giá 500.000đ                                                            6                                              Tặng Phiếu mua hàng Máy lạnh (sản phẩm trên 10tr) trị giá 300.000đ                                                            7                                              Thu cũ đổi mới: Giảm đến 2,000,000đ (Không kèm ưu đãi thanh toán qua cổng, mua kèm)  Xem chi tiết                                                            8                                              NHẬN HOÀN NGAY ĐẾN 800.000đ khi mở thẻ tín dụng VPBANK MWG  (Xem chi tiết tại đây);;https://www.thegioididong.com/dtdd/iphone-16-plus;Skipped
iPhone 16 256GB;Xanh Lưu Ly;Yes;24990000;22790000;2026-04-11;Khuyến mãi              Giá và khuyến mãi có thể kết thúc sớm hơn dự kiến                                                                         1                                          Chọn 1 trong các khuyến mãi:                                                      Giảm giá 1,000,000đ (đã giảm vào giá sản phẩm)                                                                               Tặng phiếu mua hàng Phụ Kiện, Smartwatch, đồng hồ thời trang (trừ Apple, Beats) trị giá 1,300,000đ                                                                                     2                                              Phiếu mua hàng Apple Watch trị giá 500,000đ                                                            3                                              Tặng phiếu mua hàng Macbook (trừ Macbook Air M5 và Macbook Neo) trị giá 1,000,000đ                                                            4                                              Phiếu mua hàng Airpods trị giá 500.000đ                                                            5                                              Tặng Phiếu mua hàng mua Smartwatch (trừ Apple, giá trên 5.000.000đ) trị giá 500.000đ                                                            6                                              Tặng Phiếu mua hàng Máy lạnh (sản phẩm trên 10tr) trị giá 300.000đ                                                            7                                              NHẬN HOÀN NGAY ĐẾN 800.000đ khi mở thẻ tín dụng VPBANK MWG  (Xem chi tiết tại đây);;https://www.thegioididong.com/dtdd/iphone-16;Skipped
iPhone 15 256GB;Đen;Yes;21990000;20890000;2026-04-11;Khuyến mãi              Giá và khuyến mãi có thể kết thúc sớm hơn dự kiến                                                                         1                                          Chọn 1 trong các khuyến mãi:                                                      Giảm giá 1,000,000đ (đã giảm vào giá sản phẩm)                                                                               Tặng phiếu mua hàng Phụ Kiện, Smartwatch, đồng hồ thời trang (trừ Apple, Beats) trị giá 1,300,000đ                                                                                     2                                              Phiếu mua hàng Apple Watch trị giá 500,000đ                                                            3                                              Tặng phiếu mua hàng Macbook (trừ Macbook Air M5 và Macbook Neo) trị giá 1,000,000đ                                                            4                                              Phiếu mua hàng Airpods trị giá 500.000đ                                                            5                                              Tặng Phiếu mua hàng mua Smartwatch (trừ Apple, giá trên 5.000.000đ) trị giá 500.000đ                                                            6                                              Tặng Phiếu mua hàng Máy lạnh (sản phẩm trên 10tr) trị giá 300.000đ                                                            7                                              NHẬN HOÀN NGAY ĐẾN 800.000đ khi mở thẻ tín dụng VPBANK MWG  (Xem chi tiết tại đây);;https://www.thegioididong.com/dtdd/iphone-15;Skipped
iPhone 16 256GB;Xanh Mòng Két;Yes;24990000;22790000;2026-04-11;Khuyến mãi              Giá và khuyến mãi có thể kết thúc sớm hơn dự kiến                                                                         1                                          Chọn 1 trong các khuyến mãi:                                                      Giảm giá 1,000,000đ (đã giảm vào giá sản phẩm)                                                                               Tặng phiếu mua hàng Phụ Kiện, Smartwatch, đồng hồ thời trang (trừ Apple, Beats) trị giá 1,300,000đ                                                                                     2                                              Phiếu mua hàng Apple Watch trị giá 500,000đ                                                            3                                              Tặng phiếu mua hàng Macbook (trừ Macbook Air M5 và Macbook Neo) trị giá 1,000,000đ                                                            4                                              Phiếu mua hàng Airpods trị giá 500.000đ                                                            5                                              Tặng Phiếu mua hàng mua Smartwatch (trừ Apple, giá trên 5.000.000đ) trị giá 500.000đ                                                            6                                              Tặng Phiếu mua hàng Máy lạnh (sản phẩm trên 10tr) trị giá 300.000đ                                                            7                                              NHẬN HOÀN NGAY ĐẾN 800.000đ khi mở thẻ tín dụng VPBANK MWG  (Xem chi tiết tại đây);;https://www.thegioididong.com/dtdd/iphone-16;Skipped
iPhone 16 Pro 128GB;Titan tự nhiên;No;0;0;2026-04-11;;;https://www.thegioididong.com/dtdd/iphone-16-pro;DEBUG_OOS_iPhone 16 Pro 128GB_Titan tự nhiên_115257.png
iPhone 16 Plus 128GB;Hồng;Yes;500000;25990000;2026-04-11;Khuyến mãi                      Giá và khuyến mãi dự kiến áp dụng đến 23:59 | 12/04                                                                         1                                          Chọn 1 trong các khuyến mãi:                                                      Giảm giá 1,400,000đ (đã giảm vào giá sản phẩm)                                                                               Tặng phiếu mua hàng Phụ Kiện, Smartwatch, đồng hồ thời trang (trừ Apple, Beats) trị giá 1,700,000đ                                                                                     2                                              Phiếu mua hàng Apple Watch trị giá 500,000đ                                                            3                                              Tặng phiếu mua hàng Macbook (trừ Macbook Air M5 và Macbook Neo) trị giá 1,000,000đ                                                            4                                              Phiếu mua hàng Airpods trị giá 500.000đ                                                            5                                              Tặng Phiếu mua hàng mua Smartwatch (trừ Apple, giá trên 5.000.000đ) trị giá 500.000đ                                                            6                                              Tặng Phiếu mua hàng Máy lạnh (sản phẩm trên 10tr) trị giá 300.000đ                                                            7                                              Thu cũ đổi mới: Giảm đến 2,000,000đ (Không kèm ưu đãi thanh toán qua cổng, mua kèm)  Xem chi tiết                                                            8                                              NHẬN HOÀN NGAY ĐẾN 800.000đ khi mở thẻ tín dụng VPBANK MWG  (Xem chi tiết tại đây);;https://www.thegioididong.com/dtdd/iphone-16-plus;Skipped
iPhone 16 256GB;Trắng;Yes;24990000;22790000;2026-04-11;Khuyến mãi              Giá và khuyến mãi có thể kết thúc sớm hơn dự kiến                                                                         1                                          Chọn 1 trong các khuyến mãi:                                                      Giảm giá 1,000,000đ (đã giảm vào giá sản phẩm)                                                                               Tặng phiếu mua hàng Phụ Kiện, Smartwatch, đồng hồ thời trang (trừ Apple, Beats) trị giá 1,300,000đ                                                                                     2                                              Phiếu mua hàng Apple Watch trị giá 500,000đ                                                            3                                              Tặng phiếu mua hàng Macbook (trừ Macbook Air M5 và Macbook Neo) trị giá 1,000,000đ                                                            4                                              Phiếu mua hàng Airpods trị giá 500.000đ                                                            5                                              Tặng Phiếu mua hàng mua Smartwatch (trừ Apple, giá trên 5.000.000đ) trị giá 500.000đ                                                            6                                              Tặng Phiếu mua hàng Máy lạnh (sản phẩm trên 10tr) trị giá 300.000đ                                                            7                                              NHẬN HOÀN NGAY ĐẾN 800.000đ khi mở thẻ tín dụng VPBANK MWG  (Xem chi tiết tại đây);;https://www.thegioididong.com/dtdd/iphone-16;Skipped
iPhone 16 Pro 128GB;Titan trắng;No;0;0;2026-04-11;;;https://www.thegioididong.com/dtdd/iphone-16-pro;DEBUG_OOS_iPhone 16 Pro 128GB_Titan trắng_115304.png
iPhone 16 Plus 128GB;Đen;Yes;500000;25990000;2026-04-11;Khuyến mãi                      Giá và khuyến mãi dự kiến áp dụng đến 23:59 | 12/04                                                                         1                                          Chọn 1 trong các khuyến mãi:                                                      Giảm giá 1,400,000đ (đã giảm vào giá sản phẩm)                                                                               Tặng phiếu mua hàng Phụ Kiện, Smartwatch, đồng hồ thời trang (trừ Apple, Beats) trị giá 1,700,000đ                                                                                     2                                              Phiếu mua hàng Apple Watch trị giá 500,000đ                                                            3                                              Tặng phiếu mua hàng Macbook (trừ Macbook Air M5 và Macbook Neo) trị giá 1,000,000đ                                                            4                                              Phiếu mua hàng Airpods trị giá 500.000đ                                                            5                                              Tặng Phiếu mua hàng mua Smartwatch (trừ Apple, giá trên 5.000.000đ) trị giá 500.000đ                                                            6                                              Tặng Phiếu mua hàng Máy lạnh (sản phẩm trên 10tr) trị giá 300.000đ                                                            7                                              Thu cũ đổi mới: Giảm đến 2,000,000đ (Không kèm ưu đãi thanh toán qua cổng, mua kèm)  Xem chi tiết                                                            8                                              NHẬN HOÀN NGAY ĐẾN 800.000đ khi mở thẻ tín dụng VPBANK MWG  (Xem chi tiết tại đây);;https://www.thegioididong.com/dtdd/iphone-16-plus;Skipped
iPhone 16 Pro 128GB;Titan đen;No;0;0;2026-04-11;;;https://www.thegioididong.com/dtdd/iphone-16-pro;DEBUG_OOS_iPhone 16 Pro 128GB_Titan đen_115311.png
iPhone 16 Plus 128GB;Xanh Mòng Két;Yes;500000;25990000;2026-04-11;Khuyến mãi                      Giá và khuyến mãi dự kiến áp dụng đến 23:59 | 12/04                                                                         1                                          Chọn 1 trong các khuyến mãi:                                                      Giảm giá 1,400,000đ (đã giảm vào giá sản phẩm)                                                                               Tặng phiếu mua hàng Phụ Kiện, Smartwatch, đồng hồ thời trang (trừ Apple, Beats) trị giá 1,700,000đ                                                                                     2                                              Phiếu mua hàng Apple Watch trị giá 500,000đ                                                            3                                              Tặng phiếu mua hàng Macbook (trừ Macbook Air M5 và Macbook Neo) trị giá 1,000,000đ                                                            4                                              Phiếu mua hàng Airpods trị giá 500.000đ                                                            5                                              Tặng Phiếu mua hàng mua Smartwatch (trừ Apple, giá trên 5.000.000đ) trị giá 500.000đ                                                            6                                              Tặng Phiếu mua hàng Máy lạnh (sản phẩm trên 10tr) trị giá 300.000đ                                                            7                                              Thu cũ đổi mới: Giảm đến 2,000,000đ (Không kèm ưu đãi thanh toán qua cổng, mua kèm)  Xem chi tiết                                                            8                                              NHẬN HOÀN NGAY ĐẾN 800.000đ khi mở thẻ tín dụng VPBANK MWG  (Xem chi tiết tại đây);;https://www.thegioididong.com/dtdd/iphone-16-plus;Skipped
iPhone 16 Pro 128GB;Titan Sa Mạc;No;0;0;2026-04-11;;;https://www.thegioididong.com/dtdd/iphone-16-pro;DEBUG_OOS_iPhone 16 Pro 128GB_Titan Sa Mạc_115318.png
iPhone 16 Plus 128GB;Trắng;Yes;500000;25990000;2026-04-11;Khuyến mãi                      Giá và khuyến mãi dự kiến áp dụng đến 23:59 | 12/04                                                                         1                                          Chọn 1 trong các khuyến mãi:                                                      Giảm giá 1,400,000đ (đã giảm vào giá sản phẩm)                                                                               Tặng phiếu mua hàng Phụ Kiện, Smartwatch, đồng hồ thời trang (trừ Apple, Beats) trị giá 1,700,000đ                                                                                     2                                              Phiếu mua hàng Apple Watch trị giá 500,000đ                                                            3                                              Tặng phiếu mua hàng Macbook (trừ Macbook Air M5 và Macbook Neo) trị giá 1,000,000đ                                                            4                                              Phiếu mua hàng Airpods trị giá 500.000đ                                                            5                                              Tặng Phiếu mua hàng mua Smartwatch (trừ Apple, giá trên 5.000.000đ) trị giá 500.000đ                                                            6                                              Tặng Phiếu mua hàng Máy lạnh (sản phẩm trên 10tr) trị giá 300.000đ                                                            7                                              Thu cũ đổi mới: Giảm đến 2,000,000đ (Không kèm ưu đãi thanh toán qua cổng, mua kèm)  Xem chi tiết                                                            8                                              NHẬN HOÀN NGAY ĐẾN 800.000đ khi mở thẻ tín dụng VPBANK MWG  (Xem chi tiết tại đây);;https://www.thegioididong.com/dtdd/iphone-16-plus;Skipped
iPhone 16 Plus 256GB;Xanh Lưu Ly;Yes;500000;28990000;2026-04-11;Khuyến mãi                      Giá và khuyến mãi dự kiến áp dụng đến 23:59 | 12/04                                                                         1                                          Chọn 1 trong các khuyến mãi:                                                      Giảm giá 1,400,000đ (đã giảm vào giá sản phẩm)                                                                               Tặng phiếu mua hàng Phụ Kiện, Smartwatch, đồng hồ thời trang (trừ Apple, Beats) trị giá 1,700,000đ                                                                                     2                                              Phiếu mua hàng Apple Watch trị giá 500,000đ                                                            3                                              Tặng phiếu mua hàng Macbook (trừ Macbook Air M5 và Macbook Neo) trị giá 1,000,000đ                                                            4                                              Phiếu mua hàng Airpods trị giá 500.000đ                                                            5                                              Tặng Phiếu mua hàng mua Smartwatch (trừ Apple, giá trên 5.000.000đ) trị giá 500.000đ                                                            6                                              Tặng Phiếu mua hàng Máy lạnh (sản phẩm trên 10tr) trị giá 300.000đ                                                            7                                              Thu cũ đổi mới: Giảm đến 2,000,000đ (Không kèm ưu đãi thanh toán qua cổng, mua kèm)  Xem chi tiết                                                            8                                              NHẬN HOÀN NGAY ĐẾN 800.000đ khi mở thẻ tín dụng VPBANK MWG  (Xem chi tiết tại đây);;https://www.thegioididong.com/dtdd/iphone-16-plus;Skipped
iPhone 16 Pro 128GB;Titan tự nhiên;No;0;0;2026-04-11;;;https://www.thegioididong.com/dtdd/iphone-16-pro;DEBUG_OOS_iPhone 16 Pro 128GB_Titan tự nhiên_115327.png
iPhone 16 Pro Max 256GB;Default/Unknown;Yes;500000;33990000;2026-04-11;Khuyến mãi                      Giá và khuyến mãi dự kiến áp dụng đến 23:59 | 30/04                                                                         1                                          Chọn 1 trong các khuyến mãi:                                                      Giảm giá 2,400,000đ (đã giảm vào giá sản phẩm)                                                                               Tặng phiếu mua hàng Phụ Kiện, Smartwatch, đồng hồ thời trang (trừ Apple, Beats) trị giá 2,900,000đ                                                                                     2                                              Phiếu mua hàng Apple Watch trị giá 500,000đ                                                            3                                              Tặng phiếu mua hàng Macbook (trừ Macbook Air M5 và Macbook Neo) trị giá 1,000,000đ                                                            4                                              Phiếu mua hàng Airpods trị giá 500.000đ                                                            5                                              Tặng Phiếu mua hàng mua Smartwatch (trừ Apple, giá trên 5.000.000đ) trị giá 500.000đ                                                            6                                              Tặng Phiếu mua hàng Máy lạnh (sản phẩm trên 10tr) trị giá 300.000đ                                                            7                                              Thu cũ đổi mới: Giảm đến 2,000,000đ (Không kèm ưu đãi thanh toán qua cổng, mua kèm)  Xem chi tiết                                                            8                                              NHẬN HOÀN NGAY ĐẾN 800.000đ khi mở thẻ tín dụng VPBANK MWG  (Xem chi tiết tại đây);;https://www.thegioididong.com/dtdd/iphone-16-pro-max;Skipped
iPhone 16 Pro 128GB;Titan trắng;No;0;0;2026-04-11;;;https://www.thegioididong.com/dtdd/iphone-16-pro;DEBUG_OOS_iPhone 16 Pro 128GB_Titan trắng_115333.png
iPhone 16 Plus 256GB;Trắng;Yes;500000;28990000;2026-04-11;Khuyến mãi                      Giá và khuyến mãi dự kiến áp dụng đến 23:59 | 12/04                                                                         1                                          Chọn 1 trong các khuyến mãi:                                                      Giảm giá 1,400,000đ (đã giảm vào giá sản phẩm)                                                                               Tặng phiếu mua hàng Phụ Kiện, Smartwatch, đồng hồ thời trang (trừ Apple, Beats) trị giá 1,700,000đ                                                                                     2                                              Phiếu mua hàng Apple Watch trị giá 500,000đ                                                            3                                              Tặng phiếu mua hàng Macbook (trừ Macbook Air M5 và Macbook Neo) trị giá 1,000,000đ                                                            4                                              Phiếu mua hàng Airpods trị giá 500.000đ                                                            5                                              Tặng Phiếu mua hàng mua Smartwatch (trừ Apple, giá trên 5.000.000đ) trị giá 500.000đ                                                            6                                              Tặng Phiếu mua hàng Máy lạnh (sản phẩm trên 10tr) trị giá 300.000đ                                                            7                                              Thu cũ đổi mới: Giảm đến 2,000,000đ (Không kèm ưu đãi thanh toán qua cổng, mua kèm)  Xem chi tiết                                                            8                                              NHẬN HOÀN NGAY ĐẾN 800.000đ khi mở thẻ tín dụng VPBANK MWG  (Xem chi tiết tại đây);;https://www.thegioididong.com/dtdd/iphone-16-plus;Skipped
iPhone 17 256GB;Xanh Lam Khói;Yes;24990000;24490000;2026-04-11;Khuyến mãi              Giá và khuyến mãi có thể kết thúc sớm hơn dự kiến                                                                         1                                          Chọn 1 trong các khuyến mãi:                                                      Giảm giá 400,000đ (đã giảm vào giá sản phẩm)                                                                               Tặng phiếu mua hàng Phụ Kiện, Smartwatch, đồng hồ thời trang (trừ Apple, Beats) trị giá 500,000đ                                                                                     2                                              Phiếu mua hàng Apple Watch trị giá 500,000đ                                                            3                                              Tặng phiếu mua hàng Macbook (trừ Macbook Air M5 và Macbook Neo) trị giá 1,000,000đ                                                            4                                              Phiếu mua hàng Airpods trị giá 500.000đ                                                            5                                              Tặng Phiếu mua hàng mua Smartwatch (trừ Apple, giá trên 5.000.000đ) trị giá 500.000đ                                                            6                                              Tặng Phiếu mua hàng Máy lạnh (sản phẩm trên 10tr) trị giá 300.000đ                                                            7                                              NHẬN HOÀN NGAY ĐẾN 800.000đ khi mở thẻ tín dụng VPBANK MWG  (Xem chi tiết tại đây);;https://www.thegioididong.com/dtdd/iphone-17;Skipped
iPhone 16e 128GB;Đen;Yes;500000;16990000;2026-04-11;Khuyến mãi                      Giá và khuyến mãi dự kiến áp dụng đến 23:59 | 30/04                                                                         1                                          Chọn 1 trong các khuyến mãi:                                                      Giảm giá 1,000,000đ (đã giảm vào giá sản phẩm)                                                                               Tặng phiếu mua hàng Phụ Kiện, Smartwatch, đồng hồ thời trang (trừ Apple, Beats) trị giá 1,300,000đ                                                                                     2                                              Phiếu mua hàng Apple Watch trị giá 500,000đ                                                            3                                              Tặng phiếu mua hàng Macbook (trừ Macbook Air M5 và Macbook Neo) trị giá 1,000,000đ                                                            4                                              Phiếu mua hàng Airpods trị giá 500.000đ                                                            5                                              Tặng Phiếu mua hàng mua Smartwatch (trừ Apple, giá trên 5.000.000đ) trị giá 500.000đ                                                            6                                              Tặng Phiếu mua hàng Máy lạnh (sản phẩm trên 10tr) trị giá 300.000đ                                                            7                                              Thu cũ đổi mới: Giảm đến 2,000,000đ (Không kèm ưu đãi thanh toán qua cổng, mua kèm)  Xem chi tiết                                                            8                                              NHẬN HOÀN NGAY ĐẾN 800.000đ khi mở thẻ tín dụng VPBANK MWG  (Xem chi tiết tại đây);;https://www.thegioididong.com/dtdd/iphone-16e;Skipped
iPhone 16e 128GB;Trắng;No;500000;16990000;2026-04-11;Khuyến mãi                      Giá và khuyến mãi dự kiến áp dụng đến 23:59 | 30/04                                                                         1                                          Chọn 1 trong các khuyến mãi:                                                      Giảm giá 1,000,000đ                                                                               Tặng phiếu mua hàng Phụ Kiện, Smartwatch, đồng hồ thời trang (trừ Apple, Beats) trị giá 1,300,000đ                                                                                     2                                              Phiếu mua hàng Apple Watch trị giá 500,000đ                                                            3                                              Tặng phiếu mua hàng Macbook (trừ Macbook Air M5 và Macbook Neo) trị giá 1,000,000đ                                                            4                                              Phiếu mua hàng Airpods trị giá 500.000đ                                                            5                                              Tặng Phiếu mua hàng mua Smartwatch (trừ Apple, giá trên 5.000.000đ) trị giá 500.000đ                                                            6                                              Tặng Phiếu mua hàng Máy lạnh (sản phẩm trên 10tr) trị giá 300.000đ                                                            7                                              Thu cũ đổi mới: Giảm đến 2,000,000đ (Không kèm ưu đãi thanh toán qua cổng, mua kèm)  Xem chi tiết                                                            8                                              NHẬN HOÀN NGAY ĐẾN 800.000đ khi mở thẻ tín dụng VPBANK MWG  (Xem chi tiết tại đây);;https://www.thegioididong.com/dtdd/iphone-16e;DEBUG_OOS_iPhone 16e 128GB_Trắng_115339.png
iPhone 16 Pro 128GB;Titan đen;No;0;0;2026-04-11;;;https://www.thegioididong.com/dtdd/iphone-16-pro;DEBUG_OOS_iPhone 16 Pro 128GB_Titan đen_115340.png
iPhone 16 Plus 256GB;Hồng;Yes;500000;28990000;2026-04-11;Khuyến mãi                      Giá và khuyến mãi dự kiến áp dụng đến 23:59 | 12/04                                                                         1                                          Chọn 1 trong các khuyến mãi:                                                      Giảm giá 1,400,000đ (đã giảm vào giá sản phẩm)                                                                               Tặng phiếu mua hàng Phụ Kiện, Smartwatch, đồng hồ thời trang (trừ Apple, Beats) trị giá 1,700,000đ                                                                                     2                                              Phiếu mua hàng Apple Watch trị giá 500,000đ                                                            3                                              Tặng phiếu mua hàng Macbook (trừ Macbook Air M5 và Macbook Neo) trị giá 1,000,000đ                                                            4                                              Phiếu mua hàng Airpods trị giá 500.000đ                                                            5                                              Tặng Phiếu mua hàng mua Smartwatch (trừ Apple, giá trên 5.000.000đ) trị giá 500.000đ                                                            6                                              Tặng Phiếu mua hàng Máy lạnh (sản phẩm trên 10tr) trị giá 300.000đ                                                            7                                              Thu cũ đổi mới: Giảm đến 2,000,000đ (Không kèm ưu đãi thanh toán qua cổng, mua kèm)  Xem chi tiết                                                            8                                              NHẬN HOÀN NGAY ĐẾN 800.000đ khi mở thẻ tín dụng VPBANK MWG  (Xem chi tiết tại đây);;https://www.thegioididong.com/dtdd/iphone-16-plus;Skipped
iPhone 17 256GB;Xanh Lá Xô Thơm;Yes;500000;24990000;2026-04-11;Khuyến mãi                      Giá và khuyến mãi dự kiến áp dụng đến 23:59 | 30/04                                                                         1                                          Chọn 1 trong các khuyến mãi:                                                      Giảm giá 400,000đ (đã giảm vào giá sản phẩm)                                                                               Tặng phiếu mua hàng Phụ Kiện, Smartwatch, đồng hồ thời trang (trừ Apple, Beats) trị giá 500,000đ                                                                                     2                                              Phiếu mua hàng Apple Watch trị giá 500,000đ                                                            3                                              Tặng phiếu mua hàng Macbook (trừ Macbook Air M5 và Macbook Neo) trị giá 1,000,000đ                                                            4                                              Phiếu mua hàng Airpods trị giá 500.000đ                                                            5                                              Tặng Phiếu mua hàng mua Smartwatch (trừ Apple, giá trên 5.000.000đ) trị giá 500.000đ                                                            6                                              Tặng Phiếu mua hàng Máy lạnh (sản phẩm trên 10tr) trị giá 300.000đ                                                            7                                              Thu cũ đổi mới: Giảm đến 2,000,000đ (Không kèm ưu đãi thanh toán qua cổng, mua kèm)  Xem chi tiết                                                            8                                              NHẬN HOÀN NGAY ĐẾN 800.000đ khi mở thẻ tín dụng VPBANK MWG  (Xem chi tiết tại đây);;https://www.thegioididong.com/dtdd/iphone-17;Skipped
iPhone 17 256GB;Tím Oải Hương;Yes;24990000;24490000;2026-04-11;Khuyến mãi              Giá và khuyến mãi có thể kết thúc sớm hơn dự kiến                                                                         1                                          Chọn 1 trong các khuyến mãi:                                                      Giảm giá 400,000đ (đã giảm vào giá sản phẩm)                                                                               Tặng phiếu mua hàng Phụ Kiện, Smartwatch, đồng hồ thời trang (trừ Apple, Beats) trị giá 500,000đ                                                                                     2                                              Phiếu mua hàng Apple Watch trị giá 500,000đ                                                            3                                              Tặng phiếu mua hàng Macbook (trừ Macbook Air M5 và Macbook Neo) trị giá 1,000,000đ                                                            4                                              Phiếu mua hàng Airpods trị giá 500.000đ                                                            5                                              Tặng Phiếu mua hàng mua Smartwatch (trừ Apple, giá trên 5.000.000đ) trị giá 500.000đ                                                            6                                              Tặng Phiếu mua hàng Máy lạnh (sản phẩm trên 10tr) trị giá 300.000đ                                                            7                                              NHẬN HOÀN NGAY ĐẾN 800.000đ khi mở thẻ tín dụng VPBANK MWG  (Xem chi tiết tại đây);;https://www.thegioididong.com/dtdd/iphone-17;Skipped
iPhone 16 Pro 128GB;Titan Sa Mạc;No;0;0;2026-04-11;;;https://www.thegioididong.com/dtdd/iphone-16-pro;DEBUG_OOS_iPhone 16 Pro 128GB_Titan Sa Mạc_115346.png
iPhone 16e 512GB;Trắng;Yes;500000;26490000;2026-04-11;Khuyến mãi                      Giá và khuyến mãi dự kiến áp dụng đến 23:59 | 30/04                                                                         1                                          Chọn 1 trong các khuyến mãi:                                                      Giảm giá 1,000,000đ (đã giảm vào giá sản phẩm)                                                                               Tặng phiếu mua hàng Phụ Kiện, Smartwatch, đồng hồ thời trang (trừ Apple, Beats) trị giá 1,300,000đ                                                                                     2                                              Phiếu mua hàng Apple Watch trị giá 500,000đ                                                            3                                              Tặng phiếu mua hàng Macbook (trừ Macbook Air M5 và Macbook Neo) trị giá 1,000,000đ                                                            4                                              Phiếu mua hàng Airpods trị giá 500.000đ                                                            5                                              Tặng Phiếu mua hàng mua Smartwatch (trừ Apple, giá trên 5.000.000đ) trị giá 500.000đ                                                            6                                              Tặng Phiếu mua hàng Máy lạnh (sản phẩm trên 10tr) trị giá 300.000đ                                                            7                                              Thu cũ đổi mới: Giảm đến 2,000,000đ (Không kèm ưu đãi thanh toán qua cổng, mua kèm)  Xem chi tiết                                                            8                                              NHẬN HOÀN NGAY ĐẾN 800.000đ khi mở thẻ tín dụng VPBANK MWG  (Xem chi tiết tại đây);;https://www.thegioididong.com/dtdd/iphone-16e;Skipped
iPhone 16 Plus 256GB;Đen;Yes;500000;28990000;2026-04-11;Khuyến mãi                      Giá và khuyến mãi dự kiến áp dụng đến 23:59 | 12/04                                                                         1                                          Chọn 1 trong các khuyến mãi:                                                      Giảm giá 1,400,000đ (đã giảm vào giá sản phẩm)                                                                               Tặng phiếu mua hàng Phụ Kiện, Smartwatch, đồng hồ thời trang (trừ Apple, Beats) trị giá 1,700,000đ                                                                                     2                                              Phiếu mua hàng Apple Watch trị giá 500,000đ                                                            3                                              Tặng phiếu mua hàng Macbook (trừ Macbook Air M5 và Macbook Neo) trị giá 1,000,000đ                                                            4                                              Phiếu mua hàng Airpods trị giá 500.000đ                                                            5                                              Tặng Phiếu mua hàng mua Smartwatch (trừ Apple, giá trên 5.000.000đ) trị giá 500.000đ                                                            6                                              Tặng Phiếu mua hàng Máy lạnh (sản phẩm trên 10tr) trị giá 300.000đ                                                            7                                              Thu cũ đổi mới: Giảm đến 2,000,000đ (Không kèm ưu đãi thanh toán qua cổng, mua kèm)  Xem chi tiết                                                            8                                              NHẬN HOÀN NGAY ĐẾN 800.000đ khi mở thẻ tín dụng VPBANK MWG  (Xem chi tiết tại đây);;https://www.thegioididong.com/dtdd/iphone-16-plus;Skipped
iPhone 17 256GB;Trắng;Yes;500000;24990000;2026-04-11;Khuyến mãi                      Giá và khuyến mãi dự kiến áp dụng đến 23:59 | 30/04                                                                         1                                          Chọn 1 trong các khuyến mãi:                                                      Giảm giá 400,000đ (đã giảm vào giá sản phẩm)                                                                               Tặng phiếu mua hàng Phụ Kiện, Smartwatch, đồng hồ thời trang (trừ Apple, Beats) trị giá 500,000đ                                                                                     2                                              Phiếu mua hàng Apple Watch trị giá 500,000đ                                                            3                                              Tặng phiếu mua hàng Macbook (trừ Macbook Air M5 và Macbook Neo) trị giá 1,000,000đ                                                            4                                              Phiếu mua hàng Airpods trị giá 500.000đ                                                            5                                              Tặng Phiếu mua hàng mua Smartwatch (trừ Apple, giá trên 5.000.000đ) trị giá 500.000đ                                                            6                                              Tặng Phiếu mua hàng Máy lạnh (sản phẩm trên 10tr) trị giá 300.000đ                                                            7                                              Thu cũ đổi mới: Giảm đến 2,000,000đ (Không kèm ưu đãi thanh toán qua cổng, mua kèm)  Xem chi tiết                                                            8                                              NHẬN HOÀN NGAY ĐẾN 800.000đ khi mở thẻ tín dụng VPBANK MWG  (Xem chi tiết tại đây);;https://www.thegioididong.com/dtdd/iphone-17;Skipped
iPhone 16e 512GB;Đen;Yes;500000;26490000;2026-04-11;Khuyến mãi                      Giá và khuyến mãi dự kiến áp dụng đến 23:59 | 30/04                                                                         1                                          Chọn 1 trong các khuyến mãi:                                                      Giảm giá 1,000,000đ (đã giảm vào giá sản phẩm)                                                                               Tặng phiếu mua hàng Phụ Kiện, Smartwatch, đồng hồ thời trang (trừ Apple, Beats) trị giá 1,300,000đ                                                                                     2                                              Phiếu mua hàng Apple Watch trị giá 500,000đ                                                            3                                              Tặng phiếu mua hàng Macbook (trừ Macbook Air M5 và Macbook Neo) trị giá 1,000,000đ                                                            4                                              Phiếu mua hàng Airpods trị giá 500.000đ                                                            5                                              Tặng Phiếu mua hàng mua Smartwatch (trừ Apple, giá trên 5.000.000đ) trị giá 500.000đ                                                            6                                              Tặng Phiếu mua hàng Máy lạnh (sản phẩm trên 10tr) trị giá 300.000đ                                                            7                                              Thu cũ đổi mới: Giảm đến 2,000,000đ (Không kèm ưu đãi thanh toán qua cổng, mua kèm)  Xem chi tiết                                                            8                                              NHẬN HOÀN NGAY ĐẾN 800.000đ khi mở thẻ tín dụng VPBANK MWG  (Xem chi tiết tại đây);;https://www.thegioididong.com/dtdd/iphone-16e;Skipped
iPhone 16 Plus 256GB;Xanh Mòng Két;Yes;500000;28990000;2026-04-11;Khuyến mãi                      Giá và khuyến mãi dự kiến áp dụng đến 23:59 | 12/04                                                                         1                                          Chọn 1 trong các khuyến mãi:                                                      Giảm giá 1,400,000đ (đã giảm vào giá sản phẩm)                                                                               Tặng phiếu mua hàng Phụ Kiện, Smartwatch, đồng hồ thời trang (trừ Apple, Beats) trị giá 1,700,000đ                                                                                     2                                              Phiếu mua hàng Apple Watch trị giá 500,000đ                                                            3                                              Tặng phiếu mua hàng Macbook (trừ Macbook Air M5 và Macbook Neo) trị giá 1,000,000đ                                                            4                                              Phiếu mua hàng Airpods trị giá 500.000đ                                                            5                                              Tặng Phiếu mua hàng mua Smartwatch (trừ Apple, giá trên 5.000.000đ) trị giá 500.000đ                                                            6                                              Tặng Phiếu mua hàng Máy lạnh (sản phẩm trên 10tr) trị giá 300.000đ                                                            7                                              Thu cũ đổi mới: Giảm đến 2,000,000đ (Không kèm ưu đãi thanh toán qua cổng, mua kèm)  Xem chi tiết                                                            8                                              NHẬN HOÀN NGAY ĐẾN 800.000đ khi mở thẻ tín dụng VPBANK MWG  (Xem chi tiết tại đây);;https://www.thegioididong.com/dtdd/iphone-16-plus;Skipped
iPhone 16 Pro 128GB;Titan tự nhiên;No;0;0;2026-04-11;;;https://www.thegioididong.com/dtdd/iphone-16-pro;DEBUG_OOS_iPhone 16 Pro 128GB_Titan tự nhiên_115355.png
iPhone 17 256GB;Đen;Yes;500000;24990000;2026-04-11;Khuyến mãi                      Giá và khuyến mãi dự kiến áp dụng đến 23:59 | 30/04                                                                         1                                          Chọn 1 trong các khuyến mãi:                                                      Giảm giá 400,000đ (đã giảm vào giá sản phẩm)                                                                               Tặng phiếu mua hàng Phụ Kiện, Smartwatch, đồng hồ thời trang (trừ Apple, Beats) trị giá 500,000đ                                                                                     2                                              Phiếu mua hàng Apple Watch trị giá 500,000đ                                                            3                                              Tặng phiếu mua hàng Macbook (trừ Macbook Air M5 và Macbook Neo) trị giá 1,000,000đ                                                            4                                              Phiếu mua hàng Airpods trị giá 500.000đ                                                            5                                              Tặng Phiếu mua hàng mua Smartwatch (trừ Apple, giá trên 5.000.000đ) trị giá 500.000đ                                                            6                                              Tặng Phiếu mua hàng Máy lạnh (sản phẩm trên 10tr) trị giá 300.000đ                                                            7                                              Thu cũ đổi mới: Giảm đến 2,000,000đ (Không kèm ưu đãi thanh toán qua cổng, mua kèm)  Xem chi tiết                                                            8                                              NHẬN HOÀN NGAY ĐẾN 800.000đ khi mở thẻ tín dụng VPBANK MWG  (Xem chi tiết tại đây);;https://www.thegioididong.com/dtdd/iphone-17;Skipped
iPhone 16 Pro 128GB;Titan trắng;No;0;0;2026-04-11;;;https://www.thegioididong.com/dtdd/iphone-16-pro;DEBUG_OOS_iPhone 16 Pro 128GB_Titan trắng_115401.png
iPhone 16e 512GB;Trắng;Yes;500000;26490000;2026-04-11;Khuyến mãi                      Giá và khuyến mãi dự kiến áp dụng đến 23:59 | 30/04                                                                         1                                          Chọn 1 trong các khuyến mãi:                                                      Giảm giá 1,000,000đ (đã giảm vào giá sản phẩm)                                                                               Tặng phiếu mua hàng Phụ Kiện, Smartwatch, đồng hồ thời trang (trừ Apple, Beats) trị giá 1,300,000đ                                                                                     2                                              Phiếu mua hàng Apple Watch trị giá 500,000đ                                                            3                                              Tặng phiếu mua hàng Macbook (trừ Macbook Air M5 và Macbook Neo) trị giá 1,000,000đ                                                            4                                              Phiếu mua hàng Airpods trị giá 500.000đ                                                            5                                              Tặng Phiếu mua hàng mua Smartwatch (trừ Apple, giá trên 5.000.000đ) trị giá 500.000đ                                                            6                                              Tặng Phiếu mua hàng Máy lạnh (sản phẩm trên 10tr) trị giá 300.000đ                                                            7                                              Thu cũ đổi mới: Giảm đến 2,000,000đ (Không kèm ưu đãi thanh toán qua cổng, mua kèm)  Xem chi tiết                                                            8                                              NHẬN HOÀN NGAY ĐẾN 800.000đ khi mở thẻ tín dụng VPBANK MWG  (Xem chi tiết tại đây);;https://www.thegioididong.com/dtdd/iphone-16e;Skipped
iPhone 17 512GB;Tím Oải Hương;Yes;31490000;30890000;2026-04-11;Khuyến mãi  trị giá 50.000₫             Giá và khuyến mãi có thể kết thúc sớm hơn dự kiến                                                                         1                                              Tặng phiếu mua hàng Phụ Kiện, Smartwatch, Đồng hồ thời trang từ 250,000đ (trừ Apple, Beats) trị giá 50,000đ                                                            2                                              Phiếu mua hàng Apple Watch trị giá 500,000đ                                                            3                                              Tặng phiếu mua hàng Macbook (trừ Macbook Air M5 và Macbook Neo) trị giá 1,000,000đ                                                            4                                              Phiếu mua hàng Airpods trị giá 500.000đ                                                            5                                              Tặng Phiếu mua hàng mua Smartwatch (trừ Apple, giá trên 5.000.000đ) trị giá 500.000đ                                                            6                                              Tặng Phiếu mua hàng Máy lạnh (sản phẩm trên 10tr) trị giá 300.000đ                                                            7                                              NHẬN HOÀN NGAY ĐẾN 800.000đ khi mở thẻ tín dụng VPBANK MWG  (Xem chi tiết tại đây);;https://www.thegioididong.com/dtdd/iphone-17;Skipped
iPhone 16 Plus 512GB;Trắng;Yes;500000;33990000;2026-04-11;Khuyến mãi                      Giá và khuyến mãi dự kiến áp dụng đến 23:59 | 30/04                                                                         1                                          Chọn 1 trong các khuyến mãi:                                                      Giảm giá 4,000,000đ (đã giảm vào giá sản phẩm)                                                                               Tặng phiếu mua hàng Phụ Kiện, Smartwatch, đồng hồ thời trang (trừ Apple, Beats) trị giá 4,800,000đ                                                                                     2                                              Phiếu mua hàng Apple Watch trị giá 500,000đ                                                            3                                              Tặng phiếu mua hàng Macbook (trừ Macbook Air M5 và Macbook Neo) trị giá 1,000,000đ                                                            4                                              Phiếu mua hàng Airpods trị giá 500.000đ                                                            5                                              Tặng Phiếu mua hàng mua Smartwatch (trừ Apple, giá trên 5.000.000đ) trị giá 500.000đ                                                            6                                              Tặng Phiếu mua hàng Máy lạnh (sản phẩm trên 10tr) trị giá 300.000đ                                                            7                                              Thu cũ đổi mới: Giảm đến 2,000,000đ (Không kèm ưu đãi thanh toán qua cổng, mua kèm)  Xem chi tiết                                                            8                                              NHẬN HOÀN NGAY ĐẾN 800.000đ khi mở thẻ tín dụng VPBANK MWG  (Xem chi tiết tại đây);;https://www.thegioididong.com/dtdd/iphone-16-plus;Skipped
iPhone 17 512GB;Xanh Lam Khói;Yes;31490000;30790000;2026-04-11;Khuyến mãi  trị giá 50.000₫             Giá và khuyến mãi có thể kết thúc sớm hơn dự kiến                                                                         1                                              Tặng phiếu mua hàng Phụ Kiện, Smartwatch, Đồng hồ thời trang từ 250,000đ (trừ Apple, Beats) trị giá 50,000đ                                                            2                                              Phiếu mua hàng Apple Watch trị giá 500,000đ                                                            3                                              Tặng phiếu mua hàng Macbook (trừ Macbook Air M5 và Macbook Neo) trị giá 1,000,000đ                                                            4                                              Phiếu mua hàng Airpods trị giá 500.000đ                                                            5                                              Tặng Phiếu mua hàng mua Smartwatch (trừ Apple, giá trên 5.000.000đ) trị giá 500.000đ                                                            6                                              Tặng Phiếu mua hàng Máy lạnh (sản phẩm trên 10tr) trị giá 300.000đ                                                            7                                              NHẬN HOÀN NGAY ĐẾN 800.000đ khi mở thẻ tín dụng VPBANK MWG  (Xem chi tiết tại đây);;https://www.thegioididong.com/dtdd/iphone-17;Skipped
iPhone 16 Pro 128GB;Titan đen;No;0;0;2026-04-11;;;https://www.thegioididong.com/dtdd/iphone-16-pro;DEBUG_OOS_iPhone 16 Pro 128GB_Titan đen_115407.png
iPhone 16e 512GB;Đen;Yes;500000;26490000;2026-04-11;Khuyến mãi                      Giá và khuyến mãi dự kiến áp dụng đến 23:59 | 30/04                                                                         1                                          Chọn 1 trong các khuyến mãi:                                                      Giảm giá 1,000,000đ (đã giảm vào giá sản phẩm)                                                                               Tặng phiếu mua hàng Phụ Kiện, Smartwatch, đồng hồ thời trang (trừ Apple, Beats) trị giá 1,300,000đ                                                                                     2                                              Phiếu mua hàng Apple Watch trị giá 500,000đ                                                            3                                              Tặng phiếu mua hàng Macbook (trừ Macbook Air M5 và Macbook Neo) trị giá 1,000,000đ                                                            4                                              Phiếu mua hàng Airpods trị giá 500.000đ                                                            5                                              Tặng Phiếu mua hàng mua Smartwatch (trừ Apple, giá trên 5.000.000đ) trị giá 500.000đ                                                            6                                              Tặng Phiếu mua hàng Máy lạnh (sản phẩm trên 10tr) trị giá 300.000đ                                                            7                                              Thu cũ đổi mới: Giảm đến 2,000,000đ (Không kèm ưu đãi thanh toán qua cổng, mua kèm)  Xem chi tiết                                                            8                                              NHẬN HOÀN NGAY ĐẾN 800.000đ khi mở thẻ tín dụng VPBANK MWG  (Xem chi tiết tại đây);;https://www.thegioididong.com/dtdd/iphone-16e;Skipped
iPhone 17 512GB;Xanh Lá Xô Thơm;Yes;31490000;30890000;2026-04-11;Khuyến mãi  trị giá 50.000₫             Giá và khuyến mãi có thể kết thúc sớm hơn dự kiến                                                                         1                                              Tặng phiếu mua hàng Phụ Kiện, Smartwatch, Đồng hồ thời trang từ 250,000đ (trừ Apple, Beats) trị giá 50,000đ                                                            2                                              Phiếu mua hàng Apple Watch trị giá 500,000đ                                                            3                                              Tặng phiếu mua hàng Macbook (trừ Macbook Air M5 và Macbook Neo) trị giá 1,000,000đ                                                            4                                              Phiếu mua hàng Airpods trị giá 500.000đ                                                            5                                              Tặng Phiếu mua hàng mua Smartwatch (trừ Apple, giá trên 5.000.000đ) trị giá 500.000đ                                                            6                                              Tặng Phiếu mua hàng Máy lạnh (sản phẩm trên 10tr) trị giá 300.000đ                                                            7                                              NHẬN HOÀN NGAY ĐẾN 800.000đ khi mở thẻ tín dụng VPBANK MWG  (Xem chi tiết tại đây);;https://www.thegioididong.com/dtdd/iphone-17;Skipped
iPhone 17 512GB;Trắng;Yes;31490000;31090000;2026-04-11;Khuyến mãi  trị giá 50.000₫             Giá và khuyến mãi có thể kết thúc sớm hơn dự kiến                                                                         1                                              Tặng phiếu mua hàng Phụ Kiện, Smartwatch, Đồng hồ thời trang từ 250,000đ (trừ Apple, Beats) trị giá 50,000đ                                                            2                                              Phiếu mua hàng Apple Watch trị giá 500,000đ                                                            3                                              Tặng phiếu mua hàng Macbook (trừ Macbook Air M5 và Macbook Neo) trị giá 1,000,000đ                                                            4                                              Phiếu mua hàng Airpods trị giá 500.000đ                                                            5                                              Tặng Phiếu mua hàng mua Smartwatch (trừ Apple, giá trên 5.000.000đ) trị giá 500.000đ                                                            6                                              Tặng Phiếu mua hàng Máy lạnh (sản phẩm trên 10tr) trị giá 300.000đ                                                            7                                              NHẬN HOÀN NGAY ĐẾN 800.000đ khi mở thẻ tín dụng VPBANK MWG  (Xem chi tiết tại đây);;https://www.thegioididong.com/dtdd/iphone-17;Skipped
iPhone 16 Pro 128GB;Titan Sa Mạc;No;0;0;2026-04-11;;;https://www.thegioididong.com/dtdd/iphone-16-pro;DEBUG_OOS_iPhone 16 Pro 128GB_Titan Sa Mạc_115414.png
iPhone 17 512GB;Đen;Yes;31490000;31090000;2026-04-11;Khuyến mãi  trị giá 50.000₫             Giá và khuyến mãi có thể kết thúc sớm hơn dự kiến                                                                         1                                              Tặng phiếu mua hàng Phụ Kiện, Smartwatch, Đồng hồ thời trang từ 250,000đ (trừ Apple, Beats) trị giá 50,000đ                                                            2                                              Phiếu mua hàng Apple Watch trị giá 500,000đ                                                            3                                              Tặng phiếu mua hàng Macbook (trừ Macbook Air M5 và Macbook Neo) trị giá 1,000,000đ                                                            4                                              Phiếu mua hàng Airpods trị giá 500.000đ                                                            5                                              Tặng Phiếu mua hàng mua Smartwatch (trừ Apple, giá trên 5.000.000đ) trị giá 500.000đ                                                            6                                              Tặng Phiếu mua hàng Máy lạnh (sản phẩm trên 10tr) trị giá 300.000đ                                                            7                                              NHẬN HOÀN NGAY ĐẾN 800.000đ khi mở thẻ tín dụng VPBANK MWG  (Xem chi tiết tại đây);;https://www.thegioididong.com/dtdd/iphone-17;Skipped
iPhone 16e 512GB;Trắng;Yes;500000;26490000;2026-04-11;Khuyến mãi                      Giá và khuyến mãi dự kiến áp dụng đến 23:59 | 30/04                                                                         1                                          Chọn 1 trong các khuyến mãi:                                                      Giảm giá 1,000,000đ (đã giảm vào giá sản phẩm)                                                                               Tặng phiếu mua hàng Phụ Kiện, Smartwatch, đồng hồ thời trang (trừ Apple, Beats) trị giá 1,300,000đ                                                                                     2                                              Phiếu mua hàng Apple Watch trị giá 500,000đ                                                            3                                              Tặng phiếu mua hàng Macbook (trừ Macbook Air M5 và Macbook Neo) trị giá 1,000,000đ                                                            4                                              Phiếu mua hàng Airpods trị giá 500.000đ                                                            5                                              Tặng Phiếu mua hàng mua Smartwatch (trừ Apple, giá trên 5.000.000đ) trị giá 500.000đ                                                            6                                              Tặng Phiếu mua hàng Máy lạnh (sản phẩm trên 10tr) trị giá 300.000đ                                                            7                                              Thu cũ đổi mới: Giảm đến 2,000,000đ (Không kèm ưu đãi thanh toán qua cổng, mua kèm)  Xem chi tiết                                                            8                                              NHẬN HOÀN NGAY ĐẾN 800.000đ khi mở thẻ tín dụng VPBANK MWG  (Xem chi tiết tại đây);;https://www.thegioididong.com/dtdd/iphone-16e;Skipped
iPhone 17 512GB;Tím Oải Hương;Yes;31490000;30890000;2026-04-11;Khuyến mãi  trị giá 50.000₫             Giá và khuyến mãi có thể kết thúc sớm hơn dự kiến                                                                         1                                              Tặng phiếu mua hàng Phụ Kiện, Smartwatch, Đồng hồ thời trang từ 250,000đ (trừ Apple, Beats) trị giá 50,000đ                                                            2                                              Phiếu mua hàng Apple Watch trị giá 500,000đ                                                            3                                              Tặng phiếu mua hàng Macbook (trừ Macbook Air M5 và Macbook Neo) trị giá 1,000,000đ                                                            4                                              Phiếu mua hàng Airpods trị giá 500.000đ                                                            5                                              Tặng Phiếu mua hàng mua Smartwatch (trừ Apple, giá trên 5.000.000đ) trị giá 500.000đ                                                            6                                              Tặng Phiếu mua hàng Máy lạnh (sản phẩm trên 10tr) trị giá 300.000đ                                                            7                                              NHẬN HOÀN NGAY ĐẾN 800.000đ khi mở thẻ tín dụng VPBANK MWG  (Xem chi tiết tại đây);;https://www.thegioididong.com/dtdd/iphone-17;Skipped
iPhone 16 Pro 128GB;Titan tự nhiên;No;0;0;2026-04-11;;;https://www.thegioididong.com/dtdd/iphone-16-pro;DEBUG_OOS_iPhone 16 Pro 128GB_Titan tự nhiên_115422.png
iPhone 16e 512GB;Đen;Yes;500000;26490000;2026-04-11;Khuyến mãi                      Giá và khuyến mãi dự kiến áp dụng đến 23:59 | 30/04                                                                         1                                          Chọn 1 trong các khuyến mãi:                                                      Giảm giá 1,000,000đ (đã giảm vào giá sản phẩm)                                                                               Tặng phiếu mua hàng Phụ Kiện, Smartwatch, đồng hồ thời trang (trừ Apple, Beats) trị giá 1,300,000đ                                                                                     2                                              Phiếu mua hàng Apple Watch trị giá 500,000đ                                                            3                                              Tặng phiếu mua hàng Macbook (trừ Macbook Air M5 và Macbook Neo) trị giá 1,000,000đ                                                            4                                              Phiếu mua hàng Airpods trị giá 500.000đ                                                            5                                              Tặng Phiếu mua hàng mua Smartwatch (trừ Apple, giá trên 5.000.000đ) trị giá 500.000đ                                                            6                                              Tặng Phiếu mua hàng Máy lạnh (sản phẩm trên 10tr) trị giá 300.000đ                                                            7                                              Thu cũ đổi mới: Giảm đến 2,000,000đ (Không kèm ưu đãi thanh toán qua cổng, mua kèm)  Xem chi tiết                                                            8                                              NHẬN HOÀN NGAY ĐẾN 800.000đ khi mở thẻ tín dụng VPBANK MWG  (Xem chi tiết tại đây);;https://www.thegioididong.com/dtdd/iphone-16e;Skipped
iPhone 17 512GB;Xanh Lam Khói;Yes;31490000;30790000;2026-04-11;Khuyến mãi  trị giá 50.000₫             Giá và khuyến mãi có thể kết thúc sớm hơn dự kiến                                                                         1                                              Tặng phiếu mua hàng Phụ Kiện, Smartwatch, Đồng hồ thời trang từ 250,000đ (trừ Apple, Beats) trị giá 50,000đ                                                            2                                              Phiếu mua hàng Apple Watch trị giá 500,000đ                                                            3                                              Tặng phiếu mua hàng Macbook (trừ Macbook Air M5 và Macbook Neo) trị giá 1,000,000đ                                                            4                                              Phiếu mua hàng Airpods trị giá 500.000đ                                                            5                                              Tặng Phiếu mua hàng mua Smartwatch (trừ Apple, giá trên 5.000.000đ) trị giá 500.000đ                                                            6                                              Tặng Phiếu mua hàng Máy lạnh (sản phẩm trên 10tr) trị giá 300.000đ                                                            7                                              NHẬN HOÀN NGAY ĐẾN 800.000đ khi mở thẻ tín dụng VPBANK MWG  (Xem chi tiết tại đây);;https://www.thegioididong.com/dtdd/iphone-17;Skipped
iPhone 16 Plus 512GB (VN/A) trả chậm 0%, giảm 15% khi mua phụ kiện;Đen;Yes;500000;33990000;2026-04-11;Khuyến mãi                      Giá và khuyến mãi dự kiến áp dụng đến 23:59 | 30/04                                                                         1                                          Chọn 1 trong các khuyến mãi:                                                      Giảm giá 4,000,000đ (đã giảm vào giá sản phẩm)                                                                               Tặng phiếu mua hàng Phụ Kiện, Smartwatch, đồng hồ thời trang (trừ Apple, Beats) trị giá 4,800,000đ                                                                                     2                                              Phiếu mua hàng Apple Watch trị giá 500,000đ                                                            3                                              Tặng phiếu mua hàng Macbook (trừ Macbook Air M5 và Macbook Neo) trị giá 1,000,000đ                                                            4                                              Phiếu mua hàng Airpods trị giá 500.000đ                                                            5                                              Tặng Phiếu mua hàng mua Smartwatch (trừ Apple, giá trên 5.000.000đ) trị giá 500.000đ                                                            6                                              Tặng Phiếu mua hàng Máy lạnh (sản phẩm trên 10tr) trị giá 300.000đ                                                            7                                              Thu cũ đổi mới: Giảm đến 2,000,000đ (Không kèm ưu đãi thanh toán qua cổng, mua kèm)  Xem chi tiết                                                            8                                              NHẬN HOÀN NGAY ĐẾN 800.000đ khi mở thẻ tín dụng VPBANK MWG  (Xem chi tiết tại đây);;https://www.thegioididong.com/dtdd/iphone-16-plus;Skipped
iPhone 17 512GB;Xanh Lá Xô Thơm;Yes;31490000;30890000;2026-04-11;Khuyến mãi  trị giá 50.000₫             Giá và khuyến mãi có thể kết thúc sớm hơn dự kiến                                                                         1                                              Tặng phiếu mua hàng Phụ Kiện, Smartwatch, Đồng hồ thời trang từ 250,000đ (trừ Apple, Beats) trị giá 50,000đ                                                            2                                              Phiếu mua hàng Apple Watch trị giá 500,000đ                                                            3                                              Tặng phiếu mua hàng Macbook (trừ Macbook Air M5 và Macbook Neo) trị giá 1,000,000đ                                                            4                                              Phiếu mua hàng Airpods trị giá 500.000đ                                                            5                                              Tặng Phiếu mua hàng mua Smartwatch (trừ Apple, giá trên 5.000.000đ) trị giá 500.000đ                                                            6                                              Tặng Phiếu mua hàng Máy lạnh (sản phẩm trên 10tr) trị giá 300.000đ                                                            7                                              NHẬN HOÀN NGAY ĐẾN 800.000đ khi mở thẻ tín dụng VPBANK MWG  (Xem chi tiết tại đây);;https://www.thegioididong.com/dtdd/iphone-17;Skipped
iPhone 17 Pro 256GB;Cam Vũ Trụ;Yes;34990000;34790000;2026-04-11;Khuyến mãi  trị giá 50.000₫             Giá và khuyến mãi có thể kết thúc sớm hơn dự kiến                                                                         1                                              Tặng phiếu mua hàng Phụ Kiện, Smartwatch, Đồng hồ thời trang từ 250,000đ (trừ Apple, Beats) trị giá 50,000đ                                                            2                                              Phiếu mua hàng Apple Watch trị giá 500,000đ                                                            3                                              Tặng phiếu mua hàng Macbook (trừ Macbook Air M5 và Macbook Neo) trị giá 1,000,000đ                                                            4                                              Phiếu mua hàng Airpods trị giá 500.000đ                                                            5                                              Tặng Phiếu mua hàng mua Smartwatch (trừ Apple, giá trên 5.000.000đ) trị giá 500.000đ                                                            6                                              Tặng Phiếu mua hàng Máy lạnh (sản phẩm trên 10tr) trị giá 300.000đ                                                            7                                              NHẬN HOÀN NGAY ĐẾN 800.000đ khi mở thẻ tín dụng VPBANK MWG  (Xem chi tiết tại đây);;https://www.thegioididong.com/dtdd/iphone-17-pro;Skipped
iPhone 16 Pro 128GB;Titan trắng;No;0;0;2026-04-11;;;https://www.thegioididong.com/dtdd/iphone-16-pro;DEBUG_OOS_iPhone 16 Pro 128GB_Titan trắng_115429.png
iPhone 17 512GB;Trắng;Yes;31490000;31090000;2026-04-11;Khuyến mãi  trị giá 50.000₫             Giá và khuyến mãi có thể kết thúc sớm hơn dự kiến                                                                         1                                              Tặng phiếu mua hàng Phụ Kiện, Smartwatch, Đồng hồ thời trang từ 250,000đ (trừ Apple, Beats) trị giá 50,000đ                                                            2                                              Phiếu mua hàng Apple Watch trị giá 500,000đ                                                            3                                              Tặng phiếu mua hàng Macbook (trừ Macbook Air M5 và Macbook Neo) trị giá 1,000,000đ                                                            4                                              Phiếu mua hàng Airpods trị giá 500.000đ                                                            5                                              Tặng Phiếu mua hàng mua Smartwatch (trừ Apple, giá trên 5.000.000đ) trị giá 500.000đ                                                            6                                              Tặng Phiếu mua hàng Máy lạnh (sản phẩm trên 10tr) trị giá 300.000đ                                                            7                                              NHẬN HOÀN NGAY ĐẾN 800.000đ khi mở thẻ tín dụng VPBANK MWG  (Xem chi tiết tại đây);;https://www.thegioididong.com/dtdd/iphone-17;Skipped
iPhone 16 Plus 512GB;Xanh Mòng Két;Yes;500000;33990000;2026-04-11;Khuyến mãi                      Giá và khuyến mãi dự kiến áp dụng đến 23:59 | 30/04                                                                         1                                          Chọn 1 trong các khuyến mãi:                                                      Giảm giá 4,000,000đ (đã giảm vào giá sản phẩm)                                                                               Tặng phiếu mua hàng Phụ Kiện, Smartwatch, đồng hồ thời trang (trừ Apple, Beats) trị giá 4,800,000đ                                                                                     2                                              Phiếu mua hàng Apple Watch trị giá 500,000đ                                                            3                                              Tặng phiếu mua hàng Macbook (trừ Macbook Air M5 và Macbook Neo) trị giá 1,000,000đ                                                            4                                              Phiếu mua hàng Airpods trị giá 500.000đ                                                            5                                              Tặng Phiếu mua hàng mua Smartwatch (trừ Apple, giá trên 5.000.000đ) trị giá 500.000đ                                                            6                                              Tặng Phiếu mua hàng Máy lạnh (sản phẩm trên 10tr) trị giá 300.000đ                                                            7                                              Thu cũ đổi mới: Giảm đến 2,000,000đ (Không kèm ưu đãi thanh toán qua cổng, mua kèm)  Xem chi tiết                                                            8                                              NHẬN HOÀN NGAY ĐẾN 800.000đ khi mở thẻ tín dụng VPBANK MWG  (Xem chi tiết tại đây);;https://www.thegioididong.com/dtdd/iphone-16-plus;Skipped
iPhone 17 512GB;Đen;Yes;31490000;31090000;2026-04-11;Khuyến mãi  trị giá 50.000₫             Giá và khuyến mãi có thể kết thúc sớm hơn dự kiến                                                                         1                                              Tặng phiếu mua hàng Phụ Kiện, Smartwatch, Đồng hồ thời trang từ 250,000đ (trừ Apple, Beats) trị giá 50,000đ                                                            2                                              Phiếu mua hàng Apple Watch trị giá 500,000đ                                                            3                                              Tặng phiếu mua hàng Macbook (trừ Macbook Air M5 và Macbook Neo) trị giá 1,000,000đ                                                            4                                              Phiếu mua hàng Airpods trị giá 500.000đ                                                            5                                              Tặng Phiếu mua hàng mua Smartwatch (trừ Apple, giá trên 5.000.000đ) trị giá 500.000đ                                                            6                                              Tặng Phiếu mua hàng Máy lạnh (sản phẩm trên 10tr) trị giá 300.000đ                                                            7                                              NHẬN HOÀN NGAY ĐẾN 800.000đ khi mở thẻ tín dụng VPBANK MWG  (Xem chi tiết tại đây);;https://www.thegioididong.com/dtdd/iphone-17;Skipped
iPhone 17 Pro 256GB;Bạc;Yes;500000;34990000;2026-04-11;Khuyến mãi  trị giá 50.000₫                     Giá và khuyến mãi dự kiến áp dụng đến 23:59 | 30/04                                                                         1                                              Tặng phiếu mua hàng Phụ Kiện, Smartwatch, Đồng hồ thời trang từ 250,000đ (trừ Apple, Beats) trị giá 50,000đ                                                            2                                              Phiếu mua hàng Apple Watch trị giá 500,000đ                                                            3                                              Tặng phiếu mua hàng Macbook (trừ Macbook Air M5 và Macbook Neo) trị giá 1,000,000đ                                                            4                                              Phiếu mua hàng Airpods trị giá 500.000đ                                                            5                                              Tặng Phiếu mua hàng mua Smartwatch (trừ Apple, giá trên 5.000.000đ) trị giá 500.000đ                                                            6                                              Tặng Phiếu mua hàng Máy lạnh (sản phẩm trên 10tr) trị giá 300.000đ                                                            7                                              Thu cũ đổi mới: Giảm đến 2,000,000đ (Không kèm ưu đãi thanh toán qua cổng, mua kèm)  Xem chi tiết                                                            8                                              NHẬN HOÀN NGAY ĐẾN 800.000đ khi mở thẻ tín dụng VPBANK MWG  (Xem chi tiết tại đây);;https://www.thegioididong.com/dtdd/iphone-17-pro;Skipped
iPhone 16 Pro 128GB;Titan đen;No;0;0;2026-04-11;;;https://www.thegioididong.com/dtdd/iphone-16-pro;DEBUG_OOS_iPhone 16 Pro 128GB_Titan đen_115435.png
iPhone 17 512GB;Tím Oải Hương;Yes;31490000;30890000;2026-04-11;Khuyến mãi  trị giá 50.000₫             Giá và khuyến mãi có thể kết thúc sớm hơn dự kiến                                                                         1                                              Tặng phiếu mua hàng Phụ Kiện, Smartwatch, Đồng hồ thời trang từ 250,000đ (trừ Apple, Beats) trị giá 50,000đ                                                            2                                              Phiếu mua hàng Apple Watch trị giá 500,000đ                                                            3                                              Tặng phiếu mua hàng Macbook (trừ Macbook Air M5 và Macbook Neo) trị giá 1,000,000đ                                                            4                                              Phiếu mua hàng Airpods trị giá 500.000đ                                                            5                                              Tặng Phiếu mua hàng mua Smartwatch (trừ Apple, giá trên 5.000.000đ) trị giá 500.000đ                                                            6                                              Tặng Phiếu mua hàng Máy lạnh (sản phẩm trên 10tr) trị giá 300.000đ                                                            7                                              NHẬN HOÀN NGAY ĐẾN 800.000đ khi mở thẻ tín dụng VPBANK MWG  (Xem chi tiết tại đây);;https://www.thegioididong.com/dtdd/iphone-17;Skipped
iPhone 16 Pro 128GB;Titan Sa Mạc;No;0;0;2026-04-11;;;https://www.thegioididong.com/dtdd/iphone-16-pro;DEBUG_OOS_iPhone 16 Pro 128GB_Titan Sa Mạc_115442.png
iPhone 17 512GB;Xanh Lam Khói;Yes;31490000;30790000;2026-04-11;Khuyến mãi  trị giá 50.000₫             Giá và khuyến mãi có thể kết thúc sớm hơn dự kiến                                                                         1                                              Tặng phiếu mua hàng Phụ Kiện, Smartwatch, Đồng hồ thời trang từ 250,000đ (trừ Apple, Beats) trị giá 50,000đ                                                            2                                              Phiếu mua hàng Apple Watch trị giá 500,000đ                                                            3                                              Tặng phiếu mua hàng Macbook (trừ Macbook Air M5 và Macbook Neo) trị giá 1,000,000đ                                                            4                                              Phiếu mua hàng Airpods trị giá 500.000đ                                                            5                                              Tặng Phiếu mua hàng mua Smartwatch (trừ Apple, giá trên 5.000.000đ) trị giá 500.000đ                                                            6                                              Tặng Phiếu mua hàng Máy lạnh (sản phẩm trên 10tr) trị giá 300.000đ                                                            7                                              NHẬN HOÀN NGAY ĐẾN 800.000đ khi mở thẻ tín dụng VPBANK MWG  (Xem chi tiết tại đây);;https://www.thegioididong.com/dtdd/iphone-17;Skipped
iPhone 17 Pro 256GB;Xanh đậm;Yes;500000;34990000;2026-04-11;Khuyến mãi  trị giá 50.000₫                     Giá và khuyến mãi dự kiến áp dụng đến 23:59 | 30/04                                                                         1                                              Tặng phiếu mua hàng Phụ Kiện, Smartwatch, Đồng hồ thời trang từ 250,000đ (trừ Apple, Beats) trị giá 50,000đ                                                            2                                              Phiếu mua hàng Apple Watch trị giá 500,000đ                                                            3                                              Tặng phiếu mua hàng Macbook (trừ Macbook Air M5 và Macbook Neo) trị giá 1,000,000đ                                                            4                                              Phiếu mua hàng Airpods trị giá 500.000đ                                                            5                                              Tặng Phiếu mua hàng mua Smartwatch (trừ Apple, giá trên 5.000.000đ) trị giá 500.000đ                                                            6                                              Tặng Phiếu mua hàng Máy lạnh (sản phẩm trên 10tr) trị giá 300.000đ                                                            7                                              Thu cũ đổi mới: Giảm đến 2,000,000đ (Không kèm ưu đãi thanh toán qua cổng, mua kèm)  Xem chi tiết                                                            8                                              NHẬN HOÀN NGAY ĐẾN 800.000đ khi mở thẻ tín dụng VPBANK MWG  (Xem chi tiết tại đây);;https://www.thegioididong.com/dtdd/iphone-17-pro;Skipped
iPhone 17 512GB;Xanh Lá Xô Thơm;Yes;31490000;30890000;2026-04-11;Khuyến mãi  trị giá 50.000₫             Giá và khuyến mãi có thể kết thúc sớm hơn dự kiến                                                                         1                                              Tặng phiếu mua hàng Phụ Kiện, Smartwatch, Đồng hồ thời trang từ 250,000đ (trừ Apple, Beats) trị giá 50,000đ                                                            2                                              Phiếu mua hàng Apple Watch trị giá 500,000đ                                                            3                                              Tặng phiếu mua hàng Macbook (trừ Macbook Air M5 và Macbook Neo) trị giá 1,000,000đ                                                            4                                              Phiếu mua hàng Airpods trị giá 500.000đ                                                            5                                              Tặng Phiếu mua hàng mua Smartwatch (trừ Apple, giá trên 5.000.000đ) trị giá 500.000đ                                                            6                                              Tặng Phiếu mua hàng Máy lạnh (sản phẩm trên 10tr) trị giá 300.000đ                                                            7                                              NHẬN HOÀN NGAY ĐẾN 800.000đ khi mở thẻ tín dụng VPBANK MWG  (Xem chi tiết tại đây);;https://www.thegioididong.com/dtdd/iphone-17;Skipped
iPhone 17 Pro Max 256GB;Cam Vũ Trụ;Yes;37990000;37890000;2026-04-11;Khuyến mãi  trị giá 50.000₫             Giá và khuyến mãi có thể kết thúc sớm hơn dự kiến                                                                         1                                              Tặng phiếu mua hàng Phụ Kiện, Smartwatch, Đồng hồ thời trang từ 250,000đ (trừ Apple, Beats) trị giá 50,000đ                                                            2                                              Phiếu mua hàng Apple Watch trị giá 500,000đ                                                            3                                              Tặng phiếu mua hàng Macbook (trừ Macbook Air M5 và Macbook Neo) trị giá 1,000,000đ                                                            4                                              Phiếu mua hàng Airpods trị giá 500.000đ                                                            5                                              Tặng Phiếu mua hàng mua Smartwatch (trừ Apple, giá trên 5.000.000đ) trị giá 500.000đ                                                            6                                              Tặng Phiếu mua hàng Máy lạnh (sản phẩm trên 10tr) trị giá 300.000đ                                                            7                                              NHẬN HOÀN NGAY ĐẾN 800.000đ khi mở thẻ tín dụng VPBANK MWG  (Xem chi tiết tại đây);;https://www.thegioididong.com/dtdd/iphone-17-pro-max;Skipped
iPhone 17 Pro 512GB;Bạc;No;500000;41490000;2026-04-11;Khuyến mãi  trị giá 50.000₫                     Giá và khuyến mãi dự kiến áp dụng đến 23:59 | 30/04                                                                         1                                              Tặng phiếu mua hàng Phụ Kiện, Smartwatch, Đồng hồ thời trang từ 250,000đ (trừ Apple, Beats) trị giá 50,000đ                                                            2                                              Phiếu mua hàng Apple Watch trị giá 500,000đ                                                            3                                              Tặng phiếu mua hàng Macbook (trừ Macbook Air M5 và Macbook Neo) trị giá 1,000,000đ                                                            4                                              Phiếu mua hàng Airpods trị giá 500.000đ                                                            5                                              Tặng Phiếu mua hàng mua Smartwatch (trừ Apple, giá trên 5.000.000đ) trị giá 500.000đ                                                            6                                              Tặng Phiếu mua hàng Máy lạnh (sản phẩm trên 10tr) trị giá 300.000đ                                                            7                                              Thu cũ đổi mới: Giảm đến 2,000,000đ (Không kèm ưu đãi thanh toán qua cổng, mua kèm)  Xem chi tiết                                                            8                                              NHẬN HOÀN NGAY ĐẾN 800.000đ khi mở thẻ tín dụng VPBANK MWG  (Xem chi tiết tại đây);;https://www.thegioididong.com/dtdd/iphone-17-pro;DEBUG_OOS_iPhone 17 Pro 512GB_Bạc_115448.png
iPhone 17 512GB;Trắng;Yes;31490000;31090000;2026-04-11;Khuyến mãi  trị giá 50.000₫             Giá và khuyến mãi có thể kết thúc sớm hơn dự kiến                                                                         1                                              Tặng phiếu mua hàng Phụ Kiện, Smartwatch, Đồng hồ thời trang từ 250,000đ (trừ Apple, Beats) trị giá 50,000đ                                                            2                                              Phiếu mua hàng Apple Watch trị giá 500,000đ                                                            3                                              Tặng phiếu mua hàng Macbook (trừ Macbook Air M5 và Macbook Neo) trị giá 1,000,000đ                                                            4                                              Phiếu mua hàng Airpods trị giá 500.000đ                                                            5                                              Tặng Phiếu mua hàng mua Smartwatch (trừ Apple, giá trên 5.000.000đ) trị giá 500.000đ                                                            6                                              Tặng Phiếu mua hàng Máy lạnh (sản phẩm trên 10tr) trị giá 300.000đ                                                            7                                              NHẬN HOÀN NGAY ĐẾN 800.000đ khi mở thẻ tín dụng VPBANK MWG  (Xem chi tiết tại đây);;https://www.thegioididong.com/dtdd/iphone-17;Skipped
iPhone 17 Pro Max 256GB;Xanh đậm;Yes;37990000;37890000;2026-04-11;Khuyến mãi  trị giá 50.000₫             Giá và khuyến mãi có thể kết thúc sớm hơn dự kiến                                                                         1                                              Tặng phiếu mua hàng Phụ Kiện, Smartwatch, Đồng hồ thời trang từ 250,000đ (trừ Apple, Beats) trị giá 50,000đ                                                            2                                              Phiếu mua hàng Apple Watch trị giá 500,000đ                                                            3                                              Tặng phiếu mua hàng Macbook (trừ Macbook Air M5 và Macbook Neo) trị giá 1,000,000đ                                                            4                                              Phiếu mua hàng Airpods trị giá 500.000đ                                                            5                                              Tặng Phiếu mua hàng mua Smartwatch (trừ Apple, giá trên 5.000.000đ) trị giá 500.000đ                                                            6                                              Tặng Phiếu mua hàng Máy lạnh (sản phẩm trên 10tr) trị giá 300.000đ                                                            7                                              NHẬN HOÀN NGAY ĐẾN 800.000đ khi mở thẻ tín dụng VPBANK MWG  (Xem chi tiết tại đây);;https://www.thegioididong.com/dtdd/iphone-17-pro-max;Skipped
iPhone 17 512GB;Đen;Yes;31490000;31090000;2026-04-11;Khuyến mãi  trị giá 50.000₫             Giá và khuyến mãi có thể kết thúc sớm hơn dự kiến                                                                         1                                              Tặng phiếu mua hàng Phụ Kiện, Smartwatch, Đồng hồ thời trang từ 250,000đ (trừ Apple, Beats) trị giá 50,000đ                                                            2                                              Phiếu mua hàng Apple Watch trị giá 500,000đ                                                            3                                              Tặng phiếu mua hàng Macbook (trừ Macbook Air M5 và Macbook Neo) trị giá 1,000,000đ                                                            4                                              Phiếu mua hàng Airpods trị giá 500.000đ                                                            5                                              Tặng Phiếu mua hàng mua Smartwatch (trừ Apple, giá trên 5.000.000đ) trị giá 500.000đ                                                            6                                              Tặng Phiếu mua hàng Máy lạnh (sản phẩm trên 10tr) trị giá 300.000đ                                                            7                                              NHẬN HOÀN NGAY ĐẾN 800.000đ khi mở thẻ tín dụng VPBANK MWG  (Xem chi tiết tại đây);;https://www.thegioididong.com/dtdd/iphone-17;Skipped
iPhone 17 Pro 512GB;Xanh đậm;No;500000;41490000;2026-04-11;Khuyến mãi  trị giá 50.000₫                     Giá và khuyến mãi dự kiến áp dụng đến 23:59 | 30/04                                                                         1                                              Tặng phiếu mua hàng Phụ Kiện, Smartwatch, Đồng hồ thời trang từ 250,000đ (trừ Apple, Beats) trị giá 50,000đ                                                            2                                              Phiếu mua hàng Apple Watch trị giá 500,000đ                                                            3                                              Tặng phiếu mua hàng Macbook (trừ Macbook Air M5 và Macbook Neo) trị giá 1,000,000đ                                                            4                                              Phiếu mua hàng Airpods trị giá 500.000đ                                                            5                                              Tặng Phiếu mua hàng mua Smartwatch (trừ Apple, giá trên 5.000.000đ) trị giá 500.000đ                                                            6                                              Tặng Phiếu mua hàng Máy lạnh (sản phẩm trên 10tr) trị giá 300.000đ                                                            7                                              Thu cũ đổi mới: Giảm đến 2,000,000đ (Không kèm ưu đãi thanh toán qua cổng, mua kèm)  Xem chi tiết                                                            8                                              NHẬN HOÀN NGAY ĐẾN 800.000đ khi mở thẻ tín dụng VPBANK MWG  (Xem chi tiết tại đây);;https://www.thegioididong.com/dtdd/iphone-17-pro;DEBUG_OOS_iPhone 17 Pro 512GB_Xanh đậm_115452.png
iPhone 16 Plus 512GB (VN/A) trả chậm 0%, giảm 15% khi mua phụ kiện;Xanh Lưu Ly;Yes;500000;33990000;2026-04-11;Khuyến mãi                      Giá và khuyến mãi dự kiến áp dụng đến 23:59 | 30/04                                                                         1                                          Chọn 1 trong các khuyến mãi:                                                      Giảm giá 4,000,000đ (đã giảm vào giá sản phẩm)                                                                               Tặng phiếu mua hàng Phụ Kiện, Smartwatch, đồng hồ thời trang (trừ Apple, Beats) trị giá 4,800,000đ                                                                                     2                                              Phiếu mua hàng Apple Watch trị giá 500,000đ                                                            3                                              Tặng phiếu mua hàng Macbook (trừ Macbook Air M5 và Macbook Neo) trị giá 1,000,000đ                                                            4                                              Phiếu mua hàng Airpods trị giá 500.000đ                                                            5                                              Tặng Phiếu mua hàng mua Smartwatch (trừ Apple, giá trên 5.000.000đ) trị giá 500.000đ                                                            6                                              Tặng Phiếu mua hàng Máy lạnh (sản phẩm trên 10tr) trị giá 300.000đ                                                            7                                              Thu cũ đổi mới: Giảm đến 2,000,000đ (Không kèm ưu đãi thanh toán qua cổng, mua kèm)  Xem chi tiết                                                            8                                              NHẬN HOÀN NGAY ĐẾN 800.000đ khi mở thẻ tín dụng VPBANK MWG  (Xem chi tiết tại đây);;https://www.thegioididong.com/dtdd/iphone-16-plus;Skipped
iPhone 17 Pro Max 256GB;Bạc;Yes;37990000;37890000;2026-04-11;Khuyến mãi  trị giá 50.000₫             Giá và khuyến mãi có thể kết thúc sớm hơn dự kiến                                                                         1                                              Tặng phiếu mua hàng Phụ Kiện, Smartwatch, Đồng hồ thời trang từ 250,000đ (trừ Apple, Beats) trị giá 50,000đ                                                            2                                              Phiếu mua hàng Apple Watch trị giá 500,000đ                                                            3                                              Tặng phiếu mua hàng Macbook (trừ Macbook Air M5 và Macbook Neo) trị giá 1,000,000đ                                                            4                                              Phiếu mua hàng Airpods trị giá 500.000đ                                                            5                                              Tặng Phiếu mua hàng mua Smartwatch (trừ Apple, giá trên 5.000.000đ) trị giá 500.000đ                                                            6                                              Tặng Phiếu mua hàng Máy lạnh (sản phẩm trên 10tr) trị giá 300.000đ                                                            7                                              NHẬN HOÀN NGAY ĐẾN 800.000đ khi mở thẻ tín dụng VPBANK MWG  (Xem chi tiết tại đây);;https://www.thegioididong.com/dtdd/iphone-17-pro-max;Skipped
iPhone 17 Pro 512GB;Cam Vũ Trụ;Yes;41490000;41090000;2026-04-11;Khuyến mãi  trị giá 50.000₫             Giá và khuyến mãi có thể kết thúc sớm hơn dự kiến                                                                         1                                              Tặng phiếu mua hàng Phụ Kiện, Smartwatch, Đồng hồ thời trang từ 250,000đ (trừ Apple, Beats) trị giá 50,000đ                                                            2                                              Phiếu mua hàng Apple Watch trị giá 500,000đ                                                            3                                              Tặng phiếu mua hàng Macbook (trừ Macbook Air M5 và Macbook Neo) trị giá 1,000,000đ                                                            4                                              Phiếu mua hàng Airpods trị giá 500.000đ                                                            5                                              Tặng Phiếu mua hàng mua Smartwatch (trừ Apple, giá trên 5.000.000đ) trị giá 500.000đ                                                            6                                              Tặng Phiếu mua hàng Máy lạnh (sản phẩm trên 10tr) trị giá 300.000đ                                                            7                                              NHẬN HOÀN NGAY ĐẾN 800.000đ khi mở thẻ tín dụng VPBANK MWG  (Xem chi tiết tại đây);;https://www.thegioididong.com/dtdd/iphone-17-pro;Skipped
iPhone 17 512GB;Tím Oải Hương;Yes;31490000;30890000;2026-04-11;Khuyến mãi  trị giá 50.000₫             Giá và khuyến mãi có thể kết thúc sớm hơn dự kiến                                                                         1                                              Tặng phiếu mua hàng Phụ Kiện, Smartwatch, Đồng hồ thời trang từ 250,000đ (trừ Apple, Beats) trị giá 50,000đ                                                            2                                              Phiếu mua hàng Apple Watch trị giá 500,000đ                                                            3                                              Tặng phiếu mua hàng Macbook (trừ Macbook Air M5 và Macbook Neo) trị giá 1,000,000đ                                                            4                                              Phiếu mua hàng Airpods trị giá 500.000đ                                                            5                                              Tặng Phiếu mua hàng mua Smartwatch (trừ Apple, giá trên 5.000.000đ) trị giá 500.000đ                                                            6                                              Tặng Phiếu mua hàng Máy lạnh (sản phẩm trên 10tr) trị giá 300.000đ                                                            7                                              NHẬN HOÀN NGAY ĐẾN 800.000đ khi mở thẻ tín dụng VPBANK MWG  (Xem chi tiết tại đây);;https://www.thegioididong.com/dtdd/iphone-17;Skipped
iPhone 17 Pro Max 512GB;Cam Vũ Trụ;Yes;44490000;43090000;2026-04-11;Khuyến mãi  trị giá 50.000₫             Giá và khuyến mãi có thể kết thúc sớm hơn dự kiến                                                                         1                                              Tặng phiếu mua hàng Phụ Kiện, Smartwatch, Đồng hồ thời trang từ 250,000đ (trừ Apple, Beats) trị giá 50,000đ                                                            2                                              Phiếu mua hàng Apple Watch trị giá 500,000đ                                                            3                                              Tặng phiếu mua hàng Macbook (trừ Macbook Air M5 và Macbook Neo) trị giá 1,000,000đ                                                            4                                              Phiếu mua hàng Airpods trị giá 500.000đ                                                            5                                              Tặng Phiếu mua hàng mua Smartwatch (trừ Apple, giá trên 5.000.000đ) trị giá 500.000đ                                                            6                                              Tặng Phiếu mua hàng Máy lạnh (sản phẩm trên 10tr) trị giá 300.000đ                                                            7                                              NHẬN HOÀN NGAY ĐẾN 800.000đ khi mở thẻ tín dụng VPBANK MWG  (Xem chi tiết tại đây);;https://www.thegioididong.com/dtdd/iphone-17-pro-max;Skipped
iPhone 17 512GB;Xanh Lam Khói;Yes;31490000;30790000;2026-04-11;Khuyến mãi  trị giá 50.000₫             Giá và khuyến mãi có thể kết thúc sớm hơn dự kiến                                                                         1                                              Tặng phiếu mua hàng Phụ Kiện, Smartwatch, Đồng hồ thời trang từ 250,000đ (trừ Apple, Beats) trị giá 50,000đ                                                            2                                              Phiếu mua hàng Apple Watch trị giá 500,000đ                                                            3                                              Tặng phiếu mua hàng Macbook (trừ Macbook Air M5 và Macbook Neo) trị giá 1,000,000đ                                                            4                                              Phiếu mua hàng Airpods trị giá 500.000đ                                                            5                                              Tặng Phiếu mua hàng mua Smartwatch (trừ Apple, giá trên 5.000.000đ) trị giá 500.000đ                                                            6                                              Tặng Phiếu mua hàng Máy lạnh (sản phẩm trên 10tr) trị giá 300.000đ                                                            7                                              NHẬN HOÀN NGAY ĐẾN 800.000đ khi mở thẻ tín dụng VPBANK MWG  (Xem chi tiết tại đây);;https://www.thegioididong.com/dtdd/iphone-17;Skipped
iPhone 17 Pro 1TB;Xanh đậm;Yes;47990000;46390000;2026-04-11;Khuyến mãi  trị giá 50.000₫             Giá và khuyến mãi có thể kết thúc sớm hơn dự kiến                                                                         1                                              Tặng phiếu mua hàng Phụ Kiện, Smartwatch, Đồng hồ thời trang từ 250,000đ (trừ Apple, Beats) trị giá 50,000đ                                                            2                                              Phiếu mua hàng Apple Watch trị giá 500,000đ                                                            3                                              Tặng phiếu mua hàng Macbook (trừ Macbook Air M5 và Macbook Neo) trị giá 1,000,000đ                                                            4                                              Phiếu mua hàng Airpods trị giá 500.000đ                                                            5                                              Tặng Phiếu mua hàng mua Smartwatch (trừ Apple, giá trên 5.000.000đ) trị giá 500.000đ                                                            6                                              Tặng Phiếu mua hàng Máy lạnh (sản phẩm trên 10tr) trị giá 300.000đ                                                            7                                              NHẬN HOÀN NGAY ĐẾN 800.000đ khi mở thẻ tín dụng VPBANK MWG  (Xem chi tiết tại đây);;https://www.thegioididong.com/dtdd/iphone-17-pro;Skipped
iPhone 16 Plus 512GB;Trắng;Yes;500000;33990000;2026-04-11;Khuyến mãi                      Giá và khuyến mãi dự kiến áp dụng đến 23:59 | 30/04                                                                         1                                          Chọn 1 trong các khuyến mãi:                                                      Giảm giá 4,000,000đ (đã giảm vào giá sản phẩm)                                                                               Tặng phiếu mua hàng Phụ Kiện, Smartwatch, đồng hồ thời trang (trừ Apple, Beats) trị giá 4,800,000đ                                                                                     2                                              Phiếu mua hàng Apple Watch trị giá 500,000đ                                                            3                                              Tặng phiếu mua hàng Macbook (trừ Macbook Air M5 và Macbook Neo) trị giá 1,000,000đ                                                            4                                              Phiếu mua hàng Airpods trị giá 500.000đ                                                            5                                              Tặng Phiếu mua hàng mua Smartwatch (trừ Apple, giá trên 5.000.000đ) trị giá 500.000đ                                                            6                                              Tặng Phiếu mua hàng Máy lạnh (sản phẩm trên 10tr) trị giá 300.000đ                                                            7                                              Thu cũ đổi mới: Giảm đến 2,000,000đ (Không kèm ưu đãi thanh toán qua cổng, mua kèm)  Xem chi tiết                                                            8                                              NHẬN HOÀN NGAY ĐẾN 800.000đ khi mở thẻ tín dụng VPBANK MWG  (Xem chi tiết tại đây);;https://www.thegioididong.com/dtdd/iphone-16-plus;Skipped
iPhone 17 Pro Max 512GB;Bạc;Yes;44490000;44290000;2026-04-11;Khuyến mãi  trị giá 50.000₫             Giá và khuyến mãi có thể kết thúc sớm hơn dự kiến                                                                         1                                              Tặng phiếu mua hàng Phụ Kiện, Smartwatch, Đồng hồ thời trang từ 250,000đ (trừ Apple, Beats) trị giá 50,000đ                                                            2                                              Phiếu mua hàng Apple Watch trị giá 500,000đ                                                            3                                              Tặng phiếu mua hàng Macbook (trừ Macbook Air M5 và Macbook Neo) trị giá 1,000,000đ                                                            4                                              Phiếu mua hàng Airpods trị giá 500.000đ                                                            5                                              Tặng Phiếu mua hàng mua Smartwatch (trừ Apple, giá trên 5.000.000đ) trị giá 500.000đ                                                            6                                              Tặng Phiếu mua hàng Máy lạnh (sản phẩm trên 10tr) trị giá 300.000đ                                                            7                                              NHẬN HOÀN NGAY ĐẾN 800.000đ khi mở thẻ tín dụng VPBANK MWG  (Xem chi tiết tại đây);;https://www.thegioididong.com/dtdd/iphone-17-pro-max;Skipped
iPhone 17 512GB;Xanh Lá Xô Thơm;Yes;31490000;30890000;2026-04-11;Khuyến mãi  trị giá 50.000₫             Giá và khuyến mãi có thể kết thúc sớm hơn dự kiến                                                                         1                                              Tặng phiếu mua hàng Phụ Kiện, Smartwatch, Đồng hồ thời trang từ 250,000đ (trừ Apple, Beats) trị giá 50,000đ                                                            2                                              Phiếu mua hàng Apple Watch trị giá 500,000đ                                                            3                                              Tặng phiếu mua hàng Macbook (trừ Macbook Air M5 và Macbook Neo) trị giá 1,000,000đ                                                            4                                              Phiếu mua hàng Airpods trị giá 500.000đ                                                            5                                              Tặng Phiếu mua hàng mua Smartwatch (trừ Apple, giá trên 5.000.000đ) trị giá 500.000đ                                                            6                                              Tặng Phiếu mua hàng Máy lạnh (sản phẩm trên 10tr) trị giá 300.000đ                                                            7                                              NHẬN HOÀN NGAY ĐẾN 800.000đ khi mở thẻ tín dụng VPBANK MWG  (Xem chi tiết tại đây);;https://www.thegioididong.com/dtdd/iphone-17;Skipped
iPhone 17 Pro 1TB;Bạc;No;500000;47990000;2026-04-11;Khuyến mãi  trị giá 50.000₫                     Giá và khuyến mãi dự kiến áp dụng đến 23:59 | 30/04                                                                         1                                              Tặng phiếu mua hàng Phụ Kiện, Smartwatch, Đồng hồ thời trang từ 250,000đ (trừ Apple, Beats) trị giá 50,000đ                                                            2                                              Phiếu mua hàng Apple Watch trị giá 500,000đ                                                            3                                              Tặng phiếu mua hàng Macbook (trừ Macbook Air M5 và Macbook Neo) trị giá 1,000,000đ                                                            4                                              Phiếu mua hàng Airpods trị giá 500.000đ                                                            5                                              Tặng Phiếu mua hàng mua Smartwatch (trừ Apple, giá trên 5.000.000đ) trị giá 500.000đ                                                            6                                              Tặng Phiếu mua hàng Máy lạnh (sản phẩm trên 10tr) trị giá 300.000đ                                                            7                                              Thu cũ đổi mới: Giảm đến 2,000,000đ (Không kèm ưu đãi thanh toán qua cổng, mua kèm)  Xem chi tiết                                                            8                                              NHẬN HOÀN NGAY ĐẾN 800.000đ khi mở thẻ tín dụng VPBANK MWG  (Xem chi tiết tại đây);;https://www.thegioididong.com/dtdd/iphone-17-pro;DEBUG_OOS_iPhone 17 Pro 1TB_Bạc_115503.png
iPhone 17 Pro Max 512GB;Xanh đậm;Yes;44490000;44290000;2026-04-11;Khuyến mãi  trị giá 50.000₫             Giá và khuyến mãi có thể kết thúc sớm hơn dự kiến                                                                         1                                              Tặng phiếu mua hàng Phụ Kiện, Smartwatch, Đồng hồ thời trang từ 250,000đ (trừ Apple, Beats) trị giá 50,000đ                                                            2                                              Phiếu mua hàng Apple Watch trị giá 500,000đ                                                            3                                              Tặng phiếu mua hàng Macbook (trừ Macbook Air M5 và Macbook Neo) trị giá 1,000,000đ                                                            4                                              Phiếu mua hàng Airpods trị giá 500.000đ                                                            5                                              Tặng Phiếu mua hàng mua Smartwatch (trừ Apple, giá trên 5.000.000đ) trị giá 500.000đ                                                            6                                              Tặng Phiếu mua hàng Máy lạnh (sản phẩm trên 10tr) trị giá 300.000đ                                                            7                                              NHẬN HOÀN NGAY ĐẾN 800.000đ khi mở thẻ tín dụng VPBANK MWG  (Xem chi tiết tại đây);;https://www.thegioididong.com/dtdd/iphone-17-pro-max;Skipped
iPhone 17 512GB;Trắng;Yes;31490000;31090000;2026-04-11;Khuyến mãi  trị giá 50.000₫             Giá và khuyến mãi có thể kết thúc sớm hơn dự kiến                                                                         1                                              Tặng phiếu mua hàng Phụ Kiện, Smartwatch, Đồng hồ thời trang từ 250,000đ (trừ Apple, Beats) trị giá 50,000đ                                                            2                                              Phiếu mua hàng Apple Watch trị giá 500,000đ                                                            3                                              Tặng phiếu mua hàng Macbook (trừ Macbook Air M5 và Macbook Neo) trị giá 1,000,000đ                                                            4                                              Phiếu mua hàng Airpods trị giá 500.000đ                                                            5                                              Tặng Phiếu mua hàng mua Smartwatch (trừ Apple, giá trên 5.000.000đ) trị giá 500.000đ                                                            6                                              Tặng Phiếu mua hàng Máy lạnh (sản phẩm trên 10tr) trị giá 300.000đ                                                            7                                              NHẬN HOÀN NGAY ĐẾN 800.000đ khi mở thẻ tín dụng VPBANK MWG  (Xem chi tiết tại đây);;https://www.thegioididong.com/dtdd/iphone-17;Skipped
iPhone 16 Plus 512GB;Đen;Yes;500000;33990000;2026-04-11;Khuyến mãi                      Giá và khuyến mãi dự kiến áp dụng đến 23:59 | 30/04                                                                         1                                          Chọn 1 trong các khuyến mãi:                                                      Giảm giá 4,000,000đ (đã giảm vào giá sản phẩm)                                                                               Tặng phiếu mua hàng Phụ Kiện, Smartwatch, đồng hồ thời trang (trừ Apple, Beats) trị giá 4,800,000đ                                                                                     2                                              Phiếu mua hàng Apple Watch trị giá 500,000đ                                                            3                                              Tặng phiếu mua hàng Macbook (trừ Macbook Air M5 và Macbook Neo) trị giá 1,000,000đ                                                            4                                              Phiếu mua hàng Airpods trị giá 500.000đ                                                            5                                              Tặng Phiếu mua hàng mua Smartwatch (trừ Apple, giá trên 5.000.000đ) trị giá 500.000đ                                                            6                                              Tặng Phiếu mua hàng Máy lạnh (sản phẩm trên 10tr) trị giá 300.000đ                                                            7                                              Thu cũ đổi mới: Giảm đến 2,000,000đ (Không kèm ưu đãi thanh toán qua cổng, mua kèm)  Xem chi tiết                                                            8                                              NHẬN HOÀN NGAY ĐẾN 800.000đ khi mở thẻ tín dụng VPBANK MWG  (Xem chi tiết tại đây);;https://www.thegioididong.com/dtdd/iphone-16-plus;Skipped
iPhone 17 Pro 1TB;Cam Vũ Trụ;Yes;47990000;46390000;2026-04-11;Khuyến mãi  trị giá 50.000₫             Giá và khuyến mãi có thể kết thúc sớm hơn dự kiến                                                                         1                                              Tặng phiếu mua hàng Phụ Kiện, Smartwatch, Đồng hồ thời trang từ 250,000đ (trừ Apple, Beats) trị giá 50,000đ                                                            2                                              Phiếu mua hàng Apple Watch trị giá 500,000đ                                                            3                                              Tặng phiếu mua hàng Macbook (trừ Macbook Air M5 và Macbook Neo) trị giá 1,000,000đ                                                            4                                              Phiếu mua hàng Airpods trị giá 500.000đ                                                            5                                              Tặng Phiếu mua hàng mua Smartwatch (trừ Apple, giá trên 5.000.000đ) trị giá 500.000đ                                                            6                                              Tặng Phiếu mua hàng Máy lạnh (sản phẩm trên 10tr) trị giá 300.000đ                                                            7                                              NHẬN HOÀN NGAY ĐẾN 800.000đ khi mở thẻ tín dụng VPBANK MWG  (Xem chi tiết tại đây);;https://www.thegioididong.com/dtdd/iphone-17-pro;Skipped
iPhone 17 512GB;Đen;Yes;31490000;31090000;2026-04-11;Khuyến mãi  trị giá 50.000₫             Giá và khuyến mãi có thể kết thúc sớm hơn dự kiến                                                                         1                                              Tặng phiếu mua hàng Phụ Kiện, Smartwatch, Đồng hồ thời trang từ 250,000đ (trừ Apple, Beats) trị giá 50,000đ                                                            2                                              Phiếu mua hàng Apple Watch trị giá 500,000đ                                                            3                                              Tặng phiếu mua hàng Macbook (trừ Macbook Air M5 và Macbook Neo) trị giá 1,000,000đ                                                            4                                              Phiếu mua hàng Airpods trị giá 500.000đ                                                            5                                              Tặng Phiếu mua hàng mua Smartwatch (trừ Apple, giá trên 5.000.000đ) trị giá 500.000đ                                                            6                                              Tặng Phiếu mua hàng Máy lạnh (sản phẩm trên 10tr) trị giá 300.000đ                                                            7                                              NHẬN HOÀN NGAY ĐẾN 800.000đ khi mở thẻ tín dụng VPBANK MWG  (Xem chi tiết tại đây);;https://www.thegioididong.com/dtdd/iphone-17;Skipped
iPhone 17 Pro Max 1TB;Bạc;Yes;50990000;50090000;2026-04-11;Khuyến mãi  trị giá 50.000₫             Giá và khuyến mãi có thể kết thúc sớm hơn dự kiến                                                                         1                                              Tặng phiếu mua hàng Phụ Kiện, Smartwatch, Đồng hồ thời trang từ 250,000đ (trừ Apple, Beats) trị giá 50,000đ                                                            2                                              Phiếu mua hàng Apple Watch trị giá 500,000đ                                                            3                                              Tặng phiếu mua hàng Macbook (trừ Macbook Air M5 và Macbook Neo) trị giá 1,000,000đ                                                            4                                              Phiếu mua hàng Airpods trị giá 500.000đ                                                            5                                              Tặng Phiếu mua hàng mua Smartwatch (trừ Apple, giá trên 5.000.000đ) trị giá 500.000đ                                                            6                                              Tặng Phiếu mua hàng Máy lạnh (sản phẩm trên 10tr) trị giá 300.000đ                                                            7                                              NHẬN HOÀN NGAY ĐẾN 800.000đ khi mở thẻ tín dụng VPBANK MWG  (Xem chi tiết tại đây);;https://www.thegioididong.com/dtdd/iphone-17-pro-max;Skipped
iPhone 17 Pro 1TB;Xanh đậm;Yes;47990000;46390000;2026-04-11;Khuyến mãi  trị giá 50.000₫             Giá và khuyến mãi có thể kết thúc sớm hơn dự kiến                                                                         1                                              Tặng phiếu mua hàng Phụ Kiện, Smartwatch, Đồng hồ thời trang từ 250,000đ (trừ Apple, Beats) trị giá 50,000đ                                                            2                                              Phiếu mua hàng Apple Watch trị giá 500,000đ                                                            3                                              Tặng phiếu mua hàng Macbook (trừ Macbook Air M5 và Macbook Neo) trị giá 1,000,000đ                                                            4                                              Phiếu mua hàng Airpods trị giá 500.000đ                                                            5                                              Tặng Phiếu mua hàng mua Smartwatch (trừ Apple, giá trên 5.000.000đ) trị giá 500.000đ                                                            6                                              Tặng Phiếu mua hàng Máy lạnh (sản phẩm trên 10tr) trị giá 300.000đ                                                            7                                              NHẬN HOÀN NGAY ĐẾN 800.000đ khi mở thẻ tín dụng VPBANK MWG  (Xem chi tiết tại đây);;https://www.thegioididong.com/dtdd/iphone-17-pro;Skipped
iPhone 17 Pro Max 1TB;Cam Vũ Trụ;Yes;50990000;50090000;2026-04-11;Khuyến mãi  trị giá 50.000₫             Giá và khuyến mãi có thể kết thúc sớm hơn dự kiến                                                                         1                                              Tặng phiếu mua hàng Phụ Kiện, Smartwatch, Đồng hồ thời trang từ 250,000đ (trừ Apple, Beats) trị giá 50,000đ                                                            2                                              Phiếu mua hàng Apple Watch trị giá 500,000đ                                                            3                                              Tặng phiếu mua hàng Macbook (trừ Macbook Air M5 và Macbook Neo) trị giá 1,000,000đ                                                            4                                              Phiếu mua hàng Airpods trị giá 500.000đ                                                            5                                              Tặng Phiếu mua hàng mua Smartwatch (trừ Apple, giá trên 5.000.000đ) trị giá 500.000đ                                                            6                                              Tặng Phiếu mua hàng Máy lạnh (sản phẩm trên 10tr) trị giá 300.000đ                                                            7                                              NHẬN HOÀN NGAY ĐẾN 800.000đ khi mở thẻ tín dụng VPBANK MWG  (Xem chi tiết tại đây);;https://www.thegioididong.com/dtdd/iphone-17-pro-max;Skipped
iPhone 16 Plus 512GB;Xanh Mòng Két;Yes;500000;33990000;2026-04-11;Khuyến mãi                      Giá và khuyến mãi dự kiến áp dụng đến 23:59 | 30/04                                                                         1                                          Chọn 1 trong các khuyến mãi:                                                      Giảm giá 4,000,000đ (đã giảm vào giá sản phẩm)                                                                               Tặng phiếu mua hàng Phụ Kiện, Smartwatch, đồng hồ thời trang (trừ Apple, Beats) trị giá 4,800,000đ                                                                                     2                                              Phiếu mua hàng Apple Watch trị giá 500,000đ                                                            3                                              Tặng phiếu mua hàng Macbook (trừ Macbook Air M5 và Macbook Neo) trị giá 1,000,000đ                                                            4                                              Phiếu mua hàng Airpods trị giá 500.000đ                                                            5                                              Tặng Phiếu mua hàng mua Smartwatch (trừ Apple, giá trên 5.000.000đ) trị giá 500.000đ                                                            6                                              Tặng Phiếu mua hàng Máy lạnh (sản phẩm trên 10tr) trị giá 300.000đ                                                            7                                              Thu cũ đổi mới: Giảm đến 2,000,000đ (Không kèm ưu đãi thanh toán qua cổng, mua kèm)  Xem chi tiết                                                            8                                              NHẬN HOÀN NGAY ĐẾN 800.000đ khi mở thẻ tín dụng VPBANK MWG  (Xem chi tiết tại đây);;https://www.thegioididong.com/dtdd/iphone-16-plus;Skipped
iPhone 17 512GB;Tím Oải Hương;Yes;31490000;30890000;2026-04-11;Khuyến mãi  trị giá 50.000₫             Giá và khuyến mãi có thể kết thúc sớm hơn dự kiến                                                                         1                                              Tặng phiếu mua hàng Phụ Kiện, Smartwatch, Đồng hồ thời trang từ 250,000đ (trừ Apple, Beats) trị giá 50,000đ                                                            2                                              Phiếu mua hàng Apple Watch trị giá 500,000đ                                                            3                                              Tặng phiếu mua hàng Macbook (trừ Macbook Air M5 và Macbook Neo) trị giá 1,000,000đ                                                            4                                              Phiếu mua hàng Airpods trị giá 500.000đ                                                            5                                              Tặng Phiếu mua hàng mua Smartwatch (trừ Apple, giá trên 5.000.000đ) trị giá 500.000đ                                                            6                                              Tặng Phiếu mua hàng Máy lạnh (sản phẩm trên 10tr) trị giá 300.000đ                                                            7                                              NHẬN HOÀN NGAY ĐẾN 800.000đ khi mở thẻ tín dụng VPBANK MWG  (Xem chi tiết tại đây);;https://www.thegioididong.com/dtdd/iphone-17;Skipped
iPhone 17 Pro 1TB;Bạc;No;500000;47990000;2026-04-11;Khuyến mãi  trị giá 50.000₫                     Giá và khuyến mãi dự kiến áp dụng đến 23:59 | 30/04                                                                         1                                              Tặng phiếu mua hàng Phụ Kiện, Smartwatch, Đồng hồ thời trang từ 250,000đ (trừ Apple, Beats) trị giá 50,000đ                                                            2                                              Phiếu mua hàng Apple Watch trị giá 500,000đ                                                            3                                              Tặng phiếu mua hàng Macbook (trừ Macbook Air M5 và Macbook Neo) trị giá 1,000,000đ                                                            4                                              Phiếu mua hàng Airpods trị giá 500.000đ                                                            5                                              Tặng Phiếu mua hàng mua Smartwatch (trừ Apple, giá trên 5.000.000đ) trị giá 500.000đ                                                            6                                              Tặng Phiếu mua hàng Máy lạnh (sản phẩm trên 10tr) trị giá 300.000đ                                                            7                                              Thu cũ đổi mới: Giảm đến 2,000,000đ (Không kèm ưu đãi thanh toán qua cổng, mua kèm)  Xem chi tiết                                                            8                                              NHẬN HOÀN NGAY ĐẾN 800.000đ khi mở thẻ tín dụng VPBANK MWG  (Xem chi tiết tại đây);;https://www.thegioididong.com/dtdd/iphone-17-pro;DEBUG_OOS_iPhone 17 Pro 1TB_Bạc_115515.png
iPhone 17 Pro Max 1TB;Xanh đậm;Yes;50990000;50090000;2026-04-11;Khuyến mãi  trị giá 50.000₫             Giá và khuyến mãi có thể kết thúc sớm hơn dự kiến                                                                         1                                              Tặng phiếu mua hàng Phụ Kiện, Smartwatch, Đồng hồ thời trang từ 250,000đ (trừ Apple, Beats) trị giá 50,000đ                                                            2                                              Phiếu mua hàng Apple Watch trị giá 500,000đ                                                            3                                              Tặng phiếu mua hàng Macbook (trừ Macbook Air M5 và Macbook Neo) trị giá 1,000,000đ                                                            4                                              Phiếu mua hàng Airpods trị giá 500.000đ                                                            5                                              Tặng Phiếu mua hàng mua Smartwatch (trừ Apple, giá trên 5.000.000đ) trị giá 500.000đ                                                            6                                              Tặng Phiếu mua hàng Máy lạnh (sản phẩm trên 10tr) trị giá 300.000đ                                                            7                                              NHẬN HOÀN NGAY ĐẾN 800.000đ khi mở thẻ tín dụng VPBANK MWG  (Xem chi tiết tại đây);;https://www.thegioididong.com/dtdd/iphone-17-pro-max;Skipped
iPhone 17 512GB;Xanh Lam Khói;Yes;31490000;30790000;2026-04-11;Khuyến mãi  trị giá 50.000₫             Giá và khuyến mãi có thể kết thúc sớm hơn dự kiến                                                                         1                                              Tặng phiếu mua hàng Phụ Kiện, Smartwatch, Đồng hồ thời trang từ 250,000đ (trừ Apple, Beats) trị giá 50,000đ                                                            2                                              Phiếu mua hàng Apple Watch trị giá 500,000đ                                                            3                                              Tặng phiếu mua hàng Macbook (trừ Macbook Air M5 và Macbook Neo) trị giá 1,000,000đ                                                            4                                              Phiếu mua hàng Airpods trị giá 500.000đ                                                            5                                              Tặng Phiếu mua hàng mua Smartwatch (trừ Apple, giá trên 5.000.000đ) trị giá 500.000đ                                                            6                                              Tặng Phiếu mua hàng Máy lạnh (sản phẩm trên 10tr) trị giá 300.000đ                                                            7                                              NHẬN HOÀN NGAY ĐẾN 800.000đ khi mở thẻ tín dụng VPBANK MWG  (Xem chi tiết tại đây);;https://www.thegioididong.com/dtdd/iphone-17;Skipped
iPhone 17 Pro 1TB;Cam Vũ Trụ;Yes;47990000;46390000;2026-04-11;Khuyến mãi  trị giá 50.000₫             Giá và khuyến mãi có thể kết thúc sớm hơn dự kiến                                                                         1                                              Tặng phiếu mua hàng Phụ Kiện, Smartwatch, Đồng hồ thời trang từ 250,000đ (trừ Apple, Beats) trị giá 50,000đ                                                            2                                              Phiếu mua hàng Apple Watch trị giá 500,000đ                                                            3                                              Tặng phiếu mua hàng Macbook (trừ Macbook Air M5 và Macbook Neo) trị giá 1,000,000đ                                                            4                                              Phiếu mua hàng Airpods trị giá 500.000đ                                                            5                                              Tặng Phiếu mua hàng mua Smartwatch (trừ Apple, giá trên 5.000.000đ) trị giá 500.000đ                                                            6                                              Tặng Phiếu mua hàng Máy lạnh (sản phẩm trên 10tr) trị giá 300.000đ                                                            7                                              NHẬN HOÀN NGAY ĐẾN 800.000đ khi mở thẻ tín dụng VPBANK MWG  (Xem chi tiết tại đây);;https://www.thegioididong.com/dtdd/iphone-17-pro;Skipped
iPhone 16 Plus 512GB;Xanh Lưu Ly;Yes;500000;33990000;2026-04-11;Khuyến mãi                      Giá và khuyến mãi dự kiến áp dụng đến 23:59 | 30/04                                                                         1                                          Chọn 1 trong các khuyến mãi:                                                      Giảm giá 4,000,000đ (đã giảm vào giá sản phẩm)                                                                               Tặng phiếu mua hàng Phụ Kiện, Smartwatch, đồng hồ thời trang (trừ Apple, Beats) trị giá 4,800,000đ                                                                                     2                                              Phiếu mua hàng Apple Watch trị giá 500,000đ                                                            3                                              Tặng phiếu mua hàng Macbook (trừ Macbook Air M5 và Macbook Neo) trị giá 1,000,000đ                                                            4                                              Phiếu mua hàng Airpods trị giá 500.000đ                                                            5                                              Tặng Phiếu mua hàng mua Smartwatch (trừ Apple, giá trên 5.000.000đ) trị giá 500.000đ                                                            6                                              Tặng Phiếu mua hàng Máy lạnh (sản phẩm trên 10tr) trị giá 300.000đ                                                            7                                              Thu cũ đổi mới: Giảm đến 2,000,000đ (Không kèm ưu đãi thanh toán qua cổng, mua kèm)  Xem chi tiết                                                            8                                              NHẬN HOÀN NGAY ĐẾN 800.000đ khi mở thẻ tín dụng VPBANK MWG  (Xem chi tiết tại đây);;https://www.thegioididong.com/dtdd/iphone-16-plus;Skipped
iPhone 17 Pro Max 2TB;Xanh đậm;Yes;63990000;62090000;2026-04-11;Khuyến mãi  trị giá 50.000₫             Giá và khuyến mãi có thể kết thúc sớm hơn dự kiến                                                                         1                                              Tặng phiếu mua hàng Phụ Kiện, Smartwatch, Đồng hồ thời trang từ 250,000đ (trừ Apple, Beats) trị giá 50,000đ                                                            2                                              Phiếu mua hàng Apple Watch trị giá 500,000đ                                                            3                                              Tặng phiếu mua hàng Macbook (trừ Macbook Air M5 và Macbook Neo) trị giá 1,000,000đ                                                            4                                              Phiếu mua hàng Airpods trị giá 500.000đ                                                            5                                              Tặng Phiếu mua hàng mua Smartwatch (trừ Apple, giá trên 5.000.000đ) trị giá 500.000đ                                                            6                                              Tặng Phiếu mua hàng Máy lạnh (sản phẩm trên 10tr) trị giá 300.000đ                                                            7                                              NHẬN HOÀN NGAY ĐẾN 800.000đ khi mở thẻ tín dụng VPBANK MWG  (Xem chi tiết tại đây);;https://www.thegioididong.com/dtdd/iphone-17-pro-max;Skipped
iPhone 17 512GB;Xanh Lá Xô Thơm;Yes;31490000;30890000;2026-04-11;Khuyến mãi  trị giá 50.000₫             Giá và khuyến mãi có thể kết thúc sớm hơn dự kiến                                                                         1                                              Tặng phiếu mua hàng Phụ Kiện, Smartwatch, Đồng hồ thời trang từ 250,000đ (trừ Apple, Beats) trị giá 50,000đ                                                            2                                              Phiếu mua hàng Apple Watch trị giá 500,000đ                                                            3                                              Tặng phiếu mua hàng Macbook (trừ Macbook Air M5 và Macbook Neo) trị giá 1,000,000đ                                                            4                                              Phiếu mua hàng Airpods trị giá 500.000đ                                                            5                                              Tặng Phiếu mua hàng mua Smartwatch (trừ Apple, giá trên 5.000.000đ) trị giá 500.000đ                                                            6                                              Tặng Phiếu mua hàng Máy lạnh (sản phẩm trên 10tr) trị giá 300.000đ                                                            7                                              NHẬN HOÀN NGAY ĐẾN 800.000đ khi mở thẻ tín dụng VPBANK MWG  (Xem chi tiết tại đây);;https://www.thegioididong.com/dtdd/iphone-17;Skipped
iPhone 17 Pro 1TB;Xanh đậm;Yes;47990000;46390000;2026-04-11;Khuyến mãi  trị giá 50.000₫             Giá và khuyến mãi có thể kết thúc sớm hơn dự kiến                                                                         1                                              Tặng phiếu mua hàng Phụ Kiện, Smartwatch, Đồng hồ thời trang từ 250,000đ (trừ Apple, Beats) trị giá 50,000đ                                                            2                                              Phiếu mua hàng Apple Watch trị giá 500,000đ                                                            3                                              Tặng phiếu mua hàng Macbook (trừ Macbook Air M5 và Macbook Neo) trị giá 1,000,000đ                                                            4                                              Phiếu mua hàng Airpods trị giá 500.000đ                                                            5                                              Tặng Phiếu mua hàng mua Smartwatch (trừ Apple, giá trên 5.000.000đ) trị giá 500.000đ                                                            6                                              Tặng Phiếu mua hàng Máy lạnh (sản phẩm trên 10tr) trị giá 300.000đ                                                            7                                              NHẬN HOÀN NGAY ĐẾN 800.000đ khi mở thẻ tín dụng VPBANK MWG  (Xem chi tiết tại đây);;https://www.thegioididong.com/dtdd/iphone-17-pro;Skipped
iPhone 17 Pro Max 2TB;Bạc;Yes;63990000;63690000;2026-04-11;Khuyến mãi  trị giá 50.000₫             Giá và khuyến mãi có thể kết thúc sớm hơn dự kiến                                                                         1                                              Tặng phiếu mua hàng Phụ Kiện, Smartwatch, Đồng hồ thời trang từ 250,000đ (trừ Apple, Beats) trị giá 50,000đ                                                            2                                              Phiếu mua hàng Apple Watch trị giá 500,000đ                                                            3                                              Tặng phiếu mua hàng Macbook (trừ Macbook Air M5 và Macbook Neo) trị giá 1,000,000đ                                                            4                                              Phiếu mua hàng Airpods trị giá 500.000đ                                                            5                                              Tặng Phiếu mua hàng mua Smartwatch (trừ Apple, giá trên 5.000.000đ) trị giá 500.000đ                                                            6                                              Tặng Phiếu mua hàng Máy lạnh (sản phẩm trên 10tr) trị giá 300.000đ                                                            7                                              NHẬN HOÀN NGAY ĐẾN 800.000đ khi mở thẻ tín dụng VPBANK MWG  (Xem chi tiết tại đây);;https://www.thegioididong.com/dtdd/iphone-17-pro-max;Skipped
iPhone 17 512GB;Trắng;Yes;31490000;31090000;2026-04-11;Khuyến mãi  trị giá 50.000₫             Giá và khuyến mãi có thể kết thúc sớm hơn dự kiến                                                                         1                                              Tặng phiếu mua hàng Phụ Kiện, Smartwatch, Đồng hồ thời trang từ 250,000đ (trừ Apple, Beats) trị giá 50,000đ                                                            2                                              Phiếu mua hàng Apple Watch trị giá 500,000đ                                                            3                                              Tặng phiếu mua hàng Macbook (trừ Macbook Air M5 và Macbook Neo) trị giá 1,000,000đ                                                            4                                              Phiếu mua hàng Airpods trị giá 500.000đ                                                            5                                              Tặng Phiếu mua hàng mua Smartwatch (trừ Apple, giá trên 5.000.000đ) trị giá 500.000đ                                                            6                                              Tặng Phiếu mua hàng Máy lạnh (sản phẩm trên 10tr) trị giá 300.000đ                                                            7                                              NHẬN HOÀN NGAY ĐẾN 800.000đ khi mở thẻ tín dụng VPBANK MWG  (Xem chi tiết tại đây);;https://www.thegioididong.com/dtdd/iphone-17;Skipped
iPhone 17 Pro 1TB;Bạc;No;500000;47990000;2026-04-11;Khuyến mãi  trị giá 50.000₫                     Giá và khuyến mãi dự kiến áp dụng đến 23:59 | 30/04                                                                         1                                              Tặng phiếu mua hàng Phụ Kiện, Smartwatch, Đồng hồ thời trang từ 250,000đ (trừ Apple, Beats) trị giá 50,000đ                                                            2                                              Phiếu mua hàng Apple Watch trị giá 500,000đ                                                            3                                              Tặng phiếu mua hàng Macbook (trừ Macbook Air M5 và Macbook Neo) trị giá 1,000,000đ                                                            4                                              Phiếu mua hàng Airpods trị giá 500.000đ                                                            5                                              Tặng Phiếu mua hàng mua Smartwatch (trừ Apple, giá trên 5.000.000đ) trị giá 500.000đ                                                            6                                              Tặng Phiếu mua hàng Máy lạnh (sản phẩm trên 10tr) trị giá 300.000đ                                                            7                                              Thu cũ đổi mới: Giảm đến 2,000,000đ (Không kèm ưu đãi thanh toán qua cổng, mua kèm)  Xem chi tiết                                                            8                                              NHẬN HOÀN NGAY ĐẾN 800.000đ khi mở thẻ tín dụng VPBANK MWG  (Xem chi tiết tại đây);;https://www.thegioididong.com/dtdd/iphone-17-pro;DEBUG_OOS_iPhone 17 Pro 1TB_Bạc_115527.png
iPhone 17 512GB;Đen;Yes;31490000;31090000;2026-04-11;Khuyến mãi  trị giá 50.000₫             Giá và khuyến mãi có thể kết thúc sớm hơn dự kiến                                                                         1                                              Tặng phiếu mua hàng Phụ Kiện, Smartwatch, Đồng hồ thời trang từ 250,000đ (trừ Apple, Beats) trị giá 50,000đ                                                            2                                              Phiếu mua hàng Apple Watch trị giá 500,000đ                                                            3                                              Tặng phiếu mua hàng Macbook (trừ Macbook Air M5 và Macbook Neo) trị giá 1,000,000đ                                                            4                                              Phiếu mua hàng Airpods trị giá 500.000đ                                                            5                                              Tặng Phiếu mua hàng mua Smartwatch (trừ Apple, giá trên 5.000.000đ) trị giá 500.000đ                                                            6                                              Tặng Phiếu mua hàng Máy lạnh (sản phẩm trên 10tr) trị giá 300.000đ                                                            7                                              NHẬN HOÀN NGAY ĐẾN 800.000đ khi mở thẻ tín dụng VPBANK MWG  (Xem chi tiết tại đây);;https://www.thegioididong.com/dtdd/iphone-17;Skipped
iPhone 17 Pro Max 2TB;Cam Vũ Trụ;Yes;63990000;63090000;2026-04-11;Khuyến mãi  trị giá 50.000₫             Giá và khuyến mãi có thể kết thúc sớm hơn dự kiến                                                                         1                                              Tặng phiếu mua hàng Phụ Kiện, Smartwatch, Đồng hồ thời trang từ 250,000đ (trừ Apple, Beats) trị giá 50,000đ                                                            2                                              Phiếu mua hàng Apple Watch trị giá 500,000đ                                                            3                                              Tặng phiếu mua hàng Macbook (trừ Macbook Air M5 và Macbook Neo) trị giá 1,000,000đ                                                            4                                              Phiếu mua hàng Airpods trị giá 500.000đ                                                            5                                              Tặng Phiếu mua hàng mua Smartwatch (trừ Apple, giá trên 5.000.000đ) trị giá 500.000đ                                                            6                                              Tặng Phiếu mua hàng Máy lạnh (sản phẩm trên 10tr) trị giá 300.000đ                                                            7                                              NHẬN HOÀN NGAY ĐẾN 800.000đ khi mở thẻ tín dụng VPBANK MWG  (Xem chi tiết tại đây);;https://www.thegioididong.com/dtdd/iphone-17-pro-max;Skipped
iPhone 16 Plus 512GB;Trắng;Yes;500000;33990000;2026-04-11;Khuyến mãi                      Giá và khuyến mãi dự kiến áp dụng đến 23:59 | 30/04                                                                         1                                          Chọn 1 trong các khuyến mãi:                                                      Giảm giá 4,000,000đ (đã giảm vào giá sản phẩm)                                                                               Tặng phiếu mua hàng Phụ Kiện, Smartwatch, đồng hồ thời trang (trừ Apple, Beats) trị giá 4,800,000đ                                                                                     2                                              Phiếu mua hàng Apple Watch trị giá 500,000đ                                                            3                                              Tặng phiếu mua hàng Macbook (trừ Macbook Air M5 và Macbook Neo) trị giá 1,000,000đ                                                            4                                              Phiếu mua hàng Airpods trị giá 500.000đ                                                            5                                              Tặng Phiếu mua hàng mua Smartwatch (trừ Apple, giá trên 5.000.000đ) trị giá 500.000đ                                                            6                                              Tặng Phiếu mua hàng Máy lạnh (sản phẩm trên 10tr) trị giá 300.000đ                                                            7                                              Thu cũ đổi mới: Giảm đến 2,000,000đ (Không kèm ưu đãi thanh toán qua cổng, mua kèm)  Xem chi tiết                                                            8                                              NHẬN HOÀN NGAY ĐẾN 800.000đ khi mở thẻ tín dụng VPBANK MWG  (Xem chi tiết tại đây);;https://www.thegioididong.com/dtdd/iphone-16-plus;Skipped
iPhone 17 Pro 1TB;Cam Vũ Trụ;Yes;47990000;46390000;2026-04-11;Khuyến mãi  trị giá 50.000₫             Giá và khuyến mãi có thể kết thúc sớm hơn dự kiến                                                                         1                                              Tặng phiếu mua hàng Phụ Kiện, Smartwatch, Đồng hồ thời trang từ 250,000đ (trừ Apple, Beats) trị giá 50,000đ                                                            2                                              Phiếu mua hàng Apple Watch trị giá 500,000đ                                                            3                                              Tặng phiếu mua hàng Macbook (trừ Macbook Air M5 và Macbook Neo) trị giá 1,000,000đ                                                            4                                              Phiếu mua hàng Airpods trị giá 500.000đ                                                            5                                              Tặng Phiếu mua hàng mua Smartwatch (trừ Apple, giá trên 5.000.000đ) trị giá 500.000đ                                                            6                                              Tặng Phiếu mua hàng Máy lạnh (sản phẩm trên 10tr) trị giá 300.000đ                                                            7                                              NHẬN HOÀN NGAY ĐẾN 800.000đ khi mở thẻ tín dụng VPBANK MWG  (Xem chi tiết tại đây);;https://www.thegioididong.com/dtdd/iphone-17-pro;Skipped
iPhone 17 Pro Max 2TB;Xanh đậm;Yes;63990000;62090000;2026-04-11;Khuyến mãi  trị giá 50.000₫             Giá và khuyến mãi có thể kết thúc sớm hơn dự kiến                                                                         1                                              Tặng phiếu mua hàng Phụ Kiện, Smartwatch, Đồng hồ thời trang từ 250,000đ (trừ Apple, Beats) trị giá 50,000đ                                                            2                                              Phiếu mua hàng Apple Watch trị giá 500,000đ                                                            3                                              Tặng phiếu mua hàng Macbook (trừ Macbook Air M5 và Macbook Neo) trị giá 1,000,000đ                                                            4                                              Phiếu mua hàng Airpods trị giá 500.000đ                                                            5                                              Tặng Phiếu mua hàng mua Smartwatch (trừ Apple, giá trên 5.000.000đ) trị giá 500.000đ                                                            6                                              Tặng Phiếu mua hàng Máy lạnh (sản phẩm trên 10tr) trị giá 300.000đ                                                            7                                              NHẬN HOÀN NGAY ĐẾN 800.000đ khi mở thẻ tín dụng VPBANK MWG  (Xem chi tiết tại đây);;https://www.thegioididong.com/dtdd/iphone-17-pro-max;Skipped
iPhone 17 512GB;Tím Oải Hương;Yes;31490000;30890000;2026-04-11;Khuyến mãi  trị giá 50.000₫             Giá và khuyến mãi có thể kết thúc sớm hơn dự kiến                                                                         1                                              Tặng phiếu mua hàng Phụ Kiện, Smartwatch, Đồng hồ thời trang từ 250,000đ (trừ Apple, Beats) trị giá 50,000đ                                                            2                                              Phiếu mua hàng Apple Watch trị giá 500,000đ                                                            3                                              Tặng phiếu mua hàng Macbook (trừ Macbook Air M5 và Macbook Neo) trị giá 1,000,000đ                                                            4                                              Phiếu mua hàng Airpods trị giá 500.000đ                                                            5                                              Tặng Phiếu mua hàng mua Smartwatch (trừ Apple, giá trên 5.000.000đ) trị giá 500.000đ                                                            6                                              Tặng Phiếu mua hàng Máy lạnh (sản phẩm trên 10tr) trị giá 300.000đ                                                            7                                              NHẬN HOÀN NGAY ĐẾN 800.000đ khi mở thẻ tín dụng VPBANK MWG  (Xem chi tiết tại đây);;https://www.thegioididong.com/dtdd/iphone-17;Skipped
iPhone 16 Plus 512GB;Đen;Yes;500000;33990000;2026-04-11;Khuyến mãi                      Giá và khuyến mãi dự kiến áp dụng đến 23:59 | 30/04                                                                         1                                          Chọn 1 trong các khuyến mãi:                                                      Giảm giá 4,000,000đ (đã giảm vào giá sản phẩm)                                                                               Tặng phiếu mua hàng Phụ Kiện, Smartwatch, đồng hồ thời trang (trừ Apple, Beats) trị giá 4,800,000đ                                                                                     2                                              Phiếu mua hàng Apple Watch trị giá 500,000đ                                                            3                                              Tặng phiếu mua hàng Macbook (trừ Macbook Air M5 và Macbook Neo) trị giá 1,000,000đ                                                            4                                              Phiếu mua hàng Airpods trị giá 500.000đ                                                            5                                              Tặng Phiếu mua hàng mua Smartwatch (trừ Apple, giá trên 5.000.000đ) trị giá 500.000đ                                                            6                                              Tặng Phiếu mua hàng Máy lạnh (sản phẩm trên 10tr) trị giá 300.000đ                                                            7                                              Thu cũ đổi mới: Giảm đến 2,000,000đ (Không kèm ưu đãi thanh toán qua cổng, mua kèm)  Xem chi tiết                                                            8                                              NHẬN HOÀN NGAY ĐẾN 800.000đ khi mở thẻ tín dụng VPBANK MWG  (Xem chi tiết tại đây);;https://www.thegioididong.com/dtdd/iphone-16-plus;Skipped
iPhone 17 Pro 1TB;Xanh đậm;Yes;47990000;46390000;2026-04-11;Khuyến mãi  trị giá 50.000₫             Giá và khuyến mãi có thể kết thúc sớm hơn dự kiến                                                                         1                                              Tặng phiếu mua hàng Phụ Kiện, Smartwatch, Đồng hồ thời trang từ 250,000đ (trừ Apple, Beats) trị giá 50,000đ                                                            2                                              Phiếu mua hàng Apple Watch trị giá 500,000đ                                                            3                                              Tặng phiếu mua hàng Macbook (trừ Macbook Air M5 và Macbook Neo) trị giá 1,000,000đ                                                            4                                              Phiếu mua hàng Airpods trị giá 500.000đ                                                            5                                              Tặng Phiếu mua hàng mua Smartwatch (trừ Apple, giá trên 5.000.000đ) trị giá 500.000đ                                                            6                                              Tặng Phiếu mua hàng Máy lạnh (sản phẩm trên 10tr) trị giá 300.000đ                                                            7                                              NHẬN HOÀN NGAY ĐẾN 800.000đ khi mở thẻ tín dụng VPBANK MWG  (Xem chi tiết tại đây);;https://www.thegioididong.com/dtdd/iphone-17-pro;Skipped
iPhone 17 Pro Max 2TB;Bạc;Yes;63990000;63690000;2026-04-11;Khuyến mãi  trị giá 50.000₫             Giá và khuyến mãi có thể kết thúc sớm hơn dự kiến                                                                         1                                              Tặng phiếu mua hàng Phụ Kiện, Smartwatch, Đồng hồ thời trang từ 250,000đ (trừ Apple, Beats) trị giá 50,000đ                                                            2                                              Phiếu mua hàng Apple Watch trị giá 500,000đ                                                            3                                              Tặng phiếu mua hàng Macbook (trừ Macbook Air M5 và Macbook Neo) trị giá 1,000,000đ                                                            4                                              Phiếu mua hàng Airpods trị giá 500.000đ                                                            5                                              Tặng Phiếu mua hàng mua Smartwatch (trừ Apple, giá trên 5.000.000đ) trị giá 500.000đ                                                            6                                              Tặng Phiếu mua hàng Máy lạnh (sản phẩm trên 10tr) trị giá 300.000đ                                                            7                                              NHẬN HOÀN NGAY ĐẾN 800.000đ khi mở thẻ tín dụng VPBANK MWG  (Xem chi tiết tại đây);;https://www.thegioididong.com/dtdd/iphone-17-pro-max;Skipped
iPhone 17 512GB;Xanh Lam Khói;Yes;31490000;30790000;2026-04-11;Khuyến mãi  trị giá 50.000₫             Giá và khuyến mãi có thể kết thúc sớm hơn dự kiến                                                                         1                                              Tặng phiếu mua hàng Phụ Kiện, Smartwatch, Đồng hồ thời trang từ 250,000đ (trừ Apple, Beats) trị giá 50,000đ                                                            2                                              Phiếu mua hàng Apple Watch trị giá 500,000đ                                                            3                                              Tặng phiếu mua hàng Macbook (trừ Macbook Air M5 và Macbook Neo) trị giá 1,000,000đ                                                            4                                              Phiếu mua hàng Airpods trị giá 500.000đ                                                            5                                              Tặng Phiếu mua hàng mua Smartwatch (trừ Apple, giá trên 5.000.000đ) trị giá 500.000đ                                                            6                                              Tặng Phiếu mua hàng Máy lạnh (sản phẩm trên 10tr) trị giá 300.000đ                                                            7                                              NHẬN HOÀN NGAY ĐẾN 800.000đ khi mở thẻ tín dụng VPBANK MWG  (Xem chi tiết tại đây);;https://www.thegioididong.com/dtdd/iphone-17;Skipped
iPhone 17 Pro Max 2TB;Cam Vũ Trụ;Yes;63990000;63090000;2026-04-11;Khuyến mãi  trị giá 50.000₫             Giá và khuyến mãi có thể kết thúc sớm hơn dự kiến                                                                         1                                              Tặng phiếu mua hàng Phụ Kiện, Smartwatch, Đồng hồ thời trang từ 250,000đ (trừ Apple, Beats) trị giá 50,000đ                                                            2                                              Phiếu mua hàng Apple Watch trị giá 500,000đ                                                            3                                              Tặng phiếu mua hàng Macbook (trừ Macbook Air M5 và Macbook Neo) trị giá 1,000,000đ                                                            4                                              Phiếu mua hàng Airpods trị giá 500.000đ                                                            5                                              Tặng Phiếu mua hàng mua Smartwatch (trừ Apple, giá trên 5.000.000đ) trị giá 500.000đ                                                            6                                              Tặng Phiếu mua hàng Máy lạnh (sản phẩm trên 10tr) trị giá 300.000đ                                                            7                                              NHẬN HOÀN NGAY ĐẾN 800.000đ khi mở thẻ tín dụng VPBANK MWG  (Xem chi tiết tại đây);;https://www.thegioididong.com/dtdd/iphone-17-pro-max;Skipped
iPhone 17 Pro 1TB;Bạc;No;500000;47990000;2026-04-11;Khuyến mãi  trị giá 50.000₫                     Giá và khuyến mãi dự kiến áp dụng đến 23:59 | 30/04                                                                         1                                              Tặng phiếu mua hàng Phụ Kiện, Smartwatch, Đồng hồ thời trang từ 250,000đ (trừ Apple, Beats) trị giá 50,000đ                                                            2                                              Phiếu mua hàng Apple Watch trị giá 500,000đ                                                            3                                              Tặng phiếu mua hàng Macbook (trừ Macbook Air M5 và Macbook Neo) trị giá 1,000,000đ                                                            4                                              Phiếu mua hàng Airpods trị giá 500.000đ                                                            5                                              Tặng Phiếu mua hàng mua Smartwatch (trừ Apple, giá trên 5.000.000đ) trị giá 500.000đ                                                            6                                              Tặng Phiếu mua hàng Máy lạnh (sản phẩm trên 10tr) trị giá 300.000đ                                                            7                                              Thu cũ đổi mới: Giảm đến 2,000,000đ (Không kèm ưu đãi thanh toán qua cổng, mua kèm)  Xem chi tiết                                                            8                                              NHẬN HOÀN NGAY ĐẾN 800.000đ khi mở thẻ tín dụng VPBANK MWG  (Xem chi tiết tại đây);;https://www.thegioididong.com/dtdd/iphone-17-pro;DEBUG_OOS_iPhone 17 Pro 1TB_Bạc_115538.png
iPhone 17 512GB;Xanh Lá Xô Thơm;Yes;31490000;30890000;2026-04-11;Khuyến mãi  trị giá 50.000₫             Giá và khuyến mãi có thể kết thúc sớm hơn dự kiến                                                                         1                                              Tặng phiếu mua hàng Phụ Kiện, Smartwatch, Đồng hồ thời trang từ 250,000đ (trừ Apple, Beats) trị giá 50,000đ                                                            2                                              Phiếu mua hàng Apple Watch trị giá 500,000đ                                                            3                                              Tặng phiếu mua hàng Macbook (trừ Macbook Air M5 và Macbook Neo) trị giá 1,000,000đ                                                            4                                              Phiếu mua hàng Airpods trị giá 500.000đ                                                            5                                              Tặng Phiếu mua hàng mua Smartwatch (trừ Apple, giá trên 5.000.000đ) trị giá 500.000đ                                                            6                                              Tặng Phiếu mua hàng Máy lạnh (sản phẩm trên 10tr) trị giá 300.000đ                                                            7                                              NHẬN HOÀN NGAY ĐẾN 800.000đ khi mở thẻ tín dụng VPBANK MWG  (Xem chi tiết tại đây);;https://www.thegioididong.com/dtdd/iphone-17;Skipped
iPhone 16 Plus 512GB;Xanh Mòng Két;Yes;500000;33990000;2026-04-11;Khuyến mãi                      Giá và khuyến mãi dự kiến áp dụng đến 23:59 | 30/04                                                                         1                                          Chọn 1 trong các khuyến mãi:                                                      Giảm giá 4,000,000đ (đã giảm vào giá sản phẩm)                                                                               Tặng phiếu mua hàng Phụ Kiện, Smartwatch, đồng hồ thời trang (trừ Apple, Beats) trị giá 4,800,000đ                                                                                     2                                              Phiếu mua hàng Apple Watch trị giá 500,000đ                                                            3                                              Tặng phiếu mua hàng Macbook (trừ Macbook Air M5 và Macbook Neo) trị giá 1,000,000đ                                                            4                                              Phiếu mua hàng Airpods trị giá 500.000đ                                                            5                                              Tặng Phiếu mua hàng mua Smartwatch (trừ Apple, giá trên 5.000.000đ) trị giá 500.000đ                                                            6                                              Tặng Phiếu mua hàng Máy lạnh (sản phẩm trên 10tr) trị giá 300.000đ                                                            7                                              Thu cũ đổi mới: Giảm đến 2,000,000đ (Không kèm ưu đãi thanh toán qua cổng, mua kèm)  Xem chi tiết                                                            8                                              NHẬN HOÀN NGAY ĐẾN 800.000đ khi mở thẻ tín dụng VPBANK MWG  (Xem chi tiết tại đây);;https://www.thegioididong.com/dtdd/iphone-16-plus;Skipped
iPhone 17 Pro 1TB;Cam Vũ Trụ;Yes;47990000;46390000;2026-04-11;Khuyến mãi  trị giá 50.000₫             Giá và khuyến mãi có thể kết thúc sớm hơn dự kiến                                                                         1                                              Tặng phiếu mua hàng Phụ Kiện, Smartwatch, Đồng hồ thời trang từ 250,000đ (trừ Apple, Beats) trị giá 50,000đ                                                            2                                              Phiếu mua hàng Apple Watch trị giá 500,000đ                                                            3                                              Tặng phiếu mua hàng Macbook (trừ Macbook Air M5 và Macbook Neo) trị giá 1,000,000đ                                                            4                                              Phiếu mua hàng Airpods trị giá 500.000đ                                                            5                                              Tặng Phiếu mua hàng mua Smartwatch (trừ Apple, giá trên 5.000.000đ) trị giá 500.000đ                                                            6                                              Tặng Phiếu mua hàng Máy lạnh (sản phẩm trên 10tr) trị giá 300.000đ                                                            7                                              NHẬN HOÀN NGAY ĐẾN 800.000đ khi mở thẻ tín dụng VPBANK MWG  (Xem chi tiết tại đây);;https://www.thegioididong.com/dtdd/iphone-17-pro;Skipped
iPhone Air 256GB;Vàng Nhạt;Yes;500000;31990000;2026-04-11;Khuyến mãi                      Giá và khuyến mãi dự kiến áp dụng đến 23:59 | 12/04                                                                         1                                          Chọn 1 trong các khuyến mãi:                                                      Giảm giá 9,000,000đ (đã giảm vào giá sản phẩm)                                                                               Tặng phiếu mua hàng Phụ Kiện, Smartwatch, đồng hồ thời trang (trừ Apple, Beats) trị giá 9,800,000đ                                                                                     2                                              Phiếu mua hàng Apple Watch trị giá 500,000đ                                                            3                                              Tặng phiếu mua hàng Macbook (trừ Macbook Air M5 và Macbook Neo) trị giá 1,000,000đ                                                            4                                              Phiếu mua hàng Airpods trị giá 500.000đ                                                            5                                              Tặng Phiếu mua hàng mua Smartwatch (trừ Apple, giá trên 5.000.000đ) trị giá 500.000đ                                                            6                                              Tặng Phiếu mua hàng Máy lạnh (sản phẩm trên 10tr) trị giá 300.000đ                                                            7                                              Thu cũ đổi mới: Giảm đến 2,000,000đ (Không kèm ưu đãi thanh toán qua cổng, mua kèm)  Xem chi tiết                                                            8                                              NHẬN HOÀN NGAY ĐẾN 800.000đ khi mở thẻ tín dụng VPBANK MWG  (Xem chi tiết tại đây);;https://www.thegioididong.com/dtdd/iphone-air;Skipped
iPhone 17 512GB;Trắng;Yes;31490000;31090000;2026-04-11;Khuyến mãi  trị giá 50.000₫             Giá và khuyến mãi có thể kết thúc sớm hơn dự kiến                                                                         1                                              Tặng phiếu mua hàng Phụ Kiện, Smartwatch, Đồng hồ thời trang từ 250,000đ (trừ Apple, Beats) trị giá 50,000đ                                                            2                                              Phiếu mua hàng Apple Watch trị giá 500,000đ                                                            3                                              Tặng phiếu mua hàng Macbook (trừ Macbook Air M5 và Macbook Neo) trị giá 1,000,000đ                                                            4                                              Phiếu mua hàng Airpods trị giá 500.000đ                                                            5                                              Tặng Phiếu mua hàng mua Smartwatch (trừ Apple, giá trên 5.000.000đ) trị giá 500.000đ                                                            6                                              Tặng Phiếu mua hàng Máy lạnh (sản phẩm trên 10tr) trị giá 300.000đ                                                            7                                              NHẬN HOÀN NGAY ĐẾN 800.000đ khi mở thẻ tín dụng VPBANK MWG  (Xem chi tiết tại đây);;https://www.thegioididong.com/dtdd/iphone-17;Skipped
iPhone 17 Pro Max 2TB;Xanh đậm;Yes;63990000;62090000;2026-04-11;Khuyến mãi  trị giá 50.000₫             Giá và khuyến mãi có thể kết thúc sớm hơn dự kiến                                                                         1                                              Tặng phiếu mua hàng Phụ Kiện, Smartwatch, Đồng hồ thời trang từ 250,000đ (trừ Apple, Beats) trị giá 50,000đ                                                            2                                              Phiếu mua hàng Apple Watch trị giá 500,000đ                                                            3                                              Tặng phiếu mua hàng Macbook (trừ Macbook Air M5 và Macbook Neo) trị giá 1,000,000đ                                                            4                                              Phiếu mua hàng Airpods trị giá 500.000đ                                                            5                                              Tặng Phiếu mua hàng mua Smartwatch (trừ Apple, giá trên 5.000.000đ) trị giá 500.000đ                                                            6                                              Tặng Phiếu mua hàng Máy lạnh (sản phẩm trên 10tr) trị giá 300.000đ                                                            7                                              NHẬN HOÀN NGAY ĐẾN 800.000đ khi mở thẻ tín dụng VPBANK MWG  (Xem chi tiết tại đây);;https://www.thegioididong.com/dtdd/iphone-17-pro-max;Skipped
iPhone 17 512GB;Đen;Yes;31490000;31090000;2026-04-11;Khuyến mãi  trị giá 50.000₫             Giá và khuyến mãi có thể kết thúc sớm hơn dự kiến                                                                         1                                              Tặng phiếu mua hàng Phụ Kiện, Smartwatch, Đồng hồ thời trang từ 250,000đ (trừ Apple, Beats) trị giá 50,000đ                                                            2                                              Phiếu mua hàng Apple Watch trị giá 500,000đ                                                            3                                              Tặng phiếu mua hàng Macbook (trừ Macbook Air M5 và Macbook Neo) trị giá 1,000,000đ                                                            4                                              Phiếu mua hàng Airpods trị giá 500.000đ                                                            5                                              Tặng Phiếu mua hàng mua Smartwatch (trừ Apple, giá trên 5.000.000đ) trị giá 500.000đ                                                            6                                              Tặng Phiếu mua hàng Máy lạnh (sản phẩm trên 10tr) trị giá 300.000đ                                                            7                                              NHẬN HOÀN NGAY ĐẾN 800.000đ khi mở thẻ tín dụng VPBANK MWG  (Xem chi tiết tại đây);;https://www.thegioididong.com/dtdd/iphone-17;Skipped
iPhone 16 Plus 512GB;Xanh Lưu Ly;Yes;500000;33990000;2026-04-11;Khuyến mãi                      Giá và khuyến mãi dự kiến áp dụng đến 23:59 | 30/04                                                                         1                                          Chọn 1 trong các khuyến mãi:                                                      Giảm giá 4,000,000đ (đã giảm vào giá sản phẩm)                                                                               Tặng phiếu mua hàng Phụ Kiện, Smartwatch, đồng hồ thời trang (trừ Apple, Beats) trị giá 4,800,000đ                                                                                     2                                              Phiếu mua hàng Apple Watch trị giá 500,000đ                                                            3                                              Tặng phiếu mua hàng Macbook (trừ Macbook Air M5 và Macbook Neo) trị giá 1,000,000đ                                                            4                                              Phiếu mua hàng Airpods trị giá 500.000đ                                                            5                                              Tặng Phiếu mua hàng mua Smartwatch (trừ Apple, giá trên 5.000.000đ) trị giá 500.000đ                                                            6                                              Tặng Phiếu mua hàng Máy lạnh (sản phẩm trên 10tr) trị giá 300.000đ                                                            7                                              Thu cũ đổi mới: Giảm đến 2,000,000đ (Không kèm ưu đãi thanh toán qua cổng, mua kèm)  Xem chi tiết                                                            8                                              NHẬN HOÀN NGAY ĐẾN 800.000đ khi mở thẻ tín dụng VPBANK MWG  (Xem chi tiết tại đây);;https://www.thegioididong.com/dtdd/iphone-16-plus;Skipped
iPhone 17 Pro Max 2TB;Bạc;Yes;63990000;63690000;2026-04-11;Khuyến mãi  trị giá 50.000₫             Giá và khuyến mãi có thể kết thúc sớm hơn dự kiến                                                                         1                                              Tặng phiếu mua hàng Phụ Kiện, Smartwatch, Đồng hồ thời trang từ 250,000đ (trừ Apple, Beats) trị giá 50,000đ                                                            2                                              Phiếu mua hàng Apple Watch trị giá 500,000đ                                                            3                                              Tặng phiếu mua hàng Macbook (trừ Macbook Air M5 và Macbook Neo) trị giá 1,000,000đ                                                            4                                              Phiếu mua hàng Airpods trị giá 500.000đ                                                            5                                              Tặng Phiếu mua hàng mua Smartwatch (trừ Apple, giá trên 5.000.000đ) trị giá 500.000đ                                                            6                                              Tặng Phiếu mua hàng Máy lạnh (sản phẩm trên 10tr) trị giá 300.000đ                                                            7                                              NHẬN HOÀN NGAY ĐẾN 800.000đ khi mở thẻ tín dụng VPBANK MWG  (Xem chi tiết tại đây);;https://www.thegioididong.com/dtdd/iphone-17-pro-max;Skipped
iPhone Air 256GB;Trắng Mây;Yes;500000;31990000;2026-04-11;Khuyến mãi                      Giá và khuyến mãi dự kiến áp dụng đến 23:59 | 12/04                                                                         1                                          Chọn 1 trong các khuyến mãi:                                                      Giảm giá 9,000,000đ (đã giảm vào giá sản phẩm)                                                                               Tặng phiếu mua hàng Phụ Kiện, Smartwatch, đồng hồ thời trang (trừ Apple, Beats) trị giá 9,800,000đ                                                                                     2                                              Phiếu mua hàng Apple Watch trị giá 500,000đ                                                            3                                              Tặng phiếu mua hàng Macbook (trừ Macbook Air M5 và Macbook Neo) trị giá 1,000,000đ                                                            4                                              Phiếu mua hàng Airpods trị giá 500.000đ                                                            5                                              Tặng Phiếu mua hàng mua Smartwatch (trừ Apple, giá trên 5.000.000đ) trị giá 500.000đ                                                            6                                              Tặng Phiếu mua hàng Máy lạnh (sản phẩm trên 10tr) trị giá 300.000đ                                                            7                                              Thu cũ đổi mới: Giảm đến 2,000,000đ (Không kèm ưu đãi thanh toán qua cổng, mua kèm)  Xem chi tiết                                                            8                                              NHẬN HOÀN NGAY ĐẾN 800.000đ khi mở thẻ tín dụng VPBANK MWG  (Xem chi tiết tại đây);;https://www.thegioididong.com/dtdd/iphone-air;Skipped
iPhone 17 Pro Max 2TB;Cam Vũ Trụ;Yes;63990000;63090000;2026-04-11;Khuyến mãi  trị giá 50.000₫             Giá và khuyến mãi có thể kết thúc sớm hơn dự kiến                                                                         1                                              Tặng phiếu mua hàng Phụ Kiện, Smartwatch, Đồng hồ thời trang từ 250,000đ (trừ Apple, Beats) trị giá 50,000đ                                                            2                                              Phiếu mua hàng Apple Watch trị giá 500,000đ                                                            3                                              Tặng phiếu mua hàng Macbook (trừ Macbook Air M5 và Macbook Neo) trị giá 1,000,000đ                                                            4                                              Phiếu mua hàng Airpods trị giá 500.000đ                                                            5                                              Tặng Phiếu mua hàng mua Smartwatch (trừ Apple, giá trên 5.000.000đ) trị giá 500.000đ                                                            6                                              Tặng Phiếu mua hàng Máy lạnh (sản phẩm trên 10tr) trị giá 300.000đ                                                            7                                              NHẬN HOÀN NGAY ĐẾN 800.000đ khi mở thẻ tín dụng VPBANK MWG  (Xem chi tiết tại đây);;https://www.thegioididong.com/dtdd/iphone-17-pro-max;Skipped
MacBook Air 13 inch M2 16GB/256GB;Bạc;No;0;0;2026-04-11;;;https://www.thegioididong.com/laptop/apple-macbook-air-m2-2022-16gb-256gb;DEBUG_OOS_MacBook Air 13 inch M2 16GB/256GB_Bạc_115551.png
MacBook Air 13 inch M4 16GB/256GB;Xanh đen;Yes;1600000;26490000;2026-04-11;Khuyến mãi  trị giá 500.000₫                     Giá và khuyến mãi dự kiến áp dụng đến 23:59 | 30/04                                                                         1                                          Chọn 1 trong các khuyến mãi:                                                      Giảm giá 900,000đ (đã giảm vào giá sản phẩm)                                                                               Tặng phiếu mua hàng Phụ Kiện, Smartwatch, đồng hồ thời trang (trừ Apple, Beats) trị giá 1,100,000đ                                                                                     2                                              Phiếu mua hàng Chuột, Bàn phím (Apple) trị giá 500,000đ                                                            3                                              Tặng Phiếu mua hàng trị giá 300.000đ Áp dụng mua Máy in                                                            4                                              Tặng Phiếu mua hàng Màn hình máy tính trị giá 300.000đ                                                            5                                              Tặng Phiếu mua hàng Đồng hồ Định vị trẻ em trị giá 100.000đ                                                            6                                              Tặng Phiếu mua hàng Máy lạnh (sản phẩm trên 10tr) trị giá 300.000đ                                                            7                                              Thu cũ đổi mới: Giảm thêm 300,000đ (Không kèm ưu đãi thanh toán qua cổng, mua kèm) (click xem chi tiết).                                                            8                                              NHẬN HOÀN NGAY ĐẾN 800.000đ khi mở thẻ tín dụng VPBANK MWG  (Xem chi tiết tại đây);;https://www.thegioididong.com/laptop/macbook-air-13-inch-m4-16gb-256gb;Skipped
iPhone 16 Plus 512GB;Trắng;Yes;500000;33990000;2026-04-11;Khuyến mãi                      Giá và khuyến mãi dự kiến áp dụng đến 23:59 | 30/04                                                                         1                                          Chọn 1 trong các khuyến mãi:                                                      Giảm giá 4,000,000đ (đã giảm vào giá sản phẩm)                                                                               Tặng phiếu mua hàng Phụ Kiện, Smartwatch, đồng hồ thời trang (trừ Apple, Beats) trị giá 4,800,000đ                                                                                     2                                              Phiếu mua hàng Apple Watch trị giá 500,000đ                                                            3                                              Tặng phiếu mua hàng Macbook (trừ Macbook Air M5 và Macbook Neo) trị giá 1,000,000đ                                                            4                                              Phiếu mua hàng Airpods trị giá 500.000đ                                                            5                                              Tặng Phiếu mua hàng mua Smartwatch (trừ Apple, giá trên 5.000.000đ) trị giá 500.000đ                                                            6                                              Tặng Phiếu mua hàng Máy lạnh (sản phẩm trên 10tr) trị giá 300.000đ                                                            7                                              Thu cũ đổi mới: Giảm đến 2,000,000đ (Không kèm ưu đãi thanh toán qua cổng, mua kèm)  Xem chi tiết                                                            8                                              NHẬN HOÀN NGAY ĐẾN 800.000đ khi mở thẻ tín dụng VPBANK MWG  (Xem chi tiết tại đây);;https://www.thegioididong.com/dtdd/iphone-16-plus;Skipped
iPhone 17 Pro Max 2TB;Xanh đậm;Yes;63990000;62090000;2026-04-11;Khuyến mãi  trị giá 50.000₫             Giá và khuyến mãi có thể kết thúc sớm hơn dự kiến                                                                         1                                              Tặng phiếu mua hàng Phụ Kiện, Smartwatch, Đồng hồ thời trang từ 250,000đ (trừ Apple, Beats) trị giá 50,000đ                                                            2                                              Phiếu mua hàng Apple Watch trị giá 500,000đ                                                            3                                              Tặng phiếu mua hàng Macbook (trừ Macbook Air M5 và Macbook Neo) trị giá 1,000,000đ                                                            4                                              Phiếu mua hàng Airpods trị giá 500.000đ                                                            5                                              Tặng Phiếu mua hàng mua Smartwatch (trừ Apple, giá trên 5.000.000đ) trị giá 500.000đ                                                            6                                              Tặng Phiếu mua hàng Máy lạnh (sản phẩm trên 10tr) trị giá 300.000đ                                                            7                                              NHẬN HOÀN NGAY ĐẾN 800.000đ khi mở thẻ tín dụng VPBANK MWG  (Xem chi tiết tại đây);;https://www.thegioididong.com/dtdd/iphone-17-pro-max;Skipped
iPhone Air 256GB;Xanh da trời;Yes;500000;31990000;2026-04-11;Khuyến mãi                      Giá và khuyến mãi dự kiến áp dụng đến 23:59 | 12/04                                                                         1                                          Chọn 1 trong các khuyến mãi:                                                      Giảm giá 9,000,000đ (đã giảm vào giá sản phẩm)                                                                               Tặng phiếu mua hàng Phụ Kiện, Smartwatch, đồng hồ thời trang (trừ Apple, Beats) trị giá 9,800,000đ                                                                                     2                                              Phiếu mua hàng Apple Watch trị giá 500,000đ                                                            3                                              Tặng phiếu mua hàng Macbook (trừ Macbook Air M5 và Macbook Neo) trị giá 1,000,000đ                                                            4                                              Phiếu mua hàng Airpods trị giá 500.000đ                                                            5                                              Tặng Phiếu mua hàng mua Smartwatch (trừ Apple, giá trên 5.000.000đ) trị giá 500.000đ                                                            6                                              Tặng Phiếu mua hàng Máy lạnh (sản phẩm trên 10tr) trị giá 300.000đ                                                            7                                              Thu cũ đổi mới: Giảm đến 2,000,000đ (Không kèm ưu đãi thanh toán qua cổng, mua kèm)  Xem chi tiết                                                            8                                              NHẬN HOÀN NGAY ĐẾN 800.000đ khi mở thẻ tín dụng VPBANK MWG  (Xem chi tiết tại đây);;https://www.thegioididong.com/dtdd/iphone-air;Skipped
MacBook Air 13 inch M2 16GB/256GB;Xám;No;0;0;2026-04-11;;;https://www.thegioididong.com/laptop/apple-macbook-air-m2-2022-16gb-256gb;DEBUG_OOS_MacBook Air 13 inch M2 16GB/256GB_Xám_115558.png
iPhone 17 Pro Max 2TB;Bạc;Yes;63990000;63690000;2026-04-11;Khuyến mãi  trị giá 50.000₫             Giá và khuyến mãi có thể kết thúc sớm hơn dự kiến                                                                         1                                              Tặng phiếu mua hàng Phụ Kiện, Smartwatch, Đồng hồ thời trang từ 250,000đ (trừ Apple, Beats) trị giá 50,000đ                                                            2                                              Phiếu mua hàng Apple Watch trị giá 500,000đ                                                            3                                              Tặng phiếu mua hàng Macbook (trừ Macbook Air M5 và Macbook Neo) trị giá 1,000,000đ                                                            4                                              Phiếu mua hàng Airpods trị giá 500.000đ                                                            5                                              Tặng Phiếu mua hàng mua Smartwatch (trừ Apple, giá trên 5.000.000đ) trị giá 500.000đ                                                            6                                              Tặng Phiếu mua hàng Máy lạnh (sản phẩm trên 10tr) trị giá 300.000đ                                                            7                                              NHẬN HOÀN NGAY ĐẾN 800.000đ khi mở thẻ tín dụng VPBANK MWG  (Xem chi tiết tại đây);;https://www.thegioididong.com/dtdd/iphone-17-pro-max;Skipped
iPhone 16 Plus 512GB;Đen;Yes;500000;33990000;2026-04-11;Khuyến mãi                      Giá và khuyến mãi dự kiến áp dụng đến 23:59 | 30/04                                                                         1                                          Chọn 1 trong các khuyến mãi:                                                      Giảm giá 4,000,000đ (đã giảm vào giá sản phẩm)                                                                               Tặng phiếu mua hàng Phụ Kiện, Smartwatch, đồng hồ thời trang (trừ Apple, Beats) trị giá 4,800,000đ                                                                                     2                                              Phiếu mua hàng Apple Watch trị giá 500,000đ                                                            3                                              Tặng phiếu mua hàng Macbook (trừ Macbook Air M5 và Macbook Neo) trị giá 1,000,000đ                                                            4                                              Phiếu mua hàng Airpods trị giá 500.000đ                                                            5                                              Tặng Phiếu mua hàng mua Smartwatch (trừ Apple, giá trên 5.000.000đ) trị giá 500.000đ                                                            6                                              Tặng Phiếu mua hàng Máy lạnh (sản phẩm trên 10tr) trị giá 300.000đ                                                            7                                              Thu cũ đổi mới: Giảm đến 2,000,000đ (Không kèm ưu đãi thanh toán qua cổng, mua kèm)  Xem chi tiết                                                            8                                              NHẬN HOÀN NGAY ĐẾN 800.000đ khi mở thẻ tín dụng VPBANK MWG  (Xem chi tiết tại đây);;https://www.thegioididong.com/dtdd/iphone-16-plus;Skipped
MacBook Air 13 inch M4 16GB/256GB;Xanh da trời nhạt;Yes;1600000;26490000;2026-04-11;Khuyến mãi  trị giá 500.000₫                     Giá và khuyến mãi dự kiến áp dụng đến 23:59 | 30/04                                                                         1                                          Chọn 1 trong các khuyến mãi:                                                      Giảm giá 900,000đ (đã giảm vào giá sản phẩm)                                                                               Tặng phiếu mua hàng Phụ Kiện, Smartwatch, đồng hồ thời trang (trừ Apple, Beats) trị giá 1,100,000đ                                                                                     2                                              Phiếu mua hàng Chuột, Bàn phím (Apple) trị giá 500,000đ                                                            3                                              Tặng Phiếu mua hàng trị giá 300.000đ Áp dụng mua Máy in                                                            4                                              Tặng Phiếu mua hàng Màn hình máy tính trị giá 300.000đ                                                            5                                              Tặng Phiếu mua hàng Đồng hồ Định vị trẻ em trị giá 100.000đ                                                            6                                              Tặng Phiếu mua hàng Máy lạnh (sản phẩm trên 10tr) trị giá 300.000đ                                                            7                                              Thu cũ đổi mới: Giảm thêm 300,000đ (Không kèm ưu đãi thanh toán qua cổng, mua kèm) (click xem chi tiết).                                                            8                                              NHẬN HOÀN NGAY ĐẾN 800.000đ khi mở thẻ tín dụng VPBANK MWG  (Xem chi tiết tại đây);;https://www.thegioididong.com/laptop/macbook-air-13-inch-m4-16gb-256gb;Skipped
iPhone 17 Pro Max 2TB;Cam Vũ Trụ;Yes;63990000;63090000;2026-04-11;Khuyến mãi  trị giá 50.000₫             Giá và khuyến mãi có thể kết thúc sớm hơn dự kiến                                                                         1                                              Tặng phiếu mua hàng Phụ Kiện, Smartwatch, Đồng hồ thời trang từ 250,000đ (trừ Apple, Beats) trị giá 50,000đ                                                            2                                              Phiếu mua hàng Apple Watch trị giá 500,000đ                                                            3                                              Tặng phiếu mua hàng Macbook (trừ Macbook Air M5 và Macbook Neo) trị giá 1,000,000đ                                                            4                                              Phiếu mua hàng Airpods trị giá 500.000đ                                                            5                                              Tặng Phiếu mua hàng mua Smartwatch (trừ Apple, giá trên 5.000.000đ) trị giá 500.000đ                                                            6                                              Tặng Phiếu mua hàng Máy lạnh (sản phẩm trên 10tr) trị giá 300.000đ                                                            7                                              NHẬN HOÀN NGAY ĐẾN 800.000đ khi mở thẻ tín dụng VPBANK MWG  (Xem chi tiết tại đây);;https://www.thegioididong.com/dtdd/iphone-17-pro-max;Skipped
iPhone Air 256GB;Đen Không Gian;Yes;500000;31990000;2026-04-11;Khuyến mãi                      Giá và khuyến mãi dự kiến áp dụng đến 23:59 | 12/04                                                                         1                                          Chọn 1 trong các khuyến mãi:                                                      Giảm giá 9,000,000đ (đã giảm vào giá sản phẩm)                                                                               Tặng phiếu mua hàng Phụ Kiện, Smartwatch, đồng hồ thời trang (trừ Apple, Beats) trị giá 9,800,000đ                                                                                     2                                              Phiếu mua hàng Apple Watch trị giá 500,000đ                                                            3                                              Tặng phiếu mua hàng Macbook (trừ Macbook Air M5 và Macbook Neo) trị giá 1,000,000đ                                                            4                                              Phiếu mua hàng Airpods trị giá 500.000đ                                                            5                                              Tặng Phiếu mua hàng mua Smartwatch (trừ Apple, giá trên 5.000.000đ) trị giá 500.000đ                                                            6                                              Tặng Phiếu mua hàng Máy lạnh (sản phẩm trên 10tr) trị giá 300.000đ                                                            7                                              Thu cũ đổi mới: Giảm đến 2,000,000đ (Không kèm ưu đãi thanh toán qua cổng, mua kèm)  Xem chi tiết                                                            8                                              NHẬN HOÀN NGAY ĐẾN 800.000đ khi mở thẻ tín dụng VPBANK MWG  (Xem chi tiết tại đây);;https://www.thegioididong.com/dtdd/iphone-air;Skipped
MacBook Air 13 inch M2 16GB/256GB (Z15Y00051);Vàng;No;0;0;2026-04-11;;;https://www.thegioididong.com/laptop/apple-macbook-air-m2-2022-16gb-256gb;DEBUG_OOS_MacBook Air 13 inch M2 16GB/256GB (Z15Y00051)_Vàng_115605.png
MacBook Air 13 inch M4 16GB/256GB;Bạc;No;1600000;26490000;2026-04-11;Khuyến mãi  trị giá 500.000₫                     Giá và khuyến mãi dự kiến áp dụng đến 23:59 | 30/04                                                                         1                                          Chọn 1 trong các khuyến mãi:                                                      Giảm giá 900,000đ                                                                               Tặng phiếu mua hàng Phụ Kiện, Smartwatch, đồng hồ thời trang (trừ Apple, Beats) trị giá 1,100,000đ                                                                                     2                                              Phiếu mua hàng Chuột, Bàn phím (Apple) trị giá 500,000đ                                                            3                                              Tặng Phiếu mua hàng trị giá 300.000đ Áp dụng mua Máy in                                                            4                                              Tặng Phiếu mua hàng Màn hình máy tính trị giá 300.000đ                                                            5                                              Tặng Phiếu mua hàng Đồng hồ Định vị trẻ em trị giá 100.000đ                                                            6                                              Tặng Phiếu mua hàng Máy lạnh (sản phẩm trên 10tr) trị giá 300.000đ                                                            7                                              Thu cũ đổi mới: Giảm thêm 300,000đ (Không kèm ưu đãi thanh toán qua cổng, mua kèm) (click xem chi tiết).                                                            8                                              NHẬN HOÀN NGAY ĐẾN 800.000đ khi mở thẻ tín dụng VPBANK MWG  (Xem chi tiết tại đây);;https://www.thegioididong.com/laptop/macbook-air-13-inch-m4-16gb-256gb;DEBUG_OOS_MacBook Air 13 inch M4 16GB/256GB_Bạc_115605.png
iPhone 16 Plus 512GB;Xanh Mòng Két;Yes;500000;33990000;2026-04-11;Khuyến mãi                      Giá và khuyến mãi dự kiến áp dụng đến 23:59 | 30/04                                                                         1                                          Chọn 1 trong các khuyến mãi:                                                      Giảm giá 4,000,000đ (đã giảm vào giá sản phẩm)                                                                               Tặng phiếu mua hàng Phụ Kiện, Smartwatch, đồng hồ thời trang (trừ Apple, Beats) trị giá 4,800,000đ                                                                                     2                                              Phiếu mua hàng Apple Watch trị giá 500,000đ                                                            3                                              Tặng phiếu mua hàng Macbook (trừ Macbook Air M5 và Macbook Neo) trị giá 1,000,000đ                                                            4                                              Phiếu mua hàng Airpods trị giá 500.000đ                                                            5                                              Tặng Phiếu mua hàng mua Smartwatch (trừ Apple, giá trên 5.000.000đ) trị giá 500.000đ                                                            6                                              Tặng Phiếu mua hàng Máy lạnh (sản phẩm trên 10tr) trị giá 300.000đ                                                            7                                              Thu cũ đổi mới: Giảm đến 2,000,000đ (Không kèm ưu đãi thanh toán qua cổng, mua kèm)  Xem chi tiết                                                            8                                              NHẬN HOÀN NGAY ĐẾN 800.000đ khi mở thẻ tín dụng VPBANK MWG  (Xem chi tiết tại đây);;https://www.thegioididong.com/dtdd/iphone-16-plus;Skipped
MacBook Air 13 inch M2 16GB/256GB;Vàng đồng;No;1600000;24490000;2026-04-11;Khuyến mãi  trị giá 500.000₫                     Giá và khuyến mãi dự kiến áp dụng đến 23:59 | 30/04                                                                         1                                          Chọn 1 trong các khuyến mãi:                                                      Giảm giá 2,200,000đ                                                                               Tặng phiếu mua hàng Phụ Kiện, Smartwatch, đồng hồ thời trang (trừ Apple, Beats) trị giá 2,700,000đ                                                                                     2                                              Phiếu mua hàng Chuột, Bàn phím (Apple) trị giá 500,000đ                                                            3                                              Tặng Phiếu mua hàng trị giá 300.000đ Áp dụng mua Máy in                                                            4                                              Tặng Phiếu mua hàng Màn hình máy tính trị giá 300.000đ                                                            5                                              Tặng Phiếu mua hàng Đồng hồ Định vị trẻ em trị giá 100.000đ                                                            6                                              Tặng Phiếu mua hàng Máy lạnh (sản phẩm trên 10tr) trị giá 300.000đ                                                            7                                              Thu cũ đổi mới: Giảm thêm 300,000đ (Không kèm ưu đãi thanh toán qua cổng, mua kèm) (click xem chi tiết).                                                            8                                              NHẬN HOÀN NGAY ĐẾN 800.000đ khi mở thẻ tín dụng VPBANK MWG  (Xem chi tiết tại đây);;https://www.thegioididong.com/laptop/apple-macbook-air-m2-2022-16gb-256gb;DEBUG_OOS_MacBook Air 13 inch M2 16GB/256GB_Vàng đồng_115609.png
MacBook Air 13 inch M4 16GB/256GB Sạc 70W;Xanh da trời nhạt;Yes;1600000;27090000;2026-04-11;Khuyến mãi  trị giá 500.000₫                     Giá và khuyến mãi dự kiến áp dụng đến 23:59 | 30/04                                                                         1                                          Chọn 1 trong các khuyến mãi:                                                      Giảm giá 1,200,000đ (đã giảm vào giá sản phẩm)                                                                               Tặng phiếu mua hàng Phụ Kiện, Smartwatch, đồng hồ thời trang (trừ Apple, Beats) trị giá 1,500,000đ                                                                                     2                                              Phiếu mua hàng Chuột, Bàn phím (Apple) trị giá 500,000đ                                                            3                                              Tặng Phiếu mua hàng trị giá 300.000đ Áp dụng mua Máy in                                                            4                                              Tặng Phiếu mua hàng Màn hình máy tính trị giá 300.000đ                                                            5                                              Tặng Phiếu mua hàng Đồng hồ Định vị trẻ em trị giá 100.000đ                                                            6                                              Tặng Phiếu mua hàng Máy lạnh (sản phẩm trên 10tr) trị giá 300.000đ                                                            7                                              Thu cũ đổi mới: Giảm thêm 300,000đ (Không kèm ưu đãi thanh toán qua cổng, mua kèm) (click xem chi tiết).                                                            8                                              NHẬN HOÀN NGAY ĐẾN 800.000đ khi mở thẻ tín dụng VPBANK MWG  (Xem chi tiết tại đây);;https://www.thegioididong.com/laptop/macbook-air-13-inch-m4-16gb-256gb-sac-70w;Skipped
MacBook Air 13 inch M4 16GB/256GB;Vàng;Yes;1600000;26490000;2026-04-11;Khuyến mãi  trị giá 500.000₫                     Giá và khuyến mãi dự kiến áp dụng đến 23:59 | 30/04                                                                         1                                          Chọn 1 trong các khuyến mãi:                                                      Giảm giá 900,000đ (đã giảm vào giá sản phẩm)                                                                               Tặng phiếu mua hàng Phụ Kiện, Smartwatch, đồng hồ thời trang (trừ Apple, Beats) trị giá 1,100,000đ                                                                                     2                                              Phiếu mua hàng Chuột, Bàn phím (Apple) trị giá 500,000đ                                                            3                                              Tặng Phiếu mua hàng trị giá 300.000đ Áp dụng mua Máy in                                                            4                                              Tặng Phiếu mua hàng Màn hình máy tính trị giá 300.000đ                                                            5                                              Tặng Phiếu mua hàng Đồng hồ Định vị trẻ em trị giá 100.000đ                                                            6                                              Tặng Phiếu mua hàng Máy lạnh (sản phẩm trên 10tr) trị giá 300.000đ                                                            7                                              Thu cũ đổi mới: Giảm thêm 300,000đ (Không kèm ưu đãi thanh toán qua cổng, mua kèm) (click xem chi tiết).                                                            8                                              NHẬN HOÀN NGAY ĐẾN 800.000đ khi mở thẻ tín dụng VPBANK MWG  (Xem chi tiết tại đây);;https://www.thegioididong.com/laptop/macbook-air-13-inch-m4-16gb-256gb;Skipped
MacBook Air 13 inch M2 16GB/256GB;Xanh đen;No;1600000;24490000;2026-04-11;Khuyến mãi  trị giá 500.000₫                     Giá và khuyến mãi dự kiến áp dụng đến 23:59 | 30/04                                                                         1                                          Chọn 1 trong các khuyến mãi:                                                      Giảm giá 2,200,000đ                                                                               Tặng phiếu mua hàng Phụ Kiện, Smartwatch, đồng hồ thời trang (trừ Apple, Beats) trị giá 2,700,000đ                                                                                     2                                              Phiếu mua hàng Chuột, Bàn phím (Apple) trị giá 500,000đ                                                            3                                              Tặng Phiếu mua hàng trị giá 300.000đ Áp dụng mua Máy in                                                            4                                              Tặng Phiếu mua hàng Màn hình máy tính trị giá 300.000đ                                                            5                                              Tặng Phiếu mua hàng Đồng hồ Định vị trẻ em trị giá 100.000đ                                                            6                                              Tặng Phiếu mua hàng Máy lạnh (sản phẩm trên 10tr) trị giá 300.000đ                                                            7                                              Thu cũ đổi mới: Giảm thêm 300,000đ (Không kèm ưu đãi thanh toán qua cổng, mua kèm) (click xem chi tiết).                                                            8                                              NHẬN HOÀN NGAY ĐẾN 800.000đ khi mở thẻ tín dụng VPBANK MWG  (Xem chi tiết tại đây);;https://www.thegioididong.com/laptop/apple-macbook-air-m2-2022-16gb-256gb;DEBUG_OOS_MacBook Air 13 inch M2 16GB/256GB_Xanh đen_115613.png
iPhone Air 512GB;Xanh da trời;Yes;500000;38490000;2026-04-11;Khuyến mãi                      Giá và khuyến mãi dự kiến áp dụng đến 23:59 | 30/04                                                                         1                                          Chọn 1 trong các khuyến mãi:                                                      Giảm giá 8,500,000đ (đã giảm vào giá sản phẩm)                                                                               Tặng phiếu mua hàng Phụ Kiện, Smartwatch, đồng hồ thời trang (trừ Apple, Beats) trị giá 9,800,000đ                                                                                     2                                              Phiếu mua hàng Apple Watch trị giá 500,000đ                                                            3                                              Tặng phiếu mua hàng Macbook (trừ Macbook Air M5 và Macbook Neo) trị giá 1,000,000đ                                                            4                                              Phiếu mua hàng Airpods trị giá 500.000đ                                                            5                                              Tặng Phiếu mua hàng mua Smartwatch (trừ Apple, giá trên 5.000.000đ) trị giá 500.000đ                                                            6                                              Tặng Phiếu mua hàng Máy lạnh (sản phẩm trên 10tr) trị giá 300.000đ                                                            7                                              Thu cũ đổi mới: Giảm đến 2,000,000đ (Không kèm ưu đãi thanh toán qua cổng, mua kèm)  Xem chi tiết                                                            8                                              NHẬN HOÀN NGAY ĐẾN 800.000đ khi mở thẻ tín dụng VPBANK MWG  (Xem chi tiết tại đây);;https://www.thegioididong.com/dtdd/iphone-air;Skipped
iPhone 16 Plus 512GB;Xanh Lưu Ly;Yes;500000;33990000;2026-04-11;Khuyến mãi                      Giá và khuyến mãi dự kiến áp dụng đến 23:59 | 30/04                                                                         1                                          Chọn 1 trong các khuyến mãi:                                                      Giảm giá 4,000,000đ (đã giảm vào giá sản phẩm)                                                                               Tặng phiếu mua hàng Phụ Kiện, Smartwatch, đồng hồ thời trang (trừ Apple, Beats) trị giá 4,800,000đ                                                                                     2                                              Phiếu mua hàng Apple Watch trị giá 500,000đ                                                            3                                              Tặng phiếu mua hàng Macbook (trừ Macbook Air M5 và Macbook Neo) trị giá 1,000,000đ                                                            4                                              Phiếu mua hàng Airpods trị giá 500.000đ                                                            5                                              Tặng Phiếu mua hàng mua Smartwatch (trừ Apple, giá trên 5.000.000đ) trị giá 500.000đ                                                            6                                              Tặng Phiếu mua hàng Máy lạnh (sản phẩm trên 10tr) trị giá 300.000đ                                                            7                                              Thu cũ đổi mới: Giảm đến 2,000,000đ (Không kèm ưu đãi thanh toán qua cổng, mua kèm)  Xem chi tiết                                                            8                                              NHẬN HOÀN NGAY ĐẾN 800.000đ khi mở thẻ tín dụng VPBANK MWG  (Xem chi tiết tại đây);;https://www.thegioididong.com/dtdd/iphone-16-plus;Skipped
MacBook Air 13 inch M4 16GB/256GB Sạc 70W;Xanh đen;Yes;1600000;27090000;2026-04-11;Khuyến mãi  trị giá 500.000₫                     Giá và khuyến mãi dự kiến áp dụng đến 23:59 | 30/04                                                                         1                                          Chọn 1 trong các khuyến mãi:                                                      Giảm giá 1,200,000đ (đã giảm vào giá sản phẩm)                                                                               Tặng phiếu mua hàng Phụ Kiện, Smartwatch, đồng hồ thời trang (trừ Apple, Beats) trị giá 1,500,000đ                                                                                     2                                              Phiếu mua hàng Chuột, Bàn phím (Apple) trị giá 500,000đ                                                            3                                              Tặng Phiếu mua hàng trị giá 300.000đ Áp dụng mua Máy in                                                            4                                              Tặng Phiếu mua hàng Màn hình máy tính trị giá 300.000đ                                                            5                                              Tặng Phiếu mua hàng Đồng hồ Định vị trẻ em trị giá 100.000đ                                                            6                                              Tặng Phiếu mua hàng Máy lạnh (sản phẩm trên 10tr) trị giá 300.000đ                                                            7                                              Thu cũ đổi mới: Giảm thêm 300,000đ (Không kèm ưu đãi thanh toán qua cổng, mua kèm) (click xem chi tiết).                                                            8                                              NHẬN HOÀN NGAY ĐẾN 800.000đ khi mở thẻ tín dụng VPBANK MWG  (Xem chi tiết tại đây);;https://www.thegioididong.com/laptop/macbook-air-13-inch-m4-16gb-256gb-sac-70w;Skipped
MacBook Air 13 inch M4 16GB/256GB;Xanh đen;Yes;1600000;26490000;2026-04-11;Khuyến mãi  trị giá 500.000₫                     Giá và khuyến mãi dự kiến áp dụng đến 23:59 | 30/04                                                                         1                                          Chọn 1 trong các khuyến mãi:                                                      Giảm giá 900,000đ (đã giảm vào giá sản phẩm)                                                                               Tặng phiếu mua hàng Phụ Kiện, Smartwatch, đồng hồ thời trang (trừ Apple, Beats) trị giá 1,100,000đ                                                                                     2                                              Phiếu mua hàng Chuột, Bàn phím (Apple) trị giá 500,000đ                                                            3                                              Tặng Phiếu mua hàng trị giá 300.000đ Áp dụng mua Máy in                                                            4                                              Tặng Phiếu mua hàng Màn hình máy tính trị giá 300.000đ                                                            5                                              Tặng Phiếu mua hàng Đồng hồ Định vị trẻ em trị giá 100.000đ                                                            6                                              Tặng Phiếu mua hàng Máy lạnh (sản phẩm trên 10tr) trị giá 300.000đ                                                            7                                              Thu cũ đổi mới: Giảm thêm 300,000đ (Không kèm ưu đãi thanh toán qua cổng, mua kèm) (click xem chi tiết).                                                            8                                              NHẬN HOÀN NGAY ĐẾN 800.000đ khi mở thẻ tín dụng VPBANK MWG  (Xem chi tiết tại đây);;https://www.thegioididong.com/laptop/macbook-air-13-inch-m4-16gb-256gb;Skipped
MacBook Air 13 inch M2 16GB/256GB;Bạc;No;0;0;2026-04-11;;;https://www.thegioididong.com/laptop/apple-macbook-air-m2-2022-16gb-256gb;DEBUG_OOS_MacBook Air 13 inch M2 16GB/256GB_Bạc_115622.png
iPhone 16 Plus 512GB;Trắng;Yes;500000;33990000;2026-04-11;Khuyến mãi                      Giá và khuyến mãi dự kiến áp dụng đến 23:59 | 30/04                                                                         1                                          Chọn 1 trong các khuyến mãi:                                                      Giảm giá 4,000,000đ (đã giảm vào giá sản phẩm)                                                                               Tặng phiếu mua hàng Phụ Kiện, Smartwatch, đồng hồ thời trang (trừ Apple, Beats) trị giá 4,800,000đ                                                                                     2                                              Phiếu mua hàng Apple Watch trị giá 500,000đ                                                            3                                              Tặng phiếu mua hàng Macbook (trừ Macbook Air M5 và Macbook Neo) trị giá 1,000,000đ                                                            4                                              Phiếu mua hàng Airpods trị giá 500.000đ                                                            5                                              Tặng Phiếu mua hàng mua Smartwatch (trừ Apple, giá trên 5.000.000đ) trị giá 500.000đ                                                            6                                              Tặng Phiếu mua hàng Máy lạnh (sản phẩm trên 10tr) trị giá 300.000đ                                                            7                                              Thu cũ đổi mới: Giảm đến 2,000,000đ (Không kèm ưu đãi thanh toán qua cổng, mua kèm)  Xem chi tiết                                                            8                                              NHẬN HOÀN NGAY ĐẾN 800.000đ khi mở thẻ tín dụng VPBANK MWG  (Xem chi tiết tại đây);;https://www.thegioididong.com/dtdd/iphone-16-plus;Skipped
MacBook Air 13 inch M4 16GB/256GB Sạc 70W;Vàng;Yes;1600000;27090000;2026-04-11;Khuyến mãi  trị giá 500.000₫                     Giá và khuyến mãi dự kiến áp dụng đến 23:59 | 30/04                                                                         1                                          Chọn 1 trong các khuyến mãi:                                                      Giảm giá 1,200,000đ (đã giảm vào giá sản phẩm)                                                                               Tặng phiếu mua hàng Phụ Kiện, Smartwatch, đồng hồ thời trang (trừ Apple, Beats) trị giá 1,500,000đ                                                                                     2                                              Phiếu mua hàng Chuột, Bàn phím (Apple) trị giá 500,000đ                                                            3                                              Tặng Phiếu mua hàng trị giá 300.000đ Áp dụng mua Máy in                                                            4                                              Tặng Phiếu mua hàng Màn hình máy tính trị giá 300.000đ                                                            5                                              Tặng Phiếu mua hàng Đồng hồ Định vị trẻ em trị giá 100.000đ                                                            6                                              Tặng Phiếu mua hàng Máy lạnh (sản phẩm trên 10tr) trị giá 300.000đ                                                            7                                              Thu cũ đổi mới: Giảm thêm 300,000đ (Không kèm ưu đãi thanh toán qua cổng, mua kèm) (click xem chi tiết).                                                            8                                              NHẬN HOÀN NGAY ĐẾN 800.000đ khi mở thẻ tín dụng VPBANK MWG  (Xem chi tiết tại đây);;https://www.thegioididong.com/laptop/macbook-air-13-inch-m4-16gb-256gb-sac-70w;Skipped
MacBook Air 13 inch M4 16GB/256GB;Xanh da trời nhạt;Yes;1600000;26490000;2026-04-11;Khuyến mãi  trị giá 500.000₫                     Giá và khuyến mãi dự kiến áp dụng đến 23:59 | 30/04                                                                         1                                          Chọn 1 trong các khuyến mãi:                                                      Giảm giá 900,000đ (đã giảm vào giá sản phẩm)                                                                               Tặng phiếu mua hàng Phụ Kiện, Smartwatch, đồng hồ thời trang (trừ Apple, Beats) trị giá 1,100,000đ                                                                                     2                                              Phiếu mua hàng Chuột, Bàn phím (Apple) trị giá 500,000đ                                                            3                                              Tặng Phiếu mua hàng trị giá 300.000đ Áp dụng mua Máy in                                                            4                                              Tặng Phiếu mua hàng Màn hình máy tính trị giá 300.000đ                                                            5                                              Tặng Phiếu mua hàng Đồng hồ Định vị trẻ em trị giá 100.000đ                                                            6                                              Tặng Phiếu mua hàng Máy lạnh (sản phẩm trên 10tr) trị giá 300.000đ                                                            7                                              Thu cũ đổi mới: Giảm thêm 300,000đ (Không kèm ưu đãi thanh toán qua cổng, mua kèm) (click xem chi tiết).                                                            8                                              NHẬN HOÀN NGAY ĐẾN 800.000đ khi mở thẻ tín dụng VPBANK MWG  (Xem chi tiết tại đây);;https://www.thegioididong.com/laptop/macbook-air-13-inch-m4-16gb-256gb;Skipped
MacBook Air 13 inch M2 16GB/256GB;Xám;No;0;0;2026-04-11;;;https://www.thegioididong.com/laptop/apple-macbook-air-m2-2022-16gb-256gb;DEBUG_OOS_MacBook Air 13 inch M2 16GB/256GB_Xám_115628.png
MacBook Air 13 inch M4 16GB/256GB Sạc 70W;Bạc;No;1600000;27090000;2026-04-11;Khuyến mãi  trị giá 500.000₫                     Giá và khuyến mãi dự kiến áp dụng đến 23:59 | 30/04                                                                         1                                          Chọn 1 trong các khuyến mãi:                                                      Giảm giá 1,200,000đ                                                                               Tặng phiếu mua hàng Phụ Kiện, Smartwatch, đồng hồ thời trang (trừ Apple, Beats) trị giá 1,500,000đ                                                                                     2                                              Phiếu mua hàng Chuột, Bàn phím (Apple) trị giá 500,000đ                                                            3                                              Tặng Phiếu mua hàng trị giá 300.000đ Áp dụng mua Máy in                                                            4                                              Tặng Phiếu mua hàng Màn hình máy tính trị giá 300.000đ                                                            5                                              Tặng Phiếu mua hàng Đồng hồ Định vị trẻ em trị giá 100.000đ                                                            6                                              Tặng Phiếu mua hàng Máy lạnh (sản phẩm trên 10tr) trị giá 300.000đ                                                            7                                              Thu cũ đổi mới: Giảm thêm 300,000đ (Không kèm ưu đãi thanh toán qua cổng, mua kèm) (click xem chi tiết).                                                            8                                              NHẬN HOÀN NGAY ĐẾN 800.000đ khi mở thẻ tín dụng VPBANK MWG  (Xem chi tiết tại đây);;https://www.thegioididong.com/laptop/macbook-air-13-inch-m4-16gb-256gb-sac-70w;DEBUG_OOS_MacBook Air 13 inch M4 16GB/256GB Sạc 70W_Bạc_115628.png
iPhone 16 Plus 512GB;Đen;Yes;500000;33990000;2026-04-11;Khuyến mãi                      Giá và khuyến mãi dự kiến áp dụng đến 23:59 | 30/04                                                                         1                                          Chọn 1 trong các khuyến mãi:                                                      Giảm giá 4,000,000đ (đã giảm vào giá sản phẩm)                                                                               Tặng phiếu mua hàng Phụ Kiện, Smartwatch, đồng hồ thời trang (trừ Apple, Beats) trị giá 4,800,000đ                                                                                     2                                              Phiếu mua hàng Apple Watch trị giá 500,000đ                                                            3                                              Tặng phiếu mua hàng Macbook (trừ Macbook Air M5 và Macbook Neo) trị giá 1,000,000đ                                                            4                                              Phiếu mua hàng Airpods trị giá 500.000đ                                                            5                                              Tặng Phiếu mua hàng mua Smartwatch (trừ Apple, giá trên 5.000.000đ) trị giá 500.000đ                                                            6                                              Tặng Phiếu mua hàng Máy lạnh (sản phẩm trên 10tr) trị giá 300.000đ                                                            7                                              Thu cũ đổi mới: Giảm đến 2,000,000đ (Không kèm ưu đãi thanh toán qua cổng, mua kèm)  Xem chi tiết                                                            8                                              NHẬN HOÀN NGAY ĐẾN 800.000đ khi mở thẻ tín dụng VPBANK MWG  (Xem chi tiết tại đây);;https://www.thegioididong.com/dtdd/iphone-16-plus;Skipped
MacBook Air 13 inch M4 16GB/256GB;Bạc;No;1600000;26490000;2026-04-11;Khuyến mãi  trị giá 500.000₫                     Giá và khuyến mãi dự kiến áp dụng đến 23:59 | 30/04                                                                         1                                          Chọn 1 trong các khuyến mãi:                                                      Giảm giá 900,000đ                                                                               Tặng phiếu mua hàng Phụ Kiện, Smartwatch, đồng hồ thời trang (trừ Apple, Beats) trị giá 1,100,000đ                                                                                     2                                              Phiếu mua hàng Chuột, Bàn phím (Apple) trị giá 500,000đ                                                            3                                              Tặng Phiếu mua hàng trị giá 300.000đ Áp dụng mua Máy in                                                            4                                              Tặng Phiếu mua hàng Màn hình máy tính trị giá 300.000đ                                                            5                                              Tặng Phiếu mua hàng Đồng hồ Định vị trẻ em trị giá 100.000đ                                                            6                                              Tặng Phiếu mua hàng Máy lạnh (sản phẩm trên 10tr) trị giá 300.000đ                                                            7                                              Thu cũ đổi mới: Giảm thêm 300,000đ (Không kèm ưu đãi thanh toán qua cổng, mua kèm) (click xem chi tiết).                                                            8                                              NHẬN HOÀN NGAY ĐẾN 800.000đ khi mở thẻ tín dụng VPBANK MWG  (Xem chi tiết tại đây);;https://www.thegioididong.com/laptop/macbook-air-13-inch-m4-16gb-256gb;DEBUG_OOS_MacBook Air 13 inch M4 16GB/256GB_Bạc_115630.png
MacBook Air 13 inch M2 16GB/256GB (Z15Y00051);Vàng;No;0;0;2026-04-11;;;https://www.thegioididong.com/laptop/apple-macbook-air-m2-2022-16gb-256gb;DEBUG_OOS_MacBook Air 13 inch M2 16GB/256GB (Z15Y00051)_Vàng_115634.png
iPhone 16 Plus 512GB;Xanh Mòng Két;Yes;500000;33990000;2026-04-11;Khuyến mãi                      Giá và khuyến mãi dự kiến áp dụng đến 23:59 | 30/04                                                                         1                                          Chọn 1 trong các khuyến mãi:                                                      Giảm giá 4,000,000đ (đã giảm vào giá sản phẩm)                                                                               Tặng phiếu mua hàng Phụ Kiện, Smartwatch, đồng hồ thời trang (trừ Apple, Beats) trị giá 4,800,000đ                                                                                     2                                              Phiếu mua hàng Apple Watch trị giá 500,000đ                                                            3                                              Tặng phiếu mua hàng Macbook (trừ Macbook Air M5 và Macbook Neo) trị giá 1,000,000đ                                                            4                                              Phiếu mua hàng Airpods trị giá 500.000đ                                                            5                                              Tặng Phiếu mua hàng mua Smartwatch (trừ Apple, giá trên 5.000.000đ) trị giá 500.000đ                                                            6                                              Tặng Phiếu mua hàng Máy lạnh (sản phẩm trên 10tr) trị giá 300.000đ                                                            7                                              Thu cũ đổi mới: Giảm đến 2,000,000đ (Không kèm ưu đãi thanh toán qua cổng, mua kèm)  Xem chi tiết                                                            8                                              NHẬN HOÀN NGAY ĐẾN 800.000đ khi mở thẻ tín dụng VPBANK MWG  (Xem chi tiết tại đây);;https://www.thegioididong.com/dtdd/iphone-16-plus;Skipped
MacBook Air 13 inch M4 16GB/256GB Sạc 70W;Xanh da trời nhạt;Yes;1600000;27090000;2026-04-11;Khuyến mãi  trị giá 500.000₫                     Giá và khuyến mãi dự kiến áp dụng đến 23:59 | 30/04                                                                         1                                          Chọn 1 trong các khuyến mãi:                                                      Giảm giá 1,200,000đ (đã giảm vào giá sản phẩm)                                                                               Tặng phiếu mua hàng Phụ Kiện, Smartwatch, đồng hồ thời trang (trừ Apple, Beats) trị giá 1,500,000đ                                                                                     2                                              Phiếu mua hàng Chuột, Bàn phím (Apple) trị giá 500,000đ                                                            3                                              Tặng Phiếu mua hàng trị giá 300.000đ Áp dụng mua Máy in                                                            4                                              Tặng Phiếu mua hàng Màn hình máy tính trị giá 300.000đ                                                            5                                              Tặng Phiếu mua hàng Đồng hồ Định vị trẻ em trị giá 100.000đ                                                            6                                              Tặng Phiếu mua hàng Máy lạnh (sản phẩm trên 10tr) trị giá 300.000đ                                                            7                                              Thu cũ đổi mới: Giảm thêm 300,000đ (Không kèm ưu đãi thanh toán qua cổng, mua kèm) (click xem chi tiết).                                                            8                                              NHẬN HOÀN NGAY ĐẾN 800.000đ khi mở thẻ tín dụng VPBANK MWG  (Xem chi tiết tại đây);;https://www.thegioididong.com/laptop/macbook-air-13-inch-m4-16gb-256gb-sac-70w;Skipped
MacBook Air 13 inch M4 16GB/256GB;Vàng;Yes;1600000;26490000;2026-04-11;Khuyến mãi  trị giá 500.000₫                     Giá và khuyến mãi dự kiến áp dụng đến 23:59 | 30/04                                                                         1                                          Chọn 1 trong các khuyến mãi:                                                      Giảm giá 900,000đ (đã giảm vào giá sản phẩm)                                                                               Tặng phiếu mua hàng Phụ Kiện, Smartwatch, đồng hồ thời trang (trừ Apple, Beats) trị giá 1,100,000đ                                                                                     2                                              Phiếu mua hàng Chuột, Bàn phím (Apple) trị giá 500,000đ                                                            3                                              Tặng Phiếu mua hàng trị giá 300.000đ Áp dụng mua Máy in                                                            4                                              Tặng Phiếu mua hàng Màn hình máy tính trị giá 300.000đ                                                            5                                              Tặng Phiếu mua hàng Đồng hồ Định vị trẻ em trị giá 100.000đ                                                            6                                              Tặng Phiếu mua hàng Máy lạnh (sản phẩm trên 10tr) trị giá 300.000đ                                                            7                                              Thu cũ đổi mới: Giảm thêm 300,000đ (Không kèm ưu đãi thanh toán qua cổng, mua kèm) (click xem chi tiết).                                                            8                                              NHẬN HOÀN NGAY ĐẾN 800.000đ khi mở thẻ tín dụng VPBANK MWG  (Xem chi tiết tại đây);;https://www.thegioididong.com/laptop/macbook-air-13-inch-m4-16gb-256gb;Skipped
MacBook Air 13 inch M2 16GB/256GB;Vàng đồng;No;1600000;24490000;2026-04-11;Khuyến mãi  trị giá 500.000₫                     Giá và khuyến mãi dự kiến áp dụng đến 23:59 | 30/04                                                                         1                                          Chọn 1 trong các khuyến mãi:                                                      Giảm giá 2,200,000đ                                                                               Tặng phiếu mua hàng Phụ Kiện, Smartwatch, đồng hồ thời trang (trừ Apple, Beats) trị giá 2,700,000đ                                                                                     2                                              Phiếu mua hàng Chuột, Bàn phím (Apple) trị giá 500,000đ                                                            3                                              Tặng Phiếu mua hàng trị giá 300.000đ Áp dụng mua Máy in                                                            4                                              Tặng Phiếu mua hàng Màn hình máy tính trị giá 300.000đ                                                            5                                              Tặng Phiếu mua hàng Đồng hồ Định vị trẻ em trị giá 100.000đ                                                            6                                              Tặng Phiếu mua hàng Máy lạnh (sản phẩm trên 10tr) trị giá 300.000đ                                                            7                                              Thu cũ đổi mới: Giảm thêm 300,000đ (Không kèm ưu đãi thanh toán qua cổng, mua kèm) (click xem chi tiết).                                                            8                                              NHẬN HOÀN NGAY ĐẾN 800.000đ khi mở thẻ tín dụng VPBANK MWG  (Xem chi tiết tại đây);;https://www.thegioididong.com/laptop/apple-macbook-air-m2-2022-16gb-256gb;DEBUG_OOS_MacBook Air 13 inch M2 16GB/256GB_Vàng đồng_115637.png
iPhone Air 512GB siêu mỏng, giảm ngay 5.5 triệu, BH 1 năm;Đen Không Gian;Yes;500000;38490000;2026-04-11;Khuyến mãi                      Giá và khuyến mãi dự kiến áp dụng đến 23:59 | 30/04                                                                         1                                          Chọn 1 trong các khuyến mãi:                                                      Giảm giá 8,500,000đ (đã giảm vào giá sản phẩm)                                                                               Tặng phiếu mua hàng Phụ Kiện, Smartwatch, đồng hồ thời trang (trừ Apple, Beats) trị giá 9,800,000đ                                                                                     2                                              Phiếu mua hàng Apple Watch trị giá 500,000đ                                                            3                                              Tặng phiếu mua hàng Macbook (trừ Macbook Air M5 và Macbook Neo) trị giá 1,000,000đ                                                            4                                              Phiếu mua hàng Airpods trị giá 500.000đ                                                            5                                              Tặng Phiếu mua hàng mua Smartwatch (trừ Apple, giá trên 5.000.000đ) trị giá 500.000đ                                                            6                                              Tặng Phiếu mua hàng Máy lạnh (sản phẩm trên 10tr) trị giá 300.000đ                                                            7                                              Thu cũ đổi mới: Giảm đến 2,000,000đ (Không kèm ưu đãi thanh toán qua cổng, mua kèm)  Xem chi tiết                                                            8                                              NHẬN HOÀN NGAY ĐẾN 800.000đ khi mở thẻ tín dụng VPBANK MWG  (Xem chi tiết tại đây);;https://www.thegioididong.com/dtdd/iphone-air;Skipped
iPhone 16 Plus 512GB;Xanh Lưu Ly;Yes;500000;33990000;2026-04-11;Khuyến mãi                      Giá và khuyến mãi dự kiến áp dụng đến 23:59 | 30/04                                                                         1                                          Chọn 1 trong các khuyến mãi:                                                      Giảm giá 4,000,000đ (đã giảm vào giá sản phẩm)                                                                               Tặng phiếu mua hàng Phụ Kiện, Smartwatch, đồng hồ thời trang (trừ Apple, Beats) trị giá 4,800,000đ                                                                                     2                                              Phiếu mua hàng Apple Watch trị giá 500,000đ                                                            3                                              Tặng phiếu mua hàng Macbook (trừ Macbook Air M5 và Macbook Neo) trị giá 1,000,000đ                                                            4                                              Phiếu mua hàng Airpods trị giá 500.000đ                                                            5                                              Tặng Phiếu mua hàng mua Smartwatch (trừ Apple, giá trên 5.000.000đ) trị giá 500.000đ                                                            6                                              Tặng Phiếu mua hàng Máy lạnh (sản phẩm trên 10tr) trị giá 300.000đ                                                            7                                              Thu cũ đổi mới: Giảm đến 2,000,000đ (Không kèm ưu đãi thanh toán qua cổng, mua kèm)  Xem chi tiết                                                            8                                              NHẬN HOÀN NGAY ĐẾN 800.000đ khi mở thẻ tín dụng VPBANK MWG  (Xem chi tiết tại đây);;https://www.thegioididong.com/dtdd/iphone-16-plus;Skipped
MacBook Air 13 inch M2 16GB/256GB;Xanh đen;No;1600000;24490000;2026-04-11;Khuyến mãi  trị giá 500.000₫                     Giá và khuyến mãi dự kiến áp dụng đến 23:59 | 30/04                                                                         1                                          Chọn 1 trong các khuyến mãi:                                                      Giảm giá 2,200,000đ                                                                               Tặng phiếu mua hàng Phụ Kiện, Smartwatch, đồng hồ thời trang (trừ Apple, Beats) trị giá 2,700,000đ                                                                                     2                                              Phiếu mua hàng Chuột, Bàn phím (Apple) trị giá 500,000đ                                                            3                                              Tặng Phiếu mua hàng trị giá 300.000đ Áp dụng mua Máy in                                                            4                                              Tặng Phiếu mua hàng Màn hình máy tính trị giá 300.000đ                                                            5                                              Tặng Phiếu mua hàng Đồng hồ Định vị trẻ em trị giá 100.000đ                                                            6                                              Tặng Phiếu mua hàng Máy lạnh (sản phẩm trên 10tr) trị giá 300.000đ                                                            7                                              Thu cũ đổi mới: Giảm thêm 300,000đ (Không kèm ưu đãi thanh toán qua cổng, mua kèm) (click xem chi tiết).                                                            8                                              NHẬN HOÀN NGAY ĐẾN 800.000đ khi mở thẻ tín dụng VPBANK MWG  (Xem chi tiết tại đây);;https://www.thegioididong.com/laptop/apple-macbook-air-m2-2022-16gb-256gb;DEBUG_OOS_MacBook Air 13 inch M2 16GB/256GB_Xanh đen_115641.png
MacBook Air 13 inch M4 16GB/256GB Sạc 70W;Xanh đen;Yes;1600000;27090000;2026-04-11;Khuyến mãi  trị giá 500.000₫                     Giá và khuyến mãi dự kiến áp dụng đến 23:59 | 30/04                                                                         1                                          Chọn 1 trong các khuyến mãi:                                                      Giảm giá 1,200,000đ (đã giảm vào giá sản phẩm)                                                                               Tặng phiếu mua hàng Phụ Kiện, Smartwatch, đồng hồ thời trang (trừ Apple, Beats) trị giá 1,500,000đ                                                                                     2                                              Phiếu mua hàng Chuột, Bàn phím (Apple) trị giá 500,000đ                                                            3                                              Tặng Phiếu mua hàng trị giá 300.000đ Áp dụng mua Máy in                                                            4                                              Tặng Phiếu mua hàng Màn hình máy tính trị giá 300.000đ                                                            5                                              Tặng Phiếu mua hàng Đồng hồ Định vị trẻ em trị giá 100.000đ                                                            6                                              Tặng Phiếu mua hàng Máy lạnh (sản phẩm trên 10tr) trị giá 300.000đ                                                            7                                              Thu cũ đổi mới: Giảm thêm 300,000đ (Không kèm ưu đãi thanh toán qua cổng, mua kèm) (click xem chi tiết).                                                            8                                              NHẬN HOÀN NGAY ĐẾN 800.000đ khi mở thẻ tín dụng VPBANK MWG  (Xem chi tiết tại đây);;https://www.thegioididong.com/laptop/macbook-air-13-inch-m4-16gb-256gb-sac-70w;Skipped
MacBook Air 13 inch M4 16GB/256GB;Xanh đen;Yes;1600000;26490000;2026-04-11;Khuyến mãi  trị giá 500.000₫                     Giá và khuyến mãi dự kiến áp dụng đến 23:59 | 30/04                                                                         1                                          Chọn 1 trong các khuyến mãi:                                                      Giảm giá 900,000đ (đã giảm vào giá sản phẩm)                                                                               Tặng phiếu mua hàng Phụ Kiện, Smartwatch, đồng hồ thời trang (trừ Apple, Beats) trị giá 1,100,000đ                                                                                     2                                              Phiếu mua hàng Chuột, Bàn phím (Apple) trị giá 500,000đ                                                            3                                              Tặng Phiếu mua hàng trị giá 300.000đ Áp dụng mua Máy in                                                            4                                              Tặng Phiếu mua hàng Màn hình máy tính trị giá 300.000đ                                                            5                                              Tặng Phiếu mua hàng Đồng hồ Định vị trẻ em trị giá 100.000đ                                                            6                                              Tặng Phiếu mua hàng Máy lạnh (sản phẩm trên 10tr) trị giá 300.000đ                                                            7                                              Thu cũ đổi mới: Giảm thêm 300,000đ (Không kèm ưu đãi thanh toán qua cổng, mua kèm) (click xem chi tiết).                                                            8                                              NHẬN HOÀN NGAY ĐẾN 800.000đ khi mở thẻ tín dụng VPBANK MWG  (Xem chi tiết tại đây);;https://www.thegioididong.com/laptop/macbook-air-13-inch-m4-16gb-256gb;Skipped
MacBook Air 13 inch M4 16GB/256GB Sạc 70W;Vàng;Yes;1600000;27090000;2026-04-11;Khuyến mãi  trị giá 500.000₫                     Giá và khuyến mãi dự kiến áp dụng đến 23:59 | 30/04                                                                         1                                          Chọn 1 trong các khuyến mãi:                                                      Giảm giá 1,200,000đ (đã giảm vào giá sản phẩm)                                                                               Tặng phiếu mua hàng Phụ Kiện, Smartwatch, đồng hồ thời trang (trừ Apple, Beats) trị giá 1,500,000đ                                                                                     2                                              Phiếu mua hàng Chuột, Bàn phím (Apple) trị giá 500,000đ                                                            3                                              Tặng Phiếu mua hàng trị giá 300.000đ Áp dụng mua Máy in                                                            4                                              Tặng Phiếu mua hàng Màn hình máy tính trị giá 300.000đ                                                            5                                              Tặng Phiếu mua hàng Đồng hồ Định vị trẻ em trị giá 100.000đ                                                            6                                              Tặng Phiếu mua hàng Máy lạnh (sản phẩm trên 10tr) trị giá 300.000đ                                                            7                                              Thu cũ đổi mới: Giảm thêm 300,000đ (Không kèm ưu đãi thanh toán qua cổng, mua kèm) (click xem chi tiết).                                                            8                                              NHẬN HOÀN NGAY ĐẾN 800.000đ khi mở thẻ tín dụng VPBANK MWG  (Xem chi tiết tại đây);;https://www.thegioididong.com/laptop/macbook-air-13-inch-m4-16gb-256gb-sac-70w;Skipped
MacBook Air 13 inch M2 16GB/256GB;Bạc;No;0;0;2026-04-11;;;https://www.thegioididong.com/laptop/apple-macbook-air-m2-2022-16gb-256gb;DEBUG_OOS_MacBook Air 13 inch M2 16GB/256GB_Bạc_115649.png
MacBook Air 13 inch M4 16GB/256GB;Xanh da trời nhạt;Yes;1600000;26490000;2026-04-11;Khuyến mãi  trị giá 500.000₫                     Giá và khuyến mãi dự kiến áp dụng đến 23:59 | 30/04                                                                         1                                          Chọn 1 trong các khuyến mãi:                                                      Giảm giá 900,000đ (đã giảm vào giá sản phẩm)                                                                               Tặng phiếu mua hàng Phụ Kiện, Smartwatch, đồng hồ thời trang (trừ Apple, Beats) trị giá 1,100,000đ                                                                                     2                                              Phiếu mua hàng Chuột, Bàn phím (Apple) trị giá 500,000đ                                                            3                                              Tặng Phiếu mua hàng trị giá 300.000đ Áp dụng mua Máy in                                                            4                                              Tặng Phiếu mua hàng Màn hình máy tính trị giá 300.000đ                                                            5                                              Tặng Phiếu mua hàng Đồng hồ Định vị trẻ em trị giá 100.000đ                                                            6                                              Tặng Phiếu mua hàng Máy lạnh (sản phẩm trên 10tr) trị giá 300.000đ                                                            7                                              Thu cũ đổi mới: Giảm thêm 300,000đ (Không kèm ưu đãi thanh toán qua cổng, mua kèm) (click xem chi tiết).                                                            8                                              NHẬN HOÀN NGAY ĐẾN 800.000đ khi mở thẻ tín dụng VPBANK MWG  (Xem chi tiết tại đây);;https://www.thegioididong.com/laptop/macbook-air-13-inch-m4-16gb-256gb;Skipped
MacBook Air 13 inch M4 16GB/256GB Sạc 70W;Bạc;No;1600000;27090000;2026-04-11;Khuyến mãi  trị giá 500.000₫                     Giá và khuyến mãi dự kiến áp dụng đến 23:59 | 30/04                                                                         1                                          Chọn 1 trong các khuyến mãi:                                                      Giảm giá 1,200,000đ                                                                               Tặng phiếu mua hàng Phụ Kiện, Smartwatch, đồng hồ thời trang (trừ Apple, Beats) trị giá 1,500,000đ                                                                                     2                                              Phiếu mua hàng Chuột, Bàn phím (Apple) trị giá 500,000đ                                                            3                                              Tặng Phiếu mua hàng trị giá 300.000đ Áp dụng mua Máy in                                                            4                                              Tặng Phiếu mua hàng Màn hình máy tính trị giá 300.000đ                                                            5                                              Tặng Phiếu mua hàng Đồng hồ Định vị trẻ em trị giá 100.000đ                                                            6                                              Tặng Phiếu mua hàng Máy lạnh (sản phẩm trên 10tr) trị giá 300.000đ                                                            7                                              Thu cũ đổi mới: Giảm thêm 300,000đ (Không kèm ưu đãi thanh toán qua cổng, mua kèm) (click xem chi tiết).                                                            8                                              NHẬN HOÀN NGAY ĐẾN 800.000đ khi mở thẻ tín dụng VPBANK MWG  (Xem chi tiết tại đây);;https://www.thegioididong.com/laptop/macbook-air-13-inch-m4-16gb-256gb-sac-70w;DEBUG_OOS_MacBook Air 13 inch M4 16GB/256GB Sạc 70W_Bạc_115652.png
MacBook Air 13 inch M4 16GB/256GB;Bạc;No;1600000;26490000;2026-04-11;Khuyến mãi  trị giá 500.000₫                     Giá và khuyến mãi dự kiến áp dụng đến 23:59 | 30/04                                                                         1                                          Chọn 1 trong các khuyến mãi:                                                      Giảm giá 900,000đ                                                                               Tặng phiếu mua hàng Phụ Kiện, Smartwatch, đồng hồ thời trang (trừ Apple, Beats) trị giá 1,100,000đ                                                                                     2                                              Phiếu mua hàng Chuột, Bàn phím (Apple) trị giá 500,000đ                                                            3                                              Tặng Phiếu mua hàng trị giá 300.000đ Áp dụng mua Máy in                                                            4                                              Tặng Phiếu mua hàng Màn hình máy tính trị giá 300.000đ                                                            5                                              Tặng Phiếu mua hàng Đồng hồ Định vị trẻ em trị giá 100.000đ                                                            6                                              Tặng Phiếu mua hàng Máy lạnh (sản phẩm trên 10tr) trị giá 300.000đ                                                            7                                              Thu cũ đổi mới: Giảm thêm 300,000đ (Không kèm ưu đãi thanh toán qua cổng, mua kèm) (click xem chi tiết).                                                            8                                              NHẬN HOÀN NGAY ĐẾN 800.000đ khi mở thẻ tín dụng VPBANK MWG  (Xem chi tiết tại đây);;https://www.thegioididong.com/laptop/macbook-air-13-inch-m4-16gb-256gb;DEBUG_OOS_MacBook Air 13 inch M4 16GB/256GB_Bạc_115654.png
MacBook Air 13 inch M2 16GB/256GB;Xám;No;0;0;2026-04-11;;;https://www.thegioididong.com/laptop/apple-macbook-air-m2-2022-16gb-256gb;DEBUG_OOS_MacBook Air 13 inch M2 16GB/256GB_Xám_115656.png
iPhone Air 512GB siêu mỏng, giảm ngay 5.5 triệu, BH 1 năm;Vàng Nhạt;No;500000;38490000;2026-04-11;Khuyến mãi                      Giá và khuyến mãi dự kiến áp dụng đến 23:59 | 30/04                                                                         1                                          Chọn 1 trong các khuyến mãi:                                                      Giảm giá 8,500,000đ                                                                               Tặng phiếu mua hàng Phụ Kiện, Smartwatch, đồng hồ thời trang (trừ Apple, Beats) trị giá 9,800,000đ                                                                                     2                                              Phiếu mua hàng Apple Watch trị giá 500,000đ                                                            3                                              Tặng phiếu mua hàng Macbook (trừ Macbook Air M5 và Macbook Neo) trị giá 1,000,000đ                                                            4                                              Phiếu mua hàng Airpods trị giá 500.000đ                                                            5                                              Tặng Phiếu mua hàng mua Smartwatch (trừ Apple, giá trên 5.000.000đ) trị giá 500.000đ                                                            6                                              Tặng Phiếu mua hàng Máy lạnh (sản phẩm trên 10tr) trị giá 300.000đ                                                            7                                              Thu cũ đổi mới: Giảm đến 2,000,000đ (Không kèm ưu đãi thanh toán qua cổng, mua kèm)  Xem chi tiết                                                            8                                              NHẬN HOÀN NGAY ĐẾN 800.000đ khi mở thẻ tín dụng VPBANK MWG  (Xem chi tiết tại đây);;https://www.thegioididong.com/dtdd/iphone-air;DEBUG_OOS_iPhone Air 512GB siêu mỏng, giảm ngay 5.5 triệu, BH 1 năm_Vàng Nhạt_115656.png
iPhone Air 512GB;Trắng Mây;No;500000;38490000;2026-04-11;Khuyến mãi                      Giá và khuyến mãi dự kiến áp dụng đến 23:59 | 30/04                                                                         1                                          Chọn 1 trong các khuyến mãi:                                                      Giảm giá 8,500,000đ                                                                               Tặng phiếu mua hàng Phụ Kiện, Smartwatch, đồng hồ thời trang (trừ Apple, Beats) trị giá 9,800,000đ                                                                                     2                                              Phiếu mua hàng Apple Watch trị giá 500,000đ                                                            3                                              Tặng phiếu mua hàng Macbook (trừ Macbook Air M5 và Macbook Neo) trị giá 1,000,000đ                                                            4                                              Phiếu mua hàng Airpods trị giá 500.000đ                                                            5                                              Tặng Phiếu mua hàng mua Smartwatch (trừ Apple, giá trên 5.000.000đ) trị giá 500.000đ                                                            6                                              Tặng Phiếu mua hàng Máy lạnh (sản phẩm trên 10tr) trị giá 300.000đ                                                            7                                              Thu cũ đổi mới: Giảm đến 2,000,000đ (Không kèm ưu đãi thanh toán qua cổng, mua kèm)  Xem chi tiết                                                            8                                              NHẬN HOÀN NGAY ĐẾN 800.000đ khi mở thẻ tín dụng VPBANK MWG  (Xem chi tiết tại đây);;https://www.thegioididong.com/dtdd/iphone-air;DEBUG_OOS_iPhone Air 512GB_Trắng Mây_115700.png
MacBook Air 13 inch M4 16GB/256GB Sạc 70W;Xanh da trời nhạt;Yes;1600000;27090000;2026-04-11;Khuyến mãi  trị giá 500.000₫                     Giá và khuyến mãi dự kiến áp dụng đến 23:59 | 30/04                                                                         1                                          Chọn 1 trong các khuyến mãi:                                                      Giảm giá 1,200,000đ (đã giảm vào giá sản phẩm)                                                                               Tặng phiếu mua hàng Phụ Kiện, Smartwatch, đồng hồ thời trang (trừ Apple, Beats) trị giá 1,500,000đ                                                                                     2                                              Phiếu mua hàng Chuột, Bàn phím (Apple) trị giá 500,000đ                                                            3                                              Tặng Phiếu mua hàng trị giá 300.000đ Áp dụng mua Máy in                                                            4                                              Tặng Phiếu mua hàng Màn hình máy tính trị giá 300.000đ                                                            5                                              Tặng Phiếu mua hàng Đồng hồ Định vị trẻ em trị giá 100.000đ                                                            6                                              Tặng Phiếu mua hàng Máy lạnh (sản phẩm trên 10tr) trị giá 300.000đ                                                            7                                              Thu cũ đổi mới: Giảm thêm 300,000đ (Không kèm ưu đãi thanh toán qua cổng, mua kèm) (click xem chi tiết).                                                            8                                              NHẬN HOÀN NGAY ĐẾN 800.000đ khi mở thẻ tín dụng VPBANK MWG  (Xem chi tiết tại đây);;https://www.thegioididong.com/laptop/macbook-air-13-inch-m4-16gb-256gb-sac-70w;Skipped
MacBook Air 13 inch M4 16GB/256GB;Vàng;Yes;1600000;26490000;2026-04-11;Khuyến mãi  trị giá 500.000₫                     Giá và khuyến mãi dự kiến áp dụng đến 23:59 | 30/04                                                                         1                                          Chọn 1 trong các khuyến mãi:                                                      Giảm giá 900,000đ (đã giảm vào giá sản phẩm)                                                                               Tặng phiếu mua hàng Phụ Kiện, Smartwatch, đồng hồ thời trang (trừ Apple, Beats) trị giá 1,100,000đ                                                                                     2                                              Phiếu mua hàng Chuột, Bàn phím (Apple) trị giá 500,000đ                                                            3                                              Tặng Phiếu mua hàng trị giá 300.000đ Áp dụng mua Máy in                                                            4                                              Tặng Phiếu mua hàng Màn hình máy tính trị giá 300.000đ                                                            5                                              Tặng Phiếu mua hàng Đồng hồ Định vị trẻ em trị giá 100.000đ                                                            6                                              Tặng Phiếu mua hàng Máy lạnh (sản phẩm trên 10tr) trị giá 300.000đ                                                            7                                              Thu cũ đổi mới: Giảm thêm 300,000đ (Không kèm ưu đãi thanh toán qua cổng, mua kèm) (click xem chi tiết).                                                            8                                              NHẬN HOÀN NGAY ĐẾN 800.000đ khi mở thẻ tín dụng VPBANK MWG  (Xem chi tiết tại đây);;https://www.thegioididong.com/laptop/macbook-air-13-inch-m4-16gb-256gb;Skipped
MacBook Air 13 inch M2 16GB/256GB (Z15Y00051);Vàng;No;0;0;2026-04-11;;;https://www.thegioididong.com/laptop/apple-macbook-air-m2-2022-16gb-256gb;DEBUG_OOS_MacBook Air 13 inch M2 16GB/256GB (Z15Y00051)_Vàng_115702.png
iPhone Air 1TB;Xanh da trời;Yes;44990000;35590000;2026-04-11;Khuyến mãi              Giá và khuyến mãi có thể kết thúc sớm hơn dự kiến                                                                         1                                          Chọn 1 trong các khuyến mãi:                                                      Giảm giá 9,000,000đ (đã giảm vào giá sản phẩm)                                                                               Tặng phiếu mua hàng Phụ Kiện, Smartwatch, đồng hồ thời trang (trừ Apple, Beats) trị giá 9,800,000đ                                                                                     2                                              Phiếu mua hàng Apple Watch trị giá 500,000đ                                                            3                                              Tặng phiếu mua hàng Macbook (trừ Macbook Air M5 và Macbook Neo) trị giá 1,000,000đ                                                            4                                              Phiếu mua hàng Airpods trị giá 500.000đ                                                            5                                              Tặng Phiếu mua hàng mua Smartwatch (trừ Apple, giá trên 5.000.000đ) trị giá 500.000đ                                                            6                                              Tặng Phiếu mua hàng Máy lạnh (sản phẩm trên 10tr) trị giá 300.000đ                                                            7                                              NHẬN HOÀN NGAY ĐẾN 800.000đ khi mở thẻ tín dụng VPBANK MWG  (Xem chi tiết tại đây);;https://www.thegioididong.com/dtdd/iphone-air;Skipped
MacBook Air 13 inch M2 16GB/256GB;Vàng đồng;No;1600000;24490000;2026-04-11;Khuyến mãi  trị giá 500.000₫                     Giá và khuyến mãi dự kiến áp dụng đến 23:59 | 30/04                                                                         1                                          Chọn 1 trong các khuyến mãi:                                                      Giảm giá 2,200,000đ                                                                               Tặng phiếu mua hàng Phụ Kiện, Smartwatch, đồng hồ thời trang (trừ Apple, Beats) trị giá 2,700,000đ                                                                                     2                                              Phiếu mua hàng Chuột, Bàn phím (Apple) trị giá 500,000đ                                                            3                                              Tặng Phiếu mua hàng trị giá 300.000đ Áp dụng mua Máy in                                                            4                                              Tặng Phiếu mua hàng Màn hình máy tính trị giá 300.000đ                                                            5                                              Tặng Phiếu mua hàng Đồng hồ Định vị trẻ em trị giá 100.000đ                                                            6                                              Tặng Phiếu mua hàng Máy lạnh (sản phẩm trên 10tr) trị giá 300.000đ                                                            7                                              Thu cũ đổi mới: Giảm thêm 300,000đ (Không kèm ưu đãi thanh toán qua cổng, mua kèm) (click xem chi tiết).                                                            8                                              NHẬN HOÀN NGAY ĐẾN 800.000đ khi mở thẻ tín dụng VPBANK MWG  (Xem chi tiết tại đây);;https://www.thegioididong.com/laptop/apple-macbook-air-m2-2022-16gb-256gb;DEBUG_OOS_MacBook Air 13 inch M2 16GB/256GB_Vàng đồng_115706.png
MacBook Air 13 inch M4 16GB/256GB Sạc 70W;Xanh đen;Yes;1600000;27090000;2026-04-11;Khuyến mãi  trị giá 500.000₫                     Giá và khuyến mãi dự kiến áp dụng đến 23:59 | 30/04                                                                         1                                          Chọn 1 trong các khuyến mãi:                                                      Giảm giá 1,200,000đ (đã giảm vào giá sản phẩm)                                                                               Tặng phiếu mua hàng Phụ Kiện, Smartwatch, đồng hồ thời trang (trừ Apple, Beats) trị giá 1,500,000đ                                                                                     2                                              Phiếu mua hàng Chuột, Bàn phím (Apple) trị giá 500,000đ                                                            3                                              Tặng Phiếu mua hàng trị giá 300.000đ Áp dụng mua Máy in                                                            4                                              Tặng Phiếu mua hàng Màn hình máy tính trị giá 300.000đ                                                            5                                              Tặng Phiếu mua hàng Đồng hồ Định vị trẻ em trị giá 100.000đ                                                            6                                              Tặng Phiếu mua hàng Máy lạnh (sản phẩm trên 10tr) trị giá 300.000đ                                                            7                                              Thu cũ đổi mới: Giảm thêm 300,000đ (Không kèm ưu đãi thanh toán qua cổng, mua kèm) (click xem chi tiết).                                                            8                                              NHẬN HOÀN NGAY ĐẾN 800.000đ khi mở thẻ tín dụng VPBANK MWG  (Xem chi tiết tại đây);;https://www.thegioididong.com/laptop/macbook-air-13-inch-m4-16gb-256gb-sac-70w;Skipped
MacBook Air 13 inch M4 16GB/256GB;Xanh đen;Yes;1600000;26490000;2026-04-11;Khuyến mãi  trị giá 500.000₫                     Giá và khuyến mãi dự kiến áp dụng đến 23:59 | 30/04                                                                         1                                          Chọn 1 trong các khuyến mãi:                                                      Giảm giá 900,000đ (đã giảm vào giá sản phẩm)                                                                               Tặng phiếu mua hàng Phụ Kiện, Smartwatch, đồng hồ thời trang (trừ Apple, Beats) trị giá 1,100,000đ                                                                                     2                                              Phiếu mua hàng Chuột, Bàn phím (Apple) trị giá 500,000đ                                                            3                                              Tặng Phiếu mua hàng trị giá 300.000đ Áp dụng mua Máy in                                                            4                                              Tặng Phiếu mua hàng Màn hình máy tính trị giá 300.000đ                                                            5                                              Tặng Phiếu mua hàng Đồng hồ Định vị trẻ em trị giá 100.000đ                                                            6                                              Tặng Phiếu mua hàng Máy lạnh (sản phẩm trên 10tr) trị giá 300.000đ                                                            7                                              Thu cũ đổi mới: Giảm thêm 300,000đ (Không kèm ưu đãi thanh toán qua cổng, mua kèm) (click xem chi tiết).                                                            8                                              NHẬN HOÀN NGAY ĐẾN 800.000đ khi mở thẻ tín dụng VPBANK MWG  (Xem chi tiết tại đây);;https://www.thegioididong.com/laptop/macbook-air-13-inch-m4-16gb-256gb;Skipped
MacBook Air 13 inch M2 16GB/256GB;Xanh đen;No;1600000;24490000;2026-04-11;Khuyến mãi  trị giá 500.000₫                     Giá và khuyến mãi dự kiến áp dụng đến 23:59 | 30/04                                                                         1                                          Chọn 1 trong các khuyến mãi:                                                      Giảm giá 2,200,000đ                                                                               Tặng phiếu mua hàng Phụ Kiện, Smartwatch, đồng hồ thời trang (trừ Apple, Beats) trị giá 2,700,000đ                                                                                     2                                              Phiếu mua hàng Chuột, Bàn phím (Apple) trị giá 500,000đ                                                            3                                              Tặng Phiếu mua hàng trị giá 300.000đ Áp dụng mua Máy in                                                            4                                              Tặng Phiếu mua hàng Màn hình máy tính trị giá 300.000đ                                                            5                                              Tặng Phiếu mua hàng Đồng hồ Định vị trẻ em trị giá 100.000đ                                                            6                                              Tặng Phiếu mua hàng Máy lạnh (sản phẩm trên 10tr) trị giá 300.000đ                                                            7                                              Thu cũ đổi mới: Giảm thêm 300,000đ (Không kèm ưu đãi thanh toán qua cổng, mua kèm) (click xem chi tiết).                                                            8                                              NHẬN HOÀN NGAY ĐẾN 800.000đ khi mở thẻ tín dụng VPBANK MWG  (Xem chi tiết tại đây);;https://www.thegioididong.com/laptop/apple-macbook-air-m2-2022-16gb-256gb;DEBUG_OOS_MacBook Air 13 inch M2 16GB/256GB_Xanh đen_115709.png
iPhone Air 1TB;Trắng Mây;No;500000;44990000;2026-04-11;Khuyến mãi                      Giá và khuyến mãi dự kiến áp dụng đến 23:59 | 30/04                                                                         1                                          Chọn 1 trong các khuyến mãi:                                                      Giảm giá 9,000,000đ                                                                               Tặng phiếu mua hàng Phụ Kiện, Smartwatch, đồng hồ thời trang (trừ Apple, Beats) trị giá 9,800,000đ                                                                                     2                                              Phiếu mua hàng Apple Watch trị giá 500,000đ                                                            3                                              Tặng phiếu mua hàng Macbook (trừ Macbook Air M5 và Macbook Neo) trị giá 1,000,000đ                                                            4                                              Phiếu mua hàng Airpods trị giá 500.000đ                                                            5                                              Tặng Phiếu mua hàng mua Smartwatch (trừ Apple, giá trên 5.000.000đ) trị giá 500.000đ                                                            6                                              Tặng Phiếu mua hàng Máy lạnh (sản phẩm trên 10tr) trị giá 300.000đ                                                            7                                              Thu cũ đổi mới: Giảm đến 2,000,000đ (Không kèm ưu đãi thanh toán qua cổng, mua kèm)  Xem chi tiết                                                            8                                              NHẬN HOÀN NGAY ĐẾN 800.000đ khi mở thẻ tín dụng VPBANK MWG  (Xem chi tiết tại đây);;https://www.thegioididong.com/dtdd/iphone-air;DEBUG_OOS_iPhone Air 1TB_Trắng Mây_115710.png
MacBook Air 13 inch M4 16GB/256GB Sạc 70W;Vàng;Yes;1600000;27090000;2026-04-11;Khuyến mãi  trị giá 500.000₫                     Giá và khuyến mãi dự kiến áp dụng đến 23:59 | 30/04                                                                         1                                          Chọn 1 trong các khuyến mãi:                                                      Giảm giá 1,200,000đ (đã giảm vào giá sản phẩm)                                                                               Tặng phiếu mua hàng Phụ Kiện, Smartwatch, đồng hồ thời trang (trừ Apple, Beats) trị giá 1,500,000đ                                                                                     2                                              Phiếu mua hàng Chuột, Bàn phím (Apple) trị giá 500,000đ                                                            3                                              Tặng Phiếu mua hàng trị giá 300.000đ Áp dụng mua Máy in                                                            4                                              Tặng Phiếu mua hàng Màn hình máy tính trị giá 300.000đ                                                            5                                              Tặng Phiếu mua hàng Đồng hồ Định vị trẻ em trị giá 100.000đ                                                            6                                              Tặng Phiếu mua hàng Máy lạnh (sản phẩm trên 10tr) trị giá 300.000đ                                                            7                                              Thu cũ đổi mới: Giảm thêm 300,000đ (Không kèm ưu đãi thanh toán qua cổng, mua kèm) (click xem chi tiết).                                                            8                                              NHẬN HOÀN NGAY ĐẾN 800.000đ khi mở thẻ tín dụng VPBANK MWG  (Xem chi tiết tại đây);;https://www.thegioididong.com/laptop/macbook-air-13-inch-m4-16gb-256gb-sac-70w;Skipped
iPhone Air 1TB;Đen Không Gian;No;500000;44990000;2026-04-11;Khuyến mãi                      Giá và khuyến mãi dự kiến áp dụng đến 23:59 | 30/04                                                                         1                                          Chọn 1 trong các khuyến mãi:                                                      Giảm giá 9,000,000đ                                                                               Tặng phiếu mua hàng Phụ Kiện, Smartwatch, đồng hồ thời trang (trừ Apple, Beats) trị giá 9,800,000đ                                                                                     2                                              Phiếu mua hàng Apple Watch trị giá 500,000đ                                                            3                                              Tặng phiếu mua hàng Macbook (trừ Macbook Air M5 và Macbook Neo) trị giá 1,000,000đ                                                            4                                              Phiếu mua hàng Airpods trị giá 500.000đ                                                            5                                              Tặng Phiếu mua hàng mua Smartwatch (trừ Apple, giá trên 5.000.000đ) trị giá 500.000đ                                                            6                                              Tặng Phiếu mua hàng Máy lạnh (sản phẩm trên 10tr) trị giá 300.000đ                                                            7                                              Thu cũ đổi mới: Giảm đến 2,000,000đ (Không kèm ưu đãi thanh toán qua cổng, mua kèm)  Xem chi tiết                                                            8                                              NHẬN HOÀN NGAY ĐẾN 800.000đ khi mở thẻ tín dụng VPBANK MWG  (Xem chi tiết tại đây);;https://www.thegioididong.com/dtdd/iphone-air;DEBUG_OOS_iPhone Air 1TB_Đen Không Gian_115714.png
MacBook Air 13 inch M4 16GB/256GB;Xanh da trời nhạt;Yes;1600000;26490000;2026-04-11;Khuyến mãi  trị giá 500.000₫                     Giá và khuyến mãi dự kiến áp dụng đến 23:59 | 30/04                                                                         1                                          Chọn 1 trong các khuyến mãi:                                                      Giảm giá 900,000đ (đã giảm vào giá sản phẩm)                                                                               Tặng phiếu mua hàng Phụ Kiện, Smartwatch, đồng hồ thời trang (trừ Apple, Beats) trị giá 1,100,000đ                                                                                     2                                              Phiếu mua hàng Chuột, Bàn phím (Apple) trị giá 500,000đ                                                            3                                              Tặng Phiếu mua hàng trị giá 300.000đ Áp dụng mua Máy in                                                            4                                              Tặng Phiếu mua hàng Màn hình máy tính trị giá 300.000đ                                                            5                                              Tặng Phiếu mua hàng Đồng hồ Định vị trẻ em trị giá 100.000đ                                                            6                                              Tặng Phiếu mua hàng Máy lạnh (sản phẩm trên 10tr) trị giá 300.000đ                                                            7                                              Thu cũ đổi mới: Giảm thêm 300,000đ (Không kèm ưu đãi thanh toán qua cổng, mua kèm) (click xem chi tiết).                                                            8                                              NHẬN HOÀN NGAY ĐẾN 800.000đ khi mở thẻ tín dụng VPBANK MWG  (Xem chi tiết tại đây);;https://www.thegioididong.com/laptop/macbook-air-13-inch-m4-16gb-256gb;Skipped
MacBook Air 13 inch M4 16GB/256GB Sạc 70W;Bạc;No;1600000;27090000;2026-04-11;Khuyến mãi  trị giá 500.000₫                     Giá và khuyến mãi dự kiến áp dụng đến 23:59 | 30/04                                                                         1                                          Chọn 1 trong các khuyến mãi:                                                      Giảm giá 1,200,000đ                                                                               Tặng phiếu mua hàng Phụ Kiện, Smartwatch, đồng hồ thời trang (trừ Apple, Beats) trị giá 1,500,000đ                                                                                     2                                              Phiếu mua hàng Chuột, Bàn phím (Apple) trị giá 500,000đ                                                            3                                              Tặng Phiếu mua hàng trị giá 300.000đ Áp dụng mua Máy in                                                            4                                              Tặng Phiếu mua hàng Màn hình máy tính trị giá 300.000đ                                                            5                                              Tặng Phiếu mua hàng Đồng hồ Định vị trẻ em trị giá 100.000đ                                                            6                                              Tặng Phiếu mua hàng Máy lạnh (sản phẩm trên 10tr) trị giá 300.000đ                                                            7                                              Thu cũ đổi mới: Giảm thêm 300,000đ (Không kèm ưu đãi thanh toán qua cổng, mua kèm) (click xem chi tiết).                                                            8                                              NHẬN HOÀN NGAY ĐẾN 800.000đ khi mở thẻ tín dụng VPBANK MWG  (Xem chi tiết tại đây);;https://www.thegioididong.com/laptop/macbook-air-13-inch-m4-16gb-256gb-sac-70w;DEBUG_OOS_MacBook Air 13 inch M4 16GB/256GB Sạc 70W_Bạc_115716.png
MacBook Air 13 inch M2 16GB/256GB;Bạc;No;0;0;2026-04-11;;;https://www.thegioididong.com/laptop/apple-macbook-air-m2-2022-16gb-256gb;DEBUG_OOS_MacBook Air 13 inch M2 16GB/256GB_Bạc_115718.png
iPhone Air 1TB;Vàng Nhạt;Yes;44990000;35590000;2026-04-11;Khuyến mãi              Giá và khuyến mãi có thể kết thúc sớm hơn dự kiến                                                                         1                                          Chọn 1 trong các khuyến mãi:                                                      Giảm giá 9,000,000đ (đã giảm vào giá sản phẩm)                                                                               Tặng phiếu mua hàng Phụ Kiện, Smartwatch, đồng hồ thời trang (trừ Apple, Beats) trị giá 9,800,000đ                                                                                     2                                              Phiếu mua hàng Apple Watch trị giá 500,000đ                                                            3                                              Tặng phiếu mua hàng Macbook (trừ Macbook Air M5 và Macbook Neo) trị giá 1,000,000đ                                                            4                                              Phiếu mua hàng Airpods trị giá 500.000đ                                                            5                                              Tặng Phiếu mua hàng mua Smartwatch (trừ Apple, giá trên 5.000.000đ) trị giá 500.000đ                                                            6                                              Tặng Phiếu mua hàng Máy lạnh (sản phẩm trên 10tr) trị giá 300.000đ                                                            7                                              NHẬN HOÀN NGAY ĐẾN 800.000đ khi mở thẻ tín dụng VPBANK MWG  (Xem chi tiết tại đây);;https://www.thegioididong.com/dtdd/iphone-air;Skipped
MacBook Air 13 inch M4 16GB/256GB;Bạc;No;1600000;26490000;2026-04-11;Khuyến mãi  trị giá 500.000₫                     Giá và khuyến mãi dự kiến áp dụng đến 23:59 | 30/04                                                                         1                                          Chọn 1 trong các khuyến mãi:                                                      Giảm giá 900,000đ                                                                               Tặng phiếu mua hàng Phụ Kiện, Smartwatch, đồng hồ thời trang (trừ Apple, Beats) trị giá 1,100,000đ                                                                                     2                                              Phiếu mua hàng Chuột, Bàn phím (Apple) trị giá 500,000đ                                                            3                                              Tặng Phiếu mua hàng trị giá 300.000đ Áp dụng mua Máy in                                                            4                                              Tặng Phiếu mua hàng Màn hình máy tính trị giá 300.000đ                                                            5                                              Tặng Phiếu mua hàng Đồng hồ Định vị trẻ em trị giá 100.000đ                                                            6                                              Tặng Phiếu mua hàng Máy lạnh (sản phẩm trên 10tr) trị giá 300.000đ                                                            7                                              Thu cũ đổi mới: Giảm thêm 300,000đ (Không kèm ưu đãi thanh toán qua cổng, mua kèm) (click xem chi tiết).                                                            8                                              NHẬN HOÀN NGAY ĐẾN 800.000đ khi mở thẻ tín dụng VPBANK MWG  (Xem chi tiết tại đây);;https://www.thegioididong.com/laptop/macbook-air-13-inch-m4-16gb-256gb;DEBUG_OOS_MacBook Air 13 inch M4 16GB/256GB_Bạc_115719.png
MacBook Air 13 inch M4 24GB/256GB;Bạc;No;0;0;2026-04-11;;;https://www.thegioididong.com/laptop/macbook-air-13-inch-m4-24gb-256gb;DEBUG_OOS_MacBook Air 13 inch M4 24GB/256GB_Bạc_115723.png
iPhone Air 1TB;Xanh da trời;Yes;44990000;35590000;2026-04-11;Khuyến mãi              Giá và khuyến mãi có thể kết thúc sớm hơn dự kiến                                                                         1                                          Chọn 1 trong các khuyến mãi:                                                      Giảm giá 9,000,000đ (đã giảm vào giá sản phẩm)                                                                               Tặng phiếu mua hàng Phụ Kiện, Smartwatch, đồng hồ thời trang (trừ Apple, Beats) trị giá 9,800,000đ                                                                                     2                                              Phiếu mua hàng Apple Watch trị giá 500,000đ                                                            3                                              Tặng phiếu mua hàng Macbook (trừ Macbook Air M5 và Macbook Neo) trị giá 1,000,000đ                                                            4                                              Phiếu mua hàng Airpods trị giá 500.000đ                                                            5                                              Tặng Phiếu mua hàng mua Smartwatch (trừ Apple, giá trên 5.000.000đ) trị giá 500.000đ                                                            6                                              Tặng Phiếu mua hàng Máy lạnh (sản phẩm trên 10tr) trị giá 300.000đ                                                            7                                              NHẬN HOÀN NGAY ĐẾN 800.000đ khi mở thẻ tín dụng VPBANK MWG  (Xem chi tiết tại đây);;https://www.thegioididong.com/dtdd/iphone-air;Skipped
MacBook Air 13 inch M2 16GB/256GB;Xám;No;0;0;2026-04-11;;;https://www.thegioididong.com/laptop/apple-macbook-air-m2-2022-16gb-256gb;DEBUG_OOS_MacBook Air 13 inch M2 16GB/256GB_Xám_115724.png
MacBook Air 13 inch M4 16GB/256GB Sạc 70W;Xanh da trời nhạt;Yes;1600000;27090000;2026-04-11;Khuyến mãi  trị giá 500.000₫                     Giá và khuyến mãi dự kiến áp dụng đến 23:59 | 30/04                                                                         1                                          Chọn 1 trong các khuyến mãi:                                                      Giảm giá 1,200,000đ (đã giảm vào giá sản phẩm)                                                                               Tặng phiếu mua hàng Phụ Kiện, Smartwatch, đồng hồ thời trang (trừ Apple, Beats) trị giá 1,500,000đ                                                                                     2                                              Phiếu mua hàng Chuột, Bàn phím (Apple) trị giá 500,000đ                                                            3                                              Tặng Phiếu mua hàng trị giá 300.000đ Áp dụng mua Máy in                                                            4                                              Tặng Phiếu mua hàng Màn hình máy tính trị giá 300.000đ                                                            5                                              Tặng Phiếu mua hàng Đồng hồ Định vị trẻ em trị giá 100.000đ                                                            6                                              Tặng Phiếu mua hàng Máy lạnh (sản phẩm trên 10tr) trị giá 300.000đ                                                            7                                              Thu cũ đổi mới: Giảm thêm 300,000đ (Không kèm ưu đãi thanh toán qua cổng, mua kèm) (click xem chi tiết).                                                            8                                              NHẬN HOÀN NGAY ĐẾN 800.000đ khi mở thẻ tín dụng VPBANK MWG  (Xem chi tiết tại đây);;https://www.thegioididong.com/laptop/macbook-air-13-inch-m4-16gb-256gb-sac-70w;Skipped
MacBook Air 13 inch M4 16GB/256GB;Vàng;Yes;1600000;26490000;2026-04-11;Khuyến mãi  trị giá 500.000₫                     Giá và khuyến mãi dự kiến áp dụng đến 23:59 | 30/04                                                                         1                                          Chọn 1 trong các khuyến mãi:                                                      Giảm giá 900,000đ (đã giảm vào giá sản phẩm)                                                                               Tặng phiếu mua hàng Phụ Kiện, Smartwatch, đồng hồ thời trang (trừ Apple, Beats) trị giá 1,100,000đ                                                                                     2                                              Phiếu mua hàng Chuột, Bàn phím (Apple) trị giá 500,000đ                                                            3                                              Tặng Phiếu mua hàng trị giá 300.000đ Áp dụng mua Máy in                                                            4                                              Tặng Phiếu mua hàng Màn hình máy tính trị giá 300.000đ                                                            5                                              Tặng Phiếu mua hàng Đồng hồ Định vị trẻ em trị giá 100.000đ                                                            6                                              Tặng Phiếu mua hàng Máy lạnh (sản phẩm trên 10tr) trị giá 300.000đ                                                            7                                              Thu cũ đổi mới: Giảm thêm 300,000đ (Không kèm ưu đãi thanh toán qua cổng, mua kèm) (click xem chi tiết).                                                            8                                              NHẬN HOÀN NGAY ĐẾN 800.000đ khi mở thẻ tín dụng VPBANK MWG  (Xem chi tiết tại đây);;https://www.thegioididong.com/laptop/macbook-air-13-inch-m4-16gb-256gb;Skipped
iPhone Air 1TB;Trắng Mây;No;500000;44990000;2026-04-11;Khuyến mãi                      Giá và khuyến mãi dự kiến áp dụng đến 23:59 | 30/04                                                                         1                                          Chọn 1 trong các khuyến mãi:                                                      Giảm giá 9,000,000đ                                                                               Tặng phiếu mua hàng Phụ Kiện, Smartwatch, đồng hồ thời trang (trừ Apple, Beats) trị giá 9,800,000đ                                                                                     2                                              Phiếu mua hàng Apple Watch trị giá 500,000đ                                                            3                                              Tặng phiếu mua hàng Macbook (trừ Macbook Air M5 và Macbook Neo) trị giá 1,000,000đ                                                            4                                              Phiếu mua hàng Airpods trị giá 500.000đ                                                            5                                              Tặng Phiếu mua hàng mua Smartwatch (trừ Apple, giá trên 5.000.000đ) trị giá 500.000đ                                                            6                                              Tặng Phiếu mua hàng Máy lạnh (sản phẩm trên 10tr) trị giá 300.000đ                                                            7                                              Thu cũ đổi mới: Giảm đến 2,000,000đ (Không kèm ưu đãi thanh toán qua cổng, mua kèm)  Xem chi tiết                                                            8                                              NHẬN HOÀN NGAY ĐẾN 800.000đ khi mở thẻ tín dụng VPBANK MWG  (Xem chi tiết tại đây);;https://www.thegioididong.com/dtdd/iphone-air;DEBUG_OOS_iPhone Air 1TB_Trắng Mây_115727.png
iPhone Air 1TB;Đen Không Gian;No;500000;44990000;2026-04-11;Khuyến mãi                      Giá và khuyến mãi dự kiến áp dụng đến 23:59 | 30/04                                                                         1                                          Chọn 1 trong các khuyến mãi:                                                      Giảm giá 9,000,000đ                                                                               Tặng phiếu mua hàng Phụ Kiện, Smartwatch, đồng hồ thời trang (trừ Apple, Beats) trị giá 9,800,000đ                                                                                     2                                              Phiếu mua hàng Apple Watch trị giá 500,000đ                                                            3                                              Tặng phiếu mua hàng Macbook (trừ Macbook Air M5 và Macbook Neo) trị giá 1,000,000đ                                                            4                                              Phiếu mua hàng Airpods trị giá 500.000đ                                                            5                                              Tặng Phiếu mua hàng mua Smartwatch (trừ Apple, giá trên 5.000.000đ) trị giá 500.000đ                                                            6                                              Tặng Phiếu mua hàng Máy lạnh (sản phẩm trên 10tr) trị giá 300.000đ                                                            7                                              Thu cũ đổi mới: Giảm đến 2,000,000đ (Không kèm ưu đãi thanh toán qua cổng, mua kèm)  Xem chi tiết                                                            8                                              NHẬN HOÀN NGAY ĐẾN 800.000đ khi mở thẻ tín dụng VPBANK MWG  (Xem chi tiết tại đây);;https://www.thegioididong.com/dtdd/iphone-air;DEBUG_OOS_iPhone Air 1TB_Đen Không Gian_115730.png
MacBook Air 13 inch M2 16GB/256GB (Z15Y00051);Vàng;No;0;0;2026-04-11;;;https://www.thegioididong.com/laptop/apple-macbook-air-m2-2022-16gb-256gb;DEBUG_OOS_MacBook Air 13 inch M2 16GB/256GB (Z15Y00051)_Vàng_115730.png
MacBook Air 13 inch M4 24GB/256GB;Vàng;No;0;0;2026-04-11;;;https://www.thegioididong.com/laptop/macbook-air-13-inch-m4-24gb-256gb;DEBUG_OOS_MacBook Air 13 inch M4 24GB/256GB_Vàng_115731.png
MacBook Air 13 inch M4 16GB/256GB Sạc 70W;Xanh đen;Yes;1600000;27090000;2026-04-11;Khuyến mãi  trị giá 500.000₫                     Giá và khuyến mãi dự kiến áp dụng đến 23:59 | 30/04                                                                         1                                          Chọn 1 trong các khuyến mãi:                                                      Giảm giá 1,200,000đ (đã giảm vào giá sản phẩm)                                                                               Tặng phiếu mua hàng Phụ Kiện, Smartwatch, đồng hồ thời trang (trừ Apple, Beats) trị giá 1,500,000đ                                                                                     2                                              Phiếu mua hàng Chuột, Bàn phím (Apple) trị giá 500,000đ                                                            3                                              Tặng Phiếu mua hàng trị giá 300.000đ Áp dụng mua Máy in                                                            4                                              Tặng Phiếu mua hàng Màn hình máy tính trị giá 300.000đ                                                            5                                              Tặng Phiếu mua hàng Đồng hồ Định vị trẻ em trị giá 100.000đ                                                            6                                              Tặng Phiếu mua hàng Máy lạnh (sản phẩm trên 10tr) trị giá 300.000đ                                                            7                                              Thu cũ đổi mới: Giảm thêm 300,000đ (Không kèm ưu đãi thanh toán qua cổng, mua kèm) (click xem chi tiết).                                                            8                                              NHẬN HOÀN NGAY ĐẾN 800.000đ khi mở thẻ tín dụng VPBANK MWG  (Xem chi tiết tại đây);;https://www.thegioididong.com/laptop/macbook-air-13-inch-m4-16gb-256gb-sac-70w;Skipped
MacBook Air 13 inch M4 32GB/256GB;Bạc;No;1600000;36290000;2026-04-11;Khuyến mãi  trị giá 500.000₫                     Giá và khuyến mãi dự kiến áp dụng đến 23:59 | 30/04                                                                         1                                          Chọn 1 trong các khuyến mãi:                                                      Giảm giá 1,300,000đ                                                                               Tặng phiếu mua hàng Phụ Kiện, Smartwatch, đồng hồ thời trang (trừ Apple, Beats) trị giá 1,600,000đ                                                                                     2                                              Phiếu mua hàng Chuột, Bàn phím (Apple) trị giá 500,000đ                                                            3                                              Tặng Phiếu mua hàng trị giá 300.000đ Áp dụng mua Máy in                                                            4                                              Tặng Phiếu mua hàng Màn hình máy tính trị giá 300.000đ                                                            5                                              Tặng Phiếu mua hàng Đồng hồ Định vị trẻ em trị giá 100.000đ                                                            6                                              Tặng Phiếu mua hàng Máy lạnh (sản phẩm trên 10tr) trị giá 300.000đ                                                            7                                              Thu cũ đổi mới: Giảm thêm 300,000đ (Không kèm ưu đãi thanh toán qua cổng, mua kèm) (click xem chi tiết).                                                            8                                              NHẬN HOÀN NGAY ĐẾN 800.000đ khi mở thẻ tín dụng VPBANK MWG  (Xem chi tiết tại đây);;https://www.thegioididong.com/laptop/macbook-air-13-inch-m4-32gb-256gb;DEBUG_OOS_MacBook Air 13 inch M4 32GB/256GB_Bạc_115732.png
iPhone Air 1TB;Vàng Nhạt;Yes;44990000;35590000;2026-04-11;Khuyến mãi              Giá và khuyến mãi có thể kết thúc sớm hơn dự kiến                                                                         1                                          Chọn 1 trong các khuyến mãi:                                                      Giảm giá 9,000,000đ (đã giảm vào giá sản phẩm)                                                                               Tặng phiếu mua hàng Phụ Kiện, Smartwatch, đồng hồ thời trang (trừ Apple, Beats) trị giá 9,800,000đ                                                                                     2                                              Phiếu mua hàng Apple Watch trị giá 500,000đ                                                            3                                              Tặng phiếu mua hàng Macbook (trừ Macbook Air M5 và Macbook Neo) trị giá 1,000,000đ                                                            4                                              Phiếu mua hàng Airpods trị giá 500.000đ                                                            5                                              Tặng Phiếu mua hàng mua Smartwatch (trừ Apple, giá trên 5.000.000đ) trị giá 500.000đ                                                            6                                              Tặng Phiếu mua hàng Máy lạnh (sản phẩm trên 10tr) trị giá 300.000đ                                                            7                                              NHẬN HOÀN NGAY ĐẾN 800.000đ khi mở thẻ tín dụng VPBANK MWG  (Xem chi tiết tại đây);;https://www.thegioididong.com/dtdd/iphone-air;Skipped
MacBook Air 13 inch M2 16GB/256GB;Vàng đồng;No;1600000;24490000;2026-04-11;Khuyến mãi  trị giá 500.000₫                     Giá và khuyến mãi dự kiến áp dụng đến 23:59 | 30/04                                                                         1                                          Chọn 1 trong các khuyến mãi:                                                      Giảm giá 2,200,000đ                                                                               Tặng phiếu mua hàng Phụ Kiện, Smartwatch, đồng hồ thời trang (trừ Apple, Beats) trị giá 2,700,000đ                                                                                     2                                              Phiếu mua hàng Chuột, Bàn phím (Apple) trị giá 500,000đ                                                            3                                              Tặng Phiếu mua hàng trị giá 300.000đ Áp dụng mua Máy in                                                            4                                              Tặng Phiếu mua hàng Màn hình máy tính trị giá 300.000đ                                                            5                                              Tặng Phiếu mua hàng Đồng hồ Định vị trẻ em trị giá 100.000đ                                                            6                                              Tặng Phiếu mua hàng Máy lạnh (sản phẩm trên 10tr) trị giá 300.000đ                                                            7                                              Thu cũ đổi mới: Giảm thêm 300,000đ (Không kèm ưu đãi thanh toán qua cổng, mua kèm) (click xem chi tiết).                                                            8                                              NHẬN HOÀN NGAY ĐẾN 800.000đ khi mở thẻ tín dụng VPBANK MWG  (Xem chi tiết tại đây);;https://www.thegioididong.com/laptop/apple-macbook-air-m2-2022-16gb-256gb;DEBUG_OOS_MacBook Air 13 inch M2 16GB/256GB_Vàng đồng_115734.png
MacBook Air 13 inch M4 32GB/256GB;Xanh đen;No;1600000;36290000;2026-04-11;Khuyến mãi  trị giá 500.000₫                     Giá và khuyến mãi dự kiến áp dụng đến 23:59 | 30/04                                                                         1                                          Chọn 1 trong các khuyến mãi:                                                      Giảm giá 1,300,000đ                                                                               Tặng phiếu mua hàng Phụ Kiện, Smartwatch, đồng hồ thời trang (trừ Apple, Beats) trị giá 1,600,000đ                                                                                     2                                              Phiếu mua hàng Chuột, Bàn phím (Apple) trị giá 500,000đ                                                            3                                              Tặng Phiếu mua hàng trị giá 300.000đ Áp dụng mua Máy in                                                            4                                              Tặng Phiếu mua hàng Màn hình máy tính trị giá 300.000đ                                                            5                                              Tặng Phiếu mua hàng Đồng hồ Định vị trẻ em trị giá 100.000đ                                                            6                                              Tặng Phiếu mua hàng Máy lạnh (sản phẩm trên 10tr) trị giá 300.000đ                                                            7                                              Thu cũ đổi mới: Giảm thêm 300,000đ (Không kèm ưu đãi thanh toán qua cổng, mua kèm) (click xem chi tiết).                                                            8                                              NHẬN HOÀN NGAY ĐẾN 800.000đ khi mở thẻ tín dụng VPBANK MWG  (Xem chi tiết tại đây);;https://www.thegioididong.com/laptop/macbook-air-13-inch-m4-32gb-256gb;DEBUG_OOS_MacBook Air 13 inch M4 32GB/256GB_Xanh đen_115736.png
MacBook Air 13 inch M4 16GB/256GB Sạc 70W;Vàng;Yes;1600000;27090000;2026-04-11;Khuyến mãi  trị giá 500.000₫                     Giá và khuyến mãi dự kiến áp dụng đến 23:59 | 30/04                                                                         1                                          Chọn 1 trong các khuyến mãi:                                                      Giảm giá 1,200,000đ (đã giảm vào giá sản phẩm)                                                                               Tặng phiếu mua hàng Phụ Kiện, Smartwatch, đồng hồ thời trang (trừ Apple, Beats) trị giá 1,500,000đ                                                                                     2                                              Phiếu mua hàng Chuột, Bàn phím (Apple) trị giá 500,000đ                                                            3                                              Tặng Phiếu mua hàng trị giá 300.000đ Áp dụng mua Máy in                                                            4                                              Tặng Phiếu mua hàng Màn hình máy tính trị giá 300.000đ                                                            5                                              Tặng Phiếu mua hàng Đồng hồ Định vị trẻ em trị giá 100.000đ                                                            6                                              Tặng Phiếu mua hàng Máy lạnh (sản phẩm trên 10tr) trị giá 300.000đ                                                            7                                              Thu cũ đổi mới: Giảm thêm 300,000đ (Không kèm ưu đãi thanh toán qua cổng, mua kèm) (click xem chi tiết).                                                            8                                              NHẬN HOÀN NGAY ĐẾN 800.000đ khi mở thẻ tín dụng VPBANK MWG  (Xem chi tiết tại đây);;https://www.thegioididong.com/laptop/macbook-air-13-inch-m4-16gb-256gb-sac-70w;Skipped
MacBook Air 13 inch M2 16GB/256GB;Xanh đen;No;1600000;24490000;2026-04-11;Khuyến mãi  trị giá 500.000₫                     Giá và khuyến mãi dự kiến áp dụng đến 23:59 | 30/04                                                                         1                                          Chọn 1 trong các khuyến mãi:                                                      Giảm giá 2,200,000đ                                                                               Tặng phiếu mua hàng Phụ Kiện, Smartwatch, đồng hồ thời trang (trừ Apple, Beats) trị giá 2,700,000đ                                                                                     2                                              Phiếu mua hàng Chuột, Bàn phím (Apple) trị giá 500,000đ                                                            3                                              Tặng Phiếu mua hàng trị giá 300.000đ Áp dụng mua Máy in                                                            4                                              Tặng Phiếu mua hàng Màn hình máy tính trị giá 300.000đ                                                            5                                              Tặng Phiếu mua hàng Đồng hồ Định vị trẻ em trị giá 100.000đ                                                            6                                              Tặng Phiếu mua hàng Máy lạnh (sản phẩm trên 10tr) trị giá 300.000đ                                                            7                                              Thu cũ đổi mới: Giảm thêm 300,000đ (Không kèm ưu đãi thanh toán qua cổng, mua kèm) (click xem chi tiết).                                                            8                                              NHẬN HOÀN NGAY ĐẾN 800.000đ khi mở thẻ tín dụng VPBANK MWG  (Xem chi tiết tại đây);;https://www.thegioididong.com/laptop/apple-macbook-air-m2-2022-16gb-256gb;DEBUG_OOS_MacBook Air 13 inch M2 16GB/256GB_Xanh đen_115737.png
MacBook Air 13 inch M4 24GB/256GB;Xanh đen;No;0;0;2026-04-11;;;https://www.thegioididong.com/laptop/macbook-air-13-inch-m4-24gb-256gb;DEBUG_OOS_MacBook Air 13 inch M4 24GB/256GB_Xanh đen_115738.png
iPhone Air 1TB;Xanh da trời;Yes;44990000;35590000;2026-04-11;Khuyến mãi              Giá và khuyến mãi có thể kết thúc sớm hơn dự kiến                                                                         1                                          Chọn 1 trong các khuyến mãi:                                                      Giảm giá 9,000,000đ (đã giảm vào giá sản phẩm)                                                                               Tặng phiếu mua hàng Phụ Kiện, Smartwatch, đồng hồ thời trang (trừ Apple, Beats) trị giá 9,800,000đ                                                                                     2                                              Phiếu mua hàng Apple Watch trị giá 500,000đ                                                            3                                              Tặng phiếu mua hàng Macbook (trừ Macbook Air M5 và Macbook Neo) trị giá 1,000,000đ                                                            4                                              Phiếu mua hàng Airpods trị giá 500.000đ                                                            5                                              Tặng Phiếu mua hàng mua Smartwatch (trừ Apple, giá trên 5.000.000đ) trị giá 500.000đ                                                            6                                              Tặng Phiếu mua hàng Máy lạnh (sản phẩm trên 10tr) trị giá 300.000đ                                                            7                                              NHẬN HOÀN NGAY ĐẾN 800.000đ khi mở thẻ tín dụng VPBANK MWG  (Xem chi tiết tại đây);;https://www.thegioididong.com/dtdd/iphone-air;Skipped
MacBook Air 13 inch M4 32GB/256GB;Vàng;No;1600000;36290000;2026-04-11;Khuyến mãi  trị giá 500.000₫                     Giá và khuyến mãi dự kiến áp dụng đến 23:59 | 30/04                                                                         1                                          Chọn 1 trong các khuyến mãi:                                                      Giảm giá 1,300,000đ                                                                               Tặng phiếu mua hàng Phụ Kiện, Smartwatch, đồng hồ thời trang (trừ Apple, Beats) trị giá 1,600,000đ                                                                                     2                                              Phiếu mua hàng Chuột, Bàn phím (Apple) trị giá 500,000đ                                                            3                                              Tặng Phiếu mua hàng trị giá 300.000đ Áp dụng mua Máy in                                                            4                                              Tặng Phiếu mua hàng Màn hình máy tính trị giá 300.000đ                                                            5                                              Tặng Phiếu mua hàng Đồng hồ Định vị trẻ em trị giá 100.000đ                                                            6                                              Tặng Phiếu mua hàng Máy lạnh (sản phẩm trên 10tr) trị giá 300.000đ                                                            7                                              Thu cũ đổi mới: Giảm thêm 300,000đ (Không kèm ưu đãi thanh toán qua cổng, mua kèm) (click xem chi tiết).                                                            8                                              NHẬN HOÀN NGAY ĐẾN 800.000đ khi mở thẻ tín dụng VPBANK MWG  (Xem chi tiết tại đây);;https://www.thegioididong.com/laptop/macbook-air-13-inch-m4-32gb-256gb;DEBUG_OOS_MacBook Air 13 inch M4 32GB/256GB_Vàng_115740.png
MacBook Air 13 inch M4 16GB/256GB Sạc 70W;Bạc;No;1600000;27090000;2026-04-11;Khuyến mãi  trị giá 500.000₫                     Giá và khuyến mãi dự kiến áp dụng đến 23:59 | 30/04                                                                         1                                          Chọn 1 trong các khuyến mãi:                                                      Giảm giá 1,200,000đ                                                                               Tặng phiếu mua hàng Phụ Kiện, Smartwatch, đồng hồ thời trang (trừ Apple, Beats) trị giá 1,500,000đ                                                                                     2                                              Phiếu mua hàng Chuột, Bàn phím (Apple) trị giá 500,000đ                                                            3                                              Tặng Phiếu mua hàng trị giá 300.000đ Áp dụng mua Máy in                                                            4                                              Tặng Phiếu mua hàng Màn hình máy tính trị giá 300.000đ                                                            5                                              Tặng Phiếu mua hàng Đồng hồ Định vị trẻ em trị giá 100.000đ                                                            6                                              Tặng Phiếu mua hàng Máy lạnh (sản phẩm trên 10tr) trị giá 300.000đ                                                            7                                              Thu cũ đổi mới: Giảm thêm 300,000đ (Không kèm ưu đãi thanh toán qua cổng, mua kèm) (click xem chi tiết).                                                            8                                              NHẬN HOÀN NGAY ĐẾN 800.000đ khi mở thẻ tín dụng VPBANK MWG  (Xem chi tiết tại đây);;https://www.thegioididong.com/laptop/macbook-air-13-inch-m4-16gb-256gb-sac-70w;DEBUG_OOS_MacBook Air 13 inch M4 16GB/256GB Sạc 70W_Bạc_115740.png
iPhone Air 1TB;Trắng Mây;No;500000;44990000;2026-04-11;Khuyến mãi                      Giá và khuyến mãi dự kiến áp dụng đến 23:59 | 30/04                                                                         1                                          Chọn 1 trong các khuyến mãi:                                                      Giảm giá 9,000,000đ                                                                               Tặng phiếu mua hàng Phụ Kiện, Smartwatch, đồng hồ thời trang (trừ Apple, Beats) trị giá 9,800,000đ                                                                                     2                                              Phiếu mua hàng Apple Watch trị giá 500,000đ                                                            3                                              Tặng phiếu mua hàng Macbook (trừ Macbook Air M5 và Macbook Neo) trị giá 1,000,000đ                                                            4                                              Phiếu mua hàng Airpods trị giá 500.000đ                                                            5                                              Tặng Phiếu mua hàng mua Smartwatch (trừ Apple, giá trên 5.000.000đ) trị giá 500.000đ                                                            6                                              Tặng Phiếu mua hàng Máy lạnh (sản phẩm trên 10tr) trị giá 300.000đ                                                            7                                              Thu cũ đổi mới: Giảm đến 2,000,000đ (Không kèm ưu đãi thanh toán qua cổng, mua kèm)  Xem chi tiết                                                            8                                              NHẬN HOÀN NGAY ĐẾN 800.000đ khi mở thẻ tín dụng VPBANK MWG  (Xem chi tiết tại đây);;https://www.thegioididong.com/dtdd/iphone-air;DEBUG_OOS_iPhone Air 1TB_Trắng Mây_115742.png
MacBook Air 13 inch M4 24GB/256GB;Xanh da trời nhạt;No;0;0;2026-04-11;;;https://www.thegioididong.com/laptop/macbook-air-13-inch-m4-24gb-256gb;DEBUG_OOS_MacBook Air 13 inch M4 24GB/256GB_Xanh da trời nhạt_115745.png
MacBook Air 13 inch M4 32GB/256GB;Xanh da trời nhạt;No;1600000;36290000;2026-04-11;Khuyến mãi  trị giá 500.000₫                     Giá và khuyến mãi dự kiến áp dụng đến 23:59 | 30/04                                                                         1                                          Chọn 1 trong các khuyến mãi:                                                      Giảm giá 1,300,000đ                                                                               Tặng phiếu mua hàng Phụ Kiện, Smartwatch, đồng hồ thời trang (trừ Apple, Beats) trị giá 1,600,000đ                                                                                     2                                              Phiếu mua hàng Chuột, Bàn phím (Apple) trị giá 500,000đ                                                            3                                              Tặng Phiếu mua hàng trị giá 300.000đ Áp dụng mua Máy in                                                            4                                              Tặng Phiếu mua hàng Màn hình máy tính trị giá 300.000đ                                                            5                                              Tặng Phiếu mua hàng Đồng hồ Định vị trẻ em trị giá 100.000đ                                                            6                                              Tặng Phiếu mua hàng Máy lạnh (sản phẩm trên 10tr) trị giá 300.000đ                                                            7                                              Thu cũ đổi mới: Giảm thêm 300,000đ (Không kèm ưu đãi thanh toán qua cổng, mua kèm) (click xem chi tiết).                                                            8                                              NHẬN HOÀN NGAY ĐẾN 800.000đ khi mở thẻ tín dụng VPBANK MWG  (Xem chi tiết tại đây);;https://www.thegioididong.com/laptop/macbook-air-13-inch-m4-32gb-256gb;DEBUG_OOS_MacBook Air 13 inch M4 32GB/256GB_Xanh da trời nhạt_115745.png
iPhone Air 1TB;Đen Không Gian;No;500000;44990000;2026-04-11;Khuyến mãi                      Giá và khuyến mãi dự kiến áp dụng đến 23:59 | 30/04                                                                         1                                          Chọn 1 trong các khuyến mãi:                                                      Giảm giá 9,000,000đ                                                                               Tặng phiếu mua hàng Phụ Kiện, Smartwatch, đồng hồ thời trang (trừ Apple, Beats) trị giá 9,800,000đ                                                                                     2                                              Phiếu mua hàng Apple Watch trị giá 500,000đ                                                            3                                              Tặng phiếu mua hàng Macbook (trừ Macbook Air M5 và Macbook Neo) trị giá 1,000,000đ                                                            4                                              Phiếu mua hàng Airpods trị giá 500.000đ                                                            5                                              Tặng Phiếu mua hàng mua Smartwatch (trừ Apple, giá trên 5.000.000đ) trị giá 500.000đ                                                            6                                              Tặng Phiếu mua hàng Máy lạnh (sản phẩm trên 10tr) trị giá 300.000đ                                                            7                                              Thu cũ đổi mới: Giảm đến 2,000,000đ (Không kèm ưu đãi thanh toán qua cổng, mua kèm)  Xem chi tiết                                                            8                                              NHẬN HOÀN NGAY ĐẾN 800.000đ khi mở thẻ tín dụng VPBANK MWG  (Xem chi tiết tại đây);;https://www.thegioididong.com/dtdd/iphone-air;DEBUG_OOS_iPhone Air 1TB_Đen Không Gian_115746.png
MacBook Air 13 inch M2 16GB/256GB;Bạc;No;0;0;2026-04-11;;;https://www.thegioididong.com/laptop/apple-macbook-air-m2-2022-16gb-256gb;DEBUG_OOS_MacBook Air 13 inch M2 16GB/256GB_Bạc_115747.png
MacBook Air 15 inch M4 16GB/256GB;Xanh da trời nhạt;No;0;31390000;2026-04-11;Khuyến mãi  trị giá 500.000₫                     Giá và khuyến mãi dự kiến áp dụng đến 23:59 | 30/04                                                                         1                                          Chọn 1 trong các khuyến mãi:                                                      Giảm giá 1,400,000đ                                                                               Tặng phiếu mua hàng Phụ Kiện, Smartwatch, đồng hồ thời trang (trừ Apple, Beats) trị giá 1,700,000đ                                                                                     2                                              Phiếu mua hàng Chuột, Bàn phím (Apple) trị giá 500,000đ                                                            3                                              Tặng Phiếu mua hàng trị giá 300.000đ Áp dụng mua Máy in                                                            4                                              Tặng Phiếu mua hàng Màn hình máy tính trị giá 300.000đ                                                            5                                              Tặng Phiếu mua hàng Đồng hồ Định vị trẻ em trị giá 100.000đ                                                            6                                              Tặng Phiếu mua hàng Máy lạnh (sản phẩm trên 10tr) trị giá 300.000đ                                                            7                                              Thu cũ đổi mới: Giảm thêm 300,000đ (Không kèm ưu đãi thanh toán qua cổng, mua kèm) (click xem chi tiết).                                                            8                                              NHẬN HOÀN NGAY ĐẾN 800.000đ khi mở thẻ tín dụng VPBANK MWG  (Xem chi tiết tại đây);;https://www.thegioididong.com/laptop/macbook-air-15-inch-m4-16gb-256gb;DEBUG_OOS_MacBook Air 15 inch M4 16GB/256GB_Xanh da trời nhạt_115747.png
iPhone Air 1TB;Vàng Nhạt;Yes;44990000;35590000;2026-04-11;Khuyến mãi              Giá và khuyến mãi có thể kết thúc sớm hơn dự kiến                                                                         1                                          Chọn 1 trong các khuyến mãi:                                                      Giảm giá 9,000,000đ (đã giảm vào giá sản phẩm)                                                                               Tặng phiếu mua hàng Phụ Kiện, Smartwatch, đồng hồ thời trang (trừ Apple, Beats) trị giá 9,800,000đ                                                                                     2                                              Phiếu mua hàng Apple Watch trị giá 500,000đ                                                            3                                              Tặng phiếu mua hàng Macbook (trừ Macbook Air M5 và Macbook Neo) trị giá 1,000,000đ                                                            4                                              Phiếu mua hàng Airpods trị giá 500.000đ                                                            5                                              Tặng Phiếu mua hàng mua Smartwatch (trừ Apple, giá trên 5.000.000đ) trị giá 500.000đ                                                            6                                              Tặng Phiếu mua hàng Máy lạnh (sản phẩm trên 10tr) trị giá 300.000đ                                                            7                                              NHẬN HOÀN NGAY ĐẾN 800.000đ khi mở thẻ tín dụng VPBANK MWG  (Xem chi tiết tại đây);;https://www.thegioididong.com/dtdd/iphone-air;Skipped
MacBook Air 13 inch M4 32GB/256GB;Bạc;No;1600000;36290000;2026-04-11;Khuyến mãi  trị giá 500.000₫                     Giá và khuyến mãi dự kiến áp dụng đến 23:59 | 30/04                                                                         1                                          Chọn 1 trong các khuyến mãi:                                                      Giảm giá 1,300,000đ                                                                               Tặng phiếu mua hàng Phụ Kiện, Smartwatch, đồng hồ thời trang (trừ Apple, Beats) trị giá 1,600,000đ                                                                                     2                                              Phiếu mua hàng Chuột, Bàn phím (Apple) trị giá 500,000đ                                                            3                                              Tặng Phiếu mua hàng trị giá 300.000đ Áp dụng mua Máy in                                                            4                                              Tặng Phiếu mua hàng Màn hình máy tính trị giá 300.000đ                                                            5                                              Tặng Phiếu mua hàng Đồng hồ Định vị trẻ em trị giá 100.000đ                                                            6                                              Tặng Phiếu mua hàng Máy lạnh (sản phẩm trên 10tr) trị giá 300.000đ                                                            7                                              Thu cũ đổi mới: Giảm thêm 300,000đ (Không kèm ưu đãi thanh toán qua cổng, mua kèm) (click xem chi tiết).                                                            8                                              NHẬN HOÀN NGAY ĐẾN 800.000đ khi mở thẻ tín dụng VPBANK MWG  (Xem chi tiết tại đây);;https://www.thegioididong.com/laptop/macbook-air-13-inch-m4-32gb-256gb;DEBUG_OOS_MacBook Air 13 inch M4 32GB/256GB_Bạc_115751.png
MacBook Air 15 inch M4 16GB/256GB;Xanh đen;No;0;31390000;2026-04-11;Khuyến mãi  trị giá 500.000₫                     Giá và khuyến mãi dự kiến áp dụng đến 23:59 | 30/04                                                                         1                                          Chọn 1 trong các khuyến mãi:                                                      Giảm giá 1,400,000đ                                                                               Tặng phiếu mua hàng Phụ Kiện, Smartwatch, đồng hồ thời trang (trừ Apple, Beats) trị giá 1,700,000đ                                                                                     2                                              Phiếu mua hàng Chuột, Bàn phím (Apple) trị giá 500,000đ                                                            3                                              Tặng Phiếu mua hàng trị giá 300.000đ Áp dụng mua Máy in                                                            4                                              Tặng Phiếu mua hàng Màn hình máy tính trị giá 300.000đ                                                            5                                              Tặng Phiếu mua hàng Đồng hồ Định vị trẻ em trị giá 100.000đ                                                            6                                              Tặng Phiếu mua hàng Máy lạnh (sản phẩm trên 10tr) trị giá 300.000đ                                                            7                                              Thu cũ đổi mới: Giảm thêm 300,000đ (Không kèm ưu đãi thanh toán qua cổng, mua kèm) (click xem chi tiết).                                                            8                                              NHẬN HOÀN NGAY ĐẾN 800.000đ khi mở thẻ tín dụng VPBANK MWG  (Xem chi tiết tại đây);;https://www.thegioididong.com/laptop/macbook-air-15-inch-m4-16gb-256gb;DEBUG_OOS_MacBook Air 15 inch M4 16GB/256GB_Xanh đen_115752.png
MacBook Air 13 inch M2 16GB/256GB;Xám;No;0;0;2026-04-11;;;https://www.thegioididong.com/laptop/apple-macbook-air-m2-2022-16gb-256gb;DEBUG_OOS_MacBook Air 13 inch M2 16GB/256GB_Xám_115754.png
MacBook Air 13 inch M4 24GB/256GB;Bạc;No;0;0;2026-04-11;;;https://www.thegioididong.com/laptop/macbook-air-13-inch-m4-24gb-256gb;DEBUG_OOS_MacBook Air 13 inch M4 24GB/256GB_Bạc_115754.png
MacBook Air 13 inch M4 32GB/256GB;Xanh đen;No;1600000;36290000;2026-04-11;Khuyến mãi  trị giá 500.000₫                     Giá và khuyến mãi dự kiến áp dụng đến 23:59 | 30/04                                                                         1                                          Chọn 1 trong các khuyến mãi:                                                      Giảm giá 1,300,000đ                                                                               Tặng phiếu mua hàng Phụ Kiện, Smartwatch, đồng hồ thời trang (trừ Apple, Beats) trị giá 1,600,000đ                                                                                     2                                              Phiếu mua hàng Chuột, Bàn phím (Apple) trị giá 500,000đ                                                            3                                              Tặng Phiếu mua hàng trị giá 300.000đ Áp dụng mua Máy in                                                            4                                              Tặng Phiếu mua hàng Màn hình máy tính trị giá 300.000đ                                                            5                                              Tặng Phiếu mua hàng Đồng hồ Định vị trẻ em trị giá 100.000đ                                                            6                                              Tặng Phiếu mua hàng Máy lạnh (sản phẩm trên 10tr) trị giá 300.000đ                                                            7                                              Thu cũ đổi mới: Giảm thêm 300,000đ (Không kèm ưu đãi thanh toán qua cổng, mua kèm) (click xem chi tiết).                                                            8                                              NHẬN HOÀN NGAY ĐẾN 800.000đ khi mở thẻ tín dụng VPBANK MWG  (Xem chi tiết tại đây);;https://www.thegioididong.com/laptop/macbook-air-13-inch-m4-32gb-256gb;DEBUG_OOS_MacBook Air 13 inch M4 32GB/256GB_Xanh đen_115755.png
iPhone Air 1TB;Xanh da trời;Yes;44990000;35590000;2026-04-11;Khuyến mãi              Giá và khuyến mãi có thể kết thúc sớm hơn dự kiến                                                                         1                                          Chọn 1 trong các khuyến mãi:                                                      Giảm giá 9,000,000đ (đã giảm vào giá sản phẩm)                                                                               Tặng phiếu mua hàng Phụ Kiện, Smartwatch, đồng hồ thời trang (trừ Apple, Beats) trị giá 9,800,000đ                                                                                     2                                              Phiếu mua hàng Apple Watch trị giá 500,000đ                                                            3                                              Tặng phiếu mua hàng Macbook (trừ Macbook Air M5 và Macbook Neo) trị giá 1,000,000đ                                                            4                                              Phiếu mua hàng Airpods trị giá 500.000đ                                                            5                                              Tặng Phiếu mua hàng mua Smartwatch (trừ Apple, giá trên 5.000.000đ) trị giá 500.000đ                                                            6                                              Tặng Phiếu mua hàng Máy lạnh (sản phẩm trên 10tr) trị giá 300.000đ                                                            7                                              NHẬN HOÀN NGAY ĐẾN 800.000đ khi mở thẻ tín dụng VPBANK MWG  (Xem chi tiết tại đây);;https://www.thegioididong.com/dtdd/iphone-air;Skipped
MacBook Air 15 inch M4 16GB/256GB;Vàng;No;0;31390000;2026-04-11;Khuyến mãi  trị giá 500.000₫                     Giá và khuyến mãi dự kiến áp dụng đến 23:59 | 30/04                                                                         1                                          Chọn 1 trong các khuyến mãi:                                                      Giảm giá 1,400,000đ                                                                               Tặng phiếu mua hàng Phụ Kiện, Smartwatch, đồng hồ thời trang (trừ Apple, Beats) trị giá 1,700,000đ                                                                                     2                                              Phiếu mua hàng Chuột, Bàn phím (Apple) trị giá 500,000đ                                                            3                                              Tặng Phiếu mua hàng trị giá 300.000đ Áp dụng mua Máy in                                                            4                                              Tặng Phiếu mua hàng Màn hình máy tính trị giá 300.000đ                                                            5                                              Tặng Phiếu mua hàng Đồng hồ Định vị trẻ em trị giá 100.000đ                                                            6                                              Tặng Phiếu mua hàng Máy lạnh (sản phẩm trên 10tr) trị giá 300.000đ                                                            7                                              Thu cũ đổi mới: Giảm thêm 300,000đ (Không kèm ưu đãi thanh toán qua cổng, mua kèm) (click xem chi tiết).                                                            8                                              NHẬN HOÀN NGAY ĐẾN 800.000đ khi mở thẻ tín dụng VPBANK MWG  (Xem chi tiết tại đây);;https://www.thegioididong.com/laptop/macbook-air-15-inch-m4-16gb-256gb;DEBUG_OOS_MacBook Air 15 inch M4 16GB/256GB_Vàng_115756.png
MacBook Air 13 inch M4 32GB/256GB;Vàng;No;1600000;36290000;2026-04-11;Khuyến mãi  trị giá 500.000₫                     Giá và khuyến mãi dự kiến áp dụng đến 23:59 | 30/04                                                                         1                                          Chọn 1 trong các khuyến mãi:                                                      Giảm giá 1,300,000đ                                                                               Tặng phiếu mua hàng Phụ Kiện, Smartwatch, đồng hồ thời trang (trừ Apple, Beats) trị giá 1,600,000đ                                                                                     2                                              Phiếu mua hàng Chuột, Bàn phím (Apple) trị giá 500,000đ                                                            3                                              Tặng Phiếu mua hàng trị giá 300.000đ Áp dụng mua Máy in                                                            4                                              Tặng Phiếu mua hàng Màn hình máy tính trị giá 300.000đ                                                            5                                              Tặng Phiếu mua hàng Đồng hồ Định vị trẻ em trị giá 100.000đ                                                            6                                              Tặng Phiếu mua hàng Máy lạnh (sản phẩm trên 10tr) trị giá 300.000đ                                                            7                                              Thu cũ đổi mới: Giảm thêm 300,000đ (Không kèm ưu đãi thanh toán qua cổng, mua kèm) (click xem chi tiết).                                                            8                                              NHẬN HOÀN NGAY ĐẾN 800.000đ khi mở thẻ tín dụng VPBANK MWG  (Xem chi tiết tại đây);;https://www.thegioididong.com/laptop/macbook-air-13-inch-m4-32gb-256gb;DEBUG_OOS_MacBook Air 13 inch M4 32GB/256GB_Vàng_115758.png
iPhone Air 1TB;Trắng Mây;No;500000;44990000;2026-04-11;Khuyến mãi                      Giá và khuyến mãi dự kiến áp dụng đến 23:59 | 30/04                                                                         1                                          Chọn 1 trong các khuyến mãi:                                                      Giảm giá 9,000,000đ                                                                               Tặng phiếu mua hàng Phụ Kiện, Smartwatch, đồng hồ thời trang (trừ Apple, Beats) trị giá 9,800,000đ                                                                                     2                                              Phiếu mua hàng Apple Watch trị giá 500,000đ                                                            3                                              Tặng phiếu mua hàng Macbook (trừ Macbook Air M5 và Macbook Neo) trị giá 1,000,000đ                                                            4                                              Phiếu mua hàng Airpods trị giá 500.000đ                                                            5                                              Tặng Phiếu mua hàng mua Smartwatch (trừ Apple, giá trên 5.000.000đ) trị giá 500.000đ                                                            6                                              Tặng Phiếu mua hàng Máy lạnh (sản phẩm trên 10tr) trị giá 300.000đ                                                            7                                              Thu cũ đổi mới: Giảm đến 2,000,000đ (Không kèm ưu đãi thanh toán qua cổng, mua kèm)  Xem chi tiết                                                            8                                              NHẬN HOÀN NGAY ĐẾN 800.000đ khi mở thẻ tín dụng VPBANK MWG  (Xem chi tiết tại đây);;https://www.thegioididong.com/dtdd/iphone-air;DEBUG_OOS_iPhone Air 1TB_Trắng Mây_115759.png
MacBook Air 13 inch M2 16GB/256GB (Z15Y00051);Vàng;No;0;0;2026-04-11;;;https://www.thegioididong.com/laptop/apple-macbook-air-m2-2022-16gb-256gb;DEBUG_OOS_MacBook Air 13 inch M2 16GB/256GB (Z15Y00051)_Vàng_115801.png
MacBook Air 13 inch M4 24GB/256GB;Vàng;No;0;0;2026-04-11;;;https://www.thegioididong.com/laptop/macbook-air-13-inch-m4-24gb-256gb;DEBUG_OOS_MacBook Air 13 inch M4 24GB/256GB_Vàng_115801.png
MacBook Air 13 inch M4 32GB/256GB;Xanh da trời nhạt;No;1600000;36290000;2026-04-11;Khuyến mãi  trị giá 500.000₫                     Giá và khuyến mãi dự kiến áp dụng đến 23:59 | 30/04                                                                         1                                          Chọn 1 trong các khuyến mãi:                                                      Giảm giá 1,300,000đ                                                                               Tặng phiếu mua hàng Phụ Kiện, Smartwatch, đồng hồ thời trang (trừ Apple, Beats) trị giá 1,600,000đ                                                                                     2                                              Phiếu mua hàng Chuột, Bàn phím (Apple) trị giá 500,000đ                                                            3                                              Tặng Phiếu mua hàng trị giá 300.000đ Áp dụng mua Máy in                                                            4                                              Tặng Phiếu mua hàng Màn hình máy tính trị giá 300.000đ                                                            5                                              Tặng Phiếu mua hàng Đồng hồ Định vị trẻ em trị giá 100.000đ                                                            6                                              Tặng Phiếu mua hàng Máy lạnh (sản phẩm trên 10tr) trị giá 300.000đ                                                            7                                              Thu cũ đổi mới: Giảm thêm 300,000đ (Không kèm ưu đãi thanh toán qua cổng, mua kèm) (click xem chi tiết).                                                            8                                              NHẬN HOÀN NGAY ĐẾN 800.000đ khi mở thẻ tín dụng VPBANK MWG  (Xem chi tiết tại đây);;https://www.thegioididong.com/laptop/macbook-air-13-inch-m4-32gb-256gb;DEBUG_OOS_MacBook Air 13 inch M4 32GB/256GB_Xanh da trời nhạt_115801.png
iPhone Air 1TB;Đen Không Gian;No;500000;44990000;2026-04-11;Khuyến mãi                      Giá và khuyến mãi dự kiến áp dụng đến 23:59 | 30/04                                                                         1                                          Chọn 1 trong các khuyến mãi:                                                      Giảm giá 9,000,000đ                                                                               Tặng phiếu mua hàng Phụ Kiện, Smartwatch, đồng hồ thời trang (trừ Apple, Beats) trị giá 9,800,000đ                                                                                     2                                              Phiếu mua hàng Apple Watch trị giá 500,000đ                                                            3                                              Tặng phiếu mua hàng Macbook (trừ Macbook Air M5 và Macbook Neo) trị giá 1,000,000đ                                                            4                                              Phiếu mua hàng Airpods trị giá 500.000đ                                                            5                                              Tặng Phiếu mua hàng mua Smartwatch (trừ Apple, giá trên 5.000.000đ) trị giá 500.000đ                                                            6                                              Tặng Phiếu mua hàng Máy lạnh (sản phẩm trên 10tr) trị giá 300.000đ                                                            7                                              Thu cũ đổi mới: Giảm đến 2,000,000đ (Không kèm ưu đãi thanh toán qua cổng, mua kèm)  Xem chi tiết                                                            8                                              NHẬN HOÀN NGAY ĐẾN 800.000đ khi mở thẻ tín dụng VPBANK MWG  (Xem chi tiết tại đây);;https://www.thegioididong.com/dtdd/iphone-air;DEBUG_OOS_iPhone Air 1TB_Đen Không Gian_115802.png
MacBook Air 15 inch M4 16GB/256GB;Bạc;Yes;0;31390000;2026-04-11;Khuyến mãi  trị giá 500.000₫                     Giá và khuyến mãi dự kiến áp dụng đến 23:59 | 30/04                                                                         1                                          Chọn 1 trong các khuyến mãi:                                                      Giảm giá 1,400,000đ (đã giảm vào giá sản phẩm)                                                                               Tặng phiếu mua hàng Phụ Kiện, Smartwatch, đồng hồ thời trang (trừ Apple, Beats) trị giá 1,700,000đ                                                                                     2                                              Phiếu mua hàng Chuột, Bàn phím (Apple) trị giá 500,000đ                                                            3                                              Tặng Phiếu mua hàng trị giá 300.000đ Áp dụng mua Máy in                                                            4                                              Tặng Phiếu mua hàng Màn hình máy tính trị giá 300.000đ                                                            5                                              Tặng Phiếu mua hàng Đồng hồ Định vị trẻ em trị giá 100.000đ                                                            6                                              Tặng Phiếu mua hàng Máy lạnh (sản phẩm trên 10tr) trị giá 300.000đ                                                            7                                              Thu cũ đổi mới: Giảm thêm 300,000đ (Không kèm ưu đãi thanh toán qua cổng, mua kèm) (click xem chi tiết).                                                            8                                              NHẬN HOÀN NGAY ĐẾN 800.000đ khi mở thẻ tín dụng VPBANK MWG  (Xem chi tiết tại đây);;https://www.thegioididong.com/laptop/macbook-air-15-inch-m4-16gb-256gb;Skipped
MacBook Air 13 inch M2 16GB/256GB;Vàng đồng;No;1600000;24490000;2026-04-11;Khuyến mãi  trị giá 500.000₫                     Giá và khuyến mãi dự kiến áp dụng đến 23:59 | 30/04                                                                         1                                          Chọn 1 trong các khuyến mãi:                                                      Giảm giá 2,200,000đ                                                                               Tặng phiếu mua hàng Phụ Kiện, Smartwatch, đồng hồ thời trang (trừ Apple, Beats) trị giá 2,700,000đ                                                                                     2                                              Phiếu mua hàng Chuột, Bàn phím (Apple) trị giá 500,000đ                                                            3                                              Tặng Phiếu mua hàng trị giá 300.000đ Áp dụng mua Máy in                                                            4                                              Tặng Phiếu mua hàng Màn hình máy tính trị giá 300.000đ                                                            5                                              Tặng Phiếu mua hàng Đồng hồ Định vị trẻ em trị giá 100.000đ                                                            6                                              Tặng Phiếu mua hàng Máy lạnh (sản phẩm trên 10tr) trị giá 300.000đ                                                            7                                              Thu cũ đổi mới: Giảm thêm 300,000đ (Không kèm ưu đãi thanh toán qua cổng, mua kèm) (click xem chi tiết).                                                            8                                              NHẬN HOÀN NGAY ĐẾN 800.000đ khi mở thẻ tín dụng VPBANK MWG  (Xem chi tiết tại đây);;https://www.thegioididong.com/laptop/apple-macbook-air-m2-2022-16gb-256gb;DEBUG_OOS_MacBook Air 13 inch M2 16GB/256GB_Vàng đồng_115804.png
iPhone Air 1TB;Vàng Nhạt;Yes;44990000;35590000;2026-04-11;Khuyến mãi              Giá và khuyến mãi có thể kết thúc sớm hơn dự kiến                                                                         1                                          Chọn 1 trong các khuyến mãi:                                                      Giảm giá 9,000,000đ (đã giảm vào giá sản phẩm)                                                                               Tặng phiếu mua hàng Phụ Kiện, Smartwatch, đồng hồ thời trang (trừ Apple, Beats) trị giá 9,800,000đ                                                                                     2                                              Phiếu mua hàng Apple Watch trị giá 500,000đ                                                            3                                              Tặng phiếu mua hàng Macbook (trừ Macbook Air M5 và Macbook Neo) trị giá 1,000,000đ                                                            4                                              Phiếu mua hàng Airpods trị giá 500.000đ                                                            5                                              Tặng Phiếu mua hàng mua Smartwatch (trừ Apple, giá trên 5.000.000đ) trị giá 500.000đ                                                            6                                              Tặng Phiếu mua hàng Máy lạnh (sản phẩm trên 10tr) trị giá 300.000đ                                                            7                                              NHẬN HOÀN NGAY ĐẾN 800.000đ khi mở thẻ tín dụng VPBANK MWG  (Xem chi tiết tại đây);;https://www.thegioididong.com/dtdd/iphone-air;Skipped
MacBook Air 13 inch M4 32GB/256GB;Bạc;No;1600000;36290000;2026-04-11;Khuyến mãi  trị giá 500.000₫                     Giá và khuyến mãi dự kiến áp dụng đến 23:59 | 30/04                                                                         1                                          Chọn 1 trong các khuyến mãi:                                                      Giảm giá 1,300,000đ                                                                               Tặng phiếu mua hàng Phụ Kiện, Smartwatch, đồng hồ thời trang (trừ Apple, Beats) trị giá 1,600,000đ                                                                                     2                                              Phiếu mua hàng Chuột, Bàn phím (Apple) trị giá 500,000đ                                                            3                                              Tặng Phiếu mua hàng trị giá 300.000đ Áp dụng mua Máy in                                                            4                                              Tặng Phiếu mua hàng Màn hình máy tính trị giá 300.000đ                                                            5                                              Tặng Phiếu mua hàng Đồng hồ Định vị trẻ em trị giá 100.000đ                                                            6                                              Tặng Phiếu mua hàng Máy lạnh (sản phẩm trên 10tr) trị giá 300.000đ                                                            7                                              Thu cũ đổi mới: Giảm thêm 300,000đ (Không kèm ưu đãi thanh toán qua cổng, mua kèm) (click xem chi tiết).                                                            8                                              NHẬN HOÀN NGAY ĐẾN 800.000đ khi mở thẻ tín dụng VPBANK MWG  (Xem chi tiết tại đây);;https://www.thegioididong.com/laptop/macbook-air-13-inch-m4-32gb-256gb;DEBUG_OOS_MacBook Air 13 inch M4 32GB/256GB_Bạc_115807.png
MacBook Air 13 inch M4 24GB/256GB;Xanh đen;No;0;0;2026-04-11;;;https://www.thegioididong.com/laptop/macbook-air-13-inch-m4-24gb-256gb;DEBUG_OOS_MacBook Air 13 inch M4 24GB/256GB_Xanh đen_115807.png
MacBook Air 13 inch M2 16GB/256GB;Xanh đen;No;1600000;24490000;2026-04-11;Khuyến mãi  trị giá 500.000₫                     Giá và khuyến mãi dự kiến áp dụng đến 23:59 | 30/04                                                                         1                                          Chọn 1 trong các khuyến mãi:                                                      Giảm giá 2,200,000đ                                                                               Tặng phiếu mua hàng Phụ Kiện, Smartwatch, đồng hồ thời trang (trừ Apple, Beats) trị giá 2,700,000đ                                                                                     2                                              Phiếu mua hàng Chuột, Bàn phím (Apple) trị giá 500,000đ                                                            3                                              Tặng Phiếu mua hàng trị giá 300.000đ Áp dụng mua Máy in                                                            4                                              Tặng Phiếu mua hàng Màn hình máy tính trị giá 300.000đ                                                            5                                              Tặng Phiếu mua hàng Đồng hồ Định vị trẻ em trị giá 100.000đ                                                            6                                              Tặng Phiếu mua hàng Máy lạnh (sản phẩm trên 10tr) trị giá 300.000đ                                                            7                                              Thu cũ đổi mới: Giảm thêm 300,000đ (Không kèm ưu đãi thanh toán qua cổng, mua kèm) (click xem chi tiết).                                                            8                                              NHẬN HOÀN NGAY ĐẾN 800.000đ khi mở thẻ tín dụng VPBANK MWG  (Xem chi tiết tại đây);;https://www.thegioididong.com/laptop/apple-macbook-air-m2-2022-16gb-256gb;DEBUG_OOS_MacBook Air 13 inch M2 16GB/256GB_Xanh đen_115808.png
MacBook Air 15 inch M4 16GB/256GB;Xanh da trời nhạt;No;0;31390000;2026-04-11;Khuyến mãi  trị giá 500.000₫                     Giá và khuyến mãi dự kiến áp dụng đến 23:59 | 30/04                                                                         1                                          Chọn 1 trong các khuyến mãi:                                                      Giảm giá 1,400,000đ                                                                               Tặng phiếu mua hàng Phụ Kiện, Smartwatch, đồng hồ thời trang (trừ Apple, Beats) trị giá 1,700,000đ                                                                                     2                                              Phiếu mua hàng Chuột, Bàn phím (Apple) trị giá 500,000đ                                                            3                                              Tặng Phiếu mua hàng trị giá 300.000đ Áp dụng mua Máy in                                                            4                                              Tặng Phiếu mua hàng Màn hình máy tính trị giá 300.000đ                                                            5                                              Tặng Phiếu mua hàng Đồng hồ Định vị trẻ em trị giá 100.000đ                                                            6                                              Tặng Phiếu mua hàng Máy lạnh (sản phẩm trên 10tr) trị giá 300.000đ                                                            7                                              Thu cũ đổi mới: Giảm thêm 300,000đ (Không kèm ưu đãi thanh toán qua cổng, mua kèm) (click xem chi tiết).                                                            8                                              NHẬN HOÀN NGAY ĐẾN 800.000đ khi mở thẻ tín dụng VPBANK MWG  (Xem chi tiết tại đây);;https://www.thegioididong.com/laptop/macbook-air-15-inch-m4-16gb-256gb;DEBUG_OOS_MacBook Air 15 inch M4 16GB/256GB_Xanh da trời nhạt_115809.png
MacBook Air 13 inch M4 32GB/256GB;Xanh đen;No;1600000;36290000;2026-04-11;Khuyến mãi  trị giá 500.000₫                     Giá và khuyến mãi dự kiến áp dụng đến 23:59 | 30/04                                                                         1                                          Chọn 1 trong các khuyến mãi:                                                      Giảm giá 1,300,000đ                                                                               Tặng phiếu mua hàng Phụ Kiện, Smartwatch, đồng hồ thời trang (trừ Apple, Beats) trị giá 1,600,000đ                                                                                     2                                              Phiếu mua hàng Chuột, Bàn phím (Apple) trị giá 500,000đ                                                            3                                              Tặng Phiếu mua hàng trị giá 300.000đ Áp dụng mua Máy in                                                            4                                              Tặng Phiếu mua hàng Màn hình máy tính trị giá 300.000đ                                                            5                                              Tặng Phiếu mua hàng Đồng hồ Định vị trẻ em trị giá 100.000đ                                                            6                                              Tặng Phiếu mua hàng Máy lạnh (sản phẩm trên 10tr) trị giá 300.000đ                                                            7                                              Thu cũ đổi mới: Giảm thêm 300,000đ (Không kèm ưu đãi thanh toán qua cổng, mua kèm) (click xem chi tiết).                                                            8                                              NHẬN HOÀN NGAY ĐẾN 800.000đ khi mở thẻ tín dụng VPBANK MWG  (Xem chi tiết tại đây);;https://www.thegioididong.com/laptop/macbook-air-13-inch-m4-32gb-256gb;DEBUG_OOS_MacBook Air 13 inch M4 32GB/256GB_Xanh đen_115810.png
iPhone Air 1TB;Xanh da trời;Yes;44990000;35590000;2026-04-11;Khuyến mãi              Giá và khuyến mãi có thể kết thúc sớm hơn dự kiến                                                                         1                                          Chọn 1 trong các khuyến mãi:                                                      Giảm giá 9,000,000đ (đã giảm vào giá sản phẩm)                                                                               Tặng phiếu mua hàng Phụ Kiện, Smartwatch, đồng hồ thời trang (trừ Apple, Beats) trị giá 9,800,000đ                                                                                     2                                              Phiếu mua hàng Apple Watch trị giá 500,000đ                                                            3                                              Tặng phiếu mua hàng Macbook (trừ Macbook Air M5 và Macbook Neo) trị giá 1,000,000đ                                                            4                                              Phiếu mua hàng Airpods trị giá 500.000đ                                                            5                                              Tặng Phiếu mua hàng mua Smartwatch (trừ Apple, giá trên 5.000.000đ) trị giá 500.000đ                                                            6                                              Tặng Phiếu mua hàng Máy lạnh (sản phẩm trên 10tr) trị giá 300.000đ                                                            7                                              NHẬN HOÀN NGAY ĐẾN 800.000đ khi mở thẻ tín dụng VPBANK MWG  (Xem chi tiết tại đây);;https://www.thegioididong.com/dtdd/iphone-air;Skipped
MacBook Air 15 inch M4 16GB/256GB;Xanh đen;No;0;31390000;2026-04-11;Khuyến mãi  trị giá 500.000₫                     Giá và khuyến mãi dự kiến áp dụng đến 23:59 | 30/04                                                                         1                                          Chọn 1 trong các khuyến mãi:                                                      Giảm giá 1,400,000đ                                                                               Tặng phiếu mua hàng Phụ Kiện, Smartwatch, đồng hồ thời trang (trừ Apple, Beats) trị giá 1,700,000đ                                                                                     2                                              Phiếu mua hàng Chuột, Bàn phím (Apple) trị giá 500,000đ                                                            3                                              Tặng Phiếu mua hàng trị giá 300.000đ Áp dụng mua Máy in                                                            4                                              Tặng Phiếu mua hàng Màn hình máy tính trị giá 300.000đ                                                            5                                              Tặng Phiếu mua hàng Đồng hồ Định vị trẻ em trị giá 100.000đ                                                            6                                              Tặng Phiếu mua hàng Máy lạnh (sản phẩm trên 10tr) trị giá 300.000đ                                                            7                                              Thu cũ đổi mới: Giảm thêm 300,000đ (Không kèm ưu đãi thanh toán qua cổng, mua kèm) (click xem chi tiết).                                                            8                                              NHẬN HOÀN NGAY ĐẾN 800.000đ khi mở thẻ tín dụng VPBANK MWG  (Xem chi tiết tại đây);;https://www.thegioididong.com/laptop/macbook-air-15-inch-m4-16gb-256gb;DEBUG_OOS_MacBook Air 15 inch M4 16GB/256GB_Xanh đen_115812.png
MacBook Air 13 inch M4 24GB/256GB;Xanh da trời nhạt;No;0;0;2026-04-11;;;https://www.thegioididong.com/laptop/macbook-air-13-inch-m4-24gb-256gb;DEBUG_OOS_MacBook Air 13 inch M4 24GB/256GB_Xanh da trời nhạt_115814.png
MacBook Air 13 inch M4 32GB/256GB;Vàng;No;1600000;36290000;2026-04-11;Khuyến mãi  trị giá 500.000₫                     Giá và khuyến mãi dự kiến áp dụng đến 23:59 | 30/04                                                                         1                                          Chọn 1 trong các khuyến mãi:                                                      Giảm giá 1,300,000đ                                                                               Tặng phiếu mua hàng Phụ Kiện, Smartwatch, đồng hồ thời trang (trừ Apple, Beats) trị giá 1,600,000đ                                                                                     2                                              Phiếu mua hàng Chuột, Bàn phím (Apple) trị giá 500,000đ                                                            3                                              Tặng Phiếu mua hàng trị giá 300.000đ Áp dụng mua Máy in                                                            4                                              Tặng Phiếu mua hàng Màn hình máy tính trị giá 300.000đ                                                            5                                              Tặng Phiếu mua hàng Đồng hồ Định vị trẻ em trị giá 100.000đ                                                            6                                              Tặng Phiếu mua hàng Máy lạnh (sản phẩm trên 10tr) trị giá 300.000đ                                                            7                                              Thu cũ đổi mới: Giảm thêm 300,000đ (Không kèm ưu đãi thanh toán qua cổng, mua kèm) (click xem chi tiết).                                                            8                                              NHẬN HOÀN NGAY ĐẾN 800.000đ khi mở thẻ tín dụng VPBANK MWG  (Xem chi tiết tại đây);;https://www.thegioididong.com/laptop/macbook-air-13-inch-m4-32gb-256gb;DEBUG_OOS_MacBook Air 13 inch M4 32GB/256GB_Vàng_115814.png
iPhone Air 1TB;Trắng Mây;No;500000;44990000;2026-04-11;Khuyến mãi                      Giá và khuyến mãi dự kiến áp dụng đến 23:59 | 30/04                                                                         1                                          Chọn 1 trong các khuyến mãi:                                                      Giảm giá 9,000,000đ                                                                               Tặng phiếu mua hàng Phụ Kiện, Smartwatch, đồng hồ thời trang (trừ Apple, Beats) trị giá 9,800,000đ                                                                                     2                                              Phiếu mua hàng Apple Watch trị giá 500,000đ                                                            3                                              Tặng phiếu mua hàng Macbook (trừ Macbook Air M5 và Macbook Neo) trị giá 1,000,000đ                                                            4                                              Phiếu mua hàng Airpods trị giá 500.000đ                                                            5                                              Tặng Phiếu mua hàng mua Smartwatch (trừ Apple, giá trên 5.000.000đ) trị giá 500.000đ                                                            6                                              Tặng Phiếu mua hàng Máy lạnh (sản phẩm trên 10tr) trị giá 300.000đ                                                            7                                              Thu cũ đổi mới: Giảm đến 2,000,000đ (Không kèm ưu đãi thanh toán qua cổng, mua kèm)  Xem chi tiết                                                            8                                              NHẬN HOÀN NGAY ĐẾN 800.000đ khi mở thẻ tín dụng VPBANK MWG  (Xem chi tiết tại đây);;https://www.thegioididong.com/dtdd/iphone-air;DEBUG_OOS_iPhone Air 1TB_Trắng Mây_115814.png
MacBook Air 15 inch M4 16GB/256GB;Vàng;No;0;31390000;2026-04-11;Khuyến mãi  trị giá 500.000₫                     Giá và khuyến mãi dự kiến áp dụng đến 23:59 | 30/04                                                                         1                                          Chọn 1 trong các khuyến mãi:                                                      Giảm giá 1,400,000đ                                                                               Tặng phiếu mua hàng Phụ Kiện, Smartwatch, đồng hồ thời trang (trừ Apple, Beats) trị giá 1,700,000đ                                                                                     2                                              Phiếu mua hàng Chuột, Bàn phím (Apple) trị giá 500,000đ                                                            3                                              Tặng Phiếu mua hàng trị giá 300.000đ Áp dụng mua Máy in                                                            4                                              Tặng Phiếu mua hàng Màn hình máy tính trị giá 300.000đ                                                            5                                              Tặng Phiếu mua hàng Đồng hồ Định vị trẻ em trị giá 100.000đ                                                            6                                              Tặng Phiếu mua hàng Máy lạnh (sản phẩm trên 10tr) trị giá 300.000đ                                                            7                                              Thu cũ đổi mới: Giảm thêm 300,000đ (Không kèm ưu đãi thanh toán qua cổng, mua kèm) (click xem chi tiết).                                                            8                                              NHẬN HOÀN NGAY ĐẾN 800.000đ khi mở thẻ tín dụng VPBANK MWG  (Xem chi tiết tại đây);;https://www.thegioididong.com/laptop/macbook-air-15-inch-m4-16gb-256gb;DEBUG_OOS_MacBook Air 15 inch M4 16GB/256GB_Vàng_115815.png
MacBook Air 13 inch M4 32GB/256GB;Xanh da trời nhạt;No;1600000;36290000;2026-04-11;Khuyến mãi  trị giá 500.000₫                     Giá và khuyến mãi dự kiến áp dụng đến 23:59 | 30/04                                                                         1                                          Chọn 1 trong các khuyến mãi:                                                      Giảm giá 1,300,000đ                                                                               Tặng phiếu mua hàng Phụ Kiện, Smartwatch, đồng hồ thời trang (trừ Apple, Beats) trị giá 1,600,000đ                                                                                     2                                              Phiếu mua hàng Chuột, Bàn phím (Apple) trị giá 500,000đ                                                            3                                              Tặng Phiếu mua hàng trị giá 300.000đ Áp dụng mua Máy in                                                            4                                              Tặng Phiếu mua hàng Màn hình máy tính trị giá 300.000đ                                                            5                                              Tặng Phiếu mua hàng Đồng hồ Định vị trẻ em trị giá 100.000đ                                                            6                                              Tặng Phiếu mua hàng Máy lạnh (sản phẩm trên 10tr) trị giá 300.000đ                                                            7                                              Thu cũ đổi mới: Giảm thêm 300,000đ (Không kèm ưu đãi thanh toán qua cổng, mua kèm) (click xem chi tiết).                                                            8                                              NHẬN HOÀN NGAY ĐẾN 800.000đ khi mở thẻ tín dụng VPBANK MWG  (Xem chi tiết tại đây);;https://www.thegioididong.com/laptop/macbook-air-13-inch-m4-32gb-256gb;DEBUG_OOS_MacBook Air 13 inch M4 32GB/256GB_Xanh da trời nhạt_115817.png
MacBook Air 15 inch M4 24GB/512GB;Bạc;No;1600000;41190000;2026-04-11;Khuyến mãi  trị giá 500.000₫                     Giá và khuyến mãi dự kiến áp dụng đến 23:59 | 30/04                                                                         1                                          Chọn 1 trong các khuyến mãi:                                                      Giảm giá 1,700,000đ                                                                               Tặng phiếu mua hàng Phụ Kiện, Smartwatch, đồng hồ thời trang (trừ Apple, Beats) trị giá 2,100,000đ                                                                                     2                                              Phiếu mua hàng Chuột, Bàn phím (Apple) trị giá 500,000đ                                                            3                                              Tặng Phiếu mua hàng trị giá 300.000đ Áp dụng mua Máy in                                                            4                                              Tặng Phiếu mua hàng Màn hình máy tính trị giá 300.000đ                                                            5                                              Tặng Phiếu mua hàng Đồng hồ Định vị trẻ em trị giá 100.000đ                                                            6                                              Tặng Phiếu mua hàng Máy lạnh (sản phẩm trên 10tr) trị giá 300.000đ                                                            7                                              Thu cũ đổi mới: Giảm thêm 300,000đ (Không kèm ưu đãi thanh toán qua cổng, mua kèm) (click xem chi tiết).                                                            8                                              NHẬN HOÀN NGAY ĐẾN 800.000đ khi mở thẻ tín dụng VPBANK MWG  (Xem chi tiết tại đây);;https://www.thegioididong.com/laptop/macbook-air-15-inch-m4-24gb-512gb;DEBUG_OOS_MacBook Air 15 inch M4 24GB/512GB_Bạc_115817.png
iPhone Air 1TB;Đen Không Gian;No;500000;44990000;2026-04-11;Khuyến mãi                      Giá và khuyến mãi dự kiến áp dụng đến 23:59 | 30/04                                                                         1                                          Chọn 1 trong các khuyến mãi:                                                      Giảm giá 9,000,000đ                                                                               Tặng phiếu mua hàng Phụ Kiện, Smartwatch, đồng hồ thời trang (trừ Apple, Beats) trị giá 9,800,000đ                                                                                     2                                              Phiếu mua hàng Apple Watch trị giá 500,000đ                                                            3                                              Tặng phiếu mua hàng Macbook (trừ Macbook Air M5 và Macbook Neo) trị giá 1,000,000đ                                                            4                                              Phiếu mua hàng Airpods trị giá 500.000đ                                                            5                                              Tặng Phiếu mua hàng mua Smartwatch (trừ Apple, giá trên 5.000.000đ) trị giá 500.000đ                                                            6                                              Tặng Phiếu mua hàng Máy lạnh (sản phẩm trên 10tr) trị giá 300.000đ                                                            7                                              Thu cũ đổi mới: Giảm đến 2,000,000đ (Không kèm ưu đãi thanh toán qua cổng, mua kèm)  Xem chi tiết                                                            8                                              NHẬN HOÀN NGAY ĐẾN 800.000đ khi mở thẻ tín dụng VPBANK MWG  (Xem chi tiết tại đây);;https://www.thegioididong.com/dtdd/iphone-air;DEBUG_OOS_iPhone Air 1TB_Đen Không Gian_115818.png
iPhone Air 1TB;Vàng Nhạt;Yes;44990000;35590000;2026-04-11;Khuyến mãi              Giá và khuyến mãi có thể kết thúc sớm hơn dự kiến                                                                         1                                          Chọn 1 trong các khuyến mãi:                                                      Giảm giá 9,000,000đ (đã giảm vào giá sản phẩm)                                                                               Tặng phiếu mua hàng Phụ Kiện, Smartwatch, đồng hồ thời trang (trừ Apple, Beats) trị giá 9,800,000đ                                                                                     2                                              Phiếu mua hàng Apple Watch trị giá 500,000đ                                                            3                                              Tặng phiếu mua hàng Macbook (trừ Macbook Air M5 và Macbook Neo) trị giá 1,000,000đ                                                            4                                              Phiếu mua hàng Airpods trị giá 500.000đ                                                            5                                              Tặng Phiếu mua hàng mua Smartwatch (trừ Apple, giá trên 5.000.000đ) trị giá 500.000đ                                                            6                                              Tặng Phiếu mua hàng Máy lạnh (sản phẩm trên 10tr) trị giá 300.000đ                                                            7                                              NHẬN HOÀN NGAY ĐẾN 800.000đ khi mở thẻ tín dụng VPBANK MWG  (Xem chi tiết tại đây);;https://www.thegioididong.com/dtdd/iphone-air;Skipped
MacBook Air 15 inch M4 24GB/512GB;Vàng;No;1600000;41190000;2026-04-11;Khuyến mãi  trị giá 500.000₫                     Giá và khuyến mãi dự kiến áp dụng đến 23:59 | 30/04                                                                         1                                          Chọn 1 trong các khuyến mãi:                                                      Giảm giá 1,700,000đ                                                                               Tặng phiếu mua hàng Phụ Kiện, Smartwatch, đồng hồ thời trang (trừ Apple, Beats) trị giá 2,100,000đ                                                                                     2                                              Phiếu mua hàng Chuột, Bàn phím (Apple) trị giá 500,000đ                                                            3                                              Tặng Phiếu mua hàng trị giá 300.000đ Áp dụng mua Máy in                                                            4                                              Tặng Phiếu mua hàng Màn hình máy tính trị giá 300.000đ                                                            5                                              Tặng Phiếu mua hàng Đồng hồ Định vị trẻ em trị giá 100.000đ                                                            6                                              Tặng Phiếu mua hàng Máy lạnh (sản phẩm trên 10tr) trị giá 300.000đ                                                            7                                              Thu cũ đổi mới: Giảm thêm 300,000đ (Không kèm ưu đãi thanh toán qua cổng, mua kèm) (click xem chi tiết).                                                            8                                              NHẬN HOÀN NGAY ĐẾN 800.000đ khi mở thẻ tín dụng VPBANK MWG  (Xem chi tiết tại đây);;https://www.thegioididong.com/laptop/macbook-air-15-inch-m4-24gb-512gb;DEBUG_OOS_MacBook Air 15 inch M4 24GB/512GB_Vàng_115822.png
MacBook Air 15 inch M4 16GB/256GB;Bạc;Yes;0;31390000;2026-04-11;Khuyến mãi  trị giá 500.000₫                     Giá và khuyến mãi dự kiến áp dụng đến 23:59 | 30/04                                                                         1                                          Chọn 1 trong các khuyến mãi:                                                      Giảm giá 1,400,000đ (đã giảm vào giá sản phẩm)                                                                               Tặng phiếu mua hàng Phụ Kiện, Smartwatch, đồng hồ thời trang (trừ Apple, Beats) trị giá 1,700,000đ                                                                                     2                                              Phiếu mua hàng Chuột, Bàn phím (Apple) trị giá 500,000đ                                                            3                                              Tặng Phiếu mua hàng trị giá 300.000đ Áp dụng mua Máy in                                                            4                                              Tặng Phiếu mua hàng Màn hình máy tính trị giá 300.000đ                                                            5                                              Tặng Phiếu mua hàng Đồng hồ Định vị trẻ em trị giá 100.000đ                                                            6                                              Tặng Phiếu mua hàng Máy lạnh (sản phẩm trên 10tr) trị giá 300.000đ                                                            7                                              Thu cũ đổi mới: Giảm thêm 300,000đ (Không kèm ưu đãi thanh toán qua cổng, mua kèm) (click xem chi tiết).                                                            8                                              NHẬN HOÀN NGAY ĐẾN 800.000đ khi mở thẻ tín dụng VPBANK MWG  (Xem chi tiết tại đây);;https://www.thegioididong.com/laptop/macbook-air-15-inch-m4-16gb-256gb;Skipped
MacBook Air 13 inch M4 24GB/256GB;Bạc;No;0;0;2026-04-11;;;https://www.thegioididong.com/laptop/macbook-air-13-inch-m4-24gb-256gb;DEBUG_OOS_MacBook Air 13 inch M4 24GB/256GB_Bạc_115822.png
MacBook Air 13 inch M4 32GB/256GB;Bạc;No;1600000;36290000;2026-04-11;Khuyến mãi  trị giá 500.000₫                     Giá và khuyến mãi dự kiến áp dụng đến 23:59 | 30/04                                                                         1                                          Chọn 1 trong các khuyến mãi:                                                      Giảm giá 1,300,000đ                                                                               Tặng phiếu mua hàng Phụ Kiện, Smartwatch, đồng hồ thời trang (trừ Apple, Beats) trị giá 1,600,000đ                                                                                     2                                              Phiếu mua hàng Chuột, Bàn phím (Apple) trị giá 500,000đ                                                            3                                              Tặng Phiếu mua hàng trị giá 300.000đ Áp dụng mua Máy in                                                            4                                              Tặng Phiếu mua hàng Màn hình máy tính trị giá 300.000đ                                                            5                                              Tặng Phiếu mua hàng Đồng hồ Định vị trẻ em trị giá 100.000đ                                                            6                                              Tặng Phiếu mua hàng Máy lạnh (sản phẩm trên 10tr) trị giá 300.000đ                                                            7                                              Thu cũ đổi mới: Giảm thêm 300,000đ (Không kèm ưu đãi thanh toán qua cổng, mua kèm) (click xem chi tiết).                                                            8                                              NHẬN HOÀN NGAY ĐẾN 800.000đ khi mở thẻ tín dụng VPBANK MWG  (Xem chi tiết tại đây);;https://www.thegioididong.com/laptop/macbook-air-13-inch-m4-32gb-256gb;DEBUG_OOS_MacBook Air 13 inch M4 32GB/256GB_Bạc_115823.png
MacBook Air 15 inch M4 24GB/512GB;Xanh đen;No;1600000;41190000;2026-04-11;Khuyến mãi  trị giá 500.000₫                     Giá và khuyến mãi dự kiến áp dụng đến 23:59 | 30/04                                                                         1                                          Chọn 1 trong các khuyến mãi:                                                      Giảm giá 1,700,000đ                                                                               Tặng phiếu mua hàng Phụ Kiện, Smartwatch, đồng hồ thời trang (trừ Apple, Beats) trị giá 2,100,000đ                                                                                     2                                              Phiếu mua hàng Chuột, Bàn phím (Apple) trị giá 500,000đ                                                            3                                              Tặng Phiếu mua hàng trị giá 300.000đ Áp dụng mua Máy in                                                            4                                              Tặng Phiếu mua hàng Màn hình máy tính trị giá 300.000đ                                                            5                                              Tặng Phiếu mua hàng Đồng hồ Định vị trẻ em trị giá 100.000đ                                                            6                                              Tặng Phiếu mua hàng Máy lạnh (sản phẩm trên 10tr) trị giá 300.000đ                                                            7                                              Thu cũ đổi mới: Giảm thêm 300,000đ (Không kèm ưu đãi thanh toán qua cổng, mua kèm) (click xem chi tiết).                                                            8                                              NHẬN HOÀN NGAY ĐẾN 800.000đ khi mở thẻ tín dụng VPBANK MWG  (Xem chi tiết tại đây);;https://www.thegioididong.com/laptop/macbook-air-15-inch-m4-24gb-512gb;DEBUG_OOS_MacBook Air 15 inch M4 24GB/512GB_Xanh đen_115826.png
MacBook Air 13 inch M4 32GB/256GB;Xanh đen;No;1600000;36290000;2026-04-11;Khuyến mãi  trị giá 500.000₫                     Giá và khuyến mãi dự kiến áp dụng đến 23:59 | 30/04                                                                         1                                          Chọn 1 trong các khuyến mãi:                                                      Giảm giá 1,300,000đ                                                                               Tặng phiếu mua hàng Phụ Kiện, Smartwatch, đồng hồ thời trang (trừ Apple, Beats) trị giá 1,600,000đ                                                                                     2                                              Phiếu mua hàng Chuột, Bàn phím (Apple) trị giá 500,000đ                                                            3                                              Tặng Phiếu mua hàng trị giá 300.000đ Áp dụng mua Máy in                                                            4                                              Tặng Phiếu mua hàng Màn hình máy tính trị giá 300.000đ                                                            5                                              Tặng Phiếu mua hàng Đồng hồ Định vị trẻ em trị giá 100.000đ                                                            6                                              Tặng Phiếu mua hàng Máy lạnh (sản phẩm trên 10tr) trị giá 300.000đ                                                            7                                              Thu cũ đổi mới: Giảm thêm 300,000đ (Không kèm ưu đãi thanh toán qua cổng, mua kèm) (click xem chi tiết).                                                            8                                              NHẬN HOÀN NGAY ĐẾN 800.000đ khi mở thẻ tín dụng VPBANK MWG  (Xem chi tiết tại đây);;https://www.thegioididong.com/laptop/macbook-air-13-inch-m4-32gb-256gb;DEBUG_OOS_MacBook Air 13 inch M4 32GB/256GB_Xanh đen_115827.png
MacBook Air 15 inch M4 16GB/256GB;Xanh da trời nhạt;No;0;31390000;2026-04-11;Khuyến mãi  trị giá 500.000₫                     Giá và khuyến mãi dự kiến áp dụng đến 23:59 | 30/04                                                                         1                                          Chọn 1 trong các khuyến mãi:                                                      Giảm giá 1,400,000đ                                                                               Tặng phiếu mua hàng Phụ Kiện, Smartwatch, đồng hồ thời trang (trừ Apple, Beats) trị giá 1,700,000đ                                                                                     2                                              Phiếu mua hàng Chuột, Bàn phím (Apple) trị giá 500,000đ                                                            3                                              Tặng Phiếu mua hàng trị giá 300.000đ Áp dụng mua Máy in                                                            4                                              Tặng Phiếu mua hàng Màn hình máy tính trị giá 300.000đ                                                            5                                              Tặng Phiếu mua hàng Đồng hồ Định vị trẻ em trị giá 100.000đ                                                            6                                              Tặng Phiếu mua hàng Máy lạnh (sản phẩm trên 10tr) trị giá 300.000đ                                                            7                                              Thu cũ đổi mới: Giảm thêm 300,000đ (Không kèm ưu đãi thanh toán qua cổng, mua kèm) (click xem chi tiết).                                                            8                                              NHẬN HOÀN NGAY ĐẾN 800.000đ khi mở thẻ tín dụng VPBANK MWG  (Xem chi tiết tại đây);;https://www.thegioididong.com/laptop/macbook-air-15-inch-m4-16gb-256gb;DEBUG_OOS_MacBook Air 15 inch M4 16GB/256GB_Xanh da trời nhạt_115827.png
MacBook Air 13 inch M4 24GB/256GB;Vàng;No;0;0;2026-04-11;;;https://www.thegioididong.com/laptop/macbook-air-13-inch-m4-24gb-256gb;DEBUG_OOS_MacBook Air 13 inch M4 24GB/256GB_Vàng_115828.png
MacBook Pro 14 inch M4 Pro 24GB/512GB;Đen;No;1600000;51990000;2026-04-11;Khuyến mãi  trị giá 500.000₫                     Giá và khuyến mãi dự kiến áp dụng đến 23:59 | 30/04                                                                         1                                          Chọn 1 trong các khuyến mãi:                                                      Giảm giá 2,000,000đ                                                                               Tặng phiếu mua hàng Phụ Kiện, Smartwatch, đồng hồ thời trang (trừ Apple, Beats) trị giá 2,500,000đ                                                                                     2                                              Phiếu mua hàng Chuột, Bàn phím (Apple) trị giá 500,000đ                                                            3                                              Tặng Phiếu mua hàng trị giá 300.000đ Áp dụng mua Máy in                                                            4                                              Tặng Phiếu mua hàng Màn hình máy tính trị giá 300.000đ                                                            5                                              Tặng Phiếu mua hàng Đồng hồ Định vị trẻ em trị giá 100.000đ                                                            6                                              Tặng Phiếu mua hàng Máy lạnh (sản phẩm trên 10tr) trị giá 300.000đ                                                            7                                              Thu cũ đổi mới: Giảm thêm 300,000đ (Không kèm ưu đãi thanh toán qua cổng, mua kèm) (click xem chi tiết).                                                            8                                              NHẬN HOÀN NGAY ĐẾN 800.000đ khi mở thẻ tín dụng VPBANK MWG  (Xem chi tiết tại đây);;https://www.thegioididong.com/laptop/macbook-pro-14-inch-m4-pro-24gb-512gb;DEBUG_OOS_MacBook Pro 14 inch M4 Pro 24GB/512GB_Đen_115828.png
MacBook Air 13 inch M4 32GB/256GB;Vàng;No;1600000;36290000;2026-04-11;Khuyến mãi  trị giá 500.000₫                     Giá và khuyến mãi dự kiến áp dụng đến 23:59 | 30/04                                                                         1                                          Chọn 1 trong các khuyến mãi:                                                      Giảm giá 1,300,000đ                                                                               Tặng phiếu mua hàng Phụ Kiện, Smartwatch, đồng hồ thời trang (trừ Apple, Beats) trị giá 1,600,000đ                                                                                     2                                              Phiếu mua hàng Chuột, Bàn phím (Apple) trị giá 500,000đ                                                            3                                              Tặng Phiếu mua hàng trị giá 300.000đ Áp dụng mua Máy in                                                            4                                              Tặng Phiếu mua hàng Màn hình máy tính trị giá 300.000đ                                                            5                                              Tặng Phiếu mua hàng Đồng hồ Định vị trẻ em trị giá 100.000đ                                                            6                                              Tặng Phiếu mua hàng Máy lạnh (sản phẩm trên 10tr) trị giá 300.000đ                                                            7                                              Thu cũ đổi mới: Giảm thêm 300,000đ (Không kèm ưu đãi thanh toán qua cổng, mua kèm) (click xem chi tiết).                                                            8                                              NHẬN HOÀN NGAY ĐẾN 800.000đ khi mở thẻ tín dụng VPBANK MWG  (Xem chi tiết tại đây);;https://www.thegioididong.com/laptop/macbook-air-13-inch-m4-32gb-256gb;DEBUG_OOS_MacBook Air 13 inch M4 32GB/256GB_Vàng_115830.png
MacBook Air 15 inch M4 16GB/256GB;Xanh đen;No;0;31390000;2026-04-11;Khuyến mãi  trị giá 500.000₫                     Giá và khuyến mãi dự kiến áp dụng đến 23:59 | 30/04                                                                         1                                          Chọn 1 trong các khuyến mãi:                                                      Giảm giá 1,400,000đ                                                                               Tặng phiếu mua hàng Phụ Kiện, Smartwatch, đồng hồ thời trang (trừ Apple, Beats) trị giá 1,700,000đ                                                                                     2                                              Phiếu mua hàng Chuột, Bàn phím (Apple) trị giá 500,000đ                                                            3                                              Tặng Phiếu mua hàng trị giá 300.000đ Áp dụng mua Máy in                                                            4                                              Tặng Phiếu mua hàng Màn hình máy tính trị giá 300.000đ                                                            5                                              Tặng Phiếu mua hàng Đồng hồ Định vị trẻ em trị giá 100.000đ                                                            6                                              Tặng Phiếu mua hàng Máy lạnh (sản phẩm trên 10tr) trị giá 300.000đ                                                            7                                              Thu cũ đổi mới: Giảm thêm 300,000đ (Không kèm ưu đãi thanh toán qua cổng, mua kèm) (click xem chi tiết).                                                            8                                              NHẬN HOÀN NGAY ĐẾN 800.000đ khi mở thẻ tín dụng VPBANK MWG  (Xem chi tiết tại đây);;https://www.thegioididong.com/laptop/macbook-air-15-inch-m4-16gb-256gb;DEBUG_OOS_MacBook Air 15 inch M4 16GB/256GB_Xanh đen_115830.png
MacBook Air 15 inch M4 24GB/512GB;Xanh da trời nhạt;No;1600000;41190000;2026-04-11;Khuyến mãi  trị giá 500.000₫                     Giá và khuyến mãi dự kiến áp dụng đến 23:59 | 30/04                                                                         1                                          Chọn 1 trong các khuyến mãi:                                                      Giảm giá 1,700,000đ                                                                               Tặng phiếu mua hàng Phụ Kiện, Smartwatch, đồng hồ thời trang (trừ Apple, Beats) trị giá 2,100,000đ                                                                                     2                                              Phiếu mua hàng Chuột, Bàn phím (Apple) trị giá 500,000đ                                                            3                                              Tặng Phiếu mua hàng trị giá 300.000đ Áp dụng mua Máy in                                                            4                                              Tặng Phiếu mua hàng Màn hình máy tính trị giá 300.000đ                                                            5                                              Tặng Phiếu mua hàng Đồng hồ Định vị trẻ em trị giá 100.000đ                                                            6                                              Tặng Phiếu mua hàng Máy lạnh (sản phẩm trên 10tr) trị giá 300.000đ                                                            7                                              Thu cũ đổi mới: Giảm thêm 300,000đ (Không kèm ưu đãi thanh toán qua cổng, mua kèm) (click xem chi tiết).                                                            8                                              NHẬN HOÀN NGAY ĐẾN 800.000đ khi mở thẻ tín dụng VPBANK MWG  (Xem chi tiết tại đây);;https://www.thegioididong.com/laptop/macbook-air-15-inch-m4-24gb-512gb;DEBUG_OOS_MacBook Air 15 inch M4 24GB/512GB_Xanh da trời nhạt_115831.png
MacBook Pro 14 inch M4 Pro 24GB/512GB;Bạc;No;1600000;51990000;2026-04-11;Khuyến mãi  trị giá 500.000₫                     Giá và khuyến mãi dự kiến áp dụng đến 23:59 | 30/04                                                                         1                                          Chọn 1 trong các khuyến mãi:                                                      Giảm giá 2,000,000đ                                                                               Tặng phiếu mua hàng Phụ Kiện, Smartwatch, đồng hồ thời trang (trừ Apple, Beats) trị giá 2,500,000đ                                                                                     2                                              Phiếu mua hàng Chuột, Bàn phím (Apple) trị giá 500,000đ                                                            3                                              Tặng Phiếu mua hàng trị giá 300.000đ Áp dụng mua Máy in                                                            4                                              Tặng Phiếu mua hàng Màn hình máy tính trị giá 300.000đ                                                            5                                              Tặng Phiếu mua hàng Đồng hồ Định vị trẻ em trị giá 100.000đ                                                            6                                              Tặng Phiếu mua hàng Máy lạnh (sản phẩm trên 10tr) trị giá 300.000đ                                                            7                                              Thu cũ đổi mới: Giảm thêm 300,000đ (Không kèm ưu đãi thanh toán qua cổng, mua kèm) (click xem chi tiết).                                                            8                                              NHẬN HOÀN NGAY ĐẾN 800.000đ khi mở thẻ tín dụng VPBANK MWG  (Xem chi tiết tại đây);;https://www.thegioididong.com/laptop/macbook-pro-14-inch-m4-pro-24gb-512gb;DEBUG_OOS_MacBook Pro 14 inch M4 Pro 24GB/512GB_Bạc_115833.png
MacBook Air 13 inch M4 32GB/256GB;Xanh da trời nhạt;No;1600000;36290000;2026-04-11;Khuyến mãi  trị giá 500.000₫                     Giá và khuyến mãi dự kiến áp dụng đến 23:59 | 30/04                                                                         1                                          Chọn 1 trong các khuyến mãi:                                                      Giảm giá 1,300,000đ                                                                               Tặng phiếu mua hàng Phụ Kiện, Smartwatch, đồng hồ thời trang (trừ Apple, Beats) trị giá 1,600,000đ                                                                                     2                                              Phiếu mua hàng Chuột, Bàn phím (Apple) trị giá 500,000đ                                                            3                                              Tặng Phiếu mua hàng trị giá 300.000đ Áp dụng mua Máy in                                                            4                                              Tặng Phiếu mua hàng Màn hình máy tính trị giá 300.000đ                                                            5                                              Tặng Phiếu mua hàng Đồng hồ Định vị trẻ em trị giá 100.000đ                                                            6                                              Tặng Phiếu mua hàng Máy lạnh (sản phẩm trên 10tr) trị giá 300.000đ                                                            7                                              Thu cũ đổi mới: Giảm thêm 300,000đ (Không kèm ưu đãi thanh toán qua cổng, mua kèm) (click xem chi tiết).                                                            8                                              NHẬN HOÀN NGAY ĐẾN 800.000đ khi mở thẻ tín dụng VPBANK MWG  (Xem chi tiết tại đây);;https://www.thegioididong.com/laptop/macbook-air-13-inch-m4-32gb-256gb;DEBUG_OOS_MacBook Air 13 inch M4 32GB/256GB_Xanh da trời nhạt_115833.png
MacBook Air 15 inch M4 16GB/256GB;Vàng;No;0;31390000;2026-04-11;Khuyến mãi  trị giá 500.000₫                     Giá và khuyến mãi dự kiến áp dụng đến 23:59 | 30/04                                                                         1                                          Chọn 1 trong các khuyến mãi:                                                      Giảm giá 1,400,000đ                                                                               Tặng phiếu mua hàng Phụ Kiện, Smartwatch, đồng hồ thời trang (trừ Apple, Beats) trị giá 1,700,000đ                                                                                     2                                              Phiếu mua hàng Chuột, Bàn phím (Apple) trị giá 500,000đ                                                            3                                              Tặng Phiếu mua hàng trị giá 300.000đ Áp dụng mua Máy in                                                            4                                              Tặng Phiếu mua hàng Màn hình máy tính trị giá 300.000đ                                                            5                                              Tặng Phiếu mua hàng Đồng hồ Định vị trẻ em trị giá 100.000đ                                                            6                                              Tặng Phiếu mua hàng Máy lạnh (sản phẩm trên 10tr) trị giá 300.000đ                                                            7                                              Thu cũ đổi mới: Giảm thêm 300,000đ (Không kèm ưu đãi thanh toán qua cổng, mua kèm) (click xem chi tiết).                                                            8                                              NHẬN HOÀN NGAY ĐẾN 800.000đ khi mở thẻ tín dụng VPBANK MWG  (Xem chi tiết tại đây);;https://www.thegioididong.com/laptop/macbook-air-15-inch-m4-16gb-256gb;DEBUG_OOS_MacBook Air 15 inch M4 16GB/256GB_Vàng_115834.png
MacBook Air 13 inch M4 24GB/256GB;Xanh đen;No;0;0;2026-04-11;;;https://www.thegioididong.com/laptop/macbook-air-13-inch-m4-24gb-256gb;DEBUG_OOS_MacBook Air 13 inch M4 24GB/256GB_Xanh đen_115835.png
MacBook Air 15 inch M4 24GB/512GB;Xanh Da Trời;No;0;0;2026-04-11;;;https://www.thegioididong.com/laptop/macbook-air-15-inch-m4-24gb-512gb;DEBUG_OOS_MacBook Air 15 inch M4 24GB/512GB_Xanh Da Trời_115839.png
MacBook Pro 14 inch M4 Pro 24GB/512GB;Đen;No;1600000;51990000;2026-04-11;Khuyến mãi  trị giá 500.000₫                     Giá và khuyến mãi dự kiến áp dụng đến 23:59 | 30/04                                                                         1                                          Chọn 1 trong các khuyến mãi:                                                      Giảm giá 2,000,000đ                                                                               Tặng phiếu mua hàng Phụ Kiện, Smartwatch, đồng hồ thời trang (trừ Apple, Beats) trị giá 2,500,000đ                                                                                     2                                              Phiếu mua hàng Chuột, Bàn phím (Apple) trị giá 500,000đ                                                            3                                              Tặng Phiếu mua hàng trị giá 300.000đ Áp dụng mua Máy in                                                            4                                              Tặng Phiếu mua hàng Màn hình máy tính trị giá 300.000đ                                                            5                                              Tặng Phiếu mua hàng Đồng hồ Định vị trẻ em trị giá 100.000đ                                                            6                                              Tặng Phiếu mua hàng Máy lạnh (sản phẩm trên 10tr) trị giá 300.000đ                                                            7                                              Thu cũ đổi mới: Giảm thêm 300,000đ (Không kèm ưu đãi thanh toán qua cổng, mua kèm) (click xem chi tiết).                                                            8                                              NHẬN HOÀN NGAY ĐẾN 800.000đ khi mở thẻ tín dụng VPBANK MWG  (Xem chi tiết tại đây);;https://www.thegioididong.com/laptop/macbook-pro-14-inch-m4-pro-24gb-512gb;DEBUG_OOS_MacBook Pro 14 inch M4 Pro 24GB/512GB_Đen_115839.png
MacBook Air 15 inch M4 16GB/256GB;Bạc;Yes;0;31390000;2026-04-11;Khuyến mãi  trị giá 500.000₫                     Giá và khuyến mãi dự kiến áp dụng đến 23:59 | 30/04                                                                         1                                          Chọn 1 trong các khuyến mãi:                                                      Giảm giá 1,400,000đ (đã giảm vào giá sản phẩm)                                                                               Tặng phiếu mua hàng Phụ Kiện, Smartwatch, đồng hồ thời trang (trừ Apple, Beats) trị giá 1,700,000đ                                                                                     2                                              Phiếu mua hàng Chuột, Bàn phím (Apple) trị giá 500,000đ                                                            3                                              Tặng Phiếu mua hàng trị giá 300.000đ Áp dụng mua Máy in                                                            4                                              Tặng Phiếu mua hàng Màn hình máy tính trị giá 300.000đ                                                            5                                              Tặng Phiếu mua hàng Đồng hồ Định vị trẻ em trị giá 100.000đ                                                            6                                              Tặng Phiếu mua hàng Máy lạnh (sản phẩm trên 10tr) trị giá 300.000đ                                                            7                                              Thu cũ đổi mới: Giảm thêm 300,000đ (Không kèm ưu đãi thanh toán qua cổng, mua kèm) (click xem chi tiết).                                                            8                                              NHẬN HOÀN NGAY ĐẾN 800.000đ khi mở thẻ tín dụng VPBANK MWG  (Xem chi tiết tại đây);;https://www.thegioididong.com/laptop/macbook-air-15-inch-m4-16gb-256gb;Skipped
MacBook Air 13 inch M4 24GB/256GB;Xanh da trời nhạt;No;0;0;2026-04-11;;;https://www.thegioididong.com/laptop/macbook-air-13-inch-m4-24gb-256gb;DEBUG_OOS_MacBook Air 13 inch M4 24GB/256GB_Xanh da trời nhạt_115841.png
MacBook Pro 14 inch M4 Pro 24GB/512GB;Bạc;No;1600000;51990000;2026-04-11;Khuyến mãi  trị giá 500.000₫                     Giá và khuyến mãi dự kiến áp dụng đến 23:59 | 30/04                                                                         1                                          Chọn 1 trong các khuyến mãi:                                                      Giảm giá 2,000,000đ                                                                               Tặng phiếu mua hàng Phụ Kiện, Smartwatch, đồng hồ thời trang (trừ Apple, Beats) trị giá 2,500,000đ                                                                                     2                                              Phiếu mua hàng Chuột, Bàn phím (Apple) trị giá 500,000đ                                                            3                                              Tặng Phiếu mua hàng trị giá 300.000đ Áp dụng mua Máy in                                                            4                                              Tặng Phiếu mua hàng Màn hình máy tính trị giá 300.000đ                                                            5                                              Tặng Phiếu mua hàng Đồng hồ Định vị trẻ em trị giá 100.000đ                                                            6                                              Tặng Phiếu mua hàng Máy lạnh (sản phẩm trên 10tr) trị giá 300.000đ                                                            7                                              Thu cũ đổi mới: Giảm thêm 300,000đ (Không kèm ưu đãi thanh toán qua cổng, mua kèm) (click xem chi tiết).                                                            8                                              NHẬN HOÀN NGAY ĐẾN 800.000đ khi mở thẻ tín dụng VPBANK MWG  (Xem chi tiết tại đây);;https://www.thegioididong.com/laptop/macbook-pro-14-inch-m4-pro-24gb-512gb;DEBUG_OOS_MacBook Pro 14 inch M4 Pro 24GB/512GB_Bạc_115842.png
MacBook Pro 14 inch M5 16GB/512GB;Đen;Yes;1590000;41990000;2026-04-11;Khuyến mãi  trị giá 500.000₫                     Giá và khuyến mãi dự kiến áp dụng đến 23:59 | 30/04                                                                         1                                          Chọn 1 trong các khuyến mãi:                                                      Giảm giá 500,000đ (đã giảm vào giá sản phẩm)                                                                               Tặng phiếu mua hàng Phụ Kiện, Smartwatch, đồng hồ thời trang (trừ Apple, Beats) trị giá 600,000đ                                                                                     2                                              Phiếu mua hàng Chuột, Bàn phím (Apple) trị giá 500,000đ                                                            3                                              Tặng Phiếu mua hàng trị giá 300.000đ Áp dụng mua Máy in                                                            4                                              Tặng Phiếu mua hàng Màn hình máy tính trị giá 300.000đ                                                            5                                              Tặng Phiếu mua hàng Đồng hồ Định vị trẻ em trị giá 100.000đ                                                            6                                              Tặng Phiếu mua hàng Máy lạnh (sản phẩm trên 10tr) trị giá 300.000đ                                                            7                                              Thu cũ đổi mới: Giảm thêm 300,000đ (Không kèm ưu đãi thanh toán qua cổng, mua kèm) (click xem chi tiết).                                                            8                                              NHẬN HOÀN NGAY ĐẾN 800.000đ khi mở thẻ tín dụng VPBANK MWG  (Xem chi tiết tại đây);;https://www.thegioididong.com/laptop/macbook-pro-14-inch-m5-16gb-512gb;Skipped
MacBook Air 15 inch M4 24GB/512GB;Bạc;No;1600000;41190000;2026-04-11;Khuyến mãi  trị giá 500.000₫                     Giá và khuyến mãi dự kiến áp dụng đến 23:59 | 30/04                                                                         1                                          Chọn 1 trong các khuyến mãi:                                                      Giảm giá 1,700,000đ                                                                               Tặng phiếu mua hàng Phụ Kiện, Smartwatch, đồng hồ thời trang (trừ Apple, Beats) trị giá 2,100,000đ                                                                                     2                                              Phiếu mua hàng Chuột, Bàn phím (Apple) trị giá 500,000đ                                                            3                                              Tặng Phiếu mua hàng trị giá 300.000đ Áp dụng mua Máy in                                                            4                                              Tặng Phiếu mua hàng Màn hình máy tính trị giá 300.000đ                                                            5                                              Tặng Phiếu mua hàng Đồng hồ Định vị trẻ em trị giá 100.000đ                                                            6                                              Tặng Phiếu mua hàng Máy lạnh (sản phẩm trên 10tr) trị giá 300.000đ                                                            7                                              Thu cũ đổi mới: Giảm thêm 300,000đ (Không kèm ưu đãi thanh toán qua cổng, mua kèm) (click xem chi tiết).                                                            8                                              NHẬN HOÀN NGAY ĐẾN 800.000đ khi mở thẻ tín dụng VPBANK MWG  (Xem chi tiết tại đây);;https://www.thegioididong.com/laptop/macbook-air-15-inch-m4-24gb-512gb;DEBUG_OOS_MacBook Air 15 inch M4 24GB/512GB_Bạc_115845.png
MacBook Air 15 inch M4 16GB/256GB;Xanh da trời nhạt;No;0;31390000;2026-04-11;Khuyến mãi  trị giá 500.000₫                     Giá và khuyến mãi dự kiến áp dụng đến 23:59 | 30/04                                                                         1                                          Chọn 1 trong các khuyến mãi:                                                      Giảm giá 1,400,000đ                                                                               Tặng phiếu mua hàng Phụ Kiện, Smartwatch, đồng hồ thời trang (trừ Apple, Beats) trị giá 1,700,000đ                                                                                     2                                              Phiếu mua hàng Chuột, Bàn phím (Apple) trị giá 500,000đ                                                            3                                              Tặng Phiếu mua hàng trị giá 300.000đ Áp dụng mua Máy in                                                            4                                              Tặng Phiếu mua hàng Màn hình máy tính trị giá 300.000đ                                                            5                                              Tặng Phiếu mua hàng Đồng hồ Định vị trẻ em trị giá 100.000đ                                                            6                                              Tặng Phiếu mua hàng Máy lạnh (sản phẩm trên 10tr) trị giá 300.000đ                                                            7                                              Thu cũ đổi mới: Giảm thêm 300,000đ (Không kèm ưu đãi thanh toán qua cổng, mua kèm) (click xem chi tiết).                                                            8                                              NHẬN HOÀN NGAY ĐẾN 800.000đ khi mở thẻ tín dụng VPBANK MWG  (Xem chi tiết tại đây);;https://www.thegioididong.com/laptop/macbook-air-15-inch-m4-16gb-256gb;DEBUG_OOS_MacBook Air 15 inch M4 16GB/256GB_Xanh da trời nhạt_115846.png
MacBook Air 15 inch M4 24GB/512GB;Vàng;No;1600000;41190000;2026-04-11;Khuyến mãi  trị giá 500.000₫                     Giá và khuyến mãi dự kiến áp dụng đến 23:59 | 30/04                                                                         1                                          Chọn 1 trong các khuyến mãi:                                                      Giảm giá 1,700,000đ                                                                               Tặng phiếu mua hàng Phụ Kiện, Smartwatch, đồng hồ thời trang (trừ Apple, Beats) trị giá 2,100,000đ                                                                                     2                                              Phiếu mua hàng Chuột, Bàn phím (Apple) trị giá 500,000đ                                                            3                                              Tặng Phiếu mua hàng trị giá 300.000đ Áp dụng mua Máy in                                                            4                                              Tặng Phiếu mua hàng Màn hình máy tính trị giá 300.000đ                                                            5                                              Tặng Phiếu mua hàng Đồng hồ Định vị trẻ em trị giá 100.000đ                                                            6                                              Tặng Phiếu mua hàng Máy lạnh (sản phẩm trên 10tr) trị giá 300.000đ                                                            7                                              Thu cũ đổi mới: Giảm thêm 300,000đ (Không kèm ưu đãi thanh toán qua cổng, mua kèm) (click xem chi tiết).                                                            8                                              NHẬN HOÀN NGAY ĐẾN 800.000đ khi mở thẻ tín dụng VPBANK MWG  (Xem chi tiết tại đây);;https://www.thegioididong.com/laptop/macbook-air-15-inch-m4-24gb-512gb;DEBUG_OOS_MacBook Air 15 inch M4 24GB/512GB_Vàng_115848.png
MacBook Pro 14 inch M5 16GB/512GB;Bạc;Yes;1590000;41990000;2026-04-11;Khuyến mãi  trị giá 500.000₫                     Giá và khuyến mãi dự kiến áp dụng đến 23:59 | 30/04                                                                         1                                          Chọn 1 trong các khuyến mãi:                                                      Giảm giá 500,000đ (đã giảm vào giá sản phẩm)                                                                               Tặng phiếu mua hàng Phụ Kiện, Smartwatch, đồng hồ thời trang (trừ Apple, Beats) trị giá 600,000đ                                                                                     2                                              Phiếu mua hàng Chuột, Bàn phím (Apple) trị giá 500,000đ                                                            3                                              Tặng Phiếu mua hàng trị giá 300.000đ Áp dụng mua Máy in                                                            4                                              Tặng Phiếu mua hàng Màn hình máy tính trị giá 300.000đ                                                            5                                              Tặng Phiếu mua hàng Đồng hồ Định vị trẻ em trị giá 100.000đ                                                            6                                              Tặng Phiếu mua hàng Máy lạnh (sản phẩm trên 10tr) trị giá 300.000đ                                                            7                                              Thu cũ đổi mới: Giảm thêm 300,000đ (Không kèm ưu đãi thanh toán qua cổng, mua kèm) (click xem chi tiết).                                                            8                                              NHẬN HOÀN NGAY ĐẾN 800.000đ khi mở thẻ tín dụng VPBANK MWG  (Xem chi tiết tại đây);;https://www.thegioididong.com/laptop/macbook-pro-14-inch-m5-16gb-512gb;Skipped
MacBook Air 15 inch M4 16GB/256GB;Xanh đen;No;0;31390000;2026-04-11;Khuyến mãi  trị giá 500.000₫                     Giá và khuyến mãi dự kiến áp dụng đến 23:59 | 30/04                                                                         1                                          Chọn 1 trong các khuyến mãi:                                                      Giảm giá 1,400,000đ                                                                               Tặng phiếu mua hàng Phụ Kiện, Smartwatch, đồng hồ thời trang (trừ Apple, Beats) trị giá 1,700,000đ                                                                                     2                                              Phiếu mua hàng Chuột, Bàn phím (Apple) trị giá 500,000đ                                                            3                                              Tặng Phiếu mua hàng trị giá 300.000đ Áp dụng mua Máy in                                                            4                                              Tặng Phiếu mua hàng Màn hình máy tính trị giá 300.000đ                                                            5                                              Tặng Phiếu mua hàng Đồng hồ Định vị trẻ em trị giá 100.000đ                                                            6                                              Tặng Phiếu mua hàng Máy lạnh (sản phẩm trên 10tr) trị giá 300.000đ                                                            7                                              Thu cũ đổi mới: Giảm thêm 300,000đ (Không kèm ưu đãi thanh toán qua cổng, mua kèm) (click xem chi tiết).                                                            8                                              NHẬN HOÀN NGAY ĐẾN 800.000đ khi mở thẻ tín dụng VPBANK MWG  (Xem chi tiết tại đây);;https://www.thegioididong.com/laptop/macbook-air-15-inch-m4-16gb-256gb;DEBUG_OOS_MacBook Air 15 inch M4 16GB/256GB_Xanh đen_115849.png
MacBook Air 13 inch M4 24GB/256GB;Bạc;No;0;0;2026-04-11;;;https://www.thegioididong.com/laptop/macbook-air-13-inch-m4-24gb-256gb;DEBUG_OOS_MacBook Air 13 inch M4 24GB/256GB_Bạc_115850.png
MacBook Air 15 inch M4 24GB/512GB;Xanh đen;No;1600000;41190000;2026-04-11;Khuyến mãi  trị giá 500.000₫                     Giá và khuyến mãi dự kiến áp dụng đến 23:59 | 30/04                                                                         1                                          Chọn 1 trong các khuyến mãi:                                                      Giảm giá 1,700,000đ                                                                               Tặng phiếu mua hàng Phụ Kiện, Smartwatch, đồng hồ thời trang (trừ Apple, Beats) trị giá 2,100,000đ                                                                                     2                                              Phiếu mua hàng Chuột, Bàn phím (Apple) trị giá 500,000đ                                                            3                                              Tặng Phiếu mua hàng trị giá 300.000đ Áp dụng mua Máy in                                                            4                                              Tặng Phiếu mua hàng Màn hình máy tính trị giá 300.000đ                                                            5                                              Tặng Phiếu mua hàng Đồng hồ Định vị trẻ em trị giá 100.000đ                                                            6                                              Tặng Phiếu mua hàng Máy lạnh (sản phẩm trên 10tr) trị giá 300.000đ                                                            7                                              Thu cũ đổi mới: Giảm thêm 300,000đ (Không kèm ưu đãi thanh toán qua cổng, mua kèm) (click xem chi tiết).                                                            8                                              NHẬN HOÀN NGAY ĐẾN 800.000đ khi mở thẻ tín dụng VPBANK MWG  (Xem chi tiết tại đây);;https://www.thegioididong.com/laptop/macbook-air-15-inch-m4-24gb-512gb;DEBUG_OOS_MacBook Air 15 inch M4 24GB/512GB_Xanh đen_115851.png
MacBook Pro 16 inch M4 Pro 48GB/1TB;Bạc;No;0;0;2026-04-11;;;https://www.thegioididong.com/laptop/macbook-pro-16-inch-m4-pro-48gb-1tb;DEBUG_OOS_MacBook Pro 16 inch M4 Pro 48GB/1TB_Bạc_115852.png
MacBook Air 15 inch M4 16GB/256GB;Vàng;No;0;31390000;2026-04-11;Khuyến mãi  trị giá 500.000₫                     Giá và khuyến mãi dự kiến áp dụng đến 23:59 | 30/04                                                                         1                                          Chọn 1 trong các khuyến mãi:                                                      Giảm giá 1,400,000đ                                                                               Tặng phiếu mua hàng Phụ Kiện, Smartwatch, đồng hồ thời trang (trừ Apple, Beats) trị giá 1,700,000đ                                                                                     2                                              Phiếu mua hàng Chuột, Bàn phím (Apple) trị giá 500,000đ                                                            3                                              Tặng Phiếu mua hàng trị giá 300.000đ Áp dụng mua Máy in                                                            4                                              Tặng Phiếu mua hàng Màn hình máy tính trị giá 300.000đ                                                            5                                              Tặng Phiếu mua hàng Đồng hồ Định vị trẻ em trị giá 100.000đ                                                            6                                              Tặng Phiếu mua hàng Máy lạnh (sản phẩm trên 10tr) trị giá 300.000đ                                                            7                                              Thu cũ đổi mới: Giảm thêm 300,000đ (Không kèm ưu đãi thanh toán qua cổng, mua kèm) (click xem chi tiết).                                                            8                                              NHẬN HOÀN NGAY ĐẾN 800.000đ khi mở thẻ tín dụng VPBANK MWG  (Xem chi tiết tại đây);;https://www.thegioididong.com/laptop/macbook-air-15-inch-m4-16gb-256gb;DEBUG_OOS_MacBook Air 15 inch M4 16GB/256GB_Vàng_115852.png
MacBook Air 15 inch M4 24GB/512GB;Xanh da trời nhạt;No;1600000;41190000;2026-04-11;Khuyến mãi  trị giá 500.000₫                     Giá và khuyến mãi dự kiến áp dụng đến 23:59 | 30/04                                                                         1                                          Chọn 1 trong các khuyến mãi:                                                      Giảm giá 1,700,000đ                                                                               Tặng phiếu mua hàng Phụ Kiện, Smartwatch, đồng hồ thời trang (trừ Apple, Beats) trị giá 2,100,000đ                                                                                     2                                              Phiếu mua hàng Chuột, Bàn phím (Apple) trị giá 500,000đ                                                            3                                              Tặng Phiếu mua hàng trị giá 300.000đ Áp dụng mua Máy in                                                            4                                              Tặng Phiếu mua hàng Màn hình máy tính trị giá 300.000đ                                                            5                                              Tặng Phiếu mua hàng Đồng hồ Định vị trẻ em trị giá 100.000đ                                                            6                                              Tặng Phiếu mua hàng Máy lạnh (sản phẩm trên 10tr) trị giá 300.000đ                                                            7                                              Thu cũ đổi mới: Giảm thêm 300,000đ (Không kèm ưu đãi thanh toán qua cổng, mua kèm) (click xem chi tiết).                                                            8                                              NHẬN HOÀN NGAY ĐẾN 800.000đ khi mở thẻ tín dụng VPBANK MWG  (Xem chi tiết tại đây);;https://www.thegioididong.com/laptop/macbook-air-15-inch-m4-24gb-512gb;DEBUG_OOS_MacBook Air 15 inch M4 24GB/512GB_Xanh da trời nhạt_115855.png
MacBook Air 13 inch M4 24GB/256GB;Vàng;No;0;0;2026-04-11;;;https://www.thegioididong.com/laptop/macbook-air-13-inch-m4-24gb-256gb;DEBUG_OOS_MacBook Air 13 inch M4 24GB/256GB_Vàng_115856.png
MacBook Pro 14 inch M5 16GB/512GB;Đen;Yes;1590000;41990000;2026-04-11;Khuyến mãi  trị giá 500.000₫                     Giá và khuyến mãi dự kiến áp dụng đến 23:59 | 30/04                                                                         1                                          Chọn 1 trong các khuyến mãi:                                                      Giảm giá 500,000đ (đã giảm vào giá sản phẩm)                                                                               Tặng phiếu mua hàng Phụ Kiện, Smartwatch, đồng hồ thời trang (trừ Apple, Beats) trị giá 600,000đ                                                                                     2                                              Phiếu mua hàng Chuột, Bàn phím (Apple) trị giá 500,000đ                                                            3                                              Tặng Phiếu mua hàng trị giá 300.000đ Áp dụng mua Máy in                                                            4                                              Tặng Phiếu mua hàng Màn hình máy tính trị giá 300.000đ                                                            5                                              Tặng Phiếu mua hàng Đồng hồ Định vị trẻ em trị giá 100.000đ                                                            6                                              Tặng Phiếu mua hàng Máy lạnh (sản phẩm trên 10tr) trị giá 300.000đ                                                            7                                              Thu cũ đổi mới: Giảm thêm 300,000đ (Không kèm ưu đãi thanh toán qua cổng, mua kèm) (click xem chi tiết).                                                            8                                              NHẬN HOÀN NGAY ĐẾN 800.000đ khi mở thẻ tín dụng VPBANK MWG  (Xem chi tiết tại đây);;https://www.thegioididong.com/laptop/macbook-pro-14-inch-m5-16gb-512gb;Skipped
MacBook Pro 16 inch M4 Pro 48GB/1TB;Đen;No;0;0;2026-04-11;;;https://www.thegioididong.com/laptop/macbook-pro-16-inch-m4-pro-48gb-1tb;DEBUG_OOS_MacBook Pro 16 inch M4 Pro 48GB/1TB_Đen_115858.png
MacBook Air 15 inch M4 16GB/256GB;Bạc;Yes;0;31390000;2026-04-11;Khuyến mãi  trị giá 500.000₫                     Giá và khuyến mãi dự kiến áp dụng đến 23:59 | 30/04                                                                         1                                          Chọn 1 trong các khuyến mãi:                                                      Giảm giá 1,400,000đ (đã giảm vào giá sản phẩm)                                                                               Tặng phiếu mua hàng Phụ Kiện, Smartwatch, đồng hồ thời trang (trừ Apple, Beats) trị giá 1,700,000đ                                                                                     2                                              Phiếu mua hàng Chuột, Bàn phím (Apple) trị giá 500,000đ                                                            3                                              Tặng Phiếu mua hàng trị giá 300.000đ Áp dụng mua Máy in                                                            4                                              Tặng Phiếu mua hàng Màn hình máy tính trị giá 300.000đ                                                            5                                              Tặng Phiếu mua hàng Đồng hồ Định vị trẻ em trị giá 100.000đ                                                            6                                              Tặng Phiếu mua hàng Máy lạnh (sản phẩm trên 10tr) trị giá 300.000đ                                                            7                                              Thu cũ đổi mới: Giảm thêm 300,000đ (Không kèm ưu đãi thanh toán qua cổng, mua kèm) (click xem chi tiết).                                                            8                                              NHẬN HOÀN NGAY ĐẾN 800.000đ khi mở thẻ tín dụng VPBANK MWG  (Xem chi tiết tại đây);;https://www.thegioididong.com/laptop/macbook-air-15-inch-m4-16gb-256gb;Skipped
MacBook Air 15 inch M4 24GB/512GB;Xanh Da Trời;No;0;0;2026-04-11;;;https://www.thegioididong.com/laptop/macbook-air-15-inch-m4-24gb-512gb;DEBUG_OOS_MacBook Air 15 inch M4 24GB/512GB_Xanh Da Trời_115901.png
MacBook Air 13 inch M4 24GB/256GB;Xanh đen;No;0;0;2026-04-11;;;https://www.thegioididong.com/laptop/macbook-air-13-inch-m4-24gb-256gb;DEBUG_OOS_MacBook Air 13 inch M4 24GB/256GB_Xanh đen_115902.png
MacBook Pro 14 inch M5 16GB/512GB;Bạc;Yes;1590000;41990000;2026-04-11;Khuyến mãi  trị giá 500.000₫                     Giá và khuyến mãi dự kiến áp dụng đến 23:59 | 30/04                                                                         1                                          Chọn 1 trong các khuyến mãi:                                                      Giảm giá 500,000đ (đã giảm vào giá sản phẩm)                                                                               Tặng phiếu mua hàng Phụ Kiện, Smartwatch, đồng hồ thời trang (trừ Apple, Beats) trị giá 600,000đ                                                                                     2                                              Phiếu mua hàng Chuột, Bàn phím (Apple) trị giá 500,000đ                                                            3                                              Tặng Phiếu mua hàng trị giá 300.000đ Áp dụng mua Máy in                                                            4                                              Tặng Phiếu mua hàng Màn hình máy tính trị giá 300.000đ                                                            5                                              Tặng Phiếu mua hàng Đồng hồ Định vị trẻ em trị giá 100.000đ                                                            6                                              Tặng Phiếu mua hàng Máy lạnh (sản phẩm trên 10tr) trị giá 300.000đ                                                            7                                              Thu cũ đổi mới: Giảm thêm 300,000đ (Không kèm ưu đãi thanh toán qua cổng, mua kèm) (click xem chi tiết).                                                            8                                              NHẬN HOÀN NGAY ĐẾN 800.000đ khi mở thẻ tín dụng VPBANK MWG  (Xem chi tiết tại đây);;https://www.thegioididong.com/laptop/macbook-pro-14-inch-m5-16gb-512gb;Skipped
MacBook Air 15 inch M4 24GB/512GB;Bạc;No;1600000;41190000;2026-04-11;Khuyến mãi  trị giá 500.000₫                     Giá và khuyến mãi dự kiến áp dụng đến 23:59 | 30/04                                                                         1                                          Chọn 1 trong các khuyến mãi:                                                      Giảm giá 1,700,000đ                                                                               Tặng phiếu mua hàng Phụ Kiện, Smartwatch, đồng hồ thời trang (trừ Apple, Beats) trị giá 2,100,000đ                                                                                     2                                              Phiếu mua hàng Chuột, Bàn phím (Apple) trị giá 500,000đ                                                            3                                              Tặng Phiếu mua hàng trị giá 300.000đ Áp dụng mua Máy in                                                            4                                              Tặng Phiếu mua hàng Màn hình máy tính trị giá 300.000đ                                                            5                                              Tặng Phiếu mua hàng Đồng hồ Định vị trẻ em trị giá 100.000đ                                                            6                                              Tặng Phiếu mua hàng Máy lạnh (sản phẩm trên 10tr) trị giá 300.000đ                                                            7                                              Thu cũ đổi mới: Giảm thêm 300,000đ (Không kèm ưu đãi thanh toán qua cổng, mua kèm) (click xem chi tiết).                                                            8                                              NHẬN HOÀN NGAY ĐẾN 800.000đ khi mở thẻ tín dụng VPBANK MWG  (Xem chi tiết tại đây);;https://www.thegioididong.com/laptop/macbook-air-15-inch-m4-24gb-512gb;DEBUG_OOS_MacBook Air 15 inch M4 24GB/512GB_Bạc_115906.png
MacBook Pro 16 inch M4 Pro 48GB/1TB;Bạc;No;0;0;2026-04-11;;;https://www.thegioididong.com/laptop/macbook-pro-16-inch-m4-pro-48gb-1tb;DEBUG_OOS_MacBook Pro 16 inch M4 Pro 48GB/1TB_Bạc_115906.png
MacBook Air 13 inch M4 24GB/256GB;Xanh da trời nhạt;No;0;0;2026-04-11;;;https://www.thegioididong.com/laptop/macbook-air-13-inch-m4-24gb-256gb;DEBUG_OOS_MacBook Air 13 inch M4 24GB/256GB_Xanh da trời nhạt_115909.png
iPad A16 5G 128GB;Bạc;Yes;0;13990000;2026-04-11;Khuyến mãi  trị giá 400.000₫                     Giá và khuyến mãi dự kiến áp dụng đến 23:59 | 12/04                                                                         1                                          Chọn 1 trong các khuyến mãi:                                                      Giảm giá 1,000,000đ (đã giảm vào giá sản phẩm)                                                                               Tặng phiếu mua hàng Phụ Kiện, Smartwatch, đồng hồ thời trang (trừ Apple, Beats) trị giá 1,300,000đ                                                                                     2                                              Phiếu mua hàng Apple Pencil trị giá 400,000đ                                                            3                                              Tặng Phiếu mua hàng Máy lạnh (sản phẩm trên 10tr) trị giá 300.000đ                                                            4                                              Thu cũ đổi mới: Giảm đến 2,000,000đ (Không kèm ưu đãi thanh toán qua cổng, mua kèm)  Xem chi tiết                                                            5                                              NHẬN HOÀN NGAY ĐẾN 800.000đ khi mở thẻ tín dụng VPBANK MWG  (Xem chi tiết tại đây);;https://www.thegioididong.com/may-tinh-bang/ipad-11-5g-128gb;Skipped
MacBook Air 15 inch M4 24GB/512GB;Vàng;No;1600000;41190000;2026-04-11;Khuyến mãi  trị giá 500.000₫                     Giá và khuyến mãi dự kiến áp dụng đến 23:59 | 30/04                                                                         1                                          Chọn 1 trong các khuyến mãi:                                                      Giảm giá 1,700,000đ                                                                               Tặng phiếu mua hàng Phụ Kiện, Smartwatch, đồng hồ thời trang (trừ Apple, Beats) trị giá 2,100,000đ                                                                                     2                                              Phiếu mua hàng Chuột, Bàn phím (Apple) trị giá 500,000đ                                                            3                                              Tặng Phiếu mua hàng trị giá 300.000đ Áp dụng mua Máy in                                                            4                                              Tặng Phiếu mua hàng Màn hình máy tính trị giá 300.000đ                                                            5                                              Tặng Phiếu mua hàng Đồng hồ Định vị trẻ em trị giá 100.000đ                                                            6                                              Tặng Phiếu mua hàng Máy lạnh (sản phẩm trên 10tr) trị giá 300.000đ                                                            7                                              Thu cũ đổi mới: Giảm thêm 300,000đ (Không kèm ưu đãi thanh toán qua cổng, mua kèm) (click xem chi tiết).                                                            8                                              NHẬN HOÀN NGAY ĐẾN 800.000đ khi mở thẻ tín dụng VPBANK MWG  (Xem chi tiết tại đây);;https://www.thegioididong.com/laptop/macbook-air-15-inch-m4-24gb-512gb;DEBUG_OOS_MacBook Air 15 inch M4 24GB/512GB_Vàng_115910.png
iPad A16 WiFi 128GB;Vàng;Yes;0;9790000;2026-04-11;Khuyến mãi  trị giá 400.000₫                     Giá và khuyến mãi dự kiến áp dụng đến 23:59 | 30/04                                                                         1                                          Chọn 1 trong các khuyến mãi:                                                      Giảm giá 400,000đ (đã giảm vào giá sản phẩm)                                                                               Tặng phiếu mua hàng Phụ Kiện, Smartwatch, đồng hồ thời trang (trừ Apple, Beats) trị giá 500,000đ                                                                                     2                                              Phiếu mua hàng Apple Pencil trị giá 400,000đ                                                            3                                              Tặng Phiếu mua hàng Máy lạnh (sản phẩm trên 10tr) trị giá 300.000đ                                                            4                                              Thu cũ đổi mới: Giảm đến 2,000,000đ (Không kèm ưu đãi thanh toán qua cổng, mua kèm)  Xem chi tiết                                                            5                                              NHẬN HOÀN NGAY ĐẾN 800.000đ khi mở thẻ tín dụng VPBANK MWG  (Xem chi tiết tại đây);;https://www.thegioididong.com/may-tinh-bang/ipad-11-wifi-128gb;Skipped
MacBook Pro 16 inch M4 Pro 48GB/1TB;Đen;No;0;0;2026-04-11;;;https://www.thegioididong.com/laptop/macbook-pro-16-inch-m4-pro-48gb-1tb;DEBUG_OOS_MacBook Pro 16 inch M4 Pro 48GB/1TB_Đen_115913.png
MacBook Air 15 inch M4 24GB/512GB;Xanh đen;No;1600000;41190000;2026-04-11;Khuyến mãi  trị giá 500.000₫                     Giá và khuyến mãi dự kiến áp dụng đến 23:59 | 30/04                                                                         1                                          Chọn 1 trong các khuyến mãi:                                                      Giảm giá 1,700,000đ                                                                               Tặng phiếu mua hàng Phụ Kiện, Smartwatch, đồng hồ thời trang (trừ Apple, Beats) trị giá 2,100,000đ                                                                                     2                                              Phiếu mua hàng Chuột, Bàn phím (Apple) trị giá 500,000đ                                                            3                                              Tặng Phiếu mua hàng trị giá 300.000đ Áp dụng mua Máy in                                                            4                                              Tặng Phiếu mua hàng Màn hình máy tính trị giá 300.000đ                                                            5                                              Tặng Phiếu mua hàng Đồng hồ Định vị trẻ em trị giá 100.000đ                                                            6                                              Tặng Phiếu mua hàng Máy lạnh (sản phẩm trên 10tr) trị giá 300.000đ                                                            7                                              Thu cũ đổi mới: Giảm thêm 300,000đ (Không kèm ưu đãi thanh toán qua cổng, mua kèm) (click xem chi tiết).                                                            8                                              NHẬN HOÀN NGAY ĐẾN 800.000đ khi mở thẻ tín dụng VPBANK MWG  (Xem chi tiết tại đây);;https://www.thegioididong.com/laptop/macbook-air-15-inch-m4-24gb-512gb;DEBUG_OOS_MacBook Air 15 inch M4 24GB/512GB_Xanh đen_115913.png
iPad A16 5G 128GB;Vàng;No;0;13990000;2026-04-11;Khuyến mãi  trị giá 400.000₫                     Giá và khuyến mãi dự kiến áp dụng đến 23:59 | 12/04                                                                         1                                          Chọn 1 trong các khuyến mãi:                                                      Giảm giá 1,000,000đ                                                                               Tặng phiếu mua hàng Phụ Kiện, Smartwatch, đồng hồ thời trang (trừ Apple, Beats) trị giá 1,300,000đ                                                                                     2                                              Phiếu mua hàng Apple Pencil trị giá 400,000đ                                                            3                                              Tặng Phiếu mua hàng Máy lạnh (sản phẩm trên 10tr) trị giá 300.000đ                                                            4                                              Thu cũ đổi mới: Giảm đến 2,000,000đ (Không kèm ưu đãi thanh toán qua cổng, mua kèm)  Xem chi tiết                                                            5                                              NHẬN HOÀN NGAY ĐẾN 800.000đ khi mở thẻ tín dụng VPBANK MWG  (Xem chi tiết tại đây);;https://www.thegioididong.com/may-tinh-bang/ipad-11-5g-128gb;DEBUG_OOS_iPad A16 5G 128GB_Vàng_115914.png
MacBook Air 15 inch M4 24GB/512GB;Xanh da trời nhạt;No;1600000;41190000;2026-04-11;Khuyến mãi  trị giá 500.000₫                     Giá và khuyến mãi dự kiến áp dụng đến 23:59 | 30/04                                                                         1                                          Chọn 1 trong các khuyến mãi:                                                      Giảm giá 1,700,000đ                                                                               Tặng phiếu mua hàng Phụ Kiện, Smartwatch, đồng hồ thời trang (trừ Apple, Beats) trị giá 2,100,000đ                                                                                     2                                              Phiếu mua hàng Chuột, Bàn phím (Apple) trị giá 500,000đ                                                            3                                              Tặng Phiếu mua hàng trị giá 300.000đ Áp dụng mua Máy in                                                            4                                              Tặng Phiếu mua hàng Màn hình máy tính trị giá 300.000đ                                                            5                                              Tặng Phiếu mua hàng Đồng hồ Định vị trẻ em trị giá 100.000đ                                                            6                                              Tặng Phiếu mua hàng Máy lạnh (sản phẩm trên 10tr) trị giá 300.000đ                                                            7                                              Thu cũ đổi mới: Giảm thêm 300,000đ (Không kèm ưu đãi thanh toán qua cổng, mua kèm) (click xem chi tiết).                                                            8                                              NHẬN HOÀN NGAY ĐẾN 800.000đ khi mở thẻ tín dụng VPBANK MWG  (Xem chi tiết tại đây);;https://www.thegioididong.com/laptop/macbook-air-15-inch-m4-24gb-512gb;DEBUG_OOS_MacBook Air 15 inch M4 24GB/512GB_Xanh da trời nhạt_115916.png
iPad A16 WiFi 128GB;Xanh Dương;Yes;0;9790000;2026-04-11;Khuyến mãi  trị giá 400.000₫                     Giá và khuyến mãi dự kiến áp dụng đến 23:59 | 30/04                                                                         1                                          Chọn 1 trong các khuyến mãi:                                                      Giảm giá 400,000đ (đã giảm vào giá sản phẩm)                                                                               Tặng phiếu mua hàng Phụ Kiện, Smartwatch, đồng hồ thời trang (trừ Apple, Beats) trị giá 500,000đ                                                                                     2                                              Phiếu mua hàng Apple Pencil trị giá 400,000đ                                                            3                                              Tặng Phiếu mua hàng Máy lạnh (sản phẩm trên 10tr) trị giá 300.000đ                                                            4                                              Thu cũ đổi mới: Giảm đến 2,000,000đ (Không kèm ưu đãi thanh toán qua cổng, mua kèm)  Xem chi tiết                                                            5                                              NHẬN HOÀN NGAY ĐẾN 800.000đ khi mở thẻ tín dụng VPBANK MWG  (Xem chi tiết tại đây);;https://www.thegioididong.com/may-tinh-bang/ipad-11-wifi-128gb;Skipped
iPad A16 5G 128GB;Xanh Dương;No;0;13990000;2026-04-11;Khuyến mãi  trị giá 400.000₫                     Giá và khuyến mãi dự kiến áp dụng đến 23:59 | 12/04                                                                         1                                          Chọn 1 trong các khuyến mãi:                                                      Giảm giá 1,000,000đ                                                                               Tặng phiếu mua hàng Phụ Kiện, Smartwatch, đồng hồ thời trang (trừ Apple, Beats) trị giá 1,300,000đ                                                                                     2                                              Phiếu mua hàng Apple Pencil trị giá 400,000đ                                                            3                                              Tặng Phiếu mua hàng Máy lạnh (sản phẩm trên 10tr) trị giá 300.000đ                                                            4                                              Thu cũ đổi mới: Giảm đến 2,000,000đ (Không kèm ưu đãi thanh toán qua cổng, mua kèm)  Xem chi tiết                                                            5                                              NHẬN HOÀN NGAY ĐẾN 800.000đ khi mở thẻ tín dụng VPBANK MWG  (Xem chi tiết tại đây);;https://www.thegioididong.com/may-tinh-bang/ipad-11-5g-128gb;DEBUG_OOS_iPad A16 5G 128GB_Xanh Dương_115918.png
iPad Air M3 11 inch 5G 128GB;Đen - Xám;Yes;3490000;20790000;2026-04-11;Khuyến mãi  trị giá 400.000₫                     Giá và khuyến mãi dự kiến áp dụng đến 23:59 | 30/04                                                                         1                                          Chọn 1 trong các khuyến mãi:                                                      Giảm giá 1,300,000đ (đã giảm vào giá sản phẩm)                                                                               Tặng phiếu mua hàng Phụ Kiện, Smartwatch, đồng hồ thời trang (trừ Apple, Beats) trị giá 1,600,000đ                                                                                     2                                              Phiếu mua hàng Apple Pencil trị giá 400,000đ                                                            3                                              Tặng Phiếu mua hàng Máy lạnh (sản phẩm trên 10tr) trị giá 300.000đ                                                            4                                              Thu cũ đổi mới: Giảm đến 2,000,000đ (Không kèm ưu đãi thanh toán qua cổng, mua kèm)  Xem chi tiết                                                            5                                              NHẬN HOÀN NGAY ĐẾN 800.000đ khi mở thẻ tín dụng VPBANK MWG  (Xem chi tiết tại đây);;https://www.thegioididong.com/may-tinh-bang/ipad-air-m3-11-inch-5g-128gb;Skipped
MacBook Air 15 inch M4 24GB/512GB;Xanh Da Trời;No;0;0;2026-04-11;;;https://www.thegioididong.com/laptop/macbook-air-15-inch-m4-24gb-512gb;DEBUG_OOS_MacBook Air 15 inch M4 24GB/512GB_Xanh Da Trời_115923.png
iPad Air M3 11 inch WiFi 128GB;Trắng Starlight;Yes;3490000;16690000;2026-04-11;Khuyến mãi  trị giá 400.000₫                     Giá và khuyến mãi dự kiến áp dụng đến 23:59 | 30/04                                                                         1                                          Chọn 1 trong các khuyến mãi:                                                      Giảm giá 1,300,000đ (đã giảm vào giá sản phẩm)                                                                               Tặng phiếu mua hàng Phụ Kiện, Smartwatch, đồng hồ thời trang (trừ Apple, Beats) trị giá 1,600,000đ                                                                                     2                                              Phiếu mua hàng Apple Pencil trị giá 400,000đ                                                            3                                              Tặng Phiếu mua hàng Máy lạnh (sản phẩm trên 10tr) trị giá 300.000đ                                                            4                                              Thu cũ đổi mới: Giảm đến 2,000,000đ (Không kèm ưu đãi thanh toán qua cổng, mua kèm)  Xem chi tiết                                                            5                                              NHẬN HOÀN NGAY ĐẾN 800.000đ khi mở thẻ tín dụng VPBANK MWG  (Xem chi tiết tại đây);;https://www.thegioididong.com/may-tinh-bang/ipad-air-m3-11-inch-wifi-128gb;Skipped
iPad A16 WiFi 128GB;Bạc;Yes;0;9790000;2026-04-11;Khuyến mãi  trị giá 400.000₫                     Giá và khuyến mãi dự kiến áp dụng đến 23:59 | 30/04                                                                         1                                          Chọn 1 trong các khuyến mãi:                                                      Giảm giá 400,000đ (đã giảm vào giá sản phẩm)                                                                               Tặng phiếu mua hàng Phụ Kiện, Smartwatch, đồng hồ thời trang (trừ Apple, Beats) trị giá 500,000đ                                                                                     2                                              Phiếu mua hàng Apple Pencil trị giá 400,000đ                                                            3                                              Tặng Phiếu mua hàng Máy lạnh (sản phẩm trên 10tr) trị giá 300.000đ                                                            4                                              Thu cũ đổi mới: Giảm đến 2,000,000đ (Không kèm ưu đãi thanh toán qua cổng, mua kèm)  Xem chi tiết                                                            5                                              NHẬN HOÀN NGAY ĐẾN 800.000đ khi mở thẻ tín dụng VPBANK MWG  (Xem chi tiết tại đây);;https://www.thegioididong.com/may-tinh-bang/ipad-11-wifi-128gb;Skipped
iPad A16 5G 128GB;Hồng;Yes;0;13990000;2026-04-11;Khuyến mãi  trị giá 400.000₫                     Giá và khuyến mãi dự kiến áp dụng đến 23:59 | 12/04                                                                         1                                          Chọn 1 trong các khuyến mãi:                                                      Giảm giá 1,000,000đ (đã giảm vào giá sản phẩm)                                                                               Tặng phiếu mua hàng Phụ Kiện, Smartwatch, đồng hồ thời trang (trừ Apple, Beats) trị giá 1,300,000đ                                                                                     2                                              Phiếu mua hàng Apple Pencil trị giá 400,000đ                                                            3                                              Tặng Phiếu mua hàng Máy lạnh (sản phẩm trên 10tr) trị giá 300.000đ                                                            4                                              Thu cũ đổi mới: Giảm đến 2,000,000đ (Không kèm ưu đãi thanh toán qua cổng, mua kèm)  Xem chi tiết                                                            5                                              NHẬN HOÀN NGAY ĐẾN 800.000đ khi mở thẻ tín dụng VPBANK MWG  (Xem chi tiết tại đây);;https://www.thegioididong.com/may-tinh-bang/ipad-11-5g-128gb;Skipped
iPad Air M3 11 inch 5G 128GB;Tím;Yes;3490000;20790000;2026-04-11;Khuyến mãi  trị giá 400.000₫                     Giá và khuyến mãi dự kiến áp dụng đến 23:59 | 30/04                                                                         1                                          Chọn 1 trong các khuyến mãi:                                                      Giảm giá 1,300,000đ (đã giảm vào giá sản phẩm)                                                                               Tặng phiếu mua hàng Phụ Kiện, Smartwatch, đồng hồ thời trang (trừ Apple, Beats) trị giá 1,600,000đ                                                                                     2                                              Phiếu mua hàng Apple Pencil trị giá 400,000đ                                                            3                                              Tặng Phiếu mua hàng Máy lạnh (sản phẩm trên 10tr) trị giá 300.000đ                                                            4                                              Thu cũ đổi mới: Giảm đến 2,000,000đ (Không kèm ưu đãi thanh toán qua cổng, mua kèm)  Xem chi tiết                                                            5                                              NHẬN HOÀN NGAY ĐẾN 800.000đ khi mở thẻ tín dụng VPBANK MWG  (Xem chi tiết tại đây);;https://www.thegioididong.com/may-tinh-bang/ipad-air-m3-11-inch-5g-128gb;Skipped
MacBook Air 15 inch M4 24GB/512GB;Bạc;No;1600000;41190000;2026-04-11;Khuyến mãi  trị giá 500.000₫                     Giá và khuyến mãi dự kiến áp dụng đến 23:59 | 30/04                                                                         1                                          Chọn 1 trong các khuyến mãi:                                                      Giảm giá 1,700,000đ                                                                               Tặng phiếu mua hàng Phụ Kiện, Smartwatch, đồng hồ thời trang (trừ Apple, Beats) trị giá 2,100,000đ                                                                                     2                                              Phiếu mua hàng Chuột, Bàn phím (Apple) trị giá 500,000đ                                                            3                                              Tặng Phiếu mua hàng trị giá 300.000đ Áp dụng mua Máy in                                                            4                                              Tặng Phiếu mua hàng Màn hình máy tính trị giá 300.000đ                                                            5                                              Tặng Phiếu mua hàng Đồng hồ Định vị trẻ em trị giá 100.000đ                                                            6                                              Tặng Phiếu mua hàng Máy lạnh (sản phẩm trên 10tr) trị giá 300.000đ                                                            7                                              Thu cũ đổi mới: Giảm thêm 300,000đ (Không kèm ưu đãi thanh toán qua cổng, mua kèm) (click xem chi tiết).                                                            8                                              NHẬN HOÀN NGAY ĐẾN 800.000đ khi mở thẻ tín dụng VPBANK MWG  (Xem chi tiết tại đây);;https://www.thegioididong.com/laptop/macbook-air-15-inch-m4-24gb-512gb;DEBUG_OOS_MacBook Air 15 inch M4 24GB/512GB_Bạc_115928.png
iPad A16 WiFi 128GB;Hồng;Yes;0;9790000;2026-04-11;Khuyến mãi  trị giá 400.000₫                     Giá và khuyến mãi dự kiến áp dụng đến 23:59 | 30/04                                                                         1                                          Chọn 1 trong các khuyến mãi:                                                      Giảm giá 400,000đ (đã giảm vào giá sản phẩm)                                                                               Tặng phiếu mua hàng Phụ Kiện, Smartwatch, đồng hồ thời trang (trừ Apple, Beats) trị giá 500,000đ                                                                                     2                                              Phiếu mua hàng Apple Pencil trị giá 400,000đ                                                            3                                              Tặng Phiếu mua hàng Máy lạnh (sản phẩm trên 10tr) trị giá 300.000đ                                                            4                                              Thu cũ đổi mới: Giảm đến 2,000,000đ (Không kèm ưu đãi thanh toán qua cổng, mua kèm)  Xem chi tiết                                                            5                                              NHẬN HOÀN NGAY ĐẾN 800.000đ khi mở thẻ tín dụng VPBANK MWG  (Xem chi tiết tại đây);;https://www.thegioididong.com/may-tinh-bang/ipad-11-wifi-128gb;Skipped
iPad Air M3 11 inch WiFi 128GB;Xanh Dương;Yes;3490000;16690000;2026-04-11;Khuyến mãi  trị giá 400.000₫                     Giá và khuyến mãi dự kiến áp dụng đến 23:59 | 30/04                                                                         1                                          Chọn 1 trong các khuyến mãi:                                                      Giảm giá 1,300,000đ (đã giảm vào giá sản phẩm)                                                                               Tặng phiếu mua hàng Phụ Kiện, Smartwatch, đồng hồ thời trang (trừ Apple, Beats) trị giá 1,600,000đ                                                                                     2                                              Phiếu mua hàng Apple Pencil trị giá 400,000đ                                                            3                                              Tặng Phiếu mua hàng Máy lạnh (sản phẩm trên 10tr) trị giá 300.000đ                                                            4                                              Thu cũ đổi mới: Giảm đến 2,000,000đ (Không kèm ưu đãi thanh toán qua cổng, mua kèm)  Xem chi tiết                                                            5                                              NHẬN HOÀN NGAY ĐẾN 800.000đ khi mở thẻ tín dụng VPBANK MWG  (Xem chi tiết tại đây);;https://www.thegioididong.com/may-tinh-bang/ipad-air-m3-11-inch-wifi-128gb;Skipped
MacBook Air 15 inch M4 24GB/512GB;Vàng;No;1600000;41190000;2026-04-11;Khuyến mãi  trị giá 500.000₫                     Giá và khuyến mãi dự kiến áp dụng đến 23:59 | 30/04                                                                         1                                          Chọn 1 trong các khuyến mãi:                                                      Giảm giá 1,700,000đ                                                                               Tặng phiếu mua hàng Phụ Kiện, Smartwatch, đồng hồ thời trang (trừ Apple, Beats) trị giá 2,100,000đ                                                                                     2                                              Phiếu mua hàng Chuột, Bàn phím (Apple) trị giá 500,000đ                                                            3                                              Tặng Phiếu mua hàng trị giá 300.000đ Áp dụng mua Máy in                                                            4                                              Tặng Phiếu mua hàng Màn hình máy tính trị giá 300.000đ                                                            5                                              Tặng Phiếu mua hàng Đồng hồ Định vị trẻ em trị giá 100.000đ                                                            6                                              Tặng Phiếu mua hàng Máy lạnh (sản phẩm trên 10tr) trị giá 300.000đ                                                            7                                              Thu cũ đổi mới: Giảm thêm 300,000đ (Không kèm ưu đãi thanh toán qua cổng, mua kèm) (click xem chi tiết).                                                            8                                              NHẬN HOÀN NGAY ĐẾN 800.000đ khi mở thẻ tín dụng VPBANK MWG  (Xem chi tiết tại đây);;https://www.thegioididong.com/laptop/macbook-air-15-inch-m4-24gb-512gb;DEBUG_OOS_MacBook Air 15 inch M4 24GB/512GB_Vàng_115932.png
iPad Air M3 11 inch 5G 128GB;Xanh Dương;Yes;3490000;20790000;2026-04-11;Khuyến mãi  trị giá 400.000₫                     Giá và khuyến mãi dự kiến áp dụng đến 23:59 | 30/04                                                                         1                                          Chọn 1 trong các khuyến mãi:                                                      Giảm giá 1,300,000đ (đã giảm vào giá sản phẩm)                                                                               Tặng phiếu mua hàng Phụ Kiện, Smartwatch, đồng hồ thời trang (trừ Apple, Beats) trị giá 1,600,000đ                                                                                     2                                              Phiếu mua hàng Apple Pencil trị giá 400,000đ                                                            3                                              Tặng Phiếu mua hàng Máy lạnh (sản phẩm trên 10tr) trị giá 300.000đ                                                            4                                              Thu cũ đổi mới: Giảm đến 2,000,000đ (Không kèm ưu đãi thanh toán qua cổng, mua kèm)  Xem chi tiết                                                            5                                              NHẬN HOÀN NGAY ĐẾN 800.000đ khi mở thẻ tín dụng VPBANK MWG  (Xem chi tiết tại đây);;https://www.thegioididong.com/may-tinh-bang/ipad-air-m3-11-inch-5g-128gb;Skipped
iPad A16 5G 256GB;Vàng;No;0;16790000;2026-04-11;Khuyến mãi  trị giá 400.000₫                     Giá và khuyến mãi dự kiến áp dụng đến 23:59 | 30/04                                                                         1                                          Chọn 1 trong các khuyến mãi:                                                      Giảm giá 400,000đ                                                                               Tặng phiếu mua hàng Phụ Kiện, Smartwatch, đồng hồ thời trang (trừ Apple, Beats) trị giá 500,000đ                                                                                     2                                              Phiếu mua hàng Apple Pencil trị giá 400,000đ                                                            3                                              Tặng Phiếu mua hàng Máy lạnh (sản phẩm trên 10tr) trị giá 300.000đ                                                            4                                              Thu cũ đổi mới: Giảm đến 2,000,000đ (Không kèm ưu đãi thanh toán qua cổng, mua kèm)  Xem chi tiết                                                            5                                              NHẬN HOÀN NGAY ĐẾN 800.000đ khi mở thẻ tín dụng VPBANK MWG  (Xem chi tiết tại đây);;https://www.thegioididong.com/may-tinh-bang/ipad-11-5g-128gb;DEBUG_OOS_iPad A16 5G 256GB_Vàng_115934.png
MacBook Air 15 inch M4 24GB/512GB;Xanh đen;No;1600000;41190000;2026-04-11;Khuyến mãi  trị giá 500.000₫                     Giá và khuyến mãi dự kiến áp dụng đến 23:59 | 30/04                                                                         1                                          Chọn 1 trong các khuyến mãi:                                                      Giảm giá 1,700,000đ                                                                               Tặng phiếu mua hàng Phụ Kiện, Smartwatch, đồng hồ thời trang (trừ Apple, Beats) trị giá 2,100,000đ                                                                                     2                                              Phiếu mua hàng Chuột, Bàn phím (Apple) trị giá 500,000đ                                                            3                                              Tặng Phiếu mua hàng trị giá 300.000đ Áp dụng mua Máy in                                                            4                                              Tặng Phiếu mua hàng Màn hình máy tính trị giá 300.000đ                                                            5                                              Tặng Phiếu mua hàng Đồng hồ Định vị trẻ em trị giá 100.000đ                                                            6                                              Tặng Phiếu mua hàng Máy lạnh (sản phẩm trên 10tr) trị giá 300.000đ                                                            7                                              Thu cũ đổi mới: Giảm thêm 300,000đ (Không kèm ưu đãi thanh toán qua cổng, mua kèm) (click xem chi tiết).                                                            8                                              NHẬN HOÀN NGAY ĐẾN 800.000đ khi mở thẻ tín dụng VPBANK MWG  (Xem chi tiết tại đây);;https://www.thegioididong.com/laptop/macbook-air-15-inch-m4-24gb-512gb;DEBUG_OOS_MacBook Air 15 inch M4 24GB/512GB_Xanh đen_115935.png
MacBook Air 15 inch M4 24GB/512GB;Xanh da trời nhạt;No;1600000;41190000;2026-04-11;Khuyến mãi  trị giá 500.000₫                     Giá và khuyến mãi dự kiến áp dụng đến 23:59 | 30/04                                                                         1                                          Chọn 1 trong các khuyến mãi:                                                      Giảm giá 1,700,000đ                                                                               Tặng phiếu mua hàng Phụ Kiện, Smartwatch, đồng hồ thời trang (trừ Apple, Beats) trị giá 2,100,000đ                                                                                     2                                              Phiếu mua hàng Chuột, Bàn phím (Apple) trị giá 500,000đ                                                            3                                              Tặng Phiếu mua hàng trị giá 300.000đ Áp dụng mua Máy in                                                            4                                              Tặng Phiếu mua hàng Màn hình máy tính trị giá 300.000đ                                                            5                                              Tặng Phiếu mua hàng Đồng hồ Định vị trẻ em trị giá 100.000đ                                                            6                                              Tặng Phiếu mua hàng Máy lạnh (sản phẩm trên 10tr) trị giá 300.000đ                                                            7                                              Thu cũ đổi mới: Giảm thêm 300,000đ (Không kèm ưu đãi thanh toán qua cổng, mua kèm) (click xem chi tiết).                                                            8                                              NHẬN HOÀN NGAY ĐẾN 800.000đ khi mở thẻ tín dụng VPBANK MWG  (Xem chi tiết tại đây);;https://www.thegioididong.com/laptop/macbook-air-15-inch-m4-24gb-512gb;DEBUG_OOS_MacBook Air 15 inch M4 24GB/512GB_Xanh da trời nhạt_115939.png
iPad A16 WiFi 256GB;Xanh Dương;Yes;0;12590000;2026-04-11;Khuyến mãi  trị giá 400.000₫                     Giá và khuyến mãi dự kiến áp dụng đến 23:59 | 30/04                                                                         1                                          Chọn 1 trong các khuyến mãi:                                                      Giảm giá 200,000đ (đã giảm vào giá sản phẩm)                                                                               Tặng phiếu mua hàng Phụ Kiện, Smartwatch, đồng hồ thời trang (trừ Apple, Beats) trị giá 250,000đ                                                                                     2                                              Phiếu mua hàng Apple Pencil trị giá 400,000đ                                                            3                                              Tặng Phiếu mua hàng Máy lạnh (sản phẩm trên 10tr) trị giá 300.000đ                                                            4                                              Thu cũ đổi mới: Giảm đến 2,000,000đ (Không kèm ưu đãi thanh toán qua cổng, mua kèm)  Xem chi tiết                                                            5                                              NHẬN HOÀN NGAY ĐẾN 800.000đ khi mở thẻ tín dụng VPBANK MWG  (Xem chi tiết tại đây);;https://www.thegioididong.com/may-tinh-bang/ipad-11-wifi-128gb;Skipped
iPad A16 5G 256GB;Bạc;No;0;16790000;2026-04-11;Khuyến mãi  trị giá 400.000₫                     Giá và khuyến mãi dự kiến áp dụng đến 23:59 | 30/04                                                                         1                                          Chọn 1 trong các khuyến mãi:                                                      Giảm giá 400,000đ                                                                               Tặng phiếu mua hàng Phụ Kiện, Smartwatch, đồng hồ thời trang (trừ Apple, Beats) trị giá 500,000đ                                                                                     2                                              Phiếu mua hàng Apple Pencil trị giá 400,000đ                                                            3                                              Tặng Phiếu mua hàng Máy lạnh (sản phẩm trên 10tr) trị giá 300.000đ                                                            4                                              Thu cũ đổi mới: Giảm đến 2,000,000đ (Không kèm ưu đãi thanh toán qua cổng, mua kèm)  Xem chi tiết                                                            5                                              NHẬN HOÀN NGAY ĐẾN 800.000đ khi mở thẻ tín dụng VPBANK MWG  (Xem chi tiết tại đây);;https://www.thegioididong.com/may-tinh-bang/ipad-11-5g-128gb;DEBUG_OOS_iPad A16 5G 256GB_Bạc_115939.png
iPad Air M3 11 inch WiFi 128GB;Đen - Xám;Yes;3490000;16690000;2026-04-11;Khuyến mãi  trị giá 400.000₫                     Giá và khuyến mãi dự kiến áp dụng đến 23:59 | 30/04                                                                         1                                          Chọn 1 trong các khuyến mãi:                                                      Giảm giá 1,300,000đ (đã giảm vào giá sản phẩm)                                                                               Tặng phiếu mua hàng Phụ Kiện, Smartwatch, đồng hồ thời trang (trừ Apple, Beats) trị giá 1,600,000đ                                                                                     2                                              Phiếu mua hàng Apple Pencil trị giá 400,000đ                                                            3                                              Tặng Phiếu mua hàng Máy lạnh (sản phẩm trên 10tr) trị giá 300.000đ                                                            4                                              Thu cũ đổi mới: Giảm đến 2,000,000đ (Không kèm ưu đãi thanh toán qua cổng, mua kèm)  Xem chi tiết                                                            5                                              NHẬN HOÀN NGAY ĐẾN 800.000đ khi mở thẻ tín dụng VPBANK MWG  (Xem chi tiết tại đây);;https://www.thegioididong.com/may-tinh-bang/ipad-air-m3-11-inch-wifi-128gb;Skipped
iPad Air M3 11 inch 5G 128GB;Trắng Starlight;Yes;3490000;20790000;2026-04-11;Khuyến mãi  trị giá 400.000₫                     Giá và khuyến mãi dự kiến áp dụng đến 23:59 | 30/04                                                                         1                                          Chọn 1 trong các khuyến mãi:                                                      Giảm giá 1,300,000đ (đã giảm vào giá sản phẩm)                                                                               Tặng phiếu mua hàng Phụ Kiện, Smartwatch, đồng hồ thời trang (trừ Apple, Beats) trị giá 1,600,000đ                                                                                     2                                              Phiếu mua hàng Apple Pencil trị giá 400,000đ                                                            3                                              Tặng Phiếu mua hàng Máy lạnh (sản phẩm trên 10tr) trị giá 300.000đ                                                            4                                              Thu cũ đổi mới: Giảm đến 2,000,000đ (Không kèm ưu đãi thanh toán qua cổng, mua kèm)  Xem chi tiết                                                            5                                              NHẬN HOÀN NGAY ĐẾN 800.000đ khi mở thẻ tín dụng VPBANK MWG  (Xem chi tiết tại đây);;https://www.thegioididong.com/may-tinh-bang/ipad-air-m3-11-inch-5g-128gb;Skipped
iPad A16 5G 256GB;Hồng;No;0;16790000;2026-04-11;Khuyến mãi  trị giá 400.000₫                     Giá và khuyến mãi dự kiến áp dụng đến 23:59 | 30/04                                                                         1                                          Chọn 1 trong các khuyến mãi:                                                      Giảm giá 400,000đ                                                                               Tặng phiếu mua hàng Phụ Kiện, Smartwatch, đồng hồ thời trang (trừ Apple, Beats) trị giá 500,000đ                                                                                     2                                              Phiếu mua hàng Apple Pencil trị giá 400,000đ                                                            3                                              Tặng Phiếu mua hàng Máy lạnh (sản phẩm trên 10tr) trị giá 300.000đ                                                            4                                              Thu cũ đổi mới: Giảm đến 2,000,000đ (Không kèm ưu đãi thanh toán qua cổng, mua kèm)  Xem chi tiết                                                            5                                              NHẬN HOÀN NGAY ĐẾN 800.000đ khi mở thẻ tín dụng VPBANK MWG  (Xem chi tiết tại đây);;https://www.thegioididong.com/may-tinh-bang/ipad-11-5g-128gb;DEBUG_OOS_iPad A16 5G 256GB_Hồng_115943.png
MacBook Air 15 inch M4 24GB/512GB;Xanh Da Trời;No;0;0;2026-04-11;;;https://www.thegioididong.com/laptop/macbook-air-15-inch-m4-24gb-512gb;DEBUG_OOS_MacBook Air 15 inch M4 24GB/512GB_Xanh Da Trời_115945.png
iPad A16 WiFi 256GB;Bạc;Yes;0;12590000;2026-04-11;Khuyến mãi  trị giá 400.000₫                     Giá và khuyến mãi dự kiến áp dụng đến 23:59 | 30/04                                                                         1                                          Chọn 1 trong các khuyến mãi:                                                      Giảm giá 200,000đ (đã giảm vào giá sản phẩm)                                                                               Tặng phiếu mua hàng Phụ Kiện, Smartwatch, đồng hồ thời trang (trừ Apple, Beats) trị giá 250,000đ                                                                                     2                                              Phiếu mua hàng Apple Pencil trị giá 400,000đ                                                            3                                              Tặng Phiếu mua hàng Máy lạnh (sản phẩm trên 10tr) trị giá 300.000đ                                                            4                                              Thu cũ đổi mới: Giảm đến 2,000,000đ (Không kèm ưu đãi thanh toán qua cổng, mua kèm)  Xem chi tiết                                                            5                                              NHẬN HOÀN NGAY ĐẾN 800.000đ khi mở thẻ tín dụng VPBANK MWG  (Xem chi tiết tại đây);;https://www.thegioididong.com/may-tinh-bang/ipad-11-wifi-128gb;Skipped
iPad Air M3 11 inch WiFi 128GB;Tím;Yes;3490000;16690000;2026-04-11;Khuyến mãi  trị giá 400.000₫                     Giá và khuyến mãi dự kiến áp dụng đến 23:59 | 30/04                                                                         1                                          Chọn 1 trong các khuyến mãi:                                                      Giảm giá 1,300,000đ (đã giảm vào giá sản phẩm)                                                                               Tặng phiếu mua hàng Phụ Kiện, Smartwatch, đồng hồ thời trang (trừ Apple, Beats) trị giá 1,600,000đ                                                                                     2                                              Phiếu mua hàng Apple Pencil trị giá 400,000đ                                                            3                                              Tặng Phiếu mua hàng Máy lạnh (sản phẩm trên 10tr) trị giá 300.000đ                                                            4                                              Thu cũ đổi mới: Giảm đến 2,000,000đ (Không kèm ưu đãi thanh toán qua cổng, mua kèm)  Xem chi tiết                                                            5                                              NHẬN HOÀN NGAY ĐẾN 800.000đ khi mở thẻ tín dụng VPBANK MWG  (Xem chi tiết tại đây);;https://www.thegioididong.com/may-tinh-bang/ipad-air-m3-11-inch-wifi-128gb;Skipped
iPad Air M3 11 inch 5G 128GB;Đen - Xám;Yes;3490000;20790000;2026-04-11;Khuyến mãi  trị giá 400.000₫                     Giá và khuyến mãi dự kiến áp dụng đến 23:59 | 30/04                                                                         1                                          Chọn 1 trong các khuyến mãi:                                                      Giảm giá 1,300,000đ (đã giảm vào giá sản phẩm)                                                                               Tặng phiếu mua hàng Phụ Kiện, Smartwatch, đồng hồ thời trang (trừ Apple, Beats) trị giá 1,600,000đ                                                                                     2                                              Phiếu mua hàng Apple Pencil trị giá 400,000đ                                                            3                                              Tặng Phiếu mua hàng Máy lạnh (sản phẩm trên 10tr) trị giá 300.000đ                                                            4                                              Thu cũ đổi mới: Giảm đến 2,000,000đ (Không kèm ưu đãi thanh toán qua cổng, mua kèm)  Xem chi tiết                                                            5                                              NHẬN HOÀN NGAY ĐẾN 800.000đ khi mở thẻ tín dụng VPBANK MWG  (Xem chi tiết tại đây);;https://www.thegioididong.com/may-tinh-bang/ipad-air-m3-11-inch-5g-128gb;Skipped
iPad A16 5G 256GB;Xanh Dương;Yes;0;16790000;2026-04-11;Khuyến mãi  trị giá 400.000₫                     Giá và khuyến mãi dự kiến áp dụng đến 23:59 | 30/04                                                                         1                                          Chọn 1 trong các khuyến mãi:                                                      Giảm giá 400,000đ (đã giảm vào giá sản phẩm)                                                                               Tặng phiếu mua hàng Phụ Kiện, Smartwatch, đồng hồ thời trang (trừ Apple, Beats) trị giá 500,000đ                                                                                     2                                              Phiếu mua hàng Apple Pencil trị giá 400,000đ                                                            3                                              Tặng Phiếu mua hàng Máy lạnh (sản phẩm trên 10tr) trị giá 300.000đ                                                            4                                              Thu cũ đổi mới: Giảm đến 2,000,000đ (Không kèm ưu đãi thanh toán qua cổng, mua kèm)  Xem chi tiết                                                            5                                              NHẬN HOÀN NGAY ĐẾN 800.000đ khi mở thẻ tín dụng VPBANK MWG  (Xem chi tiết tại đây);;https://www.thegioididong.com/may-tinh-bang/ipad-11-5g-128gb;Skipped
MacBook Air 15 inch M4 24GB/512GB;Bạc;No;1600000;41190000;2026-04-11;Khuyến mãi  trị giá 500.000₫                     Giá và khuyến mãi dự kiến áp dụng đến 23:59 | 30/04                                                                         1                                          Chọn 1 trong các khuyến mãi:                                                      Giảm giá 1,700,000đ                                                                               Tặng phiếu mua hàng Phụ Kiện, Smartwatch, đồng hồ thời trang (trừ Apple, Beats) trị giá 2,100,000đ                                                                                     2                                              Phiếu mua hàng Chuột, Bàn phím (Apple) trị giá 500,000đ                                                            3                                              Tặng Phiếu mua hàng trị giá 300.000đ Áp dụng mua Máy in                                                            4                                              Tặng Phiếu mua hàng Màn hình máy tính trị giá 300.000đ                                                            5                                              Tặng Phiếu mua hàng Đồng hồ Định vị trẻ em trị giá 100.000đ                                                            6                                              Tặng Phiếu mua hàng Máy lạnh (sản phẩm trên 10tr) trị giá 300.000đ                                                            7                                              Thu cũ đổi mới: Giảm thêm 300,000đ (Không kèm ưu đãi thanh toán qua cổng, mua kèm) (click xem chi tiết).                                                            8                                              NHẬN HOÀN NGAY ĐẾN 800.000đ khi mở thẻ tín dụng VPBANK MWG  (Xem chi tiết tại đây);;https://www.thegioididong.com/laptop/macbook-air-15-inch-m4-24gb-512gb;DEBUG_OOS_MacBook Air 15 inch M4 24GB/512GB_Bạc_115951.png
iPad A16 WiFi 256GB;Vàng;Yes;0;12590000;2026-04-11;Khuyến mãi  trị giá 400.000₫                     Giá và khuyến mãi dự kiến áp dụng đến 23:59 | 30/04                                                                         1                                          Chọn 1 trong các khuyến mãi:                                                      Giảm giá 200,000đ (đã giảm vào giá sản phẩm)                                                                               Tặng phiếu mua hàng Phụ Kiện, Smartwatch, đồng hồ thời trang (trừ Apple, Beats) trị giá 250,000đ                                                                                     2                                              Phiếu mua hàng Apple Pencil trị giá 400,000đ                                                            3                                              Tặng Phiếu mua hàng Máy lạnh (sản phẩm trên 10tr) trị giá 300.000đ                                                            4                                              Thu cũ đổi mới: Giảm đến 2,000,000đ (Không kèm ưu đãi thanh toán qua cổng, mua kèm)  Xem chi tiết                                                            5                                              NHẬN HOÀN NGAY ĐẾN 800.000đ khi mở thẻ tín dụng VPBANK MWG  (Xem chi tiết tại đây);;https://www.thegioididong.com/may-tinh-bang/ipad-11-wifi-128gb;Skipped
MacBook Air 15 inch M4 24GB/512GB;Vàng;No;1600000;41190000;2026-04-11;Khuyến mãi  trị giá 500.000₫                     Giá và khuyến mãi dự kiến áp dụng đến 23:59 | 30/04                                                                         1                                          Chọn 1 trong các khuyến mãi:                                                      Giảm giá 1,700,000đ                                                                               Tặng phiếu mua hàng Phụ Kiện, Smartwatch, đồng hồ thời trang (trừ Apple, Beats) trị giá 2,100,000đ                                                                                     2                                              Phiếu mua hàng Chuột, Bàn phím (Apple) trị giá 500,000đ                                                            3                                              Tặng Phiếu mua hàng trị giá 300.000đ Áp dụng mua Máy in                                                            4                                              Tặng Phiếu mua hàng Màn hình máy tính trị giá 300.000đ                                                            5                                              Tặng Phiếu mua hàng Đồng hồ Định vị trẻ em trị giá 100.000đ                                                            6                                              Tặng Phiếu mua hàng Máy lạnh (sản phẩm trên 10tr) trị giá 300.000đ                                                            7                                              Thu cũ đổi mới: Giảm thêm 300,000đ (Không kèm ưu đãi thanh toán qua cổng, mua kèm) (click xem chi tiết).                                                            8                                              NHẬN HOÀN NGAY ĐẾN 800.000đ khi mở thẻ tín dụng VPBANK MWG  (Xem chi tiết tại đây);;https://www.thegioididong.com/laptop/macbook-air-15-inch-m4-24gb-512gb;DEBUG_OOS_MacBook Air 15 inch M4 24GB/512GB_Vàng_115954.png
iPad A16 5G 256GB;Vàng;No;0;16790000;2026-04-11;Khuyến mãi  trị giá 400.000₫                     Giá và khuyến mãi dự kiến áp dụng đến 23:59 | 30/04                                                                         1                                          Chọn 1 trong các khuyến mãi:                                                      Giảm giá 400,000đ                                                                               Tặng phiếu mua hàng Phụ Kiện, Smartwatch, đồng hồ thời trang (trừ Apple, Beats) trị giá 500,000đ                                                                                     2                                              Phiếu mua hàng Apple Pencil trị giá 400,000đ                                                            3                                              Tặng Phiếu mua hàng Máy lạnh (sản phẩm trên 10tr) trị giá 300.000đ                                                            4                                              Thu cũ đổi mới: Giảm đến 2,000,000đ (Không kèm ưu đãi thanh toán qua cổng, mua kèm)  Xem chi tiết                                                            5                                              NHẬN HOÀN NGAY ĐẾN 800.000đ khi mở thẻ tín dụng VPBANK MWG  (Xem chi tiết tại đây);;https://www.thegioididong.com/may-tinh-bang/ipad-11-5g-128gb;DEBUG_OOS_iPad A16 5G 256GB_Vàng_115954.png
iPad Air M3 11 inch 5G 128GB;Tím;Yes;3490000;20790000;2026-04-11;Khuyến mãi  trị giá 400.000₫                     Giá và khuyến mãi dự kiến áp dụng đến 23:59 | 30/04                                                                         1                                          Chọn 1 trong các khuyến mãi:                                                      Giảm giá 1,300,000đ (đã giảm vào giá sản phẩm)                                                                               Tặng phiếu mua hàng Phụ Kiện, Smartwatch, đồng hồ thời trang (trừ Apple, Beats) trị giá 1,600,000đ                                                                                     2                                              Phiếu mua hàng Apple Pencil trị giá 400,000đ                                                            3                                              Tặng Phiếu mua hàng Máy lạnh (sản phẩm trên 10tr) trị giá 300.000đ                                                            4                                              Thu cũ đổi mới: Giảm đến 2,000,000đ (Không kèm ưu đãi thanh toán qua cổng, mua kèm)  Xem chi tiết                                                            5                                              NHẬN HOÀN NGAY ĐẾN 800.000đ khi mở thẻ tín dụng VPBANK MWG  (Xem chi tiết tại đây);;https://www.thegioididong.com/may-tinh-bang/ipad-air-m3-11-inch-5g-128gb;Skipped
iPad Air M3 11 inch WiFi 128GB;Trắng Starlight;Yes;3490000;16690000;2026-04-11;Khuyến mãi  trị giá 400.000₫                     Giá và khuyến mãi dự kiến áp dụng đến 23:59 | 30/04                                                                         1                                          Chọn 1 trong các khuyến mãi:                                                      Giảm giá 1,300,000đ (đã giảm vào giá sản phẩm)                                                                               Tặng phiếu mua hàng Phụ Kiện, Smartwatch, đồng hồ thời trang (trừ Apple, Beats) trị giá 1,600,000đ                                                                                     2                                              Phiếu mua hàng Apple Pencil trị giá 400,000đ                                                            3                                              Tặng Phiếu mua hàng Máy lạnh (sản phẩm trên 10tr) trị giá 300.000đ                                                            4                                              Thu cũ đổi mới: Giảm đến 2,000,000đ (Không kèm ưu đãi thanh toán qua cổng, mua kèm)  Xem chi tiết                                                            5                                              NHẬN HOÀN NGAY ĐẾN 800.000đ khi mở thẻ tín dụng VPBANK MWG  (Xem chi tiết tại đây);;https://www.thegioididong.com/may-tinh-bang/ipad-air-m3-11-inch-wifi-128gb;Skipped
MacBook Air 15 inch M4 24GB/512GB;Xanh đen;No;1600000;41190000;2026-04-11;Khuyến mãi  trị giá 500.000₫                     Giá và khuyến mãi dự kiến áp dụng đến 23:59 | 30/04                                                                         1                                          Chọn 1 trong các khuyến mãi:                                                      Giảm giá 1,700,000đ                                                                               Tặng phiếu mua hàng Phụ Kiện, Smartwatch, đồng hồ thời trang (trừ Apple, Beats) trị giá 2,100,000đ                                                                                     2                                              Phiếu mua hàng Chuột, Bàn phím (Apple) trị giá 500,000đ                                                            3                                              Tặng Phiếu mua hàng trị giá 300.000đ Áp dụng mua Máy in                                                            4                                              Tặng Phiếu mua hàng Màn hình máy tính trị giá 300.000đ                                                            5                                              Tặng Phiếu mua hàng Đồng hồ Định vị trẻ em trị giá 100.000đ                                                            6                                              Tặng Phiếu mua hàng Máy lạnh (sản phẩm trên 10tr) trị giá 300.000đ                                                            7                                              Thu cũ đổi mới: Giảm thêm 300,000đ (Không kèm ưu đãi thanh toán qua cổng, mua kèm) (click xem chi tiết).                                                            8                                              NHẬN HOÀN NGAY ĐẾN 800.000đ khi mở thẻ tín dụng VPBANK MWG  (Xem chi tiết tại đây);;https://www.thegioididong.com/laptop/macbook-air-15-inch-m4-24gb-512gb;DEBUG_OOS_MacBook Air 15 inch M4 24GB/512GB_Xanh đen_115957.png
iPad A16 5G 256GB;Bạc;No;0;16790000;2026-04-11;Khuyến mãi  trị giá 400.000₫                     Giá và khuyến mãi dự kiến áp dụng đến 23:59 | 30/04                                                                         1                                          Chọn 1 trong các khuyến mãi:                                                      Giảm giá 400,000đ                                                                               Tặng phiếu mua hàng Phụ Kiện, Smartwatch, đồng hồ thời trang (trừ Apple, Beats) trị giá 500,000đ                                                                                     2                                              Phiếu mua hàng Apple Pencil trị giá 400,000đ                                                            3                                              Tặng Phiếu mua hàng Máy lạnh (sản phẩm trên 10tr) trị giá 300.000đ                                                            4                                              Thu cũ đổi mới: Giảm đến 2,000,000đ (Không kèm ưu đãi thanh toán qua cổng, mua kèm)  Xem chi tiết                                                            5                                              NHẬN HOÀN NGAY ĐẾN 800.000đ khi mở thẻ tín dụng VPBANK MWG  (Xem chi tiết tại đây);;https://www.thegioididong.com/may-tinh-bang/ipad-11-5g-128gb;DEBUG_OOS_iPad A16 5G 256GB_Bạc_115958.png
iPad A16 WiFi 256GB;Hồng;Yes;0;12590000;2026-04-11;Khuyến mãi  trị giá 400.000₫                     Giá và khuyến mãi dự kiến áp dụng đến 23:59 | 30/04                                                                         1                                          Chọn 1 trong các khuyến mãi:                                                      Giảm giá 200,000đ (đã giảm vào giá sản phẩm)                                                                               Tặng phiếu mua hàng Phụ Kiện, Smartwatch, đồng hồ thời trang (trừ Apple, Beats) trị giá 250,000đ                                                                                     2                                              Phiếu mua hàng Apple Pencil trị giá 400,000đ                                                            3                                              Tặng Phiếu mua hàng Máy lạnh (sản phẩm trên 10tr) trị giá 300.000đ                                                            4                                              Thu cũ đổi mới: Giảm đến 2,000,000đ (Không kèm ưu đãi thanh toán qua cổng, mua kèm)  Xem chi tiết                                                            5                                              NHẬN HOÀN NGAY ĐẾN 800.000đ khi mở thẻ tín dụng VPBANK MWG  (Xem chi tiết tại đây);;https://www.thegioididong.com/may-tinh-bang/ipad-11-wifi-128gb;Skipped
MacBook Air 15 inch M4 24GB/512GB;Xanh da trời nhạt;No;1600000;41190000;2026-04-11;Khuyến mãi  trị giá 500.000₫                     Giá và khuyến mãi dự kiến áp dụng đến 23:59 | 30/04                                                                         1                                          Chọn 1 trong các khuyến mãi:                                                      Giảm giá 1,700,000đ                                                                               Tặng phiếu mua hàng Phụ Kiện, Smartwatch, đồng hồ thời trang (trừ Apple, Beats) trị giá 2,100,000đ                                                                                     2                                              Phiếu mua hàng Chuột, Bàn phím (Apple) trị giá 500,000đ                                                            3                                              Tặng Phiếu mua hàng trị giá 300.000đ Áp dụng mua Máy in                                                            4                                              Tặng Phiếu mua hàng Màn hình máy tính trị giá 300.000đ                                                            5                                              Tặng Phiếu mua hàng Đồng hồ Định vị trẻ em trị giá 100.000đ                                                            6                                              Tặng Phiếu mua hàng Máy lạnh (sản phẩm trên 10tr) trị giá 300.000đ                                                            7                                              Thu cũ đổi mới: Giảm thêm 300,000đ (Không kèm ưu đãi thanh toán qua cổng, mua kèm) (click xem chi tiết).                                                            8                                              NHẬN HOÀN NGAY ĐẾN 800.000đ khi mở thẻ tín dụng VPBANK MWG  (Xem chi tiết tại đây);;https://www.thegioididong.com/laptop/macbook-air-15-inch-m4-24gb-512gb;DEBUG_OOS_MacBook Air 15 inch M4 24GB/512GB_Xanh da trời nhạt_120001.png
iPad Air M3 11 inch 5G 128GB;Xanh Dương;Yes;3490000;20790000;2026-04-11;Khuyến mãi  trị giá 400.000₫                     Giá và khuyến mãi dự kiến áp dụng đến 23:59 | 30/04                                                                         1                                          Chọn 1 trong các khuyến mãi:                                                      Giảm giá 1,300,000đ (đã giảm vào giá sản phẩm)                                                                               Tặng phiếu mua hàng Phụ Kiện, Smartwatch, đồng hồ thời trang (trừ Apple, Beats) trị giá 1,600,000đ                                                                                     2                                              Phiếu mua hàng Apple Pencil trị giá 400,000đ                                                            3                                              Tặng Phiếu mua hàng Máy lạnh (sản phẩm trên 10tr) trị giá 300.000đ                                                            4                                              Thu cũ đổi mới: Giảm đến 2,000,000đ (Không kèm ưu đãi thanh toán qua cổng, mua kèm)  Xem chi tiết                                                            5                                              NHẬN HOÀN NGAY ĐẾN 800.000đ khi mở thẻ tín dụng VPBANK MWG  (Xem chi tiết tại đây);;https://www.thegioididong.com/may-tinh-bang/ipad-air-m3-11-inch-5g-128gb;Skipped
iPad A16 5G 256GB;Hồng;No;0;16790000;2026-04-11;Khuyến mãi  trị giá 400.000₫                     Giá và khuyến mãi dự kiến áp dụng đến 23:59 | 30/04                                                                         1                                          Chọn 1 trong các khuyến mãi:                                                      Giảm giá 400,000đ                                                                               Tặng phiếu mua hàng Phụ Kiện, Smartwatch, đồng hồ thời trang (trừ Apple, Beats) trị giá 500,000đ                                                                                     2                                              Phiếu mua hàng Apple Pencil trị giá 400,000đ                                                            3                                              Tặng Phiếu mua hàng Máy lạnh (sản phẩm trên 10tr) trị giá 300.000đ                                                            4                                              Thu cũ đổi mới: Giảm đến 2,000,000đ (Không kèm ưu đãi thanh toán qua cổng, mua kèm)  Xem chi tiết                                                            5                                              NHẬN HOÀN NGAY ĐẾN 800.000đ khi mở thẻ tín dụng VPBANK MWG  (Xem chi tiết tại đây);;https://www.thegioididong.com/may-tinh-bang/ipad-11-5g-128gb;DEBUG_OOS_iPad A16 5G 256GB_Hồng_120001.png
iPad Air M3 11 inch WiFi 128GB;Xanh Dương;Yes;3490000;16690000;2026-04-11;Khuyến mãi  trị giá 400.000₫                     Giá và khuyến mãi dự kiến áp dụng đến 23:59 | 30/04                                                                         1                                          Chọn 1 trong các khuyến mãi:                                                      Giảm giá 1,300,000đ (đã giảm vào giá sản phẩm)                                                                               Tặng phiếu mua hàng Phụ Kiện, Smartwatch, đồng hồ thời trang (trừ Apple, Beats) trị giá 1,600,000đ                                                                                     2                                              Phiếu mua hàng Apple Pencil trị giá 400,000đ                                                            3                                              Tặng Phiếu mua hàng Máy lạnh (sản phẩm trên 10tr) trị giá 300.000đ                                                            4                                              Thu cũ đổi mới: Giảm đến 2,000,000đ (Không kèm ưu đãi thanh toán qua cổng, mua kèm)  Xem chi tiết                                                            5                                              NHẬN HOÀN NGAY ĐẾN 800.000đ khi mở thẻ tín dụng VPBANK MWG  (Xem chi tiết tại đây);;https://www.thegioididong.com/may-tinh-bang/ipad-air-m3-11-inch-wifi-128gb;Skipped
MacBook Air 15 inch M4 24GB/512GB;Xanh Da Trời;No;0;0;2026-04-11;;;https://www.thegioididong.com/laptop/macbook-air-15-inch-m4-24gb-512gb;DEBUG_OOS_MacBook Air 15 inch M4 24GB/512GB_Xanh Da Trời_120007.png
iPad Air M3 11 inch 5G 128GB;Trắng Starlight;Yes;3490000;20790000;2026-04-11;Khuyến mãi  trị giá 400.000₫                     Giá và khuyến mãi dự kiến áp dụng đến 23:59 | 30/04                                                                         1                                          Chọn 1 trong các khuyến mãi:                                                      Giảm giá 1,300,000đ (đã giảm vào giá sản phẩm)                                                                               Tặng phiếu mua hàng Phụ Kiện, Smartwatch, đồng hồ thời trang (trừ Apple, Beats) trị giá 1,600,000đ                                                                                     2                                              Phiếu mua hàng Apple Pencil trị giá 400,000đ                                                            3                                              Tặng Phiếu mua hàng Máy lạnh (sản phẩm trên 10tr) trị giá 300.000đ                                                            4                                              Thu cũ đổi mới: Giảm đến 2,000,000đ (Không kèm ưu đãi thanh toán qua cổng, mua kèm)  Xem chi tiết                                                            5                                              NHẬN HOÀN NGAY ĐẾN 800.000đ khi mở thẻ tín dụng VPBANK MWG  (Xem chi tiết tại đây);;https://www.thegioididong.com/may-tinh-bang/ipad-air-m3-11-inch-5g-128gb;Skipped
iPad A16 WiFi 256GB;Xanh Dương;Yes;0;12590000;2026-04-11;Khuyến mãi  trị giá 400.000₫                     Giá và khuyến mãi dự kiến áp dụng đến 23:59 | 30/04                                                                         1                                          Chọn 1 trong các khuyến mãi:                                                      Giảm giá 200,000đ (đã giảm vào giá sản phẩm)                                                                               Tặng phiếu mua hàng Phụ Kiện, Smartwatch, đồng hồ thời trang (trừ Apple, Beats) trị giá 250,000đ                                                                                     2                                              Phiếu mua hàng Apple Pencil trị giá 400,000đ                                                            3                                              Tặng Phiếu mua hàng Máy lạnh (sản phẩm trên 10tr) trị giá 300.000đ                                                            4                                              Thu cũ đổi mới: Giảm đến 2,000,000đ (Không kèm ưu đãi thanh toán qua cổng, mua kèm)  Xem chi tiết                                                            5                                              NHẬN HOÀN NGAY ĐẾN 800.000đ khi mở thẻ tín dụng VPBANK MWG  (Xem chi tiết tại đây);;https://www.thegioididong.com/may-tinh-bang/ipad-11-wifi-128gb;Skipped
iPad A16 5G 256GB;Xanh Dương;Yes;0;16790000;2026-04-11;Khuyến mãi  trị giá 400.000₫                     Giá và khuyến mãi dự kiến áp dụng đến 23:59 | 30/04                                                                         1                                          Chọn 1 trong các khuyến mãi:                                                      Giảm giá 400,000đ (đã giảm vào giá sản phẩm)                                                                               Tặng phiếu mua hàng Phụ Kiện, Smartwatch, đồng hồ thời trang (trừ Apple, Beats) trị giá 500,000đ                                                                                     2                                              Phiếu mua hàng Apple Pencil trị giá 400,000đ                                                            3                                              Tặng Phiếu mua hàng Máy lạnh (sản phẩm trên 10tr) trị giá 300.000đ                                                            4                                              Thu cũ đổi mới: Giảm đến 2,000,000đ (Không kèm ưu đãi thanh toán qua cổng, mua kèm)  Xem chi tiết                                                            5                                              NHẬN HOÀN NGAY ĐẾN 800.000đ khi mở thẻ tín dụng VPBANK MWG  (Xem chi tiết tại đây);;https://www.thegioididong.com/may-tinh-bang/ipad-11-5g-128gb;Skipped
iPad Air M3 11 inch WiFi 128GB;Đen - Xám;Yes;3490000;16690000;2026-04-11;Khuyến mãi  trị giá 400.000₫                     Giá và khuyến mãi dự kiến áp dụng đến 23:59 | 30/04                                                                         1                                          Chọn 1 trong các khuyến mãi:                                                      Giảm giá 1,300,000đ (đã giảm vào giá sản phẩm)                                                                               Tặng phiếu mua hàng Phụ Kiện, Smartwatch, đồng hồ thời trang (trừ Apple, Beats) trị giá 1,600,000đ                                                                                     2                                              Phiếu mua hàng Apple Pencil trị giá 400,000đ                                                            3                                              Tặng Phiếu mua hàng Máy lạnh (sản phẩm trên 10tr) trị giá 300.000đ                                                            4                                              Thu cũ đổi mới: Giảm đến 2,000,000đ (Không kèm ưu đãi thanh toán qua cổng, mua kèm)  Xem chi tiết                                                            5                                              NHẬN HOÀN NGAY ĐẾN 800.000đ khi mở thẻ tín dụng VPBANK MWG  (Xem chi tiết tại đây);;https://www.thegioididong.com/may-tinh-bang/ipad-air-m3-11-inch-wifi-128gb;Skipped
iPad A16 5G 256GB;Vàng;No;0;16790000;2026-04-11;Khuyến mãi  trị giá 400.000₫                     Giá và khuyến mãi dự kiến áp dụng đến 23:59 | 30/04                                                                         1                                          Chọn 1 trong các khuyến mãi:                                                      Giảm giá 400,000đ                                                                               Tặng phiếu mua hàng Phụ Kiện, Smartwatch, đồng hồ thời trang (trừ Apple, Beats) trị giá 500,000đ                                                                                     2                                              Phiếu mua hàng Apple Pencil trị giá 400,000đ                                                            3                                              Tặng Phiếu mua hàng Máy lạnh (sản phẩm trên 10tr) trị giá 300.000đ                                                            4                                              Thu cũ đổi mới: Giảm đến 2,000,000đ (Không kèm ưu đãi thanh toán qua cổng, mua kèm)  Xem chi tiết                                                            5                                              NHẬN HOÀN NGAY ĐẾN 800.000đ khi mở thẻ tín dụng VPBANK MWG  (Xem chi tiết tại đây);;https://www.thegioididong.com/may-tinh-bang/ipad-11-5g-128gb;DEBUG_OOS_iPad A16 5G 256GB_Vàng_120013.png
iPad A16 WiFi 256GB;Bạc;Yes;0;12590000;2026-04-11;Khuyến mãi  trị giá 400.000₫                     Giá và khuyến mãi dự kiến áp dụng đến 23:59 | 30/04                                                                         1                                          Chọn 1 trong các khuyến mãi:                                                      Giảm giá 200,000đ (đã giảm vào giá sản phẩm)                                                                               Tặng phiếu mua hàng Phụ Kiện, Smartwatch, đồng hồ thời trang (trừ Apple, Beats) trị giá 250,000đ                                                                                     2                                              Phiếu mua hàng Apple Pencil trị giá 400,000đ                                                            3                                              Tặng Phiếu mua hàng Máy lạnh (sản phẩm trên 10tr) trị giá 300.000đ                                                            4                                              Thu cũ đổi mới: Giảm đến 2,000,000đ (Không kèm ưu đãi thanh toán qua cổng, mua kèm)  Xem chi tiết                                                            5                                              NHẬN HOÀN NGAY ĐẾN 800.000đ khi mở thẻ tín dụng VPBANK MWG  (Xem chi tiết tại đây);;https://www.thegioididong.com/may-tinh-bang/ipad-11-wifi-128gb;Skipped
iPad Air M3 11 inch WiFi 128GB;Tím;Yes;3490000;16690000;2026-04-11;Khuyến mãi  trị giá 400.000₫                     Giá và khuyến mãi dự kiến áp dụng đến 23:59 | 30/04                                                                         1                                          Chọn 1 trong các khuyến mãi:                                                      Giảm giá 1,300,000đ (đã giảm vào giá sản phẩm)                                                                               Tặng phiếu mua hàng Phụ Kiện, Smartwatch, đồng hồ thời trang (trừ Apple, Beats) trị giá 1,600,000đ                                                                                     2                                              Phiếu mua hàng Apple Pencil trị giá 400,000đ                                                            3                                              Tặng Phiếu mua hàng Máy lạnh (sản phẩm trên 10tr) trị giá 300.000đ                                                            4                                              Thu cũ đổi mới: Giảm đến 2,000,000đ (Không kèm ưu đãi thanh toán qua cổng, mua kèm)  Xem chi tiết                                                            5                                              NHẬN HOÀN NGAY ĐẾN 800.000đ khi mở thẻ tín dụng VPBANK MWG  (Xem chi tiết tại đây);;https://www.thegioididong.com/may-tinh-bang/ipad-air-m3-11-inch-wifi-128gb;Skipped
iPad Air M3 11 inch 5G 128GB;Đen - Xám;Yes;3490000;20790000;2026-04-11;Khuyến mãi  trị giá 400.000₫                     Giá và khuyến mãi dự kiến áp dụng đến 23:59 | 30/04                                                                         1                                          Chọn 1 trong các khuyến mãi:                                                      Giảm giá 1,300,000đ (đã giảm vào giá sản phẩm)                                                                               Tặng phiếu mua hàng Phụ Kiện, Smartwatch, đồng hồ thời trang (trừ Apple, Beats) trị giá 1,600,000đ                                                                                     2                                              Phiếu mua hàng Apple Pencil trị giá 400,000đ                                                            3                                              Tặng Phiếu mua hàng Máy lạnh (sản phẩm trên 10tr) trị giá 300.000đ                                                            4                                              Thu cũ đổi mới: Giảm đến 2,000,000đ (Không kèm ưu đãi thanh toán qua cổng, mua kèm)  Xem chi tiết                                                            5                                              NHẬN HOÀN NGAY ĐẾN 800.000đ khi mở thẻ tín dụng VPBANK MWG  (Xem chi tiết tại đây);;https://www.thegioididong.com/may-tinh-bang/ipad-air-m3-11-inch-5g-128gb;Skipped
iPad A16 5G 256GB;Bạc;No;0;16790000;2026-04-11;Khuyến mãi  trị giá 400.000₫                     Giá và khuyến mãi dự kiến áp dụng đến 23:59 | 30/04                                                                         1                                          Chọn 1 trong các khuyến mãi:                                                      Giảm giá 400,000đ                                                                               Tặng phiếu mua hàng Phụ Kiện, Smartwatch, đồng hồ thời trang (trừ Apple, Beats) trị giá 500,000đ                                                                                     2                                              Phiếu mua hàng Apple Pencil trị giá 400,000đ                                                            3                                              Tặng Phiếu mua hàng Máy lạnh (sản phẩm trên 10tr) trị giá 300.000đ                                                            4                                              Thu cũ đổi mới: Giảm đến 2,000,000đ (Không kèm ưu đãi thanh toán qua cổng, mua kèm)  Xem chi tiết                                                            5                                              NHẬN HOÀN NGAY ĐẾN 800.000đ khi mở thẻ tín dụng VPBANK MWG  (Xem chi tiết tại đây);;https://www.thegioididong.com/may-tinh-bang/ipad-11-5g-128gb;DEBUG_OOS_iPad A16 5G 256GB_Bạc_120016.png
iPad Air M3 13 inch 5G 128GB;Tím;No;3490000;26190000;2026-04-11;Khuyến mãi  trị giá 400.000₫                     Giá và khuyến mãi dự kiến áp dụng đến 23:59 | 30/04                                                                         1                                          Chọn 1 trong các khuyến mãi:                                                      Giảm giá 1,300,000đ                                                                               Tặng phiếu mua hàng Phụ Kiện, Smartwatch, đồng hồ thời trang (trừ Apple, Beats) trị giá 1,600,000đ                                                                                     2                                              Phiếu mua hàng Apple Pencil trị giá 400,000đ                                                            3                                              Tặng Phiếu mua hàng Máy lạnh (sản phẩm trên 10tr) trị giá 300.000đ                                                            4                                              Thu cũ đổi mới: Giảm đến 2,000,000đ (Không kèm ưu đãi thanh toán qua cổng, mua kèm)  Xem chi tiết                                                            5                                              NHẬN HOÀN NGAY ĐẾN 800.000đ khi mở thẻ tín dụng VPBANK MWG  (Xem chi tiết tại đây);;https://www.thegioididong.com/may-tinh-bang/ipad-air-m3-13-inch-5g-128gb;DEBUG_OOS_iPad Air M3 13 inch 5G 128GB_Tím_120017.png
iPad A16 5G 256GB;Hồng;No;0;16790000;2026-04-11;Khuyến mãi  trị giá 400.000₫                     Giá và khuyến mãi dự kiến áp dụng đến 23:59 | 30/04                                                                         1                                          Chọn 1 trong các khuyến mãi:                                                      Giảm giá 400,000đ                                                                               Tặng phiếu mua hàng Phụ Kiện, Smartwatch, đồng hồ thời trang (trừ Apple, Beats) trị giá 500,000đ                                                                                     2                                              Phiếu mua hàng Apple Pencil trị giá 400,000đ                                                            3                                              Tặng Phiếu mua hàng Máy lạnh (sản phẩm trên 10tr) trị giá 300.000đ                                                            4                                              Thu cũ đổi mới: Giảm đến 2,000,000đ (Không kèm ưu đãi thanh toán qua cổng, mua kèm)  Xem chi tiết                                                            5                                              NHẬN HOÀN NGAY ĐẾN 800.000đ khi mở thẻ tín dụng VPBANK MWG  (Xem chi tiết tại đây);;https://www.thegioididong.com/may-tinh-bang/ipad-11-5g-128gb;DEBUG_OOS_iPad A16 5G 256GB_Hồng_120020.png
iPad A16 WiFi 256GB;Vàng;Yes;0;12590000;2026-04-11;Khuyến mãi  trị giá 400.000₫                     Giá và khuyến mãi dự kiến áp dụng đến 23:59 | 30/04                                                                         1                                          Chọn 1 trong các khuyến mãi:                                                      Giảm giá 200,000đ (đã giảm vào giá sản phẩm)                                                                               Tặng phiếu mua hàng Phụ Kiện, Smartwatch, đồng hồ thời trang (trừ Apple, Beats) trị giá 250,000đ                                                                                     2                                              Phiếu mua hàng Apple Pencil trị giá 400,000đ                                                            3                                              Tặng Phiếu mua hàng Máy lạnh (sản phẩm trên 10tr) trị giá 300.000đ                                                            4                                              Thu cũ đổi mới: Giảm đến 2,000,000đ (Không kèm ưu đãi thanh toán qua cổng, mua kèm)  Xem chi tiết                                                            5                                              NHẬN HOÀN NGAY ĐẾN 800.000đ khi mở thẻ tín dụng VPBANK MWG  (Xem chi tiết tại đây);;https://www.thegioididong.com/may-tinh-bang/ipad-11-wifi-128gb;Skipped
iPad Air M3 11 inch 5G 128GB;Tím;Yes;3490000;20790000;2026-04-11;Khuyến mãi  trị giá 400.000₫                     Giá và khuyến mãi dự kiến áp dụng đến 23:59 | 30/04                                                                         1                                          Chọn 1 trong các khuyến mãi:                                                      Giảm giá 1,300,000đ (đã giảm vào giá sản phẩm)                                                                               Tặng phiếu mua hàng Phụ Kiện, Smartwatch, đồng hồ thời trang (trừ Apple, Beats) trị giá 1,600,000đ                                                                                     2                                              Phiếu mua hàng Apple Pencil trị giá 400,000đ                                                            3                                              Tặng Phiếu mua hàng Máy lạnh (sản phẩm trên 10tr) trị giá 300.000đ                                                            4                                              Thu cũ đổi mới: Giảm đến 2,000,000đ (Không kèm ưu đãi thanh toán qua cổng, mua kèm)  Xem chi tiết                                                            5                                              NHẬN HOÀN NGAY ĐẾN 800.000đ khi mở thẻ tín dụng VPBANK MWG  (Xem chi tiết tại đây);;https://www.thegioididong.com/may-tinh-bang/ipad-air-m3-11-inch-5g-128gb;Skipped
iPad Air M3 13 inch 5G 128GB;Xanh Dương;No;3490000;26190000;2026-04-11;Khuyến mãi  trị giá 400.000₫                     Giá và khuyến mãi dự kiến áp dụng đến 23:59 | 30/04                                                                         1                                          Chọn 1 trong các khuyến mãi:                                                      Giảm giá 1,300,000đ                                                                               Tặng phiếu mua hàng Phụ Kiện, Smartwatch, đồng hồ thời trang (trừ Apple, Beats) trị giá 1,600,000đ                                                                                     2                                              Phiếu mua hàng Apple Pencil trị giá 400,000đ                                                            3                                              Tặng Phiếu mua hàng Máy lạnh (sản phẩm trên 10tr) trị giá 300.000đ                                                            4                                              Thu cũ đổi mới: Giảm đến 2,000,000đ (Không kèm ưu đãi thanh toán qua cổng, mua kèm)  Xem chi tiết                                                            5                                              NHẬN HOÀN NGAY ĐẾN 800.000đ khi mở thẻ tín dụng VPBANK MWG  (Xem chi tiết tại đây);;https://www.thegioididong.com/may-tinh-bang/ipad-air-m3-13-inch-5g-128gb;DEBUG_OOS_iPad Air M3 13 inch 5G 128GB_Xanh Dương_120022.png
iPad Air M3 11 inch WiFi 128GB;Trắng Starlight;Yes;3490000;16690000;2026-04-11;Khuyến mãi  trị giá 400.000₫                     Giá và khuyến mãi dự kiến áp dụng đến 23:59 | 30/04                                                                         1                                          Chọn 1 trong các khuyến mãi:                                                      Giảm giá 1,300,000đ (đã giảm vào giá sản phẩm)                                                                               Tặng phiếu mua hàng Phụ Kiện, Smartwatch, đồng hồ thời trang (trừ Apple, Beats) trị giá 1,600,000đ                                                                                     2                                              Phiếu mua hàng Apple Pencil trị giá 400,000đ                                                            3                                              Tặng Phiếu mua hàng Máy lạnh (sản phẩm trên 10tr) trị giá 300.000đ                                                            4                                              Thu cũ đổi mới: Giảm đến 2,000,000đ (Không kèm ưu đãi thanh toán qua cổng, mua kèm)  Xem chi tiết                                                            5                                              NHẬN HOÀN NGAY ĐẾN 800.000đ khi mở thẻ tín dụng VPBANK MWG  (Xem chi tiết tại đây);;https://www.thegioididong.com/may-tinh-bang/ipad-air-m3-11-inch-wifi-128gb;Skipped
iPad A16 5G 256GB;Xanh Dương;Yes;0;16790000;2026-04-11;Khuyến mãi  trị giá 400.000₫                     Giá và khuyến mãi dự kiến áp dụng đến 23:59 | 30/04                                                                         1                                          Chọn 1 trong các khuyến mãi:                                                      Giảm giá 400,000đ (đã giảm vào giá sản phẩm)                                                                               Tặng phiếu mua hàng Phụ Kiện, Smartwatch, đồng hồ thời trang (trừ Apple, Beats) trị giá 500,000đ                                                                                     2                                              Phiếu mua hàng Apple Pencil trị giá 400,000đ                                                            3                                              Tặng Phiếu mua hàng Máy lạnh (sản phẩm trên 10tr) trị giá 300.000đ                                                            4                                              Thu cũ đổi mới: Giảm đến 2,000,000đ (Không kèm ưu đãi thanh toán qua cổng, mua kèm)  Xem chi tiết                                                            5                                              NHẬN HOÀN NGAY ĐẾN 800.000đ khi mở thẻ tín dụng VPBANK MWG  (Xem chi tiết tại đây);;https://www.thegioididong.com/may-tinh-bang/ipad-11-5g-128gb;Skipped
iPad Air M3 13 inch 5G 128GB;Đen - Xám;No;3490000;26190000;2026-04-11;Khuyến mãi  trị giá 400.000₫                     Giá và khuyến mãi dự kiến áp dụng đến 23:59 | 30/04                                                                         1                                          Chọn 1 trong các khuyến mãi:                                                      Giảm giá 1,300,000đ                                                                               Tặng phiếu mua hàng Phụ Kiện, Smartwatch, đồng hồ thời trang (trừ Apple, Beats) trị giá 1,600,000đ                                                                                     2                                              Phiếu mua hàng Apple Pencil trị giá 400,000đ                                                            3                                              Tặng Phiếu mua hàng Máy lạnh (sản phẩm trên 10tr) trị giá 300.000đ                                                            4                                              Thu cũ đổi mới: Giảm đến 2,000,000đ (Không kèm ưu đãi thanh toán qua cổng, mua kèm)  Xem chi tiết                                                            5                                              NHẬN HOÀN NGAY ĐẾN 800.000đ khi mở thẻ tín dụng VPBANK MWG  (Xem chi tiết tại đây);;https://www.thegioididong.com/may-tinh-bang/ipad-air-m3-13-inch-5g-128gb;DEBUG_OOS_iPad Air M3 13 inch 5G 128GB_Đen - Xám_120026.png
iPad A16 WiFi 256GB;Hồng;Yes;0;12590000;2026-04-11;Khuyến mãi  trị giá 400.000₫                     Giá và khuyến mãi dự kiến áp dụng đến 23:59 | 30/04                                                                         1                                          Chọn 1 trong các khuyến mãi:                                                      Giảm giá 200,000đ (đã giảm vào giá sản phẩm)                                                                               Tặng phiếu mua hàng Phụ Kiện, Smartwatch, đồng hồ thời trang (trừ Apple, Beats) trị giá 250,000đ                                                                                     2                                              Phiếu mua hàng Apple Pencil trị giá 400,000đ                                                            3                                              Tặng Phiếu mua hàng Máy lạnh (sản phẩm trên 10tr) trị giá 300.000đ                                                            4                                              Thu cũ đổi mới: Giảm đến 2,000,000đ (Không kèm ưu đãi thanh toán qua cổng, mua kèm)  Xem chi tiết                                                            5                                              NHẬN HOÀN NGAY ĐẾN 800.000đ khi mở thẻ tín dụng VPBANK MWG  (Xem chi tiết tại đây);;https://www.thegioididong.com/may-tinh-bang/ipad-11-wifi-128gb;Skipped
iPad Air M3 11 inch 5G 128GB;Xanh Dương;Yes;3490000;20790000;2026-04-11;Khuyến mãi  trị giá 400.000₫                     Giá và khuyến mãi dự kiến áp dụng đến 23:59 | 30/04                                                                         1                                          Chọn 1 trong các khuyến mãi:                                                      Giảm giá 1,300,000đ (đã giảm vào giá sản phẩm)                                                                               Tặng phiếu mua hàng Phụ Kiện, Smartwatch, đồng hồ thời trang (trừ Apple, Beats) trị giá 1,600,000đ                                                                                     2                                              Phiếu mua hàng Apple Pencil trị giá 400,000đ                                                            3                                              Tặng Phiếu mua hàng Máy lạnh (sản phẩm trên 10tr) trị giá 300.000đ                                                            4                                              Thu cũ đổi mới: Giảm đến 2,000,000đ (Không kèm ưu đãi thanh toán qua cổng, mua kèm)  Xem chi tiết                                                            5                                              NHẬN HOÀN NGAY ĐẾN 800.000đ khi mở thẻ tín dụng VPBANK MWG  (Xem chi tiết tại đây);;https://www.thegioididong.com/may-tinh-bang/ipad-air-m3-11-inch-5g-128gb;Skipped
iPad Air M3 11 inch WiFi 128GB;Xanh Dương;Yes;3490000;16690000;2026-04-11;Khuyến mãi  trị giá 400.000₫                     Giá và khuyến mãi dự kiến áp dụng đến 23:59 | 30/04                                                                         1                                          Chọn 1 trong các khuyến mãi:                                                      Giảm giá 1,300,000đ (đã giảm vào giá sản phẩm)                                                                               Tặng phiếu mua hàng Phụ Kiện, Smartwatch, đồng hồ thời trang (trừ Apple, Beats) trị giá 1,600,000đ                                                                                     2                                              Phiếu mua hàng Apple Pencil trị giá 400,000đ                                                            3                                              Tặng Phiếu mua hàng Máy lạnh (sản phẩm trên 10tr) trị giá 300.000đ                                                            4                                              Thu cũ đổi mới: Giảm đến 2,000,000đ (Không kèm ưu đãi thanh toán qua cổng, mua kèm)  Xem chi tiết                                                            5                                              NHẬN HOÀN NGAY ĐẾN 800.000đ khi mở thẻ tín dụng VPBANK MWG  (Xem chi tiết tại đây);;https://www.thegioididong.com/may-tinh-bang/ipad-air-m3-11-inch-wifi-128gb;Skipped
iPad Air M3 13 inch 5G 128GB;Trắng Starlight;No;3490000;26190000;2026-04-11;Khuyến mãi  trị giá 400.000₫                     Giá và khuyến mãi dự kiến áp dụng đến 23:59 | 30/04                                                                         1                                          Chọn 1 trong các khuyến mãi:                                                      Giảm giá 1,300,000đ                                                                               Tặng phiếu mua hàng Phụ Kiện, Smartwatch, đồng hồ thời trang (trừ Apple, Beats) trị giá 1,600,000đ                                                                                     2                                              Phiếu mua hàng Apple Pencil trị giá 400,000đ                                                            3                                              Tặng Phiếu mua hàng Máy lạnh (sản phẩm trên 10tr) trị giá 300.000đ                                                            4                                              Thu cũ đổi mới: Giảm đến 2,000,000đ (Không kèm ưu đãi thanh toán qua cổng, mua kèm)  Xem chi tiết                                                            5                                              NHẬN HOÀN NGAY ĐẾN 800.000đ khi mở thẻ tín dụng VPBANK MWG  (Xem chi tiết tại đây);;https://www.thegioididong.com/may-tinh-bang/ipad-air-m3-13-inch-5g-128gb;DEBUG_OOS_iPad Air M3 13 inch 5G 128GB_Trắng Starlight_120031.png
iPad A16 5G 256GB;Vàng;No;0;16790000;2026-04-11;Khuyến mãi  trị giá 400.000₫                     Giá và khuyến mãi dự kiến áp dụng đến 23:59 | 30/04                                                                         1                                          Chọn 1 trong các khuyến mãi:                                                      Giảm giá 400,000đ                                                                               Tặng phiếu mua hàng Phụ Kiện, Smartwatch, đồng hồ thời trang (trừ Apple, Beats) trị giá 500,000đ                                                                                     2                                              Phiếu mua hàng Apple Pencil trị giá 400,000đ                                                            3                                              Tặng Phiếu mua hàng Máy lạnh (sản phẩm trên 10tr) trị giá 300.000đ                                                            4                                              Thu cũ đổi mới: Giảm đến 2,000,000đ (Không kèm ưu đãi thanh toán qua cổng, mua kèm)  Xem chi tiết                                                            5                                              NHẬN HOÀN NGAY ĐẾN 800.000đ khi mở thẻ tín dụng VPBANK MWG  (Xem chi tiết tại đây);;https://www.thegioididong.com/may-tinh-bang/ipad-11-5g-128gb;DEBUG_OOS_iPad A16 5G 256GB_Vàng_120031.png
iPad Air M3 11 inch 5G 128GB;Trắng Starlight;Yes;3490000;20790000;2026-04-11;Khuyến mãi  trị giá 400.000₫                     Giá và khuyến mãi dự kiến áp dụng đến 23:59 | 30/04                                                                         1                                          Chọn 1 trong các khuyến mãi:                                                      Giảm giá 1,300,000đ (đã giảm vào giá sản phẩm)                                                                               Tặng phiếu mua hàng Phụ Kiện, Smartwatch, đồng hồ thời trang (trừ Apple, Beats) trị giá 1,600,000đ                                                                                     2                                              Phiếu mua hàng Apple Pencil trị giá 400,000đ                                                            3                                              Tặng Phiếu mua hàng Máy lạnh (sản phẩm trên 10tr) trị giá 300.000đ                                                            4                                              Thu cũ đổi mới: Giảm đến 2,000,000đ (Không kèm ưu đãi thanh toán qua cổng, mua kèm)  Xem chi tiết                                                            5                                              NHẬN HOÀN NGAY ĐẾN 800.000đ khi mở thẻ tín dụng VPBANK MWG  (Xem chi tiết tại đây);;https://www.thegioididong.com/may-tinh-bang/ipad-air-m3-11-inch-5g-128gb;Skipped
iPad Air M3 11 inch WiFi 128GB;Đen - Xám;Yes;3490000;16690000;2026-04-11;Khuyến mãi  trị giá 400.000₫                     Giá và khuyến mãi dự kiến áp dụng đến 23:59 | 30/04                                                                         1                                          Chọn 1 trong các khuyến mãi:                                                      Giảm giá 1,300,000đ (đã giảm vào giá sản phẩm)                                                                               Tặng phiếu mua hàng Phụ Kiện, Smartwatch, đồng hồ thời trang (trừ Apple, Beats) trị giá 1,600,000đ                                                                                     2                                              Phiếu mua hàng Apple Pencil trị giá 400,000đ                                                            3                                              Tặng Phiếu mua hàng Máy lạnh (sản phẩm trên 10tr) trị giá 300.000đ                                                            4                                              Thu cũ đổi mới: Giảm đến 2,000,000đ (Không kèm ưu đãi thanh toán qua cổng, mua kèm)  Xem chi tiết                                                            5                                              NHẬN HOÀN NGAY ĐẾN 800.000đ khi mở thẻ tín dụng VPBANK MWG  (Xem chi tiết tại đây);;https://www.thegioididong.com/may-tinh-bang/ipad-air-m3-11-inch-wifi-128gb;Skipped
iPad A16 5G 256GB;Bạc;No;0;16790000;2026-04-11;Khuyến mãi  trị giá 400.000₫                     Giá và khuyến mãi dự kiến áp dụng đến 23:59 | 30/04                                                                         1                                          Chọn 1 trong các khuyến mãi:                                                      Giảm giá 400,000đ                                                                               Tặng phiếu mua hàng Phụ Kiện, Smartwatch, đồng hồ thời trang (trừ Apple, Beats) trị giá 500,000đ                                                                                     2                                              Phiếu mua hàng Apple Pencil trị giá 400,000đ                                                            3                                              Tặng Phiếu mua hàng Máy lạnh (sản phẩm trên 10tr) trị giá 300.000đ                                                            4                                              Thu cũ đổi mới: Giảm đến 2,000,000đ (Không kèm ưu đãi thanh toán qua cổng, mua kèm)  Xem chi tiết                                                            5                                              NHẬN HOÀN NGAY ĐẾN 800.000đ khi mở thẻ tín dụng VPBANK MWG  (Xem chi tiết tại đây);;https://www.thegioididong.com/may-tinh-bang/ipad-11-5g-128gb;DEBUG_OOS_iPad A16 5G 256GB_Bạc_120035.png
iPad A16 WiFi 256GB;Xanh Dương;Yes;0;12590000;2026-04-11;Khuyến mãi  trị giá 400.000₫                     Giá và khuyến mãi dự kiến áp dụng đến 23:59 | 30/04                                                                         1                                          Chọn 1 trong các khuyến mãi:                                                      Giảm giá 200,000đ (đã giảm vào giá sản phẩm)                                                                               Tặng phiếu mua hàng Phụ Kiện, Smartwatch, đồng hồ thời trang (trừ Apple, Beats) trị giá 250,000đ                                                                                     2                                              Phiếu mua hàng Apple Pencil trị giá 400,000đ                                                            3                                              Tặng Phiếu mua hàng Máy lạnh (sản phẩm trên 10tr) trị giá 300.000đ                                                            4                                              Thu cũ đổi mới: Giảm đến 2,000,000đ (Không kèm ưu đãi thanh toán qua cổng, mua kèm)  Xem chi tiết                                                            5                                              NHẬN HOÀN NGAY ĐẾN 800.000đ khi mở thẻ tín dụng VPBANK MWG  (Xem chi tiết tại đây);;https://www.thegioididong.com/may-tinh-bang/ipad-11-wifi-128gb;Skipped
iPad Air M3 13 inch 5G 128GB;Tím;No;3490000;26190000;2026-04-11;Khuyến mãi  trị giá 400.000₫                     Giá và khuyến mãi dự kiến áp dụng đến 23:59 | 30/04                                                                         1                                          Chọn 1 trong các khuyến mãi:                                                      Giảm giá 1,300,000đ                                                                               Tặng phiếu mua hàng Phụ Kiện, Smartwatch, đồng hồ thời trang (trừ Apple, Beats) trị giá 1,600,000đ                                                                                     2                                              Phiếu mua hàng Apple Pencil trị giá 400,000đ                                                            3                                              Tặng Phiếu mua hàng Máy lạnh (sản phẩm trên 10tr) trị giá 300.000đ                                                            4                                              Thu cũ đổi mới: Giảm đến 2,000,000đ (Không kèm ưu đãi thanh toán qua cổng, mua kèm)  Xem chi tiết                                                            5                                              NHẬN HOÀN NGAY ĐẾN 800.000đ khi mở thẻ tín dụng VPBANK MWG  (Xem chi tiết tại đây);;https://www.thegioididong.com/may-tinh-bang/ipad-air-m3-13-inch-5g-128gb;DEBUG_OOS_iPad Air M3 13 inch 5G 128GB_Tím_120036.png
iPad A16 5G 256GB;Hồng;No;0;16790000;2026-04-11;Khuyến mãi  trị giá 400.000₫                     Giá và khuyến mãi dự kiến áp dụng đến 23:59 | 30/04                                                                         1                                          Chọn 1 trong các khuyến mãi:                                                      Giảm giá 400,000đ                                                                               Tặng phiếu mua hàng Phụ Kiện, Smartwatch, đồng hồ thời trang (trừ Apple, Beats) trị giá 500,000đ                                                                                     2                                              Phiếu mua hàng Apple Pencil trị giá 400,000đ                                                            3                                              Tặng Phiếu mua hàng Máy lạnh (sản phẩm trên 10tr) trị giá 300.000đ                                                            4                                              Thu cũ đổi mới: Giảm đến 2,000,000đ (Không kèm ưu đãi thanh toán qua cổng, mua kèm)  Xem chi tiết                                                            5                                              NHẬN HOÀN NGAY ĐẾN 800.000đ khi mở thẻ tín dụng VPBANK MWG  (Xem chi tiết tại đây);;https://www.thegioididong.com/may-tinh-bang/ipad-11-5g-128gb;DEBUG_OOS_iPad A16 5G 256GB_Hồng_120038.png
iPad Air M3 13 inch 5G 128GB;Xanh Dương;No;3490000;26190000;2026-04-11;Khuyến mãi  trị giá 400.000₫                     Giá và khuyến mãi dự kiến áp dụng đến 23:59 | 30/04                                                                         1                                          Chọn 1 trong các khuyến mãi:                                                      Giảm giá 1,300,000đ                                                                               Tặng phiếu mua hàng Phụ Kiện, Smartwatch, đồng hồ thời trang (trừ Apple, Beats) trị giá 1,600,000đ                                                                                     2                                              Phiếu mua hàng Apple Pencil trị giá 400,000đ                                                            3                                              Tặng Phiếu mua hàng Máy lạnh (sản phẩm trên 10tr) trị giá 300.000đ                                                            4                                              Thu cũ đổi mới: Giảm đến 2,000,000đ (Không kèm ưu đãi thanh toán qua cổng, mua kèm)  Xem chi tiết                                                            5                                              NHẬN HOÀN NGAY ĐẾN 800.000đ khi mở thẻ tín dụng VPBANK MWG  (Xem chi tiết tại đây);;https://www.thegioididong.com/may-tinh-bang/ipad-air-m3-13-inch-5g-128gb;DEBUG_OOS_iPad Air M3 13 inch 5G 128GB_Xanh Dương_120039.png
iPad Air M3 11 inch WiFi 128GB;Tím;Yes;3490000;16690000;2026-04-11;Khuyến mãi  trị giá 400.000₫                     Giá và khuyến mãi dự kiến áp dụng đến 23:59 | 30/04                                                                         1                                          Chọn 1 trong các khuyến mãi:                                                      Giảm giá 1,300,000đ (đã giảm vào giá sản phẩm)                                                                               Tặng phiếu mua hàng Phụ Kiện, Smartwatch, đồng hồ thời trang (trừ Apple, Beats) trị giá 1,600,000đ                                                                                     2                                              Phiếu mua hàng Apple Pencil trị giá 400,000đ                                                            3                                              Tặng Phiếu mua hàng Máy lạnh (sản phẩm trên 10tr) trị giá 300.000đ                                                            4                                              Thu cũ đổi mới: Giảm đến 2,000,000đ (Không kèm ưu đãi thanh toán qua cổng, mua kèm)  Xem chi tiết                                                            5                                              NHẬN HOÀN NGAY ĐẾN 800.000đ khi mở thẻ tín dụng VPBANK MWG  (Xem chi tiết tại đây);;https://www.thegioididong.com/may-tinh-bang/ipad-air-m3-11-inch-wifi-128gb;Skipped
iPad A16 WiFi 256GB;Bạc;Yes;0;12590000;2026-04-11;Khuyến mãi  trị giá 400.000₫                     Giá và khuyến mãi dự kiến áp dụng đến 23:59 | 30/04                                                                         1                                          Chọn 1 trong các khuyến mãi:                                                      Giảm giá 200,000đ (đã giảm vào giá sản phẩm)                                                                               Tặng phiếu mua hàng Phụ Kiện, Smartwatch, đồng hồ thời trang (trừ Apple, Beats) trị giá 250,000đ                                                                                     2                                              Phiếu mua hàng Apple Pencil trị giá 400,000đ                                                            3                                              Tặng Phiếu mua hàng Máy lạnh (sản phẩm trên 10tr) trị giá 300.000đ                                                            4                                              Thu cũ đổi mới: Giảm đến 2,000,000đ (Không kèm ưu đãi thanh toán qua cổng, mua kèm)  Xem chi tiết                                                            5                                              NHẬN HOÀN NGAY ĐẾN 800.000đ khi mở thẻ tín dụng VPBANK MWG  (Xem chi tiết tại đây);;https://www.thegioididong.com/may-tinh-bang/ipad-11-wifi-128gb;Skipped
iPad Air M3 11 inch 5G 128GB;Đen - Xám;Yes;3490000;20790000;2026-04-11;Khuyến mãi  trị giá 400.000₫                     Giá và khuyến mãi dự kiến áp dụng đến 23:59 | 30/04                                                                         1                                          Chọn 1 trong các khuyến mãi:                                                      Giảm giá 1,300,000đ (đã giảm vào giá sản phẩm)                                                                               Tặng phiếu mua hàng Phụ Kiện, Smartwatch, đồng hồ thời trang (trừ Apple, Beats) trị giá 1,600,000đ                                                                                     2                                              Phiếu mua hàng Apple Pencil trị giá 400,000đ                                                            3                                              Tặng Phiếu mua hàng Máy lạnh (sản phẩm trên 10tr) trị giá 300.000đ                                                            4                                              Thu cũ đổi mới: Giảm đến 2,000,000đ (Không kèm ưu đãi thanh toán qua cổng, mua kèm)  Xem chi tiết                                                            5                                              NHẬN HOÀN NGAY ĐẾN 800.000đ khi mở thẻ tín dụng VPBANK MWG  (Xem chi tiết tại đây);;https://www.thegioididong.com/may-tinh-bang/ipad-air-m3-11-inch-5g-128gb;Skipped
iPad Air M3 13 inch 5G 128GB;Đen - Xám;No;3490000;26190000;2026-04-11;Khuyến mãi  trị giá 400.000₫                     Giá và khuyến mãi dự kiến áp dụng đến 23:59 | 30/04                                                                         1                                          Chọn 1 trong các khuyến mãi:                                                      Giảm giá 1,300,000đ                                                                               Tặng phiếu mua hàng Phụ Kiện, Smartwatch, đồng hồ thời trang (trừ Apple, Beats) trị giá 1,600,000đ                                                                                     2                                              Phiếu mua hàng Apple Pencil trị giá 400,000đ                                                            3                                              Tặng Phiếu mua hàng Máy lạnh (sản phẩm trên 10tr) trị giá 300.000đ                                                            4                                              Thu cũ đổi mới: Giảm đến 2,000,000đ (Không kèm ưu đãi thanh toán qua cổng, mua kèm)  Xem chi tiết                                                            5                                              NHẬN HOÀN NGAY ĐẾN 800.000đ khi mở thẻ tín dụng VPBANK MWG  (Xem chi tiết tại đây);;https://www.thegioididong.com/may-tinh-bang/ipad-air-m3-13-inch-5g-128gb;DEBUG_OOS_iPad Air M3 13 inch 5G 128GB_Đen - Xám_120043.png
iPad A16 5G 256GB;Xanh Dương;Yes;0;16790000;2026-04-11;Khuyến mãi  trị giá 400.000₫                     Giá và khuyến mãi dự kiến áp dụng đến 23:59 | 30/04                                                                         1                                          Chọn 1 trong các khuyến mãi:                                                      Giảm giá 400,000đ (đã giảm vào giá sản phẩm)                                                                               Tặng phiếu mua hàng Phụ Kiện, Smartwatch, đồng hồ thời trang (trừ Apple, Beats) trị giá 500,000đ                                                                                     2                                              Phiếu mua hàng Apple Pencil trị giá 400,000đ                                                            3                                              Tặng Phiếu mua hàng Máy lạnh (sản phẩm trên 10tr) trị giá 300.000đ                                                            4                                              Thu cũ đổi mới: Giảm đến 2,000,000đ (Không kèm ưu đãi thanh toán qua cổng, mua kèm)  Xem chi tiết                                                            5                                              NHẬN HOÀN NGAY ĐẾN 800.000đ khi mở thẻ tín dụng VPBANK MWG  (Xem chi tiết tại đây);;https://www.thegioididong.com/may-tinh-bang/ipad-11-5g-128gb;Skipped
iPad Air M3 13 inch 5G 128GB;Trắng Starlight;No;3490000;26190000;2026-04-11;Khuyến mãi  trị giá 400.000₫                     Giá và khuyến mãi dự kiến áp dụng đến 23:59 | 30/04                                                                         1                                          Chọn 1 trong các khuyến mãi:                                                      Giảm giá 1,300,000đ                                                                               Tặng phiếu mua hàng Phụ Kiện, Smartwatch, đồng hồ thời trang (trừ Apple, Beats) trị giá 1,600,000đ                                                                                     2                                              Phiếu mua hàng Apple Pencil trị giá 400,000đ                                                            3                                              Tặng Phiếu mua hàng Máy lạnh (sản phẩm trên 10tr) trị giá 300.000đ                                                            4                                              Thu cũ đổi mới: Giảm đến 2,000,000đ (Không kèm ưu đãi thanh toán qua cổng, mua kèm)  Xem chi tiết                                                            5                                              NHẬN HOÀN NGAY ĐẾN 800.000đ khi mở thẻ tín dụng VPBANK MWG  (Xem chi tiết tại đây);;https://www.thegioididong.com/may-tinh-bang/ipad-air-m3-13-inch-5g-128gb;DEBUG_OOS_iPad Air M3 13 inch 5G 128GB_Trắng Starlight_120046.png
iPad A16 WiFi 256GB;Vàng;Yes;0;12590000;2026-04-11;Khuyến mãi  trị giá 400.000₫                     Giá và khuyến mãi dự kiến áp dụng đến 23:59 | 30/04                                                                         1                                          Chọn 1 trong các khuyến mãi:                                                      Giảm giá 200,000đ (đã giảm vào giá sản phẩm)                                                                               Tặng phiếu mua hàng Phụ Kiện, Smartwatch, đồng hồ thời trang (trừ Apple, Beats) trị giá 250,000đ                                                                                     2                                              Phiếu mua hàng Apple Pencil trị giá 400,000đ                                                            3                                              Tặng Phiếu mua hàng Máy lạnh (sản phẩm trên 10tr) trị giá 300.000đ                                                            4                                              Thu cũ đổi mới: Giảm đến 2,000,000đ (Không kèm ưu đãi thanh toán qua cổng, mua kèm)  Xem chi tiết                                                            5                                              NHẬN HOÀN NGAY ĐẾN 800.000đ khi mở thẻ tín dụng VPBANK MWG  (Xem chi tiết tại đây);;https://www.thegioididong.com/may-tinh-bang/ipad-11-wifi-128gb;Skipped
iPad Air M3 11 inch 5G 128GB;Tím;Yes;3490000;20790000;2026-04-11;Khuyến mãi  trị giá 400.000₫                     Giá và khuyến mãi dự kiến áp dụng đến 23:59 | 30/04                                                                         1                                          Chọn 1 trong các khuyến mãi:                                                      Giảm giá 1,300,000đ (đã giảm vào giá sản phẩm)                                                                               Tặng phiếu mua hàng Phụ Kiện, Smartwatch, đồng hồ thời trang (trừ Apple, Beats) trị giá 1,600,000đ                                                                                     2                                              Phiếu mua hàng Apple Pencil trị giá 400,000đ                                                            3                                              Tặng Phiếu mua hàng Máy lạnh (sản phẩm trên 10tr) trị giá 300.000đ                                                            4                                              Thu cũ đổi mới: Giảm đến 2,000,000đ (Không kèm ưu đãi thanh toán qua cổng, mua kèm)  Xem chi tiết                                                            5                                              NHẬN HOÀN NGAY ĐẾN 800.000đ khi mở thẻ tín dụng VPBANK MWG  (Xem chi tiết tại đây);;https://www.thegioididong.com/may-tinh-bang/ipad-air-m3-11-inch-5g-128gb;Skipped
iPad Air M3 11 inch WiFi 128GB;Trắng Starlight;Yes;3490000;16690000;2026-04-11;Khuyến mãi  trị giá 400.000₫                     Giá và khuyến mãi dự kiến áp dụng đến 23:59 | 30/04                                                                         1                                          Chọn 1 trong các khuyến mãi:                                                      Giảm giá 1,300,000đ (đã giảm vào giá sản phẩm)                                                                               Tặng phiếu mua hàng Phụ Kiện, Smartwatch, đồng hồ thời trang (trừ Apple, Beats) trị giá 1,600,000đ                                                                                     2                                              Phiếu mua hàng Apple Pencil trị giá 400,000đ                                                            3                                              Tặng Phiếu mua hàng Máy lạnh (sản phẩm trên 10tr) trị giá 300.000đ                                                            4                                              Thu cũ đổi mới: Giảm đến 2,000,000đ (Không kèm ưu đãi thanh toán qua cổng, mua kèm)  Xem chi tiết                                                            5                                              NHẬN HOÀN NGAY ĐẾN 800.000đ khi mở thẻ tín dụng VPBANK MWG  (Xem chi tiết tại đây);;https://www.thegioididong.com/may-tinh-bang/ipad-air-m3-11-inch-wifi-128gb;Skipped
iPad A16 5G 256GB;Vàng;No;0;16790000;2026-04-11;Khuyến mãi  trị giá 400.000₫                     Giá và khuyến mãi dự kiến áp dụng đến 23:59 | 30/04                                                                         1                                          Chọn 1 trong các khuyến mãi:                                                      Giảm giá 400,000đ                                                                               Tặng phiếu mua hàng Phụ Kiện, Smartwatch, đồng hồ thời trang (trừ Apple, Beats) trị giá 500,000đ                                                                                     2                                              Phiếu mua hàng Apple Pencil trị giá 400,000đ                                                            3                                              Tặng Phiếu mua hàng Máy lạnh (sản phẩm trên 10tr) trị giá 300.000đ                                                            4                                              Thu cũ đổi mới: Giảm đến 2,000,000đ (Không kèm ưu đãi thanh toán qua cổng, mua kèm)  Xem chi tiết                                                            5                                              NHẬN HOÀN NGAY ĐẾN 800.000đ khi mở thẻ tín dụng VPBANK MWG  (Xem chi tiết tại đây);;https://www.thegioididong.com/may-tinh-bang/ipad-11-5g-128gb;DEBUG_OOS_iPad A16 5G 256GB_Vàng_120050.png
iPad Air M3 13 inch 5G 128GB;Tím;No;3490000;26190000;2026-04-11;Khuyến mãi  trị giá 400.000₫                     Giá và khuyến mãi dự kiến áp dụng đến 23:59 | 30/04                                                                         1                                          Chọn 1 trong các khuyến mãi:                                                      Giảm giá 1,300,000đ                                                                               Tặng phiếu mua hàng Phụ Kiện, Smartwatch, đồng hồ thời trang (trừ Apple, Beats) trị giá 1,600,000đ                                                                                     2                                              Phiếu mua hàng Apple Pencil trị giá 400,000đ                                                            3                                              Tặng Phiếu mua hàng Máy lạnh (sản phẩm trên 10tr) trị giá 300.000đ                                                            4                                              Thu cũ đổi mới: Giảm đến 2,000,000đ (Không kèm ưu đãi thanh toán qua cổng, mua kèm)  Xem chi tiết                                                            5                                              NHẬN HOÀN NGAY ĐẾN 800.000đ khi mở thẻ tín dụng VPBANK MWG  (Xem chi tiết tại đây);;https://www.thegioididong.com/may-tinh-bang/ipad-air-m3-13-inch-5g-128gb;DEBUG_OOS_iPad Air M3 13 inch 5G 128GB_Tím_120051.png
iPad A16 5G 256GB;Bạc;No;0;16790000;2026-04-11;Khuyến mãi  trị giá 400.000₫                     Giá và khuyến mãi dự kiến áp dụng đến 23:59 | 30/04                                                                         1                                          Chọn 1 trong các khuyến mãi:                                                      Giảm giá 400,000đ                                                                               Tặng phiếu mua hàng Phụ Kiện, Smartwatch, đồng hồ thời trang (trừ Apple, Beats) trị giá 500,000đ                                                                                     2                                              Phiếu mua hàng Apple Pencil trị giá 400,000đ                                                            3                                              Tặng Phiếu mua hàng Máy lạnh (sản phẩm trên 10tr) trị giá 300.000đ                                                            4                                              Thu cũ đổi mới: Giảm đến 2,000,000đ (Không kèm ưu đãi thanh toán qua cổng, mua kèm)  Xem chi tiết                                                            5                                              NHẬN HOÀN NGAY ĐẾN 800.000đ khi mở thẻ tín dụng VPBANK MWG  (Xem chi tiết tại đây);;https://www.thegioididong.com/may-tinh-bang/ipad-11-5g-128gb;DEBUG_OOS_iPad A16 5G 256GB_Bạc_120053.png
iPad A16 WiFi 256GB;Hồng;Yes;0;12590000;2026-04-11;Khuyến mãi  trị giá 400.000₫                     Giá và khuyến mãi dự kiến áp dụng đến 23:59 | 30/04                                                                         1                                          Chọn 1 trong các khuyến mãi:                                                      Giảm giá 200,000đ (đã giảm vào giá sản phẩm)                                                                               Tặng phiếu mua hàng Phụ Kiện, Smartwatch, đồng hồ thời trang (trừ Apple, Beats) trị giá 250,000đ                                                                                     2                                              Phiếu mua hàng Apple Pencil trị giá 400,000đ                                                            3                                              Tặng Phiếu mua hàng Máy lạnh (sản phẩm trên 10tr) trị giá 300.000đ                                                            4                                              Thu cũ đổi mới: Giảm đến 2,000,000đ (Không kèm ưu đãi thanh toán qua cổng, mua kèm)  Xem chi tiết                                                            5                                              NHẬN HOÀN NGAY ĐẾN 800.000đ khi mở thẻ tín dụng VPBANK MWG  (Xem chi tiết tại đây);;https://www.thegioididong.com/may-tinh-bang/ipad-11-wifi-128gb;Skipped
iPad Air M3 13 inch 5G 128GB;Xanh Dương;No;3490000;26190000;2026-04-11;Khuyến mãi  trị giá 400.000₫                     Giá và khuyến mãi dự kiến áp dụng đến 23:59 | 30/04                                                                         1                                          Chọn 1 trong các khuyến mãi:                                                      Giảm giá 1,300,000đ                                                                               Tặng phiếu mua hàng Phụ Kiện, Smartwatch, đồng hồ thời trang (trừ Apple, Beats) trị giá 1,600,000đ                                                                                     2                                              Phiếu mua hàng Apple Pencil trị giá 400,000đ                                                            3                                              Tặng Phiếu mua hàng Máy lạnh (sản phẩm trên 10tr) trị giá 300.000đ                                                            4                                              Thu cũ đổi mới: Giảm đến 2,000,000đ (Không kèm ưu đãi thanh toán qua cổng, mua kèm)  Xem chi tiết                                                            5                                              NHẬN HOÀN NGAY ĐẾN 800.000đ khi mở thẻ tín dụng VPBANK MWG  (Xem chi tiết tại đây);;https://www.thegioididong.com/may-tinh-bang/ipad-air-m3-13-inch-5g-128gb;DEBUG_OOS_iPad Air M3 13 inch 5G 128GB_Xanh Dương_120055.png
iPad Air M3 11 inch 5G 128GB;Xanh Dương;Yes;3490000;20790000;2026-04-11;Khuyến mãi  trị giá 400.000₫                     Giá và khuyến mãi dự kiến áp dụng đến 23:59 | 30/04                                                                         1                                          Chọn 1 trong các khuyến mãi:                                                      Giảm giá 1,300,000đ (đã giảm vào giá sản phẩm)                                                                               Tặng phiếu mua hàng Phụ Kiện, Smartwatch, đồng hồ thời trang (trừ Apple, Beats) trị giá 1,600,000đ                                                                                     2                                              Phiếu mua hàng Apple Pencil trị giá 400,000đ                                                            3                                              Tặng Phiếu mua hàng Máy lạnh (sản phẩm trên 10tr) trị giá 300.000đ                                                            4                                              Thu cũ đổi mới: Giảm đến 2,000,000đ (Không kèm ưu đãi thanh toán qua cổng, mua kèm)  Xem chi tiết                                                            5                                              NHẬN HOÀN NGAY ĐẾN 800.000đ khi mở thẻ tín dụng VPBANK MWG  (Xem chi tiết tại đây);;https://www.thegioididong.com/may-tinh-bang/ipad-air-m3-11-inch-5g-128gb;Skipped
iPad Air M3 11 inch WiFi 128GB;Xanh Dương;Yes;3490000;16690000;2026-04-11;Khuyến mãi  trị giá 400.000₫                     Giá và khuyến mãi dự kiến áp dụng đến 23:59 | 30/04                                                                         1                                          Chọn 1 trong các khuyến mãi:                                                      Giảm giá 1,300,000đ (đã giảm vào giá sản phẩm)                                                                               Tặng phiếu mua hàng Phụ Kiện, Smartwatch, đồng hồ thời trang (trừ Apple, Beats) trị giá 1,600,000đ                                                                                     2                                              Phiếu mua hàng Apple Pencil trị giá 400,000đ                                                            3                                              Tặng Phiếu mua hàng Máy lạnh (sản phẩm trên 10tr) trị giá 300.000đ                                                            4                                              Thu cũ đổi mới: Giảm đến 2,000,000đ (Không kèm ưu đãi thanh toán qua cổng, mua kèm)  Xem chi tiết                                                            5                                              NHẬN HOÀN NGAY ĐẾN 800.000đ khi mở thẻ tín dụng VPBANK MWG  (Xem chi tiết tại đây);;https://www.thegioididong.com/may-tinh-bang/ipad-air-m3-11-inch-wifi-128gb;Skipped
iPad A16 5G 256GB;Hồng;No;0;16790000;2026-04-11;Khuyến mãi  trị giá 400.000₫                     Giá và khuyến mãi dự kiến áp dụng đến 23:59 | 30/04                                                                         1                                          Chọn 1 trong các khuyến mãi:                                                      Giảm giá 400,000đ                                                                               Tặng phiếu mua hàng Phụ Kiện, Smartwatch, đồng hồ thời trang (trừ Apple, Beats) trị giá 500,000đ                                                                                     2                                              Phiếu mua hàng Apple Pencil trị giá 400,000đ                                                            3                                              Tặng Phiếu mua hàng Máy lạnh (sản phẩm trên 10tr) trị giá 300.000đ                                                            4                                              Thu cũ đổi mới: Giảm đến 2,000,000đ (Không kèm ưu đãi thanh toán qua cổng, mua kèm)  Xem chi tiết                                                            5                                              NHẬN HOÀN NGAY ĐẾN 800.000đ khi mở thẻ tín dụng VPBANK MWG  (Xem chi tiết tại đây);;https://www.thegioididong.com/may-tinh-bang/ipad-11-5g-128gb;DEBUG_OOS_iPad A16 5G 256GB_Hồng_120056.png
iPad Air M3 13 inch 5G 128GB;Đen - Xám;No;3490000;26190000;2026-04-11;Khuyến mãi  trị giá 400.000₫                     Giá và khuyến mãi dự kiến áp dụng đến 23:59 | 30/04                                                                         1                                          Chọn 1 trong các khuyến mãi:                                                      Giảm giá 1,300,000đ                                                                               Tặng phiếu mua hàng Phụ Kiện, Smartwatch, đồng hồ thời trang (trừ Apple, Beats) trị giá 1,600,000đ                                                                                     2                                              Phiếu mua hàng Apple Pencil trị giá 400,000đ                                                            3                                              Tặng Phiếu mua hàng Máy lạnh (sản phẩm trên 10tr) trị giá 300.000đ                                                            4                                              Thu cũ đổi mới: Giảm đến 2,000,000đ (Không kèm ưu đãi thanh toán qua cổng, mua kèm)  Xem chi tiết                                                            5                                              NHẬN HOÀN NGAY ĐẾN 800.000đ khi mở thẻ tín dụng VPBANK MWG  (Xem chi tiết tại đây);;https://www.thegioididong.com/may-tinh-bang/ipad-air-m3-13-inch-5g-128gb;DEBUG_OOS_iPad Air M3 13 inch 5G 128GB_Đen - Xám_120058.png
iPad Air M3 11 inch 5G 128GB;Trắng Starlight;Yes;3490000;20790000;2026-04-11;Khuyến mãi  trị giá 400.000₫                     Giá và khuyến mãi dự kiến áp dụng đến 23:59 | 30/04                                                                         1                                          Chọn 1 trong các khuyến mãi:                                                      Giảm giá 1,300,000đ (đã giảm vào giá sản phẩm)                                                                               Tặng phiếu mua hàng Phụ Kiện, Smartwatch, đồng hồ thời trang (trừ Apple, Beats) trị giá 1,600,000đ                                                                                     2                                              Phiếu mua hàng Apple Pencil trị giá 400,000đ                                                            3                                              Tặng Phiếu mua hàng Máy lạnh (sản phẩm trên 10tr) trị giá 300.000đ                                                            4                                              Thu cũ đổi mới: Giảm đến 2,000,000đ (Không kèm ưu đãi thanh toán qua cổng, mua kèm)  Xem chi tiết                                                            5                                              NHẬN HOÀN NGAY ĐẾN 800.000đ khi mở thẻ tín dụng VPBANK MWG  (Xem chi tiết tại đây);;https://www.thegioididong.com/may-tinh-bang/ipad-air-m3-11-inch-5g-128gb;Skipped
iPad Air M3 13 inch 5G 128GB;Trắng Starlight;No;3490000;26190000;2026-04-11;Khuyến mãi  trị giá 400.000₫                     Giá và khuyến mãi dự kiến áp dụng đến 23:59 | 30/04                                                                         1                                          Chọn 1 trong các khuyến mãi:                                                      Giảm giá 1,300,000đ                                                                               Tặng phiếu mua hàng Phụ Kiện, Smartwatch, đồng hồ thời trang (trừ Apple, Beats) trị giá 1,600,000đ                                                                                     2                                              Phiếu mua hàng Apple Pencil trị giá 400,000đ                                                            3                                              Tặng Phiếu mua hàng Máy lạnh (sản phẩm trên 10tr) trị giá 300.000đ                                                            4                                              Thu cũ đổi mới: Giảm đến 2,000,000đ (Không kèm ưu đãi thanh toán qua cổng, mua kèm)  Xem chi tiết                                                            5                                              NHẬN HOÀN NGAY ĐẾN 800.000đ khi mở thẻ tín dụng VPBANK MWG  (Xem chi tiết tại đây);;https://www.thegioididong.com/may-tinh-bang/ipad-air-m3-13-inch-5g-128gb;DEBUG_OOS_iPad Air M3 13 inch 5G 128GB_Trắng Starlight_120101.png
iPad Air M3 11 inch WiFi 128GB;Đen - Xám;Yes;3490000;16690000;2026-04-11;Khuyến mãi  trị giá 400.000₫                     Giá và khuyến mãi dự kiến áp dụng đến 23:59 | 30/04                                                                         1                                          Chọn 1 trong các khuyến mãi:                                                      Giảm giá 1,300,000đ (đã giảm vào giá sản phẩm)                                                                               Tặng phiếu mua hàng Phụ Kiện, Smartwatch, đồng hồ thời trang (trừ Apple, Beats) trị giá 1,600,000đ                                                                                     2                                              Phiếu mua hàng Apple Pencil trị giá 400,000đ                                                            3                                              Tặng Phiếu mua hàng Máy lạnh (sản phẩm trên 10tr) trị giá 300.000đ                                                            4                                              Thu cũ đổi mới: Giảm đến 2,000,000đ (Không kèm ưu đãi thanh toán qua cổng, mua kèm)  Xem chi tiết                                                            5                                              NHẬN HOÀN NGAY ĐẾN 800.000đ khi mở thẻ tín dụng VPBANK MWG  (Xem chi tiết tại đây);;https://www.thegioididong.com/may-tinh-bang/ipad-air-m3-11-inch-wifi-128gb;Skipped
iPad A16 WiFi 256GB;Xanh Dương;Yes;0;12590000;2026-04-11;Khuyến mãi  trị giá 400.000₫                     Giá và khuyến mãi dự kiến áp dụng đến 23:59 | 30/04                                                                         1                                          Chọn 1 trong các khuyến mãi:                                                      Giảm giá 200,000đ (đã giảm vào giá sản phẩm)                                                                               Tặng phiếu mua hàng Phụ Kiện, Smartwatch, đồng hồ thời trang (trừ Apple, Beats) trị giá 250,000đ                                                                                     2                                              Phiếu mua hàng Apple Pencil trị giá 400,000đ                                                            3                                              Tặng Phiếu mua hàng Máy lạnh (sản phẩm trên 10tr) trị giá 300.000đ                                                            4                                              Thu cũ đổi mới: Giảm đến 2,000,000đ (Không kèm ưu đãi thanh toán qua cổng, mua kèm)  Xem chi tiết                                                            5                                              NHẬN HOÀN NGAY ĐẾN 800.000đ khi mở thẻ tín dụng VPBANK MWG  (Xem chi tiết tại đây);;https://www.thegioididong.com/may-tinh-bang/ipad-11-wifi-128gb;Skipped
iPad A16 5G 256GB;Xanh Dương;Yes;0;16790000;2026-04-11;Khuyến mãi  trị giá 400.000₫                     Giá và khuyến mãi dự kiến áp dụng đến 23:59 | 30/04                                                                         1                                          Chọn 1 trong các khuyến mãi:                                                      Giảm giá 400,000đ (đã giảm vào giá sản phẩm)                                                                               Tặng phiếu mua hàng Phụ Kiện, Smartwatch, đồng hồ thời trang (trừ Apple, Beats) trị giá 500,000đ                                                                                     2                                              Phiếu mua hàng Apple Pencil trị giá 400,000đ                                                            3                                              Tặng Phiếu mua hàng Máy lạnh (sản phẩm trên 10tr) trị giá 300.000đ                                                            4                                              Thu cũ đổi mới: Giảm đến 2,000,000đ (Không kèm ưu đãi thanh toán qua cổng, mua kèm)  Xem chi tiết                                                            5                                              NHẬN HOÀN NGAY ĐẾN 800.000đ khi mở thẻ tín dụng VPBANK MWG  (Xem chi tiết tại đây);;https://www.thegioididong.com/may-tinh-bang/ipad-11-5g-128gb;Skipped
iPad Air M3 13 inch 5G 128GB;Tím;No;3490000;26190000;2026-04-11;Khuyến mãi  trị giá 400.000₫                     Giá và khuyến mãi dự kiến áp dụng đến 23:59 | 30/04                                                                         1                                          Chọn 1 trong các khuyến mãi:                                                      Giảm giá 1,300,000đ                                                                               Tặng phiếu mua hàng Phụ Kiện, Smartwatch, đồng hồ thời trang (trừ Apple, Beats) trị giá 1,600,000đ                                                                                     2                                              Phiếu mua hàng Apple Pencil trị giá 400,000đ                                                            3                                              Tặng Phiếu mua hàng Máy lạnh (sản phẩm trên 10tr) trị giá 300.000đ                                                            4                                              Thu cũ đổi mới: Giảm đến 2,000,000đ (Không kèm ưu đãi thanh toán qua cổng, mua kèm)  Xem chi tiết                                                            5                                              NHẬN HOÀN NGAY ĐẾN 800.000đ khi mở thẻ tín dụng VPBANK MWG  (Xem chi tiết tại đây);;https://www.thegioididong.com/may-tinh-bang/ipad-air-m3-13-inch-5g-128gb;DEBUG_OOS_iPad Air M3 13 inch 5G 128GB_Tím_120107.png
iPad Air M3 11 inch WiFi 128GB;Tím;Yes;3490000;16690000;2026-04-11;Khuyến mãi  trị giá 400.000₫                     Giá và khuyến mãi dự kiến áp dụng đến 23:59 | 30/04                                                                         1                                          Chọn 1 trong các khuyến mãi:                                                      Giảm giá 1,300,000đ (đã giảm vào giá sản phẩm)                                                                               Tặng phiếu mua hàng Phụ Kiện, Smartwatch, đồng hồ thời trang (trừ Apple, Beats) trị giá 1,600,000đ                                                                                     2                                              Phiếu mua hàng Apple Pencil trị giá 400,000đ                                                            3                                              Tặng Phiếu mua hàng Máy lạnh (sản phẩm trên 10tr) trị giá 300.000đ                                                            4                                              Thu cũ đổi mới: Giảm đến 2,000,000đ (Không kèm ưu đãi thanh toán qua cổng, mua kèm)  Xem chi tiết                                                            5                                              NHẬN HOÀN NGAY ĐẾN 800.000đ khi mở thẻ tín dụng VPBANK MWG  (Xem chi tiết tại đây);;https://www.thegioididong.com/may-tinh-bang/ipad-air-m3-11-inch-wifi-128gb;Skipped
iPad A16 WiFi 256GB;Bạc;Yes;0;12590000;2026-04-11;Khuyến mãi  trị giá 400.000₫                     Giá và khuyến mãi dự kiến áp dụng đến 23:59 | 30/04                                                                         1                                          Chọn 1 trong các khuyến mãi:                                                      Giảm giá 200,000đ (đã giảm vào giá sản phẩm)                                                                               Tặng phiếu mua hàng Phụ Kiện, Smartwatch, đồng hồ thời trang (trừ Apple, Beats) trị giá 250,000đ                                                                                     2                                              Phiếu mua hàng Apple Pencil trị giá 400,000đ                                                            3                                              Tặng Phiếu mua hàng Máy lạnh (sản phẩm trên 10tr) trị giá 300.000đ                                                            4                                              Thu cũ đổi mới: Giảm đến 2,000,000đ (Không kèm ưu đãi thanh toán qua cổng, mua kèm)  Xem chi tiết                                                            5                                              NHẬN HOÀN NGAY ĐẾN 800.000đ khi mở thẻ tín dụng VPBANK MWG  (Xem chi tiết tại đây);;https://www.thegioididong.com/may-tinh-bang/ipad-11-wifi-128gb;Skipped
iPad Air M3 13 inch 5G 128GB;Xanh Dương;No;3490000;26190000;2026-04-11;Khuyến mãi  trị giá 400.000₫                     Giá và khuyến mãi dự kiến áp dụng đến 23:59 | 30/04                                                                         1                                          Chọn 1 trong các khuyến mãi:                                                      Giảm giá 1,300,000đ                                                                               Tặng phiếu mua hàng Phụ Kiện, Smartwatch, đồng hồ thời trang (trừ Apple, Beats) trị giá 1,600,000đ                                                                                     2                                              Phiếu mua hàng Apple Pencil trị giá 400,000đ                                                            3                                              Tặng Phiếu mua hàng Máy lạnh (sản phẩm trên 10tr) trị giá 300.000đ                                                            4                                              Thu cũ đổi mới: Giảm đến 2,000,000đ (Không kèm ưu đãi thanh toán qua cổng, mua kèm)  Xem chi tiết                                                            5                                              NHẬN HOÀN NGAY ĐẾN 800.000đ khi mở thẻ tín dụng VPBANK MWG  (Xem chi tiết tại đây);;https://www.thegioididong.com/may-tinh-bang/ipad-air-m3-13-inch-5g-128gb;DEBUG_OOS_iPad Air M3 13 inch 5G 128GB_Xanh Dương_120110.png
iPad Air M3 13 inch WiFi 128GB;Tím;Yes;3490000;22090000;2026-04-11;Khuyến mãi  trị giá 400.000₫                     Giá và khuyến mãi dự kiến áp dụng đến 23:59 | 30/04                                                                         1                                          Chọn 1 trong các khuyến mãi:                                                      Giảm giá 2,200,000đ (đã giảm vào giá sản phẩm)                                                                               Tặng phiếu mua hàng Phụ Kiện, Smartwatch, đồng hồ thời trang (trừ Apple, Beats) trị giá 2,700,000đ                                                                                     2                                              Phiếu mua hàng Apple Pencil trị giá 400,000đ                                                            3                                              Tặng Phiếu mua hàng Máy lạnh (sản phẩm trên 10tr) trị giá 300.000đ                                                            4                                              Thu cũ đổi mới: Giảm đến 2,000,000đ (Không kèm ưu đãi thanh toán qua cổng, mua kèm)  Xem chi tiết                                                            5                                              NHẬN HOÀN NGAY ĐẾN 800.000đ khi mở thẻ tín dụng VPBANK MWG  (Xem chi tiết tại đây);;https://www.thegioididong.com/may-tinh-bang/ipad-air-m3-13-inch-wifi-128gb?utm_flashsale=1;Skipped
iPad mini 7 5G 128GB;Tím;Yes;3490000;17890000;2026-04-11;Khuyến mãi  trị giá 400.000₫                     Giá và khuyến mãi dự kiến áp dụng đến 23:59 | 30/04                                                                         1                                          Chọn 1 trong các khuyến mãi:                                                      Giảm giá 300,000đ (đã giảm vào giá sản phẩm)                                                                               Tặng phiếu mua hàng Phụ Kiện, Smartwatch, đồng hồ thời trang (trừ Apple, Beats) trị giá 350,000đ                                                                                     2                                              Phiếu mua hàng Apple Pencil trị giá 400,000đ                                                            3                                              Tặng Phiếu mua hàng Máy lạnh (sản phẩm trên 10tr) trị giá 300.000đ                                                            4                                              Thu cũ đổi mới: Giảm đến 2,000,000đ (Không kèm ưu đãi thanh toán qua cổng, mua kèm)  Xem chi tiết                                                            5                                              NHẬN HOÀN NGAY ĐẾN 800.000đ khi mở thẻ tín dụng VPBANK MWG  (Xem chi tiết tại đây);;https://www.thegioididong.com/may-tinh-bang/ipad-mini-7-5g;Skipped
iPad Air M3 13 inch 5G 128GB;Đen - Xám;No;3490000;26190000;2026-04-11;Khuyến mãi  trị giá 400.000₫                     Giá và khuyến mãi dự kiến áp dụng đến 23:59 | 30/04                                                                         1                                          Chọn 1 trong các khuyến mãi:                                                      Giảm giá 1,300,000đ                                                                               Tặng phiếu mua hàng Phụ Kiện, Smartwatch, đồng hồ thời trang (trừ Apple, Beats) trị giá 1,600,000đ                                                                                     2                                              Phiếu mua hàng Apple Pencil trị giá 400,000đ                                                            3                                              Tặng Phiếu mua hàng Máy lạnh (sản phẩm trên 10tr) trị giá 300.000đ                                                            4                                              Thu cũ đổi mới: Giảm đến 2,000,000đ (Không kèm ưu đãi thanh toán qua cổng, mua kèm)  Xem chi tiết                                                            5                                              NHẬN HOÀN NGAY ĐẾN 800.000đ khi mở thẻ tín dụng VPBANK MWG  (Xem chi tiết tại đây);;https://www.thegioididong.com/may-tinh-bang/ipad-air-m3-13-inch-5g-128gb;DEBUG_OOS_iPad Air M3 13 inch 5G 128GB_Đen - Xám_120113.png
iPad A16 WiFi 256GB;Vàng;Yes;0;12590000;2026-04-11;Khuyến mãi  trị giá 400.000₫                     Giá và khuyến mãi dự kiến áp dụng đến 23:59 | 30/04                                                                         1                                          Chọn 1 trong các khuyến mãi:                                                      Giảm giá 200,000đ (đã giảm vào giá sản phẩm)                                                                               Tặng phiếu mua hàng Phụ Kiện, Smartwatch, đồng hồ thời trang (trừ Apple, Beats) trị giá 250,000đ                                                                                     2                                              Phiếu mua hàng Apple Pencil trị giá 400,000đ                                                            3                                              Tặng Phiếu mua hàng Máy lạnh (sản phẩm trên 10tr) trị giá 300.000đ                                                            4                                              Thu cũ đổi mới: Giảm đến 2,000,000đ (Không kèm ưu đãi thanh toán qua cổng, mua kèm)  Xem chi tiết                                                            5                                              NHẬN HOÀN NGAY ĐẾN 800.000đ khi mở thẻ tín dụng VPBANK MWG  (Xem chi tiết tại đây);;https://www.thegioididong.com/may-tinh-bang/ipad-11-wifi-128gb;Skipped
iPad Air M3 13 inch 5G 128GB;Trắng Starlight;No;3490000;26190000;2026-04-11;Khuyến mãi  trị giá 400.000₫                     Giá và khuyến mãi dự kiến áp dụng đến 23:59 | 30/04                                                                         1                                          Chọn 1 trong các khuyến mãi:                                                      Giảm giá 1,300,000đ                                                                               Tặng phiếu mua hàng Phụ Kiện, Smartwatch, đồng hồ thời trang (trừ Apple, Beats) trị giá 1,600,000đ                                                                                     2                                              Phiếu mua hàng Apple Pencil trị giá 400,000đ                                                            3                                              Tặng Phiếu mua hàng Máy lạnh (sản phẩm trên 10tr) trị giá 300.000đ                                                            4                                              Thu cũ đổi mới: Giảm đến 2,000,000đ (Không kèm ưu đãi thanh toán qua cổng, mua kèm)  Xem chi tiết                                                            5                                              NHẬN HOÀN NGAY ĐẾN 800.000đ khi mở thẻ tín dụng VPBANK MWG  (Xem chi tiết tại đây);;https://www.thegioididong.com/may-tinh-bang/ipad-air-m3-13-inch-5g-128gb;DEBUG_OOS_iPad Air M3 13 inch 5G 128GB_Trắng Starlight_120116.png
iPad Air M3 13 inch WiFi 128GB;Đen - Xám;Yes;3490000;22090000;2026-04-11;Khuyến mãi  trị giá 400.000₫                     Giá và khuyến mãi dự kiến áp dụng đến 23:59 | 30/04                                                                         1                                          Chọn 1 trong các khuyến mãi:                                                      Giảm giá 2,200,000đ (đã giảm vào giá sản phẩm)                                                                               Tặng phiếu mua hàng Phụ Kiện, Smartwatch, đồng hồ thời trang (trừ Apple, Beats) trị giá 2,700,000đ                                                                                     2                                              Phiếu mua hàng Apple Pencil trị giá 400,000đ                                                            3                                              Tặng Phiếu mua hàng Máy lạnh (sản phẩm trên 10tr) trị giá 300.000đ                                                            4                                              Thu cũ đổi mới: Giảm đến 2,000,000đ (Không kèm ưu đãi thanh toán qua cổng, mua kèm)  Xem chi tiết                                                            5                                              NHẬN HOÀN NGAY ĐẾN 800.000đ khi mở thẻ tín dụng VPBANK MWG  (Xem chi tiết tại đây);;https://www.thegioididong.com/may-tinh-bang/ipad-air-m3-13-inch-wifi-128gb?utm_flashsale=1;Skipped
iPad mini 7 WiFi 128GB;Tím;Yes;3490000;13790000;2026-04-11;Khuyến mãi  trị giá 400.000₫                     Giá và khuyến mãi dự kiến áp dụng đến 23:59 | 30/04                                                                         1                                          Chọn 1 trong các khuyến mãi:                                                      Giảm giá 700,000đ (đã giảm vào giá sản phẩm)                                                                               Tặng phiếu mua hàng Phụ Kiện, Smartwatch, đồng hồ thời trang (trừ Apple, Beats) trị giá 900,000đ                                                                                     2                                              Phiếu mua hàng Apple Pencil trị giá 400,000đ                                                            3                                              Tặng Phiếu mua hàng Máy lạnh (sản phẩm trên 10tr) trị giá 300.000đ                                                            4                                              Thu cũ đổi mới: Giảm đến 2,000,000đ (Không kèm ưu đãi thanh toán qua cổng, mua kèm)  Xem chi tiết                                                            5                                              NHẬN HOÀN NGAY ĐẾN 800.000đ khi mở thẻ tín dụng VPBANK MWG  (Xem chi tiết tại đây);;https://www.thegioididong.com/may-tinh-bang/ipad-mini-7-wifi;Skipped
iPad mini 7 5G 128GB;Trắng Starlight;Yes;3490000;17890000;2026-04-11;Khuyến mãi  trị giá 400.000₫                     Giá và khuyến mãi dự kiến áp dụng đến 23:59 | 30/04                                                                         1                                          Chọn 1 trong các khuyến mãi:                                                      Giảm giá 300,000đ (đã giảm vào giá sản phẩm)                                                                               Tặng phiếu mua hàng Phụ Kiện, Smartwatch, đồng hồ thời trang (trừ Apple, Beats) trị giá 350,000đ                                                                                     2                                              Phiếu mua hàng Apple Pencil trị giá 400,000đ                                                            3                                              Tặng Phiếu mua hàng Máy lạnh (sản phẩm trên 10tr) trị giá 300.000đ                                                            4                                              Thu cũ đổi mới: Giảm đến 2,000,000đ (Không kèm ưu đãi thanh toán qua cổng, mua kèm)  Xem chi tiết                                                            5                                              NHẬN HOÀN NGAY ĐẾN 800.000đ khi mở thẻ tín dụng VPBANK MWG  (Xem chi tiết tại đây);;https://www.thegioididong.com/may-tinh-bang/ipad-mini-7-5g;Skipped
iPad A16 WiFi 256GB;Hồng;Yes;0;12590000;2026-04-11;Khuyến mãi  trị giá 400.000₫                     Giá và khuyến mãi dự kiến áp dụng đến 23:59 | 30/04                                                                         1                                          Chọn 1 trong các khuyến mãi:                                                      Giảm giá 200,000đ (đã giảm vào giá sản phẩm)                                                                               Tặng phiếu mua hàng Phụ Kiện, Smartwatch, đồng hồ thời trang (trừ Apple, Beats) trị giá 250,000đ                                                                                     2                                              Phiếu mua hàng Apple Pencil trị giá 400,000đ                                                            3                                              Tặng Phiếu mua hàng Máy lạnh (sản phẩm trên 10tr) trị giá 300.000đ                                                            4                                              Thu cũ đổi mới: Giảm đến 2,000,000đ (Không kèm ưu đãi thanh toán qua cổng, mua kèm)  Xem chi tiết                                                            5                                              NHẬN HOÀN NGAY ĐẾN 800.000đ khi mở thẻ tín dụng VPBANK MWG  (Xem chi tiết tại đây);;https://www.thegioididong.com/may-tinh-bang/ipad-11-wifi-128gb;Skipped
iPad Pro M4 13 inch 5G 256GB;Đen;No;42690000;34990000;2026-04-11;Khuyến mãi  trị giá 400.000₫                     Giá và khuyến mãi dự kiến áp dụng đến 23:59 | 30/04                                                                         1                                              Phiếu mua hàng Apple Pencil trị giá 400,000đ                                                            2                                              Tặng Phiếu mua hàng Máy lạnh (sản phẩm trên 10tr) trị giá 300.000đ                                                            3                                              Thu cũ đổi mới: Giảm đến 2,000,000đ (Không kèm ưu đãi thanh toán qua cổng, mua kèm)  Xem chi tiết                                                            4                                              NHẬN HOÀN NGAY ĐẾN 800.000đ khi mở thẻ tín dụng VPBANK MWG  (Xem chi tiết tại đây);;https://www.thegioididong.com/may-tinh-bang/ipad-pro-m4-13-inch-wifi-cellular-256gb?utm_flashsale=1;DEBUG_OOS_iPad Pro M4 13 inch 5G 256GB_Đen_120125.png
iPad mini 7 WiFi 128GB;Đen - Xám;Yes;3490000;13790000;2026-04-11;Khuyến mãi  trị giá 400.000₫                     Giá và khuyến mãi dự kiến áp dụng đến 23:59 | 30/04                                                                         1                                          Chọn 1 trong các khuyến mãi:                                                      Giảm giá 700,000đ (đã giảm vào giá sản phẩm)                                                                               Tặng phiếu mua hàng Phụ Kiện, Smartwatch, đồng hồ thời trang (trừ Apple, Beats) trị giá 900,000đ                                                                                     2                                              Phiếu mua hàng Apple Pencil trị giá 400,000đ                                                            3                                              Tặng Phiếu mua hàng Máy lạnh (sản phẩm trên 10tr) trị giá 300.000đ                                                            4                                              Thu cũ đổi mới: Giảm đến 2,000,000đ (Không kèm ưu đãi thanh toán qua cổng, mua kèm)  Xem chi tiết                                                            5                                              NHẬN HOÀN NGAY ĐẾN 800.000đ khi mở thẻ tín dụng VPBANK MWG  (Xem chi tiết tại đây);;https://www.thegioididong.com/may-tinh-bang/ipad-mini-7-wifi;Skipped
iPad mini 7 5G 128GB;Xanh Dương;Yes;3490000;17890000;2026-04-11;Khuyến mãi  trị giá 400.000₫                     Giá và khuyến mãi dự kiến áp dụng đến 23:59 | 30/04                                                                         1                                          Chọn 1 trong các khuyến mãi:                                                      Giảm giá 300,000đ (đã giảm vào giá sản phẩm)                                                                               Tặng phiếu mua hàng Phụ Kiện, Smartwatch, đồng hồ thời trang (trừ Apple, Beats) trị giá 350,000đ                                                                                     2                                              Phiếu mua hàng Apple Pencil trị giá 400,000đ                                                            3                                              Tặng Phiếu mua hàng Máy lạnh (sản phẩm trên 10tr) trị giá 300.000đ                                                            4                                              Thu cũ đổi mới: Giảm đến 2,000,000đ (Không kèm ưu đãi thanh toán qua cổng, mua kèm)  Xem chi tiết                                                            5                                              NHẬN HOÀN NGAY ĐẾN 800.000đ khi mở thẻ tín dụng VPBANK MWG  (Xem chi tiết tại đây);;https://www.thegioididong.com/may-tinh-bang/ipad-mini-7-5g;Skipped
iPad Air M3 13 inch WiFi 128GB;Trắng Starlight;Yes;3490000;22090000;2026-04-11;Khuyến mãi  trị giá 400.000₫                     Giá và khuyến mãi dự kiến áp dụng đến 23:59 | 30/04                                                                         1                                          Chọn 1 trong các khuyến mãi:                                                      Giảm giá 2,200,000đ (đã giảm vào giá sản phẩm)                                                                               Tặng phiếu mua hàng Phụ Kiện, Smartwatch, đồng hồ thời trang (trừ Apple, Beats) trị giá 2,700,000đ                                                                                     2                                              Phiếu mua hàng Apple Pencil trị giá 400,000đ                                                            3                                              Tặng Phiếu mua hàng Máy lạnh (sản phẩm trên 10tr) trị giá 300.000đ                                                            4                                              Thu cũ đổi mới: Giảm đến 2,000,000đ (Không kèm ưu đãi thanh toán qua cổng, mua kèm)  Xem chi tiết                                                            5                                              NHẬN HOÀN NGAY ĐẾN 800.000đ khi mở thẻ tín dụng VPBANK MWG  (Xem chi tiết tại đây);;https://www.thegioididong.com/may-tinh-bang/ipad-air-m3-13-inch-wifi-128gb?utm_flashsale=1;Skipped
iPad A16 WiFi 256GB;Xanh Dương;Yes;0;12590000;2026-04-11;Khuyến mãi  trị giá 400.000₫                     Giá và khuyến mãi dự kiến áp dụng đến 23:59 | 30/04                                                                         1                                          Chọn 1 trong các khuyến mãi:                                                      Giảm giá 200,000đ (đã giảm vào giá sản phẩm)                                                                               Tặng phiếu mua hàng Phụ Kiện, Smartwatch, đồng hồ thời trang (trừ Apple, Beats) trị giá 250,000đ                                                                                     2                                              Phiếu mua hàng Apple Pencil trị giá 400,000đ                                                            3                                              Tặng Phiếu mua hàng Máy lạnh (sản phẩm trên 10tr) trị giá 300.000đ                                                            4                                              Thu cũ đổi mới: Giảm đến 2,000,000đ (Không kèm ưu đãi thanh toán qua cổng, mua kèm)  Xem chi tiết                                                            5                                              NHẬN HOÀN NGAY ĐẾN 800.000đ khi mở thẻ tín dụng VPBANK MWG  (Xem chi tiết tại đây);;https://www.thegioididong.com/may-tinh-bang/ipad-11-wifi-128gb;Skipped
iPad Pro M4 13 inch 5G 256GB;Bạc;No;42690000;34990000;2026-04-11;Khuyến mãi  trị giá 400.000₫                     Giá và khuyến mãi dự kiến áp dụng đến 23:59 | 30/04                                                                         1                                              Phiếu mua hàng Apple Pencil trị giá 400,000đ                                                            2                                              Tặng Phiếu mua hàng Máy lạnh (sản phẩm trên 10tr) trị giá 300.000đ                                                            3                                              Thu cũ đổi mới: Giảm đến 2,000,000đ (Không kèm ưu đãi thanh toán qua cổng, mua kèm)  Xem chi tiết                                                            4                                              NHẬN HOÀN NGAY ĐẾN 800.000đ khi mở thẻ tín dụng VPBANK MWG  (Xem chi tiết tại đây);;https://www.thegioididong.com/may-tinh-bang/ipad-pro-m4-13-inch-wifi-cellular-256gb?utm_flashsale=1;DEBUG_OOS_iPad Pro M4 13 inch 5G 256GB_Bạc_120130.png
iPad mini 7 5G 128GB;Đen - Xám;Yes;3490000;17890000;2026-04-11;Khuyến mãi  trị giá 400.000₫                     Giá và khuyến mãi dự kiến áp dụng đến 23:59 | 30/04                                                                         1                                          Chọn 1 trong các khuyến mãi:                                                      Giảm giá 300,000đ (đã giảm vào giá sản phẩm)                                                                               Tặng phiếu mua hàng Phụ Kiện, Smartwatch, đồng hồ thời trang (trừ Apple, Beats) trị giá 350,000đ                                                                                     2                                              Phiếu mua hàng Apple Pencil trị giá 400,000đ                                                            3                                              Tặng Phiếu mua hàng Máy lạnh (sản phẩm trên 10tr) trị giá 300.000đ                                                            4                                              Thu cũ đổi mới: Giảm đến 2,000,000đ (Không kèm ưu đãi thanh toán qua cổng, mua kèm)  Xem chi tiết                                                            5                                              NHẬN HOÀN NGAY ĐẾN 800.000đ khi mở thẻ tín dụng VPBANK MWG  (Xem chi tiết tại đây);;https://www.thegioididong.com/may-tinh-bang/ipad-mini-7-5g;Skipped
iPad mini 7 WiFi 128GB;Trắng Starlight;Yes;3490000;13790000;2026-04-11;Khuyến mãi  trị giá 400.000₫                     Giá và khuyến mãi dự kiến áp dụng đến 23:59 | 30/04                                                                         1                                          Chọn 1 trong các khuyến mãi:                                                      Giảm giá 700,000đ (đã giảm vào giá sản phẩm)                                                                               Tặng phiếu mua hàng Phụ Kiện, Smartwatch, đồng hồ thời trang (trừ Apple, Beats) trị giá 900,000đ                                                                                     2                                              Phiếu mua hàng Apple Pencil trị giá 400,000đ                                                            3                                              Tặng Phiếu mua hàng Máy lạnh (sản phẩm trên 10tr) trị giá 300.000đ                                                            4                                              Thu cũ đổi mới: Giảm đến 2,000,000đ (Không kèm ưu đãi thanh toán qua cổng, mua kèm)  Xem chi tiết                                                            5                                              NHẬN HOÀN NGAY ĐẾN 800.000đ khi mở thẻ tín dụng VPBANK MWG  (Xem chi tiết tại đây);;https://www.thegioididong.com/may-tinh-bang/ipad-mini-7-wifi;Skipped
iPad Air M3 13 inch WiFi 128GB;Xanh Dương;Yes;3490000;22090000;2026-04-11;Khuyến mãi  trị giá 400.000₫                     Giá và khuyến mãi dự kiến áp dụng đến 23:59 | 30/04                                                                         1                                          Chọn 1 trong các khuyến mãi:                                                      Giảm giá 2,200,000đ (đã giảm vào giá sản phẩm)                                                                               Tặng phiếu mua hàng Phụ Kiện, Smartwatch, đồng hồ thời trang (trừ Apple, Beats) trị giá 2,700,000đ                                                                                     2                                              Phiếu mua hàng Apple Pencil trị giá 400,000đ                                                            3                                              Tặng Phiếu mua hàng Máy lạnh (sản phẩm trên 10tr) trị giá 300.000đ                                                            4                                              Thu cũ đổi mới: Giảm đến 2,000,000đ (Không kèm ưu đãi thanh toán qua cổng, mua kèm)  Xem chi tiết                                                            5                                              NHẬN HOÀN NGAY ĐẾN 800.000đ khi mở thẻ tín dụng VPBANK MWG  (Xem chi tiết tại đây);;https://www.thegioididong.com/may-tinh-bang/ipad-air-m3-13-inch-wifi-128gb?utm_flashsale=1;Skipped
iPad A16 WiFi 256GB;Bạc;Yes;0;12590000;2026-04-11;Khuyến mãi  trị giá 400.000₫                     Giá và khuyến mãi dự kiến áp dụng đến 23:59 | 30/04                                                                         1                                          Chọn 1 trong các khuyến mãi:                                                      Giảm giá 200,000đ (đã giảm vào giá sản phẩm)                                                                               Tặng phiếu mua hàng Phụ Kiện, Smartwatch, đồng hồ thời trang (trừ Apple, Beats) trị giá 250,000đ                                                                                     2                                              Phiếu mua hàng Apple Pencil trị giá 400,000đ                                                            3                                              Tặng Phiếu mua hàng Máy lạnh (sản phẩm trên 10tr) trị giá 300.000đ                                                            4                                              Thu cũ đổi mới: Giảm đến 2,000,000đ (Không kèm ưu đãi thanh toán qua cổng, mua kèm)  Xem chi tiết                                                            5                                              NHẬN HOÀN NGAY ĐẾN 800.000đ khi mở thẻ tín dụng VPBANK MWG  (Xem chi tiết tại đây);;https://www.thegioididong.com/may-tinh-bang/ipad-11-wifi-128gb;Skipped
iPad Pro M4 13 inch 5G 256GB;Đen;No;42690000;34990000;2026-04-11;Khuyến mãi  trị giá 400.000₫                     Giá và khuyến mãi dự kiến áp dụng đến 23:59 | 30/04                                                                         1                                              Phiếu mua hàng Apple Pencil trị giá 400,000đ                                                            2                                              Tặng Phiếu mua hàng Máy lạnh (sản phẩm trên 10tr) trị giá 300.000đ                                                            3                                              Thu cũ đổi mới: Giảm đến 2,000,000đ (Không kèm ưu đãi thanh toán qua cổng, mua kèm)  Xem chi tiết                                                            4                                              NHẬN HOÀN NGAY ĐẾN 800.000đ khi mở thẻ tín dụng VPBANK MWG  (Xem chi tiết tại đây);;https://www.thegioididong.com/may-tinh-bang/ipad-pro-m4-13-inch-wifi-cellular-256gb?utm_flashsale=1;DEBUG_OOS_iPad Pro M4 13 inch 5G 256GB_Đen_120136.png
iPad Pro M4 13 inch 5G 256GB;Bạc;No;42690000;34990000;2026-04-11;Khuyến mãi  trị giá 400.000₫                     Giá và khuyến mãi dự kiến áp dụng đến 23:59 | 30/04                                                                         1                                              Phiếu mua hàng Apple Pencil trị giá 400,000đ                                                            2                                              Tặng Phiếu mua hàng Máy lạnh (sản phẩm trên 10tr) trị giá 300.000đ                                                            3                                              Thu cũ đổi mới: Giảm đến 2,000,000đ (Không kèm ưu đãi thanh toán qua cổng, mua kèm)  Xem chi tiết                                                            4                                              NHẬN HOÀN NGAY ĐẾN 800.000đ khi mở thẻ tín dụng VPBANK MWG  (Xem chi tiết tại đây);;https://www.thegioididong.com/may-tinh-bang/ipad-pro-m4-13-inch-wifi-cellular-256gb?utm_flashsale=1;DEBUG_OOS_iPad Pro M4 13 inch 5G 256GB_Bạc_120140.png
iPad mini 7 WiFi 128GB;Xanh Dương;Yes;3490000;13790000;2026-04-11;Khuyến mãi  trị giá 400.000₫                     Giá và khuyến mãi dự kiến áp dụng đến 23:59 | 30/04                                                                         1                                          Chọn 1 trong các khuyến mãi:                                                      Giảm giá 700,000đ (đã giảm vào giá sản phẩm)                                                                               Tặng phiếu mua hàng Phụ Kiện, Smartwatch, đồng hồ thời trang (trừ Apple, Beats) trị giá 900,000đ                                                                                     2                                              Phiếu mua hàng Apple Pencil trị giá 400,000đ                                                            3                                              Tặng Phiếu mua hàng Máy lạnh (sản phẩm trên 10tr) trị giá 300.000đ                                                            4                                              Thu cũ đổi mới: Giảm đến 2,000,000đ (Không kèm ưu đãi thanh toán qua cổng, mua kèm)  Xem chi tiết                                                            5                                              NHẬN HOÀN NGAY ĐẾN 800.000đ khi mở thẻ tín dụng VPBANK MWG  (Xem chi tiết tại đây);;https://www.thegioididong.com/may-tinh-bang/ipad-mini-7-wifi;Skipped
iPad A16 WiFi 256GB;Vàng;Yes;0;12590000;2026-04-11;Khuyến mãi  trị giá 400.000₫                     Giá và khuyến mãi dự kiến áp dụng đến 23:59 | 30/04                                                                         1                                          Chọn 1 trong các khuyến mãi:                                                      Giảm giá 200,000đ (đã giảm vào giá sản phẩm)                                                                               Tặng phiếu mua hàng Phụ Kiện, Smartwatch, đồng hồ thời trang (trừ Apple, Beats) trị giá 250,000đ                                                                                     2                                              Phiếu mua hàng Apple Pencil trị giá 400,000đ                                                            3                                              Tặng Phiếu mua hàng Máy lạnh (sản phẩm trên 10tr) trị giá 300.000đ                                                            4                                              Thu cũ đổi mới: Giảm đến 2,000,000đ (Không kèm ưu đãi thanh toán qua cổng, mua kèm)  Xem chi tiết                                                            5                                              NHẬN HOÀN NGAY ĐẾN 800.000đ khi mở thẻ tín dụng VPBANK MWG  (Xem chi tiết tại đây);;https://www.thegioididong.com/may-tinh-bang/ipad-11-wifi-128gb;Skipped
iPad Air M3 13 inch WiFi 128GB;Tím;Yes;3490000;22090000;2026-04-11;Khuyến mãi  trị giá 400.000₫                     Giá và khuyến mãi dự kiến áp dụng đến 23:59 | 30/04                                                                         1                                          Chọn 1 trong các khuyến mãi:                                                      Giảm giá 2,200,000đ (đã giảm vào giá sản phẩm)                                                                               Tặng phiếu mua hàng Phụ Kiện, Smartwatch, đồng hồ thời trang (trừ Apple, Beats) trị giá 2,700,000đ                                                                                     2                                              Phiếu mua hàng Apple Pencil trị giá 400,000đ                                                            3                                              Tặng Phiếu mua hàng Máy lạnh (sản phẩm trên 10tr) trị giá 300.000đ                                                            4                                              Thu cũ đổi mới: Giảm đến 2,000,000đ (Không kèm ưu đãi thanh toán qua cổng, mua kèm)  Xem chi tiết                                                            5                                              NHẬN HOÀN NGAY ĐẾN 800.000đ khi mở thẻ tín dụng VPBANK MWG  (Xem chi tiết tại đây);;https://www.thegioididong.com/may-tinh-bang/ipad-air-m3-13-inch-wifi-128gb?utm_flashsale=1;Skipped
iPad mini 7 5G 128GB;Tím;Yes;3490000;17890000;2026-04-11;Khuyến mãi  trị giá 400.000₫                     Giá và khuyến mãi dự kiến áp dụng đến 23:59 | 30/04                                                                         1                                          Chọn 1 trong các khuyến mãi:                                                      Giảm giá 300,000đ (đã giảm vào giá sản phẩm)                                                                               Tặng phiếu mua hàng Phụ Kiện, Smartwatch, đồng hồ thời trang (trừ Apple, Beats) trị giá 350,000đ                                                                                     2                                              Phiếu mua hàng Apple Pencil trị giá 400,000đ                                                            3                                              Tặng Phiếu mua hàng Máy lạnh (sản phẩm trên 10tr) trị giá 300.000đ                                                            4                                              Thu cũ đổi mới: Giảm đến 2,000,000đ (Không kèm ưu đãi thanh toán qua cổng, mua kèm)  Xem chi tiết                                                            5                                              NHẬN HOÀN NGAY ĐẾN 800.000đ khi mở thẻ tín dụng VPBANK MWG  (Xem chi tiết tại đây);;https://www.thegioididong.com/may-tinh-bang/ipad-mini-7-5g;Skipped
iPad A16 WiFi 256GB;Hồng;Yes;0;12590000;2026-04-11;Khuyến mãi  trị giá 400.000₫                     Giá và khuyến mãi dự kiến áp dụng đến 23:59 | 30/04                                                                         1                                          Chọn 1 trong các khuyến mãi:                                                      Giảm giá 200,000đ (đã giảm vào giá sản phẩm)                                                                               Tặng phiếu mua hàng Phụ Kiện, Smartwatch, đồng hồ thời trang (trừ Apple, Beats) trị giá 250,000đ                                                                                     2                                              Phiếu mua hàng Apple Pencil trị giá 400,000đ                                                            3                                              Tặng Phiếu mua hàng Máy lạnh (sản phẩm trên 10tr) trị giá 300.000đ                                                            4                                              Thu cũ đổi mới: Giảm đến 2,000,000đ (Không kèm ưu đãi thanh toán qua cổng, mua kèm)  Xem chi tiết                                                            5                                              NHẬN HOÀN NGAY ĐẾN 800.000đ khi mở thẻ tín dụng VPBANK MWG  (Xem chi tiết tại đây);;https://www.thegioididong.com/may-tinh-bang/ipad-11-wifi-128gb;Skipped
iPad Air M3 13 inch WiFi 128GB;Đen - Xám;Yes;3490000;22090000;2026-04-11;Khuyến mãi  trị giá 400.000₫                     Giá và khuyến mãi dự kiến áp dụng đến 23:59 | 30/04                                                                         1                                          Chọn 1 trong các khuyến mãi:                                                      Giảm giá 2,200,000đ (đã giảm vào giá sản phẩm)                                                                               Tặng phiếu mua hàng Phụ Kiện, Smartwatch, đồng hồ thời trang (trừ Apple, Beats) trị giá 2,700,000đ                                                                                     2                                              Phiếu mua hàng Apple Pencil trị giá 400,000đ                                                            3                                              Tặng Phiếu mua hàng Máy lạnh (sản phẩm trên 10tr) trị giá 300.000đ                                                            4                                              Thu cũ đổi mới: Giảm đến 2,000,000đ (Không kèm ưu đãi thanh toán qua cổng, mua kèm)  Xem chi tiết                                                            5                                              NHẬN HOÀN NGAY ĐẾN 800.000đ khi mở thẻ tín dụng VPBANK MWG  (Xem chi tiết tại đây);;https://www.thegioididong.com/may-tinh-bang/ipad-air-m3-13-inch-wifi-128gb?utm_flashsale=1;Skipped
iPad mini 7 5G 128GB;Trắng Starlight;Yes;3490000;17890000;2026-04-11;Khuyến mãi  trị giá 400.000₫                     Giá và khuyến mãi dự kiến áp dụng đến 23:59 | 30/04                                                                         1                                          Chọn 1 trong các khuyến mãi:                                                      Giảm giá 300,000đ (đã giảm vào giá sản phẩm)                                                                               Tặng phiếu mua hàng Phụ Kiện, Smartwatch, đồng hồ thời trang (trừ Apple, Beats) trị giá 350,000đ                                                                                     2                                              Phiếu mua hàng Apple Pencil trị giá 400,000đ                                                            3                                              Tặng Phiếu mua hàng Máy lạnh (sản phẩm trên 10tr) trị giá 300.000đ                                                            4                                              Thu cũ đổi mới: Giảm đến 2,000,000đ (Không kèm ưu đãi thanh toán qua cổng, mua kèm)  Xem chi tiết                                                            5                                              NHẬN HOÀN NGAY ĐẾN 800.000đ khi mở thẻ tín dụng VPBANK MWG  (Xem chi tiết tại đây);;https://www.thegioididong.com/may-tinh-bang/ipad-mini-7-5g;Skipped
iPad mini 7 WiFi 256GB;Xanh Dương;Yes;3490000;16490000;2026-04-11;Khuyến mãi  trị giá 400.000₫                     Giá và khuyến mãi dự kiến áp dụng đến 23:59 | 30/04                                                                         1                                          Chọn 1 trong các khuyến mãi:                                                      Giảm giá 200,000đ (đã giảm vào giá sản phẩm)                                                                               Tặng phiếu mua hàng Phụ Kiện, Smartwatch, đồng hồ thời trang (trừ Apple, Beats) trị giá 250,000đ                                                                                     2                                              Phiếu mua hàng Apple Pencil trị giá 400,000đ                                                            3                                              Tặng Phiếu mua hàng Máy lạnh (sản phẩm trên 10tr) trị giá 300.000đ                                                            4                                              Thu cũ đổi mới: Giảm đến 2,000,000đ (Không kèm ưu đãi thanh toán qua cổng, mua kèm)  Xem chi tiết                                                            5                                              NHẬN HOÀN NGAY ĐẾN 800.000đ khi mở thẻ tín dụng VPBANK MWG  (Xem chi tiết tại đây);;https://www.thegioididong.com/may-tinh-bang/ipad-mini-7-wifi;Skipped
iPad Pro M5 11 inch WiFi 256GB;12GB - 256GB;Yes;14990000;29990000;2026-04-11;Khuyến mãi  trị giá 400.000₫                     Giá và khuyến mãi dự kiến áp dụng đến 23:59 | 30/04                                                                         1                                          Chọn 1 trong các khuyến mãi:                                                      Giảm giá 1,300,000đ (đã giảm vào giá sản phẩm)                                                                               Tặng phiếu mua hàng Phụ Kiện, Smartwatch, đồng hồ thời trang (trừ Apple, Beats) trị giá 1,600,000đ                                                                                     2                                              Phiếu mua hàng Apple Pencil trị giá 400,000đ                                                            3                                              Tặng Phiếu mua hàng Máy lạnh (sản phẩm trên 10tr) trị giá 300.000đ                                                            4                                              Thu cũ đổi mới: Giảm đến 2,000,000đ (Không kèm ưu đãi thanh toán qua cổng, mua kèm)  Xem chi tiết                                                            5                                              NHẬN HOÀN NGAY ĐẾN 800.000đ khi mở thẻ tín dụng VPBANK MWG  (Xem chi tiết tại đây);;https://www.thegioididong.com/may-tinh-bang/ipad-pro-m5-11-inch-wifi-256gb;Skipped
iPad Air M3 13 inch WiFi 128GB;Trắng Starlight;Yes;3490000;22090000;2026-04-11;Khuyến mãi  trị giá 400.000₫                     Giá và khuyến mãi dự kiến áp dụng đến 23:59 | 30/04                                                                         1                                          Chọn 1 trong các khuyến mãi:                                                      Giảm giá 2,200,000đ (đã giảm vào giá sản phẩm)                                                                               Tặng phiếu mua hàng Phụ Kiện, Smartwatch, đồng hồ thời trang (trừ Apple, Beats) trị giá 2,700,000đ                                                                                     2                                              Phiếu mua hàng Apple Pencil trị giá 400,000đ                                                            3                                              Tặng Phiếu mua hàng Máy lạnh (sản phẩm trên 10tr) trị giá 300.000đ                                                            4                                              Thu cũ đổi mới: Giảm đến 2,000,000đ (Không kèm ưu đãi thanh toán qua cổng, mua kèm)  Xem chi tiết                                                            5                                              NHẬN HOÀN NGAY ĐẾN 800.000đ khi mở thẻ tín dụng VPBANK MWG  (Xem chi tiết tại đây);;https://www.thegioididong.com/may-tinh-bang/ipad-air-m3-13-inch-wifi-128gb?utm_flashsale=1;Skipped
iPad mini 7 5G 128GB;Xanh Dương;Yes;3490000;17890000;2026-04-11;Khuyến mãi  trị giá 400.000₫                     Giá và khuyến mãi dự kiến áp dụng đến 23:59 | 30/04                                                                         1                                          Chọn 1 trong các khuyến mãi:                                                      Giảm giá 300,000đ (đã giảm vào giá sản phẩm)                                                                               Tặng phiếu mua hàng Phụ Kiện, Smartwatch, đồng hồ thời trang (trừ Apple, Beats) trị giá 350,000đ                                                                                     2                                              Phiếu mua hàng Apple Pencil trị giá 400,000đ                                                            3                                              Tặng Phiếu mua hàng Máy lạnh (sản phẩm trên 10tr) trị giá 300.000đ                                                            4                                              Thu cũ đổi mới: Giảm đến 2,000,000đ (Không kèm ưu đãi thanh toán qua cổng, mua kèm)  Xem chi tiết                                                            5                                              NHẬN HOÀN NGAY ĐẾN 800.000đ khi mở thẻ tín dụng VPBANK MWG  (Xem chi tiết tại đây);;https://www.thegioididong.com/may-tinh-bang/ipad-mini-7-5g;Skipped
iPad Pro M5 11 inch 5G 256GB;Đen;No;0;35590000;2026-04-11;;;https://www.thegioididong.com/may-tinh-bang/ipad-pro-m5-11-inch-wifi-cellular-256gb;DEBUG_OOS_iPad Pro M5 11 inch 5G 256GB_Đen_120155.png
iPad mini 7 WiFi 256GB;Tím;Yes;3490000;16490000;2026-04-11;Khuyến mãi  trị giá 400.000₫                     Giá và khuyến mãi dự kiến áp dụng đến 23:59 | 30/04                                                                         1                                          Chọn 1 trong các khuyến mãi:                                                      Giảm giá 200,000đ (đã giảm vào giá sản phẩm)                                                                               Tặng phiếu mua hàng Phụ Kiện, Smartwatch, đồng hồ thời trang (trừ Apple, Beats) trị giá 250,000đ                                                                                     2                                              Phiếu mua hàng Apple Pencil trị giá 400,000đ                                                            3                                              Tặng Phiếu mua hàng Máy lạnh (sản phẩm trên 10tr) trị giá 300.000đ                                                            4                                              Thu cũ đổi mới: Giảm đến 2,000,000đ (Không kèm ưu đãi thanh toán qua cổng, mua kèm)  Xem chi tiết                                                            5                                              NHẬN HOÀN NGAY ĐẾN 800.000đ khi mở thẻ tín dụng VPBANK MWG  (Xem chi tiết tại đây);;https://www.thegioididong.com/may-tinh-bang/ipad-mini-7-wifi;Skipped
iPad Pro M5 11 inch WiFi 512GB;12GB - 512GB;Yes;14990000;35590000;2026-04-11;Khuyến mãi  trị giá 400.000₫                     Giá và khuyến mãi dự kiến áp dụng đến 23:59 | 30/04                                                                         1                                          Chọn 1 trong các khuyến mãi:                                                      Giảm giá 1,400,000đ (đã giảm vào giá sản phẩm)                                                                               Tặng phiếu mua hàng Phụ Kiện, Smartwatch, đồng hồ thời trang (trừ Apple, Beats) trị giá 1,700,000đ                                                                                     2                                              Phiếu mua hàng Apple Pencil trị giá 400,000đ                                                            3                                              Tặng Phiếu mua hàng Máy lạnh (sản phẩm trên 10tr) trị giá 300.000đ                                                            4                                              Thu cũ đổi mới: Giảm đến 2,000,000đ (Không kèm ưu đãi thanh toán qua cổng, mua kèm)  Xem chi tiết                                                            5                                              NHẬN HOÀN NGAY ĐẾN 800.000đ khi mở thẻ tín dụng VPBANK MWG  (Xem chi tiết tại đây);;https://www.thegioididong.com/may-tinh-bang/ipad-pro-m5-11-inch-wifi-256gb;Skipped
iPad Pro M5 11 inch 5G 256GB;Bạc;No;0;35590000;2026-04-11;;;https://www.thegioididong.com/may-tinh-bang/ipad-pro-m5-11-inch-wifi-cellular-256gb;DEBUG_OOS_iPad Pro M5 11 inch 5G 256GB_Bạc_120159.png
iPad Pro M5 11 inch WiFi 1TB;16GB - 1TB;Yes;46790000;45490000;2026-04-11;Khuyến mãi  trị giá 450.000₫             Giá và khuyến mãi có thể kết thúc sớm hơn dự kiến                                                                         1                                              Phiếu mua hàng Apple Pencil trị giá 400,000đ                                                            2                                              Tặng phiếu mua hàng Phụ Kiện, Smartwatch, Đồng hồ thời trang từ 250,000đ (trừ Apple, Beats) trị giá 50,000đ                                                            3                                              Tặng Phiếu mua hàng Máy lạnh (sản phẩm trên 10tr) trị giá 300.000đ                                                            4                                              NHẬN HOÀN NGAY ĐẾN 800.000đ khi mở thẻ tín dụng VPBANK MWG  (Xem chi tiết tại đây);;https://www.thegioididong.com/may-tinh-bang/ipad-pro-m5-11-inch-wifi-256gb;Skipped
iPad Air M3 13 inch WiFi 128GB;Xanh Dương;Yes;3490000;22090000;2026-04-11;Khuyến mãi  trị giá 400.000₫                     Giá và khuyến mãi dự kiến áp dụng đến 23:59 | 30/04                                                                         1                                          Chọn 1 trong các khuyến mãi:                                                      Giảm giá 2,200,000đ (đã giảm vào giá sản phẩm)                                                                               Tặng phiếu mua hàng Phụ Kiện, Smartwatch, đồng hồ thời trang (trừ Apple, Beats) trị giá 2,700,000đ                                                                                     2                                              Phiếu mua hàng Apple Pencil trị giá 400,000đ                                                            3                                              Tặng Phiếu mua hàng Máy lạnh (sản phẩm trên 10tr) trị giá 300.000đ                                                            4                                              Thu cũ đổi mới: Giảm đến 2,000,000đ (Không kèm ưu đãi thanh toán qua cổng, mua kèm)  Xem chi tiết                                                            5                                              NHẬN HOÀN NGAY ĐẾN 800.000đ khi mở thẻ tín dụng VPBANK MWG  (Xem chi tiết tại đây);;https://www.thegioididong.com/may-tinh-bang/ipad-air-m3-13-inch-wifi-128gb?utm_flashsale=1;Skipped
iPad mini 7 5G 128GB;Đen - Xám;Yes;3490000;17890000;2026-04-11;Khuyến mãi  trị giá 400.000₫                     Giá và khuyến mãi dự kiến áp dụng đến 23:59 | 30/04                                                                         1                                          Chọn 1 trong các khuyến mãi:                                                      Giảm giá 300,000đ (đã giảm vào giá sản phẩm)                                                                               Tặng phiếu mua hàng Phụ Kiện, Smartwatch, đồng hồ thời trang (trừ Apple, Beats) trị giá 350,000đ                                                                                     2                                              Phiếu mua hàng Apple Pencil trị giá 400,000đ                                                            3                                              Tặng Phiếu mua hàng Máy lạnh (sản phẩm trên 10tr) trị giá 300.000đ                                                            4                                              Thu cũ đổi mới: Giảm đến 2,000,000đ (Không kèm ưu đãi thanh toán qua cổng, mua kèm)  Xem chi tiết                                                            5                                              NHẬN HOÀN NGAY ĐẾN 800.000đ khi mở thẻ tín dụng VPBANK MWG  (Xem chi tiết tại đây);;https://www.thegioididong.com/may-tinh-bang/ipad-mini-7-5g;Skipped
iPad Pro M5 11 inch WiFi 1TB;Đen;Yes;46790000;45490000;2026-04-11;Khuyến mãi  trị giá 450.000₫             Giá và khuyến mãi có thể kết thúc sớm hơn dự kiến                                                                         1                                              Phiếu mua hàng Apple Pencil trị giá 400,000đ                                                            2                                              Tặng phiếu mua hàng Phụ Kiện, Smartwatch, Đồng hồ thời trang từ 250,000đ (trừ Apple, Beats) trị giá 50,000đ                                                            3                                              Tặng Phiếu mua hàng Máy lạnh (sản phẩm trên 10tr) trị giá 300.000đ                                                            4                                              NHẬN HOÀN NGAY ĐẾN 800.000đ khi mở thẻ tín dụng VPBANK MWG  (Xem chi tiết tại đây);;https://www.thegioididong.com/may-tinh-bang/ipad-pro-m5-11-inch-wifi-256gb;Skipped
iPad mini 7 WiFi 256GB;Đen - Xám;Yes;3490000;16490000;2026-04-11;Khuyến mãi  trị giá 400.000₫                     Giá và khuyến mãi dự kiến áp dụng đến 23:59 | 30/04                                                                         1                                          Chọn 1 trong các khuyến mãi:                                                      Giảm giá 200,000đ (đã giảm vào giá sản phẩm)                                                                               Tặng phiếu mua hàng Phụ Kiện, Smartwatch, đồng hồ thời trang (trừ Apple, Beats) trị giá 250,000đ                                                                                     2                                              Phiếu mua hàng Apple Pencil trị giá 400,000đ                                                            3                                              Tặng Phiếu mua hàng Máy lạnh (sản phẩm trên 10tr) trị giá 300.000đ                                                            4                                              Thu cũ đổi mới: Giảm đến 2,000,000đ (Không kèm ưu đãi thanh toán qua cổng, mua kèm)  Xem chi tiết                                                            5                                              NHẬN HOÀN NGAY ĐẾN 800.000đ khi mở thẻ tín dụng VPBANK MWG  (Xem chi tiết tại đây);;https://www.thegioididong.com/may-tinh-bang/ipad-mini-7-wifi;Skipped
iPad Pro M5 11 inch 5G 256GB;Đen;No;0;35590000;2026-04-11;;;https://www.thegioididong.com/may-tinh-bang/ipad-pro-m5-11-inch-wifi-cellular-256gb;DEBUG_OOS_iPad Pro M5 11 inch 5G 256GB_Đen_120205.png
iPad Pro M5 11 inch WiFi 1TB;Bạc;No;14990000;46790000;2026-04-11;Khuyến mãi  trị giá 450.000₫                     Giá và khuyến mãi dự kiến áp dụng đến 23:59 | 30/04                                                                         1                                              Phiếu mua hàng Apple Pencil trị giá 400,000đ                                                            2                                              Tặng phiếu mua hàng Phụ Kiện, Smartwatch, Đồng hồ thời trang từ 250,000đ (trừ Apple, Beats) trị giá 50,000đ                                                            3                                              Tặng Phiếu mua hàng Máy lạnh (sản phẩm trên 10tr) trị giá 300.000đ                                                            4                                              Thu cũ đổi mới: Giảm đến 2,000,000đ (Không kèm ưu đãi thanh toán qua cổng, mua kèm)  Xem chi tiết                                                            5                                              NHẬN HOÀN NGAY ĐẾN 800.000đ khi mở thẻ tín dụng VPBANK MWG  (Xem chi tiết tại đây);;https://www.thegioididong.com/may-tinh-bang/ipad-pro-m5-11-inch-wifi-256gb;DEBUG_OOS_iPad Pro M5 11 inch WiFi 1TB_Bạc_120207.png
iPad Pro M5 11 inch 5G 256GB;Bạc;No;0;35590000;2026-04-11;;;https://www.thegioididong.com/may-tinh-bang/ipad-pro-m5-11-inch-wifi-cellular-256gb;DEBUG_OOS_iPad Pro M5 11 inch 5G 256GB_Bạc_120208.png
iPad Air M3 13 inch WiFi 128GB;Tím;Yes;3490000;22090000;2026-04-11;Khuyến mãi  trị giá 400.000₫                     Giá và khuyến mãi dự kiến áp dụng đến 23:59 | 30/04                                                                         1                                          Chọn 1 trong các khuyến mãi:                                                      Giảm giá 2,200,000đ (đã giảm vào giá sản phẩm)                                                                               Tặng phiếu mua hàng Phụ Kiện, Smartwatch, đồng hồ thời trang (trừ Apple, Beats) trị giá 2,700,000đ                                                                                     2                                              Phiếu mua hàng Apple Pencil trị giá 400,000đ                                                            3                                              Tặng Phiếu mua hàng Máy lạnh (sản phẩm trên 10tr) trị giá 300.000đ                                                            4                                              Thu cũ đổi mới: Giảm đến 2,000,000đ (Không kèm ưu đãi thanh toán qua cổng, mua kèm)  Xem chi tiết                                                            5                                              NHẬN HOÀN NGAY ĐẾN 800.000đ khi mở thẻ tín dụng VPBANK MWG  (Xem chi tiết tại đây);;https://www.thegioididong.com/may-tinh-bang/ipad-air-m3-13-inch-wifi-128gb?utm_flashsale=1;Skipped
iPad mini 7 5G 128GB;Tím;Yes;3490000;17890000;2026-04-11;Khuyến mãi  trị giá 400.000₫                     Giá và khuyến mãi dự kiến áp dụng đến 23:59 | 30/04                                                                         1                                          Chọn 1 trong các khuyến mãi:                                                      Giảm giá 300,000đ (đã giảm vào giá sản phẩm)                                                                               Tặng phiếu mua hàng Phụ Kiện, Smartwatch, đồng hồ thời trang (trừ Apple, Beats) trị giá 350,000đ                                                                                     2                                              Phiếu mua hàng Apple Pencil trị giá 400,000đ                                                            3                                              Tặng Phiếu mua hàng Máy lạnh (sản phẩm trên 10tr) trị giá 300.000đ                                                            4                                              Thu cũ đổi mới: Giảm đến 2,000,000đ (Không kèm ưu đãi thanh toán qua cổng, mua kèm)  Xem chi tiết                                                            5                                              NHẬN HOÀN NGAY ĐẾN 800.000đ khi mở thẻ tín dụng VPBANK MWG  (Xem chi tiết tại đây);;https://www.thegioididong.com/may-tinh-bang/ipad-mini-7-5g;Skipped
iPad mini 7 WiFi 256GB;Trắng Starlight;Yes;3490000;16490000;2026-04-11;Khuyến mãi  trị giá 400.000₫                     Giá và khuyến mãi dự kiến áp dụng đến 23:59 | 30/04                                                                         1                                          Chọn 1 trong các khuyến mãi:                                                      Giảm giá 200,000đ (đã giảm vào giá sản phẩm)                                                                               Tặng phiếu mua hàng Phụ Kiện, Smartwatch, đồng hồ thời trang (trừ Apple, Beats) trị giá 250,000đ                                                                                     2                                              Phiếu mua hàng Apple Pencil trị giá 400,000đ                                                            3                                              Tặng Phiếu mua hàng Máy lạnh (sản phẩm trên 10tr) trị giá 300.000đ                                                            4                                              Thu cũ đổi mới: Giảm đến 2,000,000đ (Không kèm ưu đãi thanh toán qua cổng, mua kèm)  Xem chi tiết                                                            5                                              NHẬN HOÀN NGAY ĐẾN 800.000đ khi mở thẻ tín dụng VPBANK MWG  (Xem chi tiết tại đây);;https://www.thegioididong.com/may-tinh-bang/ipad-mini-7-wifi;Skipped
iPad Air M3 13 inch WiFi 128GB;Đen - Xám;Yes;3490000;22090000;2026-04-11;Khuyến mãi  trị giá 400.000₫                     Giá và khuyến mãi dự kiến áp dụng đến 23:59 | 30/04                                                                         1                                          Chọn 1 trong các khuyến mãi:                                                      Giảm giá 2,200,000đ (đã giảm vào giá sản phẩm)                                                                               Tặng phiếu mua hàng Phụ Kiện, Smartwatch, đồng hồ thời trang (trừ Apple, Beats) trị giá 2,700,000đ                                                                                     2                                              Phiếu mua hàng Apple Pencil trị giá 400,000đ                                                            3                                              Tặng Phiếu mua hàng Máy lạnh (sản phẩm trên 10tr) trị giá 300.000đ                                                            4                                              Thu cũ đổi mới: Giảm đến 2,000,000đ (Không kèm ưu đãi thanh toán qua cổng, mua kèm)  Xem chi tiết                                                            5                                              NHẬN HOÀN NGAY ĐẾN 800.000đ khi mở thẻ tín dụng VPBANK MWG  (Xem chi tiết tại đây);;https://www.thegioididong.com/may-tinh-bang/ipad-air-m3-13-inch-wifi-128gb?utm_flashsale=1;Skipped
iPad Pro M5 11 inch WiFi 256GB;12GB - 256GB;Yes;14990000;29990000;2026-04-11;Khuyến mãi  trị giá 400.000₫                     Giá và khuyến mãi dự kiến áp dụng đến 23:59 | 30/04                                                                         1                                          Chọn 1 trong các khuyến mãi:                                                      Giảm giá 1,300,000đ (đã giảm vào giá sản phẩm)                                                                               Tặng phiếu mua hàng Phụ Kiện, Smartwatch, đồng hồ thời trang (trừ Apple, Beats) trị giá 1,600,000đ                                                                                     2                                              Phiếu mua hàng Apple Pencil trị giá 400,000đ                                                            3                                              Tặng Phiếu mua hàng Máy lạnh (sản phẩm trên 10tr) trị giá 300.000đ                                                            4                                              Thu cũ đổi mới: Giảm đến 2,000,000đ (Không kèm ưu đãi thanh toán qua cổng, mua kèm)  Xem chi tiết                                                            5                                              NHẬN HOÀN NGAY ĐẾN 800.000đ khi mở thẻ tín dụng VPBANK MWG  (Xem chi tiết tại đây);;https://www.thegioididong.com/may-tinh-bang/ipad-pro-m5-11-inch-wifi-256gb;Skipped
iPad Pro M5 13 inch WiFi 256GB;12GB - 256GB;Yes;39990000;38990000;2026-04-11;Khuyến mãi  trị giá 400.000₫             Giá và khuyến mãi có thể kết thúc sớm hơn dự kiến                                                                         1                                          Chọn 1 trong các khuyến mãi:                                                      Giảm giá 700,000đ (đã giảm vào giá sản phẩm)                                                                               Tặng phiếu mua hàng Phụ Kiện, Smartwatch, đồng hồ thời trang (trừ Apple, Beats) trị giá 900,000đ                                                                                     2                                              Phiếu mua hàng Apple Pencil trị giá 400,000đ                                                            3                                              Tặng Phiếu mua hàng Máy lạnh (sản phẩm trên 10tr) trị giá 300.000đ                                                            4                                              NHẬN HOÀN NGAY ĐẾN 800.000đ khi mở thẻ tín dụng VPBANK MWG  (Xem chi tiết tại đây);;https://www.thegioididong.com/may-tinh-bang/ipad-pro-m5-13-inch-wifi-256gb;Skipped
iPad mini 7 5G 128GB;Trắng Starlight;Yes;3490000;17890000;2026-04-11;Khuyến mãi  trị giá 400.000₫                     Giá và khuyến mãi dự kiến áp dụng đến 23:59 | 30/04                                                                         1                                          Chọn 1 trong các khuyến mãi:                                                      Giảm giá 300,000đ (đã giảm vào giá sản phẩm)                                                                               Tặng phiếu mua hàng Phụ Kiện, Smartwatch, đồng hồ thời trang (trừ Apple, Beats) trị giá 350,000đ                                                                                     2                                              Phiếu mua hàng Apple Pencil trị giá 400,000đ                                                            3                                              Tặng Phiếu mua hàng Máy lạnh (sản phẩm trên 10tr) trị giá 300.000đ                                                            4                                              Thu cũ đổi mới: Giảm đến 2,000,000đ (Không kèm ưu đãi thanh toán qua cổng, mua kèm)  Xem chi tiết                                                            5                                              NHẬN HOÀN NGAY ĐẾN 800.000đ khi mở thẻ tín dụng VPBANK MWG  (Xem chi tiết tại đây);;https://www.thegioididong.com/may-tinh-bang/ipad-mini-7-5g;Skipped
iPad mini 7 WiFi 512GB;Tím;Yes;3490000;22090000;2026-04-11;Khuyến mãi  trị giá 400.000₫                     Giá và khuyến mãi dự kiến áp dụng đến 23:59 | 30/04                                                                         1                                          Chọn 1 trong các khuyến mãi:                                                      Giảm giá 1,100,000đ (đã giảm vào giá sản phẩm)                                                                               Tặng phiếu mua hàng Phụ Kiện, Smartwatch, đồng hồ thời trang (trừ Apple, Beats) trị giá 1,400,000đ                                                                                     2                                              Phiếu mua hàng Apple Pencil trị giá 400,000đ                                                            3                                              Tặng Phiếu mua hàng Máy lạnh (sản phẩm trên 10tr) trị giá 300.000đ                                                            4                                              Thu cũ đổi mới: Giảm đến 2,000,000đ (Không kèm ưu đãi thanh toán qua cổng, mua kèm)  Xem chi tiết                                                            5                                              NHẬN HOÀN NGAY ĐẾN 800.000đ khi mở thẻ tín dụng VPBANK MWG  (Xem chi tiết tại đây);;https://www.thegioididong.com/may-tinh-bang/ipad-mini-7-wifi;Skipped
iPad Air M3 13 inch WiFi 128GB;Trắng Starlight;Yes;3490000;22090000;2026-04-11;Khuyến mãi  trị giá 400.000₫                     Giá và khuyến mãi dự kiến áp dụng đến 23:59 | 30/04                                                                         1                                          Chọn 1 trong các khuyến mãi:                                                      Giảm giá 2,200,000đ (đã giảm vào giá sản phẩm)                                                                               Tặng phiếu mua hàng Phụ Kiện, Smartwatch, đồng hồ thời trang (trừ Apple, Beats) trị giá 2,700,000đ                                                                                     2                                              Phiếu mua hàng Apple Pencil trị giá 400,000đ                                                            3                                              Tặng Phiếu mua hàng Máy lạnh (sản phẩm trên 10tr) trị giá 300.000đ                                                            4                                              Thu cũ đổi mới: Giảm đến 2,000,000đ (Không kèm ưu đãi thanh toán qua cổng, mua kèm)  Xem chi tiết                                                            5                                              NHẬN HOÀN NGAY ĐẾN 800.000đ khi mở thẻ tín dụng VPBANK MWG  (Xem chi tiết tại đây);;https://www.thegioididong.com/may-tinh-bang/ipad-air-m3-13-inch-wifi-128gb?utm_flashsale=1;Skipped
iPad Pro M5 11 inch WiFi 512GB;12GB - 512GB;Yes;14990000;35590000;2026-04-11;Khuyến mãi  trị giá 400.000₫                     Giá và khuyến mãi dự kiến áp dụng đến 23:59 | 30/04                                                                         1                                          Chọn 1 trong các khuyến mãi:                                                      Giảm giá 1,400,000đ (đã giảm vào giá sản phẩm)                                                                               Tặng phiếu mua hàng Phụ Kiện, Smartwatch, đồng hồ thời trang (trừ Apple, Beats) trị giá 1,700,000đ                                                                                     2                                              Phiếu mua hàng Apple Pencil trị giá 400,000đ                                                            3                                              Tặng Phiếu mua hàng Máy lạnh (sản phẩm trên 10tr) trị giá 300.000đ                                                            4                                              Thu cũ đổi mới: Giảm đến 2,000,000đ (Không kèm ưu đãi thanh toán qua cổng, mua kèm)  Xem chi tiết                                                            5                                              NHẬN HOÀN NGAY ĐẾN 800.000đ khi mở thẻ tín dụng VPBANK MWG  (Xem chi tiết tại đây);;https://www.thegioididong.com/may-tinh-bang/ipad-pro-m5-11-inch-wifi-256gb;Skipped
iPad mini 7 5G 128GB;Xanh Dương;Yes;3490000;17890000;2026-04-11;Khuyến mãi  trị giá 400.000₫                     Giá và khuyến mãi dự kiến áp dụng đến 23:59 | 30/04                                                                         1                                          Chọn 1 trong các khuyến mãi:                                                      Giảm giá 300,000đ (đã giảm vào giá sản phẩm)                                                                               Tặng phiếu mua hàng Phụ Kiện, Smartwatch, đồng hồ thời trang (trừ Apple, Beats) trị giá 350,000đ                                                                                     2                                              Phiếu mua hàng Apple Pencil trị giá 400,000đ                                                            3                                              Tặng Phiếu mua hàng Máy lạnh (sản phẩm trên 10tr) trị giá 300.000đ                                                            4                                              Thu cũ đổi mới: Giảm đến 2,000,000đ (Không kèm ưu đãi thanh toán qua cổng, mua kèm)  Xem chi tiết                                                            5                                              NHẬN HOÀN NGAY ĐẾN 800.000đ khi mở thẻ tín dụng VPBANK MWG  (Xem chi tiết tại đây);;https://www.thegioididong.com/may-tinh-bang/ipad-mini-7-5g;Skipped
iPad Pro M5 13 inch WiFi 512GB;12GB - 512GB;Yes;14990000;45590000;2026-04-11;Khuyến mãi  trị giá 400.000₫                     Giá và khuyến mãi dự kiến áp dụng đến 23:59 | 30/04                                                                         1                                          Chọn 1 trong các khuyến mãi:                                                      Giảm giá 1,000,000đ (đã giảm vào giá sản phẩm)                                                                               Tặng phiếu mua hàng Phụ Kiện, Smartwatch, đồng hồ thời trang (trừ Apple, Beats) trị giá 1,300,000đ                                                                                     2                                              Phiếu mua hàng Apple Pencil trị giá 400,000đ                                                            3                                              Tặng Phiếu mua hàng Máy lạnh (sản phẩm trên 10tr) trị giá 300.000đ                                                            4                                              Thu cũ đổi mới: Giảm đến 2,000,000đ (Không kèm ưu đãi thanh toán qua cổng, mua kèm)  Xem chi tiết                                                            5                                              NHẬN HOÀN NGAY ĐẾN 800.000đ khi mở thẻ tín dụng VPBANK MWG  (Xem chi tiết tại đây);;https://www.thegioididong.com/may-tinh-bang/ipad-pro-m5-13-inch-wifi-256gb;Skipped
iPad Pro M5 11 inch WiFi 1TB;16GB - 1TB;Yes;46790000;45490000;2026-04-11;Khuyến mãi  trị giá 450.000₫             Giá và khuyến mãi có thể kết thúc sớm hơn dự kiến                                                                         1                                              Phiếu mua hàng Apple Pencil trị giá 400,000đ                                                            2                                              Tặng phiếu mua hàng Phụ Kiện, Smartwatch, Đồng hồ thời trang từ 250,000đ (trừ Apple, Beats) trị giá 50,000đ                                                            3                                              Tặng Phiếu mua hàng Máy lạnh (sản phẩm trên 10tr) trị giá 300.000đ                                                            4                                              NHẬN HOÀN NGAY ĐẾN 800.000đ khi mở thẻ tín dụng VPBANK MWG  (Xem chi tiết tại đây);;https://www.thegioididong.com/may-tinh-bang/ipad-pro-m5-11-inch-wifi-256gb;Skipped
iPad Pro M5 11 inch WiFi 1TB;Đen;Yes;46790000;45490000;2026-04-11;Khuyến mãi  trị giá 450.000₫             Giá và khuyến mãi có thể kết thúc sớm hơn dự kiến                                                                         1                                              Phiếu mua hàng Apple Pencil trị giá 400,000đ                                                            2                                              Tặng phiếu mua hàng Phụ Kiện, Smartwatch, Đồng hồ thời trang từ 250,000đ (trừ Apple, Beats) trị giá 50,000đ                                                            3                                              Tặng Phiếu mua hàng Máy lạnh (sản phẩm trên 10tr) trị giá 300.000đ                                                            4                                              NHẬN HOÀN NGAY ĐẾN 800.000đ khi mở thẻ tín dụng VPBANK MWG  (Xem chi tiết tại đây);;https://www.thegioididong.com/may-tinh-bang/ipad-pro-m5-11-inch-wifi-256gb;Skipped
iPad Air M3 13 inch WiFi 128GB;Xanh Dương;Yes;3490000;22090000;2026-04-11;Khuyến mãi  trị giá 400.000₫                     Giá và khuyến mãi dự kiến áp dụng đến 23:59 | 30/04                                                                         1                                          Chọn 1 trong các khuyến mãi:                                                      Giảm giá 2,200,000đ (đã giảm vào giá sản phẩm)                                                                               Tặng phiếu mua hàng Phụ Kiện, Smartwatch, đồng hồ thời trang (trừ Apple, Beats) trị giá 2,700,000đ                                                                                     2                                              Phiếu mua hàng Apple Pencil trị giá 400,000đ                                                            3                                              Tặng Phiếu mua hàng Máy lạnh (sản phẩm trên 10tr) trị giá 300.000đ                                                            4                                              Thu cũ đổi mới: Giảm đến 2,000,000đ (Không kèm ưu đãi thanh toán qua cổng, mua kèm)  Xem chi tiết                                                            5                                              NHẬN HOÀN NGAY ĐẾN 800.000đ khi mở thẻ tín dụng VPBANK MWG  (Xem chi tiết tại đây);;https://www.thegioididong.com/may-tinh-bang/ipad-air-m3-13-inch-wifi-128gb?utm_flashsale=1;Skipped
iPad mini 7 WiFi 512GB;Đen - Xám;Yes;3490000;22090000;2026-04-11;Khuyến mãi  trị giá 400.000₫                     Giá và khuyến mãi dự kiến áp dụng đến 23:59 | 30/04                                                                         1                                          Chọn 1 trong các khuyến mãi:                                                      Giảm giá 1,100,000đ (đã giảm vào giá sản phẩm)                                                                               Tặng phiếu mua hàng Phụ Kiện, Smartwatch, đồng hồ thời trang (trừ Apple, Beats) trị giá 1,400,000đ                                                                                     2                                              Phiếu mua hàng Apple Pencil trị giá 400,000đ                                                            3                                              Tặng Phiếu mua hàng Máy lạnh (sản phẩm trên 10tr) trị giá 300.000đ                                                            4                                              Thu cũ đổi mới: Giảm đến 2,000,000đ (Không kèm ưu đãi thanh toán qua cổng, mua kèm)  Xem chi tiết                                                            5                                              NHẬN HOÀN NGAY ĐẾN 800.000đ khi mở thẻ tín dụng VPBANK MWG  (Xem chi tiết tại đây);;https://www.thegioididong.com/may-tinh-bang/ipad-mini-7-wifi;Skipped
iPad mini 7 5G 128GB;Đen - Xám;Yes;3490000;17890000;2026-04-11;Khuyến mãi  trị giá 400.000₫                     Giá và khuyến mãi dự kiến áp dụng đến 23:59 | 30/04                                                                         1                                          Chọn 1 trong các khuyến mãi:                                                      Giảm giá 300,000đ (đã giảm vào giá sản phẩm)                                                                               Tặng phiếu mua hàng Phụ Kiện, Smartwatch, đồng hồ thời trang (trừ Apple, Beats) trị giá 350,000đ                                                                                     2                                              Phiếu mua hàng Apple Pencil trị giá 400,000đ                                                            3                                              Tặng Phiếu mua hàng Máy lạnh (sản phẩm trên 10tr) trị giá 300.000đ                                                            4                                              Thu cũ đổi mới: Giảm đến 2,000,000đ (Không kèm ưu đãi thanh toán qua cổng, mua kèm)  Xem chi tiết                                                            5                                              NHẬN HOÀN NGAY ĐẾN 800.000đ khi mở thẻ tín dụng VPBANK MWG  (Xem chi tiết tại đây);;https://www.thegioididong.com/may-tinh-bang/ipad-mini-7-5g;Skipped
iPad Pro M5 13 inch WiFi 512GB;Đen;Yes;14990000;45590000;2026-04-11;Khuyến mãi  trị giá 400.000₫                     Giá và khuyến mãi dự kiến áp dụng đến 23:59 | 30/04                                                                         1                                          Chọn 1 trong các khuyến mãi:                                                      Giảm giá 1,000,000đ (đã giảm vào giá sản phẩm)                                                                               Tặng phiếu mua hàng Phụ Kiện, Smartwatch, đồng hồ thời trang (trừ Apple, Beats) trị giá 1,300,000đ                                                                                     2                                              Phiếu mua hàng Apple Pencil trị giá 400,000đ                                                            3                                              Tặng Phiếu mua hàng Máy lạnh (sản phẩm trên 10tr) trị giá 300.000đ                                                            4                                              Thu cũ đổi mới: Giảm đến 2,000,000đ (Không kèm ưu đãi thanh toán qua cổng, mua kèm)  Xem chi tiết                                                            5                                              NHẬN HOÀN NGAY ĐẾN 800.000đ khi mở thẻ tín dụng VPBANK MWG  (Xem chi tiết tại đây);;https://www.thegioididong.com/may-tinh-bang/ipad-pro-m5-13-inch-wifi-256gb;Skipped
iPad Pro M5 11 inch WiFi 1TB;Bạc;No;14990000;46790000;2026-04-11;Khuyến mãi  trị giá 450.000₫                     Giá và khuyến mãi dự kiến áp dụng đến 23:59 | 30/04                                                                         1                                              Phiếu mua hàng Apple Pencil trị giá 400,000đ                                                            2                                              Tặng phiếu mua hàng Phụ Kiện, Smartwatch, Đồng hồ thời trang từ 250,000đ (trừ Apple, Beats) trị giá 50,000đ                                                            3                                              Tặng Phiếu mua hàng Máy lạnh (sản phẩm trên 10tr) trị giá 300.000đ                                                            4                                              Thu cũ đổi mới: Giảm đến 2,000,000đ (Không kèm ưu đãi thanh toán qua cổng, mua kèm)  Xem chi tiết                                                            5                                              NHẬN HOÀN NGAY ĐẾN 800.000đ khi mở thẻ tín dụng VPBANK MWG  (Xem chi tiết tại đây);;https://www.thegioididong.com/may-tinh-bang/ipad-pro-m5-11-inch-wifi-256gb;DEBUG_OOS_iPad Pro M5 11 inch WiFi 1TB_Bạc_120232.png
iPad mini 7 WiFi 512GB;Trắng Starlight;Yes;3490000;22090000;2026-04-11;Khuyến mãi  trị giá 400.000₫                     Giá và khuyến mãi dự kiến áp dụng đến 23:59 | 30/04                                                                         1                                          Chọn 1 trong các khuyến mãi:                                                      Giảm giá 1,100,000đ (đã giảm vào giá sản phẩm)                                                                               Tặng phiếu mua hàng Phụ Kiện, Smartwatch, đồng hồ thời trang (trừ Apple, Beats) trị giá 1,400,000đ                                                                                     2                                              Phiếu mua hàng Apple Pencil trị giá 400,000đ                                                            3                                              Tặng Phiếu mua hàng Máy lạnh (sản phẩm trên 10tr) trị giá 300.000đ                                                            4                                              Thu cũ đổi mới: Giảm đến 2,000,000đ (Không kèm ưu đãi thanh toán qua cổng, mua kèm)  Xem chi tiết                                                            5                                              NHẬN HOÀN NGAY ĐẾN 800.000đ khi mở thẻ tín dụng VPBANK MWG  (Xem chi tiết tại đây);;https://www.thegioididong.com/may-tinh-bang/ipad-mini-7-wifi;Skipped
iPad Air M3 13 inch WiFi 128GB;Tím;Yes;3490000;22090000;2026-04-11;Khuyến mãi  trị giá 400.000₫                     Giá và khuyến mãi dự kiến áp dụng đến 23:59 | 30/04                                                                         1                                          Chọn 1 trong các khuyến mãi:                                                      Giảm giá 2,200,000đ (đã giảm vào giá sản phẩm)                                                                               Tặng phiếu mua hàng Phụ Kiện, Smartwatch, đồng hồ thời trang (trừ Apple, Beats) trị giá 2,700,000đ                                                                                     2                                              Phiếu mua hàng Apple Pencil trị giá 400,000đ                                                            3                                              Tặng Phiếu mua hàng Máy lạnh (sản phẩm trên 10tr) trị giá 300.000đ                                                            4                                              Thu cũ đổi mới: Giảm đến 2,000,000đ (Không kèm ưu đãi thanh toán qua cổng, mua kèm)  Xem chi tiết                                                            5                                              NHẬN HOÀN NGAY ĐẾN 800.000đ khi mở thẻ tín dụng VPBANK MWG  (Xem chi tiết tại đây);;https://www.thegioididong.com/may-tinh-bang/ipad-air-m3-13-inch-wifi-128gb?utm_flashsale=1;Skipped
iPad Pro M5 13 inch WiFi 512GB;Bạc;Yes;14990000;45590000;2026-04-11;Khuyến mãi  trị giá 400.000₫                     Giá và khuyến mãi dự kiến áp dụng đến 23:59 | 30/04                                                                         1                                          Chọn 1 trong các khuyến mãi:                                                      Giảm giá 1,000,000đ (đã giảm vào giá sản phẩm)                                                                               Tặng phiếu mua hàng Phụ Kiện, Smartwatch, đồng hồ thời trang (trừ Apple, Beats) trị giá 1,300,000đ                                                                                     2                                              Phiếu mua hàng Apple Pencil trị giá 400,000đ                                                            3                                              Tặng Phiếu mua hàng Máy lạnh (sản phẩm trên 10tr) trị giá 300.000đ                                                            4                                              Thu cũ đổi mới: Giảm đến 2,000,000đ (Không kèm ưu đãi thanh toán qua cổng, mua kèm)  Xem chi tiết                                                            5                                              NHẬN HOÀN NGAY ĐẾN 800.000đ khi mở thẻ tín dụng VPBANK MWG  (Xem chi tiết tại đây);;https://www.thegioididong.com/may-tinh-bang/ipad-pro-m5-13-inch-wifi-256gb;Skipped
iPad mini 7 5G 128GB;Tím;Yes;3490000;17890000;2026-04-11;Khuyến mãi  trị giá 400.000₫                     Giá và khuyến mãi dự kiến áp dụng đến 23:59 | 30/04                                                                         1                                          Chọn 1 trong các khuyến mãi:                                                      Giảm giá 300,000đ (đã giảm vào giá sản phẩm)                                                                               Tặng phiếu mua hàng Phụ Kiện, Smartwatch, đồng hồ thời trang (trừ Apple, Beats) trị giá 350,000đ                                                                                     2                                              Phiếu mua hàng Apple Pencil trị giá 400,000đ                                                            3                                              Tặng Phiếu mua hàng Máy lạnh (sản phẩm trên 10tr) trị giá 300.000đ                                                            4                                              Thu cũ đổi mới: Giảm đến 2,000,000đ (Không kèm ưu đãi thanh toán qua cổng, mua kèm)  Xem chi tiết                                                            5                                              NHẬN HOÀN NGAY ĐẾN 800.000đ khi mở thẻ tín dụng VPBANK MWG  (Xem chi tiết tại đây);;https://www.thegioididong.com/may-tinh-bang/ipad-mini-7-5g;Skipped
iPad Pro M5 11 inch WiFi 256GB;12GB - 256GB;Yes;14990000;29990000;2026-04-11;Khuyến mãi  trị giá 400.000₫                     Giá và khuyến mãi dự kiến áp dụng đến 23:59 | 30/04                                                                         1                                          Chọn 1 trong các khuyến mãi:                                                      Giảm giá 1,300,000đ (đã giảm vào giá sản phẩm)                                                                               Tặng phiếu mua hàng Phụ Kiện, Smartwatch, đồng hồ thời trang (trừ Apple, Beats) trị giá 1,600,000đ                                                                                     2                                              Phiếu mua hàng Apple Pencil trị giá 400,000đ                                                            3                                              Tặng Phiếu mua hàng Máy lạnh (sản phẩm trên 10tr) trị giá 300.000đ                                                            4                                              Thu cũ đổi mới: Giảm đến 2,000,000đ (Không kèm ưu đãi thanh toán qua cổng, mua kèm)  Xem chi tiết                                                            5                                              NHẬN HOÀN NGAY ĐẾN 800.000đ khi mở thẻ tín dụng VPBANK MWG  (Xem chi tiết tại đây);;https://www.thegioididong.com/may-tinh-bang/ipad-pro-m5-11-inch-wifi-256gb;Skipped
iPad Pro M5 13 inch WiFi 256GB;12GB - 256GB;Yes;39990000;38990000;2026-04-11;Khuyến mãi  trị giá 400.000₫             Giá và khuyến mãi có thể kết thúc sớm hơn dự kiến                                                                         1                                          Chọn 1 trong các khuyến mãi:                                                      Giảm giá 700,000đ (đã giảm vào giá sản phẩm)                                                                               Tặng phiếu mua hàng Phụ Kiện, Smartwatch, đồng hồ thời trang (trừ Apple, Beats) trị giá 900,000đ                                                                                     2                                              Phiếu mua hàng Apple Pencil trị giá 400,000đ                                                            3                                              Tặng Phiếu mua hàng Máy lạnh (sản phẩm trên 10tr) trị giá 300.000đ                                                            4                                              NHẬN HOÀN NGAY ĐẾN 800.000đ khi mở thẻ tín dụng VPBANK MWG  (Xem chi tiết tại đây);;https://www.thegioididong.com/may-tinh-bang/ipad-pro-m5-13-inch-wifi-256gb;Skipped
iPad mini 7 WiFi 512GB;Xanh Dương;Yes;3490000;22090000;2026-04-11;Khuyến mãi  trị giá 400.000₫                     Giá và khuyến mãi dự kiến áp dụng đến 23:59 | 30/04                                                                         1                                          Chọn 1 trong các khuyến mãi:                                                      Giảm giá 1,100,000đ (đã giảm vào giá sản phẩm)                                                                               Tặng phiếu mua hàng Phụ Kiện, Smartwatch, đồng hồ thời trang (trừ Apple, Beats) trị giá 1,400,000đ                                                                                     2                                              Phiếu mua hàng Apple Pencil trị giá 400,000đ                                                            3                                              Tặng Phiếu mua hàng Máy lạnh (sản phẩm trên 10tr) trị giá 300.000đ                                                            4                                              Thu cũ đổi mới: Giảm đến 2,000,000đ (Không kèm ưu đãi thanh toán qua cổng, mua kèm)  Xem chi tiết                                                            5                                              NHẬN HOÀN NGAY ĐẾN 800.000đ khi mở thẻ tín dụng VPBANK MWG  (Xem chi tiết tại đây);;https://www.thegioididong.com/may-tinh-bang/ipad-mini-7-wifi;Skipped
iPad Air M3 13 inch WiFi 128GB;Đen - Xám;Yes;3490000;22090000;2026-04-11;Khuyến mãi  trị giá 400.000₫                     Giá và khuyến mãi dự kiến áp dụng đến 23:59 | 30/04                                                                         1                                          Chọn 1 trong các khuyến mãi:                                                      Giảm giá 2,200,000đ (đã giảm vào giá sản phẩm)                                                                               Tặng phiếu mua hàng Phụ Kiện, Smartwatch, đồng hồ thời trang (trừ Apple, Beats) trị giá 2,700,000đ                                                                                     2                                              Phiếu mua hàng Apple Pencil trị giá 400,000đ                                                            3                                              Tặng Phiếu mua hàng Máy lạnh (sản phẩm trên 10tr) trị giá 300.000đ                                                            4                                              Thu cũ đổi mới: Giảm đến 2,000,000đ (Không kèm ưu đãi thanh toán qua cổng, mua kèm)  Xem chi tiết                                                            5                                              NHẬN HOÀN NGAY ĐẾN 800.000đ khi mở thẻ tín dụng VPBANK MWG  (Xem chi tiết tại đây);;https://www.thegioididong.com/may-tinh-bang/ipad-air-m3-13-inch-wifi-128gb?utm_flashsale=1;Skipped
iPad mini 7 5G 128GB;Trắng Starlight;Yes;3490000;17890000;2026-04-11;Khuyến mãi  trị giá 400.000₫                     Giá và khuyến mãi dự kiến áp dụng đến 23:59 | 30/04                                                                         1                                          Chọn 1 trong các khuyến mãi:                                                      Giảm giá 300,000đ (đã giảm vào giá sản phẩm)                                                                               Tặng phiếu mua hàng Phụ Kiện, Smartwatch, đồng hồ thời trang (trừ Apple, Beats) trị giá 350,000đ                                                                                     2                                              Phiếu mua hàng Apple Pencil trị giá 400,000đ                                                            3                                              Tặng Phiếu mua hàng Máy lạnh (sản phẩm trên 10tr) trị giá 300.000đ                                                            4                                              Thu cũ đổi mới: Giảm đến 2,000,000đ (Không kèm ưu đãi thanh toán qua cổng, mua kèm)  Xem chi tiết                                                            5                                              NHẬN HOÀN NGAY ĐẾN 800.000đ khi mở thẻ tín dụng VPBANK MWG  (Xem chi tiết tại đây);;https://www.thegioididong.com/may-tinh-bang/ipad-mini-7-5g;Skipped
iPad Pro M5 11 inch WiFi 512GB;12GB - 512GB;Yes;14990000;35590000;2026-04-11;Khuyến mãi  trị giá 400.000₫                     Giá và khuyến mãi dự kiến áp dụng đến 23:59 | 30/04                                                                         1                                          Chọn 1 trong các khuyến mãi:                                                      Giảm giá 1,400,000đ (đã giảm vào giá sản phẩm)                                                                               Tặng phiếu mua hàng Phụ Kiện, Smartwatch, đồng hồ thời trang (trừ Apple, Beats) trị giá 1,700,000đ                                                                                     2                                              Phiếu mua hàng Apple Pencil trị giá 400,000đ                                                            3                                              Tặng Phiếu mua hàng Máy lạnh (sản phẩm trên 10tr) trị giá 300.000đ                                                            4                                              Thu cũ đổi mới: Giảm đến 2,000,000đ (Không kèm ưu đãi thanh toán qua cổng, mua kèm)  Xem chi tiết                                                            5                                              NHẬN HOÀN NGAY ĐẾN 800.000đ khi mở thẻ tín dụng VPBANK MWG  (Xem chi tiết tại đây);;https://www.thegioididong.com/may-tinh-bang/ipad-pro-m5-11-inch-wifi-256gb;Skipped
iPad Pro M5 13 inch WiFi 512GB;12GB - 512GB;Yes;14990000;45590000;2026-04-11;Khuyến mãi  trị giá 400.000₫                     Giá và khuyến mãi dự kiến áp dụng đến 23:59 | 30/04                                                                         1                                          Chọn 1 trong các khuyến mãi:                                                      Giảm giá 1,000,000đ (đã giảm vào giá sản phẩm)                                                                               Tặng phiếu mua hàng Phụ Kiện, Smartwatch, đồng hồ thời trang (trừ Apple, Beats) trị giá 1,300,000đ                                                                                     2                                              Phiếu mua hàng Apple Pencil trị giá 400,000đ                                                            3                                              Tặng Phiếu mua hàng Máy lạnh (sản phẩm trên 10tr) trị giá 300.000đ                                                            4                                              Thu cũ đổi mới: Giảm đến 2,000,000đ (Không kèm ưu đãi thanh toán qua cổng, mua kèm)  Xem chi tiết                                                            5                                              NHẬN HOÀN NGAY ĐẾN 800.000đ khi mở thẻ tín dụng VPBANK MWG  (Xem chi tiết tại đây);;https://www.thegioididong.com/may-tinh-bang/ipad-pro-m5-13-inch-wifi-256gb;Skipped
iPad Air M3 13 inch WiFi 128GB;Trắng Starlight;Yes;3490000;22090000;2026-04-11;Khuyến mãi  trị giá 400.000₫                     Giá và khuyến mãi dự kiến áp dụng đến 23:59 | 30/04                                                                         1                                          Chọn 1 trong các khuyến mãi:                                                      Giảm giá 2,200,000đ (đã giảm vào giá sản phẩm)                                                                               Tặng phiếu mua hàng Phụ Kiện, Smartwatch, đồng hồ thời trang (trừ Apple, Beats) trị giá 2,700,000đ                                                                                     2                                              Phiếu mua hàng Apple Pencil trị giá 400,000đ                                                            3                                              Tặng Phiếu mua hàng Máy lạnh (sản phẩm trên 10tr) trị giá 300.000đ                                                            4                                              Thu cũ đổi mới: Giảm đến 2,000,000đ (Không kèm ưu đãi thanh toán qua cổng, mua kèm)  Xem chi tiết                                                            5                                              NHẬN HOÀN NGAY ĐẾN 800.000đ khi mở thẻ tín dụng VPBANK MWG  (Xem chi tiết tại đây);;https://www.thegioididong.com/may-tinh-bang/ipad-air-m3-13-inch-wifi-128gb?utm_flashsale=1;Skipped
iPad mini 7 WiFi 512GB;Tím;Yes;3490000;22090000;2026-04-11;Khuyến mãi  trị giá 400.000₫                     Giá và khuyến mãi dự kiến áp dụng đến 23:59 | 30/04                                                                         1                                          Chọn 1 trong các khuyến mãi:                                                      Giảm giá 1,100,000đ (đã giảm vào giá sản phẩm)                                                                               Tặng phiếu mua hàng Phụ Kiện, Smartwatch, đồng hồ thời trang (trừ Apple, Beats) trị giá 1,400,000đ                                                                                     2                                              Phiếu mua hàng Apple Pencil trị giá 400,000đ                                                            3                                              Tặng Phiếu mua hàng Máy lạnh (sản phẩm trên 10tr) trị giá 300.000đ                                                            4                                              Thu cũ đổi mới: Giảm đến 2,000,000đ (Không kèm ưu đãi thanh toán qua cổng, mua kèm)  Xem chi tiết                                                            5                                              NHẬN HOÀN NGAY ĐẾN 800.000đ khi mở thẻ tín dụng VPBANK MWG  (Xem chi tiết tại đây);;https://www.thegioididong.com/may-tinh-bang/ipad-mini-7-wifi;Skipped
iPad Pro M5 11 inch WiFi 1TB;16GB - 1TB;Yes;46790000;45490000;2026-04-11;Khuyến mãi  trị giá 450.000₫             Giá và khuyến mãi có thể kết thúc sớm hơn dự kiến                                                                         1                                              Phiếu mua hàng Apple Pencil trị giá 400,000đ                                                            2                                              Tặng phiếu mua hàng Phụ Kiện, Smartwatch, Đồng hồ thời trang từ 250,000đ (trừ Apple, Beats) trị giá 50,000đ                                                            3                                              Tặng Phiếu mua hàng Máy lạnh (sản phẩm trên 10tr) trị giá 300.000đ                                                            4                                              NHẬN HOÀN NGAY ĐẾN 800.000đ khi mở thẻ tín dụng VPBANK MWG  (Xem chi tiết tại đây);;https://www.thegioididong.com/may-tinh-bang/ipad-pro-m5-11-inch-wifi-256gb;Skipped
iPad mini 7 5G 128GB;Xanh Dương;Yes;3490000;17890000;2026-04-11;Khuyến mãi  trị giá 400.000₫                     Giá và khuyến mãi dự kiến áp dụng đến 23:59 | 30/04                                                                         1                                          Chọn 1 trong các khuyến mãi:                                                      Giảm giá 300,000đ (đã giảm vào giá sản phẩm)                                                                               Tặng phiếu mua hàng Phụ Kiện, Smartwatch, đồng hồ thời trang (trừ Apple, Beats) trị giá 350,000đ                                                                                     2                                              Phiếu mua hàng Apple Pencil trị giá 400,000đ                                                            3                                              Tặng Phiếu mua hàng Máy lạnh (sản phẩm trên 10tr) trị giá 300.000đ                                                            4                                              Thu cũ đổi mới: Giảm đến 2,000,000đ (Không kèm ưu đãi thanh toán qua cổng, mua kèm)  Xem chi tiết                                                            5                                              NHẬN HOÀN NGAY ĐẾN 800.000đ khi mở thẻ tín dụng VPBANK MWG  (Xem chi tiết tại đây);;https://www.thegioididong.com/may-tinh-bang/ipad-mini-7-5g;Skipped
iPad Pro M5 11 inch WiFi 1TB;Đen;Yes;46790000;45490000;2026-04-11;Khuyến mãi  trị giá 450.000₫             Giá và khuyến mãi có thể kết thúc sớm hơn dự kiến                                                                         1                                              Phiếu mua hàng Apple Pencil trị giá 400,000đ                                                            2                                              Tặng phiếu mua hàng Phụ Kiện, Smartwatch, Đồng hồ thời trang từ 250,000đ (trừ Apple, Beats) trị giá 50,000đ                                                            3                                              Tặng Phiếu mua hàng Máy lạnh (sản phẩm trên 10tr) trị giá 300.000đ                                                            4                                              NHẬN HOÀN NGAY ĐẾN 800.000đ khi mở thẻ tín dụng VPBANK MWG  (Xem chi tiết tại đây);;https://www.thegioididong.com/may-tinh-bang/ipad-pro-m5-11-inch-wifi-256gb;Skipped
iPad Pro M5 13 inch WiFi 512GB;Đen;Yes;14990000;45590000;2026-04-11;Khuyến mãi  trị giá 400.000₫                     Giá và khuyến mãi dự kiến áp dụng đến 23:59 | 30/04                                                                         1                                          Chọn 1 trong các khuyến mãi:                                                      Giảm giá 1,000,000đ (đã giảm vào giá sản phẩm)                                                                               Tặng phiếu mua hàng Phụ Kiện, Smartwatch, đồng hồ thời trang (trừ Apple, Beats) trị giá 1,300,000đ                                                                                     2                                              Phiếu mua hàng Apple Pencil trị giá 400,000đ                                                            3                                              Tặng Phiếu mua hàng Máy lạnh (sản phẩm trên 10tr) trị giá 300.000đ                                                            4                                              Thu cũ đổi mới: Giảm đến 2,000,000đ (Không kèm ưu đãi thanh toán qua cổng, mua kèm)  Xem chi tiết                                                            5                                              NHẬN HOÀN NGAY ĐẾN 800.000đ khi mở thẻ tín dụng VPBANK MWG  (Xem chi tiết tại đây);;https://www.thegioididong.com/may-tinh-bang/ipad-pro-m5-13-inch-wifi-256gb;Skipped
iPad Air M3 13 inch WiFi 128GB;Xanh Dương;Yes;3490000;22090000;2026-04-11;Khuyến mãi  trị giá 400.000₫                     Giá và khuyến mãi dự kiến áp dụng đến 23:59 | 30/04                                                                         1                                          Chọn 1 trong các khuyến mãi:                                                      Giảm giá 2,200,000đ (đã giảm vào giá sản phẩm)                                                                               Tặng phiếu mua hàng Phụ Kiện, Smartwatch, đồng hồ thời trang (trừ Apple, Beats) trị giá 2,700,000đ                                                                                     2                                              Phiếu mua hàng Apple Pencil trị giá 400,000đ                                                            3                                              Tặng Phiếu mua hàng Máy lạnh (sản phẩm trên 10tr) trị giá 300.000đ                                                            4                                              Thu cũ đổi mới: Giảm đến 2,000,000đ (Không kèm ưu đãi thanh toán qua cổng, mua kèm)  Xem chi tiết                                                            5                                              NHẬN HOÀN NGAY ĐẾN 800.000đ khi mở thẻ tín dụng VPBANK MWG  (Xem chi tiết tại đây);;https://www.thegioididong.com/may-tinh-bang/ipad-air-m3-13-inch-wifi-128gb?utm_flashsale=1;Skipped
iPad Pro M5 11 inch WiFi 1TB;Bạc;No;14990000;46790000;2026-04-11;Khuyến mãi  trị giá 450.000₫                     Giá và khuyến mãi dự kiến áp dụng đến 23:59 | 30/04                                                                         1                                              Phiếu mua hàng Apple Pencil trị giá 400,000đ                                                            2                                              Tặng phiếu mua hàng Phụ Kiện, Smartwatch, Đồng hồ thời trang từ 250,000đ (trừ Apple, Beats) trị giá 50,000đ                                                            3                                              Tặng Phiếu mua hàng Máy lạnh (sản phẩm trên 10tr) trị giá 300.000đ                                                            4                                              Thu cũ đổi mới: Giảm đến 2,000,000đ (Không kèm ưu đãi thanh toán qua cổng, mua kèm)  Xem chi tiết                                                            5                                              NHẬN HOÀN NGAY ĐẾN 800.000đ khi mở thẻ tín dụng VPBANK MWG  (Xem chi tiết tại đây);;https://www.thegioididong.com/may-tinh-bang/ipad-pro-m5-11-inch-wifi-256gb;DEBUG_OOS_iPad Pro M5 11 inch WiFi 1TB_Bạc_120256.png
iPad mini 7 WiFi 512GB;Đen - Xám;Yes;3490000;22090000;2026-04-11;Khuyến mãi  trị giá 400.000₫                     Giá và khuyến mãi dự kiến áp dụng đến 23:59 | 30/04                                                                         1                                          Chọn 1 trong các khuyến mãi:                                                      Giảm giá 1,100,000đ (đã giảm vào giá sản phẩm)                                                                               Tặng phiếu mua hàng Phụ Kiện, Smartwatch, đồng hồ thời trang (trừ Apple, Beats) trị giá 1,400,000đ                                                                                     2                                              Phiếu mua hàng Apple Pencil trị giá 400,000đ                                                            3                                              Tặng Phiếu mua hàng Máy lạnh (sản phẩm trên 10tr) trị giá 300.000đ                                                            4                                              Thu cũ đổi mới: Giảm đến 2,000,000đ (Không kèm ưu đãi thanh toán qua cổng, mua kèm)  Xem chi tiết                                                            5                                              NHẬN HOÀN NGAY ĐẾN 800.000đ khi mở thẻ tín dụng VPBANK MWG  (Xem chi tiết tại đây);;https://www.thegioididong.com/may-tinh-bang/ipad-mini-7-wifi;Skipped
iPad mini 7 5G 128GB;Đen - Xám;Yes;3490000;17890000;2026-04-11;Khuyến mãi  trị giá 400.000₫                     Giá và khuyến mãi dự kiến áp dụng đến 23:59 | 30/04                                                                         1                                          Chọn 1 trong các khuyến mãi:                                                      Giảm giá 300,000đ (đã giảm vào giá sản phẩm)                                                                               Tặng phiếu mua hàng Phụ Kiện, Smartwatch, đồng hồ thời trang (trừ Apple, Beats) trị giá 350,000đ                                                                                     2                                              Phiếu mua hàng Apple Pencil trị giá 400,000đ                                                            3                                              Tặng Phiếu mua hàng Máy lạnh (sản phẩm trên 10tr) trị giá 300.000đ                                                            4                                              Thu cũ đổi mới: Giảm đến 2,000,000đ (Không kèm ưu đãi thanh toán qua cổng, mua kèm)  Xem chi tiết                                                            5                                              NHẬN HOÀN NGAY ĐẾN 800.000đ khi mở thẻ tín dụng VPBANK MWG  (Xem chi tiết tại đây);;https://www.thegioididong.com/may-tinh-bang/ipad-mini-7-5g;Skipped
iPad Pro M5 13 inch WiFi 512GB;Bạc;Yes;14990000;45590000;2026-04-11;Khuyến mãi  trị giá 400.000₫                     Giá và khuyến mãi dự kiến áp dụng đến 23:59 | 30/04                                                                         1                                          Chọn 1 trong các khuyến mãi:                                                      Giảm giá 1,000,000đ (đã giảm vào giá sản phẩm)                                                                               Tặng phiếu mua hàng Phụ Kiện, Smartwatch, đồng hồ thời trang (trừ Apple, Beats) trị giá 1,300,000đ                                                                                     2                                              Phiếu mua hàng Apple Pencil trị giá 400,000đ                                                            3                                              Tặng Phiếu mua hàng Máy lạnh (sản phẩm trên 10tr) trị giá 300.000đ                                                            4                                              Thu cũ đổi mới: Giảm đến 2,000,000đ (Không kèm ưu đãi thanh toán qua cổng, mua kèm)  Xem chi tiết                                                            5                                              NHẬN HOÀN NGAY ĐẾN 800.000đ khi mở thẻ tín dụng VPBANK MWG  (Xem chi tiết tại đây);;https://www.thegioididong.com/may-tinh-bang/ipad-pro-m5-13-inch-wifi-256gb;Skipped
AirPods 4 MXP63;Default/Unknown;Yes;3790000;3490000;2026-04-11;Khuyến mãi                      Giá và khuyến mãi dự kiến áp dụng đến 23:59 | 30/04                                                                         1                                              Tặng Phiếu mua hàng Đồng hồ Định vị trẻ em trị giá 100.000đ                                                            2                                              Tặng Phiếu mua hàng Máy lạnh (sản phẩm trên 10tr) trị giá 300.000đ                                                            3                                              Giảm thêm 500,000đ từ phiếu mua hàng được tặng khi mua iPhone                                                            4                                              NHẬN HOÀN NGAY ĐẾN 800.000đ khi mở thẻ tín dụng VPBANK MWG  (Xem chi tiết tại đây);;https://www.thegioididong.com/tai-nghe/airpods-4-mxp63;Skipped
Tai nghe Bluetooth Apple AirPods Pro 3 Trắng MFHP4;Default/Unknown;Yes;6790000;6590000;2026-04-11;Khuyến mãi                      Giá và khuyến mãi dự kiến áp dụng đến 23:59 | 30/04                                                                         1                                              Tặng Phiếu mua hàng Đồng hồ Định vị trẻ em trị giá 100.000đ                                                            2                                              Tặng Phiếu mua hàng Máy lạnh (sản phẩm trên 10tr) trị giá 300.000đ                                                            3                                              Giảm thêm 500,000đ từ phiếu mua hàng được tặng khi mua iPhone                                                            4                                              NHẬN HOÀN NGAY ĐẾN 800.000đ khi mở thẻ tín dụng VPBANK MWG  (Xem chi tiết tại đây);;https://www.thegioididong.com/tai-nghe/tai-nghe-bluetooth-apple-airpods-pro-3-trang-mfhp4;Skipped
iPad mini 7 WiFi 512GB;Trắng Starlight;Yes;3490000;22090000;2026-04-11;Khuyến mãi  trị giá 400.000₫                     Giá và khuyến mãi dự kiến áp dụng đến 23:59 | 30/04                                                                         1                                          Chọn 1 trong các khuyến mãi:                                                      Giảm giá 1,100,000đ (đã giảm vào giá sản phẩm)                                                                               Tặng phiếu mua hàng Phụ Kiện, Smartwatch, đồng hồ thời trang (trừ Apple, Beats) trị giá 1,400,000đ                                                                                     2                                              Phiếu mua hàng Apple Pencil trị giá 400,000đ                                                            3                                              Tặng Phiếu mua hàng Máy lạnh (sản phẩm trên 10tr) trị giá 300.000đ                                                            4                                              Thu cũ đổi mới: Giảm đến 2,000,000đ (Không kèm ưu đãi thanh toán qua cổng, mua kèm)  Xem chi tiết                                                            5                                              NHẬN HOÀN NGAY ĐẾN 800.000đ khi mở thẻ tín dụng VPBANK MWG  (Xem chi tiết tại đây);;https://www.thegioididong.com/may-tinh-bang/ipad-mini-7-wifi;Skipped
AirPods 4 (chống ồn);Default/Unknown;Yes;4990000;4590000;2026-04-11;Khuyến mãi                      Giá và khuyến mãi dự kiến áp dụng đến 23:59 | 14/04                                                                         1                                              Tặng Phiếu mua hàng Đồng hồ Định vị trẻ em trị giá 100.000đ                                                            2                                              Tặng Phiếu mua hàng Máy lạnh (sản phẩm trên 10tr) trị giá 300.000đ                                                            3                                              Giảm thêm 500,000đ từ phiếu mua hàng được tặng khi mua iPhone                                                            4                                              NHẬN HOÀN NGAY ĐẾN 800.000đ khi mở thẻ tín dụng VPBANK MWG  (Xem chi tiết tại đây);;https://www.thegioididong.com/tai-nghe/airpods-4-chong-on-mxp93;Skipped
iPad Pro M5 11 inch WiFi 256GB;12GB - 256GB;Yes;14990000;29990000;2026-04-11;Khuyến mãi  trị giá 400.000₫                     Giá và khuyến mãi dự kiến áp dụng đến 23:59 | 30/04                                                                         1                                          Chọn 1 trong các khuyến mãi:                                                      Giảm giá 1,300,000đ (đã giảm vào giá sản phẩm)                                                                               Tặng phiếu mua hàng Phụ Kiện, Smartwatch, đồng hồ thời trang (trừ Apple, Beats) trị giá 1,600,000đ                                                                                     2                                              Phiếu mua hàng Apple Pencil trị giá 400,000đ                                                            3                                              Tặng Phiếu mua hàng Máy lạnh (sản phẩm trên 10tr) trị giá 300.000đ                                                            4                                              Thu cũ đổi mới: Giảm đến 2,000,000đ (Không kèm ưu đãi thanh toán qua cổng, mua kèm)  Xem chi tiết                                                            5                                              NHẬN HOÀN NGAY ĐẾN 800.000đ khi mở thẻ tín dụng VPBANK MWG  (Xem chi tiết tại đây);;https://www.thegioididong.com/may-tinh-bang/ipad-pro-m5-11-inch-wifi-256gb;Skipped
iPad Pro M5 13 inch WiFi 256GB;12GB - 256GB;Yes;39990000;38990000;2026-04-11;Khuyến mãi  trị giá 400.000₫             Giá và khuyến mãi có thể kết thúc sớm hơn dự kiến                                                                         1                                          Chọn 1 trong các khuyến mãi:                                                      Giảm giá 700,000đ (đã giảm vào giá sản phẩm)                                                                               Tặng phiếu mua hàng Phụ Kiện, Smartwatch, đồng hồ thời trang (trừ Apple, Beats) trị giá 900,000đ                                                                                     2                                              Phiếu mua hàng Apple Pencil trị giá 400,000đ                                                            3                                              Tặng Phiếu mua hàng Máy lạnh (sản phẩm trên 10tr) trị giá 300.000đ                                                            4                                              NHẬN HOÀN NGAY ĐẾN 800.000đ khi mở thẻ tín dụng VPBANK MWG  (Xem chi tiết tại đây);;https://www.thegioididong.com/may-tinh-bang/ipad-pro-m5-13-inch-wifi-256gb;Skipped
Tai nghe Bluetooth AirPods Pro Gen 2 MagSafe Charge (USB-C) Apple MTJV3;Default/Unknown;Yes;6090000;5190000;2026-04-11;Khuyến mãi                      Giá và khuyến mãi dự kiến áp dụng đến 23:59 | 30/04                                                                         1                                              Tặng Phiếu mua hàng Đồng hồ Định vị trẻ em trị giá 100.000đ                                                            2                                              Tặng Phiếu mua hàng Máy lạnh (sản phẩm trên 10tr) trị giá 300.000đ                                                            3                                              Giảm thêm 500,000đ từ phiếu mua hàng được tặng khi mua iPhone                                                            4                                              NHẬN HOÀN NGAY ĐẾN 800.000đ khi mở thẻ tín dụng VPBANK MWG  (Xem chi tiết tại đây);;https://www.thegioididong.com/tai-nghe/tai-nghe-bluetooth-airpods-pro-gen-2-magsafe-charge-usb-c-apple-mtjv3;Skipped
iPad mini 7 WiFi 512GB;Xanh Dương;Yes;3490000;22090000;2026-04-11;Khuyến mãi  trị giá 400.000₫                     Giá và khuyến mãi dự kiến áp dụng đến 23:59 | 30/04                                                                         1                                          Chọn 1 trong các khuyến mãi:                                                      Giảm giá 1,100,000đ (đã giảm vào giá sản phẩm)                                                                               Tặng phiếu mua hàng Phụ Kiện, Smartwatch, đồng hồ thời trang (trừ Apple, Beats) trị giá 1,400,000đ                                                                                     2                                              Phiếu mua hàng Apple Pencil trị giá 400,000đ                                                            3                                              Tặng Phiếu mua hàng Máy lạnh (sản phẩm trên 10tr) trị giá 300.000đ                                                            4                                              Thu cũ đổi mới: Giảm đến 2,000,000đ (Không kèm ưu đãi thanh toán qua cổng, mua kèm)  Xem chi tiết                                                            5                                              NHẬN HOÀN NGAY ĐẾN 800.000đ khi mở thẻ tín dụng VPBANK MWG  (Xem chi tiết tại đây);;https://www.thegioididong.com/may-tinh-bang/ipad-mini-7-wifi;Skipped
iPad Pro M5 11 inch WiFi 512GB;12GB - 512GB;Yes;14990000;35590000;2026-04-11;Khuyến mãi  trị giá 400.000₫                     Giá và khuyến mãi dự kiến áp dụng đến 23:59 | 30/04                                                                         1                                          Chọn 1 trong các khuyến mãi:                                                      Giảm giá 1,400,000đ (đã giảm vào giá sản phẩm)                                                                               Tặng phiếu mua hàng Phụ Kiện, Smartwatch, đồng hồ thời trang (trừ Apple, Beats) trị giá 1,700,000đ                                                                                     2                                              Phiếu mua hàng Apple Pencil trị giá 400,000đ                                                            3                                              Tặng Phiếu mua hàng Máy lạnh (sản phẩm trên 10tr) trị giá 300.000đ                                                            4                                              Thu cũ đổi mới: Giảm đến 2,000,000đ (Không kèm ưu đãi thanh toán qua cổng, mua kèm)  Xem chi tiết                                                            5                                              NHẬN HOÀN NGAY ĐẾN 800.000đ khi mở thẻ tín dụng VPBANK MWG  (Xem chi tiết tại đây);;https://www.thegioididong.com/may-tinh-bang/ipad-pro-m5-11-inch-wifi-256gb;Skipped
iPad Pro M5 13 inch WiFi 512GB;12GB - 512GB;Yes;14990000;45590000;2026-04-11;Khuyến mãi  trị giá 400.000₫                     Giá và khuyến mãi dự kiến áp dụng đến 23:59 | 30/04                                                                         1                                          Chọn 1 trong các khuyến mãi:                                                      Giảm giá 1,000,000đ (đã giảm vào giá sản phẩm)                                                                               Tặng phiếu mua hàng Phụ Kiện, Smartwatch, đồng hồ thời trang (trừ Apple, Beats) trị giá 1,300,000đ                                                                                     2                                              Phiếu mua hàng Apple Pencil trị giá 400,000đ                                                            3                                              Tặng Phiếu mua hàng Máy lạnh (sản phẩm trên 10tr) trị giá 300.000đ                                                            4                                              Thu cũ đổi mới: Giảm đến 2,000,000đ (Không kèm ưu đãi thanh toán qua cổng, mua kèm)  Xem chi tiết                                                            5                                              NHẬN HOÀN NGAY ĐẾN 800.000đ khi mở thẻ tín dụng VPBANK MWG  (Xem chi tiết tại đây);;https://www.thegioididong.com/may-tinh-bang/ipad-pro-m5-13-inch-wifi-256gb;Skipped
iPad Pro M5 11 inch WiFi 1TB;16GB - 1TB;Yes;46790000;45490000;2026-04-11;Khuyến mãi  trị giá 450.000₫             Giá và khuyến mãi có thể kết thúc sớm hơn dự kiến                                                                         1                                              Phiếu mua hàng Apple Pencil trị giá 400,000đ                                                            2                                              Tặng phiếu mua hàng Phụ Kiện, Smartwatch, Đồng hồ thời trang từ 250,000đ (trừ Apple, Beats) trị giá 50,000đ                                                            3                                              Tặng Phiếu mua hàng Máy lạnh (sản phẩm trên 10tr) trị giá 300.000đ                                                            4                                              NHẬN HOÀN NGAY ĐẾN 800.000đ khi mở thẻ tín dụng VPBANK MWG  (Xem chi tiết tại đây);;https://www.thegioididong.com/may-tinh-bang/ipad-pro-m5-11-inch-wifi-256gb;Skipped
iPad Pro M5 11 inch WiFi 1TB;Đen;Yes;46790000;45490000;2026-04-11;Khuyến mãi  trị giá 450.000₫             Giá và khuyến mãi có thể kết thúc sớm hơn dự kiến                                                                         1                                              Phiếu mua hàng Apple Pencil trị giá 400,000đ                                                            2                                              Tặng phiếu mua hàng Phụ Kiện, Smartwatch, Đồng hồ thời trang từ 250,000đ (trừ Apple, Beats) trị giá 50,000đ                                                            3                                              Tặng Phiếu mua hàng Máy lạnh (sản phẩm trên 10tr) trị giá 300.000đ                                                            4                                              NHẬN HOÀN NGAY ĐẾN 800.000đ khi mở thẻ tín dụng VPBANK MWG  (Xem chi tiết tại đây);;https://www.thegioididong.com/may-tinh-bang/ipad-pro-m5-11-inch-wifi-256gb;Skipped
iPad Pro M5 13 inch WiFi 512GB;Đen;Yes;14990000;45590000;2026-04-11;Khuyến mãi  trị giá 400.000₫                     Giá và khuyến mãi dự kiến áp dụng đến 23:59 | 30/04                                                                         1                                          Chọn 1 trong các khuyến mãi:                                                      Giảm giá 1,000,000đ (đã giảm vào giá sản phẩm)                                                                               Tặng phiếu mua hàng Phụ Kiện, Smartwatch, đồng hồ thời trang (trừ Apple, Beats) trị giá 1,300,000đ                                                                                     2                                              Phiếu mua hàng Apple Pencil trị giá 400,000đ                                                            3                                              Tặng Phiếu mua hàng Máy lạnh (sản phẩm trên 10tr) trị giá 300.000đ                                                            4                                              Thu cũ đổi mới: Giảm đến 2,000,000đ (Không kèm ưu đãi thanh toán qua cổng, mua kèm)  Xem chi tiết                                                            5                                              NHẬN HOÀN NGAY ĐẾN 800.000đ khi mở thẻ tín dụng VPBANK MWG  (Xem chi tiết tại đây);;https://www.thegioididong.com/may-tinh-bang/ipad-pro-m5-13-inch-wifi-256gb;Skipped
iPad mini 7 WiFi 512GB;Tím;Yes;3490000;22090000;2026-04-11;Khuyến mãi  trị giá 400.000₫                     Giá và khuyến mãi dự kiến áp dụng đến 23:59 | 30/04                                                                         1                                          Chọn 1 trong các khuyến mãi:                                                      Giảm giá 1,100,000đ (đã giảm vào giá sản phẩm)                                                                               Tặng phiếu mua hàng Phụ Kiện, Smartwatch, đồng hồ thời trang (trừ Apple, Beats) trị giá 1,400,000đ                                                                                     2                                              Phiếu mua hàng Apple Pencil trị giá 400,000đ                                                            3                                              Tặng Phiếu mua hàng Máy lạnh (sản phẩm trên 10tr) trị giá 300.000đ                                                            4                                              Thu cũ đổi mới: Giảm đến 2,000,000đ (Không kèm ưu đãi thanh toán qua cổng, mua kèm)  Xem chi tiết                                                            5                                              NHẬN HOÀN NGAY ĐẾN 800.000đ khi mở thẻ tín dụng VPBANK MWG  (Xem chi tiết tại đây);;https://www.thegioididong.com/may-tinh-bang/ipad-mini-7-wifi;Skipped
iPad Pro M5 11 inch WiFi 1TB;Bạc;No;14990000;46790000;2026-04-11;Khuyến mãi  trị giá 450.000₫                     Giá và khuyến mãi dự kiến áp dụng đến 23:59 | 30/04                                                                         1                                              Phiếu mua hàng Apple Pencil trị giá 400,000đ                                                            2                                              Tặng phiếu mua hàng Phụ Kiện, Smartwatch, Đồng hồ thời trang từ 250,000đ (trừ Apple, Beats) trị giá 50,000đ                                                            3                                              Tặng Phiếu mua hàng Máy lạnh (sản phẩm trên 10tr) trị giá 300.000đ                                                            4                                              Thu cũ đổi mới: Giảm đến 2,000,000đ (Không kèm ưu đãi thanh toán qua cổng, mua kèm)  Xem chi tiết                                                            5                                              NHẬN HOÀN NGAY ĐẾN 800.000đ khi mở thẻ tín dụng VPBANK MWG  (Xem chi tiết tại đây);;https://www.thegioididong.com/may-tinh-bang/ipad-pro-m5-11-inch-wifi-256gb;DEBUG_OOS_iPad Pro M5 11 inch WiFi 1TB_Bạc_120320.png
iPad Pro M5 13 inch WiFi 512GB;Bạc;Yes;14990000;45590000;2026-04-11;Khuyến mãi  trị giá 400.000₫                     Giá và khuyến mãi dự kiến áp dụng đến 23:59 | 30/04                                                                         1                                          Chọn 1 trong các khuyến mãi:                                                      Giảm giá 1,000,000đ (đã giảm vào giá sản phẩm)                                                                               Tặng phiếu mua hàng Phụ Kiện, Smartwatch, đồng hồ thời trang (trừ Apple, Beats) trị giá 1,300,000đ                                                                                     2                                              Phiếu mua hàng Apple Pencil trị giá 400,000đ                                                            3                                              Tặng Phiếu mua hàng Máy lạnh (sản phẩm trên 10tr) trị giá 300.000đ                                                            4                                              Thu cũ đổi mới: Giảm đến 2,000,000đ (Không kèm ưu đãi thanh toán qua cổng, mua kèm)  Xem chi tiết                                                            5                                              NHẬN HOÀN NGAY ĐẾN 800.000đ khi mở thẻ tín dụng VPBANK MWG  (Xem chi tiết tại đây);;https://www.thegioididong.com/may-tinh-bang/ipad-pro-m5-13-inch-wifi-256gb;Skipped
iPad mini 7 WiFi 512GB;Đen - Xám;Yes;3490000;22090000;2026-04-11;Khuyến mãi  trị giá 400.000₫                     Giá và khuyến mãi dự kiến áp dụng đến 23:59 | 30/04                                                                         1                                          Chọn 1 trong các khuyến mãi:                                                      Giảm giá 1,100,000đ (đã giảm vào giá sản phẩm)                                                                               Tặng phiếu mua hàng Phụ Kiện, Smartwatch, đồng hồ thời trang (trừ Apple, Beats) trị giá 1,400,000đ                                                                                     2                                              Phiếu mua hàng Apple Pencil trị giá 400,000đ                                                            3                                              Tặng Phiếu mua hàng Máy lạnh (sản phẩm trên 10tr) trị giá 300.000đ                                                            4                                              Thu cũ đổi mới: Giảm đến 2,000,000đ (Không kèm ưu đãi thanh toán qua cổng, mua kèm)  Xem chi tiết                                                            5                                              NHẬN HOÀN NGAY ĐẾN 800.000đ khi mở thẻ tín dụng VPBANK MWG  (Xem chi tiết tại đây);;https://www.thegioididong.com/may-tinh-bang/ipad-mini-7-wifi;Skipped
iPad Pro M5 11 inch WiFi 256GB;12GB - 256GB;Yes;14990000;29990000;2026-04-11;Khuyến mãi  trị giá 400.000₫                     Giá và khuyến mãi dự kiến áp dụng đến 23:59 | 30/04                                                                         1                                          Chọn 1 trong các khuyến mãi:                                                      Giảm giá 1,300,000đ (đã giảm vào giá sản phẩm)                                                                               Tặng phiếu mua hàng Phụ Kiện, Smartwatch, đồng hồ thời trang (trừ Apple, Beats) trị giá 1,600,000đ                                                                                     2                                              Phiếu mua hàng Apple Pencil trị giá 400,000đ                                                            3                                              Tặng Phiếu mua hàng Máy lạnh (sản phẩm trên 10tr) trị giá 300.000đ                                                            4                                              Thu cũ đổi mới: Giảm đến 2,000,000đ (Không kèm ưu đãi thanh toán qua cổng, mua kèm)  Xem chi tiết                                                            5                                              NHẬN HOÀN NGAY ĐẾN 800.000đ khi mở thẻ tín dụng VPBANK MWG  (Xem chi tiết tại đây);;https://www.thegioididong.com/may-tinh-bang/ipad-pro-m5-11-inch-wifi-256gb;Skipped
iPad Pro M5 13 inch WiFi 256GB;12GB - 256GB;Yes;39990000;38990000;2026-04-11;Khuyến mãi  trị giá 400.000₫             Giá và khuyến mãi có thể kết thúc sớm hơn dự kiến                                                                         1                                          Chọn 1 trong các khuyến mãi:                                                      Giảm giá 700,000đ (đã giảm vào giá sản phẩm)                                                                               Tặng phiếu mua hàng Phụ Kiện, Smartwatch, đồng hồ thời trang (trừ Apple, Beats) trị giá 900,000đ                                                                                     2                                              Phiếu mua hàng Apple Pencil trị giá 400,000đ                                                            3                                              Tặng Phiếu mua hàng Máy lạnh (sản phẩm trên 10tr) trị giá 300.000đ                                                            4                                              NHẬN HOÀN NGAY ĐẾN 800.000đ khi mở thẻ tín dụng VPBANK MWG  (Xem chi tiết tại đây);;https://www.thegioididong.com/may-tinh-bang/ipad-pro-m5-13-inch-wifi-256gb;Skipped
iPad mini 7 WiFi 512GB;Trắng Starlight;Yes;3490000;22090000;2026-04-11;Khuyến mãi  trị giá 400.000₫                     Giá và khuyến mãi dự kiến áp dụng đến 23:59 | 30/04                                                                         1                                          Chọn 1 trong các khuyến mãi:                                                      Giảm giá 1,100,000đ (đã giảm vào giá sản phẩm)                                                                               Tặng phiếu mua hàng Phụ Kiện, Smartwatch, đồng hồ thời trang (trừ Apple, Beats) trị giá 1,400,000đ                                                                                     2                                              Phiếu mua hàng Apple Pencil trị giá 400,000đ                                                            3                                              Tặng Phiếu mua hàng Máy lạnh (sản phẩm trên 10tr) trị giá 300.000đ                                                            4                                              Thu cũ đổi mới: Giảm đến 2,000,000đ (Không kèm ưu đãi thanh toán qua cổng, mua kèm)  Xem chi tiết                                                            5                                              NHẬN HOÀN NGAY ĐẾN 800.000đ khi mở thẻ tín dụng VPBANK MWG  (Xem chi tiết tại đây);;https://www.thegioididong.com/may-tinh-bang/ipad-mini-7-wifi;Skipped
iPad Pro M5 11 inch WiFi 512GB;12GB - 512GB;Yes;14990000;35590000;2026-04-11;Khuyến mãi  trị giá 400.000₫                     Giá và khuyến mãi dự kiến áp dụng đến 23:59 | 30/04                                                                         1                                          Chọn 1 trong các khuyến mãi:                                                      Giảm giá 1,400,000đ (đã giảm vào giá sản phẩm)                                                                               Tặng phiếu mua hàng Phụ Kiện, Smartwatch, đồng hồ thời trang (trừ Apple, Beats) trị giá 1,700,000đ                                                                                     2                                              Phiếu mua hàng Apple Pencil trị giá 400,000đ                                                            3                                              Tặng Phiếu mua hàng Máy lạnh (sản phẩm trên 10tr) trị giá 300.000đ                                                            4                                              Thu cũ đổi mới: Giảm đến 2,000,000đ (Không kèm ưu đãi thanh toán qua cổng, mua kèm)  Xem chi tiết                                                            5                                              NHẬN HOÀN NGAY ĐẾN 800.000đ khi mở thẻ tín dụng VPBANK MWG  (Xem chi tiết tại đây);;https://www.thegioididong.com/may-tinh-bang/ipad-pro-m5-11-inch-wifi-256gb;Skipped
iPad Pro M5 13 inch WiFi 512GB;12GB - 512GB;Yes;14990000;45590000;2026-04-11;Khuyến mãi  trị giá 400.000₫                     Giá và khuyến mãi dự kiến áp dụng đến 23:59 | 30/04                                                                         1                                          Chọn 1 trong các khuyến mãi:                                                      Giảm giá 1,000,000đ (đã giảm vào giá sản phẩm)                                                                               Tặng phiếu mua hàng Phụ Kiện, Smartwatch, đồng hồ thời trang (trừ Apple, Beats) trị giá 1,300,000đ                                                                                     2                                              Phiếu mua hàng Apple Pencil trị giá 400,000đ                                                            3                                              Tặng Phiếu mua hàng Máy lạnh (sản phẩm trên 10tr) trị giá 300.000đ                                                            4                                              Thu cũ đổi mới: Giảm đến 2,000,000đ (Không kèm ưu đãi thanh toán qua cổng, mua kèm)  Xem chi tiết                                                            5                                              NHẬN HOÀN NGAY ĐẾN 800.000đ khi mở thẻ tín dụng VPBANK MWG  (Xem chi tiết tại đây);;https://www.thegioididong.com/may-tinh-bang/ipad-pro-m5-13-inch-wifi-256gb;Skipped
iPad mini 7 WiFi 512GB;Xanh Dương;Yes;3490000;22090000;2026-04-11;Khuyến mãi  trị giá 400.000₫                     Giá và khuyến mãi dự kiến áp dụng đến 23:59 | 30/04                                                                         1                                          Chọn 1 trong các khuyến mãi:                                                      Giảm giá 1,100,000đ (đã giảm vào giá sản phẩm)                                                                               Tặng phiếu mua hàng Phụ Kiện, Smartwatch, đồng hồ thời trang (trừ Apple, Beats) trị giá 1,400,000đ                                                                                     2                                              Phiếu mua hàng Apple Pencil trị giá 400,000đ                                                            3                                              Tặng Phiếu mua hàng Máy lạnh (sản phẩm trên 10tr) trị giá 300.000đ                                                            4                                              Thu cũ đổi mới: Giảm đến 2,000,000đ (Không kèm ưu đãi thanh toán qua cổng, mua kèm)  Xem chi tiết                                                            5                                              NHẬN HOÀN NGAY ĐẾN 800.000đ khi mở thẻ tín dụng VPBANK MWG  (Xem chi tiết tại đây);;https://www.thegioididong.com/may-tinh-bang/ipad-mini-7-wifi;Skipped
iPad Pro M5 11 inch WiFi 1TB;16GB - 1TB;Yes;46790000;45490000;2026-04-11;Khuyến mãi  trị giá 450.000₫             Giá và khuyến mãi có thể kết thúc sớm hơn dự kiến                                                                         1                                              Phiếu mua hàng Apple Pencil trị giá 400,000đ                                                            2                                              Tặng phiếu mua hàng Phụ Kiện, Smartwatch, Đồng hồ thời trang từ 250,000đ (trừ Apple, Beats) trị giá 50,000đ                                                            3                                              Tặng Phiếu mua hàng Máy lạnh (sản phẩm trên 10tr) trị giá 300.000đ                                                            4                                              NHẬN HOÀN NGAY ĐẾN 800.000đ khi mở thẻ tín dụng VPBANK MWG  (Xem chi tiết tại đây);;https://www.thegioididong.com/may-tinh-bang/ipad-pro-m5-11-inch-wifi-256gb;Skipped
iPad Pro M5 11 inch WiFi 1TB;Đen;Yes;46790000;45490000;2026-04-11;Khuyến mãi  trị giá 450.000₫             Giá và khuyến mãi có thể kết thúc sớm hơn dự kiến                                                                         1                                              Phiếu mua hàng Apple Pencil trị giá 400,000đ                                                            2                                              Tặng phiếu mua hàng Phụ Kiện, Smartwatch, Đồng hồ thời trang từ 250,000đ (trừ Apple, Beats) trị giá 50,000đ                                                            3                                              Tặng Phiếu mua hàng Máy lạnh (sản phẩm trên 10tr) trị giá 300.000đ                                                            4                                              NHẬN HOÀN NGAY ĐẾN 800.000đ khi mở thẻ tín dụng VPBANK MWG  (Xem chi tiết tại đây);;https://www.thegioididong.com/may-tinh-bang/ipad-pro-m5-11-inch-wifi-256gb;Skipped
iPad Pro M5 13 inch WiFi 512GB;Đen;Yes;14990000;45590000;2026-04-11;Khuyến mãi  trị giá 400.000₫                     Giá và khuyến mãi dự kiến áp dụng đến 23:59 | 30/04                                                                         1                                          Chọn 1 trong các khuyến mãi:                                                      Giảm giá 1,000,000đ (đã giảm vào giá sản phẩm)                                                                               Tặng phiếu mua hàng Phụ Kiện, Smartwatch, đồng hồ thời trang (trừ Apple, Beats) trị giá 1,300,000đ                                                                                     2                                              Phiếu mua hàng Apple Pencil trị giá 400,000đ                                                            3                                              Tặng Phiếu mua hàng Máy lạnh (sản phẩm trên 10tr) trị giá 300.000đ                                                            4                                              Thu cũ đổi mới: Giảm đến 2,000,000đ (Không kèm ưu đãi thanh toán qua cổng, mua kèm)  Xem chi tiết                                                            5                                              NHẬN HOÀN NGAY ĐẾN 800.000đ khi mở thẻ tín dụng VPBANK MWG  (Xem chi tiết tại đây);;https://www.thegioididong.com/may-tinh-bang/ipad-pro-m5-13-inch-wifi-256gb;Skipped
iPad Pro M5 11 inch WiFi 1TB;Bạc;No;14990000;46790000;2026-04-11;Khuyến mãi  trị giá 450.000₫                     Giá và khuyến mãi dự kiến áp dụng đến 23:59 | 30/04                                                                         1                                              Phiếu mua hàng Apple Pencil trị giá 400,000đ                                                            2                                              Tặng phiếu mua hàng Phụ Kiện, Smartwatch, Đồng hồ thời trang từ 250,000đ (trừ Apple, Beats) trị giá 50,000đ                                                            3                                              Tặng Phiếu mua hàng Máy lạnh (sản phẩm trên 10tr) trị giá 300.000đ                                                            4                                              Thu cũ đổi mới: Giảm đến 2,000,000đ (Không kèm ưu đãi thanh toán qua cổng, mua kèm)  Xem chi tiết                                                            5                                              NHẬN HOÀN NGAY ĐẾN 800.000đ khi mở thẻ tín dụng VPBANK MWG  (Xem chi tiết tại đây);;https://www.thegioididong.com/may-tinh-bang/ipad-pro-m5-11-inch-wifi-256gb;DEBUG_OOS_iPad Pro M5 11 inch WiFi 1TB_Bạc_120343.png
iPad mini 7 WiFi 512GB;Tím;Yes;3490000;22090000;2026-04-11;Khuyến mãi  trị giá 400.000₫                     Giá và khuyến mãi dự kiến áp dụng đến 23:59 | 30/04                                                                         1                                          Chọn 1 trong các khuyến mãi:                                                      Giảm giá 1,100,000đ (đã giảm vào giá sản phẩm)                                                                               Tặng phiếu mua hàng Phụ Kiện, Smartwatch, đồng hồ thời trang (trừ Apple, Beats) trị giá 1,400,000đ                                                                                     2                                              Phiếu mua hàng Apple Pencil trị giá 400,000đ                                                            3                                              Tặng Phiếu mua hàng Máy lạnh (sản phẩm trên 10tr) trị giá 300.000đ                                                            4                                              Thu cũ đổi mới: Giảm đến 2,000,000đ (Không kèm ưu đãi thanh toán qua cổng, mua kèm)  Xem chi tiết                                                            5                                              NHẬN HOÀN NGAY ĐẾN 800.000đ khi mở thẻ tín dụng VPBANK MWG  (Xem chi tiết tại đây);;https://www.thegioididong.com/may-tinh-bang/ipad-mini-7-wifi;Skipped
iPad Pro M5 13 inch WiFi 512GB;Bạc;Yes;14990000;45590000;2026-04-11;Khuyến mãi  trị giá 400.000₫                     Giá và khuyến mãi dự kiến áp dụng đến 23:59 | 30/04                                                                         1                                          Chọn 1 trong các khuyến mãi:                                                      Giảm giá 1,000,000đ (đã giảm vào giá sản phẩm)                                                                               Tặng phiếu mua hàng Phụ Kiện, Smartwatch, đồng hồ thời trang (trừ Apple, Beats) trị giá 1,300,000đ                                                                                     2                                              Phiếu mua hàng Apple Pencil trị giá 400,000đ                                                            3                                              Tặng Phiếu mua hàng Máy lạnh (sản phẩm trên 10tr) trị giá 300.000đ                                                            4                                              Thu cũ đổi mới: Giảm đến 2,000,000đ (Không kèm ưu đãi thanh toán qua cổng, mua kèm)  Xem chi tiết                                                            5                                              NHẬN HOÀN NGAY ĐẾN 800.000đ khi mở thẻ tín dụng VPBANK MWG  (Xem chi tiết tại đây);;https://www.thegioididong.com/may-tinh-bang/ipad-pro-m5-13-inch-wifi-256gb;Skipped
iPad mini 7 WiFi 512GB;Đen - Xám;Yes;3490000;22090000;2026-04-11;Khuyến mãi  trị giá 400.000₫                     Giá và khuyến mãi dự kiến áp dụng đến 23:59 | 30/04                                                                         1                                          Chọn 1 trong các khuyến mãi:                                                      Giảm giá 1,100,000đ (đã giảm vào giá sản phẩm)                                                                               Tặng phiếu mua hàng Phụ Kiện, Smartwatch, đồng hồ thời trang (trừ Apple, Beats) trị giá 1,400,000đ                                                                                     2                                              Phiếu mua hàng Apple Pencil trị giá 400,000đ                                                            3                                              Tặng Phiếu mua hàng Máy lạnh (sản phẩm trên 10tr) trị giá 300.000đ                                                            4                                              Thu cũ đổi mới: Giảm đến 2,000,000đ (Không kèm ưu đãi thanh toán qua cổng, mua kèm)  Xem chi tiết                                                            5                                              NHẬN HOÀN NGAY ĐẾN 800.000đ khi mở thẻ tín dụng VPBANK MWG  (Xem chi tiết tại đây);;https://www.thegioididong.com/may-tinh-bang/ipad-mini-7-wifi;Skipped
iPad mini 7 WiFi 512GB;Trắng Starlight;Yes;3490000;22090000;2026-04-11;Khuyến mãi  trị giá 400.000₫                     Giá và khuyến mãi dự kiến áp dụng đến 23:59 | 30/04                                                                         1                                          Chọn 1 trong các khuyến mãi:                                                      Giảm giá 1,100,000đ (đã giảm vào giá sản phẩm)                                                                               Tặng phiếu mua hàng Phụ Kiện, Smartwatch, đồng hồ thời trang (trừ Apple, Beats) trị giá 1,400,000đ                                                                                     2                                              Phiếu mua hàng Apple Pencil trị giá 400,000đ                                                            3                                              Tặng Phiếu mua hàng Máy lạnh (sản phẩm trên 10tr) trị giá 300.000đ                                                            4                                              Thu cũ đổi mới: Giảm đến 2,000,000đ (Không kèm ưu đãi thanh toán qua cổng, mua kèm)  Xem chi tiết                                                            5                                              NHẬN HOÀN NGAY ĐẾN 800.000đ khi mở thẻ tín dụng VPBANK MWG  (Xem chi tiết tại đây);;https://www.thegioididong.com/may-tinh-bang/ipad-mini-7-wifi;Skipped
iPad mini 7 WiFi 512GB;Xanh Dương;Yes;3490000;22090000;2026-04-11;Khuyến mãi  trị giá 400.000₫                     Giá và khuyến mãi dự kiến áp dụng đến 23:59 | 30/04                                                                         1                                          Chọn 1 trong các khuyến mãi:                                                      Giảm giá 1,100,000đ (đã giảm vào giá sản phẩm)                                                                               Tặng phiếu mua hàng Phụ Kiện, Smartwatch, đồng hồ thời trang (trừ Apple, Beats) trị giá 1,400,000đ                                                                                     2                                              Phiếu mua hàng Apple Pencil trị giá 400,000đ                                                            3                                              Tặng Phiếu mua hàng Máy lạnh (sản phẩm trên 10tr) trị giá 300.000đ                                                            4                                              Thu cũ đổi mới: Giảm đến 2,000,000đ (Không kèm ưu đãi thanh toán qua cổng, mua kèm)  Xem chi tiết                                                            5                                              NHẬN HOÀN NGAY ĐẾN 800.000đ khi mở thẻ tín dụng VPBANK MWG  (Xem chi tiết tại đây);;https://www.thegioididong.com/may-tinh-bang/ipad-mini-7-wifi;Skipped
iPad mini 7 WiFi 512GB;Tím;Yes;3490000;22090000;2026-04-11;Khuyến mãi  trị giá 400.000₫                     Giá và khuyến mãi dự kiến áp dụng đến 23:59 | 30/04                                                                         1                                          Chọn 1 trong các khuyến mãi:                                                      Giảm giá 1,100,000đ (đã giảm vào giá sản phẩm)                                                                               Tặng phiếu mua hàng Phụ Kiện, Smartwatch, đồng hồ thời trang (trừ Apple, Beats) trị giá 1,400,000đ                                                                                     2                                              Phiếu mua hàng Apple Pencil trị giá 400,000đ                                                            3                                              Tặng Phiếu mua hàng Máy lạnh (sản phẩm trên 10tr) trị giá 300.000đ                                                            4                                              Thu cũ đổi mới: Giảm đến 2,000,000đ (Không kèm ưu đãi thanh toán qua cổng, mua kèm)  Xem chi tiết                                                            5                                              NHẬN HOÀN NGAY ĐẾN 800.000đ khi mở thẻ tín dụng VPBANK MWG  (Xem chi tiết tại đây);;https://www.thegioididong.com/may-tinh-bang/ipad-mini-7-wifi;Skipped
iPad mini 7 WiFi 512GB;Đen - Xám;Yes;3490000;22090000;2026-04-11;Khuyến mãi  trị giá 400.000₫                     Giá và khuyến mãi dự kiến áp dụng đến 23:59 | 30/04                                                                         1                                          Chọn 1 trong các khuyến mãi:                                                      Giảm giá 1,100,000đ (đã giảm vào giá sản phẩm)                                                                               Tặng phiếu mua hàng Phụ Kiện, Smartwatch, đồng hồ thời trang (trừ Apple, Beats) trị giá 1,400,000đ                                                                                     2                                              Phiếu mua hàng Apple Pencil trị giá 400,000đ                                                            3                                              Tặng Phiếu mua hàng Máy lạnh (sản phẩm trên 10tr) trị giá 300.000đ                                                            4                                              Thu cũ đổi mới: Giảm đến 2,000,000đ (Không kèm ưu đãi thanh toán qua cổng, mua kèm)  Xem chi tiết                                                            5                                              NHẬN HOÀN NGAY ĐẾN 800.000đ khi mở thẻ tín dụng VPBANK MWG  (Xem chi tiết tại đây);;https://www.thegioididong.com/may-tinh-bang/ipad-mini-7-wifi;Skipped
iPad mini 7 WiFi 512GB;Trắng Starlight;Yes;3490000;22090000;2026-04-11;Khuyến mãi  trị giá 400.000₫                     Giá và khuyến mãi dự kiến áp dụng đến 23:59 | 30/04                                                                         1                                          Chọn 1 trong các khuyến mãi:                                                      Giảm giá 1,100,000đ (đã giảm vào giá sản phẩm)                                                                               Tặng phiếu mua hàng Phụ Kiện, Smartwatch, đồng hồ thời trang (trừ Apple, Beats) trị giá 1,400,000đ                                                                                     2                                              Phiếu mua hàng Apple Pencil trị giá 400,000đ                                                            3                                              Tặng Phiếu mua hàng Máy lạnh (sản phẩm trên 10tr) trị giá 300.000đ                                                            4                                              Thu cũ đổi mới: Giảm đến 2,000,000đ (Không kèm ưu đãi thanh toán qua cổng, mua kèm)  Xem chi tiết                                                            5                                              NHẬN HOÀN NGAY ĐẾN 800.000đ khi mở thẻ tín dụng VPBANK MWG  (Xem chi tiết tại đây);;https://www.thegioididong.com/may-tinh-bang/ipad-mini-7-wifi;Skipped
iPad mini 7 WiFi 512GB;Xanh Dương;Yes;3490000;22090000;2026-04-11;Khuyến mãi  trị giá 400.000₫                     Giá và khuyến mãi dự kiến áp dụng đến 23:59 | 30/04                                                                         1                                          Chọn 1 trong các khuyến mãi:                                                      Giảm giá 1,100,000đ (đã giảm vào giá sản phẩm)                                                                               Tặng phiếu mua hàng Phụ Kiện, Smartwatch, đồng hồ thời trang (trừ Apple, Beats) trị giá 1,400,000đ                                                                                     2                                              Phiếu mua hàng Apple Pencil trị giá 400,000đ                                                            3                                              Tặng Phiếu mua hàng Máy lạnh (sản phẩm trên 10tr) trị giá 300.000đ                                                            4                                              Thu cũ đổi mới: Giảm đến 2,000,000đ (Không kèm ưu đãi thanh toán qua cổng, mua kèm)  Xem chi tiết                                                            5                                              NHẬN HOÀN NGAY ĐẾN 800.000đ khi mở thẻ tín dụng VPBANK MWG  (Xem chi tiết tại đây);;https://www.thegioididong.com/may-tinh-bang/ipad-mini-7-wifi;Skipped
