Product_Name;Color;Ton_Kho;Gia_Niem_Yet;Gia_Khuyen_Mai;Date;Khuyen_Mai;Thanh_Toan;Link;screenshot_name
Apple Watch Series 10 GPS + Cellular 46mm viền Titanium dây Milan;Default/Unknown;Yes;22190000;17990000;2026-03-29;Khuyến mãi                      Giá và khuyến mãi dự kiến áp dụng đến 23:00 | 31/03                                                                         1                                              Đặc biệt giảm đến 10% tối đa 5 triệu khi thanh toán qua Kredivo (chỉ áp dụng đơn hàng có lãi suất)  (Xem chi tiết tại đây)                                                            2                                              Nhập mã VNPAY0126 giảm tối đa 100,000đ (áp dụng tùy giá trị đơn hàng) khi thanh toán qua VNPAY-QR  (Xem chi tiết tại đây);"Áp dụng cho sản phẩm từ 10 triệu trở lên | Chỉ áp dụng khi thanh toán bằng thẻ có đầu số:  521251 | Mỗi chủ thẻ được hưởng ưu đãi 2 lần trong suốt thời gian chương trình. | Áp dụng đồng thời với các chương trình khuyến mãi khác. | Ưu đãi không quy đổi ra tiền mặt, sản phẩm hay chuyển nhượng. | Chương trình không áp dụng đối với giao dịch hủy, hay hoàn tiền kể cả hoàn tiền một phần. Giao dịch phải thỏa điều kiện giao dịch thành công, không thuộc trường hợp gian lận giả mạo. | Áp dụng cho sản phẩm từ 5.000.000₫ trở lên. | Thời gian khuyến mãi: Từ 01/10/2025 đến 31/03/2026. | Chỉ áp dụng khi thanh toán bằng thẻ có đầu số: 539597; 539146; 356554 | Mỗi chủ thẻ được hưởng ưu đãi 1 lần trong suốt thời gian chương trình. | Áp dụng đồng thời với các chương trình khuyến mãi khác. | Ưu đãi không quy đổi ra tiền mặt, sản phẩm hay chuyển nhượng. | Chương trình không áp dụng đối với giao dịch hủy, hay hoàn tiền. Giao dịch phải thỏa điều kiện giao dịch thành công, không thuộc trường hợp gian lận giả mạo.";https://www.thegioididong.com/dong-ho-thong-minh/apple-watch-s10-lte-46mm-vien-titanium-day-thep;Skipped
Apple Watch SE 3 GPS 40mm viền nhôm dây thể thao;40mm;Yes;6990000;6790000;2026-03-29;Khuyến mãi                      Giá và khuyến mãi dự kiến áp dụng đến 23:00 | 31/03                                                                         1                                              Đặc biệt giảm đến 10% tối đa 5 triệu khi thanh toán qua Kredivo (chỉ áp dụng đơn hàng có lãi suất)  (Xem chi tiết tại đây)                                                            2                                              Nhập mã VNPAY0126 giảm tối đa 100,000đ (áp dụng tùy giá trị đơn hàng) khi thanh toán qua VNPAY-QR  (Xem chi tiết tại đây);;https://www.thegioididong.com/dong-ho-thong-minh/apple-watch-se-3-40mm-vien-nhom-day-the-thao;Skipped
Apple Watch SE 3 GPS + Cellular 40mm viền nhôm dây thể thao;40mm;Yes;8490000;8390000;2026-03-29;Khuyến mãi                      Giá và khuyến mãi dự kiến áp dụng đến 23:00 | 31/03                                                                         1                                              Đặc biệt giảm đến 10% tối đa 5 triệu khi thanh toán qua Kredivo (chỉ áp dụng đơn hàng có lãi suất)  (Xem chi tiết tại đây)                                                            2                                              Nhập mã VNPAY0126 giảm tối đa 100,000đ (áp dụng tùy giá trị đơn hàng) khi thanh toán qua VNPAY-QR  (Xem chi tiết tại đây);;https://www.thegioididong.com/dong-ho-thong-minh/apple-watch-se-3-gps-cellular-40mm-vien-nhom-day-the-thao;Skipped
Apple Watch SE 2 GPS 44mm viền nhôm dây thể thao;Bạc;No;0;0;2026-03-29;;;https://www.thegioididong.com/dong-ho-thong-minh/apple-watch-se-2-44mm-vien-nhom-day-silicone;DEBUG_OOS_Apple Watch SE 2 GPS 44mm viền nhôm dây thể thao_Bạc_080810.png
Apple Watch SE 2 GPS 44mm viền nhôm dây vải;Bạc;No;0;0;2026-03-29;;;https://www.thegioididong.com/dong-ho-thong-minh/apple-watch-se-2-44mm-vien-nhom-day-vai;DEBUG_OOS_Apple Watch SE 2 GPS 44mm viền nhôm dây vải_Bạc_080810.png
Apple Watch SE 3 GPS 44mm viền nhôm dây thể thao;44mm;Yes;7850000;7690000;2026-03-29;Khuyến mãi                      Giá và khuyến mãi dự kiến áp dụng đến 23:00 | 31/03                                                                         1                                              Đặc biệt giảm đến 10% tối đa 5 triệu khi thanh toán qua Kredivo (chỉ áp dụng đơn hàng có lãi suất)  (Xem chi tiết tại đây)                                                            2                                              Nhập mã VNPAY0126 giảm tối đa 100,000đ (áp dụng tùy giá trị đơn hàng) khi thanh toán qua VNPAY-QR  (Xem chi tiết tại đây);;https://www.thegioididong.com/dong-ho-thong-minh/apple-watch-se-3-40mm-vien-nhom-day-the-thao;Skipped
Apple Watch Series 10 GPS + Cellular 46mm viền Titanium dây thể thao;Titan tự nhiên;No;0;0;2026-03-29;;;https://www.thegioididong.com/dong-ho-thong-minh/apple-watch-s10-lte-46mm-vien-titanium-day-the-thao;DEBUG_OOS_Apple Watch Series 10 GPS + Cellular 46mm viền Titanium dây thể thao_Titan tự nhiên_080811.png
Apple Watch SE 3 GPS 44mm viền nhôm dây thể thao;Xanh đen;Yes;7850000;7690000;2026-03-29;Khuyến mãi                      Giá và khuyến mãi dự kiến áp dụng đến 23:00 | 31/03                                                                         1                                              Đặc biệt giảm đến 10% tối đa 5 triệu khi thanh toán qua Kredivo (chỉ áp dụng đơn hàng có lãi suất)  (Xem chi tiết tại đây)                                                            2                                              Nhập mã VNPAY0126 giảm tối đa 100,000đ (áp dụng tùy giá trị đơn hàng) khi thanh toán qua VNPAY-QR  (Xem chi tiết tại đây);;https://www.thegioididong.com/dong-ho-thong-minh/apple-watch-se-3-40mm-vien-nhom-day-the-thao;Skipped
Apple Watch SE 3 GPS + Cellular 44mm viền nhôm dây thể thao;44mm;Yes;9350000;9190000;2026-03-29;Khuyến mãi                      Giá và khuyến mãi dự kiến áp dụng đến 23:00 | 31/03                                                                         1                                              Đặc biệt giảm đến 10% tối đa 5 triệu khi thanh toán qua Kredivo (chỉ áp dụng đơn hàng có lãi suất)  (Xem chi tiết tại đây)                                                            2                                              Nhập mã VNPAY0126 giảm tối đa 100,000đ (áp dụng tùy giá trị đơn hàng) khi thanh toán qua VNPAY-QR  (Xem chi tiết tại đây);;https://www.thegioididong.com/dong-ho-thong-minh/apple-watch-se-3-gps-cellular-40mm-vien-nhom-day-the-thao;Skipped
Apple Watch SE 3 GPS + Cellular 44mm viền nhôm dây thể thao;Xanh đen;Yes;9350000;9190000;2026-03-29;Khuyến mãi                      Giá và khuyến mãi dự kiến áp dụng đến 23:00 | 31/03                                                                         1                                              Đặc biệt giảm đến 10% tối đa 5 triệu khi thanh toán qua Kredivo (chỉ áp dụng đơn hàng có lãi suất)  (Xem chi tiết tại đây)                                                            2                                              Nhập mã VNPAY0126 giảm tối đa 100,000đ (áp dụng tùy giá trị đơn hàng) khi thanh toán qua VNPAY-QR  (Xem chi tiết tại đây);;https://www.thegioididong.com/dong-ho-thong-minh/apple-watch-se-3-gps-cellular-40mm-vien-nhom-day-the-thao;Skipped
Apple Watch SE 2 GPS 44mm viền nhôm dây thể thao;Xanh đen;No;0;0;2026-03-29;;;https://www.thegioididong.com/dong-ho-thong-minh/apple-watch-se-2-44mm-vien-nhom-day-silicone;DEBUG_OOS_Apple Watch SE 2 GPS 44mm viền nhôm dây thể thao_Xanh đen_080920.png
Apple Watch SE 2 GPS 44mm viền nhôm dây vải;Xanh đen;No;0;0;2026-03-29;;;https://www.thegioididong.com/dong-ho-thong-minh/apple-watch-se-2-44mm-vien-nhom-day-vai;DEBUG_OOS_Apple Watch SE 2 GPS 44mm viền nhôm dây vải_Xanh đen_080920.png
Error getting name;Trắng Starlight;No;0;0;2026-03-29;;;https://www.thegioididong.com/dong-ho-thong-minh/apple-watch-se-3-gps-cellular-40mm-vien-nhom-day-the-thao;DEBUG_OOS_Error getting name_Trắng Starlight_080940.png
Error getting name;Trắng Starlight;No;0;0;2026-03-29;;;https://www.thegioididong.com/dong-ho-thong-minh/apple-watch-se-2-44mm-vien-nhom-day-silicone;DEBUG_OOS_Error getting name_Trắng Starlight_080941.png
Error getting name;Trắng Starlight;No;0;0;2026-03-29;;;https://www.thegioididong.com/dong-ho-thong-minh/apple-watch-se-2-44mm-vien-nhom-day-vai;DEBUG_OOS_Error getting name_Trắng Starlight_080941.png
Apple Watch Series 10 GPS + Cellular 46mm viền Titanium dây thể thao;Titan xám;No;0;0;2026-03-29;;;https://www.thegioididong.com/dong-ho-thong-minh/apple-watch-s10-lte-46mm-vien-titanium-day-the-thao;Skipped
Error getting name;Titan vàng;No;0;0;2026-03-29;;;https://www.thegioididong.com/dong-ho-thong-minh/apple-watch-s10-lte-46mm-vien-titanium-day-the-thao;DEBUG_OOS_Error getting name_Titan vàng_081016.png
Apple Watch Series 10 GPS + Cellular 42mm viền nhôm dây vải;Bạc;No;0;0;2026-03-29;;;https://www.thegioididong.com/dong-ho-thong-minh/apple-watch-series-10-lte-42mm-day-vai;DEBUG_OOS_Apple Watch Series 10 GPS + Cellular 42mm viền nhôm dây vải_Bạc_081052.png
Apple Watch Series 10 GPS 42mm viền nhôm dây vải;Bạc;No;0;0;2026-03-29;;;https://www.thegioididong.com/dong-ho-thong-minh/apple-watch-series-10-42mm-day-vai;DEBUG_OOS_Apple Watch Series 10 GPS 42mm viền nhôm dây vải_Bạc_081053.png
Apple Watch Series 10 GPS + Cellular 42mm viền nhôm dây vải;Vàng Hồng;No;0;0;2026-03-29;;;https://www.thegioididong.com/dong-ho-thong-minh/apple-watch-series-10-lte-42mm-day-vai;DEBUG_OOS_Apple Watch Series 10 GPS + Cellular 42mm viền nhôm dây vải_Vàng Hồng_081059.png
Apple Watch Series 10 GPS 42mm viền nhôm dây vải;Vàng Hồng;No;0;0;2026-03-29;;;https://www.thegioididong.com/dong-ho-thong-minh/apple-watch-series-10-42mm-day-vai;DEBUG_OOS_Apple Watch Series 10 GPS 42mm viền nhôm dây vải_Vàng Hồng_081100.png
Apple Watch Series 10 GPS + Cellular 42mm viền nhôm dây vải;Đen bóng;No;0;0;2026-03-29;;;https://www.thegioididong.com/dong-ho-thong-minh/apple-watch-series-10-lte-42mm-day-vai;DEBUG_OOS_Apple Watch Series 10 GPS + Cellular 42mm viền nhôm dây vải_Đen bóng_081105.png
Apple Watch Series 10 GPS 42mm viền nhôm dây vải;Đen bóng;No;0;0;2026-03-29;;;https://www.thegioididong.com/dong-ho-thong-minh/apple-watch-series-10-42mm-day-vai;DEBUG_OOS_Apple Watch Series 10 GPS 42mm viền nhôm dây vải_Đen bóng_081107.png
Apple Watch Series 10 GPS 42mm viền nhôm dây vải;Trắng Starlight;No;0;10790182;2026-03-29;Khuyến mãi                      Giá và khuyến mãi dự kiến áp dụng đến 23:00 | 31/03                                                                         1                                              Đặc biệt giảm đến 10% tối đa 5 triệu khi thanh toán qua Kredivo (chỉ áp dụng đơn hàng có lãi suất)  (Xem chi tiết tại đây)                                                            2                                              Nhập mã VNPAY0126 giảm tối đa 100,000đ (áp dụng tùy giá trị đơn hàng) khi thanh toán qua VNPAY-QR  (Xem chi tiết tại đây);;https://www.thegioididong.com/dong-ho-thong-minh/apple-watch-series-10-42mm-day-vai;DEBUG_OOS_Apple Watch Series 10 GPS 42mm viền nhôm dây vải_Trắng Starlight_081111.png
Apple Watch Series 10 GPS + Cellular 42mm viền nhôm dây vải;Bạc;No;0;0;2026-03-29;;;https://www.thegioididong.com/dong-ho-thong-minh/apple-watch-series-10-lte-42mm-day-vai;DEBUG_OOS_Apple Watch Series 10 GPS + Cellular 42mm viền nhôm dây vải_Bạc_081114.png
Apple Watch Series 11 GPS 42mm viền nhôm dây thể thao;42mm;Yes;11490000;11190000;2026-03-29;Khuyến mãi                      Giá và khuyến mãi dự kiến áp dụng đến 23:00 | 31/03                                                                         1                                              Đặc biệt giảm đến 10% tối đa 5 triệu khi thanh toán qua Kredivo (chỉ áp dụng đơn hàng có lãi suất)  (Xem chi tiết tại đây)                                                            2                                              Nhập mã VNPAY0126 giảm tối đa 100,000đ (áp dụng tùy giá trị đơn hàng) khi thanh toán qua VNPAY-QR  (Xem chi tiết tại đây);"Áp dụng cho sản phẩm từ 10 triệu trở lên | Chỉ áp dụng khi thanh toán bằng thẻ có đầu số:  521251 | Mỗi chủ thẻ được hưởng ưu đãi 2 lần trong suốt thời gian chương trình. | Áp dụng đồng thời với các chương trình khuyến mãi khác. | Ưu đãi không quy đổi ra tiền mặt, sản phẩm hay chuyển nhượng. | Chương trình không áp dụng đối với giao dịch hủy, hay hoàn tiền kể cả hoàn tiền một phần. Giao dịch phải thỏa điều kiện giao dịch thành công, không thuộc trường hợp gian lận giả mạo. | Áp dụng cho sản phẩm từ 5.000.000₫ trở lên. | Thời gian khuyến mãi: Từ 01/10/2025 đến 31/03/2026. | Chỉ áp dụng khi thanh toán bằng thẻ có đầu số: 539597; 539146; 356554 | Mỗi chủ thẻ được hưởng ưu đãi 1 lần trong suốt thời gian chương trình. | Áp dụng đồng thời với các chương trình khuyến mãi khác. | Ưu đãi không quy đổi ra tiền mặt, sản phẩm hay chuyển nhượng. | Chương trình không áp dụng đối với giao dịch hủy, hay hoàn tiền. Giao dịch phải thỏa điều kiện giao dịch thành công, không thuộc trường hợp gian lận giả mạo.";https://www.thegioididong.com/dong-ho-thong-minh/apple-watch-series-11-42mm-vien-nhom-day-the-thao;Skipped
Apple Watch Series 10 GPS 42mm viền nhôm dây vải;Bạc;No;0;0;2026-03-29;;;https://www.thegioididong.com/dong-ho-thong-minh/apple-watch-series-10-42mm-day-vai;DEBUG_OOS_Apple Watch Series 10 GPS 42mm viền nhôm dây vải_Bạc_081119.png
Apple Watch Series 11 GPS 46mm viền nhôm dây thể thao;46mm;Yes;12350000;11990000;2026-03-29;Khuyến mãi                      Giá và khuyến mãi dự kiến áp dụng đến 23:00 | 31/03                                                                         1                                              Đặc biệt giảm đến 10% tối đa 5 triệu khi thanh toán qua Kredivo (chỉ áp dụng đơn hàng có lãi suất)  (Xem chi tiết tại đây)                                                            2                                              Nhập mã VNPAY0126 giảm tối đa 100,000đ (áp dụng tùy giá trị đơn hàng) khi thanh toán qua VNPAY-QR  (Xem chi tiết tại đây);"Áp dụng cho sản phẩm từ 10 triệu trở lên | Chỉ áp dụng khi thanh toán bằng thẻ có đầu số:  521251 | Mỗi chủ thẻ được hưởng ưu đãi 2 lần trong suốt thời gian chương trình. | Áp dụng đồng thời với các chương trình khuyến mãi khác. | Ưu đãi không quy đổi ra tiền mặt, sản phẩm hay chuyển nhượng. | Chương trình không áp dụng đối với giao dịch hủy, hay hoàn tiền kể cả hoàn tiền một phần. Giao dịch phải thỏa điều kiện giao dịch thành công, không thuộc trường hợp gian lận giả mạo. | Áp dụng cho sản phẩm từ 5.000.000₫ trở lên. | Thời gian khuyến mãi: Từ 01/10/2025 đến 31/03/2026. | Chỉ áp dụng khi thanh toán bằng thẻ có đầu số: 539597; 539146; 356554 | Mỗi chủ thẻ được hưởng ưu đãi 1 lần trong suốt thời gian chương trình. | Áp dụng đồng thời với các chương trình khuyến mãi khác. | Ưu đãi không quy đổi ra tiền mặt, sản phẩm hay chuyển nhượng. | Chương trình không áp dụng đối với giao dịch hủy, hay hoàn tiền. Giao dịch phải thỏa điều kiện giao dịch thành công, không thuộc trường hợp gian lận giả mạo.";https://www.thegioididong.com/dong-ho-thong-minh/apple-watch-series-11-42mm-vien-nhom-day-the-thao;Skipped
Apple Watch Series 10 GPS + Cellular 42mm viền nhôm dây vải;Vàng Hồng;No;0;0;2026-03-29;;;https://www.thegioididong.com/dong-ho-thong-minh/apple-watch-series-10-lte-42mm-day-vai;DEBUG_OOS_Apple Watch Series 10 GPS + Cellular 42mm viền nhôm dây vải_Vàng Hồng_081120.png
Apple Watch Series 11 GPS 46mm viền nhôm dây thể thao;Xám;Yes;12350000;11990000;2026-03-29;Khuyến mãi                      Giá và khuyến mãi dự kiến áp dụng đến 23:00 | 31/03                                                                         1                                              Đặc biệt giảm đến 10% tối đa 5 triệu khi thanh toán qua Kredivo (chỉ áp dụng đơn hàng có lãi suất)  (Xem chi tiết tại đây)                                                            2                                              Nhập mã VNPAY0126 giảm tối đa 100,000đ (áp dụng tùy giá trị đơn hàng) khi thanh toán qua VNPAY-QR  (Xem chi tiết tại đây);"Áp dụng cho sản phẩm từ 10 triệu trở lên | Chỉ áp dụng khi thanh toán bằng thẻ có đầu số:  521251 | Mỗi chủ thẻ được hưởng ưu đãi 2 lần trong suốt thời gian chương trình. | Áp dụng đồng thời với các chương trình khuyến mãi khác. | Ưu đãi không quy đổi ra tiền mặt, sản phẩm hay chuyển nhượng. | Chương trình không áp dụng đối với giao dịch hủy, hay hoàn tiền kể cả hoàn tiền một phần. Giao dịch phải thỏa điều kiện giao dịch thành công, không thuộc trường hợp gian lận giả mạo. | Áp dụng cho sản phẩm từ 5.000.000₫ trở lên. | Thời gian khuyến mãi: Từ 01/10/2025 đến 31/03/2026. | Chỉ áp dụng khi thanh toán bằng thẻ có đầu số: 539597; 539146; 356554 | Mỗi chủ thẻ được hưởng ưu đãi 1 lần trong suốt thời gian chương trình. | Áp dụng đồng thời với các chương trình khuyến mãi khác. | Ưu đãi không quy đổi ra tiền mặt, sản phẩm hay chuyển nhượng. | Chương trình không áp dụng đối với giao dịch hủy, hay hoàn tiền. Giao dịch phải thỏa điều kiện giao dịch thành công, không thuộc trường hợp gian lận giả mạo.";https://www.thegioididong.com/dong-ho-thong-minh/apple-watch-series-11-42mm-vien-nhom-day-the-thao;Skipped
Apple Watch Series 11 GPS + Cellular 42m viền Titanium dây thể thao;Titan tự nhiên;No;20990000;20490000;2026-03-29;Khuyến mãi                      Giá và khuyến mãi dự kiến áp dụng đến 23:00 | 31/03                                                                         1                                              Đặc biệt giảm đến 10% tối đa 5 triệu khi thanh toán qua Kredivo (chỉ áp dụng đơn hàng có lãi suất)  (Xem chi tiết tại đây)                                                            2                                              Nhập mã VNPAY0126 giảm tối đa 100,000đ (áp dụng tùy giá trị đơn hàng) khi thanh toán qua VNPAY-QR  (Xem chi tiết tại đây);;https://www.thegioididong.com/dong-ho-thong-minh/apple-watch-series-11-gps-cellular-42m-vien-titanium-day-the-thao;DEBUG_OOS_Apple Watch Series 11 GPS + Cellular 42m viền Titanium dây thể thao_Titan tự nhiên_081124.png
Apple Watch Series 11 GPS 46mm viền nhôm dây thể thao;Bạc;Yes;12350000;11990000;2026-03-29;Khuyến mãi                      Giá và khuyến mãi dự kiến áp dụng đến 23:00 | 31/03                                                                         1                                              Đặc biệt giảm đến 10% tối đa 5 triệu khi thanh toán qua Kredivo (chỉ áp dụng đơn hàng có lãi suất)  (Xem chi tiết tại đây)                                                            2                                              Nhập mã VNPAY0126 giảm tối đa 100,000đ (áp dụng tùy giá trị đơn hàng) khi thanh toán qua VNPAY-QR  (Xem chi tiết tại đây);"Áp dụng cho sản phẩm từ 10 triệu trở lên | Chỉ áp dụng khi thanh toán bằng thẻ có đầu số:  521251 | Mỗi chủ thẻ được hưởng ưu đãi 2 lần trong suốt thời gian chương trình. | Áp dụng đồng thời với các chương trình khuyến mãi khác. | Ưu đãi không quy đổi ra tiền mặt, sản phẩm hay chuyển nhượng. | Chương trình không áp dụng đối với giao dịch hủy, hay hoàn tiền kể cả hoàn tiền một phần. Giao dịch phải thỏa điều kiện giao dịch thành công, không thuộc trường hợp gian lận giả mạo. | Áp dụng cho sản phẩm từ 5.000.000₫ trở lên. | Thời gian khuyến mãi: Từ 01/10/2025 đến 31/03/2026. | Chỉ áp dụng khi thanh toán bằng thẻ có đầu số: 539597; 539146; 356554 | Mỗi chủ thẻ được hưởng ưu đãi 1 lần trong suốt thời gian chương trình. | Áp dụng đồng thời với các chương trình khuyến mãi khác. | Ưu đãi không quy đổi ra tiền mặt, sản phẩm hay chuyển nhượng. | Chương trình không áp dụng đối với giao dịch hủy, hay hoàn tiền. Giao dịch phải thỏa điều kiện giao dịch thành công, không thuộc trường hợp gian lận giả mạo.";https://www.thegioididong.com/dong-ho-thong-minh/apple-watch-series-11-42mm-vien-nhom-day-the-thao;Skipped
Apple Watch Series 10 GPS 42mm viền nhôm dây vải;Vàng Hồng;No;0;0;2026-03-29;;;https://www.thegioididong.com/dong-ho-thong-minh/apple-watch-series-10-42mm-day-vai;DEBUG_OOS_Apple Watch Series 10 GPS 42mm viền nhôm dây vải_Vàng Hồng_081126.png
Apple Watch Series 10 GPS + Cellular 42mm viền nhôm dây vải;Đen bóng;No;0;0;2026-03-29;;;https://www.thegioididong.com/dong-ho-thong-minh/apple-watch-series-10-lte-42mm-day-vai;DEBUG_OOS_Apple Watch Series 10 GPS + Cellular 42mm viền nhôm dây vải_Đen bóng_081126.png
Apple Watch Series 11 GPS + Cellular 42m viền Titanium dây thể thao;Titan xám;No;20990000;20490000;2026-03-29;Khuyến mãi                      Giá và khuyến mãi dự kiến áp dụng đến 23:00 | 31/03                                                                         1                                              Đặc biệt giảm đến 10% tối đa 5 triệu khi thanh toán qua Kredivo (chỉ áp dụng đơn hàng có lãi suất)  (Xem chi tiết tại đây)                                                            2                                              Nhập mã VNPAY0126 giảm tối đa 100,000đ (áp dụng tùy giá trị đơn hàng) khi thanh toán qua VNPAY-QR  (Xem chi tiết tại đây);;https://www.thegioididong.com/dong-ho-thong-minh/apple-watch-series-11-gps-cellular-42m-vien-titanium-day-the-thao;DEBUG_OOS_Apple Watch Series 11 GPS + Cellular 42m viền Titanium dây thể thao_Titan xám_081128.png
Apple Watch Series 11 GPS 46mm viền nhôm dây thể thao;Vàng Hồng;Yes;12350000;11990000;2026-03-29;Khuyến mãi                      Giá và khuyến mãi dự kiến áp dụng đến 23:00 | 31/03                                                                         1                                              Đặc biệt giảm đến 10% tối đa 5 triệu khi thanh toán qua Kredivo (chỉ áp dụng đơn hàng có lãi suất)  (Xem chi tiết tại đây)                                                            2                                              Nhập mã VNPAY0126 giảm tối đa 100,000đ (áp dụng tùy giá trị đơn hàng) khi thanh toán qua VNPAY-QR  (Xem chi tiết tại đây);"Áp dụng cho sản phẩm từ 10 triệu trở lên | Chỉ áp dụng khi thanh toán bằng thẻ có đầu số:  521251 | Mỗi chủ thẻ được hưởng ưu đãi 2 lần trong suốt thời gian chương trình. | Áp dụng đồng thời với các chương trình khuyến mãi khác. | Ưu đãi không quy đổi ra tiền mặt, sản phẩm hay chuyển nhượng. | Chương trình không áp dụng đối với giao dịch hủy, hay hoàn tiền kể cả hoàn tiền một phần. Giao dịch phải thỏa điều kiện giao dịch thành công, không thuộc trường hợp gian lận giả mạo. | Áp dụng cho sản phẩm từ 5.000.000₫ trở lên. | Thời gian khuyến mãi: Từ 01/10/2025 đến 31/03/2026. | Chỉ áp dụng khi thanh toán bằng thẻ có đầu số: 539597; 539146; 356554 | Mỗi chủ thẻ được hưởng ưu đãi 1 lần trong suốt thời gian chương trình. | Áp dụng đồng thời với các chương trình khuyến mãi khác. | Ưu đãi không quy đổi ra tiền mặt, sản phẩm hay chuyển nhượng. | Chương trình không áp dụng đối với giao dịch hủy, hay hoàn tiền. Giao dịch phải thỏa điều kiện giao dịch thành công, không thuộc trường hợp gian lận giả mạo.";https://www.thegioididong.com/dong-ho-thong-minh/apple-watch-series-11-42mm-vien-nhom-day-the-thao;Skipped
Apple Watch Series 11 GPS + Cellular 42m viền Titanium dây thể thao;Titan vàng;No;20990000;20490000;2026-03-29;Khuyến mãi                      Giá và khuyến mãi dự kiến áp dụng đến 23:00 | 31/03                                                                         1                                              Đặc biệt giảm đến 10% tối đa 5 triệu khi thanh toán qua Kredivo (chỉ áp dụng đơn hàng có lãi suất)  (Xem chi tiết tại đây)                                                            2                                              Nhập mã VNPAY0126 giảm tối đa 100,000đ (áp dụng tùy giá trị đơn hàng) khi thanh toán qua VNPAY-QR  (Xem chi tiết tại đây);;https://www.thegioididong.com/dong-ho-thong-minh/apple-watch-series-11-gps-cellular-42m-vien-titanium-day-the-thao;DEBUG_OOS_Apple Watch Series 11 GPS + Cellular 42m viền Titanium dây thể thao_Titan vàng_081132.png
Apple Watch Series 10 GPS 42mm viền nhôm dây vải;Đen bóng;No;0;0;2026-03-29;;;https://www.thegioididong.com/dong-ho-thong-minh/apple-watch-series-10-42mm-day-vai;DEBUG_OOS_Apple Watch Series 10 GPS 42mm viền nhôm dây vải_Đen bóng_081132.png
Apple Watch Series 11 GPS 46mm viền nhôm dây thể thao;Đen bóng;Yes;12350000;11990000;2026-03-29;Khuyến mãi                      Giá và khuyến mãi dự kiến áp dụng đến 23:00 | 31/03                                                                         1                                              Đặc biệt giảm đến 10% tối đa 5 triệu khi thanh toán qua Kredivo (chỉ áp dụng đơn hàng có lãi suất)  (Xem chi tiết tại đây)                                                            2                                              Nhập mã VNPAY0126 giảm tối đa 100,000đ (áp dụng tùy giá trị đơn hàng) khi thanh toán qua VNPAY-QR  (Xem chi tiết tại đây);"Áp dụng cho sản phẩm từ 10 triệu trở lên | Chỉ áp dụng khi thanh toán bằng thẻ có đầu số:  521251 | Mỗi chủ thẻ được hưởng ưu đãi 2 lần trong suốt thời gian chương trình. | Áp dụng đồng thời với các chương trình khuyến mãi khác. | Ưu đãi không quy đổi ra tiền mặt, sản phẩm hay chuyển nhượng. | Chương trình không áp dụng đối với giao dịch hủy, hay hoàn tiền kể cả hoàn tiền một phần. Giao dịch phải thỏa điều kiện giao dịch thành công, không thuộc trường hợp gian lận giả mạo. | Áp dụng cho sản phẩm từ 5.000.000₫ trở lên. | Thời gian khuyến mãi: Từ 01/10/2025 đến 31/03/2026. | Chỉ áp dụng khi thanh toán bằng thẻ có đầu số: 539597; 539146; 356554 | Mỗi chủ thẻ được hưởng ưu đãi 1 lần trong suốt thời gian chương trình. | Áp dụng đồng thời với các chương trình khuyến mãi khác. | Ưu đãi không quy đổi ra tiền mặt, sản phẩm hay chuyển nhượng. | Chương trình không áp dụng đối với giao dịch hủy, hay hoàn tiền. Giao dịch phải thỏa điều kiện giao dịch thành công, không thuộc trường hợp gian lận giả mạo.";https://www.thegioididong.com/dong-ho-thong-minh/apple-watch-series-11-42mm-vien-nhom-day-the-thao;Skipped
Apple Watch Series 10 GPS + Cellular 42mm viền nhôm dây vải;Bạc;No;0;0;2026-03-29;;;https://www.thegioididong.com/dong-ho-thong-minh/apple-watch-series-10-lte-42mm-day-vai;DEBUG_OOS_Apple Watch Series 10 GPS + Cellular 42mm viền nhôm dây vải_Bạc_081135.png
Apple Watch Series 10 GPS 42mm viền nhôm dây vải;Trắng Starlight;No;0;10790182;2026-03-29;Khuyến mãi                      Giá và khuyến mãi dự kiến áp dụng đến 23:00 | 31/03                                                                         1                                              Đặc biệt giảm đến 10% tối đa 5 triệu khi thanh toán qua Kredivo (chỉ áp dụng đơn hàng có lãi suất)  (Xem chi tiết tại đây)                                                            2                                              Nhập mã VNPAY0126 giảm tối đa 100,000đ (áp dụng tùy giá trị đơn hàng) khi thanh toán qua VNPAY-QR  (Xem chi tiết tại đây);;https://www.thegioididong.com/dong-ho-thong-minh/apple-watch-series-10-42mm-day-vai;DEBUG_OOS_Apple Watch Series 10 GPS 42mm viền nhôm dây vải_Trắng Starlight_081135.png
Apple Watch Series 11 GPS + Cellular 42m viền Titanium dây thể thao;Titan tự nhiên;No;20990000;20490000;2026-03-29;Khuyến mãi                      Giá và khuyến mãi dự kiến áp dụng đến 23:00 | 31/03                                                                         1                                              Đặc biệt giảm đến 10% tối đa 5 triệu khi thanh toán qua Kredivo (chỉ áp dụng đơn hàng có lãi suất)  (Xem chi tiết tại đây)                                                            2                                              Nhập mã VNPAY0126 giảm tối đa 100,000đ (áp dụng tùy giá trị đơn hàng) khi thanh toán qua VNPAY-QR  (Xem chi tiết tại đây);;https://www.thegioididong.com/dong-ho-thong-minh/apple-watch-series-11-gps-cellular-42m-vien-titanium-day-the-thao;DEBUG_OOS_Apple Watch Series 11 GPS + Cellular 42m viền Titanium dây thể thao_Titan tự nhiên_081137.png
Apple Watch Series 11 GPS 42mm viền nhôm dây thể thao;42mm;Yes;11490000;11190000;2026-03-29;Khuyến mãi                      Giá và khuyến mãi dự kiến áp dụng đến 23:00 | 31/03                                                                         1                                              Đặc biệt giảm đến 10% tối đa 5 triệu khi thanh toán qua Kredivo (chỉ áp dụng đơn hàng có lãi suất)  (Xem chi tiết tại đây)                                                            2                                              Nhập mã VNPAY0126 giảm tối đa 100,000đ (áp dụng tùy giá trị đơn hàng) khi thanh toán qua VNPAY-QR  (Xem chi tiết tại đây);"Áp dụng cho sản phẩm từ 10 triệu trở lên | Chỉ áp dụng khi thanh toán bằng thẻ có đầu số:  521251 | Mỗi chủ thẻ được hưởng ưu đãi 2 lần trong suốt thời gian chương trình. | Áp dụng đồng thời với các chương trình khuyến mãi khác. | Ưu đãi không quy đổi ra tiền mặt, sản phẩm hay chuyển nhượng. | Chương trình không áp dụng đối với giao dịch hủy, hay hoàn tiền kể cả hoàn tiền một phần. Giao dịch phải thỏa điều kiện giao dịch thành công, không thuộc trường hợp gian lận giả mạo. | Áp dụng cho sản phẩm từ 5.000.000₫ trở lên. | Thời gian khuyến mãi: Từ 01/10/2025 đến 31/03/2026. | Chỉ áp dụng khi thanh toán bằng thẻ có đầu số: 539597; 539146; 356554 | Mỗi chủ thẻ được hưởng ưu đãi 1 lần trong suốt thời gian chương trình. | Áp dụng đồng thời với các chương trình khuyến mãi khác. | Ưu đãi không quy đổi ra tiền mặt, sản phẩm hay chuyển nhượng. | Chương trình không áp dụng đối với giao dịch hủy, hay hoàn tiền. Giao dịch phải thỏa điều kiện giao dịch thành công, không thuộc trường hợp gian lận giả mạo.";https://www.thegioididong.com/dong-ho-thong-minh/apple-watch-series-11-42mm-vien-nhom-day-the-thao;Skipped
Apple Watch Series 11 GPS + Cellular 42m viền Titanium dây thể thao;Titan xám;No;20990000;20490000;2026-03-29;Khuyến mãi                      Giá và khuyến mãi dự kiến áp dụng đến 23:00 | 31/03                                                                         1                                              Đặc biệt giảm đến 10% tối đa 5 triệu khi thanh toán qua Kredivo (chỉ áp dụng đơn hàng có lãi suất)  (Xem chi tiết tại đây)                                                            2                                              Nhập mã VNPAY0126 giảm tối đa 100,000đ (áp dụng tùy giá trị đơn hàng) khi thanh toán qua VNPAY-QR  (Xem chi tiết tại đây);;https://www.thegioididong.com/dong-ho-thong-minh/apple-watch-series-11-gps-cellular-42m-vien-titanium-day-the-thao;DEBUG_OOS_Apple Watch Series 11 GPS + Cellular 42m viền Titanium dây thể thao_Titan xám_081141.png
Apple Watch Series 10 GPS + Cellular 42mm viền nhôm dây vải;Vàng Hồng;No;0;0;2026-03-29;;;https://www.thegioididong.com/dong-ho-thong-minh/apple-watch-series-10-lte-42mm-day-vai;DEBUG_OOS_Apple Watch Series 10 GPS + Cellular 42mm viền nhôm dây vải_Vàng Hồng_081142.png
Apple Watch Series 11 GPS 46mm viền nhôm dây thể thao;46mm;Yes;12350000;11990000;2026-03-29;Khuyến mãi                      Giá và khuyến mãi dự kiến áp dụng đến 23:00 | 31/03                                                                         1                                              Đặc biệt giảm đến 10% tối đa 5 triệu khi thanh toán qua Kredivo (chỉ áp dụng đơn hàng có lãi suất)  (Xem chi tiết tại đây)                                                            2                                              Nhập mã VNPAY0126 giảm tối đa 100,000đ (áp dụng tùy giá trị đơn hàng) khi thanh toán qua VNPAY-QR  (Xem chi tiết tại đây);"Áp dụng cho sản phẩm từ 10 triệu trở lên | Chỉ áp dụng khi thanh toán bằng thẻ có đầu số:  521251 | Mỗi chủ thẻ được hưởng ưu đãi 2 lần trong suốt thời gian chương trình. | Áp dụng đồng thời với các chương trình khuyến mãi khác. | Ưu đãi không quy đổi ra tiền mặt, sản phẩm hay chuyển nhượng. | Chương trình không áp dụng đối với giao dịch hủy, hay hoàn tiền kể cả hoàn tiền một phần. Giao dịch phải thỏa điều kiện giao dịch thành công, không thuộc trường hợp gian lận giả mạo. | Áp dụng cho sản phẩm từ 5.000.000₫ trở lên. | Thời gian khuyến mãi: Từ 01/10/2025 đến 31/03/2026. | Chỉ áp dụng khi thanh toán bằng thẻ có đầu số: 539597; 539146; 356554 | Mỗi chủ thẻ được hưởng ưu đãi 1 lần trong suốt thời gian chương trình. | Áp dụng đồng thời với các chương trình khuyến mãi khác. | Ưu đãi không quy đổi ra tiền mặt, sản phẩm hay chuyển nhượng. | Chương trình không áp dụng đối với giao dịch hủy, hay hoàn tiền. Giao dịch phải thỏa điều kiện giao dịch thành công, không thuộc trường hợp gian lận giả mạo.";https://www.thegioididong.com/dong-ho-thong-minh/apple-watch-series-11-42mm-vien-nhom-day-the-thao;Skipped
Apple Watch Series 11 GPS 46mm viền nhôm dây thể thao;Xám;Yes;12350000;11990000;2026-03-29;Khuyến mãi                      Giá và khuyến mãi dự kiến áp dụng đến 23:00 | 31/03                                                                         1                                              Đặc biệt giảm đến 10% tối đa 5 triệu khi thanh toán qua Kredivo (chỉ áp dụng đơn hàng có lãi suất)  (Xem chi tiết tại đây)                                                            2                                              Nhập mã VNPAY0126 giảm tối đa 100,000đ (áp dụng tùy giá trị đơn hàng) khi thanh toán qua VNPAY-QR  (Xem chi tiết tại đây);"Áp dụng cho sản phẩm từ 10 triệu trở lên | Chỉ áp dụng khi thanh toán bằng thẻ có đầu số:  521251 | Mỗi chủ thẻ được hưởng ưu đãi 2 lần trong suốt thời gian chương trình. | Áp dụng đồng thời với các chương trình khuyến mãi khác. | Ưu đãi không quy đổi ra tiền mặt, sản phẩm hay chuyển nhượng. | Chương trình không áp dụng đối với giao dịch hủy, hay hoàn tiền kể cả hoàn tiền một phần. Giao dịch phải thỏa điều kiện giao dịch thành công, không thuộc trường hợp gian lận giả mạo. | Áp dụng cho sản phẩm từ 5.000.000₫ trở lên. | Thời gian khuyến mãi: Từ 01/10/2025 đến 31/03/2026. | Chỉ áp dụng khi thanh toán bằng thẻ có đầu số: 539597; 539146; 356554 | Mỗi chủ thẻ được hưởng ưu đãi 1 lần trong suốt thời gian chương trình. | Áp dụng đồng thời với các chương trình khuyến mãi khác. | Ưu đãi không quy đổi ra tiền mặt, sản phẩm hay chuyển nhượng. | Chương trình không áp dụng đối với giao dịch hủy, hay hoàn tiền. Giao dịch phải thỏa điều kiện giao dịch thành công, không thuộc trường hợp gian lận giả mạo.";https://www.thegioididong.com/dong-ho-thong-minh/apple-watch-series-11-42mm-vien-nhom-day-the-thao;Skipped
Apple Watch Series 10 GPS 42mm viền nhôm dây vải;Bạc;No;0;0;2026-03-29;;;https://www.thegioididong.com/dong-ho-thong-minh/apple-watch-series-10-42mm-day-vai;DEBUG_OOS_Apple Watch Series 10 GPS 42mm viền nhôm dây vải_Bạc_081213.png
Apple Watch Series 11 GPS + Cellular 42m viền Titanium dây thể thao;Titan vàng;No;20990000;20490000;2026-03-29;Khuyến mãi                      Giá và khuyến mãi dự kiến áp dụng đến 23:00 | 31/03                                                                         1                                              Đặc biệt giảm đến 10% tối đa 5 triệu khi thanh toán qua Kredivo (chỉ áp dụng đơn hàng có lãi suất)  (Xem chi tiết tại đây)                                                            2                                              Nhập mã VNPAY0126 giảm tối đa 100,000đ (áp dụng tùy giá trị đơn hàng) khi thanh toán qua VNPAY-QR  (Xem chi tiết tại đây);;https://www.thegioididong.com/dong-ho-thong-minh/apple-watch-series-11-gps-cellular-42m-vien-titanium-day-the-thao;DEBUG_OOS_Apple Watch Series 11 GPS + Cellular 42m viền Titanium dây thể thao_Titan vàng_081213.png
Error getting name;Vàng Hồng;No;0;0;2026-03-29;;;https://www.thegioididong.com/dong-ho-thong-minh/apple-watch-series-10-42mm-day-vai;DEBUG_OOS_Error getting name_Vàng Hồng_081234.png
Error getting name;Bạc;No;0;0;2026-03-29;;;https://www.thegioididong.com/dong-ho-thong-minh/apple-watch-series-11-42mm-vien-nhom-day-the-thao;DEBUG_OOS_Error getting name_Bạc_081234.png
Apple Watch Series 10 GPS + Cellular 42mm viền nhôm dây vải;Đen bóng;No;0;0;2026-03-29;;;https://www.thegioididong.com/dong-ho-thong-minh/apple-watch-series-10-lte-42mm-day-vai;DEBUG_OOS_Apple Watch Series 10 GPS + Cellular 42mm viền nhôm dây vải_Đen bóng_081218.png
Error getting name;Default/Unknown;No;0;0;2026-03-29;;;https://www.thegioididong.com/dong-ho-thong-minh/apple-watch-series-11-gps-cellular-42m-vien-titanium-day-the-thao;DEBUG_OOS_Error getting name_Default/Unknown_081241.png
Apple Watch Series 11 GPS + Cellular 42mm viền nhôm dây thể thao;Default/Unknown;Yes;14490000;14090000;2026-03-29;Khuyến mãi                      Giá và khuyến mãi dự kiến áp dụng đến 23:00 | 31/03                                                                         1                                              Đặc biệt giảm đến 10% tối đa 5 triệu khi thanh toán qua Kredivo (chỉ áp dụng đơn hàng có lãi suất)  (Xem chi tiết tại đây)                                                            2                                              Nhập mã VNPAY0126 giảm tối đa 100,000đ (áp dụng tùy giá trị đơn hàng) khi thanh toán qua VNPAY-QR  (Xem chi tiết tại đây);"Áp dụng cho sản phẩm từ 10 triệu trở lên | Chỉ áp dụng khi thanh toán bằng thẻ có đầu số:  521251 | Mỗi chủ thẻ được hưởng ưu đãi 2 lần trong suốt thời gian chương trình. | Áp dụng đồng thời với các chương trình khuyến mãi khác. | Ưu đãi không quy đổi ra tiền mặt, sản phẩm hay chuyển nhượng. | Chương trình không áp dụng đối với giao dịch hủy, hay hoàn tiền kể cả hoàn tiền một phần. Giao dịch phải thỏa điều kiện giao dịch thành công, không thuộc trường hợp gian lận giả mạo. | Áp dụng cho sản phẩm từ 5.000.000₫ trở lên. | Thời gian khuyến mãi: Từ 01/10/2025 đến 31/03/2026. | Chỉ áp dụng khi thanh toán bằng thẻ có đầu số: 539597; 539146; 356554 | Mỗi chủ thẻ được hưởng ưu đãi 1 lần trong suốt thời gian chương trình. | Áp dụng đồng thời với các chương trình khuyến mãi khác. | Ưu đãi không quy đổi ra tiền mặt, sản phẩm hay chuyển nhượng. | Chương trình không áp dụng đối với giao dịch hủy, hay hoàn tiền. Giao dịch phải thỏa điều kiện giao dịch thành công, không thuộc trường hợp gian lận giả mạo.";https://www.thegioididong.com/dong-ho-thong-minh/apple-watch-series-11-gps-cellular-42mm-vien-nhom-day-the-thao;Skipped
Apple Watch Series 11 GPS + Cellular 42mm viền Titanium dây Milan;Titan tự nhiên;No;22490000;21790000;2026-03-29;Khuyến mãi                      Giá và khuyến mãi dự kiến áp dụng đến 23:00 | 31/03                                                                         1                                              Đặc biệt giảm đến 10% tối đa 5 triệu khi thanh toán qua Kredivo (chỉ áp dụng đơn hàng có lãi suất)  (Xem chi tiết tại đây)                                                            2                                              Nhập mã VNPAY0126 giảm tối đa 100,000đ (áp dụng tùy giá trị đơn hàng) khi thanh toán qua VNPAY-QR  (Xem chi tiết tại đây);;https://www.thegioididong.com/dong-ho-thong-minh/apple-watch-series-11-gps-cellular-42mm-vien-titanium-day-milan;DEBUG_OOS_Apple Watch Series 11 GPS + Cellular 42mm viền Titanium dây Milan_Titan tự nhiên_081248.png
Apple Watch Ultra 2 GPS + Cellular 49mm viền Titanium đen dây Alpine;Default/Unknown;No;0;0;2026-03-29;;;https://www.thegioididong.com/dong-ho-thong-minh/apple-watch-ultra-2-gps-cellular-49mm-vien-titanium-den-day-alpine;DEBUG_OOS_Apple Watch Ultra 2 GPS + Cellular 49mm viền Titanium đen dây Alpine_Default/Unknown_081251.png
Apple Watch Series 11 GPS + Cellular 42mm viền Titanium dây Milan;Titan xám;No;22490000;21790000;2026-03-29;Khuyến mãi                      Giá và khuyến mãi dự kiến áp dụng đến 23:00 | 31/03                                                                         1                                              Đặc biệt giảm đến 10% tối đa 5 triệu khi thanh toán qua Kredivo (chỉ áp dụng đơn hàng có lãi suất)  (Xem chi tiết tại đây)                                                            2                                              Nhập mã VNPAY0126 giảm tối đa 100,000đ (áp dụng tùy giá trị đơn hàng) khi thanh toán qua VNPAY-QR  (Xem chi tiết tại đây);;https://www.thegioididong.com/dong-ho-thong-minh/apple-watch-series-11-gps-cellular-42mm-vien-titanium-day-milan;DEBUG_OOS_Apple Watch Series 11 GPS + Cellular 42mm viền Titanium dây Milan_Titan xám_081251.png
Apple Watch Ultra 2 GPS + Cellular 49mm viền Titanium dây Ocean;Default/Unknown;Yes;0;21590182;2026-03-29;Khuyến mãi                      Giá và khuyến mãi dự kiến áp dụng đến 23:00 | 31/03                                                                         1                                              Đặc biệt giảm đến 10% tối đa 5 triệu khi thanh toán qua Kredivo (chỉ áp dụng đơn hàng có lãi suất)  (Xem chi tiết tại đây)                                                            2                                              Nhập mã VNPAY0126 giảm tối đa 100,000đ (áp dụng tùy giá trị đơn hàng) khi thanh toán qua VNPAY-QR  (Xem chi tiết tại đây);"Áp dụng cho sản phẩm từ 10 triệu trở lên | Chỉ áp dụng khi thanh toán bằng thẻ có đầu số:  521251 | Mỗi chủ thẻ được hưởng ưu đãi 2 lần trong suốt thời gian chương trình. | Áp dụng đồng thời với các chương trình khuyến mãi khác. | Ưu đãi không quy đổi ra tiền mặt, sản phẩm hay chuyển nhượng. | Chương trình không áp dụng đối với giao dịch hủy, hay hoàn tiền kể cả hoàn tiền một phần. Giao dịch phải thỏa điều kiện giao dịch thành công, không thuộc trường hợp gian lận giả mạo. | Áp dụng cho sản phẩm từ 5.000.000₫ trở lên. | Thời gian khuyến mãi: Từ 01/10/2025 đến 31/03/2026. | Chỉ áp dụng khi thanh toán bằng thẻ có đầu số: 539597; 539146; 356554 | Mỗi chủ thẻ được hưởng ưu đãi 1 lần trong suốt thời gian chương trình. | Áp dụng đồng thời với các chương trình khuyến mãi khác. | Ưu đãi không quy đổi ra tiền mặt, sản phẩm hay chuyển nhượng. | Chương trình không áp dụng đối với giao dịch hủy, hay hoàn tiền. Giao dịch phải thỏa điều kiện giao dịch thành công, không thuộc trường hợp gian lận giả mạo.";https://www.thegioididong.com/dong-ho-thong-minh/apple-watch-ultra-2-lte-49mm-vien-titanium-day-ocean;Skipped
Apple Watch Series 11 GPS + Cellular 42mm viền Titanium dây Milan;Titan vàng;No;22490000;21790000;2026-03-29;Khuyến mãi                      Giá và khuyến mãi dự kiến áp dụng đến 23:00 | 31/03                                                                         1                                              Đặc biệt giảm đến 10% tối đa 5 triệu khi thanh toán qua Kredivo (chỉ áp dụng đơn hàng có lãi suất)  (Xem chi tiết tại đây)                                                            2                                              Nhập mã VNPAY0126 giảm tối đa 100,000đ (áp dụng tùy giá trị đơn hàng) khi thanh toán qua VNPAY-QR  (Xem chi tiết tại đây);;https://www.thegioididong.com/dong-ho-thong-minh/apple-watch-series-11-gps-cellular-42mm-vien-titanium-day-milan;DEBUG_OOS_Apple Watch Series 11 GPS + Cellular 42mm viền Titanium dây Milan_Titan vàng_081255.png
Apple Watch Ultra 3 GPS + Cellular 49mm viền Titanium dây Alpine;Default/Unknown;Yes;23990000;23490000;2026-03-29;Khuyến mãi                      Giá và khuyến mãi dự kiến áp dụng đến 23:00 | 31/03                                                                         1                                              Đặc biệt giảm đến 10% tối đa 5 triệu khi thanh toán qua Kredivo (chỉ áp dụng đơn hàng có lãi suất)  (Xem chi tiết tại đây)                                                            2                                              Nhập mã VNPAY0126 giảm tối đa 100,000đ (áp dụng tùy giá trị đơn hàng) khi thanh toán qua VNPAY-QR  (Xem chi tiết tại đây);"Áp dụng cho sản phẩm từ 10 triệu trở lên | Chỉ áp dụng khi thanh toán bằng thẻ có đầu số:  521251 | Mỗi chủ thẻ được hưởng ưu đãi 2 lần trong suốt thời gian chương trình. | Áp dụng đồng thời với các chương trình khuyến mãi khác. | Ưu đãi không quy đổi ra tiền mặt, sản phẩm hay chuyển nhượng. | Chương trình không áp dụng đối với giao dịch hủy, hay hoàn tiền kể cả hoàn tiền một phần. Giao dịch phải thỏa điều kiện giao dịch thành công, không thuộc trường hợp gian lận giả mạo. | Áp dụng cho sản phẩm từ 5.000.000₫ trở lên. | Thời gian khuyến mãi: Từ 01/10/2025 đến 31/03/2026. | Chỉ áp dụng khi thanh toán bằng thẻ có đầu số: 539597; 539146; 356554 | Mỗi chủ thẻ được hưởng ưu đãi 1 lần trong suốt thời gian chương trình. | Áp dụng đồng thời với các chương trình khuyến mãi khác. | Ưu đãi không quy đổi ra tiền mặt, sản phẩm hay chuyển nhượng. | Chương trình không áp dụng đối với giao dịch hủy, hay hoàn tiền. Giao dịch phải thỏa điều kiện giao dịch thành công, không thuộc trường hợp gian lận giả mạo.";https://www.thegioididong.com/dong-ho-thong-minh/apple-watch-ultra-3-gps-cellular-49mm-vien-titanium-day-alpine;Skipped
Apple Watch Series 11 GPS + Cellular 42mm viền Titanium dây Milan;Titan tự nhiên;No;22490000;21790000;2026-03-29;Khuyến mãi                      Giá và khuyến mãi dự kiến áp dụng đến 23:00 | 31/03                                                                         1                                              Đặc biệt giảm đến 10% tối đa 5 triệu khi thanh toán qua Kredivo (chỉ áp dụng đơn hàng có lãi suất)  (Xem chi tiết tại đây)                                                            2                                              Nhập mã VNPAY0126 giảm tối đa 100,000đ (áp dụng tùy giá trị đơn hàng) khi thanh toán qua VNPAY-QR  (Xem chi tiết tại đây);;https://www.thegioididong.com/dong-ho-thong-minh/apple-watch-series-11-gps-cellular-42mm-vien-titanium-day-milan;DEBUG_OOS_Apple Watch Series 11 GPS + Cellular 42mm viền Titanium dây Milan_Titan tự nhiên_081412.png
Apple Watch Ultra 3 GPS + Cellular 49mm viền Titanium dây Trail;Default/Unknown;Yes;23990000;23490000;2026-03-29;Khuyến mãi                      Giá và khuyến mãi dự kiến áp dụng đến 23:00 | 31/03                                                                         1                                              Đặc biệt giảm đến 10% tối đa 5 triệu khi thanh toán qua Kredivo (chỉ áp dụng đơn hàng có lãi suất)  (Xem chi tiết tại đây)                                                            2                                              Nhập mã VNPAY0126 giảm tối đa 100,000đ (áp dụng tùy giá trị đơn hàng) khi thanh toán qua VNPAY-QR  (Xem chi tiết tại đây);"Áp dụng cho sản phẩm từ 10 triệu trở lên | Chỉ áp dụng khi thanh toán bằng thẻ có đầu số:  521251 | Mỗi chủ thẻ được hưởng ưu đãi 2 lần trong suốt thời gian chương trình. | Áp dụng đồng thời với các chương trình khuyến mãi khác. | Ưu đãi không quy đổi ra tiền mặt, sản phẩm hay chuyển nhượng. | Chương trình không áp dụng đối với giao dịch hủy, hay hoàn tiền kể cả hoàn tiền một phần. Giao dịch phải thỏa điều kiện giao dịch thành công, không thuộc trường hợp gian lận giả mạo. | Áp dụng cho sản phẩm từ 5.000.000₫ trở lên. | Thời gian khuyến mãi: Từ 01/10/2025 đến 31/03/2026. | Chỉ áp dụng khi thanh toán bằng thẻ có đầu số: 539597; 539146; 356554 | Mỗi chủ thẻ được hưởng ưu đãi 1 lần trong suốt thời gian chương trình. | Áp dụng đồng thời với các chương trình khuyến mãi khác. | Ưu đãi không quy đổi ra tiền mặt, sản phẩm hay chuyển nhượng. | Chương trình không áp dụng đối với giao dịch hủy, hay hoàn tiền. Giao dịch phải thỏa điều kiện giao dịch thành công, không thuộc trường hợp gian lận giả mạo.";https://www.thegioididong.com/dong-ho-thong-minh/apple-watch-ultra-3-gps-cellular-49mm-vien-titanium-day-trail;Skipped
Apple Watch Ultra 3 GPS + Cellular 49mm viền Titanium dây Ocean;Titan đen;Yes;23990000;23490000;2026-03-29;Khuyến mãi                      Giá và khuyến mãi dự kiến áp dụng đến 23:00 | 31/03                                                                         1                                              Đặc biệt giảm đến 10% tối đa 5 triệu khi thanh toán qua Kredivo (chỉ áp dụng đơn hàng có lãi suất)  (Xem chi tiết tại đây)                                                            2                                              Nhập mã VNPAY0126 giảm tối đa 100,000đ (áp dụng tùy giá trị đơn hàng) khi thanh toán qua VNPAY-QR  (Xem chi tiết tại đây);"Áp dụng cho sản phẩm từ 10 triệu trở lên | Chỉ áp dụng khi thanh toán bằng thẻ có đầu số:  521251 | Mỗi chủ thẻ được hưởng ưu đãi 2 lần trong suốt thời gian chương trình. | Áp dụng đồng thời với các chương trình khuyến mãi khác. | Ưu đãi không quy đổi ra tiền mặt, sản phẩm hay chuyển nhượng. | Chương trình không áp dụng đối với giao dịch hủy, hay hoàn tiền kể cả hoàn tiền một phần. Giao dịch phải thỏa điều kiện giao dịch thành công, không thuộc trường hợp gian lận giả mạo. | Áp dụng cho sản phẩm từ 5.000.000₫ trở lên. | Thời gian khuyến mãi: Từ 01/10/2025 đến 31/03/2026. | Chỉ áp dụng khi thanh toán bằng thẻ có đầu số: 539597; 539146; 356554 | Mỗi chủ thẻ được hưởng ưu đãi 1 lần trong suốt thời gian chương trình. | Áp dụng đồng thời với các chương trình khuyến mãi khác. | Ưu đãi không quy đổi ra tiền mặt, sản phẩm hay chuyển nhượng. | Chương trình không áp dụng đối với giao dịch hủy, hay hoàn tiền. Giao dịch phải thỏa điều kiện giao dịch thành công, không thuộc trường hợp gian lận giả mạo.";https://www.thegioididong.com/dong-ho-thong-minh/apple-watch-ultra-3-gps-cellular-49mm-vien-titanium-day-ocean;Skipped
Apple Watch Ultra 3 GPS + Cellular 49mm viền Titanium dây Ocean;Titan tự nhiên;Yes;23990000;23490000;2026-03-29;Khuyến mãi                      Giá và khuyến mãi dự kiến áp dụng đến 23:00 | 31/03                                                                         1                                              Đặc biệt giảm đến 10% tối đa 5 triệu khi thanh toán qua Kredivo (chỉ áp dụng đơn hàng có lãi suất)  (Xem chi tiết tại đây)                                                            2                                              Nhập mã VNPAY0126 giảm tối đa 100,000đ (áp dụng tùy giá trị đơn hàng) khi thanh toán qua VNPAY-QR  (Xem chi tiết tại đây);"Áp dụng cho sản phẩm từ 10 triệu trở lên | Chỉ áp dụng khi thanh toán bằng thẻ có đầu số:  521251 | Mỗi chủ thẻ được hưởng ưu đãi 2 lần trong suốt thời gian chương trình. | Áp dụng đồng thời với các chương trình khuyến mãi khác. | Ưu đãi không quy đổi ra tiền mặt, sản phẩm hay chuyển nhượng. | Chương trình không áp dụng đối với giao dịch hủy, hay hoàn tiền kể cả hoàn tiền một phần. Giao dịch phải thỏa điều kiện giao dịch thành công, không thuộc trường hợp gian lận giả mạo. | Áp dụng cho sản phẩm từ 5.000.000₫ trở lên. | Thời gian khuyến mãi: Từ 01/10/2025 đến 31/03/2026. | Chỉ áp dụng khi thanh toán bằng thẻ có đầu số: 539597; 539146; 356554 | Mỗi chủ thẻ được hưởng ưu đãi 1 lần trong suốt thời gian chương trình. | Áp dụng đồng thời với các chương trình khuyến mãi khác. | Ưu đãi không quy đổi ra tiền mặt, sản phẩm hay chuyển nhượng. | Chương trình không áp dụng đối với giao dịch hủy, hay hoàn tiền. Giao dịch phải thỏa điều kiện giao dịch thành công, không thuộc trường hợp gian lận giả mạo.";https://www.thegioididong.com/dong-ho-thong-minh/apple-watch-ultra-3-gps-cellular-49mm-vien-titanium-day-ocean;Skipped
iPhone 13 128GB;Đen;Yes;360000;13990000;2026-03-29;Khuyến mãi                      Giá và khuyến mãi dự kiến áp dụng đến 23:00 | 31/03                                                                         1                                          Chọn 1 trong các khuyến mãi:                                                      Giảm giá 2,000,000đ (đã giảm vào giá sản phẩm)                                                                               Tặng PMH Phụ Kiện, Smartwatch, đồng hồ thời trang (trừ Apple, Beats) trị giá 2,500,000đ                                                                                     2                                              Tặng phiếu mua hàng Apple Watch trị giá 1,000,000đ                                                            3                                              Tặng phiếu mua hàng Macbook (trừ Macbook Air M5 và Macbook Neo) trị giá 1,000,000đ                                                            4                                              Phiếu mua hàng Airpods trị giá 500.000đ                                                            5                                              Tặng Phiếu mua hàng mua Smartwatch (trừ Apple, giá trên 5.000.000đ) trị giá 500.000đ                                                            6                                              Phiếu mua hàng mua sim Vina Bùm Data 12T trị giá 500,000đ                                                            7                                              Thu cũ đổi mới: Giảm đến 2,000,000đ (Không kèm ưu đãi thanh toán qua cổng, mua kèm)  Xem chi tiết                                                            8                                              Đặc biệt giảm đến 10% tối đa 5 triệu khi thanh toán qua Kredivo (chỉ áp dụng đơn hàng có lãi suất)  (Xem chi tiết tại đây)                                                            9                                              Nhập mã VNPAY0126 giảm tối đa 100,000đ (áp dụng tùy giá trị đơn hàng) khi thanh toán qua VNPAY-QR  (Xem chi tiết tại đây);"Áp dụng cho sản phẩm từ 10 triệu trở lên | Chỉ áp dụng khi thanh toán bằng thẻ có đầu số:  521251 | Mỗi chủ thẻ được hưởng ưu đãi 2 lần trong suốt thời gian chương trình. | Áp dụng đồng thời với các chương trình khuyến mãi khác. | Ưu đãi không quy đổi ra tiền mặt, sản phẩm hay chuyển nhượng. | Chương trình không áp dụng đối với giao dịch hủy, hay hoàn tiền kể cả hoàn tiền một phần. Giao dịch phải thỏa điều kiện giao dịch thành công, không thuộc trường hợp gian lận giả mạo. | Áp dụng cho sản phẩm từ 5.000.000₫ trở lên. | Thời gian khuyến mãi: Từ 01/10/2025 đến 31/03/2026. | Chỉ áp dụng khi thanh toán bằng thẻ có đầu số: 539597; 539146; 356554 | Mỗi chủ thẻ được hưởng ưu đãi 1 lần trong suốt thời gian chương trình. | Áp dụng đồng thời với các chương trình khuyến mãi khác. | Ưu đãi không quy đổi ra tiền mặt, sản phẩm hay chuyển nhượng. | Chương trình không áp dụng đối với giao dịch hủy, hay hoàn tiền. Giao dịch phải thỏa điều kiện giao dịch thành công, không thuộc trường hợp gian lận giả mạo.";https://www.thegioididong.com/dtdd/iphone-13;Skipped
Apple Watch Ultra 3 GPS + Cellular 49mm viền Titanium dây Ocean;Titan đen;Yes;23990000;23490000;2026-03-29;Khuyến mãi                      Giá và khuyến mãi dự kiến áp dụng đến 23:00 | 31/03                                                                         1                                              Đặc biệt giảm đến 10% tối đa 5 triệu khi thanh toán qua Kredivo (chỉ áp dụng đơn hàng có lãi suất)  (Xem chi tiết tại đây)                                                            2                                              Nhập mã VNPAY0126 giảm tối đa 100,000đ (áp dụng tùy giá trị đơn hàng) khi thanh toán qua VNPAY-QR  (Xem chi tiết tại đây);"Áp dụng cho sản phẩm từ 10 triệu trở lên | Chỉ áp dụng khi thanh toán bằng thẻ có đầu số:  521251 | Mỗi chủ thẻ được hưởng ưu đãi 2 lần trong suốt thời gian chương trình. | Áp dụng đồng thời với các chương trình khuyến mãi khác. | Ưu đãi không quy đổi ra tiền mặt, sản phẩm hay chuyển nhượng. | Chương trình không áp dụng đối với giao dịch hủy, hay hoàn tiền kể cả hoàn tiền một phần. Giao dịch phải thỏa điều kiện giao dịch thành công, không thuộc trường hợp gian lận giả mạo. | Áp dụng cho sản phẩm từ 5.000.000₫ trở lên. | Thời gian khuyến mãi: Từ 01/10/2025 đến 31/03/2026. | Chỉ áp dụng khi thanh toán bằng thẻ có đầu số: 539597; 539146; 356554 | Mỗi chủ thẻ được hưởng ưu đãi 1 lần trong suốt thời gian chương trình. | Áp dụng đồng thời với các chương trình khuyến mãi khác. | Ưu đãi không quy đổi ra tiền mặt, sản phẩm hay chuyển nhượng. | Chương trình không áp dụng đối với giao dịch hủy, hay hoàn tiền. Giao dịch phải thỏa điều kiện giao dịch thành công, không thuộc trường hợp gian lận giả mạo.";https://www.thegioididong.com/dong-ho-thong-minh/apple-watch-ultra-3-gps-cellular-49mm-vien-titanium-day-ocean;Skipped
Apple Watch Ultra 3 GPS + Cellular 49mm viền Titanium dây Ocean;Titan tự nhiên;Yes;23990000;23490000;2026-03-29;Khuyến mãi                      Giá và khuyến mãi dự kiến áp dụng đến 23:00 | 31/03                                                                         1                                              Đặc biệt giảm đến 10% tối đa 5 triệu khi thanh toán qua Kredivo (chỉ áp dụng đơn hàng có lãi suất)  (Xem chi tiết tại đây)                                                            2                                              Nhập mã VNPAY0126 giảm tối đa 100,000đ (áp dụng tùy giá trị đơn hàng) khi thanh toán qua VNPAY-QR  (Xem chi tiết tại đây);"Áp dụng cho sản phẩm từ 10 triệu trở lên | Chỉ áp dụng khi thanh toán bằng thẻ có đầu số:  521251 | Mỗi chủ thẻ được hưởng ưu đãi 2 lần trong suốt thời gian chương trình. | Áp dụng đồng thời với các chương trình khuyến mãi khác. | Ưu đãi không quy đổi ra tiền mặt, sản phẩm hay chuyển nhượng. | Chương trình không áp dụng đối với giao dịch hủy, hay hoàn tiền kể cả hoàn tiền một phần. Giao dịch phải thỏa điều kiện giao dịch thành công, không thuộc trường hợp gian lận giả mạo. | Áp dụng cho sản phẩm từ 5.000.000₫ trở lên. | Thời gian khuyến mãi: Từ 01/10/2025 đến 31/03/2026. | Chỉ áp dụng khi thanh toán bằng thẻ có đầu số: 539597; 539146; 356554 | Mỗi chủ thẻ được hưởng ưu đãi 1 lần trong suốt thời gian chương trình. | Áp dụng đồng thời với các chương trình khuyến mãi khác. | Ưu đãi không quy đổi ra tiền mặt, sản phẩm hay chuyển nhượng. | Chương trình không áp dụng đối với giao dịch hủy, hay hoàn tiền. Giao dịch phải thỏa điều kiện giao dịch thành công, không thuộc trường hợp gian lận giả mạo.";https://www.thegioididong.com/dong-ho-thong-minh/apple-watch-ultra-3-gps-cellular-49mm-vien-titanium-day-ocean;Skipped
iPhone 13 128GB;Trắng;Yes;360000;13990000;2026-03-29;Khuyến mãi                      Giá và khuyến mãi dự kiến áp dụng đến 23:00 | 31/03                                                                         1                                          Chọn 1 trong các khuyến mãi:                                                      Giảm giá 2,000,000đ (đã giảm vào giá sản phẩm)                                                                               Tặng PMH Phụ Kiện, Smartwatch, đồng hồ thời trang (trừ Apple, Beats) trị giá 2,500,000đ                                                                                     2                                              Tặng phiếu mua hàng Apple Watch trị giá 1,000,000đ                                                            3                                              Tặng phiếu mua hàng Macbook (trừ Macbook Air M5 và Macbook Neo) trị giá 1,000,000đ                                                            4                                              Phiếu mua hàng Airpods trị giá 500.000đ                                                            5                                              Tặng Phiếu mua hàng mua Smartwatch (trừ Apple, giá trên 5.000.000đ) trị giá 500.000đ                                                            6                                              Phiếu mua hàng mua sim Vina Bùm Data 12T trị giá 500,000đ                                                            7                                              Thu cũ đổi mới: Giảm đến 2,000,000đ (Không kèm ưu đãi thanh toán qua cổng, mua kèm)  Xem chi tiết                                                            8                                              Đặc biệt giảm đến 10% tối đa 5 triệu khi thanh toán qua Kredivo (chỉ áp dụng đơn hàng có lãi suất)  (Xem chi tiết tại đây)                                                            9                                              Nhập mã VNPAY0126 giảm tối đa 100,000đ (áp dụng tùy giá trị đơn hàng) khi thanh toán qua VNPAY-QR  (Xem chi tiết tại đây);"Áp dụng cho sản phẩm từ 10 triệu trở lên | Chỉ áp dụng khi thanh toán bằng thẻ có đầu số:  521251 | Mỗi chủ thẻ được hưởng ưu đãi 2 lần trong suốt thời gian chương trình. | Áp dụng đồng thời với các chương trình khuyến mãi khác. | Ưu đãi không quy đổi ra tiền mặt, sản phẩm hay chuyển nhượng. | Chương trình không áp dụng đối với giao dịch hủy, hay hoàn tiền kể cả hoàn tiền một phần. Giao dịch phải thỏa điều kiện giao dịch thành công, không thuộc trường hợp gian lận giả mạo. | Áp dụng cho sản phẩm từ 5.000.000₫ trở lên. | Thời gian khuyến mãi: Từ 01/10/2025 đến 31/03/2026. | Chỉ áp dụng khi thanh toán bằng thẻ có đầu số: 539597; 539146; 356554 | Mỗi chủ thẻ được hưởng ưu đãi 1 lần trong suốt thời gian chương trình. | Áp dụng đồng thời với các chương trình khuyến mãi khác. | Ưu đãi không quy đổi ra tiền mặt, sản phẩm hay chuyển nhượng. | Chương trình không áp dụng đối với giao dịch hủy, hay hoàn tiền. Giao dịch phải thỏa điều kiện giao dịch thành công, không thuộc trường hợp gian lận giả mạo.";https://www.thegioididong.com/dtdd/iphone-13;Skipped
Error getting name;Titan xám;No;0;0;2026-03-29;;;https://www.thegioididong.com/dong-ho-thong-minh/apple-watch-series-11-gps-cellular-42mm-vien-titanium-day-milan;DEBUG_OOS_Error getting name_Titan xám_081434.png
iPhone 14 128GB;Xanh Dương;Yes;100000;16990000;2026-03-29;Khuyến mãi                      Giá và khuyến mãi dự kiến áp dụng đến 23:00 | 31/03                                                                         1                                          Chọn 1 trong các khuyến mãi:                                                      Giảm giá 3,000,000đ (đã giảm vào giá sản phẩm)                                                                               Tặng PMH Phụ Kiện, Smartwatch, đồng hồ thời trang (trừ Apple, Beats) trị giá 3,600,000đ                                                                                     2                                              Tặng phiếu mua hàng Apple Watch trị giá 1,000,000đ                                                            3                                              Tặng phiếu mua hàng Macbook (trừ Macbook Air M5 và Macbook Neo) trị giá 1,000,000đ                                                            4                                              Phiếu mua hàng Airpods trị giá 500.000đ                                                            5                                              Tặng Phiếu mua hàng mua Smartwatch (trừ Apple, giá trên 5.000.000đ) trị giá 500.000đ                                                            6                                              Phiếu mua hàng mua sim Vina Bùm Data 12T trị giá 500,000đ                                                            7                                              Thu cũ đổi mới: Giảm đến 2,000,000đ (Không kèm ưu đãi thanh toán qua cổng, mua kèm)  Xem chi tiết                                                            8                                              Đặc biệt giảm đến 10% tối đa 5 triệu khi thanh toán qua Kredivo (chỉ áp dụng đơn hàng có lãi suất)  (Xem chi tiết tại đây)                                                            9                                              Nhập mã VNPAY0126 giảm tối đa 100,000đ (áp dụng tùy giá trị đơn hàng) khi thanh toán qua VNPAY-QR  (Xem chi tiết tại đây);"Áp dụng cho sản phẩm từ 10 triệu trở lên | Chỉ áp dụng khi thanh toán bằng thẻ có đầu số:  521251 | Mỗi chủ thẻ được hưởng ưu đãi 2 lần trong suốt thời gian chương trình. | Áp dụng đồng thời với các chương trình khuyến mãi khác. | Ưu đãi không quy đổi ra tiền mặt, sản phẩm hay chuyển nhượng. | Chương trình không áp dụng đối với giao dịch hủy, hay hoàn tiền kể cả hoàn tiền một phần. Giao dịch phải thỏa điều kiện giao dịch thành công, không thuộc trường hợp gian lận giả mạo. | Áp dụng cho sản phẩm từ 5.000.000₫ trở lên. | Thời gian khuyến mãi: Từ 01/10/2025 đến 31/03/2026. | Chỉ áp dụng khi thanh toán bằng thẻ có đầu số: 539597; 539146; 356554 | Mỗi chủ thẻ được hưởng ưu đãi 1 lần trong suốt thời gian chương trình. | Áp dụng đồng thời với các chương trình khuyến mãi khác. | Ưu đãi không quy đổi ra tiền mặt, sản phẩm hay chuyển nhượng. | Chương trình không áp dụng đối với giao dịch hủy, hay hoàn tiền. Giao dịch phải thỏa điều kiện giao dịch thành công, không thuộc trường hợp gian lận giả mạo.";https://www.thegioididong.com/dtdd/iphone-14;Skipped
iPhone 13 128GB;Đen;Yes;360000;13990000;2026-03-29;Khuyến mãi                      Giá và khuyến mãi dự kiến áp dụng đến 23:00 | 31/03                                                                         1                                          Chọn 1 trong các khuyến mãi:                                                      Giảm giá 2,000,000đ (đã giảm vào giá sản phẩm)                                                                               Tặng PMH Phụ Kiện, Smartwatch, đồng hồ thời trang (trừ Apple, Beats) trị giá 2,500,000đ                                                                                     2                                              Tặng phiếu mua hàng Apple Watch trị giá 1,000,000đ                                                            3                                              Tặng phiếu mua hàng Macbook (trừ Macbook Air M5 và Macbook Neo) trị giá 1,000,000đ                                                            4                                              Phiếu mua hàng Airpods trị giá 500.000đ                                                            5                                              Tặng Phiếu mua hàng mua Smartwatch (trừ Apple, giá trên 5.000.000đ) trị giá 500.000đ                                                            6                                              Phiếu mua hàng mua sim Vina Bùm Data 12T trị giá 500,000đ                                                            7                                              Thu cũ đổi mới: Giảm đến 2,000,000đ (Không kèm ưu đãi thanh toán qua cổng, mua kèm)  Xem chi tiết                                                            8                                              Đặc biệt giảm đến 10% tối đa 5 triệu khi thanh toán qua Kredivo (chỉ áp dụng đơn hàng có lãi suất)  (Xem chi tiết tại đây)                                                            9                                              Nhập mã VNPAY0126 giảm tối đa 100,000đ (áp dụng tùy giá trị đơn hàng) khi thanh toán qua VNPAY-QR  (Xem chi tiết tại đây);"Áp dụng cho sản phẩm từ 10 triệu trở lên | Chỉ áp dụng khi thanh toán bằng thẻ có đầu số:  521251 | Mỗi chủ thẻ được hưởng ưu đãi 2 lần trong suốt thời gian chương trình. | Áp dụng đồng thời với các chương trình khuyến mãi khác. | Ưu đãi không quy đổi ra tiền mặt, sản phẩm hay chuyển nhượng. | Chương trình không áp dụng đối với giao dịch hủy, hay hoàn tiền kể cả hoàn tiền một phần. Giao dịch phải thỏa điều kiện giao dịch thành công, không thuộc trường hợp gian lận giả mạo. | Áp dụng cho sản phẩm từ 5.000.000₫ trở lên. | Thời gian khuyến mãi: Từ 01/10/2025 đến 31/03/2026. | Chỉ áp dụng khi thanh toán bằng thẻ có đầu số: 539597; 539146; 356554 | Mỗi chủ thẻ được hưởng ưu đãi 1 lần trong suốt thời gian chương trình. | Áp dụng đồng thời với các chương trình khuyến mãi khác. | Ưu đãi không quy đổi ra tiền mặt, sản phẩm hay chuyển nhượng. | Chương trình không áp dụng đối với giao dịch hủy, hay hoàn tiền. Giao dịch phải thỏa điều kiện giao dịch thành công, không thuộc trường hợp gian lận giả mạo.";https://www.thegioididong.com/dtdd/iphone-13;Skipped
iPhone 14 128GB;Trắng;Yes;100000;16990000;2026-03-29;Khuyến mãi                      Giá và khuyến mãi dự kiến áp dụng đến 23:00 | 31/03                                                                         1                                          Chọn 1 trong các khuyến mãi:                                                      Giảm giá 3,000,000đ (đã giảm vào giá sản phẩm)                                                                               Tặng PMH Phụ Kiện, Smartwatch, đồng hồ thời trang (trừ Apple, Beats) trị giá 3,600,000đ                                                                                     2                                              Tặng phiếu mua hàng Apple Watch trị giá 1,000,000đ                                                            3                                              Tặng phiếu mua hàng Macbook (trừ Macbook Air M5 và Macbook Neo) trị giá 1,000,000đ                                                            4                                              Phiếu mua hàng Airpods trị giá 500.000đ                                                            5                                              Tặng Phiếu mua hàng mua Smartwatch (trừ Apple, giá trên 5.000.000đ) trị giá 500.000đ                                                            6                                              Phiếu mua hàng mua sim Vina Bùm Data 12T trị giá 500,000đ                                                            7                                              Thu cũ đổi mới: Giảm đến 2,000,000đ (Không kèm ưu đãi thanh toán qua cổng, mua kèm)  Xem chi tiết                                                            8                                              Đặc biệt giảm đến 10% tối đa 5 triệu khi thanh toán qua Kredivo (chỉ áp dụng đơn hàng có lãi suất)  (Xem chi tiết tại đây)                                                            9                                              Nhập mã VNPAY0126 giảm tối đa 100,000đ (áp dụng tùy giá trị đơn hàng) khi thanh toán qua VNPAY-QR  (Xem chi tiết tại đây);"Áp dụng cho sản phẩm từ 10 triệu trở lên | Chỉ áp dụng khi thanh toán bằng thẻ có đầu số:  521251 | Mỗi chủ thẻ được hưởng ưu đãi 2 lần trong suốt thời gian chương trình. | Áp dụng đồng thời với các chương trình khuyến mãi khác. | Ưu đãi không quy đổi ra tiền mặt, sản phẩm hay chuyển nhượng. | Chương trình không áp dụng đối với giao dịch hủy, hay hoàn tiền kể cả hoàn tiền một phần. Giao dịch phải thỏa điều kiện giao dịch thành công, không thuộc trường hợp gian lận giả mạo. | Áp dụng cho sản phẩm từ 5.000.000₫ trở lên. | Thời gian khuyến mãi: Từ 01/10/2025 đến 31/03/2026. | Chỉ áp dụng khi thanh toán bằng thẻ có đầu số: 539597; 539146; 356554 | Mỗi chủ thẻ được hưởng ưu đãi 1 lần trong suốt thời gian chương trình. | Áp dụng đồng thời với các chương trình khuyến mãi khác. | Ưu đãi không quy đổi ra tiền mặt, sản phẩm hay chuyển nhượng. | Chương trình không áp dụng đối với giao dịch hủy, hay hoàn tiền. Giao dịch phải thỏa điều kiện giao dịch thành công, không thuộc trường hợp gian lận giả mạo.";https://www.thegioididong.com/dtdd/iphone-14;Skipped
iPhone 13 128GB;Trắng;Yes;360000;13990000;2026-03-29;Khuyến mãi                      Giá và khuyến mãi dự kiến áp dụng đến 23:00 | 31/03                                                                         1                                          Chọn 1 trong các khuyến mãi:                                                      Giảm giá 2,000,000đ (đã giảm vào giá sản phẩm)                                                                               Tặng PMH Phụ Kiện, Smartwatch, đồng hồ thời trang (trừ Apple, Beats) trị giá 2,500,000đ                                                                                     2                                              Tặng phiếu mua hàng Apple Watch trị giá 1,000,000đ                                                            3                                              Tặng phiếu mua hàng Macbook (trừ Macbook Air M5 và Macbook Neo) trị giá 1,000,000đ                                                            4                                              Phiếu mua hàng Airpods trị giá 500.000đ                                                            5                                              Tặng Phiếu mua hàng mua Smartwatch (trừ Apple, giá trên 5.000.000đ) trị giá 500.000đ                                                            6                                              Phiếu mua hàng mua sim Vina Bùm Data 12T trị giá 500,000đ                                                            7                                              Thu cũ đổi mới: Giảm đến 2,000,000đ (Không kèm ưu đãi thanh toán qua cổng, mua kèm)  Xem chi tiết                                                            8                                              Đặc biệt giảm đến 10% tối đa 5 triệu khi thanh toán qua Kredivo (chỉ áp dụng đơn hàng có lãi suất)  (Xem chi tiết tại đây)                                                            9                                              Nhập mã VNPAY0126 giảm tối đa 100,000đ (áp dụng tùy giá trị đơn hàng) khi thanh toán qua VNPAY-QR  (Xem chi tiết tại đây);"Áp dụng cho sản phẩm từ 10 triệu trở lên | Chỉ áp dụng khi thanh toán bằng thẻ có đầu số:  521251 | Mỗi chủ thẻ được hưởng ưu đãi 2 lần trong suốt thời gian chương trình. | Áp dụng đồng thời với các chương trình khuyến mãi khác. | Ưu đãi không quy đổi ra tiền mặt, sản phẩm hay chuyển nhượng. | Chương trình không áp dụng đối với giao dịch hủy, hay hoàn tiền kể cả hoàn tiền một phần. Giao dịch phải thỏa điều kiện giao dịch thành công, không thuộc trường hợp gian lận giả mạo. | Áp dụng cho sản phẩm từ 5.000.000₫ trở lên. | Thời gian khuyến mãi: Từ 01/10/2025 đến 31/03/2026. | Chỉ áp dụng khi thanh toán bằng thẻ có đầu số: 539597; 539146; 356554 | Mỗi chủ thẻ được hưởng ưu đãi 1 lần trong suốt thời gian chương trình. | Áp dụng đồng thời với các chương trình khuyến mãi khác. | Ưu đãi không quy đổi ra tiền mặt, sản phẩm hay chuyển nhượng. | Chương trình không áp dụng đối với giao dịch hủy, hay hoàn tiền. Giao dịch phải thỏa điều kiện giao dịch thành công, không thuộc trường hợp gian lận giả mạo.";https://www.thegioididong.com/dtdd/iphone-13;Skipped
iPhone 14 128GB;Đen;Yes;100000;16990000;2026-03-29;Khuyến mãi                      Giá và khuyến mãi dự kiến áp dụng đến 23:00 | 31/03                                                                         1                                          Chọn 1 trong các khuyến mãi:                                                      Giảm giá 3,000,000đ (đã giảm vào giá sản phẩm)                                                                               Tặng PMH Phụ Kiện, Smartwatch, đồng hồ thời trang (trừ Apple, Beats) trị giá 3,600,000đ                                                                                     2                                              Tặng phiếu mua hàng Apple Watch trị giá 1,000,000đ                                                            3                                              Tặng phiếu mua hàng Macbook (trừ Macbook Air M5 và Macbook Neo) trị giá 1,000,000đ                                                            4                                              Phiếu mua hàng Airpods trị giá 500.000đ                                                            5                                              Tặng Phiếu mua hàng mua Smartwatch (trừ Apple, giá trên 5.000.000đ) trị giá 500.000đ                                                            6                                              Phiếu mua hàng mua sim Vina Bùm Data 12T trị giá 500,000đ                                                            7                                              Thu cũ đổi mới: Giảm đến 2,000,000đ (Không kèm ưu đãi thanh toán qua cổng, mua kèm)  Xem chi tiết                                                            8                                              Đặc biệt giảm đến 10% tối đa 5 triệu khi thanh toán qua Kredivo (chỉ áp dụng đơn hàng có lãi suất)  (Xem chi tiết tại đây)                                                            9                                              Nhập mã VNPAY0126 giảm tối đa 100,000đ (áp dụng tùy giá trị đơn hàng) khi thanh toán qua VNPAY-QR  (Xem chi tiết tại đây);"Áp dụng cho sản phẩm từ 10 triệu trở lên | Chỉ áp dụng khi thanh toán bằng thẻ có đầu số:  521251 | Mỗi chủ thẻ được hưởng ưu đãi 2 lần trong suốt thời gian chương trình. | Áp dụng đồng thời với các chương trình khuyến mãi khác. | Ưu đãi không quy đổi ra tiền mặt, sản phẩm hay chuyển nhượng. | Chương trình không áp dụng đối với giao dịch hủy, hay hoàn tiền kể cả hoàn tiền một phần. Giao dịch phải thỏa điều kiện giao dịch thành công, không thuộc trường hợp gian lận giả mạo. | Áp dụng cho sản phẩm từ 5.000.000₫ trở lên. | Thời gian khuyến mãi: Từ 01/10/2025 đến 31/03/2026. | Chỉ áp dụng khi thanh toán bằng thẻ có đầu số: 539597; 539146; 356554 | Mỗi chủ thẻ được hưởng ưu đãi 1 lần trong suốt thời gian chương trình. | Áp dụng đồng thời với các chương trình khuyến mãi khác. | Ưu đãi không quy đổi ra tiền mặt, sản phẩm hay chuyển nhượng. | Chương trình không áp dụng đối với giao dịch hủy, hay hoàn tiền. Giao dịch phải thỏa điều kiện giao dịch thành công, không thuộc trường hợp gian lận giả mạo.";https://www.thegioididong.com/dtdd/iphone-14;Skipped
iPhone 15 128GB;Xanh dương nhạt;Yes;340000;18990000;2026-03-29;Khuyến mãi                      Giá và khuyến mãi dự kiến áp dụng đến 23:00 | 31/03                                                                         1                                          Chọn 1 trong các khuyến mãi:                                                      Giảm giá 1,000,000đ (đã giảm vào giá sản phẩm)                                                                               Tặng PMH Phụ Kiện, Smartwatch, đồng hồ thời trang (trừ Apple, Beats) trị giá 1,300,000đ                                                                                     2                                              Tặng phiếu mua hàng Apple Watch trị giá 1,000,000đ                                                            3                                              Tặng phiếu mua hàng Macbook (trừ Macbook Air M5 và Macbook Neo) trị giá 1,000,000đ                                                            4                                              Phiếu mua hàng Airpods trị giá 500.000đ                                                            5                                              Tặng Phiếu mua hàng mua Smartwatch (trừ Apple, giá trên 5.000.000đ) trị giá 500.000đ                                                            6                                              Phiếu mua hàng mua sim Vina Bùm Data 12T trị giá 500,000đ                                                            7                                              Thu cũ đổi mới: Giảm đến 2,000,000đ (Không kèm ưu đãi thanh toán qua cổng, mua kèm)  Xem chi tiết                                                            8                                              Đặc biệt giảm đến 10% tối đa 5 triệu khi thanh toán qua Kredivo (chỉ áp dụng đơn hàng có lãi suất)  (Xem chi tiết tại đây)                                                            9                                              Nhập mã VNPAY0126 giảm tối đa 100,000đ (áp dụng tùy giá trị đơn hàng) khi thanh toán qua VNPAY-QR  (Xem chi tiết tại đây);"Áp dụng cho sản phẩm từ 10 triệu trở lên | Chỉ áp dụng khi thanh toán bằng thẻ có đầu số:  521251 | Mỗi chủ thẻ được hưởng ưu đãi 2 lần trong suốt thời gian chương trình. | Áp dụng đồng thời với các chương trình khuyến mãi khác. | Ưu đãi không quy đổi ra tiền mặt, sản phẩm hay chuyển nhượng. | Chương trình không áp dụng đối với giao dịch hủy, hay hoàn tiền kể cả hoàn tiền một phần. Giao dịch phải thỏa điều kiện giao dịch thành công, không thuộc trường hợp gian lận giả mạo. | Áp dụng cho sản phẩm từ 5.000.000₫ trở lên. | Thời gian khuyến mãi: Từ 01/10/2025 đến 31/03/2026. | Chỉ áp dụng khi thanh toán bằng thẻ có đầu số: 539597; 539146; 356554 | Mỗi chủ thẻ được hưởng ưu đãi 1 lần trong suốt thời gian chương trình. | Áp dụng đồng thời với các chương trình khuyến mãi khác. | Ưu đãi không quy đổi ra tiền mặt, sản phẩm hay chuyển nhượng. | Chương trình không áp dụng đối với giao dịch hủy, hay hoàn tiền. Giao dịch phải thỏa điều kiện giao dịch thành công, không thuộc trường hợp gian lận giả mạo.";https://www.thegioididong.com/dtdd/iphone-15;Skipped
iPhone 14 128GB;Xanh Dương;Yes;100000;16990000;2026-03-29;Khuyến mãi                      Giá và khuyến mãi dự kiến áp dụng đến 23:00 | 31/03                                                                         1                                          Chọn 1 trong các khuyến mãi:                                                      Giảm giá 3,000,000đ (đã giảm vào giá sản phẩm)                                                                               Tặng PMH Phụ Kiện, Smartwatch, đồng hồ thời trang (trừ Apple, Beats) trị giá 3,600,000đ                                                                                     2                                              Tặng phiếu mua hàng Apple Watch trị giá 1,000,000đ                                                            3                                              Tặng phiếu mua hàng Macbook (trừ Macbook Air M5 và Macbook Neo) trị giá 1,000,000đ                                                            4                                              Phiếu mua hàng Airpods trị giá 500.000đ                                                            5                                              Tặng Phiếu mua hàng mua Smartwatch (trừ Apple, giá trên 5.000.000đ) trị giá 500.000đ                                                            6                                              Phiếu mua hàng mua sim Vina Bùm Data 12T trị giá 500,000đ                                                            7                                              Thu cũ đổi mới: Giảm đến 2,000,000đ (Không kèm ưu đãi thanh toán qua cổng, mua kèm)  Xem chi tiết                                                            8                                              Đặc biệt giảm đến 10% tối đa 5 triệu khi thanh toán qua Kredivo (chỉ áp dụng đơn hàng có lãi suất)  (Xem chi tiết tại đây)                                                            9                                              Nhập mã VNPAY0126 giảm tối đa 100,000đ (áp dụng tùy giá trị đơn hàng) khi thanh toán qua VNPAY-QR  (Xem chi tiết tại đây);"Áp dụng cho sản phẩm từ 10 triệu trở lên | Chỉ áp dụng khi thanh toán bằng thẻ có đầu số:  521251 | Mỗi chủ thẻ được hưởng ưu đãi 2 lần trong suốt thời gian chương trình. | Áp dụng đồng thời với các chương trình khuyến mãi khác. | Ưu đãi không quy đổi ra tiền mặt, sản phẩm hay chuyển nhượng. | Chương trình không áp dụng đối với giao dịch hủy, hay hoàn tiền kể cả hoàn tiền một phần. Giao dịch phải thỏa điều kiện giao dịch thành công, không thuộc trường hợp gian lận giả mạo. | Áp dụng cho sản phẩm từ 5.000.000₫ trở lên. | Thời gian khuyến mãi: Từ 01/10/2025 đến 31/03/2026. | Chỉ áp dụng khi thanh toán bằng thẻ có đầu số: 539597; 539146; 356554 | Mỗi chủ thẻ được hưởng ưu đãi 1 lần trong suốt thời gian chương trình. | Áp dụng đồng thời với các chương trình khuyến mãi khác. | Ưu đãi không quy đổi ra tiền mặt, sản phẩm hay chuyển nhượng. | Chương trình không áp dụng đối với giao dịch hủy, hay hoàn tiền. Giao dịch phải thỏa điều kiện giao dịch thành công, không thuộc trường hợp gian lận giả mạo.";https://www.thegioididong.com/dtdd/iphone-14;Skipped
iPhone 15 128GB;Xanh lá nhạt;Yes;340000;18990000;2026-03-29;Khuyến mãi                      Giá và khuyến mãi dự kiến áp dụng đến 23:00 | 31/03                                                                         1                                          Chọn 1 trong các khuyến mãi:                                                      Giảm giá 1,000,000đ (đã giảm vào giá sản phẩm)                                                                               Tặng PMH Phụ Kiện, Smartwatch, đồng hồ thời trang (trừ Apple, Beats) trị giá 1,300,000đ                                                                                     2                                              Tặng phiếu mua hàng Apple Watch trị giá 1,000,000đ                                                            3                                              Tặng phiếu mua hàng Macbook (trừ Macbook Air M5 và Macbook Neo) trị giá 1,000,000đ                                                            4                                              Phiếu mua hàng Airpods trị giá 500.000đ                                                            5                                              Tặng Phiếu mua hàng mua Smartwatch (trừ Apple, giá trên 5.000.000đ) trị giá 500.000đ                                                            6                                              Phiếu mua hàng mua sim Vina Bùm Data 12T trị giá 500,000đ                                                            7                                              Thu cũ đổi mới: Giảm đến 2,000,000đ (Không kèm ưu đãi thanh toán qua cổng, mua kèm)  Xem chi tiết                                                            8                                              Đặc biệt giảm đến 10% tối đa 5 triệu khi thanh toán qua Kredivo (chỉ áp dụng đơn hàng có lãi suất)  (Xem chi tiết tại đây)                                                            9                                              Nhập mã VNPAY0126 giảm tối đa 100,000đ (áp dụng tùy giá trị đơn hàng) khi thanh toán qua VNPAY-QR  (Xem chi tiết tại đây);"Áp dụng cho sản phẩm từ 10 triệu trở lên | Chỉ áp dụng khi thanh toán bằng thẻ có đầu số:  521251 | Mỗi chủ thẻ được hưởng ưu đãi 2 lần trong suốt thời gian chương trình. | Áp dụng đồng thời với các chương trình khuyến mãi khác. | Ưu đãi không quy đổi ra tiền mặt, sản phẩm hay chuyển nhượng. | Chương trình không áp dụng đối với giao dịch hủy, hay hoàn tiền kể cả hoàn tiền một phần. Giao dịch phải thỏa điều kiện giao dịch thành công, không thuộc trường hợp gian lận giả mạo. | Áp dụng cho sản phẩm từ 5.000.000₫ trở lên. | Thời gian khuyến mãi: Từ 01/10/2025 đến 31/03/2026. | Chỉ áp dụng khi thanh toán bằng thẻ có đầu số: 539597; 539146; 356554 | Mỗi chủ thẻ được hưởng ưu đãi 1 lần trong suốt thời gian chương trình. | Áp dụng đồng thời với các chương trình khuyến mãi khác. | Ưu đãi không quy đổi ra tiền mặt, sản phẩm hay chuyển nhượng. | Chương trình không áp dụng đối với giao dịch hủy, hay hoàn tiền. Giao dịch phải thỏa điều kiện giao dịch thành công, không thuộc trường hợp gian lận giả mạo.";https://www.thegioididong.com/dtdd/iphone-15;Skipped
iPhone 15 Plus 128GB;Đen;Yes;340000;21990000;2026-03-29;Khuyến mãi                      Giá và khuyến mãi dự kiến áp dụng đến 23:00 | 31/03                                                                         1                                          Chọn 1 trong các khuyến mãi:                                                      Giảm giá 3,000,000đ (đã giảm vào giá sản phẩm)                                                                               Tặng PMH Phụ Kiện, Smartwatch, đồng hồ thời trang (trừ Apple, Beats) trị giá 3,600,000đ                                                                                     2                                              Tặng phiếu mua hàng Apple Watch trị giá 1,000,000đ                                                            3                                              Tặng phiếu mua hàng Macbook (trừ Macbook Air M5 và Macbook Neo) trị giá 1,000,000đ                                                            4                                              Phiếu mua hàng Airpods trị giá 500.000đ                                                            5                                              Tặng Phiếu mua hàng mua Smartwatch (trừ Apple, giá trên 5.000.000đ) trị giá 500.000đ                                                            6                                              Phiếu mua hàng mua sim Vina Bùm Data 12T trị giá 500,000đ                                                            7                                              Thu cũ đổi mới: Giảm đến 2,000,000đ (Không kèm ưu đãi thanh toán qua cổng, mua kèm)  Xem chi tiết                                                            8                                              Đặc biệt giảm đến 10% tối đa 5 triệu khi thanh toán qua Kredivo (chỉ áp dụng đơn hàng có lãi suất)  (Xem chi tiết tại đây)                                                            9                                              Nhập mã VNPAY0126 giảm tối đa 100,000đ (áp dụng tùy giá trị đơn hàng) khi thanh toán qua VNPAY-QR  (Xem chi tiết tại đây);"Áp dụng cho sản phẩm từ 10 triệu trở lên | Chỉ áp dụng khi thanh toán bằng thẻ có đầu số:  521251 | Mỗi chủ thẻ được hưởng ưu đãi 2 lần trong suốt thời gian chương trình. | Áp dụng đồng thời với các chương trình khuyến mãi khác. | Ưu đãi không quy đổi ra tiền mặt, sản phẩm hay chuyển nhượng. | Chương trình không áp dụng đối với giao dịch hủy, hay hoàn tiền kể cả hoàn tiền một phần. Giao dịch phải thỏa điều kiện giao dịch thành công, không thuộc trường hợp gian lận giả mạo. | Áp dụng cho sản phẩm từ 5.000.000₫ trở lên. | Thời gian khuyến mãi: Từ 01/10/2025 đến 31/03/2026. | Chỉ áp dụng khi thanh toán bằng thẻ có đầu số: 539597; 539146; 356554 | Mỗi chủ thẻ được hưởng ưu đãi 1 lần trong suốt thời gian chương trình. | Áp dụng đồng thời với các chương trình khuyến mãi khác. | Ưu đãi không quy đổi ra tiền mặt, sản phẩm hay chuyển nhượng. | Chương trình không áp dụng đối với giao dịch hủy, hay hoàn tiền. Giao dịch phải thỏa điều kiện giao dịch thành công, không thuộc trường hợp gian lận giả mạo.";https://www.thegioididong.com/dtdd/iphone-15-plus;Skipped
iPhone 15 Plus 128GB;Xanh dương nhạt;Yes;340000;21990000;2026-03-29;Khuyến mãi                      Giá và khuyến mãi dự kiến áp dụng đến 23:00 | 31/03                                                                         1                                          Chọn 1 trong các khuyến mãi:                                                      Giảm giá 3,000,000đ (đã giảm vào giá sản phẩm)                                                                               Tặng PMH Phụ Kiện, Smartwatch, đồng hồ thời trang (trừ Apple, Beats) trị giá 3,600,000đ                                                                                     2                                              Tặng phiếu mua hàng Apple Watch trị giá 1,000,000đ                                                            3                                              Tặng phiếu mua hàng Macbook (trừ Macbook Air M5 và Macbook Neo) trị giá 1,000,000đ                                                            4                                              Phiếu mua hàng Airpods trị giá 500.000đ                                                            5                                              Tặng Phiếu mua hàng mua Smartwatch (trừ Apple, giá trên 5.000.000đ) trị giá 500.000đ                                                            6                                              Phiếu mua hàng mua sim Vina Bùm Data 12T trị giá 500,000đ                                                            7                                              Thu cũ đổi mới: Giảm đến 2,000,000đ (Không kèm ưu đãi thanh toán qua cổng, mua kèm)  Xem chi tiết                                                            8                                              Đặc biệt giảm đến 10% tối đa 5 triệu khi thanh toán qua Kredivo (chỉ áp dụng đơn hàng có lãi suất)  (Xem chi tiết tại đây)                                                            9                                              Nhập mã VNPAY0126 giảm tối đa 100,000đ (áp dụng tùy giá trị đơn hàng) khi thanh toán qua VNPAY-QR  (Xem chi tiết tại đây);"Áp dụng cho sản phẩm từ 10 triệu trở lên | Chỉ áp dụng khi thanh toán bằng thẻ có đầu số:  521251 | Mỗi chủ thẻ được hưởng ưu đãi 2 lần trong suốt thời gian chương trình. | Áp dụng đồng thời với các chương trình khuyến mãi khác. | Ưu đãi không quy đổi ra tiền mặt, sản phẩm hay chuyển nhượng. | Chương trình không áp dụng đối với giao dịch hủy, hay hoàn tiền kể cả hoàn tiền một phần. Giao dịch phải thỏa điều kiện giao dịch thành công, không thuộc trường hợp gian lận giả mạo. | Áp dụng cho sản phẩm từ 5.000.000₫ trở lên. | Thời gian khuyến mãi: Từ 01/10/2025 đến 31/03/2026. | Chỉ áp dụng khi thanh toán bằng thẻ có đầu số: 539597; 539146; 356554 | Mỗi chủ thẻ được hưởng ưu đãi 1 lần trong suốt thời gian chương trình. | Áp dụng đồng thời với các chương trình khuyến mãi khác. | Ưu đãi không quy đổi ra tiền mặt, sản phẩm hay chuyển nhượng. | Chương trình không áp dụng đối với giao dịch hủy, hay hoàn tiền. Giao dịch phải thỏa điều kiện giao dịch thành công, không thuộc trường hợp gian lận giả mạo.";https://www.thegioididong.com/dtdd/iphone-15-plus;Skipped
Error getting name;Trắng;No;0;0;2026-03-29;;;https://www.thegioididong.com/dtdd/iphone-14;DEBUG_OOS_Error getting name_Trắng_081543.png
Error getting name;Hồng nhạt;No;0;0;2026-03-29;;;https://www.thegioididong.com/dtdd/iphone-15;DEBUG_OOS_Error getting name_Hồng nhạt_081546.png
iPhone 16 128GB;Xanh Lưu Ly;Yes;21990000;21290000;2026-03-29;Khuyến mãi              Giá và khuyến mãi có thể kết thúc sớm hơn dự kiến                                                                         1                                          Chọn 1 trong các khuyến mãi:                                                      Giảm giá 400,000đ (đã giảm vào giá sản phẩm)                                                                               Tặng PMH Phụ Kiện, Smartwatch, đồng hồ thời trang (trừ Apple, Beats) trị giá 500,000đ                                                                                     2                                              Tặng phiếu mua hàng Apple Watch trị giá 1,000,000đ                                                            3                                              Tặng phiếu mua hàng Macbook (trừ Macbook Air M5 và Macbook Neo) trị giá 1,000,000đ                                                            4                                              Phiếu mua hàng Airpods trị giá 500.000đ                                                            5                                              Tặng Phiếu mua hàng mua Smartwatch (trừ Apple, giá trên 5.000.000đ) trị giá 500.000đ                                                            6                                              Phiếu mua hàng mua sim Vina Bùm Data 12T trị giá 500,000đ                                                            7                                              Đặc biệt giảm đến 10% tối đa 5 triệu khi thanh toán qua Kredivo (chỉ áp dụng đơn hàng có lãi suất)  (Xem chi tiết tại đây)                                                            8                                              Nhập mã VNPAY0126 giảm tối đa 100,000đ (áp dụng tùy giá trị đơn hàng) khi thanh toán qua VNPAY-QR  (Xem chi tiết tại đây);"Áp dụng cho sản phẩm từ 10 triệu trở lên | Chỉ áp dụng khi thanh toán bằng thẻ có đầu số:  521251 | Mỗi chủ thẻ được hưởng ưu đãi 2 lần trong suốt thời gian chương trình. | Áp dụng đồng thời với các chương trình khuyến mãi khác. | Ưu đãi không quy đổi ra tiền mặt, sản phẩm hay chuyển nhượng. | Chương trình không áp dụng đối với giao dịch hủy, hay hoàn tiền kể cả hoàn tiền một phần. Giao dịch phải thỏa điều kiện giao dịch thành công, không thuộc trường hợp gian lận giả mạo. | Áp dụng cho sản phẩm từ 5.000.000₫ trở lên. | Thời gian khuyến mãi: Từ 01/10/2025 đến 31/03/2026. | Chỉ áp dụng khi thanh toán bằng thẻ có đầu số: 539597; 539146; 356554 | Mỗi chủ thẻ được hưởng ưu đãi 1 lần trong suốt thời gian chương trình. | Áp dụng đồng thời với các chương trình khuyến mãi khác. | Ưu đãi không quy đổi ra tiền mặt, sản phẩm hay chuyển nhượng. | Chương trình không áp dụng đối với giao dịch hủy, hay hoàn tiền. Giao dịch phải thỏa điều kiện giao dịch thành công, không thuộc trường hợp gian lận giả mạo.";https://www.thegioididong.com/dtdd/iphone-16;Skipped
iPhone 16 128GB;Đen;Yes;21990000;21290000;2026-03-29;Khuyến mãi              Giá và khuyến mãi có thể kết thúc sớm hơn dự kiến                                                                         1                                          Chọn 1 trong các khuyến mãi:                                                      Giảm giá 400,000đ (đã giảm vào giá sản phẩm)                                                                               Tặng PMH Phụ Kiện, Smartwatch, đồng hồ thời trang (trừ Apple, Beats) trị giá 500,000đ                                                                                     2                                              Tặng phiếu mua hàng Apple Watch trị giá 1,000,000đ                                                            3                                              Tặng phiếu mua hàng Macbook (trừ Macbook Air M5 và Macbook Neo) trị giá 1,000,000đ                                                            4                                              Phiếu mua hàng Airpods trị giá 500.000đ                                                            5                                              Tặng Phiếu mua hàng mua Smartwatch (trừ Apple, giá trên 5.000.000đ) trị giá 500.000đ                                                            6                                              Phiếu mua hàng mua sim Vina Bùm Data 12T trị giá 500,000đ                                                            7                                              Đặc biệt giảm đến 10% tối đa 5 triệu khi thanh toán qua Kredivo (chỉ áp dụng đơn hàng có lãi suất)  (Xem chi tiết tại đây)                                                            8                                              Nhập mã VNPAY0126 giảm tối đa 100,000đ (áp dụng tùy giá trị đơn hàng) khi thanh toán qua VNPAY-QR  (Xem chi tiết tại đây);"Áp dụng cho sản phẩm từ 10 triệu trở lên | Chỉ áp dụng khi thanh toán bằng thẻ có đầu số:  521251 | Mỗi chủ thẻ được hưởng ưu đãi 2 lần trong suốt thời gian chương trình. | Áp dụng đồng thời với các chương trình khuyến mãi khác. | Ưu đãi không quy đổi ra tiền mặt, sản phẩm hay chuyển nhượng. | Chương trình không áp dụng đối với giao dịch hủy, hay hoàn tiền kể cả hoàn tiền một phần. Giao dịch phải thỏa điều kiện giao dịch thành công, không thuộc trường hợp gian lận giả mạo. | Áp dụng cho sản phẩm từ 5.000.000₫ trở lên. | Thời gian khuyến mãi: Từ 01/10/2025 đến 31/03/2026. | Chỉ áp dụng khi thanh toán bằng thẻ có đầu số: 539597; 539146; 356554 | Mỗi chủ thẻ được hưởng ưu đãi 1 lần trong suốt thời gian chương trình. | Áp dụng đồng thời với các chương trình khuyến mãi khác. | Ưu đãi không quy đổi ra tiền mặt, sản phẩm hay chuyển nhượng. | Chương trình không áp dụng đối với giao dịch hủy, hay hoàn tiền. Giao dịch phải thỏa điều kiện giao dịch thành công, không thuộc trường hợp gian lận giả mạo.";https://www.thegioididong.com/dtdd/iphone-16;Skipped
iPhone 16 128GB;Hồng;Yes;21990000;21290000;2026-03-29;Khuyến mãi              Giá và khuyến mãi có thể kết thúc sớm hơn dự kiến                                                                         1                                          Chọn 1 trong các khuyến mãi:                                                      Giảm giá 400,000đ (đã giảm vào giá sản phẩm)                                                                               Tặng PMH Phụ Kiện, Smartwatch, đồng hồ thời trang (trừ Apple, Beats) trị giá 500,000đ                                                                                     2                                              Tặng phiếu mua hàng Apple Watch trị giá 1,000,000đ                                                            3                                              Tặng phiếu mua hàng Macbook (trừ Macbook Air M5 và Macbook Neo) trị giá 1,000,000đ                                                            4                                              Phiếu mua hàng Airpods trị giá 500.000đ                                                            5                                              Tặng Phiếu mua hàng mua Smartwatch (trừ Apple, giá trên 5.000.000đ) trị giá 500.000đ                                                            6                                              Phiếu mua hàng mua sim Vina Bùm Data 12T trị giá 500,000đ                                                            7                                              Đặc biệt giảm đến 10% tối đa 5 triệu khi thanh toán qua Kredivo (chỉ áp dụng đơn hàng có lãi suất)  (Xem chi tiết tại đây)                                                            8                                              Nhập mã VNPAY0126 giảm tối đa 100,000đ (áp dụng tùy giá trị đơn hàng) khi thanh toán qua VNPAY-QR  (Xem chi tiết tại đây);"Áp dụng cho sản phẩm từ 10 triệu trở lên | Chỉ áp dụng khi thanh toán bằng thẻ có đầu số:  521251 | Mỗi chủ thẻ được hưởng ưu đãi 2 lần trong suốt thời gian chương trình. | Áp dụng đồng thời với các chương trình khuyến mãi khác. | Ưu đãi không quy đổi ra tiền mặt, sản phẩm hay chuyển nhượng. | Chương trình không áp dụng đối với giao dịch hủy, hay hoàn tiền kể cả hoàn tiền một phần. Giao dịch phải thỏa điều kiện giao dịch thành công, không thuộc trường hợp gian lận giả mạo. | Áp dụng cho sản phẩm từ 5.000.000₫ trở lên. | Thời gian khuyến mãi: Từ 01/10/2025 đến 31/03/2026. | Chỉ áp dụng khi thanh toán bằng thẻ có đầu số: 539597; 539146; 356554 | Mỗi chủ thẻ được hưởng ưu đãi 1 lần trong suốt thời gian chương trình. | Áp dụng đồng thời với các chương trình khuyến mãi khác. | Ưu đãi không quy đổi ra tiền mặt, sản phẩm hay chuyển nhượng. | Chương trình không áp dụng đối với giao dịch hủy, hay hoàn tiền. Giao dịch phải thỏa điều kiện giao dịch thành công, không thuộc trường hợp gian lận giả mạo.";https://www.thegioididong.com/dtdd/iphone-16;Skipped
iPhone 16 128GB;Xanh Mòng Két;Yes;21990000;21290000;2026-03-29;Khuyến mãi              Giá và khuyến mãi có thể kết thúc sớm hơn dự kiến                                                                         1                                          Chọn 1 trong các khuyến mãi:                                                      Giảm giá 400,000đ (đã giảm vào giá sản phẩm)                                                                               Tặng PMH Phụ Kiện, Smartwatch, đồng hồ thời trang (trừ Apple, Beats) trị giá 500,000đ                                                                                     2                                              Tặng phiếu mua hàng Apple Watch trị giá 1,000,000đ                                                            3                                              Tặng phiếu mua hàng Macbook (trừ Macbook Air M5 và Macbook Neo) trị giá 1,000,000đ                                                            4                                              Phiếu mua hàng Airpods trị giá 500.000đ                                                            5                                              Tặng Phiếu mua hàng mua Smartwatch (trừ Apple, giá trên 5.000.000đ) trị giá 500.000đ                                                            6                                              Phiếu mua hàng mua sim Vina Bùm Data 12T trị giá 500,000đ                                                            7                                              Đặc biệt giảm đến 10% tối đa 5 triệu khi thanh toán qua Kredivo (chỉ áp dụng đơn hàng có lãi suất)  (Xem chi tiết tại đây)                                                            8                                              Nhập mã VNPAY0126 giảm tối đa 100,000đ (áp dụng tùy giá trị đơn hàng) khi thanh toán qua VNPAY-QR  (Xem chi tiết tại đây);"Áp dụng cho sản phẩm từ 10 triệu trở lên | Chỉ áp dụng khi thanh toán bằng thẻ có đầu số:  521251 | Mỗi chủ thẻ được hưởng ưu đãi 2 lần trong suốt thời gian chương trình. | Áp dụng đồng thời với các chương trình khuyến mãi khác. | Ưu đãi không quy đổi ra tiền mặt, sản phẩm hay chuyển nhượng. | Chương trình không áp dụng đối với giao dịch hủy, hay hoàn tiền kể cả hoàn tiền một phần. Giao dịch phải thỏa điều kiện giao dịch thành công, không thuộc trường hợp gian lận giả mạo. | Áp dụng cho sản phẩm từ 5.000.000₫ trở lên. | Thời gian khuyến mãi: Từ 01/10/2025 đến 31/03/2026. | Chỉ áp dụng khi thanh toán bằng thẻ có đầu số: 539597; 539146; 356554 | Mỗi chủ thẻ được hưởng ưu đãi 1 lần trong suốt thời gian chương trình. | Áp dụng đồng thời với các chương trình khuyến mãi khác. | Ưu đãi không quy đổi ra tiền mặt, sản phẩm hay chuyển nhượng. | Chương trình không áp dụng đối với giao dịch hủy, hay hoàn tiền. Giao dịch phải thỏa điều kiện giao dịch thành công, không thuộc trường hợp gian lận giả mạo.";https://www.thegioididong.com/dtdd/iphone-16;Skipped
iPhone 16 Plus 128GB;Trắng;Yes;25990000;25290000;2026-03-29;Khuyến mãi              Giá và khuyến mãi có thể kết thúc sớm hơn dự kiến                                                                         1                                          Chọn 1 trong các khuyến mãi:                                                      Giảm giá 400,000đ (đã giảm vào giá sản phẩm)                                                                               Tặng PMH Phụ Kiện, Smartwatch, đồng hồ thời trang (trừ Apple, Beats) trị giá 500,000đ                                                                                     2                                              Tặng phiếu mua hàng Apple Watch trị giá 1,000,000đ                                                            3                                              Tặng phiếu mua hàng Macbook (trừ Macbook Air M5 và Macbook Neo) trị giá 1,000,000đ                                                            4                                              Phiếu mua hàng Airpods trị giá 500.000đ                                                            5                                              Tặng Phiếu mua hàng mua Smartwatch (trừ Apple, giá trên 5.000.000đ) trị giá 500.000đ                                                            6                                              Phiếu mua hàng mua sim Vina Bùm Data 12T trị giá 500,000đ                                                            7                                              Đặc biệt giảm đến 10% tối đa 5 triệu khi thanh toán qua Kredivo (chỉ áp dụng đơn hàng có lãi suất)  (Xem chi tiết tại đây)                                                            8                                              Nhập mã VNPAY0126 giảm tối đa 100,000đ (áp dụng tùy giá trị đơn hàng) khi thanh toán qua VNPAY-QR  (Xem chi tiết tại đây);"Áp dụng cho sản phẩm từ 10 triệu trở lên | Chỉ áp dụng khi thanh toán bằng thẻ có đầu số:  521251 | Mỗi chủ thẻ được hưởng ưu đãi 2 lần trong suốt thời gian chương trình. | Áp dụng đồng thời với các chương trình khuyến mãi khác. | Ưu đãi không quy đổi ra tiền mặt, sản phẩm hay chuyển nhượng. | Chương trình không áp dụng đối với giao dịch hủy, hay hoàn tiền kể cả hoàn tiền một phần. Giao dịch phải thỏa điều kiện giao dịch thành công, không thuộc trường hợp gian lận giả mạo. | Áp dụng cho sản phẩm từ 5.000.000₫ trở lên. | Thời gian khuyến mãi: Từ 01/10/2025 đến 31/03/2026. | Chỉ áp dụng khi thanh toán bằng thẻ có đầu số: 539597; 539146; 356554 | Mỗi chủ thẻ được hưởng ưu đãi 1 lần trong suốt thời gian chương trình. | Áp dụng đồng thời với các chương trình khuyến mãi khác. | Ưu đãi không quy đổi ra tiền mặt, sản phẩm hay chuyển nhượng. | Chương trình không áp dụng đối với giao dịch hủy, hay hoàn tiền. Giao dịch phải thỏa điều kiện giao dịch thành công, không thuộc trường hợp gian lận giả mạo.";https://www.thegioididong.com/dtdd/iphone-16-plus;Skipped
iPhone 16 Plus 128GB;Hồng;Yes;25990000;25290000;2026-03-29;Khuyến mãi              Giá và khuyến mãi có thể kết thúc sớm hơn dự kiến                                                                         1                                          Chọn 1 trong các khuyến mãi:                                                      Giảm giá 400,000đ (đã giảm vào giá sản phẩm)                                                                               Tặng PMH Phụ Kiện, Smartwatch, đồng hồ thời trang (trừ Apple, Beats) trị giá 500,000đ                                                                                     2                                              Tặng phiếu mua hàng Apple Watch trị giá 1,000,000đ                                                            3                                              Tặng phiếu mua hàng Macbook (trừ Macbook Air M5 và Macbook Neo) trị giá 1,000,000đ                                                            4                                              Phiếu mua hàng Airpods trị giá 500.000đ                                                            5                                              Tặng Phiếu mua hàng mua Smartwatch (trừ Apple, giá trên 5.000.000đ) trị giá 500.000đ                                                            6                                              Phiếu mua hàng mua sim Vina Bùm Data 12T trị giá 500,000đ                                                            7                                              Đặc biệt giảm đến 10% tối đa 5 triệu khi thanh toán qua Kredivo (chỉ áp dụng đơn hàng có lãi suất)  (Xem chi tiết tại đây)                                                            8                                              Nhập mã VNPAY0126 giảm tối đa 100,000đ (áp dụng tùy giá trị đơn hàng) khi thanh toán qua VNPAY-QR  (Xem chi tiết tại đây);"Áp dụng cho sản phẩm từ 10 triệu trở lên | Chỉ áp dụng khi thanh toán bằng thẻ có đầu số:  521251 | Mỗi chủ thẻ được hưởng ưu đãi 2 lần trong suốt thời gian chương trình. | Áp dụng đồng thời với các chương trình khuyến mãi khác. | Ưu đãi không quy đổi ra tiền mặt, sản phẩm hay chuyển nhượng. | Chương trình không áp dụng đối với giao dịch hủy, hay hoàn tiền kể cả hoàn tiền một phần. Giao dịch phải thỏa điều kiện giao dịch thành công, không thuộc trường hợp gian lận giả mạo. | Áp dụng cho sản phẩm từ 5.000.000₫ trở lên. | Thời gian khuyến mãi: Từ 01/10/2025 đến 31/03/2026. | Chỉ áp dụng khi thanh toán bằng thẻ có đầu số: 539597; 539146; 356554 | Mỗi chủ thẻ được hưởng ưu đãi 1 lần trong suốt thời gian chương trình. | Áp dụng đồng thời với các chương trình khuyến mãi khác. | Ưu đãi không quy đổi ra tiền mặt, sản phẩm hay chuyển nhượng. | Chương trình không áp dụng đối với giao dịch hủy, hay hoàn tiền. Giao dịch phải thỏa điều kiện giao dịch thành công, không thuộc trường hợp gian lận giả mạo.";https://www.thegioididong.com/dtdd/iphone-16-plus;Skipped
iPhone 16 Plus 128GB;Đen;Yes;25990000;25290000;2026-03-29;Khuyến mãi              Giá và khuyến mãi có thể kết thúc sớm hơn dự kiến                                                                         1                                          Chọn 1 trong các khuyến mãi:                                                      Giảm giá 400,000đ (đã giảm vào giá sản phẩm)                                                                               Tặng PMH Phụ Kiện, Smartwatch, đồng hồ thời trang (trừ Apple, Beats) trị giá 500,000đ                                                                                     2                                              Tặng phiếu mua hàng Apple Watch trị giá 1,000,000đ                                                            3                                              Tặng phiếu mua hàng Macbook (trừ Macbook Air M5 và Macbook Neo) trị giá 1,000,000đ                                                            4                                              Phiếu mua hàng Airpods trị giá 500.000đ                                                            5                                              Tặng Phiếu mua hàng mua Smartwatch (trừ Apple, giá trên 5.000.000đ) trị giá 500.000đ                                                            6                                              Phiếu mua hàng mua sim Vina Bùm Data 12T trị giá 500,000đ                                                            7                                              Đặc biệt giảm đến 10% tối đa 5 triệu khi thanh toán qua Kredivo (chỉ áp dụng đơn hàng có lãi suất)  (Xem chi tiết tại đây)                                                            8                                              Nhập mã VNPAY0126 giảm tối đa 100,000đ (áp dụng tùy giá trị đơn hàng) khi thanh toán qua VNPAY-QR  (Xem chi tiết tại đây);"Áp dụng cho sản phẩm từ 10 triệu trở lên | Chỉ áp dụng khi thanh toán bằng thẻ có đầu số:  521251 | Mỗi chủ thẻ được hưởng ưu đãi 2 lần trong suốt thời gian chương trình. | Áp dụng đồng thời với các chương trình khuyến mãi khác. | Ưu đãi không quy đổi ra tiền mặt, sản phẩm hay chuyển nhượng. | Chương trình không áp dụng đối với giao dịch hủy, hay hoàn tiền kể cả hoàn tiền một phần. Giao dịch phải thỏa điều kiện giao dịch thành công, không thuộc trường hợp gian lận giả mạo. | Áp dụng cho sản phẩm từ 5.000.000₫ trở lên. | Thời gian khuyến mãi: Từ 01/10/2025 đến 31/03/2026. | Chỉ áp dụng khi thanh toán bằng thẻ có đầu số: 539597; 539146; 356554 | Mỗi chủ thẻ được hưởng ưu đãi 1 lần trong suốt thời gian chương trình. | Áp dụng đồng thời với các chương trình khuyến mãi khác. | Ưu đãi không quy đổi ra tiền mặt, sản phẩm hay chuyển nhượng. | Chương trình không áp dụng đối với giao dịch hủy, hay hoàn tiền. Giao dịch phải thỏa điều kiện giao dịch thành công, không thuộc trường hợp gian lận giả mạo.";https://www.thegioididong.com/dtdd/iphone-16-plus;Skipped
iPhone 16 Plus 128GB;Xanh Mòng Két;Yes;25990000;25290000;2026-03-29;Khuyến mãi              Giá và khuyến mãi có thể kết thúc sớm hơn dự kiến                                                                         1                                          Chọn 1 trong các khuyến mãi:                                                      Giảm giá 400,000đ (đã giảm vào giá sản phẩm)                                                                               Tặng PMH Phụ Kiện, Smartwatch, đồng hồ thời trang (trừ Apple, Beats) trị giá 500,000đ                                                                                     2                                              Tặng phiếu mua hàng Apple Watch trị giá 1,000,000đ                                                            3                                              Tặng phiếu mua hàng Macbook (trừ Macbook Air M5 và Macbook Neo) trị giá 1,000,000đ                                                            4                                              Phiếu mua hàng Airpods trị giá 500.000đ                                                            5                                              Tặng Phiếu mua hàng mua Smartwatch (trừ Apple, giá trên 5.000.000đ) trị giá 500.000đ                                                            6                                              Phiếu mua hàng mua sim Vina Bùm Data 12T trị giá 500,000đ                                                            7                                              Đặc biệt giảm đến 10% tối đa 5 triệu khi thanh toán qua Kredivo (chỉ áp dụng đơn hàng có lãi suất)  (Xem chi tiết tại đây)                                                            8                                              Nhập mã VNPAY0126 giảm tối đa 100,000đ (áp dụng tùy giá trị đơn hàng) khi thanh toán qua VNPAY-QR  (Xem chi tiết tại đây);"Áp dụng cho sản phẩm từ 10 triệu trở lên | Chỉ áp dụng khi thanh toán bằng thẻ có đầu số:  521251 | Mỗi chủ thẻ được hưởng ưu đãi 2 lần trong suốt thời gian chương trình. | Áp dụng đồng thời với các chương trình khuyến mãi khác. | Ưu đãi không quy đổi ra tiền mặt, sản phẩm hay chuyển nhượng. | Chương trình không áp dụng đối với giao dịch hủy, hay hoàn tiền kể cả hoàn tiền một phần. Giao dịch phải thỏa điều kiện giao dịch thành công, không thuộc trường hợp gian lận giả mạo. | Áp dụng cho sản phẩm từ 5.000.000₫ trở lên. | Thời gian khuyến mãi: Từ 01/10/2025 đến 31/03/2026. | Chỉ áp dụng khi thanh toán bằng thẻ có đầu số: 539597; 539146; 356554 | Mỗi chủ thẻ được hưởng ưu đãi 1 lần trong suốt thời gian chương trình. | Áp dụng đồng thời với các chương trình khuyến mãi khác. | Ưu đãi không quy đổi ra tiền mặt, sản phẩm hay chuyển nhượng. | Chương trình không áp dụng đối với giao dịch hủy, hay hoàn tiền. Giao dịch phải thỏa điều kiện giao dịch thành công, không thuộc trường hợp gian lận giả mạo.";https://www.thegioididong.com/dtdd/iphone-16-plus;Skipped
Error getting name;Trắng;No;0;0;2026-03-29;;;https://www.thegioididong.com/dtdd/iphone-16;DEBUG_OOS_Error getting name_Trắng_081725.png
iPhone 16 Plus 128GB;Xanh Lưu Ly;Yes;25990000;25290000;2026-03-29;Khuyến mãi              Giá và khuyến mãi có thể kết thúc sớm hơn dự kiến                                                                         1                                          Chọn 1 trong các khuyến mãi:                                                      Giảm giá 400,000đ (đã giảm vào giá sản phẩm)                                                                               Tặng PMH Phụ Kiện, Smartwatch, đồng hồ thời trang (trừ Apple, Beats) trị giá 500,000đ                                                                                     2                                              Tặng phiếu mua hàng Apple Watch trị giá 1,000,000đ                                                            3                                              Tặng phiếu mua hàng Macbook (trừ Macbook Air M5 và Macbook Neo) trị giá 1,000,000đ                                                            4                                              Phiếu mua hàng Airpods trị giá 500.000đ                                                            5                                              Tặng Phiếu mua hàng mua Smartwatch (trừ Apple, giá trên 5.000.000đ) trị giá 500.000đ                                                            6                                              Phiếu mua hàng mua sim Vina Bùm Data 12T trị giá 500,000đ                                                            7                                              Đặc biệt giảm đến 10% tối đa 5 triệu khi thanh toán qua Kredivo (chỉ áp dụng đơn hàng có lãi suất)  (Xem chi tiết tại đây)                                                            8                                              Nhập mã VNPAY0126 giảm tối đa 100,000đ (áp dụng tùy giá trị đơn hàng) khi thanh toán qua VNPAY-QR  (Xem chi tiết tại đây);"Áp dụng cho sản phẩm từ 10 triệu trở lên | Chỉ áp dụng khi thanh toán bằng thẻ có đầu số:  521251 | Mỗi chủ thẻ được hưởng ưu đãi 2 lần trong suốt thời gian chương trình. | Áp dụng đồng thời với các chương trình khuyến mãi khác. | Ưu đãi không quy đổi ra tiền mặt, sản phẩm hay chuyển nhượng. | Chương trình không áp dụng đối với giao dịch hủy, hay hoàn tiền kể cả hoàn tiền một phần. Giao dịch phải thỏa điều kiện giao dịch thành công, không thuộc trường hợp gian lận giả mạo. | Áp dụng cho sản phẩm từ 5.000.000₫ trở lên. | Thời gian khuyến mãi: Từ 01/10/2025 đến 31/03/2026. | Chỉ áp dụng khi thanh toán bằng thẻ có đầu số: 539597; 539146; 356554 | Mỗi chủ thẻ được hưởng ưu đãi 1 lần trong suốt thời gian chương trình. | Áp dụng đồng thời với các chương trình khuyến mãi khác. | Ưu đãi không quy đổi ra tiền mặt, sản phẩm hay chuyển nhượng. | Chương trình không áp dụng đối với giao dịch hủy, hay hoàn tiền. Giao dịch phải thỏa điều kiện giao dịch thành công, không thuộc trường hợp gian lận giả mạo.";https://www.thegioididong.com/dtdd/iphone-16-plus;Skipped
iPhone 16 Plus 256GB;Xanh Lưu Ly;Yes;28990000;28290000;2026-03-29;Khuyến mãi              Giá và khuyến mãi có thể kết thúc sớm hơn dự kiến                                                                         1                                          Chọn 1 trong các khuyến mãi:                                                      Giảm giá 400,000đ (đã giảm vào giá sản phẩm)                                                                               Tặng PMH Phụ Kiện, Smartwatch, đồng hồ thời trang (trừ Apple, Beats) trị giá 500,000đ                                                                                     2                                              Tặng phiếu mua hàng Apple Watch trị giá 1,000,000đ                                                            3                                              Tặng phiếu mua hàng Macbook (trừ Macbook Air M5 và Macbook Neo) trị giá 1,000,000đ                                                            4                                              Phiếu mua hàng Airpods trị giá 500.000đ                                                            5                                              Tặng Phiếu mua hàng mua Smartwatch (trừ Apple, giá trên 5.000.000đ) trị giá 500.000đ                                                            6                                              Phiếu mua hàng mua sim Vina Bùm Data 12T trị giá 500,000đ                                                            7                                              Đặc biệt giảm đến 10% tối đa 5 triệu khi thanh toán qua Kredivo (chỉ áp dụng đơn hàng có lãi suất)  (Xem chi tiết tại đây)                                                            8                                              Nhập mã VNPAY0126 giảm tối đa 100,000đ (áp dụng tùy giá trị đơn hàng) khi thanh toán qua VNPAY-QR  (Xem chi tiết tại đây);"Áp dụng cho sản phẩm từ 10 triệu trở lên | Chỉ áp dụng khi thanh toán bằng thẻ có đầu số:  521251 | Mỗi chủ thẻ được hưởng ưu đãi 2 lần trong suốt thời gian chương trình. | Áp dụng đồng thời với các chương trình khuyến mãi khác. | Ưu đãi không quy đổi ra tiền mặt, sản phẩm hay chuyển nhượng. | Chương trình không áp dụng đối với giao dịch hủy, hay hoàn tiền kể cả hoàn tiền một phần. Giao dịch phải thỏa điều kiện giao dịch thành công, không thuộc trường hợp gian lận giả mạo. | Áp dụng cho sản phẩm từ 5.000.000₫ trở lên. | Thời gian khuyến mãi: Từ 01/10/2025 đến 31/03/2026. | Chỉ áp dụng khi thanh toán bằng thẻ có đầu số: 539597; 539146; 356554 | Mỗi chủ thẻ được hưởng ưu đãi 1 lần trong suốt thời gian chương trình. | Áp dụng đồng thời với các chương trình khuyến mãi khác. | Ưu đãi không quy đổi ra tiền mặt, sản phẩm hay chuyển nhượng. | Chương trình không áp dụng đối với giao dịch hủy, hay hoàn tiền. Giao dịch phải thỏa điều kiện giao dịch thành công, không thuộc trường hợp gian lận giả mạo.";https://www.thegioididong.com/dtdd/iphone-16-plus;Skipped
iPhone 16 Plus 256GB;Trắng;Yes;28990000;28290000;2026-03-29;Khuyến mãi              Giá và khuyến mãi có thể kết thúc sớm hơn dự kiến                                                                         1                                          Chọn 1 trong các khuyến mãi:                                                      Giảm giá 400,000đ (đã giảm vào giá sản phẩm)                                                                               Tặng PMH Phụ Kiện, Smartwatch, đồng hồ thời trang (trừ Apple, Beats) trị giá 500,000đ                                                                                     2                                              Tặng phiếu mua hàng Apple Watch trị giá 1,000,000đ                                                            3                                              Tặng phiếu mua hàng Macbook (trừ Macbook Air M5 và Macbook Neo) trị giá 1,000,000đ                                                            4                                              Phiếu mua hàng Airpods trị giá 500.000đ                                                            5                                              Tặng Phiếu mua hàng mua Smartwatch (trừ Apple, giá trên 5.000.000đ) trị giá 500.000đ                                                            6                                              Phiếu mua hàng mua sim Vina Bùm Data 12T trị giá 500,000đ                                                            7                                              Đặc biệt giảm đến 10% tối đa 5 triệu khi thanh toán qua Kredivo (chỉ áp dụng đơn hàng có lãi suất)  (Xem chi tiết tại đây)                                                            8                                              Nhập mã VNPAY0126 giảm tối đa 100,000đ (áp dụng tùy giá trị đơn hàng) khi thanh toán qua VNPAY-QR  (Xem chi tiết tại đây);"Áp dụng cho sản phẩm từ 10 triệu trở lên | Chỉ áp dụng khi thanh toán bằng thẻ có đầu số:  521251 | Mỗi chủ thẻ được hưởng ưu đãi 2 lần trong suốt thời gian chương trình. | Áp dụng đồng thời với các chương trình khuyến mãi khác. | Ưu đãi không quy đổi ra tiền mặt, sản phẩm hay chuyển nhượng. | Chương trình không áp dụng đối với giao dịch hủy, hay hoàn tiền kể cả hoàn tiền một phần. Giao dịch phải thỏa điều kiện giao dịch thành công, không thuộc trường hợp gian lận giả mạo. | Áp dụng cho sản phẩm từ 5.000.000₫ trở lên. | Thời gian khuyến mãi: Từ 01/10/2025 đến 31/03/2026. | Chỉ áp dụng khi thanh toán bằng thẻ có đầu số: 539597; 539146; 356554 | Mỗi chủ thẻ được hưởng ưu đãi 1 lần trong suốt thời gian chương trình. | Áp dụng đồng thời với các chương trình khuyến mãi khác. | Ưu đãi không quy đổi ra tiền mặt, sản phẩm hay chuyển nhượng. | Chương trình không áp dụng đối với giao dịch hủy, hay hoàn tiền. Giao dịch phải thỏa điều kiện giao dịch thành công, không thuộc trường hợp gian lận giả mạo.";https://www.thegioididong.com/dtdd/iphone-16-plus;Skipped
iPhone 16 Plus 256GB;Hồng;Yes;28990000;28290000;2026-03-29;Khuyến mãi              Giá và khuyến mãi có thể kết thúc sớm hơn dự kiến                                                                         1                                          Chọn 1 trong các khuyến mãi:                                                      Giảm giá 400,000đ (đã giảm vào giá sản phẩm)                                                                               Tặng PMH Phụ Kiện, Smartwatch, đồng hồ thời trang (trừ Apple, Beats) trị giá 500,000đ                                                                                     2                                              Tặng phiếu mua hàng Apple Watch trị giá 1,000,000đ                                                            3                                              Tặng phiếu mua hàng Macbook (trừ Macbook Air M5 và Macbook Neo) trị giá 1,000,000đ                                                            4                                              Phiếu mua hàng Airpods trị giá 500.000đ                                                            5                                              Tặng Phiếu mua hàng mua Smartwatch (trừ Apple, giá trên 5.000.000đ) trị giá 500.000đ                                                            6                                              Phiếu mua hàng mua sim Vina Bùm Data 12T trị giá 500,000đ                                                            7                                              Đặc biệt giảm đến 10% tối đa 5 triệu khi thanh toán qua Kredivo (chỉ áp dụng đơn hàng có lãi suất)  (Xem chi tiết tại đây)                                                            8                                              Nhập mã VNPAY0126 giảm tối đa 100,000đ (áp dụng tùy giá trị đơn hàng) khi thanh toán qua VNPAY-QR  (Xem chi tiết tại đây);"Áp dụng cho sản phẩm từ 10 triệu trở lên | Chỉ áp dụng khi thanh toán bằng thẻ có đầu số:  521251 | Mỗi chủ thẻ được hưởng ưu đãi 2 lần trong suốt thời gian chương trình. | Áp dụng đồng thời với các chương trình khuyến mãi khác. | Ưu đãi không quy đổi ra tiền mặt, sản phẩm hay chuyển nhượng. | Chương trình không áp dụng đối với giao dịch hủy, hay hoàn tiền kể cả hoàn tiền một phần. Giao dịch phải thỏa điều kiện giao dịch thành công, không thuộc trường hợp gian lận giả mạo. | Áp dụng cho sản phẩm từ 5.000.000₫ trở lên. | Thời gian khuyến mãi: Từ 01/10/2025 đến 31/03/2026. | Chỉ áp dụng khi thanh toán bằng thẻ có đầu số: 539597; 539146; 356554 | Mỗi chủ thẻ được hưởng ưu đãi 1 lần trong suốt thời gian chương trình. | Áp dụng đồng thời với các chương trình khuyến mãi khác. | Ưu đãi không quy đổi ra tiền mặt, sản phẩm hay chuyển nhượng. | Chương trình không áp dụng đối với giao dịch hủy, hay hoàn tiền. Giao dịch phải thỏa điều kiện giao dịch thành công, không thuộc trường hợp gian lận giả mạo.";https://www.thegioididong.com/dtdd/iphone-16-plus;Skipped
iPhone 16 Pro 128GB;Titan tự nhiên;No;0;0;2026-03-29;;;https://www.thegioididong.com/dtdd/iphone-16-pro;DEBUG_OOS_iPhone 16 Pro 128GB_Titan tự nhiên_081742.png
iPhone 16 Plus 256GB;Đen;Yes;28990000;28290000;2026-03-29;Khuyến mãi              Giá và khuyến mãi có thể kết thúc sớm hơn dự kiến                                                                         1                                          Chọn 1 trong các khuyến mãi:                                                      Giảm giá 400,000đ (đã giảm vào giá sản phẩm)                                                                               Tặng PMH Phụ Kiện, Smartwatch, đồng hồ thời trang (trừ Apple, Beats) trị giá 500,000đ                                                                                     2                                              Tặng phiếu mua hàng Apple Watch trị giá 1,000,000đ                                                            3                                              Tặng phiếu mua hàng Macbook (trừ Macbook Air M5 và Macbook Neo) trị giá 1,000,000đ                                                            4                                              Phiếu mua hàng Airpods trị giá 500.000đ                                                            5                                              Tặng Phiếu mua hàng mua Smartwatch (trừ Apple, giá trên 5.000.000đ) trị giá 500.000đ                                                            6                                              Phiếu mua hàng mua sim Vina Bùm Data 12T trị giá 500,000đ                                                            7                                              Đặc biệt giảm đến 10% tối đa 5 triệu khi thanh toán qua Kredivo (chỉ áp dụng đơn hàng có lãi suất)  (Xem chi tiết tại đây)                                                            8                                              Nhập mã VNPAY0126 giảm tối đa 100,000đ (áp dụng tùy giá trị đơn hàng) khi thanh toán qua VNPAY-QR  (Xem chi tiết tại đây);"Áp dụng cho sản phẩm từ 10 triệu trở lên | Chỉ áp dụng khi thanh toán bằng thẻ có đầu số:  521251 | Mỗi chủ thẻ được hưởng ưu đãi 2 lần trong suốt thời gian chương trình. | Áp dụng đồng thời với các chương trình khuyến mãi khác. | Ưu đãi không quy đổi ra tiền mặt, sản phẩm hay chuyển nhượng. | Chương trình không áp dụng đối với giao dịch hủy, hay hoàn tiền kể cả hoàn tiền một phần. Giao dịch phải thỏa điều kiện giao dịch thành công, không thuộc trường hợp gian lận giả mạo. | Áp dụng cho sản phẩm từ 5.000.000₫ trở lên. | Thời gian khuyến mãi: Từ 01/10/2025 đến 31/03/2026. | Chỉ áp dụng khi thanh toán bằng thẻ có đầu số: 539597; 539146; 356554 | Mỗi chủ thẻ được hưởng ưu đãi 1 lần trong suốt thời gian chương trình. | Áp dụng đồng thời với các chương trình khuyến mãi khác. | Ưu đãi không quy đổi ra tiền mặt, sản phẩm hay chuyển nhượng. | Chương trình không áp dụng đối với giao dịch hủy, hay hoàn tiền. Giao dịch phải thỏa điều kiện giao dịch thành công, không thuộc trường hợp gian lận giả mạo.";https://www.thegioididong.com/dtdd/iphone-16-plus;Skipped
iPhone 16 Plus 256GB;Xanh Mòng Két;Yes;28990000;28290000;2026-03-29;Khuyến mãi              Giá và khuyến mãi có thể kết thúc sớm hơn dự kiến                                                                         1                                          Chọn 1 trong các khuyến mãi:                                                      Giảm giá 400,000đ (đã giảm vào giá sản phẩm)                                                                               Tặng PMH Phụ Kiện, Smartwatch, đồng hồ thời trang (trừ Apple, Beats) trị giá 500,000đ                                                                                     2                                              Tặng phiếu mua hàng Apple Watch trị giá 1,000,000đ                                                            3                                              Tặng phiếu mua hàng Macbook (trừ Macbook Air M5 và Macbook Neo) trị giá 1,000,000đ                                                            4                                              Phiếu mua hàng Airpods trị giá 500.000đ                                                            5                                              Tặng Phiếu mua hàng mua Smartwatch (trừ Apple, giá trên 5.000.000đ) trị giá 500.000đ                                                            6                                              Phiếu mua hàng mua sim Vina Bùm Data 12T trị giá 500,000đ                                                            7                                              Đặc biệt giảm đến 10% tối đa 5 triệu khi thanh toán qua Kredivo (chỉ áp dụng đơn hàng có lãi suất)  (Xem chi tiết tại đây)                                                            8                                              Nhập mã VNPAY0126 giảm tối đa 100,000đ (áp dụng tùy giá trị đơn hàng) khi thanh toán qua VNPAY-QR  (Xem chi tiết tại đây);"Áp dụng cho sản phẩm từ 10 triệu trở lên | Chỉ áp dụng khi thanh toán bằng thẻ có đầu số:  521251 | Mỗi chủ thẻ được hưởng ưu đãi 2 lần trong suốt thời gian chương trình. | Áp dụng đồng thời với các chương trình khuyến mãi khác. | Ưu đãi không quy đổi ra tiền mặt, sản phẩm hay chuyển nhượng. | Chương trình không áp dụng đối với giao dịch hủy, hay hoàn tiền kể cả hoàn tiền một phần. Giao dịch phải thỏa điều kiện giao dịch thành công, không thuộc trường hợp gian lận giả mạo. | Áp dụng cho sản phẩm từ 5.000.000₫ trở lên. | Thời gian khuyến mãi: Từ 01/10/2025 đến 31/03/2026. | Chỉ áp dụng khi thanh toán bằng thẻ có đầu số: 539597; 539146; 356554 | Mỗi chủ thẻ được hưởng ưu đãi 1 lần trong suốt thời gian chương trình. | Áp dụng đồng thời với các chương trình khuyến mãi khác. | Ưu đãi không quy đổi ra tiền mặt, sản phẩm hay chuyển nhượng. | Chương trình không áp dụng đối với giao dịch hủy, hay hoàn tiền. Giao dịch phải thỏa điều kiện giao dịch thành công, không thuộc trường hợp gian lận giả mạo.";https://www.thegioididong.com/dtdd/iphone-16-plus;Skipped
iPhone 16 Pro 128GB;Titan trắng;No;0;0;2026-03-29;;;https://www.thegioididong.com/dtdd/iphone-16-pro;Skipped
iPhone 16 Plus 512GB;Xanh Mòng Két;Yes;490000;33990000;2026-03-29;Khuyến mãi                      Giá và khuyến mãi dự kiến áp dụng đến 23:00 | 31/03                                                                         1                                          Chọn 1 trong các khuyến mãi:                                                      Giảm giá 4,000,000đ (đã giảm vào giá sản phẩm)                                                                               Tặng PMH Phụ Kiện, Smartwatch, đồng hồ thời trang (trừ Apple, Beats) trị giá 4,800,000đ                                                                                     2                                              Tặng phiếu mua hàng Apple Watch trị giá 1,000,000đ                                                            3                                              Tặng phiếu mua hàng Macbook (trừ Macbook Air M5 và Macbook Neo) trị giá 1,000,000đ                                                            4                                              Phiếu mua hàng Airpods trị giá 500.000đ                                                            5                                              Tặng Phiếu mua hàng mua Smartwatch (trừ Apple, giá trên 5.000.000đ) trị giá 500.000đ                                                            6                                              Phiếu mua hàng mua sim Vina Bùm Data 12T trị giá 500,000đ                                                            7                                              Thu cũ đổi mới: Giảm đến 2,000,000đ (Không kèm ưu đãi thanh toán qua cổng, mua kèm)  Xem chi tiết                                                            8                                              Đặc biệt giảm đến 10% tối đa 5 triệu khi thanh toán qua Kredivo (chỉ áp dụng đơn hàng có lãi suất)  (Xem chi tiết tại đây)                                                            9                                              Nhập mã VNPAY0126 giảm tối đa 100,000đ (áp dụng tùy giá trị đơn hàng) khi thanh toán qua VNPAY-QR  (Xem chi tiết tại đây);"Áp dụng cho sản phẩm từ 10 triệu trở lên | Chỉ áp dụng khi thanh toán bằng thẻ có đầu số:  521251 | Mỗi chủ thẻ được hưởng ưu đãi 2 lần trong suốt thời gian chương trình. | Áp dụng đồng thời với các chương trình khuyến mãi khác. | Ưu đãi không quy đổi ra tiền mặt, sản phẩm hay chuyển nhượng. | Chương trình không áp dụng đối với giao dịch hủy, hay hoàn tiền kể cả hoàn tiền một phần. Giao dịch phải thỏa điều kiện giao dịch thành công, không thuộc trường hợp gian lận giả mạo. | Áp dụng cho sản phẩm từ 5.000.000₫ trở lên. | Thời gian khuyến mãi: Từ 01/10/2025 đến 31/03/2026. | Chỉ áp dụng khi thanh toán bằng thẻ có đầu số: 539597; 539146; 356554 | Mỗi chủ thẻ được hưởng ưu đãi 1 lần trong suốt thời gian chương trình. | Áp dụng đồng thời với các chương trình khuyến mãi khác. | Ưu đãi không quy đổi ra tiền mặt, sản phẩm hay chuyển nhượng. | Chương trình không áp dụng đối với giao dịch hủy, hay hoàn tiền. Giao dịch phải thỏa điều kiện giao dịch thành công, không thuộc trường hợp gian lận giả mạo.";https://www.thegioididong.com/dtdd/iphone-16-plus;Skipped
Error getting name;Đen;No;0;0;2026-03-29;;;https://www.thegioididong.com/dtdd/iphone-16-plus;DEBUG_OOS_Error getting name_Đen_082015.png
Error getting name;Titan đen;No;0;0;2026-03-29;;;https://www.thegioididong.com/dtdd/iphone-16-pro;DEBUG_OOS_Error getting name_Titan đen_082026.png
Error getting name;Trắng Starlight;No;0;0;2026-03-29;;;https://www.thegioididong.com/dong-ho-thong-minh/apple-watch-se-3-40mm-vien-nhom-day-the-thao;DEBUG_OOS_Error getting name_Trắng Starlight_092054.png
