Product_Name;Color;Ton_Kho;Store_Count;Gia_Niem_Yet;Gia_Khuyen_Mai;Date;Khuyen_Mai;Thanh_Toan;Other_promotion;Link;screenshot_name
iPhone 13 128GB Chính Hãng (VN/A);Đen;Yes;0;23990000;11990000;2026-06-28;"Khuyến mãi

Giá và khuyến mãi có thể kết thúc sớm hơn dự kiến

1. Ưu đãi độc quyền:

Giảm thêm đến 2.500.000đ khi thu cũ đổi mới (Xem chi tiết)
D.Member giảm thêm 1% (Xem chi tiết)
Trả góp 30: Cam kết 0% lãi suất, 0đ trả trước, 0 phí ẩn (Xem chi tiết)

2. Ưu đãi mua kèm cùng máy:

Apple Watch giảm thêm 200.000đ
AirPods giảm thêm 100.000đ
Củ sạc nhanh Apple giảm thêm 50.000đ
Combo bán kèm giảm đến 15%
Phụ kiện mua kèm Combo bán kèm giảm thêm 3%
Mua kèm Smartwatch từ 5 triệu giảm thêm 500K (trừ Apple, Samsung. Không áp dụng cùng ưu đãi HSSV)
Mua kèm Đồng hồ trẻ em giảm thêm 100K (không áp dụng cùng ưu đãi HSSV)

 

Thu gọn";"Giảm 5% tối đa 500.000đ thanh toán qua SPayLater (Xem chi tiết)
Giảm 1% tối đa 300.000đ thanh toán ZaloPay (Xem chi tiết)
Giảm 500.000đ khi mở thẻ tín dụng Lio Bank (Xem chi tiết)
Giảm 500.000đ đơn hàng 10 triệu khi thanh toán qua thẻ OCB (Xem chi tiết)
Giảm thêm 800.000đ mở thẻ qua VIB (Xem chi tiết)";;https://didongviet.vn/dien-thoai/iphone-13-128gb.html;
iPhone 14 128GB Chính hãng (VN/A);Đen;No;0;24990000;13890000;2026-06-28;"Khuyến mãi

Giá và khuyến mãi có thể kết thúc sớm hơn dự kiến

1. Ưu đãi độc quyền:

Tặng thêm đến 2.500.000đ khi thu cũ đổi mới (Xem chi tiết)

D.Member giảm thêm đến 1% (Xem chi tiết)
Trả góp 30: Cam kết 0% lãi suất, 0đ trả trước, 0 phí ẩn (Xem chi tiết)

2. Ưu đãi mua kèm cùng máy:

Apple Watch giảm thêm 200.000đ
AirPods giảm thêm 100.000đ
Củ sạc nhanh Apple giảm thêm 50.000đ
Combo bán kèm giảm đến 15%
Phụ kiện mua kèm Combo bán kèm giảm thêm 3%
Mua kèm Smartwatch từ 5 triệu giảm thêm 500K (trừ Apple, Samsung. Không áp dụng cùng ưu đãi HSSV)
Mua kèm Đồng hồ trẻ em giảm thêm 100K (không áp dụng cùng ưu đãi HSSV)

 

Thu gọn";"Giảm 5% tối đa 500.000đ thanh toán qua SPayLater (Xem chi tiết)
Giảm 1% tối đa 300.000đ thanh toán ZaloPay (Xem chi tiết)
Giảm 500.000đ khi mở thẻ tín dụng Lio Bank (Xem chi tiết)
Giảm 500.000đ đơn hàng 10 triệu khi thanh toán qua thẻ OCB (Xem chi tiết)
Giảm thêm 800.000đ mở thẻ qua VIB (Xem chi tiết)";;https://didongviet.vn/dien-thoai/iphone-14-128gb.html;
iPhone 14 128GB Chính hãng (VN/A);Trắng;No;0;24990000;13990000;2026-06-28;"Khuyến mãi

Giá và khuyến mãi có thể kết thúc sớm hơn dự kiến

1. Ưu đãi độc quyền:

Tặng thêm đến 2.500.000đ khi thu cũ đổi mới (Xem chi tiết)

D.Member giảm thêm đến 1% (Xem chi tiết)
Trả góp 30: Cam kết 0% lãi suất, 0đ trả trước, 0 phí ẩn (Xem chi tiết)

2. Ưu đãi mua kèm cùng máy:

Apple Watch giảm thêm 200.000đ
AirPods giảm thêm 100.000đ
Củ sạc nhanh Apple giảm thêm 50.000đ
Combo bán kèm giảm đến 15%
Phụ kiện mua kèm Combo bán kèm giảm thêm 3%
Mua kèm Smartwatch từ 5 triệu giảm thêm 500K (trừ Apple, Samsung. Không áp dụng cùng ưu đãi HSSV)
Mua kèm Đồng hồ trẻ em giảm thêm 100K (không áp dụng cùng ưu đãi HSSV)

 

Thu gọn";"Giảm 5% tối đa 500.000đ thanh toán qua SPayLater (Xem chi tiết)
Giảm 1% tối đa 300.000đ thanh toán ZaloPay (Xem chi tiết)
Giảm 500.000đ khi mở thẻ tín dụng Lio Bank (Xem chi tiết)
Giảm 500.000đ đơn hàng 10 triệu khi thanh toán qua thẻ OCB (Xem chi tiết)
Giảm thêm 800.000đ mở thẻ qua VIB (Xem chi tiết)
Giảm 38% giá gói VieON khi mua kèm máy (Xem chi tiết)
Giảm 5% tối đa 200.000đ khi thanh toán qua Kredivo (cho kỳ hạn 6, 9, 12 tháng) (Xem chi tiết)
Giảm thêm đến 6% cho thành viên của Di Động Việt (Xem chi tiết)
Hư lỗi đổi mới trong 12 tháng chỉ từ 2K/ ngày (Xem chi tiết)
Miễn phí Giao hàng siêu tốc trong 1 giờ (Xem chi tiết)";;https://didongviet.vn/dien-thoai/iphone-14-128gb.html;
iPhone 14 128GB Chính hãng (VN/A);Xanh Dương;No;0;24990000;13990000;2026-06-28;"Khuyến mãi

Giá và khuyến mãi có thể kết thúc sớm hơn dự kiến

1. Ưu đãi độc quyền:

Tặng thêm đến 2.500.000đ khi thu cũ đổi mới (Xem chi tiết)

D.Member giảm thêm đến 1% (Xem chi tiết)
Trả góp 30: Cam kết 0% lãi suất, 0đ trả trước, 0 phí ẩn (Xem chi tiết)

2. Ưu đãi mua kèm cùng máy:

Apple Watch giảm thêm 200.000đ
AirPods giảm thêm 100.000đ
Củ sạc nhanh Apple giảm thêm 50.000đ
Combo bán kèm giảm đến 15%
Phụ kiện mua kèm Combo bán kèm giảm thêm 3%
Mua kèm Smartwatch từ 5 triệu giảm thêm 500K (trừ Apple, Samsung. Không áp dụng cùng ưu đãi HSSV)
Mua kèm Đồng hồ trẻ em giảm thêm 100K (không áp dụng cùng ưu đãi HSSV)

 

Thu gọn";"Giảm 5% tối đa 500.000đ thanh toán qua SPayLater (Xem chi tiết)
Giảm 1% tối đa 300.000đ thanh toán ZaloPay (Xem chi tiết)
Giảm 500.000đ khi mở thẻ tín dụng Lio Bank (Xem chi tiết)
Giảm 500.000đ đơn hàng 10 triệu khi thanh toán qua thẻ OCB (Xem chi tiết)
Giảm thêm 800.000đ mở thẻ qua VIB (Xem chi tiết)
Giảm 38% giá gói VieON khi mua kèm máy (Xem chi tiết)
Giảm 5% tối đa 200.000đ khi thanh toán qua Kredivo (cho kỳ hạn 6, 9, 12 tháng) (Xem chi tiết)
Giảm thêm đến 6% cho thành viên của Di Động Việt (Xem chi tiết)
Hư lỗi đổi mới trong 12 tháng chỉ từ 2K/ ngày (Xem chi tiết)
Miễn phí Giao hàng siêu tốc trong 1 giờ (Xem chi tiết)";;https://didongviet.vn/dien-thoai/iphone-14-128gb.html;
Mac mini M4 10‑Core CPU | 10‑Core GPU 16GB/512GB Chính Hãng;Default;Yes;0;26990000;26990000;2026-06-28;"Khuyến mãi

Giá và khuyến mãi có thể kết thúc sớm hơn dự kiến

1. Ưu đãi độc quyền:

Tiết kiệm đến 1% với D.MEMBER (Xem chi tiết)
Trả góp 30: Cam kết 0% lãi suất, 0đ trả trước, 0 phí ẩn (Xem chi tiết)

2. Ưu đãi mua kèm cùng máy:

Apple Watch giảm thêm 200.000đ
AirPods  - Magic Mouse giảm thêm 100.000đ";"Giảm 5% tối đa 500.000đ thanh toán qua SPayLater (Xem chi tiết)
Giảm 1% tối đa 300.000đ thanh toán ZaloPay (Xem chi tiết)
Giảm 500.000đ khi mở thẻ tín dụng Lio Bank (Xem chi tiết)
Giảm 500.000đ đơn hàng 10 triệu khi thanh toán qua thẻ OCB (Xem chi tiết)
Giảm thêm 800.000đ mở thẻ qua VIB (Xem chi tiết)
Giảm 38% giá gói VieON khi mua kèm máy (Xem chi tiết)
Giảm 5% tối đa 200.000đ khi thanh toán qua Kredivo (cho kỳ hạn 6, 9, 12 tháng) (Xem chi tiết)
Giảm thêm đến 6% cho thành viên của Di Động Việt (Xem chi tiết)
Hư lỗi đổi mới trong 12 tháng chỉ từ 2K/ ngày (Xem chi tiết)
Miễn phí Giao hàng siêu tốc trong 1 giờ (Xem chi tiết)";;https://didongviet.vn/apple-macbook-imac/mac-mini-m4-10core-cpu-10core-gpu-16gb-512gb.html;
iPhone 14 256GB Chính Hãng (VN/A);Default;Yes;0;27990000;16990000;2026-06-28;"Khuyến mãi

Giá và khuyến mãi có thể kết thúc sớm hơn dự kiến

1. Duy nhất 30.1 - 31.1: Chốt Lộc Cuối Tháng

08H - 12H: Giảm thêm  300.000đ (số lượng giới hạn)
12H - 22H: Giảm thêm 200.000đ  

*Áp dụng trực tiếp tại các cửa hàng dưới đây, không áp dụng đồng thời CTKM khác.

2. Từ 15.1 - 28.2: Tết Đỏ Đủ Đầy (xem chi tiết)

Combo Tết Đủ AN – CHILL – SMART giảm thêm đến 1.000.000đ

*Lưu ý: Chỉ áp dụng trực tiếp tại cửa hàng và một số sản phẩm nhất định.

3. Ưu đãi độc quyền:

Thu cũ đổi mới tặng đến 2.500.000đ
Trả góp 0% lãi suất (Xem chi tiết)
Mua kèm AirPods Pro 2 | AirPods 4 | AirPods 4 ANC giảm thêm 100K
Mua kèm Apple Watch giảm thêm 200K

 

Thu gọn";"Giảm 5% tối đa 500.000đ thanh toán qua SPayLater (Xem chi tiết)
Giảm 1% tối đa 300.000đ thanh toán ZaloPay (Xem chi tiết)
Giảm 500.000đ khi mở thẻ tín dụng Lio Bank (Xem chi tiết)
Giảm 500.000đ đơn hàng 10 triệu khi thanh toán qua thẻ OCB (Xem chi tiết)
Giảm thêm 800.000đ mở thẻ qua VIB (Xem chi tiết)";;https://didongviet.vn/dien-thoai/iphone-14-256gb.html;
MacBook Air M2 2024 13-inch 16GB/256GB Chính Hãng;Default;Yes;0;24990000;16990000;2026-06-28;"Khuyến mãi

Giá và khuyến mãi có thể kết thúc sớm hơn dự kiến

1. Ưu đãi độc quyền:

Tặng thêm đến 1.000.000đ khi thu cũ đổi mới (Xem chi tiết)
Tiết kiệm đến 1% với D.MEMBER (Xem chi tiết)
Giảm thêm đến 200.000đ đối với Học Sinh - Sinh Viên

Trả góp 30: Cam kết 0% lãi suất, 0đ trả trước, 0 phí ẩn (Xem chi tiết)

2. Ưu đãi mua kèm cùng máy:

Apple Watch giảm thêm 200.000đ
AirPods  - Magic Mouse giảm thêm 100.000đ";"Giảm 5% tối đa 500.000đ thanh toán qua SPayLater (Xem chi tiết)
Giảm 1% tối đa 300.000đ thanh toán ZaloPay (Xem chi tiết)
Giảm 500.000đ khi mở thẻ tín dụng Lio Bank (Xem chi tiết)
Giảm 500.000đ đơn hàng 10 triệu khi thanh toán qua thẻ OCB (Xem chi tiết)
Giảm thêm 800.000đ mở thẻ qua VIB (Xem chi tiết)
Giảm 38% giá gói VieON khi mua kèm máy (Xem chi tiết)
Giảm 5% tối đa 200.000đ khi thanh toán qua Kredivo (cho kỳ hạn 6, 9, 12 tháng) (Xem chi tiết)
Giảm thêm đến 6% cho thành viên của Di Động Việt (Xem chi tiết)
Hư lỗi đổi mới trong 12 tháng chỉ từ 2K/ ngày (Xem chi tiết)
Miễn phí Giao hàng siêu tốc trong 1 giờ (Xem chi tiết)";;https://didongviet.vn/apple-macbook-imac/macbook-air-m2-2024-13-inch-16gb-256gb.html;
MacBook Air M4 13-inch 24GB/512GB Chính Hãng;Default;Yes;0;36990000;32390000;2026-06-28;"Khuyến mãi

Giá và khuyến mãi có thể kết thúc sớm hơn dự kiến

Ưu đãi đãi độc quyền:

Tặng thêm đến 1.000.000đ khi thu cũ đổi mới
Giảm thêm đến 200.000đ đối với Học Sinh – Sinh Viên - Giá chỉ 32.190.000đ

Trả góp 30: Cam kết 0% lãi suất, 0đ trả trước, 0 phí ẩn (Xem chi tiết)
D.Member giảm thêm đến 1% (Xem chi tiết)";"Giảm 5% tối đa 500.000đ thanh toán qua SPayLater (Xem chi tiết)
Giảm 1% tối đa 300.000đ thanh toán ZaloPay (Xem chi tiết)
Giảm 500.000đ khi mở thẻ tín dụng Lio Bank (Xem chi tiết)
Giảm 500.000đ đơn hàng 10 triệu khi thanh toán qua thẻ OCB (Xem chi tiết)
Giảm thêm 800.000đ mở thẻ qua VIB (Xem chi tiết)
Giảm 38% giá gói VieON khi mua kèm máy (Xem chi tiết)
Giảm 5% tối đa 200.000đ khi thanh toán qua Kredivo (cho kỳ hạn 6, 9, 12 tháng) (Xem chi tiết)
Giảm thêm đến 6% cho thành viên của Di Động Việt (Xem chi tiết)
Hư lỗi đổi mới trong 12 tháng chỉ từ 2K/ ngày (Xem chi tiết)
Miễn phí Giao hàng siêu tốc trong 1 giờ (Xem chi tiết)";;https://didongviet.vn/apple-macbook-imac/macbook-air-m4-13-inch-24gb-512gb.html;
MacBook Pro M3 Pro 16 inch 18GB/512GB Chính Hãng;Default;Yes;0;64990000;59990000;2026-06-28;"Khuyến mãi

Giá và khuyến mãi có thể kết thúc sớm hơn dự kiến

1.Từ 15.1 - 28.2: Tết Đỏ Đủ Đầy (xem chi tiết)

Combo Tết Đủ AN – CHILL – SMART giảm thêm đến 1.000.000đ

*Lưu ý: Chỉ áp dụng trực tiếp tại cửa hàng và một số sản phẩm nhất định.

2. Ưu đãi độc quyền:

Tiết kiệm đến 1% với D.MEMBER (Xem chi tiết)
Trả góp 30: Cam kết 0% lãi suất, 0đ trả trước, 0 phí ẩn (Xem chi tiết)

3. Ưu đãi mua kèm cùng máy:

Apple Watch giảm thêm 200.000đ
AirPods  - Magic Mouse giảm thêm 100.000đ

 

Thu gọn";"Giảm 5% tối đa 500.000đ thanh toán qua SPayLater (Xem chi tiết)
Giảm 1% tối đa 300.000đ thanh toán ZaloPay (Xem chi tiết)
Giảm 500.000đ khi mở thẻ tín dụng Lio Bank (Xem chi tiết)
Giảm 500.000đ đơn hàng 10 triệu khi thanh toán qua thẻ OCB (Xem chi tiết)
Giảm thêm 800.000đ mở thẻ qua VIB (Xem chi tiết)";;https://didongviet.vn/apple-macbook-imac/macbook-pro-m3-pro-16-inch-2023-512gb.html;
MacBook Air M4 13-inch 16GB/256GB Chính Hãng;Default;Yes;0;26990000;24990000;2026-06-28;"Khuyến mãi

Giá và khuyến mãi có thể kết thúc sớm hơn dự kiến

1. Ưu đãi độc quyền:

Tặng thêm đến 1.000.000đ khi thu cũ đổi mới (Xem chi tiết)
D.Member giảm thêm đến 1% (Xem chi tiết)
Trả góp 30: Cam kết 0% lãi suất, 0đ trả trước, 0 phí ẩn (Xem chi tiết)
Giảm thêm đến 200.000đ đối với Học Sinh - Sinh Viên

2. Ưu đãi mua kèm cùng máy:

Apple Watch giảm thêm 200.000đ
AirPods  - Magic Mouse giảm thêm 100.000đ";"Giảm 5% tối đa 500.000đ thanh toán qua SPayLater (Xem chi tiết)
Giảm 1% tối đa 300.000đ thanh toán ZaloPay (Xem chi tiết)
Giảm 500.000đ khi mở thẻ tín dụng Lio Bank (Xem chi tiết)
Giảm 500.000đ đơn hàng 10 triệu khi thanh toán qua thẻ OCB (Xem chi tiết)
Giảm thêm 800.000đ mở thẻ qua VIB (Xem chi tiết)
Giảm 38% giá gói VieON khi mua kèm máy (Xem chi tiết)
Giảm 5% tối đa 200.000đ khi thanh toán qua Kredivo (cho kỳ hạn 6, 9, 12 tháng) (Xem chi tiết)
Giảm thêm đến 6% cho thành viên của Di Động Việt (Xem chi tiết)
Hư lỗi đổi mới trong 12 tháng chỉ từ 2K/ ngày (Xem chi tiết)
Miễn phí Giao hàng siêu tốc trong 1 giờ (Xem chi tiết)";;https://didongviet.vn/apple-macbook-imac/macbook-air-m4-13-inch-16gb-256gb.html;
MacBook Air M4 13-inch 16GB/512GB Chính Hãng;Default;Yes;0;31990000;28590000;2026-06-28;"Khuyến mãi

Giá và khuyến mãi có thể kết thúc sớm hơn dự kiến

Ưu đãi độc quyền:

Tặng thêm đến 1.000.000đ khi thu cũ đổi mới (Xem chi tiết)
D.Member giảm thêm đến 1% (Xem chi tiết)
Trả góp 30: Cam kết 0% lãi suất, 0đ trả trước, 0 phí ẩn (Xem chi tiết)
Giảm thêm đến 200.000đ đối với Học Sinh - Sinh Viên - Giá chỉ 29.190.000đ";"Giảm 5% tối đa 500.000đ thanh toán qua SPayLater (Xem chi tiết)
Giảm 1% tối đa 300.000đ thanh toán ZaloPay (Xem chi tiết)
Giảm 500.000đ khi mở thẻ tín dụng Lio Bank (Xem chi tiết)
Giảm 500.000đ đơn hàng 10 triệu khi thanh toán qua thẻ OCB (Xem chi tiết)
Giảm thêm 800.000đ mở thẻ qua VIB (Xem chi tiết)
Giảm 38% giá gói VieON khi mua kèm máy (Xem chi tiết)
Giảm 5% tối đa 200.000đ khi thanh toán qua Kredivo (cho kỳ hạn 6, 9, 12 tháng) (Xem chi tiết)
Giảm thêm đến 6% cho thành viên của Di Động Việt (Xem chi tiết)
Hư lỗi đổi mới trong 12 tháng chỉ từ 2K/ ngày (Xem chi tiết)
Miễn phí Giao hàng siêu tốc trong 1 giờ (Xem chi tiết)";;https://didongviet.vn/apple-macbook-imac/macbook-air-m4-13-inch-16gb-512gb.html;
MacBook Pro 2025 14 inch M5 10‑core CPU | 10‑core GPU 16GB/512GB Chính Hãng;Default;No;0;41990000;40190000;2026-06-28;"Khuyến mãi

Giá và khuyến mãi có thể kết thúc sớm hơn dự kiến

1. Ưu đãi độc quyền:

Tiết kiệm đến 1% với D.MEMBER (Xem chi tiết)

Giảm thêm đến 500.000đ đối với Học Sinh - Sinh Viên
Trả góp 30: Cam kết 0% lãi suất, 0đ trả trước, 0 phí ẩn (Xem chi tiết)

2. Ưu đãi mua kèm cùng máy:

Apple Watch giảm thêm 200.000đ
AirPods  - Magic Mouse giảm thêm 100.000đ";"Giảm 5% tối đa 500.000đ thanh toán qua SPayLater (Xem chi tiết)
Giảm 1% tối đa 300.000đ thanh toán ZaloPay (Xem chi tiết)
Giảm 500.000đ khi mở thẻ tín dụng Lio Bank (Xem chi tiết)
Giảm 500.000đ đơn hàng 10 triệu khi thanh toán qua thẻ OCB (Xem chi tiết)
Giảm thêm 800.000đ mở thẻ qua VIB (Xem chi tiết)
Giảm 38% giá gói VieON khi mua kèm máy (Xem chi tiết)
Giảm 5% tối đa 200.000đ khi thanh toán qua Kredivo (cho kỳ hạn 6, 9, 12 tháng) (Xem chi tiết)
Giảm thêm đến 6% cho thành viên của Di Động Việt (Xem chi tiết)
Hư lỗi đổi mới trong 12 tháng chỉ từ 2K/ ngày (Xem chi tiết)
Miễn phí Giao hàng siêu tốc trong 1 giờ (Xem chi tiết)";;https://didongviet.vn/apple-macbook-imac/macbook-pro-2025-14-inch-m5-10core-cpu-10core-gpu-16gb-512gb.html;
iPhone 14 128GB Chính hãng (VN/A);Tím;No;0;24990000;13990000;2026-06-28;"Khuyến mãi

Giá và khuyến mãi có thể kết thúc sớm hơn dự kiến

1. Ưu đãi độc quyền:

Tặng thêm đến 2.500.000đ khi thu cũ đổi mới (Xem chi tiết)

D.Member giảm thêm đến 1% (Xem chi tiết)
Trả góp 30: Cam kết 0% lãi suất, 0đ trả trước, 0 phí ẩn (Xem chi tiết)

2. Ưu đãi mua kèm cùng máy:

Apple Watch giảm thêm 200.000đ
AirPods giảm thêm 100.000đ
Củ sạc nhanh Apple giảm thêm 50.000đ
Combo bán kèm giảm đến 15%
Phụ kiện mua kèm Combo bán kèm giảm thêm 3%
Mua kèm Smartwatch từ 5 triệu giảm thêm 500K (trừ Apple, Samsung. Không áp dụng cùng ưu đãi HSSV)
Mua kèm Đồng hồ trẻ em giảm thêm 100K (không áp dụng cùng ưu đãi HSSV)

 

Xem thêm";"Giảm 5% tối đa 500.000đ thanh toán qua SPayLater (Xem chi tiết)
Giảm 1% tối đa 300.000đ thanh toán ZaloPay (Xem chi tiết)
Giảm 500.000đ khi mở thẻ tín dụng Lio Bank (Xem chi tiết)
Giảm 500.000đ đơn hàng 10 triệu khi thanh toán qua thẻ OCB (Xem chi tiết)
Giảm thêm 800.000đ mở thẻ qua VIB (Xem chi tiết)
Giảm 38% giá gói VieON khi mua kèm máy (Xem chi tiết)
Giảm 5% tối đa 200.000đ khi thanh toán qua Kredivo (cho kỳ hạn 6, 9, 12 tháng) (Xem chi tiết)
Giảm thêm đến 6% cho thành viên của Di Động Việt (Xem chi tiết)
Hư lỗi đổi mới trong 12 tháng chỉ từ 2K/ ngày (Xem chi tiết)
Miễn phí Giao hàng siêu tốc trong 1 giờ (Xem chi tiết)";;https://didongviet.vn/dien-thoai/iphone-14-128gb.html;
iPhone 15 128GB Chính hãng (VN/A);Hồng;Yes;0;24990000;17790000;2026-06-28;"Khuyến mãi

Giá và khuyến mãi có thể kết thúc sớm hơn dự kiến

1. Duy nhất 28.06: Siêu sale mùa World Cup - Chốt deal ghi bàn (xem chi tiết)

8H - 12H: giảm thêm đến 300.000đ (số lượng có hạn)
12H - 22H: giảm thêm đến 200.000đ (số lượng có hạn)

Lưu ý: Áp dụng trực tiếp tại cửa hàng 300 Lê Hồng Phong và 49 Lê Văn Việt. Không áp dụng đồng thời CTKM khác.

2. Ưu đãi độc quyền:

Giảm thêm đến 2.500.000đ khi thu cũ đổi mới (Xem chi tiết)

D.Member giảm thêm đến 1% (Xem chi tiết)
Trả góp 30: Cam kết 0% lãi suất, 0đ trả trước, 0 phí ẩn (Xem chi tiết)

3. Ưu đãi mua kèm cùng máy:

Apple Watch giảm thêm 200.000đ
AirPods giảm thêm 100.000đ
Củ sạc nhanh Apple giảm thêm 50.000đ
Combo bán kèm giảm đến 15%
Phụ kiện mua kèm Combo bán kèm giảm thêm 3%
Mua kèm Smartwatch từ 5 triệu giảm thêm 500K (trừ Apple, Samsung. Không áp dụng cùng ưu đãi HSSV)
Mua kèm Đồng hồ trẻ em giảm thêm 100K (không áp dụng cùng ưu đãi HSSV)

Thu gọn";"Giảm 5% tối đa 500.000đ thanh toán qua SPayLater (Xem chi tiết)
Giảm 1% tối đa 300.000đ thanh toán ZaloPay (Xem chi tiết)
Giảm 500.000đ khi mở thẻ tín dụng Lio Bank (Xem chi tiết)
Giảm 500.000đ đơn hàng 10 triệu khi thanh toán qua thẻ OCB (Xem chi tiết)
Giảm thêm 800.000đ mở thẻ qua VIB (Xem chi tiết)";;https://didongviet.vn/dien-thoai/iphone-15-128gb.html;
iPhone 14 128GB Chính hãng (VN/A);Đỏ;No;0;24990000;13990000;2026-06-28;"Khuyến mãi

Giá và khuyến mãi có thể kết thúc sớm hơn dự kiến

1. Ưu đãi độc quyền:

Tặng thêm đến 2.500.000đ khi thu cũ đổi mới (Xem chi tiết)

D.Member giảm thêm đến 1% (Xem chi tiết)
Trả góp 30: Cam kết 0% lãi suất, 0đ trả trước, 0 phí ẩn (Xem chi tiết)

2. Ưu đãi mua kèm cùng máy:

Apple Watch giảm thêm 200.000đ
AirPods giảm thêm 100.000đ
Củ sạc nhanh Apple giảm thêm 50.000đ
Combo bán kèm giảm đến 15%
Phụ kiện mua kèm Combo bán kèm giảm thêm 3%
Mua kèm Smartwatch từ 5 triệu giảm thêm 500K (trừ Apple, Samsung. Không áp dụng cùng ưu đãi HSSV)
Mua kèm Đồng hồ trẻ em giảm thêm 100K (không áp dụng cùng ưu đãi HSSV)

 

Thu gọn";"Giảm 5% tối đa 500.000đ thanh toán qua SPayLater (Xem chi tiết)
Giảm 1% tối đa 300.000đ thanh toán ZaloPay (Xem chi tiết)
Giảm 500.000đ khi mở thẻ tín dụng Lio Bank (Xem chi tiết)
Giảm 500.000đ đơn hàng 10 triệu khi thanh toán qua thẻ OCB (Xem chi tiết)
Giảm thêm 800.000đ mở thẻ qua VIB (Xem chi tiết)
Giảm 38% giá gói VieON khi mua kèm máy (Xem chi tiết)
Giảm 5% tối đa 200.000đ khi thanh toán qua Kredivo (cho kỳ hạn 6, 9, 12 tháng) (Xem chi tiết)
Giảm thêm đến 6% cho thành viên của Di Động Việt (Xem chi tiết)
Hư lỗi đổi mới trong 12 tháng chỉ từ 2K/ ngày (Xem chi tiết)
Miễn phí Giao hàng siêu tốc trong 1 giờ (Xem chi tiết)";;https://didongviet.vn/dien-thoai/iphone-14-128gb.html;
iPhone 15 128GB Chính hãng (VN/A);Đen;Yes;45;24990000;17790000;2026-06-28;"Khuyến mãi

Giá và khuyến mãi có thể kết thúc sớm hơn dự kiến

1. Duy nhất 28.06: Siêu sale mùa World Cup - Chốt deal ghi bàn (xem chi tiết)

8H - 12H: giảm thêm đến 300.000đ (số lượng có hạn)
12H - 22H: giảm thêm đến 200.000đ (số lượng có hạn)

Lưu ý: Áp dụng trực tiếp tại cửa hàng 300 Lê Hồng Phong và 49 Lê Văn Việt. Không áp dụng đồng thời CTKM khác.

2. Ưu đãi độc quyền:

Giảm thêm đến 2.500.000đ khi thu cũ đổi mới (Xem chi tiết)

D.Member giảm thêm đến 1% (Xem chi tiết)
Trả góp 30: Cam kết 0% lãi suất, 0đ trả trước, 0 phí ẩn (Xem chi tiết)

3. Ưu đãi mua kèm cùng máy:

Apple Watch giảm thêm 200.000đ
AirPods giảm thêm 100.000đ
Củ sạc nhanh Apple giảm thêm 50.000đ
Combo bán kèm giảm đến 15%
Phụ kiện mua kèm Combo bán kèm giảm thêm 3%
Mua kèm Smartwatch từ 5 triệu giảm thêm 500K (trừ Apple, Samsung. Không áp dụng cùng ưu đãi HSSV)
Mua kèm Đồng hồ trẻ em giảm thêm 100K (không áp dụng cùng ưu đãi HSSV)

Thu gọn";"Giảm 5% tối đa 500.000đ thanh toán qua SPayLater (Xem chi tiết)
Giảm 1% tối đa 300.000đ thanh toán ZaloPay (Xem chi tiết)
Giảm 500.000đ khi mở thẻ tín dụng Lio Bank (Xem chi tiết)
Giảm 500.000đ đơn hàng 10 triệu khi thanh toán qua thẻ OCB (Xem chi tiết)
Giảm thêm 800.000đ mở thẻ qua VIB (Xem chi tiết)
Giảm 38% giá gói VieON khi mua kèm máy (Xem chi tiết)
Giảm 5% tối đa 200.000đ khi thanh toán qua Kredivo (cho kỳ hạn 6, 9, 12 tháng) (Xem chi tiết)
Giảm thêm đến 6% cho thành viên của Di Động Việt (Xem chi tiết)
Hư lỗi đổi mới trong 12 tháng chỉ từ 2K/ ngày (Xem chi tiết)
Miễn phí Giao hàng siêu tốc trong 1 giờ (Xem chi tiết)";;https://didongviet.vn/dien-thoai/iphone-15-128gb.html;
iPhone 14 128GB Chính hãng (VN/A);Vàng;No;0;24990000;13990000;2026-06-28;"Khuyến mãi

Giá và khuyến mãi có thể kết thúc sớm hơn dự kiến

1. Ưu đãi độc quyền:

Tặng thêm đến 2.500.000đ khi thu cũ đổi mới (Xem chi tiết)

D.Member giảm thêm đến 1% (Xem chi tiết)
Trả góp 30: Cam kết 0% lãi suất, 0đ trả trước, 0 phí ẩn (Xem chi tiết)

2. Ưu đãi mua kèm cùng máy:

Apple Watch giảm thêm 200.000đ
AirPods giảm thêm 100.000đ
Củ sạc nhanh Apple giảm thêm 50.000đ
Combo bán kèm giảm đến 15%
Phụ kiện mua kèm Combo bán kèm giảm thêm 3%
Mua kèm Smartwatch từ 5 triệu giảm thêm 500K (trừ Apple, Samsung. Không áp dụng cùng ưu đãi HSSV)
Mua kèm Đồng hồ trẻ em giảm thêm 100K (không áp dụng cùng ưu đãi HSSV)

 

Xem thêm";"Giảm 5% tối đa 500.000đ thanh toán qua SPayLater (Xem chi tiết)
Giảm 1% tối đa 300.000đ thanh toán ZaloPay (Xem chi tiết)
Giảm 500.000đ khi mở thẻ tín dụng Lio Bank (Xem chi tiết)
Giảm 500.000đ đơn hàng 10 triệu khi thanh toán qua thẻ OCB (Xem chi tiết)
Giảm thêm 800.000đ mở thẻ qua VIB (Xem chi tiết)
Giảm 38% giá gói VieON khi mua kèm máy (Xem chi tiết)
Giảm 5% tối đa 200.000đ khi thanh toán qua Kredivo (cho kỳ hạn 6, 9, 12 tháng) (Xem chi tiết)
Giảm thêm đến 6% cho thành viên của Di Động Việt (Xem chi tiết)
Hư lỗi đổi mới trong 12 tháng chỉ từ 2K/ ngày (Xem chi tiết)
Miễn phí Giao hàng siêu tốc trong 1 giờ (Xem chi tiết)";;https://didongviet.vn/dien-thoai/iphone-14-128gb.html;
iPhone 15 128GB Chính hãng (VN/A);Xanh Dương;Yes;0;22990000;17890000;2026-06-28;"Khuyến mãi

Giá và khuyến mãi có thể kết thúc sớm hơn dự kiến

1. Duy nhất 28.06: Siêu sale mùa World Cup - Chốt deal ghi bàn (xem chi tiết)

8H - 12H: giảm thêm đến 300.000đ (số lượng có hạn)
12H - 22H: giảm thêm đến 200.000đ (số lượng có hạn)

Lưu ý: Áp dụng trực tiếp tại cửa hàng 300 Lê Hồng Phong và 49 Lê Văn Việt. Không áp dụng đồng thời CTKM khác.

2. Ưu đãi độc quyền:

Giảm thêm đến 2.500.000đ khi thu cũ đổi mới (Xem chi tiết)

D.Member giảm thêm đến 1% (Xem chi tiết)
Trả góp 30: Cam kết 0% lãi suất, 0đ trả trước, 0 phí ẩn (Xem chi tiết)

3. Ưu đãi mua kèm cùng máy:

Apple Watch giảm thêm 200.000đ
AirPods giảm thêm 100.000đ
Củ sạc nhanh Apple giảm thêm 50.000đ
Combo bán kèm giảm đến 15%
Phụ kiện mua kèm Combo bán kèm giảm thêm 3%
Mua kèm Smartwatch từ 5 triệu giảm thêm 500K (trừ Apple, Samsung. Không áp dụng cùng ưu đãi HSSV)
Mua kèm Đồng hồ trẻ em giảm thêm 100K (không áp dụng cùng ưu đãi HSSV)

Thu gọn";"Giảm 5% tối đa 500.000đ thanh toán qua SPayLater (Xem chi tiết)
Giảm 1% tối đa 300.000đ thanh toán ZaloPay (Xem chi tiết)
Giảm 500.000đ khi mở thẻ tín dụng Lio Bank (Xem chi tiết)
Giảm 500.000đ đơn hàng 10 triệu khi thanh toán qua thẻ OCB (Xem chi tiết)
Giảm thêm 800.000đ mở thẻ qua VIB (Xem chi tiết)
Giảm 38% giá gói VieON khi mua kèm máy (Xem chi tiết)
Giảm 5% tối đa 200.000đ khi thanh toán qua Kredivo (cho kỳ hạn 6, 9, 12 tháng) (Xem chi tiết)
Giảm thêm đến 6% cho thành viên của Di Động Việt (Xem chi tiết)
Hư lỗi đổi mới trong 12 tháng chỉ từ 2K/ ngày (Xem chi tiết)
Miễn phí Giao hàng siêu tốc trong 1 giờ (Xem chi tiết)";;https://didongviet.vn/dien-thoai/iphone-15-128gb.html;
iPhone 15 256GB Chính hãng (VN/A);Vàng;No;0;25990000;18390000;2026-06-28;"Khuyến mãi

Giá và khuyến mãi có thể kết thúc sớm hơn dự kiến

1. Ưu đãi độc quyền:

Giảm thêm đến 2.000.000đ khi thu cũ đổi mới (Xem chi tiết)
Giảm thêm 200.000đ khi thanh toán chuyển khoản (áp dụng khi mua thêm gói bảo hành)
D.Member giảm thêm đến 1% (Xem chi tiết)
Trả góp 30: Cam kết 0% lãi suất, 0đ trả trước, 0 phí ẩn (Xem chi tiết)

2. Ưu đãi mua kèm cùng máy:

Apple Watch giảm thêm 200.000đ
AirPods giảm thêm 100.000đ
Củ sạc nhanh Apple giảm thêm 50.000đ

Thu gọn";"Giảm 5% tối đa 500.000đ thanh toán qua SPayLater (Xem chi tiết)
Giảm 1% tối đa 300.000đ thanh toán ZaloPay (Xem chi tiết)
Giảm 500.000đ khi mở thẻ tín dụng Lio Bank (Xem chi tiết)
Giảm 500.000đ đơn hàng 10 triệu khi thanh toán qua thẻ OCB (Xem chi tiết)
Giảm thêm 800.000đ mở thẻ qua VIB (Xem chi tiết)";;https://didongviet.vn/dien-thoai/iphone-15-256gb.html;
iPhone 15 256GB Chính hãng (VN/A);Xanh Lá;No;0;27990000;19790000;2026-06-28;"Khuyến mãi

Giá và khuyến mãi có thể kết thúc sớm hơn dự kiến

1. Ưu đãi độc quyền:

Giảm thêm đến 2.000.000đ khi thu cũ đổi mới (Xem chi tiết)
Giảm thêm 200.000đ khi thanh toán chuyển khoản (áp dụng khi mua thêm gói bảo hành)
D.Member giảm thêm đến 1% (Xem chi tiết)
Trả góp 30: Cam kết 0% lãi suất, 0đ trả trước, 0 phí ẩn (Xem chi tiết)

2. Ưu đãi mua kèm cùng máy:

Apple Watch giảm thêm 200.000đ
AirPods giảm thêm 100.000đ
Củ sạc nhanh Apple giảm thêm 50.000đ

Thu gọn";"Giảm 5% tối đa 500.000đ thanh toán qua SPayLater (Xem chi tiết)
Giảm 1% tối đa 300.000đ thanh toán ZaloPay (Xem chi tiết)
Giảm 500.000đ khi mở thẻ tín dụng Lio Bank (Xem chi tiết)
Giảm 500.000đ đơn hàng 10 triệu khi thanh toán qua thẻ OCB (Xem chi tiết)
Giảm thêm 800.000đ mở thẻ qua VIB (Xem chi tiết)
Giảm 38% giá gói VieON khi mua kèm máy (Xem chi tiết)
Giảm 5% tối đa 200.000đ khi thanh toán qua Kredivo (cho kỳ hạn 6, 9, 12 tháng) (Xem chi tiết)
Giảm thêm đến 6% cho thành viên của Di Động Việt (Xem chi tiết)
Hư lỗi đổi mới trong 12 tháng chỉ từ 2K/ ngày (Xem chi tiết)
Miễn phí Giao hàng siêu tốc trong 1 giờ (Xem chi tiết)";;https://didongviet.vn/dien-thoai/iphone-15-256gb.html;
iPhone 15 256GB Chính hãng (VN/A);Đen;No;0;25990000;19890000;2026-06-28;"Khuyến mãi

Giá và khuyến mãi có thể kết thúc sớm hơn dự kiến

1. Ưu đãi độc quyền:

Giảm thêm đến 2.000.000đ khi thu cũ đổi mới (Xem chi tiết)
Giảm thêm 200.000đ khi thanh toán chuyển khoản (áp dụng khi mua thêm gói bảo hành)
D.Member giảm thêm đến 1% (Xem chi tiết)
Trả góp 30: Cam kết 0% lãi suất, 0đ trả trước, 0 phí ẩn (Xem chi tiết)

2. Ưu đãi mua kèm cùng máy:

Apple Watch giảm thêm 200.000đ
AirPods giảm thêm 100.000đ
Củ sạc nhanh Apple giảm thêm 50.000đ

Thu gọn";"Giảm 5% tối đa 500.000đ thanh toán qua SPayLater (Xem chi tiết)
Giảm 1% tối đa 300.000đ thanh toán ZaloPay (Xem chi tiết)
Giảm 500.000đ khi mở thẻ tín dụng Lio Bank (Xem chi tiết)
Giảm 500.000đ đơn hàng 10 triệu khi thanh toán qua thẻ OCB (Xem chi tiết)
Giảm thêm 800.000đ mở thẻ qua VIB (Xem chi tiết)
Giảm 38% giá gói VieON khi mua kèm máy (Xem chi tiết)
Giảm 5% tối đa 200.000đ khi thanh toán qua Kredivo (cho kỳ hạn 6, 9, 12 tháng) (Xem chi tiết)
Giảm thêm đến 6% cho thành viên của Di Động Việt (Xem chi tiết)
Hư lỗi đổi mới trong 12 tháng chỉ từ 2K/ ngày (Xem chi tiết)
Miễn phí Giao hàng siêu tốc trong 1 giờ (Xem chi tiết)";;https://didongviet.vn/dien-thoai/iphone-15-256gb.html;
iPhone 16e 128GB Chính Hãng (VN/A);Default;Yes;0;16990000;15190000;2026-06-28;"Khuyến mãi

Giá và khuyến mãi có thể kết thúc sớm hơn dự kiến

1. Ưu đãi độc quyền:

Tặng thêm đến 3.500.000đ khi thu cũ đổi mới (Xem chi tiết)
D.Member giảm thêm đến 1% (Xem chi tiết)
Trả góp 30: Cam kết 0% lãi suất, 0đ trả trước, 0 phí ẩn (Xem chi tiết)

2. Ưu đãi mua kèm cùng máy:

Apple Watch giảm thêm 200.000đ
AirPods giảm thêm 100.000đ
Củ sạc nhanh Apple giảm thêm 50.000đ
Gia dụng Bear giảm thêm 100.000đ

 

Thu gọn";"Giảm 5% tối đa 500.000đ thanh toán qua SPayLater (Xem chi tiết)
Giảm 1% tối đa 300.000đ thanh toán ZaloPay (Xem chi tiết)
Giảm 500.000đ khi mở thẻ tín dụng Lio Bank (Xem chi tiết)
Giảm 500.000đ đơn hàng 10 triệu khi thanh toán qua thẻ OCB (Xem chi tiết)
Giảm thêm 800.000đ mở thẻ qua VIB (Xem chi tiết)";;https://didongviet.vn/dien-thoai/iphone-16e.html;
iPhone 15 256GB Chính hãng (VN/A);Hồng;No;0;27990000;20590000;2026-06-28;"Khuyến mãi

Giá và khuyến mãi có thể kết thúc sớm hơn dự kiến

1. Ưu đãi độc quyền:

Giảm thêm đến 2.000.000đ khi thu cũ đổi mới (Xem chi tiết)
Giảm thêm 200.000đ khi thanh toán chuyển khoản (áp dụng khi mua thêm gói bảo hành)
D.Member giảm thêm đến 1% (Xem chi tiết)
Trả góp 30: Cam kết 0% lãi suất, 0đ trả trước, 0 phí ẩn (Xem chi tiết)

2. Ưu đãi mua kèm cùng máy:

Apple Watch giảm thêm 200.000đ
AirPods giảm thêm 100.000đ
Củ sạc nhanh Apple giảm thêm 50.000đ

Xem thêm";"Giảm 5% tối đa 500.000đ thanh toán qua SPayLater (Xem chi tiết)
Giảm 1% tối đa 300.000đ thanh toán ZaloPay (Xem chi tiết)
Giảm 500.000đ khi mở thẻ tín dụng Lio Bank (Xem chi tiết)
Giảm 500.000đ đơn hàng 10 triệu khi thanh toán qua thẻ OCB (Xem chi tiết)
Giảm thêm 800.000đ mở thẻ qua VIB (Xem chi tiết)
Giảm 38% giá gói VieON khi mua kèm máy (Xem chi tiết)
Giảm 5% tối đa 200.000đ khi thanh toán qua Kredivo (cho kỳ hạn 6, 9, 12 tháng) (Xem chi tiết)
Giảm thêm đến 6% cho thành viên của Di Động Việt (Xem chi tiết)
Hư lỗi đổi mới trong 12 tháng chỉ từ 2K/ ngày (Xem chi tiết)
Miễn phí Giao hàng siêu tốc trong 1 giờ (Xem chi tiết)";;https://didongviet.vn/dien-thoai/iphone-15-256gb.html;
iPhone 16 128GB Chính Hãng (VN/A);Trắng;Yes;0;22990000;20490000;2026-06-28;"Khuyến mãi

Giá và khuyến mãi có thể kết thúc sớm hơn dự kiến

1. Duy nhất 28.06: Siêu sale mùa World Cup - Chốt deal ghi bàn (xem chi tiết)

8H - 12H: giảm thêm đến 500.000đ (số lượng có hạn)
12H - 22H: giảm thêm đến 300.000đ (số lượng có hạn)

Lưu ý: Áp dụng trực tiếp tại cửa hàng 300 Lê Hồng Phong và 49 Lê Văn Việt. Không áp dụng đồng thời CTKM khác.

2. Ưu đãi độc quyền:

Giảm thêm đến 2.500.000đ khi thu cũ đổi mới (Xem chi tiết)

D.Member giảm thêm đến 1% (Xem chi tiết)
Trả góp 30: Cam kết 0% lãi suất, 0đ trả trước, 0 phí ẩn (Xem chi tiết)

3. Ưu đãi mua kèm cùng máy:

Apple Watch giảm thêm 200.000đ
AirPods giảm thêm 100.000đ
Củ sạc nhanh Apple giảm thêm 50.000đ
Combo bán kèm giảm đến 15%
Phụ kiện mua kèm Combo bán kèm giảm thêm 3%
Mua kèm Smartwatch từ 5 triệu giảm thêm 500K (trừ Apple, Samsung. Không áp dụng cùng ưu đãi HSSV)
Mua kèm Đồng hồ trẻ em giảm thêm 100K (không áp dụng cùng ưu đãi HSSV)

Thu gọn";"Giảm 5% tối đa 500.000đ thanh toán qua SPayLater (Xem chi tiết)
Giảm 1% tối đa 300.000đ thanh toán ZaloPay (Xem chi tiết)
Giảm 500.000đ khi mở thẻ tín dụng Lio Bank (Xem chi tiết)
Giảm 500.000đ đơn hàng 10 triệu khi thanh toán qua thẻ OCB (Xem chi tiết)
Giảm thêm 800.000đ mở thẻ qua VIB (Xem chi tiết)";;https://didongviet.vn/dien-thoai/iphone-16-128gb.html;
iPhone 16 Pro Max 256GB Chính Hãng (VN/A);Titan Sa Mạc;No;0;34990000;29990000;2026-06-28;"Ưu đãi thêm

Giảm 5% tối đa 500.000đ thanh toán qua SPayLater (Xem chi tiết)
Giảm 1% tối đa 300.000đ thanh toán ZaloPay (Xem chi tiết)
Giảm 500.000đ khi mở thẻ tín dụng Lio Bank (Xem chi tiết)
Giảm 500.000đ đơn hàng 10 triệu khi thanh toán qua thẻ OCB (Xem chi tiết)
Giảm thêm 800.000đ mở thẻ qua VIB (Xem chi tiết)
Giảm 38% giá gói VieON khi mua kèm máy (Xem chi tiết)
Giảm 5% tối đa 200.000đ khi thanh toán qua Kredivo (cho kỳ hạn 6, 9, 12 tháng) (Xem chi tiết)
Giảm thêm đến 6% cho thành viên của Di Động Việt (Xem chi tiết)
Hư lỗi đổi mới trong 12 tháng chỉ từ 2K/ ngày (Xem chi tiết)
Miễn phí Giao hàng siêu tốc trong 1 giờ (Xem chi tiết)

Thu gọn";"Giảm 5% tối đa 500.000đ thanh toán qua SPayLater (Xem chi tiết)
Giảm 1% tối đa 300.000đ thanh toán ZaloPay (Xem chi tiết)
Giảm 500.000đ khi mở thẻ tín dụng Lio Bank (Xem chi tiết)
Giảm 500.000đ đơn hàng 10 triệu khi thanh toán qua thẻ OCB (Xem chi tiết)
Giảm thêm 800.000đ mở thẻ qua VIB (Xem chi tiết)
Giảm 38% giá gói VieON khi mua kèm máy (Xem chi tiết)
Giảm 5% tối đa 200.000đ khi thanh toán qua Kredivo (cho kỳ hạn 6, 9, 12 tháng) (Xem chi tiết)
Giảm thêm đến 6% cho thành viên của Di Động Việt (Xem chi tiết)
Hư lỗi đổi mới trong 12 tháng chỉ từ 2K/ ngày (Xem chi tiết)
Miễn phí Giao hàng siêu tốc trong 1 giờ (Xem chi tiết)";;https://didongviet.vn/dien-thoai/iphone-16-pro-max-256gb.html;
iPhone 16 Pro Max 1TB Chính Hãng (VN/A);Titan Tự Nhiên;No;0;46990000;41990000;2026-06-28;"Ưu đãi thêm

Giảm 5% tối đa 500.000đ thanh toán qua SPayLater (Xem chi tiết)
Giảm 1% tối đa 300.000đ thanh toán ZaloPay (Xem chi tiết)
Giảm 500.000đ khi mở thẻ tín dụng Lio Bank (Xem chi tiết)
Giảm 500.000đ đơn hàng 10 triệu khi thanh toán qua thẻ OCB (Xem chi tiết)
Giảm thêm 800.000đ mở thẻ qua VIB (Xem chi tiết)
Giảm 38% giá gói VieON khi mua kèm máy (Xem chi tiết)
Giảm 5% tối đa 200.000đ khi thanh toán qua Kredivo (cho kỳ hạn 6, 9, 12 tháng) (Xem chi tiết)
Giảm thêm đến 6% cho thành viên của Di Động Việt (Xem chi tiết)
Hư lỗi đổi mới trong 12 tháng chỉ từ 2K/ ngày (Xem chi tiết)
Miễn phí Giao hàng siêu tốc trong 1 giờ (Xem chi tiết)

Thu gọn";"Giảm 5% tối đa 500.000đ thanh toán qua SPayLater (Xem chi tiết)
Giảm 1% tối đa 300.000đ thanh toán ZaloPay (Xem chi tiết)
Giảm 500.000đ khi mở thẻ tín dụng Lio Bank (Xem chi tiết)
Giảm 500.000đ đơn hàng 10 triệu khi thanh toán qua thẻ OCB (Xem chi tiết)
Giảm thêm 800.000đ mở thẻ qua VIB (Xem chi tiết)
Giảm 38% giá gói VieON khi mua kèm máy (Xem chi tiết)
Giảm 5% tối đa 200.000đ khi thanh toán qua Kredivo (cho kỳ hạn 6, 9, 12 tháng) (Xem chi tiết)
Giảm thêm đến 6% cho thành viên của Di Động Việt (Xem chi tiết)
Hư lỗi đổi mới trong 12 tháng chỉ từ 2K/ ngày (Xem chi tiết)
Miễn phí Giao hàng siêu tốc trong 1 giờ (Xem chi tiết)";;https://didongviet.vn/dien-thoai/iphone-16-pro-max-1tb.html;
iPhone 16 Plus 128GB Chính hãng (VN/A);Xanh Lá;Yes;0;25990000;23890000;2026-06-28;"Khuyến mãi

Giá và khuyến mãi có thể kết thúc sớm hơn dự kiến

1. Ưu đãi độc quyền:

Giảm thêm đến 2.500.000đ khi thu cũ đổi mới (Xem chi tiết)

D.Member giảm thêm đến 1% (Xem chi tiết)
Trả góp 30: Cam kết 0% lãi suất, 0đ trả trước, 0 phí ẩn (Xem chi tiết)

2. Ưu đãi mua kèm cùng máy:

Apple Watch giảm thêm 200.000đ
AirPods giảm thêm 100.000đ
Củ sạc nhanh Apple giảm thêm 50.000đ
Combo bán kèm giảm đến 15%
Phụ kiện mua kèm Combo bán kèm giảm thêm 3%
Mua kèm Smartwatch từ 5 triệu giảm thêm 500K (trừ Apple, Samsung. Không áp dụng cùng ưu đãi HSSV)
Mua kèm Đồng hồ trẻ em giảm thêm 100K (không áp dụng cùng ưu đãi HSSV)

 

Thu gọn";"Giảm 5% tối đa 500.000đ thanh toán qua SPayLater (Xem chi tiết)
Giảm 1% tối đa 300.000đ thanh toán ZaloPay (Xem chi tiết)
Giảm 500.000đ khi mở thẻ tín dụng Lio Bank (Xem chi tiết)
Giảm 500.000đ đơn hàng 10 triệu khi thanh toán qua thẻ OCB (Xem chi tiết)
Giảm thêm 800.000đ mở thẻ qua VIB (Xem chi tiết)";;https://didongviet.vn/dien-thoai/iphone-16-plus-128gb.html;
iPhone 16 Plus 256GB Chính hãng (VN/A);Default;Yes;0;28990000;26390000;2026-06-28;"Khuyến mãi

Giá và khuyến mãi có thể kết thúc sớm hơn dự kiến

Duy nhất 28.12: Mừng sinh nhật cửa hàng 77 Trần Quang Khải (Xem chi tiết)


08h - 12h: giảm thêm đến 300.000đ 
12h -22h: giảm thêm đến 200.000đ 

*Áp dụng trực tiếp tại cửa hàng, không áp dụng đồng thời CTKM khác

1. Ưu đãi độc quyền:

Tặng thêm đến 3.500.000đ khi thu cũ đổi mới (Xem chi tiết)
Tiết kiệm đến 1% với D.MEMBER (Xem chi tiết)
Trả góp 30: Cam kết 0% lãi suất, 0đ trả trước, 0 phí ẩn (Xem chi tiết)

2. Ưu đãi mua kèm cùng máy:

Apple Watch giảm thêm 200.000đ
AirPods giảm thêm 100.000đ
Củ sạc nhanh Apple giảm thêm 50.000đ
Gia dụng Bear giảm thêm 100.000đ

Thu gọn";"Giảm 5% tối đa 500.000đ thanh toán qua SPayLater (Xem chi tiết)
Giảm 1% tối đa 300.000đ thanh toán ZaloPay (Xem chi tiết)
Giảm 500.000đ khi mở thẻ tín dụng Lio Bank (Xem chi tiết)
Giảm 500.000đ đơn hàng 10 triệu khi thanh toán qua thẻ OCB (Xem chi tiết)
Giảm thêm 800.000đ mở thẻ qua VIB (Xem chi tiết)";;https://didongviet.vn/dien-thoai/iphone-16-plus-256gb.html;
iPhone 15 256GB Chính hãng (VN/A);Xanh Dương;No;0;25990000;20590000;2026-06-28;"Khuyến mãi

Giá và khuyến mãi có thể kết thúc sớm hơn dự kiến

1. Ưu đãi độc quyền:

Giảm thêm đến 2.000.000đ khi thu cũ đổi mới (Xem chi tiết)
Giảm thêm 200.000đ khi thanh toán chuyển khoản (áp dụng khi mua thêm gói bảo hành)
D.Member giảm thêm đến 1% (Xem chi tiết)
Trả góp 30: Cam kết 0% lãi suất, 0đ trả trước, 0 phí ẩn (Xem chi tiết)

2. Ưu đãi mua kèm cùng máy:

Apple Watch giảm thêm 200.000đ
AirPods giảm thêm 100.000đ
Củ sạc nhanh Apple giảm thêm 50.000đ

Thu gọn";"Giảm 5% tối đa 500.000đ thanh toán qua SPayLater (Xem chi tiết)
Giảm 1% tối đa 300.000đ thanh toán ZaloPay (Xem chi tiết)
Giảm 500.000đ khi mở thẻ tín dụng Lio Bank (Xem chi tiết)
Giảm 500.000đ đơn hàng 10 triệu khi thanh toán qua thẻ OCB (Xem chi tiết)
Giảm thêm 800.000đ mở thẻ qua VIB (Xem chi tiết)
Giảm 38% giá gói VieON khi mua kèm máy (Xem chi tiết)
Giảm 5% tối đa 200.000đ khi thanh toán qua Kredivo (cho kỳ hạn 6, 9, 12 tháng) (Xem chi tiết)
Giảm thêm đến 6% cho thành viên của Di Động Việt (Xem chi tiết)
Hư lỗi đổi mới trong 12 tháng chỉ từ 2K/ ngày (Xem chi tiết)
Miễn phí Giao hàng siêu tốc trong 1 giờ (Xem chi tiết)";;https://didongviet.vn/dien-thoai/iphone-15-256gb.html;
iPhone 17 Pro 1TB Chính Hãng;Cam Vũ Trụ;Yes;0;47990000;44590000;2026-06-28;"Khuyến mãi

Giá và khuyến mãi có thể kết thúc sớm hơn dự kiến

1. Ưu đãi độc quyền:

Giảm thêm đến 2.500.000đ khi thu cũ đổi mới (Xem chi tiết)

D.Member giảm thêm đến 1% (Xem chi tiết)
Trả góp 30: Cam kết 0% lãi suất, 0đ trả trước, 0 phí ẩn (Xem chi tiết)


2. Ưu đãi mua kèm cùng máy:

Apple Watch giảm thêm 200.000đ
AirPods giảm thêm 100.000đ
Củ sạc nhanh Apple giảm thêm 50.000đ
Combo bán kèm giảm đến 15%
Phụ kiện mua kèm Combo bán kèm giảm thêm 3%
Mua kèm Smartwatch từ 5 triệu giảm thêm 500K (trừ Apple, Samsung. Không áp dụng cùng ưu đãi HSSV)
Mua kèm Đồng hồ trẻ em giảm thêm 100K (không áp dụng cùng ưu đãi HSSV)

Thu gọn";"Giảm 5% tối đa 500.000đ thanh toán qua SPayLater (Xem chi tiết)
Giảm 1% tối đa 300.000đ thanh toán ZaloPay (Xem chi tiết)
Giảm 500.000đ khi mở thẻ tín dụng Lio Bank (Xem chi tiết)
Giảm 500.000đ đơn hàng 10 triệu khi thanh toán qua thẻ OCB (Xem chi tiết)
Giảm thêm 800.000đ mở thẻ qua VIB (Xem chi tiết)";;https://didongviet.vn/dien-thoai/iphone-17-pro-1tb.html;
iPhone 17 Pro 256GB Chính Hãng;Cam Vũ Trụ;Yes;45;34990000;33290000;2026-06-28;"Khuyến mãi

Giá và khuyến mãi có thể kết thúc sớm hơn dự kiến

1. Duy nhất 28.06: Siêu sale mùa World Cup - Chốt deal ghi bàn (xem chi tiết)

8H - 12H: giảm thêm đến 500.000đ (số lượng có hạn)
12H - 22H: giảm thêm đến 300.000đ (số lượng có hạn)

Lưu ý: Áp dụng trực tiếp tại cửa hàng 300 Lê Hồng Phong và 49 Lê Văn Việt. Không áp dụng đồng thời CTKM khác.

2. Ưu đãi độc quyền:

Giảm thêm đến 2.500.000đ khi thu cũ đổi mới (Xem chi tiết)

D.Member giảm thêm đến 1% (Xem chi tiết)
Trả góp 30: Cam kết 0% lãi suất, 0đ trả trước, 0 phí ẩn (Xem chi tiết)


3. Ưu đãi mua kèm cùng máy:

Apple Watch giảm thêm 200.000đ
AirPods giảm thêm 100.000đ
Củ sạc nhanh Apple giảm thêm 50.000đ
Combo bán kèm giảm đến 15%
Phụ kiện mua kèm Combo bán kèm giảm thêm 3%
Mua kèm Smartwatch từ 5 triệu giảm thêm 500K (trừ Apple, Samsung. Không áp dụng cùng ưu đãi HSSV)
Mua kèm Đồng hồ trẻ em giảm thêm 100K (không áp dụng cùng ưu đãi HSSV)

Thu gọn";"Giảm 5% tối đa 500.000đ thanh toán qua SPayLater (Xem chi tiết)
Giảm 1% tối đa 300.000đ thanh toán ZaloPay (Xem chi tiết)
Giảm 500.000đ khi mở thẻ tín dụng Lio Bank (Xem chi tiết)
Giảm 500.000đ đơn hàng 10 triệu khi thanh toán qua thẻ OCB (Xem chi tiết)
Giảm thêm 800.000đ mở thẻ qua VIB (Xem chi tiết)";;https://didongviet.vn/dien-thoai/iphone-17-pro-256gb.html;
iPhone 16 Pro Max 1TB Chính Hãng (VN/A);Titan Sa Mạc;No;0;46990000;42590000;2026-06-28;"Ưu đãi thêm

Giảm 5% tối đa 500.000đ thanh toán qua SPayLater (Xem chi tiết)
Giảm 1% tối đa 300.000đ thanh toán ZaloPay (Xem chi tiết)
Giảm 500.000đ khi mở thẻ tín dụng Lio Bank (Xem chi tiết)
Giảm 500.000đ đơn hàng 10 triệu khi thanh toán qua thẻ OCB (Xem chi tiết)
Giảm thêm 800.000đ mở thẻ qua VIB (Xem chi tiết)
Giảm 38% giá gói VieON khi mua kèm máy (Xem chi tiết)
Giảm 5% tối đa 200.000đ khi thanh toán qua Kredivo (cho kỳ hạn 6, 9, 12 tháng) (Xem chi tiết)
Giảm thêm đến 6% cho thành viên của Di Động Việt (Xem chi tiết)
Hư lỗi đổi mới trong 12 tháng chỉ từ 2K/ ngày (Xem chi tiết)
Miễn phí Giao hàng siêu tốc trong 1 giờ (Xem chi tiết)

Thu gọn";"Giảm 5% tối đa 500.000đ thanh toán qua SPayLater (Xem chi tiết)
Giảm 1% tối đa 300.000đ thanh toán ZaloPay (Xem chi tiết)
Giảm 500.000đ khi mở thẻ tín dụng Lio Bank (Xem chi tiết)
Giảm 500.000đ đơn hàng 10 triệu khi thanh toán qua thẻ OCB (Xem chi tiết)
Giảm thêm 800.000đ mở thẻ qua VIB (Xem chi tiết)
Giảm 38% giá gói VieON khi mua kèm máy (Xem chi tiết)
Giảm 5% tối đa 200.000đ khi thanh toán qua Kredivo (cho kỳ hạn 6, 9, 12 tháng) (Xem chi tiết)
Giảm thêm đến 6% cho thành viên của Di Động Việt (Xem chi tiết)
Hư lỗi đổi mới trong 12 tháng chỉ từ 2K/ ngày (Xem chi tiết)
Miễn phí Giao hàng siêu tốc trong 1 giờ (Xem chi tiết)";;https://didongviet.vn/dien-thoai/iphone-16-pro-max-1tb.html;
iPhone 16 128GB Chính Hãng (VN/A);Đen;Yes;8;22990000;20490000;2026-06-28;"Khuyến mãi

Giá và khuyến mãi có thể kết thúc sớm hơn dự kiến

1. Duy nhất 28.06: Siêu sale mùa World Cup - Chốt deal ghi bàn (xem chi tiết)

8H - 12H: giảm thêm đến 500.000đ (số lượng có hạn)
12H - 22H: giảm thêm đến 300.000đ (số lượng có hạn)

Lưu ý: Áp dụng trực tiếp tại cửa hàng 300 Lê Hồng Phong và 49 Lê Văn Việt. Không áp dụng đồng thời CTKM khác.

2. Ưu đãi độc quyền:

Giảm thêm đến 2.500.000đ khi thu cũ đổi mới (Xem chi tiết)

D.Member giảm thêm đến 1% (Xem chi tiết)
Trả góp 30: Cam kết 0% lãi suất, 0đ trả trước, 0 phí ẩn (Xem chi tiết)

3. Ưu đãi mua kèm cùng máy:

Apple Watch giảm thêm 200.000đ
AirPods giảm thêm 100.000đ
Củ sạc nhanh Apple giảm thêm 50.000đ
Combo bán kèm giảm đến 15%
Phụ kiện mua kèm Combo bán kèm giảm thêm 3%
Mua kèm Smartwatch từ 5 triệu giảm thêm 500K (trừ Apple, Samsung. Không áp dụng cùng ưu đãi HSSV)
Mua kèm Đồng hồ trẻ em giảm thêm 100K (không áp dụng cùng ưu đãi HSSV)

Thu gọn";"Giảm 5% tối đa 500.000đ thanh toán qua SPayLater (Xem chi tiết)
Giảm 1% tối đa 300.000đ thanh toán ZaloPay (Xem chi tiết)
Giảm 500.000đ khi mở thẻ tín dụng Lio Bank (Xem chi tiết)
Giảm 500.000đ đơn hàng 10 triệu khi thanh toán qua thẻ OCB (Xem chi tiết)
Giảm thêm 800.000đ mở thẻ qua VIB (Xem chi tiết)
Giảm 38% giá gói VieON khi mua kèm máy (Xem chi tiết)
Giảm 5% tối đa 200.000đ khi thanh toán qua Kredivo (cho kỳ hạn 6, 9, 12 tháng) (Xem chi tiết)
Giảm thêm đến 6% cho thành viên của Di Động Việt (Xem chi tiết)
Hư lỗi đổi mới trong 12 tháng chỉ từ 2K/ ngày (Xem chi tiết)
Miễn phí Giao hàng siêu tốc trong 1 giờ (Xem chi tiết)";;https://didongviet.vn/dien-thoai/iphone-16-128gb.html;
iPhone 16 Plus 128GB Chính hãng (VN/A);Trắng;Yes;3;25990000;23890000;2026-06-28;"Khuyến mãi

Giá và khuyến mãi có thể kết thúc sớm hơn dự kiến

1. Ưu đãi độc quyền:

Giảm thêm đến 2.500.000đ khi thu cũ đổi mới (Xem chi tiết)

D.Member giảm thêm đến 1% (Xem chi tiết)
Trả góp 30: Cam kết 0% lãi suất, 0đ trả trước, 0 phí ẩn (Xem chi tiết)

2. Ưu đãi mua kèm cùng máy:

Apple Watch giảm thêm 200.000đ
AirPods giảm thêm 100.000đ
Củ sạc nhanh Apple giảm thêm 50.000đ
Combo bán kèm giảm đến 15%
Phụ kiện mua kèm Combo bán kèm giảm thêm 3%
Mua kèm Smartwatch từ 5 triệu giảm thêm 500K (trừ Apple, Samsung. Không áp dụng cùng ưu đãi HSSV)
Mua kèm Đồng hồ trẻ em giảm thêm 100K (không áp dụng cùng ưu đãi HSSV)

 

Thu gọn";"Giảm 5% tối đa 500.000đ thanh toán qua SPayLater (Xem chi tiết)
Giảm 1% tối đa 300.000đ thanh toán ZaloPay (Xem chi tiết)
Giảm 500.000đ khi mở thẻ tín dụng Lio Bank (Xem chi tiết)
Giảm 500.000đ đơn hàng 10 triệu khi thanh toán qua thẻ OCB (Xem chi tiết)
Giảm thêm 800.000đ mở thẻ qua VIB (Xem chi tiết)
Giảm 38% giá gói VieON khi mua kèm máy (Xem chi tiết)
Giảm 5% tối đa 200.000đ khi thanh toán qua Kredivo (cho kỳ hạn 6, 9, 12 tháng) (Xem chi tiết)
Giảm thêm đến 6% cho thành viên của Di Động Việt (Xem chi tiết)
Hư lỗi đổi mới trong 12 tháng chỉ từ 2K/ ngày (Xem chi tiết)
Miễn phí Giao hàng siêu tốc trong 1 giờ (Xem chi tiết)";;https://didongviet.vn/dien-thoai/iphone-16-plus-128gb.html;
iPhone 17 256GB Chính Hãng;Tím Oải Hương;Yes;46;24990000;23590000;2026-06-28;"Khuyến mãi

Giá và khuyến mãi có thể kết thúc sớm hơn dự kiến

1. Duy nhất 28.06: Siêu sale mùa World Cup - Chốt deal ghi bàn (xem chi tiết)

8H - 12H: giảm thêm đến 500.000đ (số lượng có hạn)
12H - 22H: giảm thêm đến 300.000đ (số lượng có hạn)

Lưu ý: Áp dụng trực tiếp tại cửa hàng 300 Lê Hồng Phong và 49 Lê Văn Việt. Không áp dụng đồng thời CTKM khác.

2. Ưu đãi độc quyền:

Giảm thêm đến 2.500.000đ khi thu cũ đổi mới (Xem chi tiết)
D.Member giảm thêm đến 1% (Xem chi tiết)
Trả góp 30: Cam kết 0% lãi suất, 0đ trả trước, 0 phí ẩn (Xem chi tiết)

3. Ưu đãi mua kèm cùng máy:

Apple Watch giảm thêm 200.000đ
AirPods giảm thêm 100.000đ
Củ sạc nhanh Apple giảm thêm 50.000đ
Combo bán kèm giảm đến 15%
Phụ kiện mua kèm Combo bán kèm giảm thêm 3%
Mua kèm Smartwatch từ 5 triệu giảm thêm 500K (trừ Apple, Samsung. Không áp dụng cùng ưu đãi HSSV)
Mua kèm Đồng hồ trẻ em giảm thêm 100K (không áp dụng cùng ưu đãi HSSV)

Thu gọn";"Giảm 5% tối đa 500.000đ thanh toán qua SPayLater (Xem chi tiết)
Giảm 1% tối đa 300.000đ thanh toán ZaloPay (Xem chi tiết)
Giảm 500.000đ khi mở thẻ tín dụng Lio Bank (Xem chi tiết)
Giảm 500.000đ đơn hàng 10 triệu khi thanh toán qua thẻ OCB (Xem chi tiết)
Giảm thêm 800.000đ mở thẻ qua VIB (Xem chi tiết)";;https://didongviet.vn/dien-thoai/iphone-17-256gb.html;
iPhone 16 Pro Max 256GB Chính Hãng (VN/A);Titan Tự Nhiên;No;0;34990000;29990000;2026-06-28;"Ưu đãi thêm

Giảm 5% tối đa 500.000đ thanh toán qua SPayLater (Xem chi tiết)
Giảm 1% tối đa 300.000đ thanh toán ZaloPay (Xem chi tiết)
Giảm 500.000đ khi mở thẻ tín dụng Lio Bank (Xem chi tiết)
Giảm 500.000đ đơn hàng 10 triệu khi thanh toán qua thẻ OCB (Xem chi tiết)
Giảm thêm 800.000đ mở thẻ qua VIB (Xem chi tiết)
Giảm 38% giá gói VieON khi mua kèm máy (Xem chi tiết)
Giảm 5% tối đa 200.000đ khi thanh toán qua Kredivo (cho kỳ hạn 6, 9, 12 tháng) (Xem chi tiết)
Giảm thêm đến 6% cho thành viên của Di Động Việt (Xem chi tiết)
Hư lỗi đổi mới trong 12 tháng chỉ từ 2K/ ngày (Xem chi tiết)
Miễn phí Giao hàng siêu tốc trong 1 giờ (Xem chi tiết)

Thu gọn";"Giảm 5% tối đa 500.000đ thanh toán qua SPayLater (Xem chi tiết)
Giảm 1% tối đa 300.000đ thanh toán ZaloPay (Xem chi tiết)
Giảm 500.000đ khi mở thẻ tín dụng Lio Bank (Xem chi tiết)
Giảm 500.000đ đơn hàng 10 triệu khi thanh toán qua thẻ OCB (Xem chi tiết)
Giảm thêm 800.000đ mở thẻ qua VIB (Xem chi tiết)
Giảm 38% giá gói VieON khi mua kèm máy (Xem chi tiết)
Giảm 5% tối đa 200.000đ khi thanh toán qua Kredivo (cho kỳ hạn 6, 9, 12 tháng) (Xem chi tiết)
Giảm thêm đến 6% cho thành viên của Di Động Việt (Xem chi tiết)
Hư lỗi đổi mới trong 12 tháng chỉ từ 2K/ ngày (Xem chi tiết)
Miễn phí Giao hàng siêu tốc trong 1 giờ (Xem chi tiết)";;https://didongviet.vn/dien-thoai/iphone-16-pro-max-256gb.html;
iPhone 16 128GB Chính Hãng (VN/A);Xanh Dương;Yes;21;22990000;20490000;2026-06-28;"Khuyến mãi

Giá và khuyến mãi có thể kết thúc sớm hơn dự kiến

1. Duy nhất 28.06: Siêu sale mùa World Cup - Chốt deal ghi bàn (xem chi tiết)

8H - 12H: giảm thêm đến 500.000đ (số lượng có hạn)
12H - 22H: giảm thêm đến 300.000đ (số lượng có hạn)

Lưu ý: Áp dụng trực tiếp tại cửa hàng 300 Lê Hồng Phong và 49 Lê Văn Việt. Không áp dụng đồng thời CTKM khác.

2. Ưu đãi độc quyền:

Giảm thêm đến 2.500.000đ khi thu cũ đổi mới (Xem chi tiết)

D.Member giảm thêm đến 1% (Xem chi tiết)
Trả góp 30: Cam kết 0% lãi suất, 0đ trả trước, 0 phí ẩn (Xem chi tiết)

3. Ưu đãi mua kèm cùng máy:

Apple Watch giảm thêm 200.000đ
AirPods giảm thêm 100.000đ
Củ sạc nhanh Apple giảm thêm 50.000đ
Combo bán kèm giảm đến 15%
Phụ kiện mua kèm Combo bán kèm giảm thêm 3%
Mua kèm Smartwatch từ 5 triệu giảm thêm 500K (trừ Apple, Samsung. Không áp dụng cùng ưu đãi HSSV)
Mua kèm Đồng hồ trẻ em giảm thêm 100K (không áp dụng cùng ưu đãi HSSV)

Thu gọn";"Giảm 5% tối đa 500.000đ thanh toán qua SPayLater (Xem chi tiết)
Giảm 1% tối đa 300.000đ thanh toán ZaloPay (Xem chi tiết)
Giảm 500.000đ khi mở thẻ tín dụng Lio Bank (Xem chi tiết)
Giảm 500.000đ đơn hàng 10 triệu khi thanh toán qua thẻ OCB (Xem chi tiết)
Giảm thêm 800.000đ mở thẻ qua VIB (Xem chi tiết)
Giảm 38% giá gói VieON khi mua kèm máy (Xem chi tiết)
Giảm 5% tối đa 200.000đ khi thanh toán qua Kredivo (cho kỳ hạn 6, 9, 12 tháng) (Xem chi tiết)
Giảm thêm đến 6% cho thành viên của Di Động Việt (Xem chi tiết)
Hư lỗi đổi mới trong 12 tháng chỉ từ 2K/ ngày (Xem chi tiết)
Miễn phí Giao hàng siêu tốc trong 1 giờ (Xem chi tiết)";;https://didongviet.vn/dien-thoai/iphone-16-128gb.html;
iPhone 17 Pro 256GB Chính Hãng;Xanh Đậm;Yes;35;34990000;33390000;2026-06-28;"Khuyến mãi

Giá và khuyến mãi có thể kết thúc sớm hơn dự kiến

1. Duy nhất 28.06: Siêu sale mùa World Cup - Chốt deal ghi bàn (xem chi tiết)

8H - 12H: giảm thêm đến 500.000đ (số lượng có hạn)
12H - 22H: giảm thêm đến 300.000đ (số lượng có hạn)

Lưu ý: Áp dụng trực tiếp tại cửa hàng 300 Lê Hồng Phong và 49 Lê Văn Việt. Không áp dụng đồng thời CTKM khác.

2. Ưu đãi độc quyền:

Giảm thêm đến 2.500.000đ khi thu cũ đổi mới (Xem chi tiết)

D.Member giảm thêm đến 1% (Xem chi tiết)
Trả góp 30: Cam kết 0% lãi suất, 0đ trả trước, 0 phí ẩn (Xem chi tiết)


3. Ưu đãi mua kèm cùng máy:

Apple Watch giảm thêm 200.000đ
AirPods giảm thêm 100.000đ
Củ sạc nhanh Apple giảm thêm 50.000đ
Combo bán kèm giảm đến 15%
Phụ kiện mua kèm Combo bán kèm giảm thêm 3%
Mua kèm Smartwatch từ 5 triệu giảm thêm 500K (trừ Apple, Samsung. Không áp dụng cùng ưu đãi HSSV)
Mua kèm Đồng hồ trẻ em giảm thêm 100K (không áp dụng cùng ưu đãi HSSV)

Thu gọn";"Giảm 5% tối đa 500.000đ thanh toán qua SPayLater (Xem chi tiết)
Giảm 1% tối đa 300.000đ thanh toán ZaloPay (Xem chi tiết)
Giảm 500.000đ khi mở thẻ tín dụng Lio Bank (Xem chi tiết)
Giảm 500.000đ đơn hàng 10 triệu khi thanh toán qua thẻ OCB (Xem chi tiết)
Giảm thêm 800.000đ mở thẻ qua VIB (Xem chi tiết)
Giảm 38% giá gói VieON khi mua kèm máy (Xem chi tiết)
Giảm 5% tối đa 200.000đ khi thanh toán qua Kredivo (cho kỳ hạn 6, 9, 12 tháng) (Xem chi tiết)
Giảm thêm đến 6% cho thành viên của Di Động Việt (Xem chi tiết)
Hư lỗi đổi mới trong 12 tháng chỉ từ 2K/ ngày (Xem chi tiết)
Miễn phí Giao hàng siêu tốc trong 1 giờ (Xem chi tiết)";;https://didongviet.vn/dien-thoai/iphone-17-pro-256gb.html;
iPhone 16 Pro Max 1TB Chính Hãng (VN/A);Titan Đen;No;0;46990000;42590000;2026-06-28;"Ưu đãi thêm

Giảm 5% tối đa 500.000đ thanh toán qua SPayLater (Xem chi tiết)
Giảm 1% tối đa 300.000đ thanh toán ZaloPay (Xem chi tiết)
Giảm 500.000đ khi mở thẻ tín dụng Lio Bank (Xem chi tiết)
Giảm 500.000đ đơn hàng 10 triệu khi thanh toán qua thẻ OCB (Xem chi tiết)
Giảm thêm 800.000đ mở thẻ qua VIB (Xem chi tiết)

Xem thêm 5 ưu đãi";"Giảm 5% tối đa 500.000đ thanh toán qua SPayLater (Xem chi tiết)
Giảm 1% tối đa 300.000đ thanh toán ZaloPay (Xem chi tiết)
Giảm 500.000đ khi mở thẻ tín dụng Lio Bank (Xem chi tiết)
Giảm 500.000đ đơn hàng 10 triệu khi thanh toán qua thẻ OCB (Xem chi tiết)
Giảm thêm 800.000đ mở thẻ qua VIB (Xem chi tiết)";;https://didongviet.vn/dien-thoai/iphone-16-pro-max-1tb.html;
iPhone 16 Pro Max 256GB Chính Hãng (VN/A);Titan Đen;No;0;34990000;29990000;2026-06-28;"Ưu đãi thêm

Giảm 5% tối đa 500.000đ thanh toán qua SPayLater (Xem chi tiết)
Giảm 1% tối đa 300.000đ thanh toán ZaloPay (Xem chi tiết)
Giảm 500.000đ khi mở thẻ tín dụng Lio Bank (Xem chi tiết)
Giảm 500.000đ đơn hàng 10 triệu khi thanh toán qua thẻ OCB (Xem chi tiết)
Giảm thêm 800.000đ mở thẻ qua VIB (Xem chi tiết)

Xem thêm 5 ưu đãi";"Giảm 5% tối đa 500.000đ thanh toán qua SPayLater (Xem chi tiết)
Giảm 1% tối đa 300.000đ thanh toán ZaloPay (Xem chi tiết)
Giảm 500.000đ khi mở thẻ tín dụng Lio Bank (Xem chi tiết)
Giảm 500.000đ đơn hàng 10 triệu khi thanh toán qua thẻ OCB (Xem chi tiết)
Giảm thêm 800.000đ mở thẻ qua VIB (Xem chi tiết)";;https://didongviet.vn/dien-thoai/iphone-16-pro-max-256gb.html;
iPhone 17 256GB Chính Hãng;Đen;Yes;22;24990000;23790000;2026-06-28;"Khuyến mãi

Giá và khuyến mãi có thể kết thúc sớm hơn dự kiến

1. Duy nhất 28.06: Siêu sale mùa World Cup - Chốt deal ghi bàn (xem chi tiết)

8H - 12H: giảm thêm đến 500.000đ (số lượng có hạn)
12H - 22H: giảm thêm đến 300.000đ (số lượng có hạn)

Lưu ý: Áp dụng trực tiếp tại cửa hàng 300 Lê Hồng Phong và 49 Lê Văn Việt. Không áp dụng đồng thời CTKM khác.

2. Ưu đãi độc quyền:

Giảm thêm đến 2.500.000đ khi thu cũ đổi mới (Xem chi tiết)
D.Member giảm thêm đến 1% (Xem chi tiết)
Trả góp 30: Cam kết 0% lãi suất, 0đ trả trước, 0 phí ẩn (Xem chi tiết)

3. Ưu đãi mua kèm cùng máy:

Apple Watch giảm thêm 200.000đ
AirPods giảm thêm 100.000đ
Củ sạc nhanh Apple giảm thêm 50.000đ
Combo bán kèm giảm đến 15%
Phụ kiện mua kèm Combo bán kèm giảm thêm 3%
Mua kèm Smartwatch từ 5 triệu giảm thêm 500K (trừ Apple, Samsung. Không áp dụng cùng ưu đãi HSSV)
Mua kèm Đồng hồ trẻ em giảm thêm 100K (không áp dụng cùng ưu đãi HSSV)

Thu gọn";"Giảm 5% tối đa 500.000đ thanh toán qua SPayLater (Xem chi tiết)
Giảm 1% tối đa 300.000đ thanh toán ZaloPay (Xem chi tiết)
Giảm 500.000đ khi mở thẻ tín dụng Lio Bank (Xem chi tiết)
Giảm 500.000đ đơn hàng 10 triệu khi thanh toán qua thẻ OCB (Xem chi tiết)
Giảm thêm 800.000đ mở thẻ qua VIB (Xem chi tiết)
Giảm 38% giá gói VieON khi mua kèm máy (Xem chi tiết)
Giảm 5% tối đa 200.000đ khi thanh toán qua Kredivo (cho kỳ hạn 6, 9, 12 tháng) (Xem chi tiết)
Giảm thêm đến 6% cho thành viên của Di Động Việt (Xem chi tiết)
Hư lỗi đổi mới trong 12 tháng chỉ từ 2K/ ngày (Xem chi tiết)
Miễn phí Giao hàng siêu tốc trong 1 giờ (Xem chi tiết)";;https://didongviet.vn/dien-thoai/iphone-17-256gb.html;
iPhone 17 Pro 256GB Chính Hãng;Bạc;Yes;0;34990000;33490000;2026-06-28;"Khuyến mãi

Giá và khuyến mãi có thể kết thúc sớm hơn dự kiến

1. Duy nhất 28.06: Siêu sale mùa World Cup - Chốt deal ghi bàn (xem chi tiết)

8H - 12H: giảm thêm đến 500.000đ (số lượng có hạn)
12H - 22H: giảm thêm đến 300.000đ (số lượng có hạn)

Lưu ý: Áp dụng trực tiếp tại cửa hàng 300 Lê Hồng Phong và 49 Lê Văn Việt. Không áp dụng đồng thời CTKM khác.

2. Ưu đãi độc quyền:

Giảm thêm đến 2.500.000đ khi thu cũ đổi mới (Xem chi tiết)

D.Member giảm thêm đến 1% (Xem chi tiết)
Trả góp 30: Cam kết 0% lãi suất, 0đ trả trước, 0 phí ẩn (Xem chi tiết)


3. Ưu đãi mua kèm cùng máy:

Apple Watch giảm thêm 200.000đ
AirPods giảm thêm 100.000đ
Củ sạc nhanh Apple giảm thêm 50.000đ
Combo bán kèm giảm đến 15%
Phụ kiện mua kèm Combo bán kèm giảm thêm 3%
Mua kèm Smartwatch từ 5 triệu giảm thêm 500K (trừ Apple, Samsung. Không áp dụng cùng ưu đãi HSSV)
Mua kèm Đồng hồ trẻ em giảm thêm 100K (không áp dụng cùng ưu đãi HSSV)

Thu gọn";"Giảm 5% tối đa 500.000đ thanh toán qua SPayLater (Xem chi tiết)
Giảm 1% tối đa 300.000đ thanh toán ZaloPay (Xem chi tiết)
Giảm 500.000đ khi mở thẻ tín dụng Lio Bank (Xem chi tiết)
Giảm 500.000đ đơn hàng 10 triệu khi thanh toán qua thẻ OCB (Xem chi tiết)
Giảm thêm 800.000đ mở thẻ qua VIB (Xem chi tiết)
Giảm 38% giá gói VieON khi mua kèm máy (Xem chi tiết)
Giảm 5% tối đa 200.000đ khi thanh toán qua Kredivo (cho kỳ hạn 6, 9, 12 tháng) (Xem chi tiết)
Giảm thêm đến 6% cho thành viên của Di Động Việt (Xem chi tiết)
Hư lỗi đổi mới trong 12 tháng chỉ từ 2K/ ngày (Xem chi tiết)
Miễn phí Giao hàng siêu tốc trong 1 giờ (Xem chi tiết)";;https://didongviet.vn/dien-thoai/iphone-17-pro-256gb.html;
iPhone 16 128GB Chính Hãng (VN/A);Xanh Lá;Yes;0;22990000;20490000;2026-06-28;"Khuyến mãi

Giá và khuyến mãi có thể kết thúc sớm hơn dự kiến

1. Duy nhất 28.06: Siêu sale mùa World Cup - Chốt deal ghi bàn (xem chi tiết)

8H - 12H: giảm thêm đến 500.000đ (số lượng có hạn)
12H - 22H: giảm thêm đến 300.000đ (số lượng có hạn)

Lưu ý: Áp dụng trực tiếp tại cửa hàng 300 Lê Hồng Phong và 49 Lê Văn Việt. Không áp dụng đồng thời CTKM khác.

2. Ưu đãi độc quyền:

Giảm thêm đến 2.500.000đ khi thu cũ đổi mới (Xem chi tiết)

D.Member giảm thêm đến 1% (Xem chi tiết)
Trả góp 30: Cam kết 0% lãi suất, 0đ trả trước, 0 phí ẩn (Xem chi tiết)

3. Ưu đãi mua kèm cùng máy:

Apple Watch giảm thêm 200.000đ
AirPods giảm thêm 100.000đ
Củ sạc nhanh Apple giảm thêm 50.000đ
Combo bán kèm giảm đến 15%
Phụ kiện mua kèm Combo bán kèm giảm thêm 3%
Mua kèm Smartwatch từ 5 triệu giảm thêm 500K (trừ Apple, Samsung. Không áp dụng cùng ưu đãi HSSV)
Mua kèm Đồng hồ trẻ em giảm thêm 100K (không áp dụng cùng ưu đãi HSSV)

Xem thêm";"Giảm 5% tối đa 500.000đ thanh toán qua SPayLater (Xem chi tiết)
Giảm 1% tối đa 300.000đ thanh toán ZaloPay (Xem chi tiết)
Giảm 500.000đ khi mở thẻ tín dụng Lio Bank (Xem chi tiết)
Giảm 500.000đ đơn hàng 10 triệu khi thanh toán qua thẻ OCB (Xem chi tiết)
Giảm thêm 800.000đ mở thẻ qua VIB (Xem chi tiết)
Giảm 38% giá gói VieON khi mua kèm máy (Xem chi tiết)
Giảm 5% tối đa 200.000đ khi thanh toán qua Kredivo (cho kỳ hạn 6, 9, 12 tháng) (Xem chi tiết)
Giảm thêm đến 6% cho thành viên của Di Động Việt (Xem chi tiết)
Hư lỗi đổi mới trong 12 tháng chỉ từ 2K/ ngày (Xem chi tiết)
Miễn phí Giao hàng siêu tốc trong 1 giờ (Xem chi tiết)";;https://didongviet.vn/dien-thoai/iphone-16-128gb.html;
iPhone 16 Pro Max 1TB Chính Hãng (VN/A);Titan Trắng;Yes;0;46990000;42590000;2026-06-28;"Ưu đãi thêm

Giảm 5% tối đa 500.000đ thanh toán qua SPayLater (Xem chi tiết)
Giảm 1% tối đa 300.000đ thanh toán ZaloPay (Xem chi tiết)
Giảm 500.000đ khi mở thẻ tín dụng Lio Bank (Xem chi tiết)
Giảm 500.000đ đơn hàng 10 triệu khi thanh toán qua thẻ OCB (Xem chi tiết)
Giảm thêm 800.000đ mở thẻ qua VIB (Xem chi tiết)
Giảm 38% giá gói VieON khi mua kèm máy (Xem chi tiết)
Giảm 5% tối đa 200.000đ khi thanh toán qua Kredivo (cho kỳ hạn 6, 9, 12 tháng) (Xem chi tiết)
Giảm thêm đến 6% cho thành viên của Di Động Việt (Xem chi tiết)
Hư lỗi đổi mới trong 12 tháng chỉ từ 2K/ ngày (Xem chi tiết)
Miễn phí Giao hàng siêu tốc trong 1 giờ (Xem chi tiết)

Thu gọn";"Giảm 5% tối đa 500.000đ thanh toán qua SPayLater (Xem chi tiết)
Giảm 1% tối đa 300.000đ thanh toán ZaloPay (Xem chi tiết)
Giảm 500.000đ khi mở thẻ tín dụng Lio Bank (Xem chi tiết)
Giảm 500.000đ đơn hàng 10 triệu khi thanh toán qua thẻ OCB (Xem chi tiết)
Giảm thêm 800.000đ mở thẻ qua VIB (Xem chi tiết)
Giảm 38% giá gói VieON khi mua kèm máy (Xem chi tiết)
Giảm 5% tối đa 200.000đ khi thanh toán qua Kredivo (cho kỳ hạn 6, 9, 12 tháng) (Xem chi tiết)
Giảm thêm đến 6% cho thành viên của Di Động Việt (Xem chi tiết)
Hư lỗi đổi mới trong 12 tháng chỉ từ 2K/ ngày (Xem chi tiết)
Miễn phí Giao hàng siêu tốc trong 1 giờ (Xem chi tiết)";;https://didongviet.vn/dien-thoai/iphone-16-pro-max-1tb.html;
iPhone 16 Pro Max 256GB Chính Hãng (VN/A);Titan Trắng;No;0;34990000;29990000;2026-06-28;"Ưu đãi thêm

Giảm 5% tối đa 500.000đ thanh toán qua SPayLater (Xem chi tiết)
Giảm 1% tối đa 300.000đ thanh toán ZaloPay (Xem chi tiết)
Giảm 500.000đ khi mở thẻ tín dụng Lio Bank (Xem chi tiết)
Giảm 500.000đ đơn hàng 10 triệu khi thanh toán qua thẻ OCB (Xem chi tiết)
Giảm thêm 800.000đ mở thẻ qua VIB (Xem chi tiết)
Giảm 38% giá gói VieON khi mua kèm máy (Xem chi tiết)
Giảm 5% tối đa 200.000đ khi thanh toán qua Kredivo (cho kỳ hạn 6, 9, 12 tháng) (Xem chi tiết)
Giảm thêm đến 6% cho thành viên của Di Động Việt (Xem chi tiết)
Hư lỗi đổi mới trong 12 tháng chỉ từ 2K/ ngày (Xem chi tiết)
Miễn phí Giao hàng siêu tốc trong 1 giờ (Xem chi tiết)

Thu gọn";"Giảm 5% tối đa 500.000đ thanh toán qua SPayLater (Xem chi tiết)
Giảm 1% tối đa 300.000đ thanh toán ZaloPay (Xem chi tiết)
Giảm 500.000đ khi mở thẻ tín dụng Lio Bank (Xem chi tiết)
Giảm 500.000đ đơn hàng 10 triệu khi thanh toán qua thẻ OCB (Xem chi tiết)
Giảm thêm 800.000đ mở thẻ qua VIB (Xem chi tiết)
Giảm 38% giá gói VieON khi mua kèm máy (Xem chi tiết)
Giảm 5% tối đa 200.000đ khi thanh toán qua Kredivo (cho kỳ hạn 6, 9, 12 tháng) (Xem chi tiết)
Giảm thêm đến 6% cho thành viên của Di Động Việt (Xem chi tiết)
Hư lỗi đổi mới trong 12 tháng chỉ từ 2K/ ngày (Xem chi tiết)
Miễn phí Giao hàng siêu tốc trong 1 giờ (Xem chi tiết)";;https://didongviet.vn/dien-thoai/iphone-16-pro-max-256gb.html;
iPhone 17 256GB Chính Hãng;Trắng;Yes;44;24990000;23790000;2026-06-28;"Khuyến mãi

Giá và khuyến mãi có thể kết thúc sớm hơn dự kiến

1. Duy nhất 28.06: Siêu sale mùa World Cup - Chốt deal ghi bàn (xem chi tiết)

8H - 12H: giảm thêm đến 500.000đ (số lượng có hạn)
12H - 22H: giảm thêm đến 300.000đ (số lượng có hạn)

Lưu ý: Áp dụng trực tiếp tại cửa hàng 300 Lê Hồng Phong và 49 Lê Văn Việt. Không áp dụng đồng thời CTKM khác.

2. Ưu đãi độc quyền:

Giảm thêm đến 2.500.000đ khi thu cũ đổi mới (Xem chi tiết)
D.Member giảm thêm đến 1% (Xem chi tiết)
Trả góp 30: Cam kết 0% lãi suất, 0đ trả trước, 0 phí ẩn (Xem chi tiết)

3. Ưu đãi mua kèm cùng máy:

Apple Watch giảm thêm 200.000đ
AirPods giảm thêm 100.000đ
Củ sạc nhanh Apple giảm thêm 50.000đ
Combo bán kèm giảm đến 15%
Phụ kiện mua kèm Combo bán kèm giảm thêm 3%
Mua kèm Smartwatch từ 5 triệu giảm thêm 500K (trừ Apple, Samsung. Không áp dụng cùng ưu đãi HSSV)
Mua kèm Đồng hồ trẻ em giảm thêm 100K (không áp dụng cùng ưu đãi HSSV)

Thu gọn";"Giảm 5% tối đa 500.000đ thanh toán qua SPayLater (Xem chi tiết)
Giảm 1% tối đa 300.000đ thanh toán ZaloPay (Xem chi tiết)
Giảm 500.000đ khi mở thẻ tín dụng Lio Bank (Xem chi tiết)
Giảm 500.000đ đơn hàng 10 triệu khi thanh toán qua thẻ OCB (Xem chi tiết)
Giảm thêm 800.000đ mở thẻ qua VIB (Xem chi tiết)
Giảm 38% giá gói VieON khi mua kèm máy (Xem chi tiết)
Giảm 5% tối đa 200.000đ khi thanh toán qua Kredivo (cho kỳ hạn 6, 9, 12 tháng) (Xem chi tiết)
Giảm thêm đến 6% cho thành viên của Di Động Việt (Xem chi tiết)
Hư lỗi đổi mới trong 12 tháng chỉ từ 2K/ ngày (Xem chi tiết)
Miễn phí Giao hàng siêu tốc trong 1 giờ (Xem chi tiết)";;https://didongviet.vn/dien-thoai/iphone-17-256gb.html;
iPhone 16 128GB Chính Hãng (VN/A);Hồng;Yes;6;22990000;20490000;2026-06-28;"Khuyến mãi

Giá và khuyến mãi có thể kết thúc sớm hơn dự kiến

1. Duy nhất 28.06: Siêu sale mùa World Cup - Chốt deal ghi bàn (xem chi tiết)

8H - 12H: giảm thêm đến 500.000đ (số lượng có hạn)
12H - 22H: giảm thêm đến 300.000đ (số lượng có hạn)

Lưu ý: Áp dụng trực tiếp tại cửa hàng 300 Lê Hồng Phong và 49 Lê Văn Việt. Không áp dụng đồng thời CTKM khác.

2. Ưu đãi độc quyền:

Giảm thêm đến 2.500.000đ khi thu cũ đổi mới (Xem chi tiết)

D.Member giảm thêm đến 1% (Xem chi tiết)
Trả góp 30: Cam kết 0% lãi suất, 0đ trả trước, 0 phí ẩn (Xem chi tiết)

3. Ưu đãi mua kèm cùng máy:

Apple Watch giảm thêm 200.000đ
AirPods giảm thêm 100.000đ
Củ sạc nhanh Apple giảm thêm 50.000đ
Combo bán kèm giảm đến 15%
Phụ kiện mua kèm Combo bán kèm giảm thêm 3%
Mua kèm Smartwatch từ 5 triệu giảm thêm 500K (trừ Apple, Samsung. Không áp dụng cùng ưu đãi HSSV)
Mua kèm Đồng hồ trẻ em giảm thêm 100K (không áp dụng cùng ưu đãi HSSV)

Thu gọn";"Giảm 5% tối đa 500.000đ thanh toán qua SPayLater (Xem chi tiết)
Giảm 1% tối đa 300.000đ thanh toán ZaloPay (Xem chi tiết)
Giảm 500.000đ khi mở thẻ tín dụng Lio Bank (Xem chi tiết)
Giảm 500.000đ đơn hàng 10 triệu khi thanh toán qua thẻ OCB (Xem chi tiết)
Giảm thêm 800.000đ mở thẻ qua VIB (Xem chi tiết)
Giảm 38% giá gói VieON khi mua kèm máy (Xem chi tiết)
Giảm 5% tối đa 200.000đ khi thanh toán qua Kredivo (cho kỳ hạn 6, 9, 12 tháng) (Xem chi tiết)
Giảm thêm đến 6% cho thành viên của Di Động Việt (Xem chi tiết)
Hư lỗi đổi mới trong 12 tháng chỉ từ 2K/ ngày (Xem chi tiết)
Miễn phí Giao hàng siêu tốc trong 1 giờ (Xem chi tiết)";;https://didongviet.vn/dien-thoai/iphone-16-128gb.html;
iPhone 17 Pro 512GB Chính Hãng;Bạc;Yes;1;41490000;39790000;2026-06-28;"Khuyến mãi

Giá và khuyến mãi có thể kết thúc sớm hơn dự kiến

1. Duy nhất 28.06: Siêu sale mùa World Cup - Chốt deal ghi bàn (xem chi tiết)

8H - 12H: giảm thêm đến 500.000đ (số lượng có hạn)
12H - 22H: giảm thêm đến 300.000đ (số lượng có hạn)

Lưu ý: Áp dụng trực tiếp tại cửa hàng 300 Lê Hồng Phong và 49 Lê Văn Việt. Không áp dụng đồng thời CTKM khác.

2. Ưu đãi độc quyền:

Giảm thêm đến 2.500.000đ khi thu cũ đổi mới (Xem chi tiết)

D.Member giảm thêm đến 1% (Xem chi tiết)
Trả góp 30: Cam kết 0% lãi suất, 0đ trả trước, 0 phí ẩn (Xem chi tiết)


3. Ưu đãi mua kèm cùng máy:

Apple Watch giảm thêm 200.000đ
AirPods giảm thêm 100.000đ
Củ sạc nhanh Apple giảm thêm 50.000đ
Combo bán kèm giảm đến 15%
Phụ kiện mua kèm Combo bán kèm giảm thêm 3%
Mua kèm Smartwatch từ 5 triệu giảm thêm 500K (trừ Apple, Samsung. Không áp dụng cùng ưu đãi HSSV)
Mua kèm Đồng hồ trẻ em giảm thêm 100K (không áp dụng cùng ưu đãi HSSV)

 

Thu gọn";"Giảm 5% tối đa 500.000đ thanh toán qua SPayLater (Xem chi tiết)
Giảm 1% tối đa 300.000đ thanh toán ZaloPay (Xem chi tiết)
Giảm 500.000đ khi mở thẻ tín dụng Lio Bank (Xem chi tiết)
Giảm 500.000đ đơn hàng 10 triệu khi thanh toán qua thẻ OCB (Xem chi tiết)
Giảm thêm 800.000đ mở thẻ qua VIB (Xem chi tiết)";;https://didongviet.vn/dien-thoai/iphone-17-pro-512gb.html;
iPhone 17 Pro Max 1TB Chính Hãng;Cam Vũ Trụ;Yes;1;50990000;49590000;2026-06-28;"Khuyến mãi

Giá và khuyến mãi có thể kết thúc sớm hơn dự kiến

1. Ưu đãi độc quyền:

Giảm thêm đến 3.500.000đ khi thu cũ đổi mới (Xem chi tiết)

D.Member giảm thêm đến 1% (Xem chi tiết)
Trả góp 30: Cam kết 0% lãi suất, 0đ trả trước, 0 phí ẩn (Xem chi tiết)


2. Ưu đãi mua kèm cùng máy:

Apple Watch giảm thêm 200.000đ
AirPods giảm thêm 100.000đ
Củ sạc nhanh Apple giảm thêm 50.000đ
Combo bán kèm giảm đến 15%
Phụ kiện mua kèm Combo bán kèm giảm thêm 3%
Mua kèm Smartwatch từ 5 triệu giảm thêm 500K (trừ Apple, Samsung. Không áp dụng cùng ưu đãi HSSV)
Mua kèm Đồng hồ trẻ em giảm thêm 100K (không áp dụng cùng ưu đãi HSSV)

 

Thu gọn";"Giảm 5% tối đa 500.000đ thanh toán qua SPayLater (Xem chi tiết)
Giảm 1% tối đa 300.000đ thanh toán ZaloPay (Xem chi tiết)
Giảm 500.000đ khi mở thẻ tín dụng Lio Bank (Xem chi tiết)
Giảm 500.000đ đơn hàng 10 triệu khi thanh toán qua thẻ OCB (Xem chi tiết)
Giảm thêm 800.000đ mở thẻ qua VIB (Xem chi tiết)";;https://didongviet.vn/dien-thoai/iphone-17-pro-max-1tb.html;
iPhone 17 256GB Chính Hãng;Xanh Lam Khói;Yes;43;24990000;23790000;2026-06-28;"Khuyến mãi

Giá và khuyến mãi có thể kết thúc sớm hơn dự kiến

1. Duy nhất 28.06: Siêu sale mùa World Cup - Chốt deal ghi bàn (xem chi tiết)

8H - 12H: giảm thêm đến 500.000đ (số lượng có hạn)
12H - 22H: giảm thêm đến 300.000đ (số lượng có hạn)

Lưu ý: Áp dụng trực tiếp tại cửa hàng 300 Lê Hồng Phong và 49 Lê Văn Việt. Không áp dụng đồng thời CTKM khác.

2. Ưu đãi độc quyền:

Giảm thêm đến 2.500.000đ khi thu cũ đổi mới (Xem chi tiết)
D.Member giảm thêm đến 1% (Xem chi tiết)
Trả góp 30: Cam kết 0% lãi suất, 0đ trả trước, 0 phí ẩn (Xem chi tiết)

3. Ưu đãi mua kèm cùng máy:

Apple Watch giảm thêm 200.000đ
AirPods giảm thêm 100.000đ
Củ sạc nhanh Apple giảm thêm 50.000đ
Combo bán kèm giảm đến 15%
Phụ kiện mua kèm Combo bán kèm giảm thêm 3%
Mua kèm Smartwatch từ 5 triệu giảm thêm 500K (trừ Apple, Samsung. Không áp dụng cùng ưu đãi HSSV)
Mua kèm Đồng hồ trẻ em giảm thêm 100K (không áp dụng cùng ưu đãi HSSV)

Xem thêm";"Giảm 5% tối đa 500.000đ thanh toán qua SPayLater (Xem chi tiết)
Giảm 1% tối đa 300.000đ thanh toán ZaloPay (Xem chi tiết)
Giảm 500.000đ khi mở thẻ tín dụng Lio Bank (Xem chi tiết)
Giảm 500.000đ đơn hàng 10 triệu khi thanh toán qua thẻ OCB (Xem chi tiết)
Giảm thêm 800.000đ mở thẻ qua VIB (Xem chi tiết)
Giảm 38% giá gói VieON khi mua kèm máy (Xem chi tiết)
Giảm 5% tối đa 200.000đ khi thanh toán qua Kredivo (cho kỳ hạn 6, 9, 12 tháng) (Xem chi tiết)
Giảm thêm đến 6% cho thành viên của Di Động Việt (Xem chi tiết)
Hư lỗi đổi mới trong 12 tháng chỉ từ 2K/ ngày (Xem chi tiết)
Miễn phí Giao hàng siêu tốc trong 1 giờ (Xem chi tiết)";;https://didongviet.vn/dien-thoai/iphone-17-256gb.html;
iPhone 17 Pro Max 512GB Chính Hãng;Bạc;Yes;46;44490000;42690000;2026-06-28;"Khuyến mãi

Giá và khuyến mãi có thể kết thúc sớm hơn dự kiến

1. Duy nhất 28.06: Siêu sale mùa World Cup - Chốt deal ghi bàn (xem chi tiết)

8H - 12H: giảm thêm đến 500.000đ (số lượng có hạn)
12H - 22H: giảm thêm đến 300.000đ (số lượng có hạn)

Lưu ý: Áp dụng trực tiếp tại cửa hàng 300 Lê Hồng Phong và 49 Lê Văn Việt. Không áp dụng đồng thời CTKM khác.

2. Ưu đãi độc quyền:

Giảm thêm đến 3.500.000đ khi thu cũ đổi mới (Xem chi tiết)

D.Member giảm thêm đến 1% (Xem chi tiết)
Trả góp 30: Cam kết 0% lãi suất, 0đ trả trước, 0 phí ẩn (Xem chi tiết)


3. Ưu đãi mua kèm cùng máy:

Apple Watch giảm thêm 200.000đ
AirPods giảm thêm 100.000đ
Củ sạc nhanh Apple giảm thêm 50.000đ

Thu gọn";"Giảm 5% tối đa 500.000đ thanh toán qua SPayLater (Xem chi tiết)
Giảm 1% tối đa 300.000đ thanh toán ZaloPay (Xem chi tiết)
Giảm 500.000đ khi mở thẻ tín dụng Lio Bank (Xem chi tiết)
Giảm 500.000đ đơn hàng 10 triệu khi thanh toán qua thẻ OCB (Xem chi tiết)
Giảm thêm 800.000đ mở thẻ qua VIB (Xem chi tiết)";;https://didongviet.vn/dien-thoai/iphone-17-pro-max-512gb.html;
iPhone 17 Pro Max 256GB Chính Hãng;Cam Vũ Trụ;Yes;47;37990000;35890000;2026-06-28;"Khuyến mãi

Giá và khuyến mãi có thể kết thúc sớm hơn dự kiến

1. Duy nhất 28.06: Siêu sale mùa World Cup - Chốt deal ghi bàn (xem chi tiết)

Giá sốc chỉ từ: 35.490.000đ (Áp dụng màu Bạc)

Lưu ý: Áp dụng trực tiếp tại cửa hàng 300 Lê Hồng Phong và 49 Lê Văn Việt. Không áp dụng đồng thời CTKM khác.

2. Ưu đãi độc quyền:
Giảm thêm đến 3.500.000đ khi thu cũ đổi mới (Xem chi tiết)
Giảm thêm 500.000đ khi thanh toán qua Shopee Pay Later. 

3. Ưu đãi mua kèm cùng máy: 

Apple Watch giảm thêm 200.000đ
AirPods giảm thêm 100.000đ
Củ sạc nhanh Apple giảm thêm 50.000đ
Combo bán kèm Phụ Kiện giảm thêm đến 15%
Phụ kiện mua kèm Combo bán kèm Phụ Kiện giảm thêm 3% 

Thu gọn";"Giảm 5% tối đa 500.000đ thanh toán qua SPayLater (Xem chi tiết)
Giảm 1% tối đa 300.000đ thanh toán ZaloPay (Xem chi tiết)
Giảm 500.000đ khi mở thẻ tín dụng Lio Bank (Xem chi tiết)
Giảm 500.000đ đơn hàng 10 triệu khi thanh toán qua thẻ OCB (Xem chi tiết)
Giảm thêm 800.000đ mở thẻ qua VIB (Xem chi tiết)";;https://didongviet.vn/dien-thoai/iphone-17-pro-max-256gb.html;
iPhone Air 1TB Chính Hãng;Trắng Mây;Yes;1;44990000;33990000;2026-06-28;"Khuyến mãi

Giá và khuyến mãi có thể kết thúc sớm hơn dự kiến

1. Ưu đãi độc quyền:

Tặng thêm đến 2.500.000đ khi thu cũ đổi mới (Xem chi tiết)
D.Member giảm thêm đến 1% (Xem chi tiết)
Trả góp 30: Cam kết 0% lãi suất, 0đ trả trước, 0 phí ẩn (Xem chi tiết)

2. Ưu đãi mua kèm cùng máy:

Apple Watch giảm thêm 200.000đ
AirPods giảm thêm 100.000đ
Củ sạc nhanh Apple giảm thêm 50.000đ
Combo bán kèm giảm đến 15%
Phụ kiện mua kèm Combo bán kèm giảm thêm 3%
Mua kèm Smartwatch từ 5 triệu giảm thêm 500K (trừ Apple, Samsung. Không áp dụng cùng ưu đãi HSSV)
Mua kèm Đồng hồ trẻ em giảm thêm 100K (không áp dụng cùng ưu đãi HSSV)

Thu gọn";"Giảm 5% tối đa 500.000đ thanh toán qua SPayLater (Xem chi tiết)
Giảm 1% tối đa 300.000đ thanh toán ZaloPay (Xem chi tiết)
Giảm 500.000đ khi mở thẻ tín dụng Lio Bank (Xem chi tiết)
Giảm 500.000đ đơn hàng 10 triệu khi thanh toán qua thẻ OCB (Xem chi tiết)
Giảm thêm 800.000đ mở thẻ qua VIB (Xem chi tiết)";;https://didongviet.vn/dien-thoai/iphone-air-1tb.html;
iPhone 17 256GB Chính Hãng;Xanh Lá Xô Thơm;Yes;44;24990000;23790000;2026-06-28;"Khuyến mãi

Giá và khuyến mãi có thể kết thúc sớm hơn dự kiến

1. Duy nhất 28.06: Siêu sale mùa World Cup - Chốt deal ghi bàn (xem chi tiết)

8H - 12H: giảm thêm đến 500.000đ (số lượng có hạn)
12H - 22H: giảm thêm đến 300.000đ (số lượng có hạn)

Lưu ý: Áp dụng trực tiếp tại cửa hàng 300 Lê Hồng Phong và 49 Lê Văn Việt. Không áp dụng đồng thời CTKM khác.

2. Ưu đãi độc quyền:

Giảm thêm đến 2.500.000đ khi thu cũ đổi mới (Xem chi tiết)
D.Member giảm thêm đến 1% (Xem chi tiết)
Trả góp 30: Cam kết 0% lãi suất, 0đ trả trước, 0 phí ẩn (Xem chi tiết)

3. Ưu đãi mua kèm cùng máy:

Apple Watch giảm thêm 200.000đ
AirPods giảm thêm 100.000đ
Củ sạc nhanh Apple giảm thêm 50.000đ
Combo bán kèm giảm đến 15%
Phụ kiện mua kèm Combo bán kèm giảm thêm 3%
Mua kèm Smartwatch từ 5 triệu giảm thêm 500K (trừ Apple, Samsung. Không áp dụng cùng ưu đãi HSSV)
Mua kèm Đồng hồ trẻ em giảm thêm 100K (không áp dụng cùng ưu đãi HSSV)

Thu gọn";"Giảm 5% tối đa 500.000đ thanh toán qua SPayLater (Xem chi tiết)
Giảm 1% tối đa 300.000đ thanh toán ZaloPay (Xem chi tiết)
Giảm 500.000đ khi mở thẻ tín dụng Lio Bank (Xem chi tiết)
Giảm 500.000đ đơn hàng 10 triệu khi thanh toán qua thẻ OCB (Xem chi tiết)
Giảm thêm 800.000đ mở thẻ qua VIB (Xem chi tiết)
Giảm 38% giá gói VieON khi mua kèm máy (Xem chi tiết)
Giảm 5% tối đa 200.000đ khi thanh toán qua Kredivo (cho kỳ hạn 6, 9, 12 tháng) (Xem chi tiết)
Giảm thêm đến 6% cho thành viên của Di Động Việt (Xem chi tiết)
Hư lỗi đổi mới trong 12 tháng chỉ từ 2K/ ngày (Xem chi tiết)
Miễn phí Giao hàng siêu tốc trong 1 giờ (Xem chi tiết)";;https://didongviet.vn/dien-thoai/iphone-17-256gb.html;
iPhone 17 Pro Max 1TB Chính Hãng;Xanh Đậm;Yes;5;50990000;49590000;2026-06-28;"Khuyến mãi

Giá và khuyến mãi có thể kết thúc sớm hơn dự kiến

1. Ưu đãi độc quyền:

Giảm thêm đến 3.500.000đ khi thu cũ đổi mới (Xem chi tiết)

D.Member giảm thêm đến 1% (Xem chi tiết)
Trả góp 30: Cam kết 0% lãi suất, 0đ trả trước, 0 phí ẩn (Xem chi tiết)


2. Ưu đãi mua kèm cùng máy:

Apple Watch giảm thêm 200.000đ
AirPods giảm thêm 100.000đ
Củ sạc nhanh Apple giảm thêm 50.000đ
Combo bán kèm giảm đến 15%
Phụ kiện mua kèm Combo bán kèm giảm thêm 3%
Mua kèm Smartwatch từ 5 triệu giảm thêm 500K (trừ Apple, Samsung. Không áp dụng cùng ưu đãi HSSV)
Mua kèm Đồng hồ trẻ em giảm thêm 100K (không áp dụng cùng ưu đãi HSSV)

 

Thu gọn";"Giảm 5% tối đa 500.000đ thanh toán qua SPayLater (Xem chi tiết)
Giảm 1% tối đa 300.000đ thanh toán ZaloPay (Xem chi tiết)
Giảm 500.000đ khi mở thẻ tín dụng Lio Bank (Xem chi tiết)
Giảm 500.000đ đơn hàng 10 triệu khi thanh toán qua thẻ OCB (Xem chi tiết)
Giảm thêm 800.000đ mở thẻ qua VIB (Xem chi tiết)
Giảm 38% giá gói VieON khi mua kèm máy (Xem chi tiết)
Giảm 5% tối đa 200.000đ khi thanh toán qua Kredivo (cho kỳ hạn 6, 9, 12 tháng) (Xem chi tiết)
Giảm thêm đến 6% cho thành viên của Di Động Việt (Xem chi tiết)
Hư lỗi đổi mới trong 12 tháng chỉ từ 2K/ ngày (Xem chi tiết)
Miễn phí Giao hàng siêu tốc trong 1 giờ (Xem chi tiết)";;https://didongviet.vn/dien-thoai/iphone-17-pro-max-1tb.html;
iPhone 17 Pro Max 256GB Chính Hãng;Bạc;Yes;47;37990000;35990000;2026-06-28;"Khuyến mãi

Giá và khuyến mãi có thể kết thúc sớm hơn dự kiến

1. Duy nhất 28.06: Siêu sale mùa World Cup - Chốt deal ghi bàn (xem chi tiết)

Giá sốc chỉ từ: 35.490.000đ (Áp dụng màu Bạc)

Lưu ý: Áp dụng trực tiếp tại cửa hàng 300 Lê Hồng Phong và 49 Lê Văn Việt. Không áp dụng đồng thời CTKM khác.

2. Ưu đãi độc quyền:
Giảm thêm đến 3.500.000đ khi thu cũ đổi mới (Xem chi tiết)
Giảm thêm 500.000đ khi thanh toán qua Shopee Pay Later. 

3. Ưu đãi mua kèm cùng máy: 

Apple Watch giảm thêm 200.000đ
AirPods giảm thêm 100.000đ
Củ sạc nhanh Apple giảm thêm 50.000đ
Combo bán kèm Phụ Kiện giảm thêm đến 15%
Phụ kiện mua kèm Combo bán kèm Phụ Kiện giảm thêm 3% 

Thu gọn";"Giảm 5% tối đa 500.000đ thanh toán qua SPayLater (Xem chi tiết)
Giảm 1% tối đa 300.000đ thanh toán ZaloPay (Xem chi tiết)
Giảm 500.000đ khi mở thẻ tín dụng Lio Bank (Xem chi tiết)
Giảm 500.000đ đơn hàng 10 triệu khi thanh toán qua thẻ OCB (Xem chi tiết)
Giảm thêm 800.000đ mở thẻ qua VIB (Xem chi tiết)
Giảm 38% giá gói VieON khi mua kèm máy (Xem chi tiết)
Giảm 5% tối đa 200.000đ khi thanh toán qua Kredivo (cho kỳ hạn 6, 9, 12 tháng) (Xem chi tiết)
Giảm thêm đến 6% cho thành viên của Di Động Việt (Xem chi tiết)
Hư lỗi đổi mới trong 12 tháng chỉ từ 2K/ ngày (Xem chi tiết)
Miễn phí Giao hàng siêu tốc trong 1 giờ (Xem chi tiết)";;https://didongviet.vn/dien-thoai/iphone-17-pro-max-256gb.html;
iPhone Air 256GB Chính Hãng;Trắng Mây;Yes;1;31990000;23490000;2026-06-28;"Khuyến mãi

Giá và khuyến mãi có thể kết thúc sớm hơn dự kiến

1. Ưu đãi độc quyền:

Giảm thêm đến 2.500.000đ khi thu cũ đổi mới (Xem chi tiết)
D.Member giảm thêm đến 1% (Xem chi tiết)
Trả góp 30: Cam kết 0% lãi suất, 0đ trả trước, 0 phí ẩn (Xem chi tiết)

2. Ưu đãi mua kèm cùng máy:

Apple Watch giảm thêm 200.000đ
AirPods giảm thêm 100.000đ
Củ sạc nhanh Apple giảm thêm 50.000đ
Combo bán kèm giảm đến 15%
Phụ kiện mua kèm Combo bán kèm giảm thêm 3%
Mua kèm Smartwatch từ 5 triệu giảm thêm 500K (trừ Apple, Samsung. Không áp dụng cùng ưu đãi HSSV)
Mua kèm Đồng hồ trẻ em giảm thêm 100K (không áp dụng cùng ưu đãi HSSV)

 

Thu gọn";"Giảm 5% tối đa 500.000đ thanh toán qua SPayLater (Xem chi tiết)
Giảm 1% tối đa 300.000đ thanh toán ZaloPay (Xem chi tiết)
Giảm 500.000đ khi mở thẻ tín dụng Lio Bank (Xem chi tiết)
Giảm 500.000đ đơn hàng 10 triệu khi thanh toán qua thẻ OCB (Xem chi tiết)
Giảm thêm 800.000đ mở thẻ qua VIB (Xem chi tiết)";;https://didongviet.vn/dien-thoai/iphone-air-256gb.html;
iPhone 17 Pro Max 512GB Chính Hãng;Cam Vũ Trụ;Yes;7;44490000;42790000;2026-06-28;"Khuyến mãi

Giá và khuyến mãi có thể kết thúc sớm hơn dự kiến

1. Duy nhất 28.06: Siêu sale mùa World Cup - Chốt deal ghi bàn (xem chi tiết)

8H - 12H: giảm thêm đến 500.000đ (số lượng có hạn)
12H - 22H: giảm thêm đến 300.000đ (số lượng có hạn)

Lưu ý: Áp dụng trực tiếp tại cửa hàng 300 Lê Hồng Phong và 49 Lê Văn Việt. Không áp dụng đồng thời CTKM khác.

2. Ưu đãi độc quyền:

Giảm thêm đến 3.500.000đ khi thu cũ đổi mới (Xem chi tiết)

D.Member giảm thêm đến 1% (Xem chi tiết)
Trả góp 30: Cam kết 0% lãi suất, 0đ trả trước, 0 phí ẩn (Xem chi tiết)


3. Ưu đãi mua kèm cùng máy:

Apple Watch giảm thêm 200.000đ
AirPods giảm thêm 100.000đ
Củ sạc nhanh Apple giảm thêm 50.000đ

Thu gọn";"Giảm 5% tối đa 500.000đ thanh toán qua SPayLater (Xem chi tiết)
Giảm 1% tối đa 300.000đ thanh toán ZaloPay (Xem chi tiết)
Giảm 500.000đ khi mở thẻ tín dụng Lio Bank (Xem chi tiết)
Giảm 500.000đ đơn hàng 10 triệu khi thanh toán qua thẻ OCB (Xem chi tiết)
Giảm thêm 800.000đ mở thẻ qua VIB (Xem chi tiết)
Giảm 38% giá gói VieON khi mua kèm máy (Xem chi tiết)
Giảm 5% tối đa 200.000đ khi thanh toán qua Kredivo (cho kỳ hạn 6, 9, 12 tháng) (Xem chi tiết)
Giảm thêm đến 6% cho thành viên của Di Động Việt (Xem chi tiết)
Hư lỗi đổi mới trong 12 tháng chỉ từ 2K/ ngày (Xem chi tiết)
Miễn phí Giao hàng siêu tốc trong 1 giờ (Xem chi tiết)";;https://didongviet.vn/dien-thoai/iphone-17-pro-max-512gb.html;
iPhone Air 1TB Chính Hãng;Đen Không Gian;Yes;6;44990000;35490000;2026-06-28;"Khuyến mãi

Giá và khuyến mãi có thể kết thúc sớm hơn dự kiến

1. Ưu đãi độc quyền:

Tặng thêm đến 2.500.000đ khi thu cũ đổi mới (Xem chi tiết)
D.Member giảm thêm đến 1% (Xem chi tiết)
Trả góp 30: Cam kết 0% lãi suất, 0đ trả trước, 0 phí ẩn (Xem chi tiết)

2. Ưu đãi mua kèm cùng máy:

Apple Watch giảm thêm 200.000đ
AirPods giảm thêm 100.000đ
Củ sạc nhanh Apple giảm thêm 50.000đ
Combo bán kèm giảm đến 15%
Phụ kiện mua kèm Combo bán kèm giảm thêm 3%
Mua kèm Smartwatch từ 5 triệu giảm thêm 500K (trừ Apple, Samsung. Không áp dụng cùng ưu đãi HSSV)
Mua kèm Đồng hồ trẻ em giảm thêm 100K (không áp dụng cùng ưu đãi HSSV)

Thu gọn";"Giảm 5% tối đa 500.000đ thanh toán qua SPayLater (Xem chi tiết)
Giảm 1% tối đa 300.000đ thanh toán ZaloPay (Xem chi tiết)
Giảm 500.000đ khi mở thẻ tín dụng Lio Bank (Xem chi tiết)
Giảm 500.000đ đơn hàng 10 triệu khi thanh toán qua thẻ OCB (Xem chi tiết)
Giảm thêm 800.000đ mở thẻ qua VIB (Xem chi tiết)
Giảm 38% giá gói VieON khi mua kèm máy (Xem chi tiết)
Giảm 5% tối đa 200.000đ khi thanh toán qua Kredivo (cho kỳ hạn 6, 9, 12 tháng) (Xem chi tiết)
Giảm thêm đến 6% cho thành viên của Di Động Việt (Xem chi tiết)
Hư lỗi đổi mới trong 12 tháng chỉ từ 2K/ ngày (Xem chi tiết)
Miễn phí Giao hàng siêu tốc trong 1 giờ (Xem chi tiết)";;https://didongviet.vn/dien-thoai/iphone-air-1tb.html;
iPhone Air 512GB Chính Hãng;Đen Không Gian;Yes;1;38490000;28990000;2026-06-28;"Khuyến mãi

Giá và khuyến mãi có thể kết thúc sớm hơn dự kiến

1. Ưu đãi độc quyền:

Giảm thêm đến 2.500.000đ khi thu cũ đổi mới (Xem chi tiết)
D.Member giảm thêm đến 1% (Xem chi tiết)
Trả góp 30: Cam kết 0% lãi suất, 0đ trả trước, 0 phí ẩn (Xem chi tiết)

2. Ưu đãi mua kèm cùng máy:

Apple Watch giảm thêm 200.000đ
AirPods giảm thêm 100.000đ
Củ sạc nhanh Apple giảm thêm 50.000đ
Combo bán kèm giảm đến 15%
Phụ kiện mua kèm Combo bán kèm giảm thêm 3%
Mua kèm Smartwatch từ 5 triệu giảm thêm 500K (trừ Apple, Samsung. Không áp dụng cùng ưu đãi HSSV)
Mua kèm Đồng hồ trẻ em giảm thêm 100K (không áp dụng cùng ưu đãi HSSV)

 

Thu gọn";"Giảm 5% tối đa 500.000đ thanh toán qua SPayLater (Xem chi tiết)
Giảm 1% tối đa 300.000đ thanh toán ZaloPay (Xem chi tiết)
Giảm 500.000đ khi mở thẻ tín dụng Lio Bank (Xem chi tiết)
Giảm 500.000đ đơn hàng 10 triệu khi thanh toán qua thẻ OCB (Xem chi tiết)
Giảm thêm 800.000đ mở thẻ qua VIB (Xem chi tiết)";;https://didongviet.vn/dien-thoai/iphone-air-512gb.html;
Apple Watch SE 2 (2024) 40mm (GPS) Viền nhôm - Dây cao su S/M;Default;Yes;0;6390000;4990000;2026-06-28;"Khuyến mãi

Giá và khuyến mãi có thể kết thúc sớm hơn dự kiến

1. Ưu đãi độc quyền:

Tặng thêm đến 500.000đ khi thu cũ đổi mới (Xem chi tiết)
Tiết kiệm đến 1% với D.MEMBER (Xem chi tiết)
Tặng miếng dán màn hình PPF

Trả góp 30: Cam kết 0% lãi suất, 0đ trả trước, 0 phí ẩn (Xem chi tiết)

2. Ưu đãi mua kèm cùng máy:

iPhone 17 | iPhone Air giảm thêm 200K
Mac | iPad | iPhone giảm thêm 2%

 

Thu gọn";"Giảm 5% tối đa 500.000đ thanh toán qua SPayLater (Xem chi tiết)
Giảm 1% tối đa 300.000đ thanh toán ZaloPay (Xem chi tiết)
Giảm 500.000đ khi mở thẻ tín dụng Lio Bank (Xem chi tiết)
Giảm 500.000đ đơn hàng 10 triệu khi thanh toán qua thẻ OCB (Xem chi tiết)
Giảm thêm 800.000đ mở thẻ qua VIB (Xem chi tiết)";;https://didongviet.vn/dong-ho-thong-minh/apple-watch-se-2-2024-gps-40mm-vien-nhom-day-cao-su-s-m.html;
Apple Watch SE 2 (2024) 44mm (GPS) Viền nhôm - Dây cao su size S/M;Default;Yes;0;7190000;5690000;2026-06-28;"Khuyến mãi

Giá và khuyến mãi có thể kết thúc sớm hơn dự kiến

1. Ưu đãi độc quyền:

Tặng thêm đến 500.000đ khi thu cũ đổi mới (Xem chi tiết)
Tiết kiệm đến 1% với D.MEMBER (Xem chi tiết)
Tặng miếng dán màn hình PPF

Trả góp 30: Cam kết 0% lãi suất, 0đ trả trước, 0 phí ẩn (Xem chi tiết)

2. Ưu đãi mua kèm cùng máy:

iPhone 17 | iPhone Air giảm thêm 200K
Mac | iPad | iPhone giảm thêm 2%";"Giảm 5% tối đa 500.000đ thanh toán qua SPayLater (Xem chi tiết)
Giảm 1% tối đa 300.000đ thanh toán ZaloPay (Xem chi tiết)
Giảm 500.000đ khi mở thẻ tín dụng Lio Bank (Xem chi tiết)
Giảm 500.000đ đơn hàng 10 triệu khi thanh toán qua thẻ OCB (Xem chi tiết)
Giảm thêm 800.000đ mở thẻ qua VIB (Xem chi tiết)
Giảm 38% giá gói VieON khi mua kèm máy (Xem chi tiết)
Giảm 5% tối đa 200.000đ khi thanh toán qua Kredivo (cho kỳ hạn 6, 9, 12 tháng) (Xem chi tiết)
Giảm thêm đến 6% cho thành viên của Di Động Việt (Xem chi tiết)
Hư lỗi đổi mới trong 12 tháng chỉ từ 2K/ ngày (Xem chi tiết)
Miễn phí Giao hàng siêu tốc trong 1 giờ (Xem chi tiết)";;https://didongviet.vn/dong-ho-thong-minh/apple-watch-se-2-2024-gps-44mm-vien-nhom-day-cao-su-s-m.html;
iPhone 17 Pro Max 256GB Chính Hãng;Xanh Đậm;Yes;0;37990000;35990000;2026-06-28;"Khuyến mãi

Giá và khuyến mãi có thể kết thúc sớm hơn dự kiến

1. Duy nhất 28.06: Siêu sale mùa World Cup - Chốt deal ghi bàn (xem chi tiết)

Giá sốc chỉ từ: 35.490.000đ (Áp dụng màu Bạc)

Lưu ý: Áp dụng trực tiếp tại cửa hàng 300 Lê Hồng Phong và 49 Lê Văn Việt. Không áp dụng đồng thời CTKM khác.

2. Ưu đãi độc quyền:
Giảm thêm đến 3.500.000đ khi thu cũ đổi mới (Xem chi tiết)
Giảm thêm 500.000đ khi thanh toán qua Shopee Pay Later. 

3. Ưu đãi mua kèm cùng máy: 

Apple Watch giảm thêm 200.000đ
AirPods giảm thêm 100.000đ
Củ sạc nhanh Apple giảm thêm 50.000đ
Combo bán kèm Phụ Kiện giảm thêm đến 15%
Phụ kiện mua kèm Combo bán kèm Phụ Kiện giảm thêm 3% 

Thu gọn";"Giảm 5% tối đa 500.000đ thanh toán qua SPayLater (Xem chi tiết)
Giảm 1% tối đa 300.000đ thanh toán ZaloPay (Xem chi tiết)
Giảm 500.000đ khi mở thẻ tín dụng Lio Bank (Xem chi tiết)
Giảm 500.000đ đơn hàng 10 triệu khi thanh toán qua thẻ OCB (Xem chi tiết)
Giảm thêm 800.000đ mở thẻ qua VIB (Xem chi tiết)
Giảm 38% giá gói VieON khi mua kèm máy (Xem chi tiết)
Giảm 5% tối đa 200.000đ khi thanh toán qua Kredivo (cho kỳ hạn 6, 9, 12 tháng) (Xem chi tiết)
Giảm thêm đến 6% cho thành viên của Di Động Việt (Xem chi tiết)
Hư lỗi đổi mới trong 12 tháng chỉ từ 2K/ ngày (Xem chi tiết)
Miễn phí Giao hàng siêu tốc trong 1 giờ (Xem chi tiết)";;https://didongviet.vn/dien-thoai/iphone-17-pro-max-256gb.html;
Apple Watch SE 2 (2024) 40mm (LTE) Viền nhôm - Dây cao su S/M;Default;Yes;5;7690000;6890000;2026-06-28;"Khuyến mãi

Giá và khuyến mãi có thể kết thúc sớm hơn dự kiến

1. Ưu đãi độc quyền:

Tiết kiệm đến 1% với D.MEMBER (Xem chi tiết)
Trả góp 30: Cam kết 0% lãi suất, 0đ trả trước, 0 phí ẩn (Xem chi tiết)

2. Ưu đãi mua kèm cùng máy:

Mua cùng iPhone | Macbook | iPad A16 | iPad Air M3 giảm thêm 200.000đ";"Giảm 5% tối đa 500.000đ thanh toán qua SPayLater (Xem chi tiết)
Giảm 1% tối đa 300.000đ thanh toán ZaloPay (Xem chi tiết)
Giảm 500.000đ khi mở thẻ tín dụng Lio Bank (Xem chi tiết)
Giảm 500.000đ đơn hàng 10 triệu khi thanh toán qua thẻ OCB (Xem chi tiết)
Giảm thêm 800.000đ mở thẻ qua VIB (Xem chi tiết)
Giảm 38% giá gói VieON khi mua kèm máy (Xem chi tiết)
Giảm 5% tối đa 200.000đ khi thanh toán qua Kredivo (cho kỳ hạn 6, 9, 12 tháng) (Xem chi tiết)
Giảm thêm đến 6% cho thành viên của Di Động Việt (Xem chi tiết)
Hư lỗi đổi mới trong 12 tháng chỉ từ 2K/ ngày (Xem chi tiết)
Miễn phí Giao hàng siêu tốc trong 1 giờ (Xem chi tiết)";;https://didongviet.vn/dong-ho-thong-minh/apple-watch-se-2-2024-lte-40mm-vien-nhom-day-cao-su-s-m.html;
Apple Watch SE 3 (2025) 44mm (5G) Viền nhôm - Dây cao su S/M;Default;Yes;0;9340000;8690000;2026-06-28;"Khuyến mãi

Giá và khuyến mãi có thể kết thúc sớm hơn dự kiến

1. Ưu đãi độc quyền:

Tặng thêm đến 500.000đ khi thu cũ đổi mới (Xem chi tiết)
Tiết kiệm đến 1% với D.MEMBER (Xem chi tiết)
Tặng miếng dán màn hình PPF

Trả góp 30: Cam kết 0% lãi suất, 0đ trả trước, 0 phí ẩn (Xem chi tiết)

2. Ưu đãi mua kèm cùng máy:

Mua cùng iPhone 17 | iPhone Air giảm thêm 200.000đ
Mua cùng Mac | iPad | iPhone giảm thêm 2%

 

 

Thu gọn";"Giảm 5% tối đa 500.000đ thanh toán qua SPayLater (Xem chi tiết)
Giảm 1% tối đa 300.000đ thanh toán ZaloPay (Xem chi tiết)
Giảm 500.000đ khi mở thẻ tín dụng Lio Bank (Xem chi tiết)
Giảm 500.000đ đơn hàng 10 triệu khi thanh toán qua thẻ OCB (Xem chi tiết)
Giảm thêm 800.000đ mở thẻ qua VIB (Xem chi tiết)";;https://didongviet.vn/dong-ho-thong-minh/apple-watch-se-3-2025-44mm-5g-vien-nhom-day-cao-su-s-m.html;
Apple Watch SE 2 (2024) 44mm (LTE) Viền nhôm - Dây cao su size S/M;Default;Yes;6;8490000;7590000;2026-06-28;"Khuyến mãi

Giá và khuyến mãi có thể kết thúc sớm hơn dự kiến

1. Ưu đãi độc quyền:

Tiết kiệm đến 1% với D.MEMBER (Xem chi tiết)
Trả góp 30: Cam kết 0% lãi suất, 0đ trả trước, 0 phí ẩn (Xem chi tiết)

2. Ưu đãi mua kèm cùng máy:

Mua cùng iPhone | Macbook | iPad A16 | iPad Air M3 giảm thêm 200.000đ";"Giảm 5% tối đa 500.000đ thanh toán qua SPayLater (Xem chi tiết)
Giảm 1% tối đa 300.000đ thanh toán ZaloPay (Xem chi tiết)
Giảm 500.000đ khi mở thẻ tín dụng Lio Bank (Xem chi tiết)
Giảm 500.000đ đơn hàng 10 triệu khi thanh toán qua thẻ OCB (Xem chi tiết)
Giảm thêm 800.000đ mở thẻ qua VIB (Xem chi tiết)
Giảm 38% giá gói VieON khi mua kèm máy (Xem chi tiết)
Giảm 5% tối đa 200.000đ khi thanh toán qua Kredivo (cho kỳ hạn 6, 9, 12 tháng) (Xem chi tiết)
Giảm thêm đến 6% cho thành viên của Di Động Việt (Xem chi tiết)
Hư lỗi đổi mới trong 12 tháng chỉ từ 2K/ ngày (Xem chi tiết)
Miễn phí Giao hàng siêu tốc trong 1 giờ (Xem chi tiết)";;https://didongviet.vn/dong-ho-thong-minh/apple-watch-se-2-2024-lte-44mm-vien-nhom-day-cao-su-s-m.html;
Apple Watch Series 11 46mm (GPS) Viền nhôm - Dây cao su M/L;Default;Yes;0;12340000;9990000;2026-06-28;"Khuyến mãi

Giá và khuyến mãi có thể kết thúc sớm hơn dự kiến

1. Ưu đãi độc quyền:

Tiết kiệm đến 1% với D.MEMBER (Xem chi tiết)
Trả góp 30: Cam kết 0% lãi suất, 0đ trả trước, 0 phí ẩn (Xem chi tiết)

2. Ưu đãi mua kèm cùng máy:

Mua cùng iPhone | Macbook | iPad A16 | iPad Air M3 giảm thêm 200.000đ";"Giảm 5% tối đa 500.000đ thanh toán qua SPayLater (Xem chi tiết)
Giảm 1% tối đa 300.000đ thanh toán ZaloPay (Xem chi tiết)
Giảm 500.000đ khi mở thẻ tín dụng Lio Bank (Xem chi tiết)
Giảm 500.000đ đơn hàng 10 triệu khi thanh toán qua thẻ OCB (Xem chi tiết)
Giảm thêm 800.000đ mở thẻ qua VIB (Xem chi tiết)
Giảm 38% giá gói VieON khi mua kèm máy (Xem chi tiết)
Giảm 5% tối đa 200.000đ khi thanh toán qua Kredivo (cho kỳ hạn 6, 9, 12 tháng) (Xem chi tiết)
Giảm thêm đến 6% cho thành viên của Di Động Việt (Xem chi tiết)
Hư lỗi đổi mới trong 12 tháng chỉ từ 2K/ ngày (Xem chi tiết)
Miễn phí Giao hàng siêu tốc trong 1 giờ (Xem chi tiết)";;https://didongviet.vn/dong-ho-thong-minh/apple-watch-series-11-46mm-gps-vien-nhom-day-cao-su-m-l.html;
iPad A16 11 inch (2025) | 128GB Wifi & 5G Chính Hãng;Default;Yes;0;15990000;15990000;2026-06-28;"Khuyến mãi

Giá và khuyến mãi có thể kết thúc sớm hơn dự kiến

1. Ưu đãi độc quyền:

Tặng thêm đến 1.200.000đ khi thu cũ đổi mới (Xem chi tiết)
Tiết kiệm đến 1% với D.MEMBER (Xem chi tiết)
Giảm thêm đến 200.000đ đối với Học Sinh - Sinh Viên

Trả góp 30: Cam kết 0% lãi suất, 0đ trả trước, 0 phí ẩn (Xem chi tiết)

2. Ưu đãi mua kèm cùng máy:

Apple Watch | Keyboard  giảm thêm 200.000đ
AirPods | Apple Pencil  giảm thêm 100.000đ

 

Thu gọn";"Giảm 5% tối đa 500.000đ thanh toán qua SPayLater (Xem chi tiết)
Giảm 1% tối đa 300.000đ thanh toán ZaloPay (Xem chi tiết)
Giảm 500.000đ khi mở thẻ tín dụng Lio Bank (Xem chi tiết)
Giảm 500.000đ đơn hàng 10 triệu khi thanh toán qua thẻ OCB (Xem chi tiết)
Giảm thêm 800.000đ mở thẻ qua VIB (Xem chi tiết)";;https://didongviet.vn/may-tinh-bang/ipad-a16-11-inch-2025-128gb-wifi-5g.html;
Apple Watch Series 11 46mm (GPS) Viền nhôm - Dây cao su S/M;Đen Bóng;Yes;0;12340000;11890000;2026-06-28;"Khuyến mãi

Giá và khuyến mãi có thể kết thúc sớm hơn dự kiến

1. Ưu đãi độc quyền:

Tặng thêm đến 500.000đ khi thu cũ đổi mới (Xem chi tiết)
D.Member giảm thêm đến 1% (Xem chi tiết)
Trả góp 30: Cam kết 0% lãi suất, 0đ trả trước, 0 phí ẩn (Xem chi tiết)

2. Ưu đãi mua kèm cùng máy:

Mua cùng iPhone | Macbook | iPad A16 | iPad Air M3 giảm thêm 200.000đ";"Giảm 5% tối đa 500.000đ thanh toán qua SPayLater (Xem chi tiết)
Giảm 1% tối đa 300.000đ thanh toán ZaloPay (Xem chi tiết)
Giảm 500.000đ khi mở thẻ tín dụng Lio Bank (Xem chi tiết)
Giảm 500.000đ đơn hàng 10 triệu khi thanh toán qua thẻ OCB (Xem chi tiết)
Giảm thêm 800.000đ mở thẻ qua VIB (Xem chi tiết)
Giảm 38% giá gói VieON khi mua kèm máy (Xem chi tiết)
Giảm 5% tối đa 200.000đ khi thanh toán qua Kredivo (cho kỳ hạn 6, 9, 12 tháng) (Xem chi tiết)
Giảm thêm đến 6% cho thành viên của Di Động Việt (Xem chi tiết)
Hư lỗi đổi mới trong 12 tháng chỉ từ 2K/ ngày (Xem chi tiết)
Miễn phí Giao hàng siêu tốc trong 1 giờ (Xem chi tiết)";;https://didongviet.vn/dong-ho-thong-minh/apple-watch-series-11-46mm-gps-vien-nhom-day-cao-su-s-m.html;
Apple Watch Series 11 42mm (GPS) Viền nhôm - Dây cao su S/M;Vàng Hồng;Yes;0;11490000;11090000;2026-06-28;"Khuyến mãi

Giá và khuyến mãi có thể kết thúc sớm hơn dự kiến

1. Duy nhất 14.06: SIÊU SALE THẢ GA - KHÔNG LO VỀ GIÁ (xem chi tiết)

Giá chỉ từ 8.890.000đ 

*Lưu ý: Áp dụng trực tiếp tại cửa hàng 77 Trần Quang Khải và cửa hàng 619 Nguyễn Thị Thập.

2. Ưu đãi độc quyền:

Tiết kiệm đến 1% với D.MEMBER (Xem chi tiết)
Trả góp 30: Cam kết 0% lãi suất, 0đ trả trước, 0 phí ẩn (Xem chi tiết)

3. Ưu đãi mua kèm cùng máy:

Mua cùng iPhone | Macbook | iPad A16 | iPad Air M3 giảm thêm 200.000đ

Thu gọn";"Giảm 5% tối đa 500.000đ thanh toán qua SPayLater (Xem chi tiết)
Giảm 1% tối đa 300.000đ thanh toán ZaloPay (Xem chi tiết)
Giảm 500.000đ khi mở thẻ tín dụng Lio Bank (Xem chi tiết)
Giảm 500.000đ đơn hàng 10 triệu khi thanh toán qua thẻ OCB (Xem chi tiết)
Giảm thêm 800.000đ mở thẻ qua VIB (Xem chi tiết)";;https://didongviet.vn/dong-ho-thong-minh/apple-watch-series-11-gps-42mm-nhom-day-cao-su-s-m.html;
Apple Watch Series 9 45mm (GPS) Viền nhôm - Dây cao su size M/L;Trắng;Yes;0;11290000;10390000;2026-06-28;"Khuyến mãi

Giá và khuyến mãi có thể kết thúc sớm hơn dự kiến

1. Ưu đãi độc quyền:

Tặng thêm đến 500.000đ khi thu cũ đổi mới (Xem chi tiết)
Tiết kiệm đến 1% với D.MEMBER (Xem chi tiết)
Trả góp 30: Cam kết 0% lãi suất, 0đ trả trước, 0 phí ẩn (Xem chi tiết)

2. Ưu đãi mua kèm cùng máy:

Mua cùng iPhone | Macbook | iPad A16 | iPad Air M3 giảm thêm 200.000đ
Cáp sạc Apple Watch giá chỉ từ 390.000đ";"Giảm 5% tối đa 500.000đ thanh toán qua SPayLater (Xem chi tiết)
Giảm 1% tối đa 300.000đ thanh toán ZaloPay (Xem chi tiết)
Giảm 500.000đ khi mở thẻ tín dụng Lio Bank (Xem chi tiết)
Giảm 500.000đ đơn hàng 10 triệu khi thanh toán qua thẻ OCB (Xem chi tiết)
Giảm thêm 800.000đ mở thẻ qua VIB (Xem chi tiết)
Giảm 38% giá gói VieON khi mua kèm máy (Xem chi tiết)
Giảm 5% tối đa 200.000đ khi thanh toán qua Kredivo (cho kỳ hạn 6, 9, 12 tháng) (Xem chi tiết)
Giảm thêm đến 6% cho thành viên của Di Động Việt (Xem chi tiết)
Hư lỗi đổi mới trong 12 tháng chỉ từ 2K/ ngày (Xem chi tiết)
Miễn phí Giao hàng siêu tốc trong 1 giờ (Xem chi tiết)";;https://didongviet.vn/dong-ho-thong-minh/apple-watch-series-9-45mm-gps-vien-nhom-day-cao-su-size-m-l.html;
Apple Watch SE 3 (2025) 44mm (GPS) Viền nhôm - Dây cao su S/M;Đêm Xanh Thẳm;Yes;0;7840000;7590000;2026-06-28;"Khuyến mãi

Giá và khuyến mãi có thể kết thúc sớm hơn dự kiến

1. Ưu đãi độc quyền:

D.Member giảm thêm đến 1% (Xem chi tiết)
Trả góp 30: Cam kết 0% lãi suất, 0đ trả trước, 0 phí ẩn (Xem chi tiết)

2. Ưu đãi mua kèm cùng máy:

Mua cùng iPhone | Macbook | iPad A16 | iPad Air M3 giảm thêm 200.000đ";"Giảm 5% tối đa 500.000đ thanh toán qua SPayLater (Xem chi tiết)
Giảm 1% tối đa 300.000đ thanh toán ZaloPay (Xem chi tiết)
Giảm 500.000đ khi mở thẻ tín dụng Lio Bank (Xem chi tiết)
Giảm 500.000đ đơn hàng 10 triệu khi thanh toán qua thẻ OCB (Xem chi tiết)
Giảm thêm 800.000đ mở thẻ qua VIB (Xem chi tiết)
Giảm 38% giá gói VieON khi mua kèm máy (Xem chi tiết)
Giảm 5% tối đa 200.000đ khi thanh toán qua Kredivo (cho kỳ hạn 6, 9, 12 tháng) (Xem chi tiết)
Giảm thêm đến 6% cho thành viên của Di Động Việt (Xem chi tiết)
Hư lỗi đổi mới trong 12 tháng chỉ từ 2K/ ngày (Xem chi tiết)
Miễn phí Giao hàng siêu tốc trong 1 giờ (Xem chi tiết)";;https://didongviet.vn/dong-ho-thong-minh/apple-watch-se-3-2025-44mm-gps-vien-nhom-day-cao-su-s-m.html;
iPad A16 11 inch (2025) | 128GB Wifi Chính Hãng;Xanh Dương;Yes;34;11990000;11990000;2026-06-28;"Khuyến mãi

Giá và khuyến mãi có thể kết thúc sớm hơn dự kiến

1. Ưu đãi độc quyền:

Giảm thêm đến 500.000đ khi thu cũ đổi mới (Xem chi tiết)
D.Member giảm thêm đến 1% (Xem chi tiết)
Trả góp 30: Cam kết 0% lãi suất, 0đ trả trước, 0 phí ẩn (Xem chi tiết)
Học Sinh - Sinh Viên giảm thêm 200.000đ 

2. Ưu đãi mua kèm cùng máy:

Apple Watch giảm thêm 200.000đ
AirPods giảm thêm 100.000đ
Ốp lưng/Bao da giảm thêm 10% (trừ chính hãng Apple)
Mua kèm phụ kiện có tổng giá trị từ 500K trở lên giảm thêm 50.000đ 
Combo Ốp lưng + Cường lực + Pin/ củ/ cáp giảm ngay 20.000đ mỗi sản phẩm.
PPF mua cùng máy giảm còn 90.000đ
Mua kèm Smartwatch từ 5 triệu giảm thêm 500K (trừ Apple, Samsung. Không áp dụng cùng ưu đãi HSSV)
Mua kèm Đồng hồ trẻ em giảm thêm 100K (không áp dụng cùng ưu đãi HSSV)

Thu gọn";"Giảm 5% tối đa 500.000đ thanh toán qua SPayLater (Xem chi tiết)
Giảm 1% tối đa 300.000đ thanh toán ZaloPay (Xem chi tiết)
Giảm 500.000đ khi mở thẻ tín dụng Lio Bank (Xem chi tiết)
Giảm 500.000đ đơn hàng 10 triệu khi thanh toán qua thẻ OCB (Xem chi tiết)
Giảm thêm 800.000đ mở thẻ qua VIB (Xem chi tiết)";;https://didongviet.vn/may-tinh-bang/ipad-a16-11-inch-2025-128gb-wifi.html;
Apple Watch SE 3 (2025) 40mm (GPS) Viền nhôm - Dây cao su S/M;Ánh Sao;Yes;31;6990000;6690000;2026-06-28;"Khuyến mãi

Giá và khuyến mãi có thể kết thúc sớm hơn dự kiến

1. Ưu đãi độc quyền:

D.Member giảm thêm đến 1% (Xem chi tiết)
Trả góp 30: Cam kết 0% lãi suất, 0đ trả trước, 0 phí ẩn (Xem chi tiết)

2. Ưu đãi mua kèm cùng máy:

Mua cùng iPhone | Macbook | iPad A16 | iPad Air M3 giảm thêm 200.000đ";"Giảm 5% tối đa 500.000đ thanh toán qua SPayLater (Xem chi tiết)
Giảm 1% tối đa 300.000đ thanh toán ZaloPay (Xem chi tiết)
Giảm 500.000đ khi mở thẻ tín dụng Lio Bank (Xem chi tiết)
Giảm 500.000đ đơn hàng 10 triệu khi thanh toán qua thẻ OCB (Xem chi tiết)
Giảm thêm 800.000đ mở thẻ qua VIB (Xem chi tiết)
Giảm 38% giá gói VieON khi mua kèm máy (Xem chi tiết)
Giảm 5% tối đa 200.000đ khi thanh toán qua Kredivo (cho kỳ hạn 6, 9, 12 tháng) (Xem chi tiết)
Giảm thêm đến 6% cho thành viên của Di Động Việt (Xem chi tiết)
Hư lỗi đổi mới trong 12 tháng chỉ từ 2K/ ngày (Xem chi tiết)
Miễn phí Giao hàng siêu tốc trong 1 giờ (Xem chi tiết)";;https://didongviet.vn/dong-ho-thong-minh/apple-watch-se-3-2025-gps-40mm-vien-nhom-day-cao-su.html;
Apple Watch Series 11 42mm (GPS) Viền nhôm - Dây cao su S/M;Đen Bóng;Yes;0;11490000;11090000;2026-06-28;"Khuyến mãi

Giá và khuyến mãi có thể kết thúc sớm hơn dự kiến

1. Duy nhất 14.06: SIÊU SALE THẢ GA - KHÔNG LO VỀ GIÁ (xem chi tiết)

Giá chỉ từ 8.890.000đ 

*Lưu ý: Áp dụng trực tiếp tại cửa hàng 77 Trần Quang Khải và cửa hàng 619 Nguyễn Thị Thập.

2. Ưu đãi độc quyền:

Tiết kiệm đến 1% với D.MEMBER (Xem chi tiết)
Trả góp 30: Cam kết 0% lãi suất, 0đ trả trước, 0 phí ẩn (Xem chi tiết)

3. Ưu đãi mua kèm cùng máy:

Mua cùng iPhone | Macbook | iPad A16 | iPad Air M3 giảm thêm 200.000đ

Thu gọn";"Giảm 5% tối đa 500.000đ thanh toán qua SPayLater (Xem chi tiết)
Giảm 1% tối đa 300.000đ thanh toán ZaloPay (Xem chi tiết)
Giảm 500.000đ khi mở thẻ tín dụng Lio Bank (Xem chi tiết)
Giảm 500.000đ đơn hàng 10 triệu khi thanh toán qua thẻ OCB (Xem chi tiết)
Giảm thêm 800.000đ mở thẻ qua VIB (Xem chi tiết)
Giảm 38% giá gói VieON khi mua kèm máy (Xem chi tiết)
Giảm 5% tối đa 200.000đ khi thanh toán qua Kredivo (cho kỳ hạn 6, 9, 12 tháng) (Xem chi tiết)
Giảm thêm đến 6% cho thành viên của Di Động Việt (Xem chi tiết)
Hư lỗi đổi mới trong 12 tháng chỉ từ 2K/ ngày (Xem chi tiết)
Miễn phí Giao hàng siêu tốc trong 1 giờ (Xem chi tiết)";;https://didongviet.vn/dong-ho-thong-minh/apple-watch-series-11-gps-42mm-nhom-day-cao-su-s-m.html;
Tai nghe Apple AirPods Pro 2 2023 (USB-C) Chính Hãng;Default;Yes;0;6190000;5290000;2026-06-28;"Khuyến mãi

Giá và khuyến mãi có thể kết thúc sớm hơn dự kiến

1. Ưu đãi độc quyền:

Tặng 3 tháng Apple Music miễn phí
Trả góp 30: Cam kết 0% lãi suất, 0đ trả trước, 0 phí ẩn (Xem chi tiết)

2. Ưu đãi mua kèm cùng máy:

Mua cùng  iPhone | Macbook | iPad A16 | iPad Air M3 giảm thêm 200.000đ
Mua kèm Ốp lưng Airpods chỉ từ 290.000đ";"Giảm 5% tối đa 500.000đ thanh toán qua SPayLater (Xem chi tiết)
Giảm 1% tối đa 300.000đ thanh toán ZaloPay (Xem chi tiết)
Giảm 500.000đ khi mở thẻ tín dụng Lio Bank (Xem chi tiết)
Giảm 500.000đ đơn hàng 10 triệu khi thanh toán qua thẻ OCB (Xem chi tiết)
Giảm thêm 800.000đ mở thẻ qua VIB (Xem chi tiết)
Giảm 38% giá gói VieON khi mua kèm máy (Xem chi tiết)
Giảm 5% tối đa 200.000đ khi thanh toán qua Kredivo (cho kỳ hạn 6, 9, 12 tháng) (Xem chi tiết)
Giảm thêm đến 6% cho thành viên của Di Động Việt (Xem chi tiết)
Hư lỗi đổi mới trong 12 tháng chỉ từ 2K/ ngày (Xem chi tiết)
Miễn phí Giao hàng siêu tốc trong 1 giờ (Xem chi tiết)";;https://didongviet.vn/thiet-bi-am-thanh/airpods-pro-2-2023-usb-c.html;
iPad mini 7 2024 128GB Wifi Chính Hãng;Default;Yes;0;15990000;15990000;2026-06-28;"Khuyến mãi

Giá và khuyến mãi có thể kết thúc sớm hơn dự kiến

1. Ưu đãi độc quyền:

Trợ giá thêm đến 500.000đ khi thu cũ đổi mới (Xem chi tiết)
D.Member giảm thêm đến 1% (Xem chi tiết)
Trả góp 30: Cam kết 0% lãi suất, 0đ trả trước, 0 phí ẩn (Xem chi tiết)
Học Sinh - Sinh Viên giảm thêm 200.000đ

2. Ưu đãi mua kèm:

Ốp lưng/Bao da giảm thêm 10% (trừ chính hãng Apple)
Mua kèm phụ kiện có tổng giá trị từ 500K trở lên giảm thêm 50.000đ 
Combo Ốp lưng + Cường lực + Pin/ củ/ cáp giảm ngay 20.000đ mỗi sản phẩm.
PPF mua cùng máy giảm còn 90.000đ
Mua kèm Smartwatch từ 5 triệu giảm thêm 500K (trừ Apple, Samsung. Không áp dụng cùng ưu đãi HSSV)
Mua kèm Đồng hồ trẻ em giảm thêm 100K (không áp dụng cùng ưu đãi HSSV)

Thu gọn";"Giảm 5% tối đa 500.000đ thanh toán qua SPayLater (Xem chi tiết)
Giảm 1% tối đa 300.000đ thanh toán ZaloPay (Xem chi tiết)
Giảm 500.000đ khi mở thẻ tín dụng Lio Bank (Xem chi tiết)
Giảm 500.000đ đơn hàng 10 triệu khi thanh toán qua thẻ OCB (Xem chi tiết)
Giảm thêm 800.000đ mở thẻ qua VIB (Xem chi tiết)";;https://didongviet.vn/may-tinh-bang/ipad-mini-2024-128gb-wifi.html;
iPad A16 11 inch (2025) | 128GB Wifi Chính Hãng;Hồng;Yes;3;11990000;11990000;2026-06-28;"Khuyến mãi

Giá và khuyến mãi có thể kết thúc sớm hơn dự kiến

1. Ưu đãi độc quyền:

Giảm thêm đến 500.000đ khi thu cũ đổi mới (Xem chi tiết)
D.Member giảm thêm đến 1% (Xem chi tiết)
Trả góp 30: Cam kết 0% lãi suất, 0đ trả trước, 0 phí ẩn (Xem chi tiết)
Học Sinh - Sinh Viên giảm thêm 200.000đ 

2. Ưu đãi mua kèm cùng máy:

Apple Watch giảm thêm 200.000đ
AirPods giảm thêm 100.000đ
Ốp lưng/Bao da giảm thêm 10% (trừ chính hãng Apple)
Mua kèm phụ kiện có tổng giá trị từ 500K trở lên giảm thêm 50.000đ 
Combo Ốp lưng + Cường lực + Pin/ củ/ cáp giảm ngay 20.000đ mỗi sản phẩm.
PPF mua cùng máy giảm còn 90.000đ
Mua kèm Smartwatch từ 5 triệu giảm thêm 500K (trừ Apple, Samsung. Không áp dụng cùng ưu đãi HSSV)
Mua kèm Đồng hồ trẻ em giảm thêm 100K (không áp dụng cùng ưu đãi HSSV)

Thu gọn";"Giảm 5% tối đa 500.000đ thanh toán qua SPayLater (Xem chi tiết)
Giảm 1% tối đa 300.000đ thanh toán ZaloPay (Xem chi tiết)
Giảm 500.000đ khi mở thẻ tín dụng Lio Bank (Xem chi tiết)
Giảm 500.000đ đơn hàng 10 triệu khi thanh toán qua thẻ OCB (Xem chi tiết)
Giảm thêm 800.000đ mở thẻ qua VIB (Xem chi tiết)
Giảm 38% giá gói VieON khi mua kèm máy (Xem chi tiết)
Giảm 5% tối đa 200.000đ khi thanh toán qua Kredivo (cho kỳ hạn 6, 9, 12 tháng) (Xem chi tiết)
Giảm thêm đến 6% cho thành viên của Di Động Việt (Xem chi tiết)
Hư lỗi đổi mới trong 12 tháng chỉ từ 2K/ ngày (Xem chi tiết)
Miễn phí Giao hàng siêu tốc trong 1 giờ (Xem chi tiết)";;https://didongviet.vn/may-tinh-bang/ipad-a16-11-inch-2025-128gb-wifi.html;
iPad A16 11 inch 2025 256GB Wifi Chính hãng;Xanh Dương;Yes;1;14590000;14590000;2026-06-28;"Khuyến mãi

Giá và khuyến mãi có thể kết thúc sớm hơn dự kiến

1. Ưu đãi độc quyền:

Giảm thêm đến 500.000đ khi thu cũ đổi mới (Xem chi tiết)
D.Member giảm thêm đến 1% (Xem chi tiết)
Trả góp 30: Cam kết 0% lãi suất, 0đ trả trước, 0 phí ẩn (Xem chi tiết)
Học Sinh - Sinh Viên giảm thêm 200.000đ 

2. Ưu đãi mua kèm cùng máy:

Apple Watch | Keyboard  giảm thêm 200.000đ
AirPods | Apple Pencil  giảm thêm 100.000đ
Ốp lưng/Bao da giảm thêm 10% (trừ chính hãng Apple)
Mua kèm phụ kiện có tổng giá trị từ 500K trở lên giảm thêm 50.000đ 
Combo Ốp lưng + Cường lực + Pin/ củ/ cáp giảm ngay 20.000đ mỗi sản phẩm.

Thu gọn";"Giảm 5% tối đa 500.000đ thanh toán qua SPayLater (Xem chi tiết)
Giảm 1% tối đa 300.000đ thanh toán ZaloPay (Xem chi tiết)
Giảm 500.000đ khi mở thẻ tín dụng Lio Bank (Xem chi tiết)
Giảm 500.000đ đơn hàng 10 triệu khi thanh toán qua thẻ OCB (Xem chi tiết)
Giảm thêm 800.000đ mở thẻ qua VIB (Xem chi tiết)";;https://didongviet.vn/may-tinh-bang/ipad-a16-11-inch-2025-256gb-wifi.html;
iPad Pro M5 11 inch 256GB Wifi Chính Hãng;Bạc;Yes;2;33490000;33490000;2026-06-28;"Khuyến mãi

Giá và khuyến mãi có thể kết thúc sớm hơn dự kiến

1. Ưu đãi độc quyền:

Tặng thêm đến 500.000đ khi thu cũ đổi mới (Xem chi tiết)
D.Member giảm thêm đến 1% (Xem chi tiết)
Trả góp 30: Cam kết 0% lãi suất, 0đ trả trước, 0 phí ẩn (Xem chi tiết)
Giảm thêm đến 200.000đ đối với Học Sinh - Sinh Viên

2. Ưu đãi mua kèm:

Ốp lưng/Bao da giảm thêm 10% (trừ chính hãng Apple)
Mua kèm phụ kiện có tổng giá trị từ 500K trở lên giảm thêm 50.000đ 
Combo Ốp lưng + Cường lực + Pin/ củ/ cáp giảm ngay 20.000đ mỗi sản phẩm.
PPF mua cùng máy giảm còn 90.000đ

Thu gọn";"Giảm 5% tối đa 500.000đ thanh toán qua SPayLater (Xem chi tiết)
Giảm 1% tối đa 300.000đ thanh toán ZaloPay (Xem chi tiết)
Giảm 500.000đ khi mở thẻ tín dụng Lio Bank (Xem chi tiết)
Giảm 500.000đ đơn hàng 10 triệu khi thanh toán qua thẻ OCB (Xem chi tiết)
Giảm thêm 800.000đ mở thẻ qua VIB (Xem chi tiết)";;https://didongviet.vn/may-tinh-bang/ipad-pro-m5-11-inch-256gb-wifi.html;
iPad A16 11 inch (2025) | 128GB Wifi Chính Hãng;Bạc;Yes;47;11990000;11990000;2026-06-28;"Khuyến mãi

Giá và khuyến mãi có thể kết thúc sớm hơn dự kiến

1. Ưu đãi độc quyền:

Giảm thêm đến 500.000đ khi thu cũ đổi mới (Xem chi tiết)
D.Member giảm thêm đến 1% (Xem chi tiết)
Trả góp 30: Cam kết 0% lãi suất, 0đ trả trước, 0 phí ẩn (Xem chi tiết)
Học Sinh - Sinh Viên giảm thêm 200.000đ 

2. Ưu đãi mua kèm cùng máy:

Apple Watch giảm thêm 200.000đ
AirPods giảm thêm 100.000đ
Ốp lưng/Bao da giảm thêm 10% (trừ chính hãng Apple)
Mua kèm phụ kiện có tổng giá trị từ 500K trở lên giảm thêm 50.000đ 
Combo Ốp lưng + Cường lực + Pin/ củ/ cáp giảm ngay 20.000đ mỗi sản phẩm.
PPF mua cùng máy giảm còn 90.000đ
Mua kèm Smartwatch từ 5 triệu giảm thêm 500K (trừ Apple, Samsung. Không áp dụng cùng ưu đãi HSSV)
Mua kèm Đồng hồ trẻ em giảm thêm 100K (không áp dụng cùng ưu đãi HSSV)

Thu gọn";"Giảm 5% tối đa 500.000đ thanh toán qua SPayLater (Xem chi tiết)
Giảm 1% tối đa 300.000đ thanh toán ZaloPay (Xem chi tiết)
Giảm 500.000đ khi mở thẻ tín dụng Lio Bank (Xem chi tiết)
Giảm 500.000đ đơn hàng 10 triệu khi thanh toán qua thẻ OCB (Xem chi tiết)
Giảm thêm 800.000đ mở thẻ qua VIB (Xem chi tiết)
Giảm 38% giá gói VieON khi mua kèm máy (Xem chi tiết)
Giảm 5% tối đa 200.000đ khi thanh toán qua Kredivo (cho kỳ hạn 6, 9, 12 tháng) (Xem chi tiết)
Giảm thêm đến 6% cho thành viên của Di Động Việt (Xem chi tiết)
Hư lỗi đổi mới trong 12 tháng chỉ từ 2K/ ngày (Xem chi tiết)
Miễn phí Giao hàng siêu tốc trong 1 giờ (Xem chi tiết)";;https://didongviet.vn/may-tinh-bang/ipad-a16-11-inch-2025-128gb-wifi.html;
iPad Air M3 11 inch | 128GB Wifi Chính Hãng;Xám;Yes;2;16990000;16990000;2026-06-28;"Khuyến mãi

Giá và khuyến mãi có thể kết thúc sớm hơn dự kiến

1. Ưu đãi độc quyền:

Tặng thêm đến 500.000đ khi thu cũ đổi mới (Xem chi tiết)
D.Member giảm thêm đến 1% (Xem chi tiết)
Trả góp 30: Cam kết 0% lãi suất, 0đ trả trước, 0 phí ẩn (Xem chi tiết)
Học Sinh - Sinh Viên giảm thêm 200.000đ 

2. Ưu đãi mua kèm cùng máy:

Apple Watch | Keyboard  giảm thêm 200.000đ
AirPods | Apple Pencil  giảm thêm 100.000đ
Ốp lưng/Bao da giảm thêm 10% (trừ chính hãng Apple)
Mua kèm phụ kiện có tổng giá trị từ 500K trở lên giảm thêm 50.000đ 
Combo Ốp lưng + Cường lực + Pin/ củ/ cáp giảm ngay 20.000đ mỗi sản phẩm.

 

Thu gọn";"Giảm 5% tối đa 500.000đ thanh toán qua SPayLater (Xem chi tiết)
Giảm 1% tối đa 300.000đ thanh toán ZaloPay (Xem chi tiết)
Giảm 500.000đ khi mở thẻ tín dụng Lio Bank (Xem chi tiết)
Giảm 500.000đ đơn hàng 10 triệu khi thanh toán qua thẻ OCB (Xem chi tiết)
Giảm thêm 800.000đ mở thẻ qua VIB (Xem chi tiết)";;https://didongviet.vn/may-tinh-bang/ipad-air-m3-11-inch-128gb-wifi.html;
iPad A16 11 inch (2025) | 128GB Wifi Chính Hãng;Vàng;Yes;0;11990000;11990000;2026-06-28;"Khuyến mãi

Giá và khuyến mãi có thể kết thúc sớm hơn dự kiến

1. Ưu đãi độc quyền:

Giảm thêm đến 500.000đ khi thu cũ đổi mới (Xem chi tiết)
D.Member giảm thêm đến 1% (Xem chi tiết)
Trả góp 30: Cam kết 0% lãi suất, 0đ trả trước, 0 phí ẩn (Xem chi tiết)
Học Sinh - Sinh Viên giảm thêm 200.000đ 

2. Ưu đãi mua kèm cùng máy:

Apple Watch giảm thêm 200.000đ
AirPods giảm thêm 100.000đ
Ốp lưng/Bao da giảm thêm 10% (trừ chính hãng Apple)
Mua kèm phụ kiện có tổng giá trị từ 500K trở lên giảm thêm 50.000đ 
Combo Ốp lưng + Cường lực + Pin/ củ/ cáp giảm ngay 20.000đ mỗi sản phẩm.
PPF mua cùng máy giảm còn 90.000đ
Mua kèm Smartwatch từ 5 triệu giảm thêm 500K (trừ Apple, Samsung. Không áp dụng cùng ưu đãi HSSV)
Mua kèm Đồng hồ trẻ em giảm thêm 100K (không áp dụng cùng ưu đãi HSSV)

Xem thêm";"Giảm 5% tối đa 500.000đ thanh toán qua SPayLater (Xem chi tiết)
Giảm 1% tối đa 300.000đ thanh toán ZaloPay (Xem chi tiết)
Giảm 500.000đ khi mở thẻ tín dụng Lio Bank (Xem chi tiết)
Giảm 500.000đ đơn hàng 10 triệu khi thanh toán qua thẻ OCB (Xem chi tiết)
Giảm thêm 800.000đ mở thẻ qua VIB (Xem chi tiết)
Giảm 38% giá gói VieON khi mua kèm máy (Xem chi tiết)
Giảm 5% tối đa 200.000đ khi thanh toán qua Kredivo (cho kỳ hạn 6, 9, 12 tháng) (Xem chi tiết)
Giảm thêm đến 6% cho thành viên của Di Động Việt (Xem chi tiết)
Hư lỗi đổi mới trong 12 tháng chỉ từ 2K/ ngày (Xem chi tiết)
Miễn phí Giao hàng siêu tốc trong 1 giờ (Xem chi tiết)";;https://didongviet.vn/may-tinh-bang/ipad-a16-11-inch-2025-128gb-wifi.html;
iPad Pro M5 11 inch 256GB Wifi Chính Hãng;Đen Không Gian;Yes;0;33490000;33490000;2026-06-28;"Khuyến mãi

Giá và khuyến mãi có thể kết thúc sớm hơn dự kiến

1. Ưu đãi độc quyền:

Tặng thêm đến 500.000đ khi thu cũ đổi mới (Xem chi tiết)
D.Member giảm thêm đến 1% (Xem chi tiết)
Trả góp 30: Cam kết 0% lãi suất, 0đ trả trước, 0 phí ẩn (Xem chi tiết)
Giảm thêm đến 200.000đ đối với Học Sinh - Sinh Viên

2. Ưu đãi mua kèm:

Ốp lưng/Bao da giảm thêm 10% (trừ chính hãng Apple)
Mua kèm phụ kiện có tổng giá trị từ 500K trở lên giảm thêm 50.000đ 
Combo Ốp lưng + Cường lực + Pin/ củ/ cáp giảm ngay 20.000đ mỗi sản phẩm.
PPF mua cùng máy giảm còn 90.000đ

Thu gọn";"Giảm 5% tối đa 500.000đ thanh toán qua SPayLater (Xem chi tiết)
Giảm 1% tối đa 300.000đ thanh toán ZaloPay (Xem chi tiết)
Giảm 500.000đ khi mở thẻ tín dụng Lio Bank (Xem chi tiết)
Giảm 500.000đ đơn hàng 10 triệu khi thanh toán qua thẻ OCB (Xem chi tiết)
Giảm thêm 800.000đ mở thẻ qua VIB (Xem chi tiết)
Giảm 38% giá gói VieON khi mua kèm máy (Xem chi tiết)
Giảm 5% tối đa 200.000đ khi thanh toán qua Kredivo (cho kỳ hạn 6, 9, 12 tháng) (Xem chi tiết)
Giảm thêm đến 6% cho thành viên của Di Động Việt (Xem chi tiết)
Hư lỗi đổi mới trong 12 tháng chỉ từ 2K/ ngày (Xem chi tiết)
Miễn phí Giao hàng siêu tốc trong 1 giờ (Xem chi tiết)";;https://didongviet.vn/may-tinh-bang/ipad-pro-m5-11-inch-256gb-wifi.html;
iPad Air M3 11 inch | 128GB Wifi Chính Hãng;Xanh;Yes;0;16990000;16990000;2026-06-28;"Khuyến mãi

Giá và khuyến mãi có thể kết thúc sớm hơn dự kiến

1. Ưu đãi độc quyền:

Tặng thêm đến 500.000đ khi thu cũ đổi mới (Xem chi tiết)
D.Member giảm thêm đến 1% (Xem chi tiết)
Trả góp 30: Cam kết 0% lãi suất, 0đ trả trước, 0 phí ẩn (Xem chi tiết)
Học Sinh - Sinh Viên giảm thêm 200.000đ 

2. Ưu đãi mua kèm cùng máy:

Apple Watch | Keyboard  giảm thêm 200.000đ
AirPods | Apple Pencil  giảm thêm 100.000đ
Ốp lưng/Bao da giảm thêm 10% (trừ chính hãng Apple)
Mua kèm phụ kiện có tổng giá trị từ 500K trở lên giảm thêm 50.000đ 
Combo Ốp lưng + Cường lực + Pin/ củ/ cáp giảm ngay 20.000đ mỗi sản phẩm.

 

Thu gọn";"Giảm 5% tối đa 500.000đ thanh toán qua SPayLater (Xem chi tiết)
Giảm 1% tối đa 300.000đ thanh toán ZaloPay (Xem chi tiết)
Giảm 500.000đ khi mở thẻ tín dụng Lio Bank (Xem chi tiết)
Giảm 500.000đ đơn hàng 10 triệu khi thanh toán qua thẻ OCB (Xem chi tiết)
Giảm thêm 800.000đ mở thẻ qua VIB (Xem chi tiết)
Giảm 38% giá gói VieON khi mua kèm máy (Xem chi tiết)
Giảm 5% tối đa 200.000đ khi thanh toán qua Kredivo (cho kỳ hạn 6, 9, 12 tháng) (Xem chi tiết)
Giảm thêm đến 6% cho thành viên của Di Động Việt (Xem chi tiết)
Hư lỗi đổi mới trong 12 tháng chỉ từ 2K/ ngày (Xem chi tiết)
Miễn phí Giao hàng siêu tốc trong 1 giờ (Xem chi tiết)";;https://didongviet.vn/may-tinh-bang/ipad-air-m3-11-inch-128gb-wifi.html;
Tai nghe Apple AirPods Pro 3 Chính Hãng;Default;Yes;46;6790000;5990000;2026-06-28;"Khuyến mãi

Giá và khuyến mãi có thể kết thúc sớm hơn dự kiến

1. Ưu đãi độc quyền:

D.Member giảm thêm đến 135.000đ
Trả góp 30: Cam kết 0% lãi suất, 0đ trả trước, 0 phí ẩn

2. Ưu đãi mua kèm cùng máy:

Mua cùng  iPhone | Macbook | iPad A16 | iPad Air M3 giảm thêm 100.000đ
Mua kèm case Airpods Pro 3 giảm thêm 2%";"Giảm 5% tối đa 500.000đ thanh toán qua SPayLater (Xem chi tiết)
Giảm 1% tối đa 300.000đ thanh toán ZaloPay (Xem chi tiết)
Giảm 500.000đ khi mở thẻ tín dụng Lio Bank (Xem chi tiết)
Giảm 500.000đ đơn hàng 10 triệu khi thanh toán qua thẻ OCB (Xem chi tiết)
Giảm thêm 800.000đ mở thẻ qua VIB (Xem chi tiết)
Giảm 38% giá gói VieON khi mua kèm máy (Xem chi tiết)
Giảm 5% tối đa 200.000đ khi thanh toán qua Kredivo (cho kỳ hạn 6, 9, 12 tháng) (Xem chi tiết)
Giảm thêm đến 6% cho thành viên của Di Động Việt (Xem chi tiết)
Hư lỗi đổi mới trong 12 tháng chỉ từ 2K/ ngày (Xem chi tiết)
Miễn phí Giao hàng siêu tốc trong 1 giờ (Xem chi tiết)";;https://didongviet.vn/thiet-bi-am-thanh/airpods-pro-3.html;
Tai nghe Apple AirPods 4 Chống ồn chủ động Chính Hãng;Default;Yes;46;4990000;4250000;2026-06-28;"Khuyến mãi

Giá và khuyến mãi có thể kết thúc sớm hơn dự kiến

XEM THÊM PHIÊN BẢN THƯỜNG

1. Ưu đãi độc quyền:

Trả góp 30: Cam kết 0% lãi suất, 0đ trả trước, 0 phí ẩn

2. Ưu đãi mua kèm cùng máy:

Mua cùng  iPhone | Macbook | iPad A16 | iPad Air M3 giảm thêm 100.000đ
Mua kèm Ốp lưng Airpods chỉ từ 290.000đ";"Giảm 5% tối đa 500.000đ thanh toán qua SPayLater (Xem chi tiết)
Giảm 1% tối đa 300.000đ thanh toán ZaloPay (Xem chi tiết)
Giảm 500.000đ khi mở thẻ tín dụng Lio Bank (Xem chi tiết)
Giảm 500.000đ đơn hàng 10 triệu khi thanh toán qua thẻ OCB (Xem chi tiết)
Giảm thêm 800.000đ mở thẻ qua VIB (Xem chi tiết)
Giảm 38% giá gói VieON khi mua kèm máy (Xem chi tiết)
Giảm 5% tối đa 200.000đ khi thanh toán qua Kredivo (cho kỳ hạn 6, 9, 12 tháng) (Xem chi tiết)
Giảm thêm đến 6% cho thành viên của Di Động Việt (Xem chi tiết)
Hư lỗi đổi mới trong 12 tháng chỉ từ 2K/ ngày (Xem chi tiết)
Miễn phí Giao hàng siêu tốc trong 1 giờ (Xem chi tiết)";;https://didongviet.vn/thiet-bi-am-thanh/tai-nghe-apple-airpods-4-chong-on-chu-dong.html;
Tai nghe Apple AirPods 4 Chính Hãng;Default;Yes;47;3490000;2990000;2026-06-28;"Khuyến mãi

Giá và khuyến mãi có thể kết thúc sớm hơn dự kiến

XEM NGAY PHIÊN BẢN CHỐNG ỒN CHỦ ĐỘNG

Mua cùng  iPhone | Macbook | iPad A16 | iPad Air M3 giảm thêm 100.000đ";"Giảm 5% tối đa 500.000đ thanh toán qua SPayLater (Xem chi tiết)
Giảm 1% tối đa 300.000đ thanh toán ZaloPay (Xem chi tiết)
Giảm 500.000đ khi mở thẻ tín dụng Lio Bank (Xem chi tiết)
Giảm 500.000đ đơn hàng 10 triệu khi thanh toán qua thẻ OCB (Xem chi tiết)
Giảm thêm 800.000đ mở thẻ qua VIB (Xem chi tiết)
Giảm 38% giá gói VieON khi mua kèm máy (Xem chi tiết)
Giảm 5% tối đa 200.000đ khi thanh toán qua Kredivo (cho kỳ hạn 6, 9, 12 tháng) (Xem chi tiết)
Giảm thêm đến 6% cho thành viên của Di Động Việt (Xem chi tiết)
Hư lỗi đổi mới trong 12 tháng chỉ từ 2K/ ngày (Xem chi tiết)
Miễn phí Giao hàng siêu tốc trong 1 giờ (Xem chi tiết)";;https://didongviet.vn/thiet-bi-am-thanh/tai-nghe-apple-airpods-4.html;
