Product_Name;Color;Ton_Kho;Gia_Niem_Yet;Gia_Khuyen_Mai;Date;Khuyen_Mai;Thanh_Toan;Link;screenshot_name
Apple Watch Series 10 GPS + Cellular 46mm viền Titanium dây Milan;Default;Yes;22190000;16490000;2026-05-10;"Khuyến mãi
Giá và khuyến mãi dự kiến áp dụng đến 23:00 | 31/05
1 Nhập mã VNPAYTGDD2 giảm tối đa 80,000đ (áp dụng tùy giá trị đơn hàng) khi thanh toán qua VNPAY-QR (Xem chi tiết tại đây)
2 NHẬN HOÀN NGAY ĐẾN 800.000đ khi mở thẻ tín dụng VPBANK MWG (Xem chi tiết tại đây)";;https://www.thegioididong.com/dong-ho-thong-minh/apple-watch-s10-lte-46mm-vien-titanium-day-thep;Apple Watch Series 10 GPS + Cellular 46mm viền Titanium dây Milan_Default.png
Apple Watch SE 3 GPS 40mm viền nhôm dây thể thao;40mm;Yes;6990000;6390000;2026-05-10;"Khuyến mãi
Giá và khuyến mãi dự kiến áp dụng đến 23:59 | 10/05
1 Nhập mã VNPAYTGDD2 giảm tối đa 80,000đ (áp dụng tùy giá trị đơn hàng) khi thanh toán qua VNPAY-QR (Xem chi tiết tại đây)
2 NHẬN HOÀN NGAY ĐẾN 800.000đ khi mở thẻ tín dụng VPBANK MWG (Xem chi tiết tại đây)";;https://www.thegioididong.com/dong-ho-thong-minh/apple-watch-se-3-40mm-vien-nhom-day-the-thao;Apple Watch SE 3 GPS 40mm viền nhôm dây thể thao_40mm.png
Apple Watch SE 3 GPS + Cellular 40mm viền nhôm dây thể thao;40mm;Yes;8490000;7990000;2026-05-10;"Khuyến mãi
Giá và khuyến mãi dự kiến áp dụng đến 23:59 | 10/05
1 Nhập mã VNPAYTGDD2 giảm tối đa 80,000đ (áp dụng tùy giá trị đơn hàng) khi thanh toán qua VNPAY-QR (Xem chi tiết tại đây)
2 NHẬN HOÀN NGAY ĐẾN 800.000đ khi mở thẻ tín dụng VPBANK MWG (Xem chi tiết tại đây)";;https://www.thegioididong.com/dong-ho-thong-minh/apple-watch-se-3-gps-cellular-40mm-vien-nhom-day-the-thao;Apple Watch SE 3 GPS + Cellular 40mm viền nhôm dây thể thao_40mm.png
Apple Watch SE 3 GPS 44mm viền nhôm dây thể thao;44mm;Yes;7850000;7290000;2026-05-10;"Khuyến mãi
Giá và khuyến mãi dự kiến áp dụng đến 23:59 | 10/05
1 Nhập mã VNPAYTGDD2 giảm tối đa 80,000đ (áp dụng tùy giá trị đơn hàng) khi thanh toán qua VNPAY-QR (Xem chi tiết tại đây)
2 NHẬN HOÀN NGAY ĐẾN 800.000đ khi mở thẻ tín dụng VPBANK MWG (Xem chi tiết tại đây)";;https://www.thegioididong.com/dong-ho-thong-minh/apple-watch-se-3-40mm-vien-nhom-day-the-thao;Apple Watch SE 3 GPS 44mm viền nhôm dây thể thao_44mm.png
Apple Watch SE 3 GPS + Cellular 44mm viền nhôm dây thể thao;44mm;Yes;9350000;8790000;2026-05-10;"Khuyến mãi
Giá và khuyến mãi dự kiến áp dụng đến 23:59 | 10/05
1 Nhập mã VNPAYTGDD2 giảm tối đa 80,000đ (áp dụng tùy giá trị đơn hàng) khi thanh toán qua VNPAY-QR (Xem chi tiết tại đây)
2 NHẬN HOÀN NGAY ĐẾN 800.000đ khi mở thẻ tín dụng VPBANK MWG (Xem chi tiết tại đây)";;https://www.thegioididong.com/dong-ho-thong-minh/apple-watch-se-3-gps-cellular-40mm-vien-nhom-day-the-thao;Apple Watch SE 3 GPS + Cellular 44mm viền nhôm dây thể thao_44mm.png
Apple Watch SE 3 GPS 44mm viền nhôm dây thể thao;Xanh đen;Yes;7850000;7290000;2026-05-10;"Khuyến mãi
Giá và khuyến mãi dự kiến áp dụng đến 23:59 | 10/05
1 Nhập mã VNPAYTGDD2 giảm tối đa 80,000đ (áp dụng tùy giá trị đơn hàng) khi thanh toán qua VNPAY-QR (Xem chi tiết tại đây)
2 NHẬN HOÀN NGAY ĐẾN 800.000đ khi mở thẻ tín dụng VPBANK MWG (Xem chi tiết tại đây)";;https://www.thegioididong.com/dong-ho-thong-minh/apple-watch-se-3-40mm-vien-nhom-day-the-thao;Apple Watch SE 3 GPS 44mm viền nhôm dây thể thao_Xanh đen.png
Apple Watch Series 10 GPS + Cellular 42mm viền nhôm dây vải;Bạc;No;0;0;2026-05-10;;;https://www.thegioididong.com/dong-ho-thong-minh/apple-watch-series-10-lte-42mm-day-vai;Apple Watch Series 10 GPS + Cellular 42mm viền nhôm dây vải_Bạc.png
Apple Watch SE 3 GPS 44mm viền nhôm dây thể thao;Trắng Starlight;Yes;7850000;7290000;2026-05-10;"Khuyến mãi
Giá và khuyến mãi dự kiến áp dụng đến 23:59 | 10/05
1 Nhập mã VNPAYTGDD2 giảm tối đa 80,000đ (áp dụng tùy giá trị đơn hàng) khi thanh toán qua VNPAY-QR (Xem chi tiết tại đây)
2 NHẬN HOÀN NGAY ĐẾN 800.000đ khi mở thẻ tín dụng VPBANK MWG (Xem chi tiết tại đây)";;https://www.thegioididong.com/dong-ho-thong-minh/apple-watch-se-3-40mm-vien-nhom-day-the-thao;Apple Watch SE 3 GPS 44mm viền nhôm dây thể thao_Trắng Starlight.png
Apple Watch Series 10 GPS + Cellular 42mm viền nhôm dây vải;Vàng Hồng;No;0;0;2026-05-10;;;https://www.thegioididong.com/dong-ho-thong-minh/apple-watch-series-10-lte-42mm-day-vai;Apple Watch Series 10 GPS + Cellular 42mm viền nhôm dây vải_Vàng Hồng.png
Apple Watch SE 3 GPS 40mm viền nhôm dây thể thao;40mm;Yes;6990000;6390000;2026-05-10;"Khuyến mãi
Giá và khuyến mãi dự kiến áp dụng đến 23:59 | 10/05
1 Nhập mã VNPAYTGDD2 giảm tối đa 80,000đ (áp dụng tùy giá trị đơn hàng) khi thanh toán qua VNPAY-QR (Xem chi tiết tại đây)
2 NHẬN HOÀN NGAY ĐẾN 800.000đ khi mở thẻ tín dụng VPBANK MWG (Xem chi tiết tại đây)";;https://www.thegioididong.com/dong-ho-thong-minh/apple-watch-se-3-40mm-vien-nhom-day-the-thao;Apple Watch SE 3 GPS 40mm viền nhôm dây thể thao_40mm.png
Apple Watch Series 10 GPS + Cellular 42mm viền nhôm dây vải;Đen bóng;No;0;0;2026-05-10;;;https://www.thegioididong.com/dong-ho-thong-minh/apple-watch-series-10-lte-42mm-day-vai;Apple Watch Series 10 GPS + Cellular 42mm viền nhôm dây vải_Đen bóng.png
Apple Watch SE 3 GPS 44mm viền nhôm dây thể thao;44mm;Yes;7850000;7290000;2026-05-10;"Khuyến mãi
Giá và khuyến mãi dự kiến áp dụng đến 23:59 | 10/05
1 Nhập mã VNPAYTGDD2 giảm tối đa 80,000đ (áp dụng tùy giá trị đơn hàng) khi thanh toán qua VNPAY-QR (Xem chi tiết tại đây)
2 NHẬN HOÀN NGAY ĐẾN 800.000đ khi mở thẻ tín dụng VPBANK MWG (Xem chi tiết tại đây)";;https://www.thegioididong.com/dong-ho-thong-minh/apple-watch-se-3-40mm-vien-nhom-day-the-thao;Apple Watch SE 3 GPS 44mm viền nhôm dây thể thao_44mm.png
Apple Watch SE 3 GPS 44mm viền nhôm dây thể thao;Xanh đen;Yes;7850000;7290000;2026-05-10;"Khuyến mãi
Giá và khuyến mãi dự kiến áp dụng đến 23:59 | 10/05
1 Nhập mã VNPAYTGDD2 giảm tối đa 80,000đ (áp dụng tùy giá trị đơn hàng) khi thanh toán qua VNPAY-QR (Xem chi tiết tại đây)
2 NHẬN HOÀN NGAY ĐẾN 800.000đ khi mở thẻ tín dụng VPBANK MWG (Xem chi tiết tại đây)";;https://www.thegioididong.com/dong-ho-thong-minh/apple-watch-se-3-40mm-vien-nhom-day-the-thao;Apple Watch SE 3 GPS 44mm viền nhôm dây thể thao_Xanh đen.png
Apple Watch SE 3 GPS 44mm viền nhôm dây thể thao;Trắng Starlight;Yes;7850000;7290000;2026-05-10;"Khuyến mãi
Giá và khuyến mãi dự kiến áp dụng đến 23:59 | 10/05
1 Nhập mã VNPAYTGDD2 giảm tối đa 80,000đ (áp dụng tùy giá trị đơn hàng) khi thanh toán qua VNPAY-QR (Xem chi tiết tại đây)
2 NHẬN HOÀN NGAY ĐẾN 800.000đ khi mở thẻ tín dụng VPBANK MWG (Xem chi tiết tại đây)";;https://www.thegioididong.com/dong-ho-thong-minh/apple-watch-se-3-40mm-vien-nhom-day-the-thao;Apple Watch SE 3 GPS 44mm viền nhôm dây thể thao_Trắng Starlight.png
Apple Watch Series 10 GPS + Cellular 42mm viền nhôm dây vải;Bạc;No;0;0;2026-05-10;;;https://www.thegioididong.com/dong-ho-thong-minh/apple-watch-series-10-lte-42mm-day-vai;Apple Watch Series 10 GPS + Cellular 42mm viền nhôm dây vải_Bạc.png
Apple Watch Series 10 GPS + Cellular 42mm viền nhôm dây vải;Vàng Hồng;No;0;0;2026-05-10;;;https://www.thegioididong.com/dong-ho-thong-minh/apple-watch-series-10-lte-42mm-day-vai;Apple Watch Series 10 GPS + Cellular 42mm viền nhôm dây vải_Vàng Hồng.png
Apple Watch SE 3 GPS 40mm viền nhôm dây thể thao;40mm;Yes;6990000;6390000;2026-05-10;"Khuyến mãi
Giá và khuyến mãi dự kiến áp dụng đến 23:59 | 10/05
1 Nhập mã VNPAYTGDD2 giảm tối đa 80,000đ (áp dụng tùy giá trị đơn hàng) khi thanh toán qua VNPAY-QR (Xem chi tiết tại đây)
2 NHẬN HOÀN NGAY ĐẾN 800.000đ khi mở thẻ tín dụng VPBANK MWG (Xem chi tiết tại đây)";;https://www.thegioididong.com/dong-ho-thong-minh/apple-watch-se-3-40mm-vien-nhom-day-the-thao;Apple Watch SE 3 GPS 40mm viền nhôm dây thể thao_40mm.png
Apple Watch Series 10 GPS + Cellular 42mm viền nhôm dây vải;Đen bóng;No;0;0;2026-05-10;;;https://www.thegioididong.com/dong-ho-thong-minh/apple-watch-series-10-lte-42mm-day-vai;Apple Watch Series 10 GPS + Cellular 42mm viền nhôm dây vải_Đen bóng.png
Apple Watch SE 3 GPS 44mm viền nhôm dây thể thao;44mm;Yes;7850000;7290000;2026-05-10;"Khuyến mãi
Giá và khuyến mãi dự kiến áp dụng đến 23:59 | 10/05
1 Nhập mã VNPAYTGDD2 giảm tối đa 80,000đ (áp dụng tùy giá trị đơn hàng) khi thanh toán qua VNPAY-QR (Xem chi tiết tại đây)
2 NHẬN HOÀN NGAY ĐẾN 800.000đ khi mở thẻ tín dụng VPBANK MWG (Xem chi tiết tại đây)";;https://www.thegioididong.com/dong-ho-thong-minh/apple-watch-se-3-40mm-vien-nhom-day-the-thao;Apple Watch SE 3 GPS 44mm viền nhôm dây thể thao_44mm.png
Apple Watch SE 3 GPS 44mm viền nhôm dây thể thao;Xanh đen;Yes;7850000;7290000;2026-05-10;"Khuyến mãi
Giá và khuyến mãi dự kiến áp dụng đến 23:59 | 10/05
1 Nhập mã VNPAYTGDD2 giảm tối đa 80,000đ (áp dụng tùy giá trị đơn hàng) khi thanh toán qua VNPAY-QR (Xem chi tiết tại đây)
2 NHẬN HOÀN NGAY ĐẾN 800.000đ khi mở thẻ tín dụng VPBANK MWG (Xem chi tiết tại đây)";;https://www.thegioididong.com/dong-ho-thong-minh/apple-watch-se-3-40mm-vien-nhom-day-the-thao;Apple Watch SE 3 GPS 44mm viền nhôm dây thể thao_Xanh đen.png
Apple Watch Series 10 GPS + Cellular 42mm viền nhôm dây vải;Bạc;No;0;0;2026-05-10;;;https://www.thegioididong.com/dong-ho-thong-minh/apple-watch-series-10-lte-42mm-day-vai;Apple Watch Series 10 GPS + Cellular 42mm viền nhôm dây vải_Bạc.png
Apple Watch SE 3 GPS 44mm viền nhôm dây thể thao;Trắng Starlight;Yes;7850000;7290000;2026-05-10;"Khuyến mãi
Giá và khuyến mãi dự kiến áp dụng đến 23:59 | 10/05
1 Nhập mã VNPAYTGDD2 giảm tối đa 80,000đ (áp dụng tùy giá trị đơn hàng) khi thanh toán qua VNPAY-QR (Xem chi tiết tại đây)
2 NHẬN HOÀN NGAY ĐẾN 800.000đ khi mở thẻ tín dụng VPBANK MWG (Xem chi tiết tại đây)";;https://www.thegioididong.com/dong-ho-thong-minh/apple-watch-se-3-40mm-vien-nhom-day-the-thao;Apple Watch SE 3 GPS 44mm viền nhôm dây thể thao_Trắng Starlight.png
Apple Watch Series 10 GPS + Cellular 42mm viền nhôm dây vải;Vàng Hồng;No;0;0;2026-05-10;;;https://www.thegioididong.com/dong-ho-thong-minh/apple-watch-series-10-lte-42mm-day-vai;Apple Watch Series 10 GPS + Cellular 42mm viền nhôm dây vải_Vàng Hồng.png
Apple Watch Series 10 GPS + Cellular 42mm viền nhôm dây vải;Đen bóng;No;0;0;2026-05-10;;;https://www.thegioididong.com/dong-ho-thong-minh/apple-watch-series-10-lte-42mm-day-vai;Apple Watch Series 10 GPS + Cellular 42mm viền nhôm dây vải_Đen bóng.png
Apple Watch SE 3 GPS 40mm viền nhôm dây thể thao;40mm;Yes;6990000;6390000;2026-05-10;"Khuyến mãi
Giá và khuyến mãi dự kiến áp dụng đến 23:59 | 10/05
1 Nhập mã VNPAYTGDD2 giảm tối đa 80,000đ (áp dụng tùy giá trị đơn hàng) khi thanh toán qua VNPAY-QR (Xem chi tiết tại đây)
2 NHẬN HOÀN NGAY ĐẾN 800.000đ khi mở thẻ tín dụng VPBANK MWG (Xem chi tiết tại đây)";;https://www.thegioididong.com/dong-ho-thong-minh/apple-watch-se-3-40mm-vien-nhom-day-the-thao;Apple Watch SE 3 GPS 40mm viền nhôm dây thể thao_40mm.png
Apple Watch SE 3 GPS + Cellular 44mm viền nhôm dây thể thao;Default;Yes;9350000;8790000;2026-05-10;"Khuyến mãi
Giá và khuyến mãi dự kiến áp dụng đến 23:59 | 10/05
1 Nhập mã VNPAYTGDD2 giảm tối đa 80,000đ (áp dụng tùy giá trị đơn hàng) khi thanh toán qua VNPAY-QR (Xem chi tiết tại đây)
2 NHẬN HOÀN NGAY ĐẾN 800.000đ khi mở thẻ tín dụng VPBANK MWG (Xem chi tiết tại đây)";;https://www.thegioididong.com/dong-ho-thong-minh/apple-watch-se-3-gps-cellular-40mm-vien-nhom-day-the-thao;Apple Watch SE 3 GPS + Cellular 44mm viền nhôm dây thể thao_Default.png
Apple Watch SE 3 GPS 44mm viền nhôm dây thể thao;44mm;Yes;7850000;7290000;2026-05-10;"Khuyến mãi
Giá và khuyến mãi dự kiến áp dụng đến 23:59 | 10/05
1 Nhập mã VNPAYTGDD2 giảm tối đa 80,000đ (áp dụng tùy giá trị đơn hàng) khi thanh toán qua VNPAY-QR (Xem chi tiết tại đây)
2 NHẬN HOÀN NGAY ĐẾN 800.000đ khi mở thẻ tín dụng VPBANK MWG (Xem chi tiết tại đây)";;https://www.thegioididong.com/dong-ho-thong-minh/apple-watch-se-3-40mm-vien-nhom-day-the-thao;Apple Watch SE 3 GPS 44mm viền nhôm dây thể thao_44mm.png
Apple Watch SE 3 GPS 44mm viền nhôm dây thể thao;Xanh đen;Yes;7850000;7290000;2026-05-10;"Khuyến mãi
Giá và khuyến mãi dự kiến áp dụng đến 23:59 | 10/05
1 Nhập mã VNPAYTGDD2 giảm tối đa 80,000đ (áp dụng tùy giá trị đơn hàng) khi thanh toán qua VNPAY-QR (Xem chi tiết tại đây)
2 NHẬN HOÀN NGAY ĐẾN 800.000đ khi mở thẻ tín dụng VPBANK MWG (Xem chi tiết tại đây)";;https://www.thegioididong.com/dong-ho-thong-minh/apple-watch-se-3-40mm-vien-nhom-day-the-thao;Apple Watch SE 3 GPS 44mm viền nhôm dây thể thao_Xanh đen.png
Apple Watch SE 3 GPS + Cellular 40mm viền nhôm dây thể thao;40mm;Yes;8490000;7990000;2026-05-10;"Khuyến mãi
Giá và khuyến mãi dự kiến áp dụng đến 23:59 | 10/05
1 Nhập mã VNPAYTGDD2 giảm tối đa 80,000đ (áp dụng tùy giá trị đơn hàng) khi thanh toán qua VNPAY-QR (Xem chi tiết tại đây)
2 NHẬN HOÀN NGAY ĐẾN 800.000đ khi mở thẻ tín dụng VPBANK MWG (Xem chi tiết tại đây)";;https://www.thegioididong.com/dong-ho-thong-minh/apple-watch-se-3-gps-cellular-40mm-vien-nhom-day-the-thao;Apple Watch SE 3 GPS + Cellular 40mm viền nhôm dây thể thao_40mm.png
Apple Watch Series 11 GPS 42mm viền nhôm dây thể thao;42mm;Yes;11490000;9190000;2026-05-10;"Khuyến mãi
Giá và khuyến mãi dự kiến áp dụng đến 23:59 | 10/05
1 Nhập mã VNPAYTGDD2 giảm tối đa 80,000đ (áp dụng tùy giá trị đơn hàng) khi thanh toán qua VNPAY-QR (Xem chi tiết tại đây)
2 NHẬN HOÀN NGAY ĐẾN 800.000đ khi mở thẻ tín dụng VPBANK MWG (Xem chi tiết tại đây)";;https://www.thegioididong.com/dong-ho-thong-minh/apple-watch-series-11-42mm-vien-nhom-day-the-thao;Apple Watch Series 11 GPS 42mm viền nhôm dây thể thao_42mm.png
Apple Watch SE 3 GPS 44mm viền nhôm dây thể thao;Trắng Starlight;Yes;7850000;7290000;2026-05-10;"Khuyến mãi
Giá và khuyến mãi dự kiến áp dụng đến 23:59 | 10/05
1 Nhập mã VNPAYTGDD2 giảm tối đa 80,000đ (áp dụng tùy giá trị đơn hàng) khi thanh toán qua VNPAY-QR (Xem chi tiết tại đây)
2 NHẬN HOÀN NGAY ĐẾN 800.000đ khi mở thẻ tín dụng VPBANK MWG (Xem chi tiết tại đây)";;https://www.thegioididong.com/dong-ho-thong-minh/apple-watch-se-3-40mm-vien-nhom-day-the-thao;Apple Watch SE 3 GPS 44mm viền nhôm dây thể thao_Trắng Starlight.png
Apple Watch SE 3 GPS + Cellular 44mm viền nhôm dây thể thao;44mm;Yes;9350000;8790000;2026-05-10;"Khuyến mãi
Giá và khuyến mãi dự kiến áp dụng đến 23:59 | 10/05
1 Nhập mã VNPAYTGDD2 giảm tối đa 80,000đ (áp dụng tùy giá trị đơn hàng) khi thanh toán qua VNPAY-QR (Xem chi tiết tại đây)
2 NHẬN HOÀN NGAY ĐẾN 800.000đ khi mở thẻ tín dụng VPBANK MWG (Xem chi tiết tại đây)";;https://www.thegioididong.com/dong-ho-thong-minh/apple-watch-se-3-gps-cellular-40mm-vien-nhom-day-the-thao;Apple Watch SE 3 GPS + Cellular 44mm viền nhôm dây thể thao_44mm.png
Apple Watch Series 11 GPS 46mm viền nhôm dây thể thao;46mm;Yes;12350000;9990000;2026-05-10;"Khuyến mãi
Giá và khuyến mãi dự kiến áp dụng đến 23:59 | 10/05
1 Nhập mã VNPAYTGDD2 giảm tối đa 80,000đ (áp dụng tùy giá trị đơn hàng) khi thanh toán qua VNPAY-QR (Xem chi tiết tại đây)
2 NHẬN HOÀN NGAY ĐẾN 800.000đ khi mở thẻ tín dụng VPBANK MWG (Xem chi tiết tại đây)";;https://www.thegioididong.com/dong-ho-thong-minh/apple-watch-series-11-42mm-vien-nhom-day-the-thao;Apple Watch Series 11 GPS 46mm viền nhôm dây thể thao_46mm.png
Apple Watch Series 11 GPS 46mm viền nhôm dây thể thao;Xám;Yes;12350000;9990000;2026-05-10;"Khuyến mãi
Giá và khuyến mãi dự kiến áp dụng đến 23:59 | 10/05
1 Nhập mã VNPAYTGDD2 giảm tối đa 80,000đ (áp dụng tùy giá trị đơn hàng) khi thanh toán qua VNPAY-QR (Xem chi tiết tại đây)
2 NHẬN HOÀN NGAY ĐẾN 800.000đ khi mở thẻ tín dụng VPBANK MWG (Xem chi tiết tại đây)";;https://www.thegioididong.com/dong-ho-thong-minh/apple-watch-series-11-42mm-vien-nhom-day-the-thao;Apple Watch Series 11 GPS 46mm viền nhôm dây thể thao_Xám.png
Apple Watch Series 11 GPS + Cellular 42m viền Titanium dây thể thao;42mm;Yes;20990000;18490000;2026-05-10;"Khuyến mãi
Giá và khuyến mãi dự kiến áp dụng đến 23:59 | 10/05
1 Nhập mã VNPAYTGDD2 giảm tối đa 80,000đ (áp dụng tùy giá trị đơn hàng) khi thanh toán qua VNPAY-QR (Xem chi tiết tại đây)
2 NHẬN HOÀN NGAY ĐẾN 800.000đ khi mở thẻ tín dụng VPBANK MWG (Xem chi tiết tại đây)";;https://www.thegioididong.com/dong-ho-thong-minh/apple-watch-series-11-gps-cellular-42m-vien-titanium-day-the-thao;Apple Watch Series 11 GPS + Cellular 42m viền Titanium dây thể thao_42mm.png
Apple Watch Series 11 GPS 46mm viền nhôm dây thể thao;Đen bóng;Yes;12350000;9990000;2026-05-10;"Khuyến mãi
Giá và khuyến mãi dự kiến áp dụng đến 23:59 | 10/05
1 Nhập mã VNPAYTGDD2 giảm tối đa 80,000đ (áp dụng tùy giá trị đơn hàng) khi thanh toán qua VNPAY-QR (Xem chi tiết tại đây)
2 NHẬN HOÀN NGAY ĐẾN 800.000đ khi mở thẻ tín dụng VPBANK MWG (Xem chi tiết tại đây)";;https://www.thegioididong.com/dong-ho-thong-minh/apple-watch-series-11-42mm-vien-nhom-day-the-thao;Apple Watch Series 11 GPS 46mm viền nhôm dây thể thao_Đen bóng.png
Apple Watch Series 11 GPS + Cellular 46mm viền Titanium dây thể thao;46mm;Yes;22490000;20190000;2026-05-10;"Khuyến mãi
Giá và khuyến mãi dự kiến áp dụng đến 23:59 | 10/05
1 Nhập mã VNPAYTGDD2 giảm tối đa 80,000đ (áp dụng tùy giá trị đơn hàng) khi thanh toán qua VNPAY-QR (Xem chi tiết tại đây)
2 NHẬN HOÀN NGAY ĐẾN 800.000đ khi mở thẻ tín dụng VPBANK MWG (Xem chi tiết tại đây)";;https://www.thegioididong.com/dong-ho-thong-minh/apple-watch-series-11-gps-cellular-42m-vien-titanium-day-the-thao;Apple Watch Series 11 GPS + Cellular 46mm viền Titanium dây thể thao_46mm.png
Apple Watch Series 11 GPS + Cellular 42m viền Titanium dây thể thao;42mm;Yes;20990000;18490000;2026-05-10;"Khuyến mãi
Giá và khuyến mãi dự kiến áp dụng đến 23:59 | 10/05
1 Nhập mã VNPAYTGDD2 giảm tối đa 80,000đ (áp dụng tùy giá trị đơn hàng) khi thanh toán qua VNPAY-QR (Xem chi tiết tại đây)
2 NHẬN HOÀN NGAY ĐẾN 800.000đ khi mở thẻ tín dụng VPBANK MWG (Xem chi tiết tại đây)";;https://www.thegioididong.com/dong-ho-thong-minh/apple-watch-series-11-gps-cellular-42m-vien-titanium-day-the-thao;Apple Watch Series 11 GPS + Cellular 42m viền Titanium dây thể thao_42mm.png
Apple Watch Series 11 GPS + Cellular 46mm viền Titanium dây thể thao;46mm;Yes;22490000;20190000;2026-05-10;"Khuyến mãi
Giá và khuyến mãi dự kiến áp dụng đến 23:59 | 10/05
1 Nhập mã VNPAYTGDD2 giảm tối đa 80,000đ (áp dụng tùy giá trị đơn hàng) khi thanh toán qua VNPAY-QR (Xem chi tiết tại đây)
2 NHẬN HOÀN NGAY ĐẾN 800.000đ khi mở thẻ tín dụng VPBANK MWG (Xem chi tiết tại đây)";;https://www.thegioididong.com/dong-ho-thong-minh/apple-watch-series-11-gps-cellular-42m-vien-titanium-day-the-thao;Apple Watch Series 11 GPS + Cellular 46mm viền Titanium dây thể thao_46mm.png
Apple Watch Series 11 GPS + Cellular 46mm viền Titanium dây thể thao;Titan vàng;Yes;22490000;20190000;2026-05-10;"Khuyến mãi
Giá và khuyến mãi dự kiến áp dụng đến 23:59 | 10/05
1 Nhập mã VNPAYTGDD2 giảm tối đa 80,000đ (áp dụng tùy giá trị đơn hàng) khi thanh toán qua VNPAY-QR (Xem chi tiết tại đây)
2 NHẬN HOÀN NGAY ĐẾN 800.000đ khi mở thẻ tín dụng VPBANK MWG (Xem chi tiết tại đây)";;https://www.thegioididong.com/dong-ho-thong-minh/apple-watch-series-11-gps-cellular-42m-vien-titanium-day-the-thao;Apple Watch Series 11 GPS + Cellular 46mm viền Titanium dây thể thao_Titan vàng.png
Apple Watch Series 11 GPS + Cellular 46mm viền Titanium dây thể thao;Titan tự nhiên;Yes;22490000;20190000;2026-05-10;"Khuyến mãi
Giá và khuyến mãi dự kiến áp dụng đến 23:59 | 10/05
1 Nhập mã VNPAYTGDD2 giảm tối đa 80,000đ (áp dụng tùy giá trị đơn hàng) khi thanh toán qua VNPAY-QR (Xem chi tiết tại đây)
2 NHẬN HOÀN NGAY ĐẾN 800.000đ khi mở thẻ tín dụng VPBANK MWG (Xem chi tiết tại đây)";;https://www.thegioididong.com/dong-ho-thong-minh/apple-watch-series-11-gps-cellular-42m-vien-titanium-day-the-thao;Apple Watch Series 11 GPS + Cellular 46mm viền Titanium dây thể thao_Titan tự nhiên.png
Apple Watch Series 11 GPS + Cellular 46mm viền Titanium dây thể thao;Titan xám;Yes;22490000;20190000;2026-05-10;"Khuyến mãi
Giá và khuyến mãi dự kiến áp dụng đến 23:59 | 10/05
1 Nhập mã VNPAYTGDD2 giảm tối đa 80,000đ (áp dụng tùy giá trị đơn hàng) khi thanh toán qua VNPAY-QR (Xem chi tiết tại đây)
2 NHẬN HOÀN NGAY ĐẾN 800.000đ khi mở thẻ tín dụng VPBANK MWG (Xem chi tiết tại đây)";;https://www.thegioididong.com/dong-ho-thong-minh/apple-watch-series-11-gps-cellular-42m-vien-titanium-day-the-thao;Apple Watch Series 11 GPS + Cellular 46mm viền Titanium dây thể thao_Titan xám.png
Apple Watch Series 11 GPS + Cellular 42mm viền nhôm dây thể thao;Bạc;Yes;14490000;12090000;2026-05-10;"Khuyến mãi
Giá và khuyến mãi dự kiến áp dụng đến 23:59 | 10/05
1 Nhập mã VNPAYTGDD2 giảm tối đa 80,000đ (áp dụng tùy giá trị đơn hàng) khi thanh toán qua VNPAY-QR (Xem chi tiết tại đây)
2 NHẬN HOÀN NGAY ĐẾN 800.000đ khi mở thẻ tín dụng VPBANK MWG (Xem chi tiết tại đây)";;https://www.thegioididong.com/dong-ho-thong-minh/apple-watch-series-11-gps-cellular-42mm-vien-nhom-day-the-thao;Apple Watch Series 11 GPS + Cellular 42mm viền nhôm dây thể thao_Bạc.png
Apple Watch Series 11 GPS + Cellular 42mm viền nhôm dây thể thao;Xám;Yes;14490000;12090000;2026-05-10;"Khuyến mãi
Giá và khuyến mãi dự kiến áp dụng đến 23:59 | 10/05
1 Nhập mã VNPAYTGDD2 giảm tối đa 80,000đ (áp dụng tùy giá trị đơn hàng) khi thanh toán qua VNPAY-QR (Xem chi tiết tại đây)
2 NHẬN HOÀN NGAY ĐẾN 800.000đ khi mở thẻ tín dụng VPBANK MWG (Xem chi tiết tại đây)";;https://www.thegioididong.com/dong-ho-thong-minh/apple-watch-series-11-gps-cellular-42mm-vien-nhom-day-the-thao;Apple Watch Series 11 GPS + Cellular 42mm viền nhôm dây thể thao_Xám.png
Apple Watch Series 11 GPS + Cellular 42mm viền nhôm dây thể thao;Vàng Hồng;Yes;14490000;12090000;2026-05-10;"Khuyến mãi
Giá và khuyến mãi dự kiến áp dụng đến 23:59 | 10/05
1 Nhập mã VNPAYTGDD2 giảm tối đa 80,000đ (áp dụng tùy giá trị đơn hàng) khi thanh toán qua VNPAY-QR (Xem chi tiết tại đây)
2 NHẬN HOÀN NGAY ĐẾN 800.000đ khi mở thẻ tín dụng VPBANK MWG (Xem chi tiết tại đây)";;https://www.thegioididong.com/dong-ho-thong-minh/apple-watch-series-11-gps-cellular-42mm-vien-nhom-day-the-thao;Apple Watch Series 11 GPS + Cellular 42mm viền nhôm dây thể thao_Vàng Hồng.png
Apple Watch Series 11 GPS 46mm viền nhôm dây thể thao;Default;Yes;12350000;9990000;2026-05-10;"Khuyến mãi
Giá và khuyến mãi dự kiến áp dụng đến 23:59 | 10/05
1 Nhập mã VNPAYTGDD2 giảm tối đa 80,000đ (áp dụng tùy giá trị đơn hàng) khi thanh toán qua VNPAY-QR (Xem chi tiết tại đây)
2 NHẬN HOÀN NGAY ĐẾN 800.000đ khi mở thẻ tín dụng VPBANK MWG (Xem chi tiết tại đây)";;https://www.thegioididong.com/dong-ho-thong-minh/apple-watch-series-11-42mm-vien-nhom-day-the-thao;Apple Watch Series 11 GPS 46mm viền nhôm dây thể thao_Default.png
Apple Watch Series 11 GPS + Cellular 42mm viền nhôm dây thể thao;Đen bóng;Yes;14490000;12090000;2026-05-10;"Khuyến mãi
Giá và khuyến mãi dự kiến áp dụng đến 23:59 | 10/05
1 Nhập mã VNPAYTGDD2 giảm tối đa 80,000đ (áp dụng tùy giá trị đơn hàng) khi thanh toán qua VNPAY-QR (Xem chi tiết tại đây)
2 NHẬN HOÀN NGAY ĐẾN 800.000đ khi mở thẻ tín dụng VPBANK MWG (Xem chi tiết tại đây)";;https://www.thegioididong.com/dong-ho-thong-minh/apple-watch-series-11-gps-cellular-42mm-vien-nhom-day-the-thao;Apple Watch Series 11 GPS + Cellular 42mm viền nhôm dây thể thao_Đen bóng.png
Apple Watch Series 11 GPS 42mm viền nhôm dây thể thao;42mm;Yes;11490000;9190000;2026-05-10;"Khuyến mãi
Giá và khuyến mãi dự kiến áp dụng đến 23:59 | 10/05
1 Nhập mã VNPAYTGDD2 giảm tối đa 80,000đ (áp dụng tùy giá trị đơn hàng) khi thanh toán qua VNPAY-QR (Xem chi tiết tại đây)
2 NHẬN HOÀN NGAY ĐẾN 800.000đ khi mở thẻ tín dụng VPBANK MWG (Xem chi tiết tại đây)";;https://www.thegioididong.com/dong-ho-thong-minh/apple-watch-series-11-42mm-vien-nhom-day-the-thao;Apple Watch Series 11 GPS 42mm viền nhôm dây thể thao_42mm.png
Apple Watch Series 11 GPS + Cellular 42mm viền nhôm dây thể thao;Bạc;Yes;14490000;12090000;2026-05-10;"Khuyến mãi
Giá và khuyến mãi dự kiến áp dụng đến 23:59 | 10/05
1 Nhập mã VNPAYTGDD2 giảm tối đa 80,000đ (áp dụng tùy giá trị đơn hàng) khi thanh toán qua VNPAY-QR (Xem chi tiết tại đây)
2 NHẬN HOÀN NGAY ĐẾN 800.000đ khi mở thẻ tín dụng VPBANK MWG (Xem chi tiết tại đây)";;https://www.thegioididong.com/dong-ho-thong-minh/apple-watch-series-11-gps-cellular-42mm-vien-nhom-day-the-thao;Apple Watch Series 11 GPS + Cellular 42mm viền nhôm dây thể thao_Bạc.png
Apple Watch Series 11 GPS 46mm viền nhôm dây thể thao;46mm;Yes;12350000;9990000;2026-05-10;"Khuyến mãi
Giá và khuyến mãi dự kiến áp dụng đến 23:59 | 10/05
1 Nhập mã VNPAYTGDD2 giảm tối đa 80,000đ (áp dụng tùy giá trị đơn hàng) khi thanh toán qua VNPAY-QR (Xem chi tiết tại đây)
2 NHẬN HOÀN NGAY ĐẾN 800.000đ khi mở thẻ tín dụng VPBANK MWG (Xem chi tiết tại đây)";;https://www.thegioididong.com/dong-ho-thong-minh/apple-watch-series-11-42mm-vien-nhom-day-the-thao;Apple Watch Series 11 GPS 46mm viền nhôm dây thể thao_46mm.png
Apple Watch Series 11 GPS + Cellular 42mm viền nhôm dây thể thao;Xám;Yes;14490000;12090000;2026-05-10;"Khuyến mãi
Giá và khuyến mãi dự kiến áp dụng đến 23:59 | 10/05
1 Nhập mã VNPAYTGDD2 giảm tối đa 80,000đ (áp dụng tùy giá trị đơn hàng) khi thanh toán qua VNPAY-QR (Xem chi tiết tại đây)
2 NHẬN HOÀN NGAY ĐẾN 800.000đ khi mở thẻ tín dụng VPBANK MWG (Xem chi tiết tại đây)";;https://www.thegioididong.com/dong-ho-thong-minh/apple-watch-series-11-gps-cellular-42mm-vien-nhom-day-the-thao;Apple Watch Series 11 GPS + Cellular 42mm viền nhôm dây thể thao_Xám.png
Apple Watch Series 11 GPS 46mm viền nhôm dây thể thao;Xám;Yes;12350000;9990000;2026-05-10;"Khuyến mãi
Giá và khuyến mãi dự kiến áp dụng đến 23:59 | 10/05
1 Nhập mã VNPAYTGDD2 giảm tối đa 80,000đ (áp dụng tùy giá trị đơn hàng) khi thanh toán qua VNPAY-QR (Xem chi tiết tại đây)
2 NHẬN HOÀN NGAY ĐẾN 800.000đ khi mở thẻ tín dụng VPBANK MWG (Xem chi tiết tại đây)";;https://www.thegioididong.com/dong-ho-thong-minh/apple-watch-series-11-42mm-vien-nhom-day-the-thao;Apple Watch Series 11 GPS 46mm viền nhôm dây thể thao_Xám.png
Apple Watch Series 11 GPS + Cellular 42mm viền nhôm dây thể thao;Vàng Hồng;Yes;14490000;12090000;2026-05-10;"Khuyến mãi
Giá và khuyến mãi dự kiến áp dụng đến 23:59 | 10/05
1 Nhập mã VNPAYTGDD2 giảm tối đa 80,000đ (áp dụng tùy giá trị đơn hàng) khi thanh toán qua VNPAY-QR (Xem chi tiết tại đây)
2 NHẬN HOÀN NGAY ĐẾN 800.000đ khi mở thẻ tín dụng VPBANK MWG (Xem chi tiết tại đây)";;https://www.thegioididong.com/dong-ho-thong-minh/apple-watch-series-11-gps-cellular-42mm-vien-nhom-day-the-thao;Apple Watch Series 11 GPS + Cellular 42mm viền nhôm dây thể thao_Vàng Hồng.png
Apple Watch Series 11 GPS 46mm viền nhôm dây thể thao;Đen bóng;Yes;12350000;9990000;2026-05-10;"Khuyến mãi
Giá và khuyến mãi dự kiến áp dụng đến 23:59 | 10/05
1 Nhập mã VNPAYTGDD2 giảm tối đa 80,000đ (áp dụng tùy giá trị đơn hàng) khi thanh toán qua VNPAY-QR (Xem chi tiết tại đây)
2 NHẬN HOÀN NGAY ĐẾN 800.000đ khi mở thẻ tín dụng VPBANK MWG (Xem chi tiết tại đây)";;https://www.thegioididong.com/dong-ho-thong-minh/apple-watch-series-11-42mm-vien-nhom-day-the-thao;Apple Watch Series 11 GPS 46mm viền nhôm dây thể thao_Đen bóng.png
Apple Watch Series 11 GPS + Cellular 42mm viền nhôm dây thể thao;Đen bóng;Yes;14490000;12090000;2026-05-10;"Khuyến mãi
Giá và khuyến mãi dự kiến áp dụng đến 23:59 | 10/05
1 Nhập mã VNPAYTGDD2 giảm tối đa 80,000đ (áp dụng tùy giá trị đơn hàng) khi thanh toán qua VNPAY-QR (Xem chi tiết tại đây)
2 NHẬN HOÀN NGAY ĐẾN 800.000đ khi mở thẻ tín dụng VPBANK MWG (Xem chi tiết tại đây)";;https://www.thegioididong.com/dong-ho-thong-minh/apple-watch-series-11-gps-cellular-42mm-vien-nhom-day-the-thao;Apple Watch Series 11 GPS + Cellular 42mm viền nhôm dây thể thao_Đen bóng.png
Apple Watch Series 11 GPS 42mm viền nhôm dây thể thao;42mm;Yes;11490000;9190000;2026-05-10;"Khuyến mãi
Giá và khuyến mãi dự kiến áp dụng đến 23:59 | 10/05
1 Nhập mã VNPAYTGDD2 giảm tối đa 80,000đ (áp dụng tùy giá trị đơn hàng) khi thanh toán qua VNPAY-QR (Xem chi tiết tại đây)
2 NHẬN HOÀN NGAY ĐẾN 800.000đ khi mở thẻ tín dụng VPBANK MWG (Xem chi tiết tại đây)";;https://www.thegioididong.com/dong-ho-thong-minh/apple-watch-series-11-42mm-vien-nhom-day-the-thao;Apple Watch Series 11 GPS 42mm viền nhôm dây thể thao_42mm.png
Apple Watch Series 11 GPS + Cellular 42mm viền nhôm dây thể thao;Bạc;Yes;14490000;12090000;2026-05-10;"Khuyến mãi
Giá và khuyến mãi dự kiến áp dụng đến 23:59 | 10/05
1 Nhập mã VNPAYTGDD2 giảm tối đa 80,000đ (áp dụng tùy giá trị đơn hàng) khi thanh toán qua VNPAY-QR (Xem chi tiết tại đây)
2 NHẬN HOÀN NGAY ĐẾN 800.000đ khi mở thẻ tín dụng VPBANK MWG (Xem chi tiết tại đây)";;https://www.thegioididong.com/dong-ho-thong-minh/apple-watch-series-11-gps-cellular-42mm-vien-nhom-day-the-thao;Apple Watch Series 11 GPS + Cellular 42mm viền nhôm dây thể thao_Bạc.png
Apple Watch Series 11 GPS 46mm viền nhôm dây thể thao;46mm;Yes;12350000;9990000;2026-05-10;"Khuyến mãi
Giá và khuyến mãi dự kiến áp dụng đến 23:59 | 10/05
1 Nhập mã VNPAYTGDD2 giảm tối đa 80,000đ (áp dụng tùy giá trị đơn hàng) khi thanh toán qua VNPAY-QR (Xem chi tiết tại đây)
2 NHẬN HOÀN NGAY ĐẾN 800.000đ khi mở thẻ tín dụng VPBANK MWG (Xem chi tiết tại đây)";;https://www.thegioididong.com/dong-ho-thong-minh/apple-watch-series-11-42mm-vien-nhom-day-the-thao;Apple Watch Series 11 GPS 46mm viền nhôm dây thể thao_46mm.png
Apple Watch Series 11 GPS + Cellular 42mm viền nhôm dây thể thao;Xám;Yes;14490000;12090000;2026-05-10;"Khuyến mãi
Giá và khuyến mãi dự kiến áp dụng đến 23:59 | 10/05
1 Nhập mã VNPAYTGDD2 giảm tối đa 80,000đ (áp dụng tùy giá trị đơn hàng) khi thanh toán qua VNPAY-QR (Xem chi tiết tại đây)
2 NHẬN HOÀN NGAY ĐẾN 800.000đ khi mở thẻ tín dụng VPBANK MWG (Xem chi tiết tại đây)";;https://www.thegioididong.com/dong-ho-thong-minh/apple-watch-series-11-gps-cellular-42mm-vien-nhom-day-the-thao;Apple Watch Series 11 GPS + Cellular 42mm viền nhôm dây thể thao_Xám.png
Apple Watch Series 11 GPS 46mm viền nhôm dây thể thao;Xám;Yes;12350000;9990000;2026-05-10;"Khuyến mãi
Giá và khuyến mãi dự kiến áp dụng đến 23:59 | 10/05
1 Nhập mã VNPAYTGDD2 giảm tối đa 80,000đ (áp dụng tùy giá trị đơn hàng) khi thanh toán qua VNPAY-QR (Xem chi tiết tại đây)
2 NHẬN HOÀN NGAY ĐẾN 800.000đ khi mở thẻ tín dụng VPBANK MWG (Xem chi tiết tại đây)";;https://www.thegioididong.com/dong-ho-thong-minh/apple-watch-series-11-42mm-vien-nhom-day-the-thao;Apple Watch Series 11 GPS 46mm viền nhôm dây thể thao_Xám.png
Apple Watch Series 11 GPS + Cellular 42mm viền nhôm dây thể thao;Vàng Hồng;Yes;14490000;12090000;2026-05-10;"Khuyến mãi
Giá và khuyến mãi dự kiến áp dụng đến 23:59 | 10/05
1 Nhập mã VNPAYTGDD2 giảm tối đa 80,000đ (áp dụng tùy giá trị đơn hàng) khi thanh toán qua VNPAY-QR (Xem chi tiết tại đây)
2 NHẬN HOÀN NGAY ĐẾN 800.000đ khi mở thẻ tín dụng VPBANK MWG (Xem chi tiết tại đây)";;https://www.thegioididong.com/dong-ho-thong-minh/apple-watch-series-11-gps-cellular-42mm-vien-nhom-day-the-thao;Apple Watch Series 11 GPS + Cellular 42mm viền nhôm dây thể thao_Vàng Hồng.png
Apple Watch Series 11 GPS 46mm viền nhôm dây thể thao;Đen bóng;Yes;12350000;9990000;2026-05-10;"Khuyến mãi
Giá và khuyến mãi dự kiến áp dụng đến 23:59 | 10/05
1 Nhập mã VNPAYTGDD2 giảm tối đa 80,000đ (áp dụng tùy giá trị đơn hàng) khi thanh toán qua VNPAY-QR (Xem chi tiết tại đây)
2 NHẬN HOÀN NGAY ĐẾN 800.000đ khi mở thẻ tín dụng VPBANK MWG (Xem chi tiết tại đây)";;https://www.thegioididong.com/dong-ho-thong-minh/apple-watch-series-11-42mm-vien-nhom-day-the-thao;Apple Watch Series 11 GPS 46mm viền nhôm dây thể thao_Đen bóng.png
Apple Watch Series 11 GPS + Cellular 42mm viền nhôm dây thể thao;Đen bóng;Yes;14490000;12090000;2026-05-10;"Khuyến mãi
Giá và khuyến mãi dự kiến áp dụng đến 23:59 | 10/05
1 Nhập mã VNPAYTGDD2 giảm tối đa 80,000đ (áp dụng tùy giá trị đơn hàng) khi thanh toán qua VNPAY-QR (Xem chi tiết tại đây)
2 NHẬN HOÀN NGAY ĐẾN 800.000đ khi mở thẻ tín dụng VPBANK MWG (Xem chi tiết tại đây)";;https://www.thegioididong.com/dong-ho-thong-minh/apple-watch-series-11-gps-cellular-42mm-vien-nhom-day-the-thao;Apple Watch Series 11 GPS + Cellular 42mm viền nhôm dây thể thao_Đen bóng.png
Apple Watch Series 11 GPS 42mm viền nhôm dây thể thao;42mm;Yes;11490000;9190000;2026-05-10;"Khuyến mãi
Giá và khuyến mãi dự kiến áp dụng đến 23:59 | 10/05
1 Nhập mã VNPAYTGDD2 giảm tối đa 80,000đ (áp dụng tùy giá trị đơn hàng) khi thanh toán qua VNPAY-QR (Xem chi tiết tại đây)
2 NHẬN HOÀN NGAY ĐẾN 800.000đ khi mở thẻ tín dụng VPBANK MWG (Xem chi tiết tại đây)";;https://www.thegioididong.com/dong-ho-thong-minh/apple-watch-series-11-42mm-vien-nhom-day-the-thao;Apple Watch Series 11 GPS 42mm viền nhôm dây thể thao_42mm.png
Apple Watch Series 11 GPS + Cellular 42mm viền nhôm dây thể thao;Bạc;Yes;14490000;12090000;2026-05-10;"Khuyến mãi
Giá và khuyến mãi dự kiến áp dụng đến 23:59 | 10/05
1 Nhập mã VNPAYTGDD2 giảm tối đa 80,000đ (áp dụng tùy giá trị đơn hàng) khi thanh toán qua VNPAY-QR (Xem chi tiết tại đây)
2 NHẬN HOÀN NGAY ĐẾN 800.000đ khi mở thẻ tín dụng VPBANK MWG (Xem chi tiết tại đây)";;https://www.thegioididong.com/dong-ho-thong-minh/apple-watch-series-11-gps-cellular-42mm-vien-nhom-day-the-thao;Apple Watch Series 11 GPS + Cellular 42mm viền nhôm dây thể thao_Bạc.png
Apple Watch Series 11 GPS + Cellular 42mm viền Titanium dây Milan;Titan tự nhiên;No;22490000;19790000;2026-05-10;"Khuyến mãi
Giá và khuyến mãi dự kiến áp dụng đến 23:59 | 10/05
1 Nhập mã VNPAYTGDD2 giảm tối đa 80,000đ (áp dụng tùy giá trị đơn hàng) khi thanh toán qua VNPAY-QR (Xem chi tiết tại đây)
2 NHẬN HOÀN NGAY ĐẾN 800.000đ khi mở thẻ tín dụng VPBANK MWG (Xem chi tiết tại đây)";;https://www.thegioididong.com/dong-ho-thong-minh/apple-watch-series-11-gps-cellular-42mm-vien-titanium-day-milan;Apple Watch Series 11 GPS + Cellular 42mm viền Titanium dây Milan_Titan tự nhiên.png
Apple Watch Series 11 GPS 46mm viền nhôm dây thể thao;46mm;Yes;12350000;9990000;2026-05-10;"Khuyến mãi
Giá và khuyến mãi dự kiến áp dụng đến 23:59 | 10/05
1 Nhập mã VNPAYTGDD2 giảm tối đa 80,000đ (áp dụng tùy giá trị đơn hàng) khi thanh toán qua VNPAY-QR (Xem chi tiết tại đây)
2 NHẬN HOÀN NGAY ĐẾN 800.000đ khi mở thẻ tín dụng VPBANK MWG (Xem chi tiết tại đây)";;https://www.thegioididong.com/dong-ho-thong-minh/apple-watch-series-11-42mm-vien-nhom-day-the-thao;Apple Watch Series 11 GPS 46mm viền nhôm dây thể thao_46mm.png
Apple Watch Series 11 GPS + Cellular 42mm viền nhôm dây thể thao;Xám;Yes;14490000;12090000;2026-05-10;"Khuyến mãi
Giá và khuyến mãi dự kiến áp dụng đến 23:59 | 10/05
1 Nhập mã VNPAYTGDD2 giảm tối đa 80,000đ (áp dụng tùy giá trị đơn hàng) khi thanh toán qua VNPAY-QR (Xem chi tiết tại đây)
2 NHẬN HOÀN NGAY ĐẾN 800.000đ khi mở thẻ tín dụng VPBANK MWG (Xem chi tiết tại đây)";;https://www.thegioididong.com/dong-ho-thong-minh/apple-watch-series-11-gps-cellular-42mm-vien-nhom-day-the-thao;Apple Watch Series 11 GPS + Cellular 42mm viền nhôm dây thể thao_Xám.png
Apple Watch Series 11 GPS 46mm viền nhôm dây thể thao;Xám;Yes;12350000;9990000;2026-05-10;"Khuyến mãi
Giá và khuyến mãi dự kiến áp dụng đến 23:59 | 10/05
1 Nhập mã VNPAYTGDD2 giảm tối đa 80,000đ (áp dụng tùy giá trị đơn hàng) khi thanh toán qua VNPAY-QR (Xem chi tiết tại đây)
2 NHẬN HOÀN NGAY ĐẾN 800.000đ khi mở thẻ tín dụng VPBANK MWG (Xem chi tiết tại đây)";;https://www.thegioididong.com/dong-ho-thong-minh/apple-watch-series-11-42mm-vien-nhom-day-the-thao;Apple Watch Series 11 GPS 46mm viền nhôm dây thể thao_Xám.png
Apple Watch Series 11 GPS + Cellular 42mm viền Titanium dây Milan;Titan xám;No;22490000;19790000;2026-05-10;"Khuyến mãi
Giá và khuyến mãi dự kiến áp dụng đến 23:59 | 10/05
1 Nhập mã VNPAYTGDD2 giảm tối đa 80,000đ (áp dụng tùy giá trị đơn hàng) khi thanh toán qua VNPAY-QR (Xem chi tiết tại đây)
2 NHẬN HOÀN NGAY ĐẾN 800.000đ khi mở thẻ tín dụng VPBANK MWG (Xem chi tiết tại đây)";;https://www.thegioididong.com/dong-ho-thong-minh/apple-watch-series-11-gps-cellular-42mm-vien-titanium-day-milan;Apple Watch Series 11 GPS + Cellular 42mm viền Titanium dây Milan_Titan xám.png
Apple Watch Series 11 GPS + Cellular 42mm viền nhôm dây thể thao;Vàng Hồng;Yes;14490000;12090000;2026-05-10;"Khuyến mãi
Giá và khuyến mãi dự kiến áp dụng đến 23:59 | 10/05
1 Nhập mã VNPAYTGDD2 giảm tối đa 80,000đ (áp dụng tùy giá trị đơn hàng) khi thanh toán qua VNPAY-QR (Xem chi tiết tại đây)
2 NHẬN HOÀN NGAY ĐẾN 800.000đ khi mở thẻ tín dụng VPBANK MWG (Xem chi tiết tại đây)";;https://www.thegioididong.com/dong-ho-thong-minh/apple-watch-series-11-gps-cellular-42mm-vien-nhom-day-the-thao;Apple Watch Series 11 GPS + Cellular 42mm viền nhôm dây thể thao_Vàng Hồng.png
Apple Watch Series 11 GPS 46mm viền nhôm dây thể thao;Đen bóng;Yes;12350000;9990000;2026-05-10;"Khuyến mãi
Giá và khuyến mãi dự kiến áp dụng đến 23:59 | 10/05
1 Nhập mã VNPAYTGDD2 giảm tối đa 80,000đ (áp dụng tùy giá trị đơn hàng) khi thanh toán qua VNPAY-QR (Xem chi tiết tại đây)
2 NHẬN HOÀN NGAY ĐẾN 800.000đ khi mở thẻ tín dụng VPBANK MWG (Xem chi tiết tại đây)";;https://www.thegioididong.com/dong-ho-thong-minh/apple-watch-series-11-42mm-vien-nhom-day-the-thao;Apple Watch Series 11 GPS 46mm viền nhôm dây thể thao_Đen bóng.png
Apple Watch Series 11 GPS + Cellular 42mm viền nhôm dây thể thao;Đen bóng;Yes;14490000;12090000;2026-05-10;"Khuyến mãi
Giá và khuyến mãi dự kiến áp dụng đến 23:59 | 10/05
1 Nhập mã VNPAYTGDD2 giảm tối đa 80,000đ (áp dụng tùy giá trị đơn hàng) khi thanh toán qua VNPAY-QR (Xem chi tiết tại đây)
2 NHẬN HOÀN NGAY ĐẾN 800.000đ khi mở thẻ tín dụng VPBANK MWG (Xem chi tiết tại đây)";;https://www.thegioididong.com/dong-ho-thong-minh/apple-watch-series-11-gps-cellular-42mm-vien-nhom-day-the-thao;Apple Watch Series 11 GPS + Cellular 42mm viền nhôm dây thể thao_Đen bóng.png
Apple Watch Series 11 GPS + Cellular 42mm viền Titanium dây Milan;Titan vàng;No;22490000;19790000;2026-05-10;"Khuyến mãi
Giá và khuyến mãi dự kiến áp dụng đến 23:59 | 10/05
1 Nhập mã VNPAYTGDD2 giảm tối đa 80,000đ (áp dụng tùy giá trị đơn hàng) khi thanh toán qua VNPAY-QR (Xem chi tiết tại đây)
2 NHẬN HOÀN NGAY ĐẾN 800.000đ khi mở thẻ tín dụng VPBANK MWG (Xem chi tiết tại đây)";;https://www.thegioididong.com/dong-ho-thong-minh/apple-watch-series-11-gps-cellular-42mm-vien-titanium-day-milan;Apple Watch Series 11 GPS + Cellular 42mm viền Titanium dây Milan_Titan vàng.png
Apple Watch Series 11 GPS + Cellular 42mm viền Titanium dây Milan;Titan tự nhiên;No;22490000;19790000;2026-05-10;"Khuyến mãi
Giá và khuyến mãi dự kiến áp dụng đến 23:59 | 10/05
1 Nhập mã VNPAYTGDD2 giảm tối đa 80,000đ (áp dụng tùy giá trị đơn hàng) khi thanh toán qua VNPAY-QR (Xem chi tiết tại đây)
2 NHẬN HOÀN NGAY ĐẾN 800.000đ khi mở thẻ tín dụng VPBANK MWG (Xem chi tiết tại đây)";;https://www.thegioididong.com/dong-ho-thong-minh/apple-watch-series-11-gps-cellular-42mm-vien-titanium-day-milan;Apple Watch Series 11 GPS + Cellular 42mm viền Titanium dây Milan_Titan tự nhiên.png
Apple Watch Series 11 GPS + Cellular 42mm viền Titanium dây Milan;Titan xám;No;22490000;19790000;2026-05-10;"Khuyến mãi
Giá và khuyến mãi dự kiến áp dụng đến 23:59 | 10/05
1 Nhập mã VNPAYTGDD2 giảm tối đa 80,000đ (áp dụng tùy giá trị đơn hàng) khi thanh toán qua VNPAY-QR (Xem chi tiết tại đây)
2 NHẬN HOÀN NGAY ĐẾN 800.000đ khi mở thẻ tín dụng VPBANK MWG (Xem chi tiết tại đây)";;https://www.thegioididong.com/dong-ho-thong-minh/apple-watch-series-11-gps-cellular-42mm-vien-titanium-day-milan;Apple Watch Series 11 GPS + Cellular 42mm viền Titanium dây Milan_Titan xám.png
Đồng hồ thông minh Apple Watch Ultra 2 GPS + Cellular 49mm viền Titanium dây Alpine;Xanh Dương;No;0;0;2026-05-10;;;https://www.thegioididong.com/dong-ho-thong-minh/apple-watch-ultra-2-lte-49mm-vien-titanium-day-alpine-size-l;Đồng hồ thông minh Apple Watch Ultra 2 GPS + Cellular 49mm viền Titanium dây Alpine_Xanh Dương.png
Apple Watch Series 11 GPS + Cellular 42mm viền Titanium dây Milan;Titan vàng;No;22490000;19790000;2026-05-10;"Khuyến mãi
Giá và khuyến mãi dự kiến áp dụng đến 23:59 | 10/05
1 Nhập mã VNPAYTGDD2 giảm tối đa 80,000đ (áp dụng tùy giá trị đơn hàng) khi thanh toán qua VNPAY-QR (Xem chi tiết tại đây)
2 NHẬN HOÀN NGAY ĐẾN 800.000đ khi mở thẻ tín dụng VPBANK MWG (Xem chi tiết tại đây)";;https://www.thegioididong.com/dong-ho-thong-minh/apple-watch-series-11-gps-cellular-42mm-vien-titanium-day-milan;Apple Watch Series 11 GPS + Cellular 42mm viền Titanium dây Milan_Titan vàng.png
Apple Watch Series 11 GPS + Cellular 42mm viền Titanium dây Milan;Titan tự nhiên;No;22490000;19790000;2026-05-10;"Khuyến mãi
Giá và khuyến mãi dự kiến áp dụng đến 23:59 | 10/05
1 Nhập mã VNPAYTGDD2 giảm tối đa 80,000đ (áp dụng tùy giá trị đơn hàng) khi thanh toán qua VNPAY-QR (Xem chi tiết tại đây)
2 NHẬN HOÀN NGAY ĐẾN 800.000đ khi mở thẻ tín dụng VPBANK MWG (Xem chi tiết tại đây)";;https://www.thegioididong.com/dong-ho-thong-minh/apple-watch-series-11-gps-cellular-42mm-vien-titanium-day-milan;Apple Watch Series 11 GPS + Cellular 42mm viền Titanium dây Milan_Titan tự nhiên.png
Apple Watch Series 11 GPS + Cellular 42mm viền Titanium dây Milan;Titan xám;No;22490000;19790000;2026-05-10;"Khuyến mãi
Giá và khuyến mãi dự kiến áp dụng đến 23:59 | 10/05
1 Nhập mã VNPAYTGDD2 giảm tối đa 80,000đ (áp dụng tùy giá trị đơn hàng) khi thanh toán qua VNPAY-QR (Xem chi tiết tại đây)
2 NHẬN HOÀN NGAY ĐẾN 800.000đ khi mở thẻ tín dụng VPBANK MWG (Xem chi tiết tại đây)";;https://www.thegioididong.com/dong-ho-thong-minh/apple-watch-series-11-gps-cellular-42mm-vien-titanium-day-milan;Apple Watch Series 11 GPS + Cellular 42mm viền Titanium dây Milan_Titan xám.png
Apple Watch Series 11 GPS + Cellular 42mm viền Titanium dây Milan;Titan vàng;No;22490000;19790000;2026-05-10;"Khuyến mãi
Giá và khuyến mãi dự kiến áp dụng đến 23:59 | 10/05
1 Nhập mã VNPAYTGDD2 giảm tối đa 80,000đ (áp dụng tùy giá trị đơn hàng) khi thanh toán qua VNPAY-QR (Xem chi tiết tại đây)
2 NHẬN HOÀN NGAY ĐẾN 800.000đ khi mở thẻ tín dụng VPBANK MWG (Xem chi tiết tại đây)";;https://www.thegioididong.com/dong-ho-thong-minh/apple-watch-series-11-gps-cellular-42mm-vien-titanium-day-milan;Apple Watch Series 11 GPS + Cellular 42mm viền Titanium dây Milan_Titan vàng.png
Apple Watch Ultra 2 GPS + Cellular 49mm viền Titanium dây Alpine size L - giá rẻ, trả góp;Nâu;No;0;0;2026-05-10;;;https://www.thegioididong.com/dong-ho-thong-minh/apple-watch-ultra-2-lte-49mm-vien-titanium-day-alpine-size-l;FULL_Apple Watch Ultra 2 GPS + Cellular 49mm viền Titanium dây Alpine size L - giá rẻ, trả góp_Nâu.png
Apple Watch Ultra 3 GPS + Cellular 49mm viền Titanium dây Milan;Titan tự nhiên;No;26990000;26490000;2026-05-10;"Khuyến mãi
Giá và khuyến mãi dự kiến áp dụng đến 23:00 | 31/05
1 Nhập mã VNPAYTGDD2 giảm tối đa 80,000đ (áp dụng tùy giá trị đơn hàng) khi thanh toán qua VNPAY-QR (Xem chi tiết tại đây)
2 NHẬN HOÀN NGAY ĐẾN 800.000đ khi mở thẻ tín dụng VPBANK MWG (Xem chi tiết tại đây)";;https://www.thegioididong.com/dong-ho-thong-minh/apple-watch-ultra-3-gps-cellular-49mm-vien-titanium-day-milan;Apple Watch Ultra 3 GPS + Cellular 49mm viền Titanium dây Milan_Titan tự nhiên.png
Đồng hồ thông minh Apple Watch Ultra 2 GPS + Cellular 49mm viền Titanium dây Alpine;Xanh Oliu;No;0;0;2026-05-10;;;https://www.thegioididong.com/dong-ho-thong-minh/apple-watch-ultra-2-lte-49mm-vien-titanium-day-alpine-size-l;Đồng hồ thông minh Apple Watch Ultra 2 GPS + Cellular 49mm viền Titanium dây Alpine_Xanh Oliu.png
Apple Watch Ultra 3 GPS + Cellular 49mm viền Titanium dây Milan;Titan đen;No;26990000;26490000;2026-05-10;"Khuyến mãi
Giá và khuyến mãi dự kiến áp dụng đến 23:00 | 31/05
1 Nhập mã VNPAYTGDD2 giảm tối đa 80,000đ (áp dụng tùy giá trị đơn hàng) khi thanh toán qua VNPAY-QR (Xem chi tiết tại đây)
2 NHẬN HOÀN NGAY ĐẾN 800.000đ khi mở thẻ tín dụng VPBANK MWG (Xem chi tiết tại đây)";;https://www.thegioididong.com/dong-ho-thong-minh/apple-watch-ultra-3-gps-cellular-49mm-vien-titanium-day-milan;Apple Watch Ultra 3 GPS + Cellular 49mm viền Titanium dây Milan_Titan đen.png
Đồng hồ thông minh Apple Watch Ultra 2 GPS + Cellular 49mm viền Titanium dây Alpine;Titan tự nhiên;No;0;0;2026-05-10;;;https://www.thegioididong.com/dong-ho-thong-minh/apple-watch-ultra-2-lte-49mm-vien-titanium-day-alpine-size-l;Đồng hồ thông minh Apple Watch Ultra 2 GPS + Cellular 49mm viền Titanium dây Alpine_Titan tự nhiên.png
Apple Watch Ultra 3 GPS + Cellular 49mm viền Titanium dây Milan;Titan tự nhiên;No;26990000;26490000;2026-05-10;"Khuyến mãi
Giá và khuyến mãi dự kiến áp dụng đến 23:00 | 31/05
1 Nhập mã VNPAYTGDD2 giảm tối đa 80,000đ (áp dụng tùy giá trị đơn hàng) khi thanh toán qua VNPAY-QR (Xem chi tiết tại đây)
2 NHẬN HOÀN NGAY ĐẾN 800.000đ khi mở thẻ tín dụng VPBANK MWG (Xem chi tiết tại đây)";;https://www.thegioididong.com/dong-ho-thong-minh/apple-watch-ultra-3-gps-cellular-49mm-vien-titanium-day-milan;Apple Watch Ultra 3 GPS + Cellular 49mm viền Titanium dây Milan_Titan tự nhiên.png
Đồng hồ thông minh Apple Watch Ultra 2 GPS + Cellular 49mm viền Titanium dây Alpine;Xanh Dương;No;0;0;2026-05-10;;;https://www.thegioididong.com/dong-ho-thong-minh/apple-watch-ultra-2-lte-49mm-vien-titanium-day-alpine-size-l;Đồng hồ thông minh Apple Watch Ultra 2 GPS + Cellular 49mm viền Titanium dây Alpine_Xanh Dương.png
Apple Watch Ultra 3 GPS + Cellular 49mm viền Titanium dây Milan;Titan đen;No;26990000;26490000;2026-05-10;"Khuyến mãi
Giá và khuyến mãi dự kiến áp dụng đến 23:00 | 31/05
1 Nhập mã VNPAYTGDD2 giảm tối đa 80,000đ (áp dụng tùy giá trị đơn hàng) khi thanh toán qua VNPAY-QR (Xem chi tiết tại đây)
2 NHẬN HOÀN NGAY ĐẾN 800.000đ khi mở thẻ tín dụng VPBANK MWG (Xem chi tiết tại đây)";;https://www.thegioididong.com/dong-ho-thong-minh/apple-watch-ultra-3-gps-cellular-49mm-vien-titanium-day-milan;Apple Watch Ultra 3 GPS + Cellular 49mm viền Titanium dây Milan_Titan đen.png
Đồng hồ thông minh Apple Watch Ultra 2 GPS + Cellular 49mm viền Titanium dây Alpine;Nâu;No;0;0;2026-05-10;;;https://www.thegioididong.com/dong-ho-thong-minh/apple-watch-ultra-2-lte-49mm-vien-titanium-day-alpine-size-l;Đồng hồ thông minh Apple Watch Ultra 2 GPS + Cellular 49mm viền Titanium dây Alpine_Nâu.png
Đồng hồ thông minh Apple Watch Ultra 2 GPS + Cellular 49mm viền Titanium dây Alpine;Xanh Oliu;No;0;0;2026-05-10;;;https://www.thegioididong.com/dong-ho-thong-minh/apple-watch-ultra-2-lte-49mm-vien-titanium-day-alpine-size-l;Đồng hồ thông minh Apple Watch Ultra 2 GPS + Cellular 49mm viền Titanium dây Alpine_Xanh Oliu.png
Đồng hồ thông minh Apple Watch Ultra 2 GPS + Cellular 49mm viền Titanium dây Alpine;Titan tự nhiên;No;0;0;2026-05-10;;;https://www.thegioididong.com/dong-ho-thong-minh/apple-watch-ultra-2-lte-49mm-vien-titanium-day-alpine-size-l;Đồng hồ thông minh Apple Watch Ultra 2 GPS + Cellular 49mm viền Titanium dây Alpine_Titan tự nhiên.png
Apple Watch Ultra 3 GPS + Cellular 49mm viền Titanium dây Ocean;Titan tự nhiên;No;23990000;23490000;2026-05-10;"Khuyến mãi
Giá và khuyến mãi dự kiến áp dụng đến 23:00 | 31/05
1 Nhập mã VNPAYTGDD2 giảm tối đa 80,000đ (áp dụng tùy giá trị đơn hàng) khi thanh toán qua VNPAY-QR (Xem chi tiết tại đây)
2 NHẬN HOÀN NGAY ĐẾN 800.000đ khi mở thẻ tín dụng VPBANK MWG (Xem chi tiết tại đây)";;https://www.thegioididong.com/dong-ho-thong-minh/apple-watch-ultra-3-gps-cellular-49mm-vien-titanium-day-ocean;Apple Watch Ultra 3 GPS + Cellular 49mm viền Titanium dây Ocean_Titan tự nhiên.png
Apple Watch Ultra 3 GPS + Cellular 49mm viền Titanium dây Ocean;Titan đen;No;23990000;23490000;2026-05-10;"Khuyến mãi
Giá và khuyến mãi dự kiến áp dụng đến 23:00 | 31/05
1 Nhập mã VNPAYTGDD2 giảm tối đa 80,000đ (áp dụng tùy giá trị đơn hàng) khi thanh toán qua VNPAY-QR (Xem chi tiết tại đây)
2 NHẬN HOÀN NGAY ĐẾN 800.000đ khi mở thẻ tín dụng VPBANK MWG (Xem chi tiết tại đây)";;https://www.thegioididong.com/dong-ho-thong-minh/apple-watch-ultra-3-gps-cellular-49mm-vien-titanium-day-ocean;Apple Watch Ultra 3 GPS + Cellular 49mm viền Titanium dây Ocean_Titan đen.png
Đồng hồ thông minh Apple Watch Ultra 2 GPS + Cellular 49mm viền Titanium dây Alpine;Xanh Dương;No;0;0;2026-05-10;;;https://www.thegioididong.com/dong-ho-thong-minh/apple-watch-ultra-2-lte-49mm-vien-titanium-day-alpine-size-l;Đồng hồ thông minh Apple Watch Ultra 2 GPS + Cellular 49mm viền Titanium dây Alpine_Xanh Dương.png
Đồng hồ thông minh Apple Watch Ultra 2 GPS + Cellular 49mm viền Titanium dây Alpine;Nâu;No;0;0;2026-05-10;;;https://www.thegioididong.com/dong-ho-thong-minh/apple-watch-ultra-2-lte-49mm-vien-titanium-day-alpine-size-l;Đồng hồ thông minh Apple Watch Ultra 2 GPS + Cellular 49mm viền Titanium dây Alpine_Nâu.png
Apple Watch Ultra 3 GPS + Cellular 49mm viền Titanium dây Ocean;Titan tự nhiên;No;23990000;23490000;2026-05-10;"Khuyến mãi
Giá và khuyến mãi dự kiến áp dụng đến 23:00 | 31/05
1 Nhập mã VNPAYTGDD2 giảm tối đa 80,000đ (áp dụng tùy giá trị đơn hàng) khi thanh toán qua VNPAY-QR (Xem chi tiết tại đây)
2 NHẬN HOÀN NGAY ĐẾN 800.000đ khi mở thẻ tín dụng VPBANK MWG (Xem chi tiết tại đây)";;https://www.thegioididong.com/dong-ho-thong-minh/apple-watch-ultra-3-gps-cellular-49mm-vien-titanium-day-ocean;Apple Watch Ultra 3 GPS + Cellular 49mm viền Titanium dây Ocean_Titan tự nhiên.png
Đồng hồ thông minh Apple Watch Ultra 2 GPS + Cellular 49mm viền Titanium dây Alpine;Xanh Oliu;No;0;0;2026-05-10;;;https://www.thegioididong.com/dong-ho-thong-minh/apple-watch-ultra-2-lte-49mm-vien-titanium-day-alpine-size-l;Đồng hồ thông minh Apple Watch Ultra 2 GPS + Cellular 49mm viền Titanium dây Alpine_Xanh Oliu.png
Apple Watch Ultra 3 GPS + Cellular 49mm viền Titanium dây Ocean;Titan đen;No;23990000;23490000;2026-05-10;"Khuyến mãi
Giá và khuyến mãi dự kiến áp dụng đến 23:00 | 31/05
1 Nhập mã VNPAYTGDD2 giảm tối đa 80,000đ (áp dụng tùy giá trị đơn hàng) khi thanh toán qua VNPAY-QR (Xem chi tiết tại đây)
2 NHẬN HOÀN NGAY ĐẾN 800.000đ khi mở thẻ tín dụng VPBANK MWG (Xem chi tiết tại đây)";;https://www.thegioididong.com/dong-ho-thong-minh/apple-watch-ultra-3-gps-cellular-49mm-vien-titanium-day-ocean;Apple Watch Ultra 3 GPS + Cellular 49mm viền Titanium dây Ocean_Titan đen.png
Đồng hồ thông minh Apple Watch Ultra 2 GPS + Cellular 49mm viền Titanium dây Alpine;Titan tự nhiên;No;0;0;2026-05-10;;;https://www.thegioididong.com/dong-ho-thong-minh/apple-watch-ultra-2-lte-49mm-vien-titanium-day-alpine-size-l;Đồng hồ thông minh Apple Watch Ultra 2 GPS + Cellular 49mm viền Titanium dây Alpine_Titan tự nhiên.png
Đồng hồ thông minh Apple Watch Ultra 2 GPS + Cellular 49mm viền Titanium dây Alpine;Xanh Dương;No;0;0;2026-05-10;;;https://www.thegioididong.com/dong-ho-thong-minh/apple-watch-ultra-2-lte-49mm-vien-titanium-day-alpine-size-l;Đồng hồ thông minh Apple Watch Ultra 2 GPS + Cellular 49mm viền Titanium dây Alpine_Xanh Dương.png
Đồng hồ thông minh Apple Watch Ultra 2 GPS + Cellular 49mm viền Titanium dây Alpine;Nâu;No;0;0;2026-05-10;;;https://www.thegioididong.com/dong-ho-thong-minh/apple-watch-ultra-2-lte-49mm-vien-titanium-day-alpine-size-l;Đồng hồ thông minh Apple Watch Ultra 2 GPS + Cellular 49mm viền Titanium dây Alpine_Nâu.png
Apple Watch Ultra 3 GPS + Cellular 49mm viền Titanium dây Trail;Titan tự nhiên;Yes;23990000;23490000;2026-05-10;"Khuyến mãi
Giá và khuyến mãi dự kiến áp dụng đến 23:00 | 31/05
1 Nhập mã VNPAYTGDD2 giảm tối đa 80,000đ (áp dụng tùy giá trị đơn hàng) khi thanh toán qua VNPAY-QR (Xem chi tiết tại đây)
2 NHẬN HOÀN NGAY ĐẾN 800.000đ khi mở thẻ tín dụng VPBANK MWG (Xem chi tiết tại đây)";;https://www.thegioididong.com/dong-ho-thong-minh/apple-watch-ultra-3-gps-cellular-49mm-vien-titanium-day-trail;Apple Watch Ultra 3 GPS + Cellular 49mm viền Titanium dây Trail_Titan tự nhiên.png
Đồng hồ thông minh Apple Watch Ultra 2 GPS + Cellular 49mm viền Titanium dây Alpine;Xanh Oliu;No;0;0;2026-05-10;;;https://www.thegioididong.com/dong-ho-thong-minh/apple-watch-ultra-2-lte-49mm-vien-titanium-day-alpine-size-l;Đồng hồ thông minh Apple Watch Ultra 2 GPS + Cellular 49mm viền Titanium dây Alpine_Xanh Oliu.png
Apple Watch Ultra 3 GPS + Cellular 49mm viền Titanium dây Trail;Titan đen;No;23990000;23490000;2026-05-10;"Khuyến mãi
Giá và khuyến mãi dự kiến áp dụng đến 23:00 | 31/05
1 Nhập mã VNPAYTGDD2 giảm tối đa 80,000đ (áp dụng tùy giá trị đơn hàng) khi thanh toán qua VNPAY-QR (Xem chi tiết tại đây)
2 NHẬN HOÀN NGAY ĐẾN 800.000đ khi mở thẻ tín dụng VPBANK MWG (Xem chi tiết tại đây)";;https://www.thegioididong.com/dong-ho-thong-minh/apple-watch-ultra-3-gps-cellular-49mm-vien-titanium-day-trail;Apple Watch Ultra 3 GPS + Cellular 49mm viền Titanium dây Trail_Titan đen.png
Đồng hồ thông minh Apple Watch Ultra 2 GPS + Cellular 49mm viền Titanium dây Alpine;Titan tự nhiên;No;0;0;2026-05-10;;;https://www.thegioididong.com/dong-ho-thong-minh/apple-watch-ultra-2-lte-49mm-vien-titanium-day-alpine-size-l;Đồng hồ thông minh Apple Watch Ultra 2 GPS + Cellular 49mm viền Titanium dây Alpine_Titan tự nhiên.png
iPhone 13 128GB;Đen;Yes;220000;13990000;2026-05-10;"Khuyến mãi
Giá và khuyến mãi dự kiến áp dụng đến 23:00 | 31/05
1 Chọn 1 trong các khuyến mãi:
Giảm giá 2,000,000đ (đã giảm vào giá sản phẩm)
Tặng phiếu mua hàng Phụ Kiện, Smartwatch, đồng hồ thời trang (trừ Apple, Beats) trị giá 2,500,000đ
2 Phiếu mua hàng Apple Watch trị giá 800,000đ
3 Phiếu mua hàng Airpods trị giá 800,000đ
4 Tặng phiếu mua hàng Macbook trị giá 1,000,000đ
5 Tặng Phiếu mua hàng mua Smartwatch (trừ Apple, giá trên 5.000.000đ) trị giá 500.000đ
6 Tặng Phiếu mua hàng Máy lạnh (sản phẩm trên 10tr) trị giá 300.000đ
7 Thu cũ đổi mới: Giảm đến 2,000,000đ (Không kèm ưu đãi thanh toán qua cổng, mua kèm) Xem chi tiết
8 Nhập mã VNPAYTGDD2 giảm tối đa 80,000đ (áp dụng tùy giá trị đơn hàng) khi thanh toán qua VNPAY-QR (Xem chi tiết tại đây)
9 NHẬN HOÀN NGAY ĐẾN 800.000đ khi mở thẻ tín dụng VPBANK MWG (Xem chi tiết tại đây)";;https://www.thegioididong.com/dtdd/iphone-13;iPhone 13 128GB_Đen.png
Apple Watch Ultra 3 GPS + Cellular 49mm viền Titanium dây Trail;Titan tự nhiên;Yes;23990000;23490000;2026-05-10;"Khuyến mãi
Giá và khuyến mãi dự kiến áp dụng đến 23:00 | 31/05
1 Nhập mã VNPAYTGDD2 giảm tối đa 80,000đ (áp dụng tùy giá trị đơn hàng) khi thanh toán qua VNPAY-QR (Xem chi tiết tại đây)
2 NHẬN HOÀN NGAY ĐẾN 800.000đ khi mở thẻ tín dụng VPBANK MWG (Xem chi tiết tại đây)";;https://www.thegioididong.com/dong-ho-thong-minh/apple-watch-ultra-3-gps-cellular-49mm-vien-titanium-day-trail;Apple Watch Ultra 3 GPS + Cellular 49mm viền Titanium dây Trail_Titan tự nhiên.png
iPhone 13 128GB;Trắng;Yes;220000;13990000;2026-05-10;"Khuyến mãi
Giá và khuyến mãi dự kiến áp dụng đến 23:00 | 31/05
1 Chọn 1 trong các khuyến mãi:
Giảm giá 2,000,000đ (đã giảm vào giá sản phẩm)
Tặng phiếu mua hàng Phụ Kiện, Smartwatch, đồng hồ thời trang (trừ Apple, Beats) trị giá 2,500,000đ
2 Phiếu mua hàng Apple Watch trị giá 800,000đ
3 Phiếu mua hàng Airpods trị giá 800,000đ
4 Tặng phiếu mua hàng Macbook trị giá 1,000,000đ
5 Tặng Phiếu mua hàng mua Smartwatch (trừ Apple, giá trên 5.000.000đ) trị giá 500.000đ
6 Tặng Phiếu mua hàng Máy lạnh (sản phẩm trên 10tr) trị giá 300.000đ
7 Thu cũ đổi mới: Giảm đến 2,000,000đ (Không kèm ưu đãi thanh toán qua cổng, mua kèm) Xem chi tiết
8 Nhập mã VNPAYTGDD2 giảm tối đa 80,000đ (áp dụng tùy giá trị đơn hàng) khi thanh toán qua VNPAY-QR (Xem chi tiết tại đây)
9 NHẬN HOÀN NGAY ĐẾN 800.000đ khi mở thẻ tín dụng VPBANK MWG (Xem chi tiết tại đây)";;https://www.thegioididong.com/dtdd/iphone-13;iPhone 13 128GB_Trắng.png
Apple Watch Ultra 3 GPS + Cellular 49mm viền Titanium dây Trail;Titan đen;No;23990000;23490000;2026-05-10;"Khuyến mãi
Giá và khuyến mãi dự kiến áp dụng đến 23:00 | 31/05
1 Nhập mã VNPAYTGDD2 giảm tối đa 80,000đ (áp dụng tùy giá trị đơn hàng) khi thanh toán qua VNPAY-QR (Xem chi tiết tại đây)
2 NHẬN HOÀN NGAY ĐẾN 800.000đ khi mở thẻ tín dụng VPBANK MWG (Xem chi tiết tại đây)";;https://www.thegioididong.com/dong-ho-thong-minh/apple-watch-ultra-3-gps-cellular-49mm-vien-titanium-day-trail;Apple Watch Ultra 3 GPS + Cellular 49mm viền Titanium dây Trail_Titan đen.png
iPhone 14 128GB;Xanh Dương;Yes;1100000;16990000;2026-05-10;"Khuyến mãi
Giá và khuyến mãi dự kiến áp dụng đến 23:00 | 31/05
1 Chọn 1 trong các khuyến mãi:
Giảm giá 3,000,000đ (đã giảm vào giá sản phẩm)
Tặng phiếu mua hàng Phụ Kiện, Smartwatch, đồng hồ thời trang (trừ Apple, Beats) trị giá 3,600,000đ
2 Phiếu mua hàng Apple Watch trị giá 800,000đ
3 Phiếu mua hàng Airpods trị giá 800,000đ
4 Tặng phiếu mua hàng Macbook trị giá 1,000,000đ
5 Tặng Phiếu mua hàng mua Smartwatch (trừ Apple, giá trên 5.000.000đ) trị giá 500.000đ
6 Tặng Phiếu mua hàng Máy lạnh (sản phẩm trên 10tr) trị giá 300.000đ
7 Thu cũ đổi mới: Giảm đến 2,000,000đ (Không kèm ưu đãi thanh toán qua cổng, mua kèm) Xem chi tiết
8 Nhập mã VNPAYTGDD2 giảm tối đa 80,000đ (áp dụng tùy giá trị đơn hàng) khi thanh toán qua VNPAY-QR (Xem chi tiết tại đây)
9 NHẬN HOÀN NGAY ĐẾN 800.000đ khi mở thẻ tín dụng VPBANK MWG (Xem chi tiết tại đây)";;https://www.thegioididong.com/dtdd/iphone-14;iPhone 14 128GB_Xanh Dương.png
iPhone 14 128GB;Trắng;Yes;1100000;16990000;2026-05-10;"Khuyến mãi
Giá và khuyến mãi dự kiến áp dụng đến 23:00 | 31/05
1 Chọn 1 trong các khuyến mãi:
Giảm giá 3,000,000đ (đã giảm vào giá sản phẩm)
Tặng phiếu mua hàng Phụ Kiện, Smartwatch, đồng hồ thời trang (trừ Apple, Beats) trị giá 3,600,000đ
2 Phiếu mua hàng Apple Watch trị giá 800,000đ
3 Phiếu mua hàng Airpods trị giá 800,000đ
4 Tặng phiếu mua hàng Macbook trị giá 1,000,000đ
5 Tặng Phiếu mua hàng mua Smartwatch (trừ Apple, giá trên 5.000.000đ) trị giá 500.000đ
6 Tặng Phiếu mua hàng Máy lạnh (sản phẩm trên 10tr) trị giá 300.000đ
7 Thu cũ đổi mới: Giảm đến 2,000,000đ (Không kèm ưu đãi thanh toán qua cổng, mua kèm) Xem chi tiết
8 Nhập mã VNPAYTGDD2 giảm tối đa 80,000đ (áp dụng tùy giá trị đơn hàng) khi thanh toán qua VNPAY-QR (Xem chi tiết tại đây)
9 NHẬN HOÀN NGAY ĐẾN 800.000đ khi mở thẻ tín dụng VPBANK MWG (Xem chi tiết tại đây)";;https://www.thegioididong.com/dtdd/iphone-14;iPhone 14 128GB_Trắng.png
iPhone 13 128GB;Đen;Yes;220000;13990000;2026-05-10;"Khuyến mãi
Giá và khuyến mãi dự kiến áp dụng đến 23:00 | 31/05
1 Chọn 1 trong các khuyến mãi:
Giảm giá 2,000,000đ (đã giảm vào giá sản phẩm)
Tặng phiếu mua hàng Phụ Kiện, Smartwatch, đồng hồ thời trang (trừ Apple, Beats) trị giá 2,500,000đ
2 Phiếu mua hàng Apple Watch trị giá 800,000đ
3 Phiếu mua hàng Airpods trị giá 800,000đ
4 Tặng phiếu mua hàng Macbook trị giá 1,000,000đ
5 Tặng Phiếu mua hàng mua Smartwatch (trừ Apple, giá trên 5.000.000đ) trị giá 500.000đ
6 Tặng Phiếu mua hàng Máy lạnh (sản phẩm trên 10tr) trị giá 300.000đ
7 Thu cũ đổi mới: Giảm đến 2,000,000đ (Không kèm ưu đãi thanh toán qua cổng, mua kèm) Xem chi tiết
8 Nhập mã VNPAYTGDD2 giảm tối đa 80,000đ (áp dụng tùy giá trị đơn hàng) khi thanh toán qua VNPAY-QR (Xem chi tiết tại đây)
9 NHẬN HOÀN NGAY ĐẾN 800.000đ khi mở thẻ tín dụng VPBANK MWG (Xem chi tiết tại đây)";;https://www.thegioididong.com/dtdd/iphone-13;iPhone 13 128GB_Đen.png
iPhone 13 128GB;Trắng;Yes;220000;13990000;2026-05-10;"Khuyến mãi
Giá và khuyến mãi dự kiến áp dụng đến 23:00 | 31/05
1 Chọn 1 trong các khuyến mãi:
Giảm giá 2,000,000đ (đã giảm vào giá sản phẩm)
Tặng phiếu mua hàng Phụ Kiện, Smartwatch, đồng hồ thời trang (trừ Apple, Beats) trị giá 2,500,000đ
2 Phiếu mua hàng Apple Watch trị giá 800,000đ
3 Phiếu mua hàng Airpods trị giá 800,000đ
4 Tặng phiếu mua hàng Macbook trị giá 1,000,000đ
5 Tặng Phiếu mua hàng mua Smartwatch (trừ Apple, giá trên 5.000.000đ) trị giá 500.000đ
6 Tặng Phiếu mua hàng Máy lạnh (sản phẩm trên 10tr) trị giá 300.000đ
7 Thu cũ đổi mới: Giảm đến 2,000,000đ (Không kèm ưu đãi thanh toán qua cổng, mua kèm) Xem chi tiết
8 Nhập mã VNPAYTGDD2 giảm tối đa 80,000đ (áp dụng tùy giá trị đơn hàng) khi thanh toán qua VNPAY-QR (Xem chi tiết tại đây)
9 NHẬN HOÀN NGAY ĐẾN 800.000đ khi mở thẻ tín dụng VPBANK MWG (Xem chi tiết tại đây)";;https://www.thegioididong.com/dtdd/iphone-13;iPhone 13 128GB_Trắng.png
iPhone 14 128GB;Đen;Yes;1100000;16990000;2026-05-10;"Khuyến mãi
Giá và khuyến mãi dự kiến áp dụng đến 23:00 | 31/05
1 Chọn 1 trong các khuyến mãi:
Giảm giá 3,000,000đ (đã giảm vào giá sản phẩm)
Tặng phiếu mua hàng Phụ Kiện, Smartwatch, đồng hồ thời trang (trừ Apple, Beats) trị giá 3,600,000đ
2 Phiếu mua hàng Apple Watch trị giá 800,000đ
3 Phiếu mua hàng Airpods trị giá 800,000đ
4 Tặng phiếu mua hàng Macbook trị giá 1,000,000đ
5 Tặng Phiếu mua hàng mua Smartwatch (trừ Apple, giá trên 5.000.000đ) trị giá 500.000đ
6 Tặng Phiếu mua hàng Máy lạnh (sản phẩm trên 10tr) trị giá 300.000đ
7 Thu cũ đổi mới: Giảm đến 2,000,000đ (Không kèm ưu đãi thanh toán qua cổng, mua kèm) Xem chi tiết
8 Nhập mã VNPAYTGDD2 giảm tối đa 80,000đ (áp dụng tùy giá trị đơn hàng) khi thanh toán qua VNPAY-QR (Xem chi tiết tại đây)
9 NHẬN HOÀN NGAY ĐẾN 800.000đ khi mở thẻ tín dụng VPBANK MWG (Xem chi tiết tại đây)";;https://www.thegioididong.com/dtdd/iphone-14;iPhone 14 128GB_Đen.png
iPhone 15 128GB;Xanh dương nhạt;Yes;340000;18990000;2026-05-10;"Khuyến mãi
Giá và khuyến mãi dự kiến áp dụng đến 23:00 | 31/05
1 Chọn 1 trong các khuyến mãi:
Giảm giá 1,000,000đ (đã giảm vào giá sản phẩm)
Tặng phiếu mua hàng Phụ Kiện, Smartwatch, đồng hồ thời trang (trừ Apple, Beats) trị giá 1,300,000đ
2 Phiếu mua hàng Apple Watch trị giá 800,000đ
3 Phiếu mua hàng Airpods trị giá 800,000đ
4 Tặng phiếu mua hàng Macbook trị giá 1,000,000đ
5 Tặng Phiếu mua hàng mua Smartwatch (trừ Apple, giá trên 5.000.000đ) trị giá 500.000đ
6 Tặng Phiếu mua hàng Máy lạnh (sản phẩm trên 10tr) trị giá 300.000đ
7 Thu cũ đổi mới: Giảm đến 2,000,000đ (Không kèm ưu đãi thanh toán qua cổng, mua kèm) Xem chi tiết
8 Nhập mã VNPAYTGDD2 giảm tối đa 80,000đ (áp dụng tùy giá trị đơn hàng) khi thanh toán qua VNPAY-QR (Xem chi tiết tại đây)
9 NHẬN HOÀN NGAY ĐẾN 800.000đ khi mở thẻ tín dụng VPBANK MWG (Xem chi tiết tại đây)";;https://www.thegioididong.com/dtdd/iphone-15;iPhone 15 128GB_Xanh dương nhạt.png
iPhone 15 Plus 128GB;Default;Yes;340000;21990000;2026-05-10;"Khuyến mãi
Giá và khuyến mãi dự kiến áp dụng đến 23:00 | 31/05
1 Chọn 1 trong các khuyến mãi:
Giảm giá 4,000,000đ (đã giảm vào giá sản phẩm)
Tặng phiếu mua hàng Phụ Kiện, Smartwatch, đồng hồ thời trang (trừ Apple, Beats) trị giá 4,800,000đ
2 Phiếu mua hàng Apple Watch trị giá 800,000đ
3 Phiếu mua hàng Airpods trị giá 800,000đ
4 Tặng phiếu mua hàng Macbook trị giá 1,000,000đ
5 Tặng Phiếu mua hàng mua Smartwatch (trừ Apple, giá trên 5.000.000đ) trị giá 500.000đ
6 Tặng Phiếu mua hàng Máy lạnh (sản phẩm trên 10tr) trị giá 300.000đ
7 Thu cũ đổi mới: Giảm đến 2,000,000đ (Không kèm ưu đãi thanh toán qua cổng, mua kèm) Xem chi tiết
8 Nhập mã VNPAYTGDD2 giảm tối đa 80,000đ (áp dụng tùy giá trị đơn hàng) khi thanh toán qua VNPAY-QR (Xem chi tiết tại đây)
9 NHẬN HOÀN NGAY ĐẾN 800.000đ khi mở thẻ tín dụng VPBANK MWG (Xem chi tiết tại đây)";;https://www.thegioididong.com/dtdd/iphone-15-plus;iPhone 15 Plus 128GB_Default.png
iPhone 14 128GB;Xanh Dương;Yes;1100000;16990000;2026-05-10;"Khuyến mãi
Giá và khuyến mãi dự kiến áp dụng đến 23:00 | 31/05
1 Chọn 1 trong các khuyến mãi:
Giảm giá 3,000,000đ (đã giảm vào giá sản phẩm)
Tặng phiếu mua hàng Phụ Kiện, Smartwatch, đồng hồ thời trang (trừ Apple, Beats) trị giá 3,600,000đ
2 Phiếu mua hàng Apple Watch trị giá 800,000đ
3 Phiếu mua hàng Airpods trị giá 800,000đ
4 Tặng phiếu mua hàng Macbook trị giá 1,000,000đ
5 Tặng Phiếu mua hàng mua Smartwatch (trừ Apple, giá trên 5.000.000đ) trị giá 500.000đ
6 Tặng Phiếu mua hàng Máy lạnh (sản phẩm trên 10tr) trị giá 300.000đ
7 Thu cũ đổi mới: Giảm đến 2,000,000đ (Không kèm ưu đãi thanh toán qua cổng, mua kèm) Xem chi tiết
8 Nhập mã VNPAYTGDD2 giảm tối đa 80,000đ (áp dụng tùy giá trị đơn hàng) khi thanh toán qua VNPAY-QR (Xem chi tiết tại đây)
9 NHẬN HOÀN NGAY ĐẾN 800.000đ khi mở thẻ tín dụng VPBANK MWG (Xem chi tiết tại đây)";;https://www.thegioididong.com/dtdd/iphone-14;iPhone 14 128GB_Xanh Dương.png
iPhone 15 128GB;Xanh lá nhạt;Yes;340000;18990000;2026-05-10;"Khuyến mãi
Giá và khuyến mãi dự kiến áp dụng đến 23:00 | 31/05
1 Chọn 1 trong các khuyến mãi:
Giảm giá 1,000,000đ (đã giảm vào giá sản phẩm)
Tặng phiếu mua hàng Phụ Kiện, Smartwatch, đồng hồ thời trang (trừ Apple, Beats) trị giá 1,300,000đ
2 Phiếu mua hàng Apple Watch trị giá 800,000đ
3 Phiếu mua hàng Airpods trị giá 800,000đ
4 Tặng phiếu mua hàng Macbook trị giá 1,000,000đ
5 Tặng Phiếu mua hàng mua Smartwatch (trừ Apple, giá trên 5.000.000đ) trị giá 500.000đ
6 Tặng Phiếu mua hàng Máy lạnh (sản phẩm trên 10tr) trị giá 300.000đ
7 Thu cũ đổi mới: Giảm đến 2,000,000đ (Không kèm ưu đãi thanh toán qua cổng, mua kèm) Xem chi tiết
8 Nhập mã VNPAYTGDD2 giảm tối đa 80,000đ (áp dụng tùy giá trị đơn hàng) khi thanh toán qua VNPAY-QR (Xem chi tiết tại đây)
9 NHẬN HOÀN NGAY ĐẾN 800.000đ khi mở thẻ tín dụng VPBANK MWG (Xem chi tiết tại đây)";;https://www.thegioididong.com/dtdd/iphone-15;iPhone 15 128GB_Xanh lá nhạt.png
iPhone 14 128GB;Trắng;Yes;1100000;16990000;2026-05-10;"Khuyến mãi
Giá và khuyến mãi dự kiến áp dụng đến 23:00 | 31/05
1 Chọn 1 trong các khuyến mãi:
Giảm giá 3,000,000đ (đã giảm vào giá sản phẩm)
Tặng phiếu mua hàng Phụ Kiện, Smartwatch, đồng hồ thời trang (trừ Apple, Beats) trị giá 3,600,000đ
2 Phiếu mua hàng Apple Watch trị giá 800,000đ
3 Phiếu mua hàng Airpods trị giá 800,000đ
4 Tặng phiếu mua hàng Macbook trị giá 1,000,000đ
5 Tặng Phiếu mua hàng mua Smartwatch (trừ Apple, giá trên 5.000.000đ) trị giá 500.000đ
6 Tặng Phiếu mua hàng Máy lạnh (sản phẩm trên 10tr) trị giá 300.000đ
7 Thu cũ đổi mới: Giảm đến 2,000,000đ (Không kèm ưu đãi thanh toán qua cổng, mua kèm) Xem chi tiết
8 Nhập mã VNPAYTGDD2 giảm tối đa 80,000đ (áp dụng tùy giá trị đơn hàng) khi thanh toán qua VNPAY-QR (Xem chi tiết tại đây)
9 NHẬN HOÀN NGAY ĐẾN 800.000đ khi mở thẻ tín dụng VPBANK MWG (Xem chi tiết tại đây)";;https://www.thegioididong.com/dtdd/iphone-14;iPhone 14 128GB_Trắng.png
iPhone 14 128GB;Đen;Yes;1100000;16990000;2026-05-10;"Khuyến mãi
Giá và khuyến mãi dự kiến áp dụng đến 23:00 | 31/05
1 Chọn 1 trong các khuyến mãi:
Giảm giá 3,000,000đ (đã giảm vào giá sản phẩm)
Tặng phiếu mua hàng Phụ Kiện, Smartwatch, đồng hồ thời trang (trừ Apple, Beats) trị giá 3,600,000đ
2 Phiếu mua hàng Apple Watch trị giá 800,000đ
3 Phiếu mua hàng Airpods trị giá 800,000đ
4 Tặng phiếu mua hàng Macbook trị giá 1,000,000đ
5 Tặng Phiếu mua hàng mua Smartwatch (trừ Apple, giá trên 5.000.000đ) trị giá 500.000đ
6 Tặng Phiếu mua hàng Máy lạnh (sản phẩm trên 10tr) trị giá 300.000đ
7 Thu cũ đổi mới: Giảm đến 2,000,000đ (Không kèm ưu đãi thanh toán qua cổng, mua kèm) Xem chi tiết
8 Nhập mã VNPAYTGDD2 giảm tối đa 80,000đ (áp dụng tùy giá trị đơn hàng) khi thanh toán qua VNPAY-QR (Xem chi tiết tại đây)
9 NHẬN HOÀN NGAY ĐẾN 800.000đ khi mở thẻ tín dụng VPBANK MWG (Xem chi tiết tại đây)";;https://www.thegioididong.com/dtdd/iphone-14;iPhone 14 128GB_Đen.png
iPhone 16 128GB;Xanh Lưu Ly;Yes;21990000;21690000;2026-05-10;"Khuyến mãi
Giá và khuyến mãi có thể kết thúc sớm hơn dự kiến
1 Chọn 1 trong các khuyến mãi:
Giảm giá 1,000,000đ (đã giảm vào giá sản phẩm)
Tặng phiếu mua hàng Phụ Kiện, Smartwatch, đồng hồ thời trang (trừ Apple, Beats) trị giá 1,300,000đ
2 Phiếu mua hàng Apple Watch trị giá 800,000đ
3 Phiếu mua hàng Airpods trị giá 800,000đ
4 Tặng phiếu mua hàng Macbook trị giá 1,000,000đ
5 Tặng Phiếu mua hàng mua Smartwatch (trừ Apple, giá trên 5.000.000đ) trị giá 500.000đ
6 Tặng Phiếu mua hàng Máy lạnh (sản phẩm trên 10tr) trị giá 300.000đ
7 Nhập mã VNPAYTGDD2 giảm tối đa 80,000đ (áp dụng tùy giá trị đơn hàng) khi thanh toán qua VNPAY-QR (Xem chi tiết tại đây)
8 NHẬN HOÀN NGAY ĐẾN 800.000đ khi mở thẻ tín dụng VPBANK MWG (Xem chi tiết tại đây)";;https://www.thegioididong.com/dtdd/iphone-16;iPhone 16 128GB_Xanh Lưu Ly.png
iPhone 15 128GB;Hồng nhạt;Yes;340000;18990000;2026-05-10;"Khuyến mãi
Giá và khuyến mãi dự kiến áp dụng đến 23:00 | 31/05
1 Chọn 1 trong các khuyến mãi:
Giảm giá 1,000,000đ (đã giảm vào giá sản phẩm)
Tặng phiếu mua hàng Phụ Kiện, Smartwatch, đồng hồ thời trang (trừ Apple, Beats) trị giá 1,300,000đ
2 Phiếu mua hàng Apple Watch trị giá 800,000đ
3 Phiếu mua hàng Airpods trị giá 800,000đ
4 Tặng phiếu mua hàng Macbook trị giá 1,000,000đ
5 Tặng Phiếu mua hàng mua Smartwatch (trừ Apple, giá trên 5.000.000đ) trị giá 500.000đ
6 Tặng Phiếu mua hàng Máy lạnh (sản phẩm trên 10tr) trị giá 300.000đ
7 Thu cũ đổi mới: Giảm đến 2,000,000đ (Không kèm ưu đãi thanh toán qua cổng, mua kèm) Xem chi tiết
8 Nhập mã VNPAYTGDD2 giảm tối đa 80,000đ (áp dụng tùy giá trị đơn hàng) khi thanh toán qua VNPAY-QR (Xem chi tiết tại đây)
9 NHẬN HOÀN NGAY ĐẾN 800.000đ khi mở thẻ tín dụng VPBANK MWG (Xem chi tiết tại đây)";;https://www.thegioididong.com/dtdd/iphone-15;iPhone 15 128GB_Hồng nhạt.png
iPhone 14 128GB;Xanh Dương;Yes;1100000;16990000;2026-05-10;"Khuyến mãi
Giá và khuyến mãi dự kiến áp dụng đến 23:00 | 31/05
1 Chọn 1 trong các khuyến mãi:
Giảm giá 3,000,000đ (đã giảm vào giá sản phẩm)
Tặng phiếu mua hàng Phụ Kiện, Smartwatch, đồng hồ thời trang (trừ Apple, Beats) trị giá 3,600,000đ
2 Phiếu mua hàng Apple Watch trị giá 800,000đ
3 Phiếu mua hàng Airpods trị giá 800,000đ
4 Tặng phiếu mua hàng Macbook trị giá 1,000,000đ
5 Tặng Phiếu mua hàng mua Smartwatch (trừ Apple, giá trên 5.000.000đ) trị giá 500.000đ
6 Tặng Phiếu mua hàng Máy lạnh (sản phẩm trên 10tr) trị giá 300.000đ
7 Thu cũ đổi mới: Giảm đến 2,000,000đ (Không kèm ưu đãi thanh toán qua cổng, mua kèm) Xem chi tiết
8 Nhập mã VNPAYTGDD2 giảm tối đa 80,000đ (áp dụng tùy giá trị đơn hàng) khi thanh toán qua VNPAY-QR (Xem chi tiết tại đây)
9 NHẬN HOÀN NGAY ĐẾN 800.000đ khi mở thẻ tín dụng VPBANK MWG (Xem chi tiết tại đây)";;https://www.thegioididong.com/dtdd/iphone-14;iPhone 14 128GB_Xanh Dương.png
iPhone 16 128GB;Đen;Yes;21990000;21690000;2026-05-10;"Khuyến mãi
Giá và khuyến mãi có thể kết thúc sớm hơn dự kiến
1 Chọn 1 trong các khuyến mãi:
Giảm giá 1,000,000đ (đã giảm vào giá sản phẩm)
Tặng phiếu mua hàng Phụ Kiện, Smartwatch, đồng hồ thời trang (trừ Apple, Beats) trị giá 1,300,000đ
2 Phiếu mua hàng Apple Watch trị giá 800,000đ
3 Phiếu mua hàng Airpods trị giá 800,000đ
4 Tặng phiếu mua hàng Macbook trị giá 1,000,000đ
5 Tặng Phiếu mua hàng mua Smartwatch (trừ Apple, giá trên 5.000.000đ) trị giá 500.000đ
6 Tặng Phiếu mua hàng Máy lạnh (sản phẩm trên 10tr) trị giá 300.000đ
7 Nhập mã VNPAYTGDD2 giảm tối đa 80,000đ (áp dụng tùy giá trị đơn hàng) khi thanh toán qua VNPAY-QR (Xem chi tiết tại đây)
8 NHẬN HOÀN NGAY ĐẾN 800.000đ khi mở thẻ tín dụng VPBANK MWG (Xem chi tiết tại đây)";;https://www.thegioididong.com/dtdd/iphone-16;iPhone 16 128GB_Đen.png
iPhone 15 128GB;Đen;Yes;340000;18990000;2026-05-10;"Khuyến mãi
Giá và khuyến mãi dự kiến áp dụng đến 23:00 | 31/05
1 Chọn 1 trong các khuyến mãi:
Giảm giá 1,000,000đ (đã giảm vào giá sản phẩm)
Tặng phiếu mua hàng Phụ Kiện, Smartwatch, đồng hồ thời trang (trừ Apple, Beats) trị giá 1,300,000đ
2 Phiếu mua hàng Apple Watch trị giá 800,000đ
3 Phiếu mua hàng Airpods trị giá 800,000đ
4 Tặng phiếu mua hàng Macbook trị giá 1,000,000đ
5 Tặng Phiếu mua hàng mua Smartwatch (trừ Apple, giá trên 5.000.000đ) trị giá 500.000đ
6 Tặng Phiếu mua hàng Máy lạnh (sản phẩm trên 10tr) trị giá 300.000đ
7 Thu cũ đổi mới: Giảm đến 2,000,000đ (Không kèm ưu đãi thanh toán qua cổng, mua kèm) Xem chi tiết
8 Nhập mã VNPAYTGDD2 giảm tối đa 80,000đ (áp dụng tùy giá trị đơn hàng) khi thanh toán qua VNPAY-QR (Xem chi tiết tại đây)
9 NHẬN HOÀN NGAY ĐẾN 800.000đ khi mở thẻ tín dụng VPBANK MWG (Xem chi tiết tại đây)";;https://www.thegioididong.com/dtdd/iphone-15;iPhone 15 128GB_Đen.png
iPhone 14 128GB;Trắng;Yes;1100000;16990000;2026-05-10;"Khuyến mãi
Giá và khuyến mãi dự kiến áp dụng đến 23:00 | 31/05
1 Chọn 1 trong các khuyến mãi:
Giảm giá 3,000,000đ (đã giảm vào giá sản phẩm)
Tặng phiếu mua hàng Phụ Kiện, Smartwatch, đồng hồ thời trang (trừ Apple, Beats) trị giá 3,600,000đ
2 Phiếu mua hàng Apple Watch trị giá 800,000đ
3 Phiếu mua hàng Airpods trị giá 800,000đ
4 Tặng phiếu mua hàng Macbook trị giá 1,000,000đ
5 Tặng Phiếu mua hàng mua Smartwatch (trừ Apple, giá trên 5.000.000đ) trị giá 500.000đ
6 Tặng Phiếu mua hàng Máy lạnh (sản phẩm trên 10tr) trị giá 300.000đ
7 Thu cũ đổi mới: Giảm đến 2,000,000đ (Không kèm ưu đãi thanh toán qua cổng, mua kèm) Xem chi tiết
8 Nhập mã VNPAYTGDD2 giảm tối đa 80,000đ (áp dụng tùy giá trị đơn hàng) khi thanh toán qua VNPAY-QR (Xem chi tiết tại đây)
9 NHẬN HOÀN NGAY ĐẾN 800.000đ khi mở thẻ tín dụng VPBANK MWG (Xem chi tiết tại đây)";;https://www.thegioididong.com/dtdd/iphone-14;iPhone 14 128GB_Trắng.png
iPhone 16 128GB;Hồng;Yes;21990000;21690000;2026-05-10;"Khuyến mãi
Giá và khuyến mãi có thể kết thúc sớm hơn dự kiến
1 Chọn 1 trong các khuyến mãi:
Giảm giá 1,000,000đ (đã giảm vào giá sản phẩm)
Tặng phiếu mua hàng Phụ Kiện, Smartwatch, đồng hồ thời trang (trừ Apple, Beats) trị giá 1,300,000đ
2 Phiếu mua hàng Apple Watch trị giá 800,000đ
3 Phiếu mua hàng Airpods trị giá 800,000đ
4 Tặng phiếu mua hàng Macbook trị giá 1,000,000đ
5 Tặng Phiếu mua hàng mua Smartwatch (trừ Apple, giá trên 5.000.000đ) trị giá 500.000đ
6 Tặng Phiếu mua hàng Máy lạnh (sản phẩm trên 10tr) trị giá 300.000đ
7 Nhập mã VNPAYTGDD2 giảm tối đa 80,000đ (áp dụng tùy giá trị đơn hàng) khi thanh toán qua VNPAY-QR (Xem chi tiết tại đây)
8 NHẬN HOÀN NGAY ĐẾN 800.000đ khi mở thẻ tín dụng VPBANK MWG (Xem chi tiết tại đây)";;https://www.thegioididong.com/dtdd/iphone-16;iPhone 16 128GB_Hồng.png
iPhone 14 128GB;Đen;Yes;1100000;16990000;2026-05-10;"Khuyến mãi
Giá và khuyến mãi dự kiến áp dụng đến 23:00 | 31/05
1 Chọn 1 trong các khuyến mãi:
Giảm giá 3,000,000đ (đã giảm vào giá sản phẩm)
Tặng phiếu mua hàng Phụ Kiện, Smartwatch, đồng hồ thời trang (trừ Apple, Beats) trị giá 3,600,000đ
2 Phiếu mua hàng Apple Watch trị giá 800,000đ
3 Phiếu mua hàng Airpods trị giá 800,000đ
4 Tặng phiếu mua hàng Macbook trị giá 1,000,000đ
5 Tặng Phiếu mua hàng mua Smartwatch (trừ Apple, giá trên 5.000.000đ) trị giá 500.000đ
6 Tặng Phiếu mua hàng Máy lạnh (sản phẩm trên 10tr) trị giá 300.000đ
7 Thu cũ đổi mới: Giảm đến 2,000,000đ (Không kèm ưu đãi thanh toán qua cổng, mua kèm) Xem chi tiết
8 Nhập mã VNPAYTGDD2 giảm tối đa 80,000đ (áp dụng tùy giá trị đơn hàng) khi thanh toán qua VNPAY-QR (Xem chi tiết tại đây)
9 NHẬN HOÀN NGAY ĐẾN 800.000đ khi mở thẻ tín dụng VPBANK MWG (Xem chi tiết tại đây)";;https://www.thegioididong.com/dtdd/iphone-14;iPhone 14 128GB_Đen.png
iPhone 15 256GB;Hồng nhạt;Yes;21990000;21890000;2026-05-10;"Khuyến mãi
Giá và khuyến mãi có thể kết thúc sớm hơn dự kiến
1 Chọn 1 trong các khuyến mãi:
Giảm giá 1,000,000đ (đã giảm vào giá sản phẩm)
Tặng phiếu mua hàng Phụ Kiện, Smartwatch, đồng hồ thời trang (trừ Apple, Beats) trị giá 1,300,000đ
2 Phiếu mua hàng Apple Watch trị giá 800,000đ
3 Phiếu mua hàng Airpods trị giá 800,000đ
4 Tặng phiếu mua hàng Macbook trị giá 1,000,000đ
5 Tặng Phiếu mua hàng mua Smartwatch (trừ Apple, giá trên 5.000.000đ) trị giá 500.000đ
6 Tặng Phiếu mua hàng Máy lạnh (sản phẩm trên 10tr) trị giá 300.000đ
7 Nhập mã VNPAYTGDD2 giảm tối đa 80,000đ (áp dụng tùy giá trị đơn hàng) khi thanh toán qua VNPAY-QR (Xem chi tiết tại đây)
8 NHẬN HOÀN NGAY ĐẾN 800.000đ khi mở thẻ tín dụng VPBANK MWG (Xem chi tiết tại đây)";;https://www.thegioididong.com/dtdd/iphone-15;iPhone 15 256GB_Hồng nhạt.png
iPhone 16 128GB;Xanh Mòng Két;Yes;21990000;21690000;2026-05-10;"Khuyến mãi
Giá và khuyến mãi có thể kết thúc sớm hơn dự kiến
1 Chọn 1 trong các khuyến mãi:
Giảm giá 1,000,000đ (đã giảm vào giá sản phẩm)
Tặng phiếu mua hàng Phụ Kiện, Smartwatch, đồng hồ thời trang (trừ Apple, Beats) trị giá 1,300,000đ
2 Phiếu mua hàng Apple Watch trị giá 800,000đ
3 Phiếu mua hàng Airpods trị giá 800,000đ
4 Tặng phiếu mua hàng Macbook trị giá 1,000,000đ
5 Tặng Phiếu mua hàng mua Smartwatch (trừ Apple, giá trên 5.000.000đ) trị giá 500.000đ
6 Tặng Phiếu mua hàng Máy lạnh (sản phẩm trên 10tr) trị giá 300.000đ
7 Nhập mã VNPAYTGDD2 giảm tối đa 80,000đ (áp dụng tùy giá trị đơn hàng) khi thanh toán qua VNPAY-QR (Xem chi tiết tại đây)
8 NHẬN HOÀN NGAY ĐẾN 800.000đ khi mở thẻ tín dụng VPBANK MWG (Xem chi tiết tại đây)";;https://www.thegioididong.com/dtdd/iphone-16;iPhone 16 128GB_Xanh Mòng Két.png
iPhone 15 256GB;Xanh dương nhạt;Yes;21990000;21890000;2026-05-10;"Khuyến mãi
Giá và khuyến mãi có thể kết thúc sớm hơn dự kiến
1 Chọn 1 trong các khuyến mãi:
Giảm giá 1,000,000đ (đã giảm vào giá sản phẩm)
Tặng phiếu mua hàng Phụ Kiện, Smartwatch, đồng hồ thời trang (trừ Apple, Beats) trị giá 1,300,000đ
2 Phiếu mua hàng Apple Watch trị giá 800,000đ
3 Phiếu mua hàng Airpods trị giá 800,000đ
4 Tặng phiếu mua hàng Macbook trị giá 1,000,000đ
5 Tặng Phiếu mua hàng mua Smartwatch (trừ Apple, giá trên 5.000.000đ) trị giá 500.000đ
6 Tặng Phiếu mua hàng Máy lạnh (sản phẩm trên 10tr) trị giá 300.000đ
7 Nhập mã VNPAYTGDD2 giảm tối đa 80,000đ (áp dụng tùy giá trị đơn hàng) khi thanh toán qua VNPAY-QR (Xem chi tiết tại đây)
8 NHẬN HOÀN NGAY ĐẾN 800.000đ khi mở thẻ tín dụng VPBANK MWG (Xem chi tiết tại đây)";;https://www.thegioididong.com/dtdd/iphone-15;iPhone 15 256GB_Xanh dương nhạt.png
iPhone 16 128GB;Trắng;Yes;21990000;21690000;2026-05-10;"Khuyến mãi
Giá và khuyến mãi có thể kết thúc sớm hơn dự kiến
1 Chọn 1 trong các khuyến mãi:
Giảm giá 1,000,000đ (đã giảm vào giá sản phẩm)
Tặng phiếu mua hàng Phụ Kiện, Smartwatch, đồng hồ thời trang (trừ Apple, Beats) trị giá 1,300,000đ
2 Phiếu mua hàng Apple Watch trị giá 800,000đ
3 Phiếu mua hàng Airpods trị giá 800,000đ
4 Tặng phiếu mua hàng Macbook trị giá 1,000,000đ
5 Tặng Phiếu mua hàng mua Smartwatch (trừ Apple, giá trên 5.000.000đ) trị giá 500.000đ
6 Tặng Phiếu mua hàng Máy lạnh (sản phẩm trên 10tr) trị giá 300.000đ
7 Nhập mã VNPAYTGDD2 giảm tối đa 80,000đ (áp dụng tùy giá trị đơn hàng) khi thanh toán qua VNPAY-QR (Xem chi tiết tại đây)
8 NHẬN HOÀN NGAY ĐẾN 800.000đ khi mở thẻ tín dụng VPBANK MWG (Xem chi tiết tại đây)";;https://www.thegioididong.com/dtdd/iphone-16;iPhone 16 128GB_Trắng.png
iPhone 16 Plus 128GB;Xanh Lưu Ly;Yes;25990000;25390000;2026-05-10;"Khuyến mãi
Giá và khuyến mãi có thể kết thúc sớm hơn dự kiến
1 Chọn 1 trong các khuyến mãi:
Giảm giá 1,000,000đ (đã giảm vào giá sản phẩm)
Tặng phiếu mua hàng Phụ Kiện, Smartwatch, đồng hồ thời trang (trừ Apple, Beats) trị giá 1,300,000đ
2 Phiếu mua hàng Apple Watch trị giá 800,000đ
3 Phiếu mua hàng Airpods trị giá 800,000đ
4 Tặng phiếu mua hàng Macbook trị giá 1,000,000đ
5 Tặng Phiếu mua hàng mua Smartwatch (trừ Apple, giá trên 5.000.000đ) trị giá 500.000đ
6 Tặng Phiếu mua hàng Máy lạnh (sản phẩm trên 10tr) trị giá 300.000đ
7 Nhập mã VNPAYTGDD2 giảm tối đa 80,000đ (áp dụng tùy giá trị đơn hàng) khi thanh toán qua VNPAY-QR (Xem chi tiết tại đây)
8 NHẬN HOÀN NGAY ĐẾN 800.000đ khi mở thẻ tín dụng VPBANK MWG (Xem chi tiết tại đây)";;https://www.thegioididong.com/dtdd/iphone-16-plus;iPhone 16 Plus 128GB_Xanh Lưu Ly.png
iPhone 15 256GB;Đen;Yes;21990000;21890000;2026-05-10;"Khuyến mãi
Giá và khuyến mãi có thể kết thúc sớm hơn dự kiến
1 Chọn 1 trong các khuyến mãi:
Giảm giá 1,000,000đ (đã giảm vào giá sản phẩm)
Tặng phiếu mua hàng Phụ Kiện, Smartwatch, đồng hồ thời trang (trừ Apple, Beats) trị giá 1,300,000đ
2 Phiếu mua hàng Apple Watch trị giá 800,000đ
3 Phiếu mua hàng Airpods trị giá 800,000đ
4 Tặng phiếu mua hàng Macbook trị giá 1,000,000đ
5 Tặng Phiếu mua hàng mua Smartwatch (trừ Apple, giá trên 5.000.000đ) trị giá 500.000đ
6 Tặng Phiếu mua hàng Máy lạnh (sản phẩm trên 10tr) trị giá 300.000đ
7 Nhập mã VNPAYTGDD2 giảm tối đa 80,000đ (áp dụng tùy giá trị đơn hàng) khi thanh toán qua VNPAY-QR (Xem chi tiết tại đây)
8 NHẬN HOÀN NGAY ĐẾN 800.000đ khi mở thẻ tín dụng VPBANK MWG (Xem chi tiết tại đây)";;https://www.thegioididong.com/dtdd/iphone-15;iPhone 15 256GB_Đen.png
iPhone 16 256GB;Xanh Lưu Ly;Yes;24990000;23390000;2026-05-10;"Khuyến mãi
Giá và khuyến mãi có thể kết thúc sớm hơn dự kiến
1 Chọn 1 trong các khuyến mãi:
Giảm giá 1,000,000đ (đã giảm vào giá sản phẩm)
Tặng phiếu mua hàng Phụ Kiện, Smartwatch, đồng hồ thời trang (trừ Apple, Beats) trị giá 1,300,000đ
2 Phiếu mua hàng Apple Watch trị giá 800,000đ
3 Phiếu mua hàng Airpods trị giá 800,000đ
4 Tặng phiếu mua hàng Macbook trị giá 1,000,000đ
5 Tặng Phiếu mua hàng mua Smartwatch (trừ Apple, giá trên 5.000.000đ) trị giá 500.000đ
6 Tặng Phiếu mua hàng Máy lạnh (sản phẩm trên 10tr) trị giá 300.000đ
7 Nhập mã VNPAYTGDD2 giảm tối đa 80,000đ (áp dụng tùy giá trị đơn hàng) khi thanh toán qua VNPAY-QR (Xem chi tiết tại đây)
8 NHẬN HOÀN NGAY ĐẾN 800.000đ khi mở thẻ tín dụng VPBANK MWG (Xem chi tiết tại đây)";;https://www.thegioididong.com/dtdd/iphone-16;iPhone 16 256GB_Xanh Lưu Ly.png
iPhone 16 Plus 128GB;Hồng;Yes;25990000;25390000;2026-05-10;"Khuyến mãi
Giá và khuyến mãi có thể kết thúc sớm hơn dự kiến
1 Chọn 1 trong các khuyến mãi:
Giảm giá 1,000,000đ (đã giảm vào giá sản phẩm)
Tặng phiếu mua hàng Phụ Kiện, Smartwatch, đồng hồ thời trang (trừ Apple, Beats) trị giá 1,300,000đ
2 Phiếu mua hàng Apple Watch trị giá 800,000đ
3 Phiếu mua hàng Airpods trị giá 800,000đ
4 Tặng phiếu mua hàng Macbook trị giá 1,000,000đ
5 Tặng Phiếu mua hàng mua Smartwatch (trừ Apple, giá trên 5.000.000đ) trị giá 500.000đ
6 Tặng Phiếu mua hàng Máy lạnh (sản phẩm trên 10tr) trị giá 300.000đ
7 Nhập mã VNPAYTGDD2 giảm tối đa 80,000đ (áp dụng tùy giá trị đơn hàng) khi thanh toán qua VNPAY-QR (Xem chi tiết tại đây)
8 NHẬN HOÀN NGAY ĐẾN 800.000đ khi mở thẻ tín dụng VPBANK MWG (Xem chi tiết tại đây)";;https://www.thegioididong.com/dtdd/iphone-16-plus;iPhone 16 Plus 128GB_Hồng.png
iPhone 16 256GB;Đen;Yes;24990000;23390000;2026-05-10;"Khuyến mãi
Giá và khuyến mãi có thể kết thúc sớm hơn dự kiến
1 Chọn 1 trong các khuyến mãi:
Giảm giá 1,000,000đ (đã giảm vào giá sản phẩm)
Tặng phiếu mua hàng Phụ Kiện, Smartwatch, đồng hồ thời trang (trừ Apple, Beats) trị giá 1,300,000đ
2 Phiếu mua hàng Apple Watch trị giá 800,000đ
3 Phiếu mua hàng Airpods trị giá 800,000đ
4 Tặng phiếu mua hàng Macbook trị giá 1,000,000đ
5 Tặng Phiếu mua hàng mua Smartwatch (trừ Apple, giá trên 5.000.000đ) trị giá 500.000đ
6 Tặng Phiếu mua hàng Máy lạnh (sản phẩm trên 10tr) trị giá 300.000đ
7 Nhập mã VNPAYTGDD2 giảm tối đa 80,000đ (áp dụng tùy giá trị đơn hàng) khi thanh toán qua VNPAY-QR (Xem chi tiết tại đây)
8 NHẬN HOÀN NGAY ĐẾN 800.000đ khi mở thẻ tín dụng VPBANK MWG (Xem chi tiết tại đây)";;https://www.thegioididong.com/dtdd/iphone-16;iPhone 16 256GB_Đen.png
iPhone 15 256GB;Xanh lá nhạt;Yes;340000;21990000;2026-05-10;"Khuyến mãi
Giá và khuyến mãi dự kiến áp dụng đến 23:00 | 31/05
1 Chọn 1 trong các khuyến mãi:
Giảm giá 1,000,000đ (đã giảm vào giá sản phẩm)
Tặng phiếu mua hàng Phụ Kiện, Smartwatch, đồng hồ thời trang (trừ Apple, Beats) trị giá 1,300,000đ
2 Phiếu mua hàng Apple Watch trị giá 800,000đ
3 Phiếu mua hàng Airpods trị giá 800,000đ
4 Tặng phiếu mua hàng Macbook trị giá 1,000,000đ
5 Tặng Phiếu mua hàng mua Smartwatch (trừ Apple, giá trên 5.000.000đ) trị giá 500.000đ
6 Tặng Phiếu mua hàng Máy lạnh (sản phẩm trên 10tr) trị giá 300.000đ
7 Thu cũ đổi mới: Giảm đến 2,000,000đ (Không kèm ưu đãi thanh toán qua cổng, mua kèm) Xem chi tiết
8 Nhập mã VNPAYTGDD2 giảm tối đa 80,000đ (áp dụng tùy giá trị đơn hàng) khi thanh toán qua VNPAY-QR (Xem chi tiết tại đây)
9 NHẬN HOÀN NGAY ĐẾN 800.000đ khi mở thẻ tín dụng VPBANK MWG (Xem chi tiết tại đây)";;https://www.thegioididong.com/dtdd/iphone-15;iPhone 15 256GB_Xanh lá nhạt.png
iPhone 16 Plus 128GB;Đen;Yes;25990000;25390000;2026-05-10;"Khuyến mãi
Giá và khuyến mãi có thể kết thúc sớm hơn dự kiến
1 Chọn 1 trong các khuyến mãi:
Giảm giá 1,000,000đ (đã giảm vào giá sản phẩm)
Tặng phiếu mua hàng Phụ Kiện, Smartwatch, đồng hồ thời trang (trừ Apple, Beats) trị giá 1,300,000đ
2 Phiếu mua hàng Apple Watch trị giá 800,000đ
3 Phiếu mua hàng Airpods trị giá 800,000đ
4 Tặng phiếu mua hàng Macbook trị giá 1,000,000đ
5 Tặng Phiếu mua hàng mua Smartwatch (trừ Apple, giá trên 5.000.000đ) trị giá 500.000đ
6 Tặng Phiếu mua hàng Máy lạnh (sản phẩm trên 10tr) trị giá 300.000đ
7 Nhập mã VNPAYTGDD2 giảm tối đa 80,000đ (áp dụng tùy giá trị đơn hàng) khi thanh toán qua VNPAY-QR (Xem chi tiết tại đây)
8 NHẬN HOÀN NGAY ĐẾN 800.000đ khi mở thẻ tín dụng VPBANK MWG (Xem chi tiết tại đây)";;https://www.thegioididong.com/dtdd/iphone-16-plus;iPhone 16 Plus 128GB_Đen.png
iPhone 16 256GB;Xanh Lưu Ly;Yes;24990000;23390000;2026-05-10;"Khuyến mãi
Giá và khuyến mãi có thể kết thúc sớm hơn dự kiến
1 Chọn 1 trong các khuyến mãi:
Giảm giá 1,000,000đ (đã giảm vào giá sản phẩm)
Tặng phiếu mua hàng Phụ Kiện, Smartwatch, đồng hồ thời trang (trừ Apple, Beats) trị giá 1,300,000đ
2 Phiếu mua hàng Apple Watch trị giá 800,000đ
3 Phiếu mua hàng Airpods trị giá 800,000đ
4 Tặng phiếu mua hàng Macbook trị giá 1,000,000đ
5 Tặng Phiếu mua hàng mua Smartwatch (trừ Apple, giá trên 5.000.000đ) trị giá 500.000đ
6 Tặng Phiếu mua hàng Máy lạnh (sản phẩm trên 10tr) trị giá 300.000đ
7 Nhập mã VNPAYTGDD2 giảm tối đa 80,000đ (áp dụng tùy giá trị đơn hàng) khi thanh toán qua VNPAY-QR (Xem chi tiết tại đây)
8 NHẬN HOÀN NGAY ĐẾN 800.000đ khi mở thẻ tín dụng VPBANK MWG (Xem chi tiết tại đây)";;https://www.thegioididong.com/dtdd/iphone-16;iPhone 16 256GB_Xanh Lưu Ly.png
iPhone 16 Plus 128GB;Xanh Mòng Két;Yes;25990000;25390000;2026-05-10;"Khuyến mãi
Giá và khuyến mãi có thể kết thúc sớm hơn dự kiến
1 Chọn 1 trong các khuyến mãi:
Giảm giá 1,000,000đ (đã giảm vào giá sản phẩm)
Tặng phiếu mua hàng Phụ Kiện, Smartwatch, đồng hồ thời trang (trừ Apple, Beats) trị giá 1,300,000đ
2 Phiếu mua hàng Apple Watch trị giá 800,000đ
3 Phiếu mua hàng Airpods trị giá 800,000đ
4 Tặng phiếu mua hàng Macbook trị giá 1,000,000đ
5 Tặng Phiếu mua hàng mua Smartwatch (trừ Apple, giá trên 5.000.000đ) trị giá 500.000đ
6 Tặng Phiếu mua hàng Máy lạnh (sản phẩm trên 10tr) trị giá 300.000đ
7 Nhập mã VNPAYTGDD2 giảm tối đa 80,000đ (áp dụng tùy giá trị đơn hàng) khi thanh toán qua VNPAY-QR (Xem chi tiết tại đây)
8 NHẬN HOÀN NGAY ĐẾN 800.000đ khi mở thẻ tín dụng VPBANK MWG (Xem chi tiết tại đây)";;https://www.thegioididong.com/dtdd/iphone-16-plus;iPhone 16 Plus 128GB_Xanh Mòng Két.png
iPhone 15 256GB;Hồng nhạt;Yes;21990000;21890000;2026-05-10;"Khuyến mãi
Giá và khuyến mãi có thể kết thúc sớm hơn dự kiến
1 Chọn 1 trong các khuyến mãi:
Giảm giá 1,000,000đ (đã giảm vào giá sản phẩm)
Tặng phiếu mua hàng Phụ Kiện, Smartwatch, đồng hồ thời trang (trừ Apple, Beats) trị giá 1,300,000đ
2 Phiếu mua hàng Apple Watch trị giá 800,000đ
3 Phiếu mua hàng Airpods trị giá 800,000đ
4 Tặng phiếu mua hàng Macbook trị giá 1,000,000đ
5 Tặng Phiếu mua hàng mua Smartwatch (trừ Apple, giá trên 5.000.000đ) trị giá 500.000đ
6 Tặng Phiếu mua hàng Máy lạnh (sản phẩm trên 10tr) trị giá 300.000đ
7 Nhập mã VNPAYTGDD2 giảm tối đa 80,000đ (áp dụng tùy giá trị đơn hàng) khi thanh toán qua VNPAY-QR (Xem chi tiết tại đây)
8 NHẬN HOÀN NGAY ĐẾN 800.000đ khi mở thẻ tín dụng VPBANK MWG (Xem chi tiết tại đây)";;https://www.thegioididong.com/dtdd/iphone-15;iPhone 15 256GB_Hồng nhạt.png
iPhone 16 256GB;Đen;Yes;24990000;23390000;2026-05-10;"Khuyến mãi
Giá và khuyến mãi có thể kết thúc sớm hơn dự kiến
1 Chọn 1 trong các khuyến mãi:
Giảm giá 1,000,000đ (đã giảm vào giá sản phẩm)
Tặng phiếu mua hàng Phụ Kiện, Smartwatch, đồng hồ thời trang (trừ Apple, Beats) trị giá 1,300,000đ
2 Phiếu mua hàng Apple Watch trị giá 800,000đ
3 Phiếu mua hàng Airpods trị giá 800,000đ
4 Tặng phiếu mua hàng Macbook trị giá 1,000,000đ
5 Tặng Phiếu mua hàng mua Smartwatch (trừ Apple, giá trên 5.000.000đ) trị giá 500.000đ
6 Tặng Phiếu mua hàng Máy lạnh (sản phẩm trên 10tr) trị giá 300.000đ
7 Nhập mã VNPAYTGDD2 giảm tối đa 80,000đ (áp dụng tùy giá trị đơn hàng) khi thanh toán qua VNPAY-QR (Xem chi tiết tại đây)
8 NHẬN HOÀN NGAY ĐẾN 800.000đ khi mở thẻ tín dụng VPBANK MWG (Xem chi tiết tại đây)";;https://www.thegioididong.com/dtdd/iphone-16;iPhone 16 256GB_Đen.png
iPhone 15 256GB;Xanh dương nhạt;Yes;21990000;21890000;2026-05-10;"Khuyến mãi
Giá và khuyến mãi có thể kết thúc sớm hơn dự kiến
1 Chọn 1 trong các khuyến mãi:
Giảm giá 1,000,000đ (đã giảm vào giá sản phẩm)
Tặng phiếu mua hàng Phụ Kiện, Smartwatch, đồng hồ thời trang (trừ Apple, Beats) trị giá 1,300,000đ
2 Phiếu mua hàng Apple Watch trị giá 800,000đ
3 Phiếu mua hàng Airpods trị giá 800,000đ
4 Tặng phiếu mua hàng Macbook trị giá 1,000,000đ
5 Tặng Phiếu mua hàng mua Smartwatch (trừ Apple, giá trên 5.000.000đ) trị giá 500.000đ
6 Tặng Phiếu mua hàng Máy lạnh (sản phẩm trên 10tr) trị giá 300.000đ
7 Nhập mã VNPAYTGDD2 giảm tối đa 80,000đ (áp dụng tùy giá trị đơn hàng) khi thanh toán qua VNPAY-QR (Xem chi tiết tại đây)
8 NHẬN HOÀN NGAY ĐẾN 800.000đ khi mở thẻ tín dụng VPBANK MWG (Xem chi tiết tại đây)";;https://www.thegioididong.com/dtdd/iphone-15;iPhone 15 256GB_Xanh dương nhạt.png
iPhone 16 Plus 128GB;Trắng;Yes;25990000;25390000;2026-05-10;"Khuyến mãi
Giá và khuyến mãi có thể kết thúc sớm hơn dự kiến
1 Chọn 1 trong các khuyến mãi:
Giảm giá 1,000,000đ (đã giảm vào giá sản phẩm)
Tặng phiếu mua hàng Phụ Kiện, Smartwatch, đồng hồ thời trang (trừ Apple, Beats) trị giá 1,300,000đ
2 Phiếu mua hàng Apple Watch trị giá 800,000đ
3 Phiếu mua hàng Airpods trị giá 800,000đ
4 Tặng phiếu mua hàng Macbook trị giá 1,000,000đ
5 Tặng Phiếu mua hàng mua Smartwatch (trừ Apple, giá trên 5.000.000đ) trị giá 500.000đ
6 Tặng Phiếu mua hàng Máy lạnh (sản phẩm trên 10tr) trị giá 300.000đ
7 Nhập mã VNPAYTGDD2 giảm tối đa 80,000đ (áp dụng tùy giá trị đơn hàng) khi thanh toán qua VNPAY-QR (Xem chi tiết tại đây)
8 NHẬN HOÀN NGAY ĐẾN 800.000đ khi mở thẻ tín dụng VPBANK MWG (Xem chi tiết tại đây)";;https://www.thegioididong.com/dtdd/iphone-16-plus;iPhone 16 Plus 128GB_Trắng.png
iPhone 15 256GB;Đen;Yes;21990000;21890000;2026-05-10;"Khuyến mãi
Giá và khuyến mãi có thể kết thúc sớm hơn dự kiến
1 Chọn 1 trong các khuyến mãi:
Giảm giá 1,000,000đ (đã giảm vào giá sản phẩm)
Tặng phiếu mua hàng Phụ Kiện, Smartwatch, đồng hồ thời trang (trừ Apple, Beats) trị giá 1,300,000đ
2 Phiếu mua hàng Apple Watch trị giá 800,000đ
3 Phiếu mua hàng Airpods trị giá 800,000đ
4 Tặng phiếu mua hàng Macbook trị giá 1,000,000đ
5 Tặng Phiếu mua hàng mua Smartwatch (trừ Apple, giá trên 5.000.000đ) trị giá 500.000đ
6 Tặng Phiếu mua hàng Máy lạnh (sản phẩm trên 10tr) trị giá 300.000đ
7 Nhập mã VNPAYTGDD2 giảm tối đa 80,000đ (áp dụng tùy giá trị đơn hàng) khi thanh toán qua VNPAY-QR (Xem chi tiết tại đây)
8 NHẬN HOÀN NGAY ĐẾN 800.000đ khi mở thẻ tín dụng VPBANK MWG (Xem chi tiết tại đây)";;https://www.thegioididong.com/dtdd/iphone-15;iPhone 15 256GB_Đen.png
iPhone 16 256GB;Xanh Lưu Ly;Yes;24990000;23390000;2026-05-10;"Khuyến mãi
Giá và khuyến mãi có thể kết thúc sớm hơn dự kiến
1 Chọn 1 trong các khuyến mãi:
Giảm giá 1,000,000đ (đã giảm vào giá sản phẩm)
Tặng phiếu mua hàng Phụ Kiện, Smartwatch, đồng hồ thời trang (trừ Apple, Beats) trị giá 1,300,000đ
2 Phiếu mua hàng Apple Watch trị giá 800,000đ
3 Phiếu mua hàng Airpods trị giá 800,000đ
4 Tặng phiếu mua hàng Macbook trị giá 1,000,000đ
5 Tặng Phiếu mua hàng mua Smartwatch (trừ Apple, giá trên 5.000.000đ) trị giá 500.000đ
6 Tặng Phiếu mua hàng Máy lạnh (sản phẩm trên 10tr) trị giá 300.000đ
7 Nhập mã VNPAYTGDD2 giảm tối đa 80,000đ (áp dụng tùy giá trị đơn hàng) khi thanh toán qua VNPAY-QR (Xem chi tiết tại đây)
8 NHẬN HOÀN NGAY ĐẾN 800.000đ khi mở thẻ tín dụng VPBANK MWG (Xem chi tiết tại đây)";;https://www.thegioididong.com/dtdd/iphone-16;iPhone 16 256GB_Xanh Lưu Ly.png
iPhone 15 256GB;Xanh lá nhạt;Yes;340000;21990000;2026-05-10;"Khuyến mãi
Giá và khuyến mãi dự kiến áp dụng đến 23:00 | 31/05
1 Chọn 1 trong các khuyến mãi:
Giảm giá 1,000,000đ (đã giảm vào giá sản phẩm)
Tặng phiếu mua hàng Phụ Kiện, Smartwatch, đồng hồ thời trang (trừ Apple, Beats) trị giá 1,300,000đ
2 Phiếu mua hàng Apple Watch trị giá 800,000đ
3 Phiếu mua hàng Airpods trị giá 800,000đ
4 Tặng phiếu mua hàng Macbook trị giá 1,000,000đ
5 Tặng Phiếu mua hàng mua Smartwatch (trừ Apple, giá trên 5.000.000đ) trị giá 500.000đ
6 Tặng Phiếu mua hàng Máy lạnh (sản phẩm trên 10tr) trị giá 300.000đ
7 Thu cũ đổi mới: Giảm đến 2,000,000đ (Không kèm ưu đãi thanh toán qua cổng, mua kèm) Xem chi tiết
8 Nhập mã VNPAYTGDD2 giảm tối đa 80,000đ (áp dụng tùy giá trị đơn hàng) khi thanh toán qua VNPAY-QR (Xem chi tiết tại đây)
9 NHẬN HOÀN NGAY ĐẾN 800.000đ khi mở thẻ tín dụng VPBANK MWG (Xem chi tiết tại đây)";;https://www.thegioididong.com/dtdd/iphone-15;iPhone 15 256GB_Xanh lá nhạt.png
iPhone 16 Plus 256GB;Xanh Lưu Ly;Yes;1100000;28990000;2026-05-10;"Khuyến mãi
Giá và khuyến mãi dự kiến áp dụng đến 23:00 | 31/05
1 Chọn 1 trong các khuyến mãi:
Giảm giá 1,000,000đ (đã giảm vào giá sản phẩm)
Tặng phiếu mua hàng Phụ Kiện, Smartwatch, đồng hồ thời trang (trừ Apple, Beats) trị giá 1,300,000đ
2 Phiếu mua hàng Apple Watch trị giá 800,000đ
3 Phiếu mua hàng Airpods trị giá 800,000đ
4 Tặng phiếu mua hàng Macbook trị giá 1,000,000đ
5 Tặng Phiếu mua hàng mua Smartwatch (trừ Apple, giá trên 5.000.000đ) trị giá 500.000đ
6 Tặng Phiếu mua hàng Máy lạnh (sản phẩm trên 10tr) trị giá 300.000đ
7 Thu cũ đổi mới: Giảm đến 2,000,000đ (Không kèm ưu đãi thanh toán qua cổng, mua kèm) Xem chi tiết
8 Nhập mã VNPAYTGDD2 giảm tối đa 80,000đ (áp dụng tùy giá trị đơn hàng) khi thanh toán qua VNPAY-QR (Xem chi tiết tại đây)
9 NHẬN HOÀN NGAY ĐẾN 800.000đ khi mở thẻ tín dụng VPBANK MWG (Xem chi tiết tại đây)";;https://www.thegioididong.com/dtdd/iphone-16-plus;iPhone 16 Plus 256GB_Xanh Lưu Ly.png
iPhone 16 256GB;Đen;Yes;24990000;23390000;2026-05-10;"Khuyến mãi
Giá và khuyến mãi có thể kết thúc sớm hơn dự kiến
1 Chọn 1 trong các khuyến mãi:
Giảm giá 1,000,000đ (đã giảm vào giá sản phẩm)
Tặng phiếu mua hàng Phụ Kiện, Smartwatch, đồng hồ thời trang (trừ Apple, Beats) trị giá 1,300,000đ
2 Phiếu mua hàng Apple Watch trị giá 800,000đ
3 Phiếu mua hàng Airpods trị giá 800,000đ
4 Tặng phiếu mua hàng Macbook trị giá 1,000,000đ
5 Tặng Phiếu mua hàng mua Smartwatch (trừ Apple, giá trên 5.000.000đ) trị giá 500.000đ
6 Tặng Phiếu mua hàng Máy lạnh (sản phẩm trên 10tr) trị giá 300.000đ
7 Nhập mã VNPAYTGDD2 giảm tối đa 80,000đ (áp dụng tùy giá trị đơn hàng) khi thanh toán qua VNPAY-QR (Xem chi tiết tại đây)
8 NHẬN HOÀN NGAY ĐẾN 800.000đ khi mở thẻ tín dụng VPBANK MWG (Xem chi tiết tại đây)";;https://www.thegioididong.com/dtdd/iphone-16;iPhone 16 256GB_Đen.png
iPhone 16 Plus 256GB;Trắng;Yes;28990000;28590000;2026-05-10;"Khuyến mãi
Giá và khuyến mãi có thể kết thúc sớm hơn dự kiến
1 Chọn 1 trong các khuyến mãi:
Giảm giá 1,000,000đ (đã giảm vào giá sản phẩm)
Tặng phiếu mua hàng Phụ Kiện, Smartwatch, đồng hồ thời trang (trừ Apple, Beats) trị giá 1,300,000đ
2 Phiếu mua hàng Apple Watch trị giá 800,000đ
3 Phiếu mua hàng Airpods trị giá 800,000đ
4 Tặng phiếu mua hàng Macbook trị giá 1,000,000đ
5 Tặng Phiếu mua hàng mua Smartwatch (trừ Apple, giá trên 5.000.000đ) trị giá 500.000đ
6 Tặng Phiếu mua hàng Máy lạnh (sản phẩm trên 10tr) trị giá 300.000đ
7 Nhập mã VNPAYTGDD2 giảm tối đa 80,000đ (áp dụng tùy giá trị đơn hàng) khi thanh toán qua VNPAY-QR (Xem chi tiết tại đây)
8 NHẬN HOÀN NGAY ĐẾN 800.000đ khi mở thẻ tín dụng VPBANK MWG (Xem chi tiết tại đây)";;https://www.thegioididong.com/dtdd/iphone-16-plus;iPhone 16 Plus 256GB_Trắng.png
iPhone 15 256GB;Hồng nhạt;Yes;21990000;21890000;2026-05-10;"Khuyến mãi
Giá và khuyến mãi có thể kết thúc sớm hơn dự kiến
1 Chọn 1 trong các khuyến mãi:
Giảm giá 1,000,000đ (đã giảm vào giá sản phẩm)
Tặng phiếu mua hàng Phụ Kiện, Smartwatch, đồng hồ thời trang (trừ Apple, Beats) trị giá 1,300,000đ
2 Phiếu mua hàng Apple Watch trị giá 800,000đ
3 Phiếu mua hàng Airpods trị giá 800,000đ
4 Tặng phiếu mua hàng Macbook trị giá 1,000,000đ
5 Tặng Phiếu mua hàng mua Smartwatch (trừ Apple, giá trên 5.000.000đ) trị giá 500.000đ
6 Tặng Phiếu mua hàng Máy lạnh (sản phẩm trên 10tr) trị giá 300.000đ
7 Nhập mã VNPAYTGDD2 giảm tối đa 80,000đ (áp dụng tùy giá trị đơn hàng) khi thanh toán qua VNPAY-QR (Xem chi tiết tại đây)
8 NHẬN HOÀN NGAY ĐẾN 800.000đ khi mở thẻ tín dụng VPBANK MWG (Xem chi tiết tại đây)";;https://www.thegioididong.com/dtdd/iphone-15;iPhone 15 256GB_Hồng nhạt.png
iPhone 16 Plus 256GB;Hồng;Yes;28990000;28590000;2026-05-10;"Khuyến mãi
Giá và khuyến mãi có thể kết thúc sớm hơn dự kiến
1 Chọn 1 trong các khuyến mãi:
Giảm giá 1,000,000đ (đã giảm vào giá sản phẩm)
Tặng phiếu mua hàng Phụ Kiện, Smartwatch, đồng hồ thời trang (trừ Apple, Beats) trị giá 1,300,000đ
2 Phiếu mua hàng Apple Watch trị giá 800,000đ
3 Phiếu mua hàng Airpods trị giá 800,000đ
4 Tặng phiếu mua hàng Macbook trị giá 1,000,000đ
5 Tặng Phiếu mua hàng mua Smartwatch (trừ Apple, giá trên 5.000.000đ) trị giá 500.000đ
6 Tặng Phiếu mua hàng Máy lạnh (sản phẩm trên 10tr) trị giá 300.000đ
7 Nhập mã VNPAYTGDD2 giảm tối đa 80,000đ (áp dụng tùy giá trị đơn hàng) khi thanh toán qua VNPAY-QR (Xem chi tiết tại đây)
8 NHẬN HOÀN NGAY ĐẾN 800.000đ khi mở thẻ tín dụng VPBANK MWG (Xem chi tiết tại đây)";;https://www.thegioididong.com/dtdd/iphone-16-plus;iPhone 16 Plus 256GB_Hồng.png
iPhone 15 256GB;Xanh dương nhạt;Yes;21990000;21890000;2026-05-10;"Khuyến mãi
Giá và khuyến mãi có thể kết thúc sớm hơn dự kiến
1 Chọn 1 trong các khuyến mãi:
Giảm giá 1,000,000đ (đã giảm vào giá sản phẩm)
Tặng phiếu mua hàng Phụ Kiện, Smartwatch, đồng hồ thời trang (trừ Apple, Beats) trị giá 1,300,000đ
2 Phiếu mua hàng Apple Watch trị giá 800,000đ
3 Phiếu mua hàng Airpods trị giá 800,000đ
4 Tặng phiếu mua hàng Macbook trị giá 1,000,000đ
5 Tặng Phiếu mua hàng mua Smartwatch (trừ Apple, giá trên 5.000.000đ) trị giá 500.000đ
6 Tặng Phiếu mua hàng Máy lạnh (sản phẩm trên 10tr) trị giá 300.000đ
7 Nhập mã VNPAYTGDD2 giảm tối đa 80,000đ (áp dụng tùy giá trị đơn hàng) khi thanh toán qua VNPAY-QR (Xem chi tiết tại đây)
8 NHẬN HOÀN NGAY ĐẾN 800.000đ khi mở thẻ tín dụng VPBANK MWG (Xem chi tiết tại đây)";;https://www.thegioididong.com/dtdd/iphone-15;iPhone 15 256GB_Xanh dương nhạt.png
iPhone 15 256GB;Đen;Yes;21990000;21890000;2026-05-10;"Khuyến mãi
Giá và khuyến mãi có thể kết thúc sớm hơn dự kiến
1 Chọn 1 trong các khuyến mãi:
Giảm giá 1,000,000đ (đã giảm vào giá sản phẩm)
Tặng phiếu mua hàng Phụ Kiện, Smartwatch, đồng hồ thời trang (trừ Apple, Beats) trị giá 1,300,000đ
2 Phiếu mua hàng Apple Watch trị giá 800,000đ
3 Phiếu mua hàng Airpods trị giá 800,000đ
4 Tặng phiếu mua hàng Macbook trị giá 1,000,000đ
5 Tặng Phiếu mua hàng mua Smartwatch (trừ Apple, giá trên 5.000.000đ) trị giá 500.000đ
6 Tặng Phiếu mua hàng Máy lạnh (sản phẩm trên 10tr) trị giá 300.000đ
7 Nhập mã VNPAYTGDD2 giảm tối đa 80,000đ (áp dụng tùy giá trị đơn hàng) khi thanh toán qua VNPAY-QR (Xem chi tiết tại đây)
8 NHẬN HOÀN NGAY ĐẾN 800.000đ khi mở thẻ tín dụng VPBANK MWG (Xem chi tiết tại đây)";;https://www.thegioididong.com/dtdd/iphone-15;iPhone 15 256GB_Đen.png
iPhone 16 Plus 256GB;Xanh Mòng Két;Yes;28990000;28590000;2026-05-10;"Khuyến mãi
Giá và khuyến mãi có thể kết thúc sớm hơn dự kiến
1 Chọn 1 trong các khuyến mãi:
Giảm giá 1,000,000đ (đã giảm vào giá sản phẩm)
Tặng phiếu mua hàng Phụ Kiện, Smartwatch, đồng hồ thời trang (trừ Apple, Beats) trị giá 1,300,000đ
2 Phiếu mua hàng Apple Watch trị giá 800,000đ
3 Phiếu mua hàng Airpods trị giá 800,000đ
4 Tặng phiếu mua hàng Macbook trị giá 1,000,000đ
5 Tặng Phiếu mua hàng mua Smartwatch (trừ Apple, giá trên 5.000.000đ) trị giá 500.000đ
6 Tặng Phiếu mua hàng Máy lạnh (sản phẩm trên 10tr) trị giá 300.000đ
7 Nhập mã VNPAYTGDD2 giảm tối đa 80,000đ (áp dụng tùy giá trị đơn hàng) khi thanh toán qua VNPAY-QR (Xem chi tiết tại đây)
8 NHẬN HOÀN NGAY ĐẾN 800.000đ khi mở thẻ tín dụng VPBANK MWG (Xem chi tiết tại đây)";;https://www.thegioididong.com/dtdd/iphone-16-plus;iPhone 16 Plus 256GB_Xanh Mòng Két.png
iPhone 15 256GB;Xanh lá nhạt;Yes;340000;21990000;2026-05-10;"Khuyến mãi
Giá và khuyến mãi dự kiến áp dụng đến 23:00 | 31/05
1 Chọn 1 trong các khuyến mãi:
Giảm giá 1,000,000đ (đã giảm vào giá sản phẩm)
Tặng phiếu mua hàng Phụ Kiện, Smartwatch, đồng hồ thời trang (trừ Apple, Beats) trị giá 1,300,000đ
2 Phiếu mua hàng Apple Watch trị giá 800,000đ
3 Phiếu mua hàng Airpods trị giá 800,000đ
4 Tặng phiếu mua hàng Macbook trị giá 1,000,000đ
5 Tặng Phiếu mua hàng mua Smartwatch (trừ Apple, giá trên 5.000.000đ) trị giá 500.000đ
6 Tặng Phiếu mua hàng Máy lạnh (sản phẩm trên 10tr) trị giá 300.000đ
7 Thu cũ đổi mới: Giảm đến 2,000,000đ (Không kèm ưu đãi thanh toán qua cổng, mua kèm) Xem chi tiết
8 Nhập mã VNPAYTGDD2 giảm tối đa 80,000đ (áp dụng tùy giá trị đơn hàng) khi thanh toán qua VNPAY-QR (Xem chi tiết tại đây)
9 NHẬN HOÀN NGAY ĐẾN 800.000đ khi mở thẻ tín dụng VPBANK MWG (Xem chi tiết tại đây)";;https://www.thegioididong.com/dtdd/iphone-15;iPhone 15 256GB_Xanh lá nhạt.png
iPhone 16 Plus 256GB;Đen;Yes;28990000;28590000;2026-05-10;"Khuyến mãi
Giá và khuyến mãi có thể kết thúc sớm hơn dự kiến
1 Chọn 1 trong các khuyến mãi:
Giảm giá 1,000,000đ (đã giảm vào giá sản phẩm)
Tặng phiếu mua hàng Phụ Kiện, Smartwatch, đồng hồ thời trang (trừ Apple, Beats) trị giá 1,300,000đ
2 Phiếu mua hàng Apple Watch trị giá 800,000đ
3 Phiếu mua hàng Airpods trị giá 800,000đ
4 Tặng phiếu mua hàng Macbook trị giá 1,000,000đ
5 Tặng Phiếu mua hàng mua Smartwatch (trừ Apple, giá trên 5.000.000đ) trị giá 500.000đ
6 Tặng Phiếu mua hàng Máy lạnh (sản phẩm trên 10tr) trị giá 300.000đ
7 Nhập mã VNPAYTGDD2 giảm tối đa 80,000đ (áp dụng tùy giá trị đơn hàng) khi thanh toán qua VNPAY-QR (Xem chi tiết tại đây)
8 NHẬN HOÀN NGAY ĐẾN 800.000đ khi mở thẻ tín dụng VPBANK MWG (Xem chi tiết tại đây)";;https://www.thegioididong.com/dtdd/iphone-16-plus;iPhone 16 Plus 256GB_Đen.png
iPhone 15 256GB;Hồng nhạt;Yes;21990000;21890000;2026-05-10;"Khuyến mãi
Giá và khuyến mãi có thể kết thúc sớm hơn dự kiến
1 Chọn 1 trong các khuyến mãi:
Giảm giá 1,000,000đ (đã giảm vào giá sản phẩm)
Tặng phiếu mua hàng Phụ Kiện, Smartwatch, đồng hồ thời trang (trừ Apple, Beats) trị giá 1,300,000đ
2 Phiếu mua hàng Apple Watch trị giá 800,000đ
3 Phiếu mua hàng Airpods trị giá 800,000đ
4 Tặng phiếu mua hàng Macbook trị giá 1,000,000đ
5 Tặng Phiếu mua hàng mua Smartwatch (trừ Apple, giá trên 5.000.000đ) trị giá 500.000đ
6 Tặng Phiếu mua hàng Máy lạnh (sản phẩm trên 10tr) trị giá 300.000đ
7 Nhập mã VNPAYTGDD2 giảm tối đa 80,000đ (áp dụng tùy giá trị đơn hàng) khi thanh toán qua VNPAY-QR (Xem chi tiết tại đây)
8 NHẬN HOÀN NGAY ĐẾN 800.000đ khi mở thẻ tín dụng VPBANK MWG (Xem chi tiết tại đây)";;https://www.thegioididong.com/dtdd/iphone-15;iPhone 15 256GB_Hồng nhạt.png
iPhone 15 256GB;Xanh dương nhạt;Yes;21990000;21890000;2026-05-10;"Khuyến mãi
Giá và khuyến mãi có thể kết thúc sớm hơn dự kiến
1 Chọn 1 trong các khuyến mãi:
Giảm giá 1,000,000đ (đã giảm vào giá sản phẩm)
Tặng phiếu mua hàng Phụ Kiện, Smartwatch, đồng hồ thời trang (trừ Apple, Beats) trị giá 1,300,000đ
2 Phiếu mua hàng Apple Watch trị giá 800,000đ
3 Phiếu mua hàng Airpods trị giá 800,000đ
4 Tặng phiếu mua hàng Macbook trị giá 1,000,000đ
5 Tặng Phiếu mua hàng mua Smartwatch (trừ Apple, giá trên 5.000.000đ) trị giá 500.000đ
6 Tặng Phiếu mua hàng Máy lạnh (sản phẩm trên 10tr) trị giá 300.000đ
7 Nhập mã VNPAYTGDD2 giảm tối đa 80,000đ (áp dụng tùy giá trị đơn hàng) khi thanh toán qua VNPAY-QR (Xem chi tiết tại đây)
8 NHẬN HOÀN NGAY ĐẾN 800.000đ khi mở thẻ tín dụng VPBANK MWG (Xem chi tiết tại đây)";;https://www.thegioididong.com/dtdd/iphone-15;iPhone 15 256GB_Xanh dương nhạt.png
iPhone 15 256GB;Đen;Yes;21990000;21890000;2026-05-10;"Khuyến mãi
Giá và khuyến mãi có thể kết thúc sớm hơn dự kiến
1 Chọn 1 trong các khuyến mãi:
Giảm giá 1,000,000đ (đã giảm vào giá sản phẩm)
Tặng phiếu mua hàng Phụ Kiện, Smartwatch, đồng hồ thời trang (trừ Apple, Beats) trị giá 1,300,000đ
2 Phiếu mua hàng Apple Watch trị giá 800,000đ
3 Phiếu mua hàng Airpods trị giá 800,000đ
4 Tặng phiếu mua hàng Macbook trị giá 1,000,000đ
5 Tặng Phiếu mua hàng mua Smartwatch (trừ Apple, giá trên 5.000.000đ) trị giá 500.000đ
6 Tặng Phiếu mua hàng Máy lạnh (sản phẩm trên 10tr) trị giá 300.000đ
7 Nhập mã VNPAYTGDD2 giảm tối đa 80,000đ (áp dụng tùy giá trị đơn hàng) khi thanh toán qua VNPAY-QR (Xem chi tiết tại đây)
8 NHẬN HOÀN NGAY ĐẾN 800.000đ khi mở thẻ tín dụng VPBANK MWG (Xem chi tiết tại đây)";;https://www.thegioididong.com/dtdd/iphone-15;iPhone 15 256GB_Đen.png
iPhone 15 256GB;Xanh lá nhạt;Yes;340000;21990000;2026-05-10;"Khuyến mãi
Giá và khuyến mãi dự kiến áp dụng đến 23:00 | 31/05
1 Chọn 1 trong các khuyến mãi:
Giảm giá 1,000,000đ (đã giảm vào giá sản phẩm)
Tặng phiếu mua hàng Phụ Kiện, Smartwatch, đồng hồ thời trang (trừ Apple, Beats) trị giá 1,300,000đ
2 Phiếu mua hàng Apple Watch trị giá 800,000đ
3 Phiếu mua hàng Airpods trị giá 800,000đ
4 Tặng phiếu mua hàng Macbook trị giá 1,000,000đ
5 Tặng Phiếu mua hàng mua Smartwatch (trừ Apple, giá trên 5.000.000đ) trị giá 500.000đ
6 Tặng Phiếu mua hàng Máy lạnh (sản phẩm trên 10tr) trị giá 300.000đ
7 Thu cũ đổi mới: Giảm đến 2,000,000đ (Không kèm ưu đãi thanh toán qua cổng, mua kèm) Xem chi tiết
8 Nhập mã VNPAYTGDD2 giảm tối đa 80,000đ (áp dụng tùy giá trị đơn hàng) khi thanh toán qua VNPAY-QR (Xem chi tiết tại đây)
9 NHẬN HOÀN NGAY ĐẾN 800.000đ khi mở thẻ tín dụng VPBANK MWG (Xem chi tiết tại đây)";;https://www.thegioididong.com/dtdd/iphone-15;iPhone 15 256GB_Xanh lá nhạt.png
iPhone 15 256GB;Hồng nhạt;Yes;21990000;21890000;2026-05-10;"Khuyến mãi
Giá và khuyến mãi có thể kết thúc sớm hơn dự kiến
1 Chọn 1 trong các khuyến mãi:
Giảm giá 1,000,000đ (đã giảm vào giá sản phẩm)
Tặng phiếu mua hàng Phụ Kiện, Smartwatch, đồng hồ thời trang (trừ Apple, Beats) trị giá 1,300,000đ
2 Phiếu mua hàng Apple Watch trị giá 800,000đ
3 Phiếu mua hàng Airpods trị giá 800,000đ
4 Tặng phiếu mua hàng Macbook trị giá 1,000,000đ
5 Tặng Phiếu mua hàng mua Smartwatch (trừ Apple, giá trên 5.000.000đ) trị giá 500.000đ
6 Tặng Phiếu mua hàng Máy lạnh (sản phẩm trên 10tr) trị giá 300.000đ
7 Nhập mã VNPAYTGDD2 giảm tối đa 80,000đ (áp dụng tùy giá trị đơn hàng) khi thanh toán qua VNPAY-QR (Xem chi tiết tại đây)
8 NHẬN HOÀN NGAY ĐẾN 800.000đ khi mở thẻ tín dụng VPBANK MWG (Xem chi tiết tại đây)";;https://www.thegioididong.com/dtdd/iphone-15;iPhone 15 256GB_Hồng nhạt.png
iPhone 15 256GB;Xanh dương nhạt;Yes;21990000;21890000;2026-05-10;"Khuyến mãi
Giá và khuyến mãi có thể kết thúc sớm hơn dự kiến
1 Chọn 1 trong các khuyến mãi:
Giảm giá 1,000,000đ (đã giảm vào giá sản phẩm)
Tặng phiếu mua hàng Phụ Kiện, Smartwatch, đồng hồ thời trang (trừ Apple, Beats) trị giá 1,300,000đ
2 Phiếu mua hàng Apple Watch trị giá 800,000đ
3 Phiếu mua hàng Airpods trị giá 800,000đ
4 Tặng phiếu mua hàng Macbook trị giá 1,000,000đ
5 Tặng Phiếu mua hàng mua Smartwatch (trừ Apple, giá trên 5.000.000đ) trị giá 500.000đ
6 Tặng Phiếu mua hàng Máy lạnh (sản phẩm trên 10tr) trị giá 300.000đ
7 Nhập mã VNPAYTGDD2 giảm tối đa 80,000đ (áp dụng tùy giá trị đơn hàng) khi thanh toán qua VNPAY-QR (Xem chi tiết tại đây)
8 NHẬN HOÀN NGAY ĐẾN 800.000đ khi mở thẻ tín dụng VPBANK MWG (Xem chi tiết tại đây)";;https://www.thegioididong.com/dtdd/iphone-15;iPhone 15 256GB_Xanh dương nhạt.png
iPhone 15 256GB;Đen;Yes;21990000;21890000;2026-05-10;"Khuyến mãi
Giá và khuyến mãi có thể kết thúc sớm hơn dự kiến
1 Chọn 1 trong các khuyến mãi:
Giảm giá 1,000,000đ (đã giảm vào giá sản phẩm)
Tặng phiếu mua hàng Phụ Kiện, Smartwatch, đồng hồ thời trang (trừ Apple, Beats) trị giá 1,300,000đ
2 Phiếu mua hàng Apple Watch trị giá 800,000đ
3 Phiếu mua hàng Airpods trị giá 800,000đ
4 Tặng phiếu mua hàng Macbook trị giá 1,000,000đ
5 Tặng Phiếu mua hàng mua Smartwatch (trừ Apple, giá trên 5.000.000đ) trị giá 500.000đ
6 Tặng Phiếu mua hàng Máy lạnh (sản phẩm trên 10tr) trị giá 300.000đ
7 Nhập mã VNPAYTGDD2 giảm tối đa 80,000đ (áp dụng tùy giá trị đơn hàng) khi thanh toán qua VNPAY-QR (Xem chi tiết tại đây)
8 NHẬN HOÀN NGAY ĐẾN 800.000đ khi mở thẻ tín dụng VPBANK MWG (Xem chi tiết tại đây)";;https://www.thegioididong.com/dtdd/iphone-15;iPhone 15 256GB_Đen.png
iPhone 15 256GB;Xanh lá nhạt;Yes;340000;21990000;2026-05-10;"Khuyến mãi
Giá và khuyến mãi dự kiến áp dụng đến 23:00 | 31/05
1 Chọn 1 trong các khuyến mãi:
Giảm giá 1,000,000đ (đã giảm vào giá sản phẩm)
Tặng phiếu mua hàng Phụ Kiện, Smartwatch, đồng hồ thời trang (trừ Apple, Beats) trị giá 1,300,000đ
2 Phiếu mua hàng Apple Watch trị giá 800,000đ
3 Phiếu mua hàng Airpods trị giá 800,000đ
4 Tặng phiếu mua hàng Macbook trị giá 1,000,000đ
5 Tặng Phiếu mua hàng mua Smartwatch (trừ Apple, giá trên 5.000.000đ) trị giá 500.000đ
6 Tặng Phiếu mua hàng Máy lạnh (sản phẩm trên 10tr) trị giá 300.000đ
7 Thu cũ đổi mới: Giảm đến 2,000,000đ (Không kèm ưu đãi thanh toán qua cổng, mua kèm) Xem chi tiết
8 Nhập mã VNPAYTGDD2 giảm tối đa 80,000đ (áp dụng tùy giá trị đơn hàng) khi thanh toán qua VNPAY-QR (Xem chi tiết tại đây)
9 NHẬN HOÀN NGAY ĐẾN 800.000đ khi mở thẻ tín dụng VPBANK MWG (Xem chi tiết tại đây)";;https://www.thegioididong.com/dtdd/iphone-15;iPhone 15 256GB_Xanh lá nhạt.png
iPhone 16e 128GB;Trắng;No;1100000;16990000;2026-05-10;"Khuyến mãi
Giá và khuyến mãi dự kiến áp dụng đến 23:00 | 31/05
1 Chọn 1 trong các khuyến mãi:
Giảm giá 1,000,000đ
Tặng phiếu mua hàng Phụ Kiện, Smartwatch, đồng hồ thời trang (trừ Apple, Beats) trị giá 1,300,000đ
2 Phiếu mua hàng Apple Watch trị giá 800,000đ
3 Phiếu mua hàng Airpods trị giá 800,000đ
4 Tặng phiếu mua hàng Macbook trị giá 1,000,000đ
5 Tặng Phiếu mua hàng mua Smartwatch (trừ Apple, giá trên 5.000.000đ) trị giá 500.000đ
6 Tặng Phiếu mua hàng Máy lạnh (sản phẩm trên 10tr) trị giá 300.000đ
7 Thu cũ đổi mới: Giảm đến 2,000,000đ (Không kèm ưu đãi thanh toán qua cổng, mua kèm) Xem chi tiết
8 Nhập mã VNPAYTGDD2 giảm tối đa 80,000đ (áp dụng tùy giá trị đơn hàng) khi thanh toán qua VNPAY-QR (Xem chi tiết tại đây)
9 NHẬN HOÀN NGAY ĐẾN 800.000đ khi mở thẻ tín dụng VPBANK MWG (Xem chi tiết tại đây)";;https://www.thegioididong.com/dtdd/iphone-16e;iPhone 16e 128GB_Trắng.png
iPhone 16e 128GB;Đen;No;1100000;16990000;2026-05-10;"Khuyến mãi
Giá và khuyến mãi dự kiến áp dụng đến 23:00 | 31/05
1 Chọn 1 trong các khuyến mãi:
Giảm giá 1,000,000đ
Tặng phiếu mua hàng Phụ Kiện, Smartwatch, đồng hồ thời trang (trừ Apple, Beats) trị giá 1,300,000đ
2 Phiếu mua hàng Apple Watch trị giá 800,000đ
3 Phiếu mua hàng Airpods trị giá 800,000đ
4 Tặng phiếu mua hàng Macbook trị giá 1,000,000đ
5 Tặng Phiếu mua hàng mua Smartwatch (trừ Apple, giá trên 5.000.000đ) trị giá 500.000đ
6 Tặng Phiếu mua hàng Máy lạnh (sản phẩm trên 10tr) trị giá 300.000đ
7 Thu cũ đổi mới: Giảm đến 2,000,000đ (Không kèm ưu đãi thanh toán qua cổng, mua kèm) Xem chi tiết
8 Nhập mã VNPAYTGDD2 giảm tối đa 80,000đ (áp dụng tùy giá trị đơn hàng) khi thanh toán qua VNPAY-QR (Xem chi tiết tại đây)
9 NHẬN HOÀN NGAY ĐẾN 800.000đ khi mở thẻ tín dụng VPBANK MWG (Xem chi tiết tại đây)";;https://www.thegioididong.com/dtdd/iphone-16e;iPhone 16e 128GB_Đen.png
iPhone 16e 128GB;Trắng;No;1100000;16990000;2026-05-10;"Khuyến mãi
Giá và khuyến mãi dự kiến áp dụng đến 23:00 | 31/05
1 Chọn 1 trong các khuyến mãi:
Giảm giá 1,000,000đ
Tặng phiếu mua hàng Phụ Kiện, Smartwatch, đồng hồ thời trang (trừ Apple, Beats) trị giá 1,300,000đ
2 Phiếu mua hàng Apple Watch trị giá 800,000đ
3 Phiếu mua hàng Airpods trị giá 800,000đ
4 Tặng phiếu mua hàng Macbook trị giá 1,000,000đ
5 Tặng Phiếu mua hàng mua Smartwatch (trừ Apple, giá trên 5.000.000đ) trị giá 500.000đ
6 Tặng Phiếu mua hàng Máy lạnh (sản phẩm trên 10tr) trị giá 300.000đ
7 Thu cũ đổi mới: Giảm đến 2,000,000đ (Không kèm ưu đãi thanh toán qua cổng, mua kèm) Xem chi tiết
8 Nhập mã VNPAYTGDD2 giảm tối đa 80,000đ (áp dụng tùy giá trị đơn hàng) khi thanh toán qua VNPAY-QR (Xem chi tiết tại đây)
9 NHẬN HOÀN NGAY ĐẾN 800.000đ khi mở thẻ tín dụng VPBANK MWG (Xem chi tiết tại đây)";;https://www.thegioididong.com/dtdd/iphone-16e;iPhone 16e 128GB_Trắng.png
iPhone 16e 128GB;Đen;No;1100000;16990000;2026-05-10;"Khuyến mãi
Giá và khuyến mãi dự kiến áp dụng đến 23:00 | 31/05
1 Chọn 1 trong các khuyến mãi:
Giảm giá 1,000,000đ
Tặng phiếu mua hàng Phụ Kiện, Smartwatch, đồng hồ thời trang (trừ Apple, Beats) trị giá 1,300,000đ
2 Phiếu mua hàng Apple Watch trị giá 800,000đ
3 Phiếu mua hàng Airpods trị giá 800,000đ
4 Tặng phiếu mua hàng Macbook trị giá 1,000,000đ
5 Tặng Phiếu mua hàng mua Smartwatch (trừ Apple, giá trên 5.000.000đ) trị giá 500.000đ
6 Tặng Phiếu mua hàng Máy lạnh (sản phẩm trên 10tr) trị giá 300.000đ
7 Thu cũ đổi mới: Giảm đến 2,000,000đ (Không kèm ưu đãi thanh toán qua cổng, mua kèm) Xem chi tiết
8 Nhập mã VNPAYTGDD2 giảm tối đa 80,000đ (áp dụng tùy giá trị đơn hàng) khi thanh toán qua VNPAY-QR (Xem chi tiết tại đây)
9 NHẬN HOÀN NGAY ĐẾN 800.000đ khi mở thẻ tín dụng VPBANK MWG (Xem chi tiết tại đây)";;https://www.thegioididong.com/dtdd/iphone-16e;iPhone 16e 128GB_Đen.png
iPhone 17 256GB;Xanh Lam Khói;Yes;24990000;24890000;2026-05-10;"Khuyến mãi
Giá và khuyến mãi có thể kết thúc sớm hơn dự kiến
1 Chọn 1 trong các khuyến mãi:
Giảm giá 400,000đ (đã giảm vào giá sản phẩm)
Tặng phiếu mua hàng Phụ Kiện, Smartwatch, đồng hồ thời trang (trừ Apple, Beats) trị giá 500,000đ
2 Phiếu mua hàng Apple Watch trị giá 800,000đ
3 Phiếu mua hàng Airpods trị giá 800,000đ
4 Tặng phiếu mua hàng Macbook trị giá 1,000,000đ
5 Tặng Phiếu mua hàng mua Smartwatch (trừ Apple, giá trên 5.000.000đ) trị giá 500.000đ
6 Tặng Phiếu mua hàng Máy lạnh (sản phẩm trên 10tr) trị giá 300.000đ
7 Nhập mã VNPAYTGDD2 giảm tối đa 80,000đ (áp dụng tùy giá trị đơn hàng) khi thanh toán qua VNPAY-QR (Xem chi tiết tại đây)
8 NHẬN HOÀN NGAY ĐẾN 800.000đ khi mở thẻ tín dụng VPBANK MWG (Xem chi tiết tại đây)";;https://www.thegioididong.com/dtdd/iphone-17;iPhone 17 256GB_Xanh Lam Khói.png
iPhone 17 256GB;Xanh Lá Xô Thơm;Yes;24990000;24890000;2026-05-10;"Khuyến mãi
Giá và khuyến mãi có thể kết thúc sớm hơn dự kiến
1 Chọn 1 trong các khuyến mãi:
Giảm giá 400,000đ (đã giảm vào giá sản phẩm)
Tặng phiếu mua hàng Phụ Kiện, Smartwatch, đồng hồ thời trang (trừ Apple, Beats) trị giá 500,000đ
2 Phiếu mua hàng Apple Watch trị giá 800,000đ
3 Phiếu mua hàng Airpods trị giá 800,000đ
4 Tặng phiếu mua hàng Macbook trị giá 1,000,000đ
5 Tặng Phiếu mua hàng mua Smartwatch (trừ Apple, giá trên 5.000.000đ) trị giá 500.000đ
6 Tặng Phiếu mua hàng Máy lạnh (sản phẩm trên 10tr) trị giá 300.000đ
7 Nhập mã VNPAYTGDD2 giảm tối đa 80,000đ (áp dụng tùy giá trị đơn hàng) khi thanh toán qua VNPAY-QR (Xem chi tiết tại đây)
8 NHẬN HOÀN NGAY ĐẾN 800.000đ khi mở thẻ tín dụng VPBANK MWG (Xem chi tiết tại đây)";;https://www.thegioididong.com/dtdd/iphone-17;iPhone 17 256GB_Xanh Lá Xô Thơm.png
iPhone 17 256GB;Tím Oải Hương;Yes;24990000;24890000;2026-05-10;"Khuyến mãi
Giá và khuyến mãi có thể kết thúc sớm hơn dự kiến
1 Chọn 1 trong các khuyến mãi:
Giảm giá 400,000đ (đã giảm vào giá sản phẩm)
Tặng phiếu mua hàng Phụ Kiện, Smartwatch, đồng hồ thời trang (trừ Apple, Beats) trị giá 500,000đ
2 Phiếu mua hàng Apple Watch trị giá 800,000đ
3 Phiếu mua hàng Airpods trị giá 800,000đ
4 Tặng phiếu mua hàng Macbook trị giá 1,000,000đ
5 Tặng Phiếu mua hàng mua Smartwatch (trừ Apple, giá trên 5.000.000đ) trị giá 500.000đ
6 Tặng Phiếu mua hàng Máy lạnh (sản phẩm trên 10tr) trị giá 300.000đ
7 Nhập mã VNPAYTGDD2 giảm tối đa 80,000đ (áp dụng tùy giá trị đơn hàng) khi thanh toán qua VNPAY-QR (Xem chi tiết tại đây)
8 NHẬN HOÀN NGAY ĐẾN 800.000đ khi mở thẻ tín dụng VPBANK MWG (Xem chi tiết tại đây)";;https://www.thegioididong.com/dtdd/iphone-17;iPhone 17 256GB_Tím Oải Hương.png
iPhone 17 256GB;Trắng;Yes;24990000;24890000;2026-05-10;"Khuyến mãi
Giá và khuyến mãi có thể kết thúc sớm hơn dự kiến
1 Chọn 1 trong các khuyến mãi:
Giảm giá 400,000đ (đã giảm vào giá sản phẩm)
Tặng phiếu mua hàng Phụ Kiện, Smartwatch, đồng hồ thời trang (trừ Apple, Beats) trị giá 500,000đ
2 Phiếu mua hàng Apple Watch trị giá 800,000đ
3 Phiếu mua hàng Airpods trị giá 800,000đ
4 Tặng phiếu mua hàng Macbook trị giá 1,000,000đ
5 Tặng Phiếu mua hàng mua Smartwatch (trừ Apple, giá trên 5.000.000đ) trị giá 500.000đ
6 Tặng Phiếu mua hàng Máy lạnh (sản phẩm trên 10tr) trị giá 300.000đ
7 Nhập mã VNPAYTGDD2 giảm tối đa 80,000đ (áp dụng tùy giá trị đơn hàng) khi thanh toán qua VNPAY-QR (Xem chi tiết tại đây)
8 NHẬN HOÀN NGAY ĐẾN 800.000đ khi mở thẻ tín dụng VPBANK MWG (Xem chi tiết tại đây)";;https://www.thegioididong.com/dtdd/iphone-17;iPhone 17 256GB_Trắng.png
iPhone 17 256GB;Đen;Yes;24990000;24890000;2026-05-10;"Khuyến mãi
Giá và khuyến mãi có thể kết thúc sớm hơn dự kiến
1 Chọn 1 trong các khuyến mãi:
Giảm giá 400,000đ (đã giảm vào giá sản phẩm)
Tặng phiếu mua hàng Phụ Kiện, Smartwatch, đồng hồ thời trang (trừ Apple, Beats) trị giá 500,000đ
2 Phiếu mua hàng Apple Watch trị giá 800,000đ
3 Phiếu mua hàng Airpods trị giá 800,000đ
4 Tặng phiếu mua hàng Macbook trị giá 1,000,000đ
5 Tặng Phiếu mua hàng mua Smartwatch (trừ Apple, giá trên 5.000.000đ) trị giá 500.000đ
6 Tặng Phiếu mua hàng Máy lạnh (sản phẩm trên 10tr) trị giá 300.000đ
7 Nhập mã VNPAYTGDD2 giảm tối đa 80,000đ (áp dụng tùy giá trị đơn hàng) khi thanh toán qua VNPAY-QR (Xem chi tiết tại đây)
8 NHẬN HOÀN NGAY ĐẾN 800.000đ khi mở thẻ tín dụng VPBANK MWG (Xem chi tiết tại đây)";;https://www.thegioididong.com/dtdd/iphone-17;iPhone 17 256GB_Đen.png
iPhone 17 512GB;Tím Oải Hương;Yes;1100000;31490000;2026-05-10;"Khuyến mãi
Giá và khuyến mãi dự kiến áp dụng đến 23:00 | 31/05
1 Chọn 1 trong các khuyến mãi:
Giảm giá 1,500,000đ (đã giảm vào giá sản phẩm)
Tặng phiếu mua hàng Phụ Kiện, Smartwatch, đồng hồ thời trang (trừ Apple, Beats) trị giá 1,900,000đ
2 Phiếu mua hàng Apple Watch trị giá 800,000đ
3 Phiếu mua hàng Airpods trị giá 800,000đ
4 Tặng phiếu mua hàng Macbook trị giá 1,000,000đ
5 Tặng Phiếu mua hàng mua Smartwatch (trừ Apple, giá trên 5.000.000đ) trị giá 500.000đ
6 Tặng Phiếu mua hàng Máy lạnh (sản phẩm trên 10tr) trị giá 300.000đ
7 Thu cũ đổi mới: Giảm đến 2,000,000đ (Không kèm ưu đãi thanh toán qua cổng, mua kèm) Xem chi tiết
8 Nhập mã VNPAYTGDD2 giảm tối đa 80,000đ (áp dụng tùy giá trị đơn hàng) khi thanh toán qua VNPAY-QR (Xem chi tiết tại đây)
9 NHẬN HOÀN NGAY ĐẾN 800.000đ khi mở thẻ tín dụng VPBANK MWG (Xem chi tiết tại đây)";;https://www.thegioididong.com/dtdd/iphone-17;iPhone 17 512GB_Tím Oải Hương.png
iPhone 17 512GB;Xanh Lam Khói;Yes;1100000;31490000;2026-05-10;"Khuyến mãi
Giá và khuyến mãi dự kiến áp dụng đến 23:00 | 31/05
1 Chọn 1 trong các khuyến mãi:
Giảm giá 1,500,000đ (đã giảm vào giá sản phẩm)
Tặng phiếu mua hàng Phụ Kiện, Smartwatch, đồng hồ thời trang (trừ Apple, Beats) trị giá 1,900,000đ
2 Phiếu mua hàng Apple Watch trị giá 800,000đ
3 Phiếu mua hàng Airpods trị giá 800,000đ
4 Tặng phiếu mua hàng Macbook trị giá 1,000,000đ
5 Tặng Phiếu mua hàng mua Smartwatch (trừ Apple, giá trên 5.000.000đ) trị giá 500.000đ
6 Tặng Phiếu mua hàng Máy lạnh (sản phẩm trên 10tr) trị giá 300.000đ
7 Thu cũ đổi mới: Giảm đến 2,000,000đ (Không kèm ưu đãi thanh toán qua cổng, mua kèm) Xem chi tiết
8 Nhập mã VNPAYTGDD2 giảm tối đa 80,000đ (áp dụng tùy giá trị đơn hàng) khi thanh toán qua VNPAY-QR (Xem chi tiết tại đây)
9 NHẬN HOÀN NGAY ĐẾN 800.000đ khi mở thẻ tín dụng VPBANK MWG (Xem chi tiết tại đây)";;https://www.thegioididong.com/dtdd/iphone-17;iPhone 17 512GB_Xanh Lam Khói.png
iPhone 17 512GB;Xanh Lá Xô Thơm;Yes;1100000;31490000;2026-05-10;"Khuyến mãi
Giá và khuyến mãi dự kiến áp dụng đến 23:00 | 31/05
1 Chọn 1 trong các khuyến mãi:
Giảm giá 1,500,000đ (đã giảm vào giá sản phẩm)
Tặng phiếu mua hàng Phụ Kiện, Smartwatch, đồng hồ thời trang (trừ Apple, Beats) trị giá 1,900,000đ
2 Phiếu mua hàng Apple Watch trị giá 800,000đ
3 Phiếu mua hàng Airpods trị giá 800,000đ
4 Tặng phiếu mua hàng Macbook trị giá 1,000,000đ
5 Tặng Phiếu mua hàng mua Smartwatch (trừ Apple, giá trên 5.000.000đ) trị giá 500.000đ
6 Tặng Phiếu mua hàng Máy lạnh (sản phẩm trên 10tr) trị giá 300.000đ
7 Thu cũ đổi mới: Giảm đến 2,000,000đ (Không kèm ưu đãi thanh toán qua cổng, mua kèm) Xem chi tiết
8 Nhập mã VNPAYTGDD2 giảm tối đa 80,000đ (áp dụng tùy giá trị đơn hàng) khi thanh toán qua VNPAY-QR (Xem chi tiết tại đây)
9 NHẬN HOÀN NGAY ĐẾN 800.000đ khi mở thẻ tín dụng VPBANK MWG (Xem chi tiết tại đây)";;https://www.thegioididong.com/dtdd/iphone-17;iPhone 17 512GB_Xanh Lá Xô Thơm.png
iPhone 17 512GB;Trắng;Yes;1100000;31490000;2026-05-10;"Khuyến mãi
Giá và khuyến mãi dự kiến áp dụng đến 23:00 | 31/05
1 Chọn 1 trong các khuyến mãi:
Giảm giá 1,500,000đ (đã giảm vào giá sản phẩm)
Tặng phiếu mua hàng Phụ Kiện, Smartwatch, đồng hồ thời trang (trừ Apple, Beats) trị giá 1,900,000đ
2 Phiếu mua hàng Apple Watch trị giá 800,000đ
3 Phiếu mua hàng Airpods trị giá 800,000đ
4 Tặng phiếu mua hàng Macbook trị giá 1,000,000đ
5 Tặng Phiếu mua hàng mua Smartwatch (trừ Apple, giá trên 5.000.000đ) trị giá 500.000đ
6 Tặng Phiếu mua hàng Máy lạnh (sản phẩm trên 10tr) trị giá 300.000đ
7 Thu cũ đổi mới: Giảm đến 2,000,000đ (Không kèm ưu đãi thanh toán qua cổng, mua kèm) Xem chi tiết
8 Nhập mã VNPAYTGDD2 giảm tối đa 80,000đ (áp dụng tùy giá trị đơn hàng) khi thanh toán qua VNPAY-QR (Xem chi tiết tại đây)
9 NHẬN HOÀN NGAY ĐẾN 800.000đ khi mở thẻ tín dụng VPBANK MWG (Xem chi tiết tại đây)";;https://www.thegioididong.com/dtdd/iphone-17;iPhone 17 512GB_Trắng.png
iPhone 17 512GB;Đen;Yes;1100000;31490000;2026-05-10;"Khuyến mãi
Giá và khuyến mãi dự kiến áp dụng đến 23:00 | 31/05
1 Chọn 1 trong các khuyến mãi:
Giảm giá 1,500,000đ (đã giảm vào giá sản phẩm)
Tặng phiếu mua hàng Phụ Kiện, Smartwatch, đồng hồ thời trang (trừ Apple, Beats) trị giá 1,900,000đ
2 Phiếu mua hàng Apple Watch trị giá 800,000đ
3 Phiếu mua hàng Airpods trị giá 800,000đ
4 Tặng phiếu mua hàng Macbook trị giá 1,000,000đ
5 Tặng Phiếu mua hàng mua Smartwatch (trừ Apple, giá trên 5.000.000đ) trị giá 500.000đ
6 Tặng Phiếu mua hàng Máy lạnh (sản phẩm trên 10tr) trị giá 300.000đ
7 Thu cũ đổi mới: Giảm đến 2,000,000đ (Không kèm ưu đãi thanh toán qua cổng, mua kèm) Xem chi tiết
8 Nhập mã VNPAYTGDD2 giảm tối đa 80,000đ (áp dụng tùy giá trị đơn hàng) khi thanh toán qua VNPAY-QR (Xem chi tiết tại đây)
9 NHẬN HOÀN NGAY ĐẾN 800.000đ khi mở thẻ tín dụng VPBANK MWG (Xem chi tiết tại đây)";;https://www.thegioididong.com/dtdd/iphone-17;iPhone 17 512GB_Đen.png
iPhone 17 512GB;Tím Oải Hương;Yes;1100000;31490000;2026-05-10;"Khuyến mãi
Giá và khuyến mãi dự kiến áp dụng đến 23:00 | 31/05
1 Chọn 1 trong các khuyến mãi:
Giảm giá 1,500,000đ (đã giảm vào giá sản phẩm)
Tặng phiếu mua hàng Phụ Kiện, Smartwatch, đồng hồ thời trang (trừ Apple, Beats) trị giá 1,900,000đ
2 Phiếu mua hàng Apple Watch trị giá 800,000đ
3 Phiếu mua hàng Airpods trị giá 800,000đ
4 Tặng phiếu mua hàng Macbook trị giá 1,000,000đ
5 Tặng Phiếu mua hàng mua Smartwatch (trừ Apple, giá trên 5.000.000đ) trị giá 500.000đ
6 Tặng Phiếu mua hàng Máy lạnh (sản phẩm trên 10tr) trị giá 300.000đ
7 Thu cũ đổi mới: Giảm đến 2,000,000đ (Không kèm ưu đãi thanh toán qua cổng, mua kèm) Xem chi tiết
8 Nhập mã VNPAYTGDD2 giảm tối đa 80,000đ (áp dụng tùy giá trị đơn hàng) khi thanh toán qua VNPAY-QR (Xem chi tiết tại đây)
9 NHẬN HOÀN NGAY ĐẾN 800.000đ khi mở thẻ tín dụng VPBANK MWG (Xem chi tiết tại đây)";;https://www.thegioididong.com/dtdd/iphone-17;iPhone 17 512GB_Tím Oải Hương.png
iPhone 17 512GB;Xanh Lam Khói;Yes;1100000;31490000;2026-05-10;"Khuyến mãi
Giá và khuyến mãi dự kiến áp dụng đến 23:00 | 31/05
1 Chọn 1 trong các khuyến mãi:
Giảm giá 1,500,000đ (đã giảm vào giá sản phẩm)
Tặng phiếu mua hàng Phụ Kiện, Smartwatch, đồng hồ thời trang (trừ Apple, Beats) trị giá 1,900,000đ
2 Phiếu mua hàng Apple Watch trị giá 800,000đ
3 Phiếu mua hàng Airpods trị giá 800,000đ
4 Tặng phiếu mua hàng Macbook trị giá 1,000,000đ
5 Tặng Phiếu mua hàng mua Smartwatch (trừ Apple, giá trên 5.000.000đ) trị giá 500.000đ
6 Tặng Phiếu mua hàng Máy lạnh (sản phẩm trên 10tr) trị giá 300.000đ
7 Thu cũ đổi mới: Giảm đến 2,000,000đ (Không kèm ưu đãi thanh toán qua cổng, mua kèm) Xem chi tiết
8 Nhập mã VNPAYTGDD2 giảm tối đa 80,000đ (áp dụng tùy giá trị đơn hàng) khi thanh toán qua VNPAY-QR (Xem chi tiết tại đây)
9 NHẬN HOÀN NGAY ĐẾN 800.000đ khi mở thẻ tín dụng VPBANK MWG (Xem chi tiết tại đây)";;https://www.thegioididong.com/dtdd/iphone-17;iPhone 17 512GB_Xanh Lam Khói.png
iPhone 17 Pro 256GB;Cam Vũ Trụ;Yes;34990000;34690000;2026-05-10;"Khuyến mãi trị giá 50.000₫
Giá và khuyến mãi có thể kết thúc sớm hơn dự kiến
1 Tặng phiếu mua hàng Phụ Kiện, Smartwatch, Đồng hồ thời trang từ 250,000đ (trừ Apple, Beats) trị giá 50,000đ
2 Phiếu mua hàng Apple Watch trị giá 800,000đ
3 Phiếu mua hàng Airpods trị giá 800,000đ
4 Tặng phiếu mua hàng Macbook trị giá 1,000,000đ
5 Tặng Phiếu mua hàng mua Smartwatch (trừ Apple, giá trên 5.000.000đ) trị giá 500.000đ
6 Tặng Phiếu mua hàng Máy lạnh (sản phẩm trên 10tr) trị giá 300.000đ
7 Nhập mã VNPAYTGDD2 giảm tối đa 80,000đ (áp dụng tùy giá trị đơn hàng) khi thanh toán qua VNPAY-QR (Xem chi tiết tại đây)
8 NHẬN HOÀN NGAY ĐẾN 800.000đ khi mở thẻ tín dụng VPBANK MWG (Xem chi tiết tại đây)";;https://www.thegioididong.com/dtdd/iphone-17-pro;iPhone 17 Pro 256GB_Cam Vũ Trụ.png
iPhone 17 512GB;Xanh Lá Xô Thơm;Yes;1100000;31490000;2026-05-10;"Khuyến mãi
Giá và khuyến mãi dự kiến áp dụng đến 23:00 | 31/05
1 Chọn 1 trong các khuyến mãi:
Giảm giá 1,500,000đ (đã giảm vào giá sản phẩm)
Tặng phiếu mua hàng Phụ Kiện, Smartwatch, đồng hồ thời trang (trừ Apple, Beats) trị giá 1,900,000đ
2 Phiếu mua hàng Apple Watch trị giá 800,000đ
3 Phiếu mua hàng Airpods trị giá 800,000đ
4 Tặng phiếu mua hàng Macbook trị giá 1,000,000đ
5 Tặng Phiếu mua hàng mua Smartwatch (trừ Apple, giá trên 5.000.000đ) trị giá 500.000đ
6 Tặng Phiếu mua hàng Máy lạnh (sản phẩm trên 10tr) trị giá 300.000đ
7 Thu cũ đổi mới: Giảm đến 2,000,000đ (Không kèm ưu đãi thanh toán qua cổng, mua kèm) Xem chi tiết
8 Nhập mã VNPAYTGDD2 giảm tối đa 80,000đ (áp dụng tùy giá trị đơn hàng) khi thanh toán qua VNPAY-QR (Xem chi tiết tại đây)
9 NHẬN HOÀN NGAY ĐẾN 800.000đ khi mở thẻ tín dụng VPBANK MWG (Xem chi tiết tại đây)";;https://www.thegioididong.com/dtdd/iphone-17;iPhone 17 512GB_Xanh Lá Xô Thơm.png
iPhone 17 Pro 256GB;Bạc;Yes;34990000;34690000;2026-05-10;"Khuyến mãi trị giá 50.000₫
Giá và khuyến mãi có thể kết thúc sớm hơn dự kiến
1 Tặng phiếu mua hàng Phụ Kiện, Smartwatch, Đồng hồ thời trang từ 250,000đ (trừ Apple, Beats) trị giá 50,000đ
2 Phiếu mua hàng Apple Watch trị giá 800,000đ
3 Phiếu mua hàng Airpods trị giá 800,000đ
4 Tặng phiếu mua hàng Macbook trị giá 1,000,000đ
5 Tặng Phiếu mua hàng mua Smartwatch (trừ Apple, giá trên 5.000.000đ) trị giá 500.000đ
6 Tặng Phiếu mua hàng Máy lạnh (sản phẩm trên 10tr) trị giá 300.000đ
7 Nhập mã VNPAYTGDD2 giảm tối đa 80,000đ (áp dụng tùy giá trị đơn hàng) khi thanh toán qua VNPAY-QR (Xem chi tiết tại đây)
8 NHẬN HOÀN NGAY ĐẾN 800.000đ khi mở thẻ tín dụng VPBANK MWG (Xem chi tiết tại đây)";;https://www.thegioididong.com/dtdd/iphone-17-pro;iPhone 17 Pro 256GB_Bạc.png
iPhone 17 Pro 256GB giá tốt, đủ màu mới, trả chậm 0%, sẵn hàng;Xanh đậm;No;0;0;2026-05-10;;;https://www.thegioididong.com/dtdd/iphone-17-pro;FULL_iPhone 17 Pro 256GB giá tốt, đủ màu mới, trả chậm 0%, sẵn hàng_Xanh đậm.png
iPhone 17 Pro 512GB;Bạc;Yes;1100000;41490000;2026-05-10;"Khuyến mãi
Giá và khuyến mãi dự kiến áp dụng đến 23:00 | 31/05
1 Chọn 1 trong các khuyến mãi:
Giảm giá 500,000đ (đã giảm vào giá sản phẩm)
Tặng phiếu mua hàng Phụ Kiện, Smartwatch, đồng hồ thời trang (trừ Apple, Beats) trị giá 600,000đ
2 Phiếu mua hàng Apple Watch trị giá 800,000đ
3 Phiếu mua hàng Airpods trị giá 800,000đ
4 Tặng phiếu mua hàng Macbook trị giá 1,000,000đ
5 Tặng Phiếu mua hàng mua Smartwatch (trừ Apple, giá trên 5.000.000đ) trị giá 500.000đ
6 Tặng Phiếu mua hàng Máy lạnh (sản phẩm trên 10tr) trị giá 300.000đ
7 Thu cũ đổi mới: Giảm đến 2,000,000đ (Không kèm ưu đãi thanh toán qua cổng, mua kèm) Xem chi tiết
8 Nhập mã VNPAYTGDD2 giảm tối đa 80,000đ (áp dụng tùy giá trị đơn hàng) khi thanh toán qua VNPAY-QR (Xem chi tiết tại đây)
9 NHẬN HOÀN NGAY ĐẾN 800.000đ khi mở thẻ tín dụng VPBANK MWG (Xem chi tiết tại đây)";;https://www.thegioididong.com/dtdd/iphone-17-pro;iPhone 17 Pro 512GB_Bạc.png
iPhone 17 Pro 512GB;Xanh đậm;Yes;1100000;41490000;2026-05-10;"Khuyến mãi
Giá và khuyến mãi dự kiến áp dụng đến 23:00 | 31/05
1 Chọn 1 trong các khuyến mãi:
Giảm giá 500,000đ (đã giảm vào giá sản phẩm)
Tặng phiếu mua hàng Phụ Kiện, Smartwatch, đồng hồ thời trang (trừ Apple, Beats) trị giá 600,000đ
2 Phiếu mua hàng Apple Watch trị giá 800,000đ
3 Phiếu mua hàng Airpods trị giá 800,000đ
4 Tặng phiếu mua hàng Macbook trị giá 1,000,000đ
5 Tặng Phiếu mua hàng mua Smartwatch (trừ Apple, giá trên 5.000.000đ) trị giá 500.000đ
6 Tặng Phiếu mua hàng Máy lạnh (sản phẩm trên 10tr) trị giá 300.000đ
7 Thu cũ đổi mới: Giảm đến 2,000,000đ (Không kèm ưu đãi thanh toán qua cổng, mua kèm) Xem chi tiết
8 Nhập mã VNPAYTGDD2 giảm tối đa 80,000đ (áp dụng tùy giá trị đơn hàng) khi thanh toán qua VNPAY-QR (Xem chi tiết tại đây)
9 NHẬN HOÀN NGAY ĐẾN 800.000đ khi mở thẻ tín dụng VPBANK MWG (Xem chi tiết tại đây)";;https://www.thegioididong.com/dtdd/iphone-17-pro;iPhone 17 Pro 512GB_Xanh đậm.png
iPhone 17 Pro 512GB;Cam Vũ Trụ;Yes;1100000;41490000;2026-05-10;"Khuyến mãi
Giá và khuyến mãi dự kiến áp dụng đến 23:00 | 31/05
1 Chọn 1 trong các khuyến mãi:
Giảm giá 500,000đ (đã giảm vào giá sản phẩm)
Tặng phiếu mua hàng Phụ Kiện, Smartwatch, đồng hồ thời trang (trừ Apple, Beats) trị giá 600,000đ
2 Phiếu mua hàng Apple Watch trị giá 800,000đ
3 Phiếu mua hàng Airpods trị giá 800,000đ
4 Tặng phiếu mua hàng Macbook trị giá 1,000,000đ
5 Tặng Phiếu mua hàng mua Smartwatch (trừ Apple, giá trên 5.000.000đ) trị giá 500.000đ
6 Tặng Phiếu mua hàng Máy lạnh (sản phẩm trên 10tr) trị giá 300.000đ
7 Thu cũ đổi mới: Giảm đến 2,000,000đ (Không kèm ưu đãi thanh toán qua cổng, mua kèm) Xem chi tiết
8 Nhập mã VNPAYTGDD2 giảm tối đa 80,000đ (áp dụng tùy giá trị đơn hàng) khi thanh toán qua VNPAY-QR (Xem chi tiết tại đây)
9 NHẬN HOÀN NGAY ĐẾN 800.000đ khi mở thẻ tín dụng VPBANK MWG (Xem chi tiết tại đây)";;https://www.thegioididong.com/dtdd/iphone-17-pro;iPhone 17 Pro 512GB_Cam Vũ Trụ.png
iPhone 17 Pro 1TB;Bạc;Yes;47990000;46390000;2026-05-10;"Khuyến mãi trị giá 50.000₫
Giá và khuyến mãi có thể kết thúc sớm hơn dự kiến
1 Tặng phiếu mua hàng Phụ Kiện, Smartwatch, Đồng hồ thời trang từ 250,000đ (trừ Apple, Beats) trị giá 50,000đ
2 Phiếu mua hàng Apple Watch trị giá 800,000đ
3 Phiếu mua hàng Airpods trị giá 800,000đ
4 Tặng phiếu mua hàng Macbook trị giá 1,000,000đ
5 Tặng Phiếu mua hàng mua Smartwatch (trừ Apple, giá trên 5.000.000đ) trị giá 500.000đ
6 Tặng Phiếu mua hàng Máy lạnh (sản phẩm trên 10tr) trị giá 300.000đ
7 Nhập mã VNPAYTGDD2 giảm tối đa 80,000đ (áp dụng tùy giá trị đơn hàng) khi thanh toán qua VNPAY-QR (Xem chi tiết tại đây)
8 NHẬN HOÀN NGAY ĐẾN 800.000đ khi mở thẻ tín dụng VPBANK MWG (Xem chi tiết tại đây)";;https://www.thegioididong.com/dtdd/iphone-17-pro;iPhone 17 Pro 1TB_Bạc.png
iPhone 17 Pro 1TB;Xanh đậm;Yes;47990000;46390000;2026-05-10;"Khuyến mãi trị giá 50.000₫
Giá và khuyến mãi có thể kết thúc sớm hơn dự kiến
1 Tặng phiếu mua hàng Phụ Kiện, Smartwatch, Đồng hồ thời trang từ 250,000đ (trừ Apple, Beats) trị giá 50,000đ
2 Phiếu mua hàng Apple Watch trị giá 800,000đ
3 Phiếu mua hàng Airpods trị giá 800,000đ
4 Tặng phiếu mua hàng Macbook trị giá 1,000,000đ
5 Tặng Phiếu mua hàng mua Smartwatch (trừ Apple, giá trên 5.000.000đ) trị giá 500.000đ
6 Tặng Phiếu mua hàng Máy lạnh (sản phẩm trên 10tr) trị giá 300.000đ
7 Nhập mã VNPAYTGDD2 giảm tối đa 80,000đ (áp dụng tùy giá trị đơn hàng) khi thanh toán qua VNPAY-QR (Xem chi tiết tại đây)
8 NHẬN HOÀN NGAY ĐẾN 800.000đ khi mở thẻ tín dụng VPBANK MWG (Xem chi tiết tại đây)";;https://www.thegioididong.com/dtdd/iphone-17-pro;iPhone 17 Pro 1TB_Xanh đậm.png
iPhone 17 Pro 1TB;Cam Vũ Trụ;Yes;47990000;46390000;2026-05-10;"Khuyến mãi trị giá 50.000₫
Giá và khuyến mãi có thể kết thúc sớm hơn dự kiến
1 Tặng phiếu mua hàng Phụ Kiện, Smartwatch, Đồng hồ thời trang từ 250,000đ (trừ Apple, Beats) trị giá 50,000đ
2 Phiếu mua hàng Apple Watch trị giá 800,000đ
3 Phiếu mua hàng Airpods trị giá 800,000đ
4 Tặng phiếu mua hàng Macbook trị giá 1,000,000đ
5 Tặng Phiếu mua hàng mua Smartwatch (trừ Apple, giá trên 5.000.000đ) trị giá 500.000đ
6 Tặng Phiếu mua hàng Máy lạnh (sản phẩm trên 10tr) trị giá 300.000đ
7 Nhập mã VNPAYTGDD2 giảm tối đa 80,000đ (áp dụng tùy giá trị đơn hàng) khi thanh toán qua VNPAY-QR (Xem chi tiết tại đây)
8 NHẬN HOÀN NGAY ĐẾN 800.000đ khi mở thẻ tín dụng VPBANK MWG (Xem chi tiết tại đây)";;https://www.thegioididong.com/dtdd/iphone-17-pro;iPhone 17 Pro 1TB_Cam Vũ Trụ.png
iPhone 17 Pro 1TB;Bạc;Yes;47990000;46390000;2026-05-10;"Khuyến mãi trị giá 50.000₫
Giá và khuyến mãi có thể kết thúc sớm hơn dự kiến
1 Tặng phiếu mua hàng Phụ Kiện, Smartwatch, Đồng hồ thời trang từ 250,000đ (trừ Apple, Beats) trị giá 50,000đ
2 Phiếu mua hàng Apple Watch trị giá 800,000đ
3 Phiếu mua hàng Airpods trị giá 800,000đ
4 Tặng phiếu mua hàng Macbook trị giá 1,000,000đ
5 Tặng Phiếu mua hàng mua Smartwatch (trừ Apple, giá trên 5.000.000đ) trị giá 500.000đ
6 Tặng Phiếu mua hàng Máy lạnh (sản phẩm trên 10tr) trị giá 300.000đ
7 Nhập mã VNPAYTGDD2 giảm tối đa 80,000đ (áp dụng tùy giá trị đơn hàng) khi thanh toán qua VNPAY-QR (Xem chi tiết tại đây)
8 NHẬN HOÀN NGAY ĐẾN 800.000đ khi mở thẻ tín dụng VPBANK MWG (Xem chi tiết tại đây)";;https://www.thegioididong.com/dtdd/iphone-17-pro;iPhone 17 Pro 1TB_Bạc.png
iPhone 17 Pro 1TB;Xanh đậm;Yes;47990000;46390000;2026-05-10;"Khuyến mãi trị giá 50.000₫
Giá và khuyến mãi có thể kết thúc sớm hơn dự kiến
1 Tặng phiếu mua hàng Phụ Kiện, Smartwatch, Đồng hồ thời trang từ 250,000đ (trừ Apple, Beats) trị giá 50,000đ
2 Phiếu mua hàng Apple Watch trị giá 800,000đ
3 Phiếu mua hàng Airpods trị giá 800,000đ
4 Tặng phiếu mua hàng Macbook trị giá 1,000,000đ
5 Tặng Phiếu mua hàng mua Smartwatch (trừ Apple, giá trên 5.000.000đ) trị giá 500.000đ
6 Tặng Phiếu mua hàng Máy lạnh (sản phẩm trên 10tr) trị giá 300.000đ
7 Nhập mã VNPAYTGDD2 giảm tối đa 80,000đ (áp dụng tùy giá trị đơn hàng) khi thanh toán qua VNPAY-QR (Xem chi tiết tại đây)
8 NHẬN HOÀN NGAY ĐẾN 800.000đ khi mở thẻ tín dụng VPBANK MWG (Xem chi tiết tại đây)";;https://www.thegioididong.com/dtdd/iphone-17-pro;iPhone 17 Pro 1TB_Xanh đậm.png
iPhone 17 Pro 1TB;Cam Vũ Trụ;Yes;47990000;46390000;2026-05-10;"Khuyến mãi trị giá 50.000₫
Giá và khuyến mãi có thể kết thúc sớm hơn dự kiến
1 Tặng phiếu mua hàng Phụ Kiện, Smartwatch, Đồng hồ thời trang từ 250,000đ (trừ Apple, Beats) trị giá 50,000đ
2 Phiếu mua hàng Apple Watch trị giá 800,000đ
3 Phiếu mua hàng Airpods trị giá 800,000đ
4 Tặng phiếu mua hàng Macbook trị giá 1,000,000đ
5 Tặng Phiếu mua hàng mua Smartwatch (trừ Apple, giá trên 5.000.000đ) trị giá 500.000đ
6 Tặng Phiếu mua hàng Máy lạnh (sản phẩm trên 10tr) trị giá 300.000đ
7 Nhập mã VNPAYTGDD2 giảm tối đa 80,000đ (áp dụng tùy giá trị đơn hàng) khi thanh toán qua VNPAY-QR (Xem chi tiết tại đây)
8 NHẬN HOÀN NGAY ĐẾN 800.000đ khi mở thẻ tín dụng VPBANK MWG (Xem chi tiết tại đây)";;https://www.thegioididong.com/dtdd/iphone-17-pro;iPhone 17 Pro 1TB_Cam Vũ Trụ.png
iPhone 17 Pro 1TB;Bạc;Yes;47990000;46390000;2026-05-10;"Khuyến mãi trị giá 50.000₫
Giá và khuyến mãi có thể kết thúc sớm hơn dự kiến
1 Tặng phiếu mua hàng Phụ Kiện, Smartwatch, Đồng hồ thời trang từ 250,000đ (trừ Apple, Beats) trị giá 50,000đ
2 Phiếu mua hàng Apple Watch trị giá 800,000đ
3 Phiếu mua hàng Airpods trị giá 800,000đ
4 Tặng phiếu mua hàng Macbook trị giá 1,000,000đ
5 Tặng Phiếu mua hàng mua Smartwatch (trừ Apple, giá trên 5.000.000đ) trị giá 500.000đ
6 Tặng Phiếu mua hàng Máy lạnh (sản phẩm trên 10tr) trị giá 300.000đ
7 Nhập mã VNPAYTGDD2 giảm tối đa 80,000đ (áp dụng tùy giá trị đơn hàng) khi thanh toán qua VNPAY-QR (Xem chi tiết tại đây)
8 NHẬN HOÀN NGAY ĐẾN 800.000đ khi mở thẻ tín dụng VPBANK MWG (Xem chi tiết tại đây)";;https://www.thegioididong.com/dtdd/iphone-17-pro;iPhone 17 Pro 1TB_Bạc.png
iPhone 17 Pro 1TB;Xanh đậm;Yes;47990000;46390000;2026-05-10;"Khuyến mãi trị giá 50.000₫
Giá và khuyến mãi có thể kết thúc sớm hơn dự kiến
1 Tặng phiếu mua hàng Phụ Kiện, Smartwatch, Đồng hồ thời trang từ 250,000đ (trừ Apple, Beats) trị giá 50,000đ
2 Phiếu mua hàng Apple Watch trị giá 800,000đ
3 Phiếu mua hàng Airpods trị giá 800,000đ
4 Tặng phiếu mua hàng Macbook trị giá 1,000,000đ
5 Tặng Phiếu mua hàng mua Smartwatch (trừ Apple, giá trên 5.000.000đ) trị giá 500.000đ
6 Tặng Phiếu mua hàng Máy lạnh (sản phẩm trên 10tr) trị giá 300.000đ
7 Nhập mã VNPAYTGDD2 giảm tối đa 80,000đ (áp dụng tùy giá trị đơn hàng) khi thanh toán qua VNPAY-QR (Xem chi tiết tại đây)
8 NHẬN HOÀN NGAY ĐẾN 800.000đ khi mở thẻ tín dụng VPBANK MWG (Xem chi tiết tại đây)";;https://www.thegioididong.com/dtdd/iphone-17-pro;iPhone 17 Pro 1TB_Xanh đậm.png
iPhone 17 Pro 1TB;Cam Vũ Trụ;Yes;47990000;46390000;2026-05-10;"Khuyến mãi trị giá 50.000₫
Giá và khuyến mãi có thể kết thúc sớm hơn dự kiến
1 Tặng phiếu mua hàng Phụ Kiện, Smartwatch, Đồng hồ thời trang từ 250,000đ (trừ Apple, Beats) trị giá 50,000đ
2 Phiếu mua hàng Apple Watch trị giá 800,000đ
3 Phiếu mua hàng Airpods trị giá 800,000đ
4 Tặng phiếu mua hàng Macbook trị giá 1,000,000đ
5 Tặng Phiếu mua hàng mua Smartwatch (trừ Apple, giá trên 5.000.000đ) trị giá 500.000đ
6 Tặng Phiếu mua hàng Máy lạnh (sản phẩm trên 10tr) trị giá 300.000đ
7 Nhập mã VNPAYTGDD2 giảm tối đa 80,000đ (áp dụng tùy giá trị đơn hàng) khi thanh toán qua VNPAY-QR (Xem chi tiết tại đây)
8 NHẬN HOÀN NGAY ĐẾN 800.000đ khi mở thẻ tín dụng VPBANK MWG (Xem chi tiết tại đây)";;https://www.thegioididong.com/dtdd/iphone-17-pro;iPhone 17 Pro 1TB_Cam Vũ Trụ.png
iPhone 17 Pro 1TB;Bạc;Yes;47990000;46390000;2026-05-10;"Khuyến mãi trị giá 50.000₫
Giá và khuyến mãi có thể kết thúc sớm hơn dự kiến
1 Tặng phiếu mua hàng Phụ Kiện, Smartwatch, Đồng hồ thời trang từ 250,000đ (trừ Apple, Beats) trị giá 50,000đ
2 Phiếu mua hàng Apple Watch trị giá 800,000đ
3 Phiếu mua hàng Airpods trị giá 800,000đ
4 Tặng phiếu mua hàng Macbook trị giá 1,000,000đ
5 Tặng Phiếu mua hàng mua Smartwatch (trừ Apple, giá trên 5.000.000đ) trị giá 500.000đ
6 Tặng Phiếu mua hàng Máy lạnh (sản phẩm trên 10tr) trị giá 300.000đ
7 Nhập mã VNPAYTGDD2 giảm tối đa 80,000đ (áp dụng tùy giá trị đơn hàng) khi thanh toán qua VNPAY-QR (Xem chi tiết tại đây)
8 NHẬN HOÀN NGAY ĐẾN 800.000đ khi mở thẻ tín dụng VPBANK MWG (Xem chi tiết tại đây)";;https://www.thegioididong.com/dtdd/iphone-17-pro;iPhone 17 Pro 1TB_Bạc.png
iPhone 17 Pro 1TB;Xanh đậm;Yes;47990000;46390000;2026-05-10;"Khuyến mãi trị giá 50.000₫
Giá và khuyến mãi có thể kết thúc sớm hơn dự kiến
1 Tặng phiếu mua hàng Phụ Kiện, Smartwatch, Đồng hồ thời trang từ 250,000đ (trừ Apple, Beats) trị giá 50,000đ
2 Phiếu mua hàng Apple Watch trị giá 800,000đ
3 Phiếu mua hàng Airpods trị giá 800,000đ
4 Tặng phiếu mua hàng Macbook trị giá 1,000,000đ
5 Tặng Phiếu mua hàng mua Smartwatch (trừ Apple, giá trên 5.000.000đ) trị giá 500.000đ
6 Tặng Phiếu mua hàng Máy lạnh (sản phẩm trên 10tr) trị giá 300.000đ
7 Nhập mã VNPAYTGDD2 giảm tối đa 80,000đ (áp dụng tùy giá trị đơn hàng) khi thanh toán qua VNPAY-QR (Xem chi tiết tại đây)
8 NHẬN HOÀN NGAY ĐẾN 800.000đ khi mở thẻ tín dụng VPBANK MWG (Xem chi tiết tại đây)";;https://www.thegioididong.com/dtdd/iphone-17-pro;iPhone 17 Pro 1TB_Xanh đậm.png
iPhone 17 Pro 1TB;Cam Vũ Trụ;Yes;47990000;46390000;2026-05-10;"Khuyến mãi trị giá 50.000₫
Giá và khuyến mãi có thể kết thúc sớm hơn dự kiến
1 Tặng phiếu mua hàng Phụ Kiện, Smartwatch, Đồng hồ thời trang từ 250,000đ (trừ Apple, Beats) trị giá 50,000đ
2 Phiếu mua hàng Apple Watch trị giá 800,000đ
3 Phiếu mua hàng Airpods trị giá 800,000đ
4 Tặng phiếu mua hàng Macbook trị giá 1,000,000đ
5 Tặng Phiếu mua hàng mua Smartwatch (trừ Apple, giá trên 5.000.000đ) trị giá 500.000đ
6 Tặng Phiếu mua hàng Máy lạnh (sản phẩm trên 10tr) trị giá 300.000đ
7 Nhập mã VNPAYTGDD2 giảm tối đa 80,000đ (áp dụng tùy giá trị đơn hàng) khi thanh toán qua VNPAY-QR (Xem chi tiết tại đây)
8 NHẬN HOÀN NGAY ĐẾN 800.000đ khi mở thẻ tín dụng VPBANK MWG (Xem chi tiết tại đây)";;https://www.thegioididong.com/dtdd/iphone-17-pro;iPhone 17 Pro 1TB_Cam Vũ Trụ.png
iPhone 17 Pro Max 256GB;Cam Vũ Trụ;Yes;1100000;37990000;2026-05-10;"Khuyến mãi
Giá và khuyến mãi dự kiến áp dụng đến 23:00 | 31/05
1 Chọn 1 trong các khuyến mãi:
Giảm giá 1,000,000đ (đã giảm vào giá sản phẩm)
Tặng phiếu mua hàng Phụ Kiện, Smartwatch, đồng hồ thời trang (trừ Apple, Beats) trị giá 1,300,000đ
2 Phiếu mua hàng Apple Watch trị giá 800,000đ
3 Phiếu mua hàng Airpods trị giá 800,000đ
4 Tặng phiếu mua hàng Macbook trị giá 1,000,000đ
5 Tặng Phiếu mua hàng mua Smartwatch (trừ Apple, giá trên 5.000.000đ) trị giá 500.000đ
6 Tặng Phiếu mua hàng Máy lạnh (sản phẩm trên 10tr) trị giá 300.000đ
7 Thu cũ đổi mới: Giảm đến 2,000,000đ (Không kèm ưu đãi thanh toán qua cổng, mua kèm) Xem chi tiết
8 Nhập mã VNPAYTGDD2 giảm tối đa 80,000đ (áp dụng tùy giá trị đơn hàng) khi thanh toán qua VNPAY-QR (Xem chi tiết tại đây)
9 NHẬN HOÀN NGAY ĐẾN 800.000đ khi mở thẻ tín dụng VPBANK MWG (Xem chi tiết tại đây)";;https://www.thegioididong.com/dtdd/iphone-17-pro-max;iPhone 17 Pro Max 256GB_Cam Vũ Trụ.png
iPhone 17 Pro Max 256GB;Xanh đậm;Yes;1100000;37990000;2026-05-10;"Khuyến mãi
Giá và khuyến mãi dự kiến áp dụng đến 23:00 | 31/05
1 Chọn 1 trong các khuyến mãi:
Giảm giá 1,000,000đ (đã giảm vào giá sản phẩm)
Tặng phiếu mua hàng Phụ Kiện, Smartwatch, đồng hồ thời trang (trừ Apple, Beats) trị giá 1,300,000đ
2 Phiếu mua hàng Apple Watch trị giá 800,000đ
3 Phiếu mua hàng Airpods trị giá 800,000đ
4 Tặng phiếu mua hàng Macbook trị giá 1,000,000đ
5 Tặng Phiếu mua hàng mua Smartwatch (trừ Apple, giá trên 5.000.000đ) trị giá 500.000đ
6 Tặng Phiếu mua hàng Máy lạnh (sản phẩm trên 10tr) trị giá 300.000đ
7 Thu cũ đổi mới: Giảm đến 2,000,000đ (Không kèm ưu đãi thanh toán qua cổng, mua kèm) Xem chi tiết
8 Nhập mã VNPAYTGDD2 giảm tối đa 80,000đ (áp dụng tùy giá trị đơn hàng) khi thanh toán qua VNPAY-QR (Xem chi tiết tại đây)
9 NHẬN HOÀN NGAY ĐẾN 800.000đ khi mở thẻ tín dụng VPBANK MWG (Xem chi tiết tại đây)";;https://www.thegioididong.com/dtdd/iphone-17-pro-max;iPhone 17 Pro Max 256GB_Xanh đậm.png
iPhone 17e 256GB;Hồng nhạt;Yes;17990000;17590000;2026-05-10;"Khuyến mãi trị giá 50.000₫
Giá và khuyến mãi có thể kết thúc sớm hơn dự kiến
1 Tặng phiếu mua hàng Phụ Kiện, Smartwatch, Đồng hồ thời trang từ 250,000đ (trừ Apple, Beats) trị giá 50,000đ
2 Phiếu mua hàng Apple Watch trị giá 800,000đ
3 Phiếu mua hàng Airpods trị giá 800,000đ
4 Tặng phiếu mua hàng Macbook trị giá 1,000,000đ
5 Tặng Phiếu mua hàng mua Smartwatch (trừ Apple, giá trên 5.000.000đ) trị giá 500.000đ
6 Tặng Phiếu mua hàng Máy lạnh (sản phẩm trên 10tr) trị giá 300.000đ
7 Nhập mã VNPAYTGDD2 giảm tối đa 80,000đ (áp dụng tùy giá trị đơn hàng) khi thanh toán qua VNPAY-QR (Xem chi tiết tại đây)
8 NHẬN HOÀN NGAY ĐẾN 800.000đ khi mở thẻ tín dụng VPBANK MWG (Xem chi tiết tại đây)";;https://www.thegioididong.com/dtdd/iphone-17e-256gb?utm_flashsale=1;iPhone 17e 256GB_Hồng nhạt.png
iPhone 17 Pro Max 256GB;Bạc;Yes;1100000;37990000;2026-05-10;"Khuyến mãi
Giá và khuyến mãi dự kiến áp dụng đến 23:00 | 31/05
1 Chọn 1 trong các khuyến mãi:
Giảm giá 1,000,000đ (đã giảm vào giá sản phẩm)
Tặng phiếu mua hàng Phụ Kiện, Smartwatch, đồng hồ thời trang (trừ Apple, Beats) trị giá 1,300,000đ
2 Phiếu mua hàng Apple Watch trị giá 800,000đ
3 Phiếu mua hàng Airpods trị giá 800,000đ
4 Tặng phiếu mua hàng Macbook trị giá 1,000,000đ
5 Tặng Phiếu mua hàng mua Smartwatch (trừ Apple, giá trên 5.000.000đ) trị giá 500.000đ
6 Tặng Phiếu mua hàng Máy lạnh (sản phẩm trên 10tr) trị giá 300.000đ
7 Thu cũ đổi mới: Giảm đến 2,000,000đ (Không kèm ưu đãi thanh toán qua cổng, mua kèm) Xem chi tiết
8 Nhập mã VNPAYTGDD2 giảm tối đa 80,000đ (áp dụng tùy giá trị đơn hàng) khi thanh toán qua VNPAY-QR (Xem chi tiết tại đây)
9 NHẬN HOÀN NGAY ĐẾN 800.000đ khi mở thẻ tín dụng VPBANK MWG (Xem chi tiết tại đây)";;https://www.thegioididong.com/dtdd/iphone-17-pro-max;iPhone 17 Pro Max 256GB_Bạc.png
iPhone 17e 256GB;Đen;Yes;17990000;17590000;2026-05-10;"Khuyến mãi trị giá 50.000₫
Giá và khuyến mãi có thể kết thúc sớm hơn dự kiến
1 Tặng phiếu mua hàng Phụ Kiện, Smartwatch, Đồng hồ thời trang từ 250,000đ (trừ Apple, Beats) trị giá 50,000đ
2 Phiếu mua hàng Apple Watch trị giá 800,000đ
3 Phiếu mua hàng Airpods trị giá 800,000đ
4 Tặng phiếu mua hàng Macbook trị giá 1,000,000đ
5 Tặng Phiếu mua hàng mua Smartwatch (trừ Apple, giá trên 5.000.000đ) trị giá 500.000đ
6 Tặng Phiếu mua hàng Máy lạnh (sản phẩm trên 10tr) trị giá 300.000đ
7 Nhập mã VNPAYTGDD2 giảm tối đa 80,000đ (áp dụng tùy giá trị đơn hàng) khi thanh toán qua VNPAY-QR (Xem chi tiết tại đây)
8 NHẬN HOÀN NGAY ĐẾN 800.000đ khi mở thẻ tín dụng VPBANK MWG (Xem chi tiết tại đây)";;https://www.thegioididong.com/dtdd/iphone-17e-256gb?utm_flashsale=1;iPhone 17e 256GB_Đen.png
iPhone 17 Pro Max 512GB;Bạc;Yes;1100000;44490000;2026-05-10;"Khuyến mãi
Giá và khuyến mãi dự kiến áp dụng đến 23:00 | 31/05
1 Chọn 1 trong các khuyến mãi:
Giảm giá 500,000đ (đã giảm vào giá sản phẩm)
Tặng phiếu mua hàng Phụ Kiện, Smartwatch, đồng hồ thời trang (trừ Apple, Beats) trị giá 600,000đ
2 Phiếu mua hàng Apple Watch trị giá 800,000đ
3 Phiếu mua hàng Airpods trị giá 800,000đ
4 Tặng phiếu mua hàng Macbook trị giá 1,000,000đ
5 Tặng Phiếu mua hàng mua Smartwatch (trừ Apple, giá trên 5.000.000đ) trị giá 500.000đ
6 Tặng Phiếu mua hàng Máy lạnh (sản phẩm trên 10tr) trị giá 300.000đ
7 Thu cũ đổi mới: Giảm đến 2,000,000đ (Không kèm ưu đãi thanh toán qua cổng, mua kèm) Xem chi tiết
8 Nhập mã VNPAYTGDD2 giảm tối đa 80,000đ (áp dụng tùy giá trị đơn hàng) khi thanh toán qua VNPAY-QR (Xem chi tiết tại đây)
9 NHẬN HOÀN NGAY ĐẾN 800.000đ khi mở thẻ tín dụng VPBANK MWG (Xem chi tiết tại đây)";;https://www.thegioididong.com/dtdd/iphone-17-pro-max;iPhone 17 Pro Max 512GB_Bạc.png
iPhone 17e 256GB;Trắng;Yes;17990000;17590000;2026-05-10;"Khuyến mãi trị giá 50.000₫
Giá và khuyến mãi có thể kết thúc sớm hơn dự kiến
1 Tặng phiếu mua hàng Phụ Kiện, Smartwatch, Đồng hồ thời trang từ 250,000đ (trừ Apple, Beats) trị giá 50,000đ
2 Phiếu mua hàng Apple Watch trị giá 800,000đ
3 Phiếu mua hàng Airpods trị giá 800,000đ
4 Tặng phiếu mua hàng Macbook trị giá 1,000,000đ
5 Tặng Phiếu mua hàng mua Smartwatch (trừ Apple, giá trên 5.000.000đ) trị giá 500.000đ
6 Tặng Phiếu mua hàng Máy lạnh (sản phẩm trên 10tr) trị giá 300.000đ
7 Nhập mã VNPAYTGDD2 giảm tối đa 80,000đ (áp dụng tùy giá trị đơn hàng) khi thanh toán qua VNPAY-QR (Xem chi tiết tại đây)
8 NHẬN HOÀN NGAY ĐẾN 800.000đ khi mở thẻ tín dụng VPBANK MWG (Xem chi tiết tại đây)";;https://www.thegioididong.com/dtdd/iphone-17e-256gb?utm_flashsale=1;iPhone 17e 256GB_Trắng.png
iPhone 17 Pro Max 512GB;Xanh đậm;Yes;1100000;44490000;2026-05-10;"Khuyến mãi
Giá và khuyến mãi dự kiến áp dụng đến 23:00 | 31/05
1 Chọn 1 trong các khuyến mãi:
Giảm giá 500,000đ (đã giảm vào giá sản phẩm)
Tặng phiếu mua hàng Phụ Kiện, Smartwatch, đồng hồ thời trang (trừ Apple, Beats) trị giá 600,000đ
2 Phiếu mua hàng Apple Watch trị giá 800,000đ
3 Phiếu mua hàng Airpods trị giá 800,000đ
4 Tặng phiếu mua hàng Macbook trị giá 1,000,000đ
5 Tặng Phiếu mua hàng mua Smartwatch (trừ Apple, giá trên 5.000.000đ) trị giá 500.000đ
6 Tặng Phiếu mua hàng Máy lạnh (sản phẩm trên 10tr) trị giá 300.000đ
7 Thu cũ đổi mới: Giảm đến 2,000,000đ (Không kèm ưu đãi thanh toán qua cổng, mua kèm) Xem chi tiết
8 Nhập mã VNPAYTGDD2 giảm tối đa 80,000đ (áp dụng tùy giá trị đơn hàng) khi thanh toán qua VNPAY-QR (Xem chi tiết tại đây)
9 NHẬN HOÀN NGAY ĐẾN 800.000đ khi mở thẻ tín dụng VPBANK MWG (Xem chi tiết tại đây)";;https://www.thegioididong.com/dtdd/iphone-17-pro-max;iPhone 17 Pro Max 512GB_Xanh đậm.png
iPhone 17 Pro Max 512GB;Cam Vũ Trụ;Yes;1100000;44490000;2026-05-10;"Khuyến mãi
Giá và khuyến mãi dự kiến áp dụng đến 23:00 | 31/05
1 Chọn 1 trong các khuyến mãi:
Giảm giá 500,000đ (đã giảm vào giá sản phẩm)
Tặng phiếu mua hàng Phụ Kiện, Smartwatch, đồng hồ thời trang (trừ Apple, Beats) trị giá 600,000đ
2 Phiếu mua hàng Apple Watch trị giá 800,000đ
3 Phiếu mua hàng Airpods trị giá 800,000đ
4 Tặng phiếu mua hàng Macbook trị giá 1,000,000đ
5 Tặng Phiếu mua hàng mua Smartwatch (trừ Apple, giá trên 5.000.000đ) trị giá 500.000đ
6 Tặng Phiếu mua hàng Máy lạnh (sản phẩm trên 10tr) trị giá 300.000đ
7 Thu cũ đổi mới: Giảm đến 2,000,000đ (Không kèm ưu đãi thanh toán qua cổng, mua kèm) Xem chi tiết
8 Nhập mã VNPAYTGDD2 giảm tối đa 80,000đ (áp dụng tùy giá trị đơn hàng) khi thanh toán qua VNPAY-QR (Xem chi tiết tại đây)
9 NHẬN HOÀN NGAY ĐẾN 800.000đ khi mở thẻ tín dụng VPBANK MWG (Xem chi tiết tại đây)";;https://www.thegioididong.com/dtdd/iphone-17-pro-max;iPhone 17 Pro Max 512GB_Cam Vũ Trụ.png
iPhone 17e 512GB;Hồng nhạt;Yes;24490000;23690000;2026-05-10;"Khuyến mãi trị giá 50.000₫
Giá và khuyến mãi có thể kết thúc sớm hơn dự kiến
1 Tặng phiếu mua hàng Phụ Kiện, Smartwatch, Đồng hồ thời trang từ 250,000đ (trừ Apple, Beats) trị giá 50,000đ
2 Phiếu mua hàng Apple Watch trị giá 800,000đ
3 Phiếu mua hàng Airpods trị giá 800,000đ
4 Tặng phiếu mua hàng Macbook trị giá 1,000,000đ
5 Tặng Phiếu mua hàng mua Smartwatch (trừ Apple, giá trên 5.000.000đ) trị giá 500.000đ
6 Tặng Phiếu mua hàng Máy lạnh (sản phẩm trên 10tr) trị giá 300.000đ
7 Nhập mã VNPAYTGDD2 giảm tối đa 80,000đ (áp dụng tùy giá trị đơn hàng) khi thanh toán qua VNPAY-QR (Xem chi tiết tại đây)
8 NHẬN HOÀN NGAY ĐẾN 800.000đ khi mở thẻ tín dụng VPBANK MWG (Xem chi tiết tại đây)";;https://www.thegioididong.com/dtdd/iphone-17e-256gb?utm_flashsale=1;iPhone 17e 512GB_Hồng nhạt.png
iPhone 17 Pro Max 1TB;Bạc;Yes;50990000;50090000;2026-05-10;"Khuyến mãi trị giá 50.000₫
Giá và khuyến mãi có thể kết thúc sớm hơn dự kiến
1 Tặng phiếu mua hàng Phụ Kiện, Smartwatch, Đồng hồ thời trang từ 250,000đ (trừ Apple, Beats) trị giá 50,000đ
2 Phiếu mua hàng Apple Watch trị giá 800,000đ
3 Phiếu mua hàng Airpods trị giá 800,000đ
4 Tặng phiếu mua hàng Macbook trị giá 1,000,000đ
5 Tặng Phiếu mua hàng mua Smartwatch (trừ Apple, giá trên 5.000.000đ) trị giá 500.000đ
6 Tặng Phiếu mua hàng Máy lạnh (sản phẩm trên 10tr) trị giá 300.000đ
7 Nhập mã VNPAYTGDD2 giảm tối đa 80,000đ (áp dụng tùy giá trị đơn hàng) khi thanh toán qua VNPAY-QR (Xem chi tiết tại đây)
8 NHẬN HOÀN NGAY ĐẾN 800.000đ khi mở thẻ tín dụng VPBANK MWG (Xem chi tiết tại đây)";;https://www.thegioididong.com/dtdd/iphone-17-pro-max;iPhone 17 Pro Max 1TB_Bạc.png
iPhone 17e 512GB;Đen;Yes;24490000;23690000;2026-05-10;"Khuyến mãi trị giá 50.000₫
Giá và khuyến mãi có thể kết thúc sớm hơn dự kiến
1 Tặng phiếu mua hàng Phụ Kiện, Smartwatch, Đồng hồ thời trang từ 250,000đ (trừ Apple, Beats) trị giá 50,000đ
2 Phiếu mua hàng Apple Watch trị giá 800,000đ
3 Phiếu mua hàng Airpods trị giá 800,000đ
4 Tặng phiếu mua hàng Macbook trị giá 1,000,000đ
5 Tặng Phiếu mua hàng mua Smartwatch (trừ Apple, giá trên 5.000.000đ) trị giá 500.000đ
6 Tặng Phiếu mua hàng Máy lạnh (sản phẩm trên 10tr) trị giá 300.000đ
7 Nhập mã VNPAYTGDD2 giảm tối đa 80,000đ (áp dụng tùy giá trị đơn hàng) khi thanh toán qua VNPAY-QR (Xem chi tiết tại đây)
8 NHẬN HOÀN NGAY ĐẾN 800.000đ khi mở thẻ tín dụng VPBANK MWG (Xem chi tiết tại đây)";;https://www.thegioididong.com/dtdd/iphone-17e-256gb?utm_flashsale=1;iPhone 17e 512GB_Đen.png
iPhone 17 Pro Max 1TB;Cam Vũ Trụ;Yes;50990000;50090000;2026-05-10;"Khuyến mãi trị giá 50.000₫
Giá và khuyến mãi có thể kết thúc sớm hơn dự kiến
1 Tặng phiếu mua hàng Phụ Kiện, Smartwatch, Đồng hồ thời trang từ 250,000đ (trừ Apple, Beats) trị giá 50,000đ
2 Phiếu mua hàng Apple Watch trị giá 800,000đ
3 Phiếu mua hàng Airpods trị giá 800,000đ
4 Tặng phiếu mua hàng Macbook trị giá 1,000,000đ
5 Tặng Phiếu mua hàng mua Smartwatch (trừ Apple, giá trên 5.000.000đ) trị giá 500.000đ
6 Tặng Phiếu mua hàng Máy lạnh (sản phẩm trên 10tr) trị giá 300.000đ
7 Nhập mã VNPAYTGDD2 giảm tối đa 80,000đ (áp dụng tùy giá trị đơn hàng) khi thanh toán qua VNPAY-QR (Xem chi tiết tại đây)
8 NHẬN HOÀN NGAY ĐẾN 800.000đ khi mở thẻ tín dụng VPBANK MWG (Xem chi tiết tại đây)";;https://www.thegioididong.com/dtdd/iphone-17-pro-max;iPhone 17 Pro Max 1TB_Cam Vũ Trụ.png
iPhone 17e 512GB;Trắng;Yes;24490000;23690000;2026-05-10;"Khuyến mãi trị giá 50.000₫
Giá và khuyến mãi có thể kết thúc sớm hơn dự kiến
1 Tặng phiếu mua hàng Phụ Kiện, Smartwatch, Đồng hồ thời trang từ 250,000đ (trừ Apple, Beats) trị giá 50,000đ
2 Phiếu mua hàng Apple Watch trị giá 800,000đ
3 Phiếu mua hàng Airpods trị giá 800,000đ
4 Tặng phiếu mua hàng Macbook trị giá 1,000,000đ
5 Tặng Phiếu mua hàng mua Smartwatch (trừ Apple, giá trên 5.000.000đ) trị giá 500.000đ
6 Tặng Phiếu mua hàng Máy lạnh (sản phẩm trên 10tr) trị giá 300.000đ
7 Nhập mã VNPAYTGDD2 giảm tối đa 80,000đ (áp dụng tùy giá trị đơn hàng) khi thanh toán qua VNPAY-QR (Xem chi tiết tại đây)
8 NHẬN HOÀN NGAY ĐẾN 800.000đ khi mở thẻ tín dụng VPBANK MWG (Xem chi tiết tại đây)";;https://www.thegioididong.com/dtdd/iphone-17e-256gb?utm_flashsale=1;iPhone 17e 512GB_Trắng.png
iPhone 17 Pro Max 1TB;Xanh đậm;Yes;50990000;50090000;2026-05-10;"Khuyến mãi trị giá 50.000₫
Giá và khuyến mãi có thể kết thúc sớm hơn dự kiến
1 Tặng phiếu mua hàng Phụ Kiện, Smartwatch, Đồng hồ thời trang từ 250,000đ (trừ Apple, Beats) trị giá 50,000đ
2 Phiếu mua hàng Apple Watch trị giá 800,000đ
3 Phiếu mua hàng Airpods trị giá 800,000đ
4 Tặng phiếu mua hàng Macbook trị giá 1,000,000đ
5 Tặng Phiếu mua hàng mua Smartwatch (trừ Apple, giá trên 5.000.000đ) trị giá 500.000đ
6 Tặng Phiếu mua hàng Máy lạnh (sản phẩm trên 10tr) trị giá 300.000đ
7 Nhập mã VNPAYTGDD2 giảm tối đa 80,000đ (áp dụng tùy giá trị đơn hàng) khi thanh toán qua VNPAY-QR (Xem chi tiết tại đây)
8 NHẬN HOÀN NGAY ĐẾN 800.000đ khi mở thẻ tín dụng VPBANK MWG (Xem chi tiết tại đây)";;https://www.thegioididong.com/dtdd/iphone-17-pro-max;iPhone 17 Pro Max 1TB_Xanh đậm.png
iPhone 17 Pro Max 2TB;Cam Vũ Trụ;Yes;63990000;62590000;2026-05-10;"Khuyến mãi trị giá 50.000₫
Giá và khuyến mãi có thể kết thúc sớm hơn dự kiến
1 Tặng phiếu mua hàng Phụ Kiện, Smartwatch, Đồng hồ thời trang từ 250,000đ (trừ Apple, Beats) trị giá 50,000đ
2 Phiếu mua hàng Apple Watch trị giá 800,000đ
3 Phiếu mua hàng Airpods trị giá 800,000đ
4 Tặng phiếu mua hàng Macbook trị giá 1,000,000đ
5 Tặng Phiếu mua hàng mua Smartwatch (trừ Apple, giá trên 5.000.000đ) trị giá 500.000đ
6 Tặng Phiếu mua hàng Máy lạnh (sản phẩm trên 10tr) trị giá 300.000đ
7 Nhập mã VNPAYTGDD2 giảm tối đa 80,000đ (áp dụng tùy giá trị đơn hàng) khi thanh toán qua VNPAY-QR (Xem chi tiết tại đây)
8 NHẬN HOÀN NGAY ĐẾN 800.000đ khi mở thẻ tín dụng VPBANK MWG (Xem chi tiết tại đây)";;https://www.thegioididong.com/dtdd/iphone-17-pro-max;iPhone 17 Pro Max 2TB_Cam Vũ Trụ.png
iPhone 17e 512GB;Hồng nhạt;Yes;24490000;23690000;2026-05-10;"Khuyến mãi trị giá 50.000₫
Giá và khuyến mãi có thể kết thúc sớm hơn dự kiến
1 Tặng phiếu mua hàng Phụ Kiện, Smartwatch, Đồng hồ thời trang từ 250,000đ (trừ Apple, Beats) trị giá 50,000đ
2 Phiếu mua hàng Apple Watch trị giá 800,000đ
3 Phiếu mua hàng Airpods trị giá 800,000đ
4 Tặng phiếu mua hàng Macbook trị giá 1,000,000đ
5 Tặng Phiếu mua hàng mua Smartwatch (trừ Apple, giá trên 5.000.000đ) trị giá 500.000đ
6 Tặng Phiếu mua hàng Máy lạnh (sản phẩm trên 10tr) trị giá 300.000đ
7 Nhập mã VNPAYTGDD2 giảm tối đa 80,000đ (áp dụng tùy giá trị đơn hàng) khi thanh toán qua VNPAY-QR (Xem chi tiết tại đây)
8 NHẬN HOÀN NGAY ĐẾN 800.000đ khi mở thẻ tín dụng VPBANK MWG (Xem chi tiết tại đây)";;https://www.thegioididong.com/dtdd/iphone-17e-256gb?utm_flashsale=1;iPhone 17e 512GB_Hồng nhạt.png
iPhone 17 Pro Max 2TB;Xanh đậm;Yes;63990000;62090000;2026-05-10;"Khuyến mãi trị giá 50.000₫
Giá và khuyến mãi có thể kết thúc sớm hơn dự kiến
1 Tặng phiếu mua hàng Phụ Kiện, Smartwatch, Đồng hồ thời trang từ 250,000đ (trừ Apple, Beats) trị giá 50,000đ
2 Phiếu mua hàng Apple Watch trị giá 800,000đ
3 Phiếu mua hàng Airpods trị giá 800,000đ
4 Tặng phiếu mua hàng Macbook trị giá 1,000,000đ
5 Tặng Phiếu mua hàng mua Smartwatch (trừ Apple, giá trên 5.000.000đ) trị giá 500.000đ
6 Tặng Phiếu mua hàng Máy lạnh (sản phẩm trên 10tr) trị giá 300.000đ
7 Nhập mã VNPAYTGDD2 giảm tối đa 80,000đ (áp dụng tùy giá trị đơn hàng) khi thanh toán qua VNPAY-QR (Xem chi tiết tại đây)
8 NHẬN HOÀN NGAY ĐẾN 800.000đ khi mở thẻ tín dụng VPBANK MWG (Xem chi tiết tại đây)";;https://www.thegioididong.com/dtdd/iphone-17-pro-max;iPhone 17 Pro Max 2TB_Xanh đậm.png
iPhone 17e 512GB;Đen;Yes;24490000;23690000;2026-05-10;"Khuyến mãi trị giá 50.000₫
Giá và khuyến mãi có thể kết thúc sớm hơn dự kiến
1 Tặng phiếu mua hàng Phụ Kiện, Smartwatch, Đồng hồ thời trang từ 250,000đ (trừ Apple, Beats) trị giá 50,000đ
2 Phiếu mua hàng Apple Watch trị giá 800,000đ
3 Phiếu mua hàng Airpods trị giá 800,000đ
4 Tặng phiếu mua hàng Macbook trị giá 1,000,000đ
5 Tặng Phiếu mua hàng mua Smartwatch (trừ Apple, giá trên 5.000.000đ) trị giá 500.000đ
6 Tặng Phiếu mua hàng Máy lạnh (sản phẩm trên 10tr) trị giá 300.000đ
7 Nhập mã VNPAYTGDD2 giảm tối đa 80,000đ (áp dụng tùy giá trị đơn hàng) khi thanh toán qua VNPAY-QR (Xem chi tiết tại đây)
8 NHẬN HOÀN NGAY ĐẾN 800.000đ khi mở thẻ tín dụng VPBANK MWG (Xem chi tiết tại đây)";;https://www.thegioididong.com/dtdd/iphone-17e-256gb?utm_flashsale=1;iPhone 17e 512GB_Đen.png
iPhone 17 Pro Max 2TB;Bạc;Yes;63990000;63090000;2026-05-10;"Khuyến mãi trị giá 50.000₫
Giá và khuyến mãi có thể kết thúc sớm hơn dự kiến
1 Tặng phiếu mua hàng Phụ Kiện, Smartwatch, Đồng hồ thời trang từ 250,000đ (trừ Apple, Beats) trị giá 50,000đ
2 Phiếu mua hàng Apple Watch trị giá 800,000đ
3 Phiếu mua hàng Airpods trị giá 800,000đ
4 Tặng phiếu mua hàng Macbook trị giá 1,000,000đ
5 Tặng Phiếu mua hàng mua Smartwatch (trừ Apple, giá trên 5.000.000đ) trị giá 500.000đ
6 Tặng Phiếu mua hàng Máy lạnh (sản phẩm trên 10tr) trị giá 300.000đ
7 Nhập mã VNPAYTGDD2 giảm tối đa 80,000đ (áp dụng tùy giá trị đơn hàng) khi thanh toán qua VNPAY-QR (Xem chi tiết tại đây)
8 NHẬN HOÀN NGAY ĐẾN 800.000đ khi mở thẻ tín dụng VPBANK MWG (Xem chi tiết tại đây)";;https://www.thegioididong.com/dtdd/iphone-17-pro-max;iPhone 17 Pro Max 2TB_Bạc.png
iPhone 17e 512GB;Trắng;Yes;24490000;23690000;2026-05-10;"Khuyến mãi trị giá 50.000₫
Giá và khuyến mãi có thể kết thúc sớm hơn dự kiến
1 Tặng phiếu mua hàng Phụ Kiện, Smartwatch, Đồng hồ thời trang từ 250,000đ (trừ Apple, Beats) trị giá 50,000đ
2 Phiếu mua hàng Apple Watch trị giá 800,000đ
3 Phiếu mua hàng Airpods trị giá 800,000đ
4 Tặng phiếu mua hàng Macbook trị giá 1,000,000đ
5 Tặng Phiếu mua hàng mua Smartwatch (trừ Apple, giá trên 5.000.000đ) trị giá 500.000đ
6 Tặng Phiếu mua hàng Máy lạnh (sản phẩm trên 10tr) trị giá 300.000đ
7 Nhập mã VNPAYTGDD2 giảm tối đa 80,000đ (áp dụng tùy giá trị đơn hàng) khi thanh toán qua VNPAY-QR (Xem chi tiết tại đây)
8 NHẬN HOÀN NGAY ĐẾN 800.000đ khi mở thẻ tín dụng VPBANK MWG (Xem chi tiết tại đây)";;https://www.thegioididong.com/dtdd/iphone-17e-256gb?utm_flashsale=1;iPhone 17e 512GB_Trắng.png
iPhone 17 Pro Max 2TB;Cam Vũ Trụ;Yes;63990000;62590000;2026-05-10;"Khuyến mãi trị giá 50.000₫
Giá và khuyến mãi có thể kết thúc sớm hơn dự kiến
1 Tặng phiếu mua hàng Phụ Kiện, Smartwatch, Đồng hồ thời trang từ 250,000đ (trừ Apple, Beats) trị giá 50,000đ
2 Phiếu mua hàng Apple Watch trị giá 800,000đ
3 Phiếu mua hàng Airpods trị giá 800,000đ
4 Tặng phiếu mua hàng Macbook trị giá 1,000,000đ
5 Tặng Phiếu mua hàng mua Smartwatch (trừ Apple, giá trên 5.000.000đ) trị giá 500.000đ
6 Tặng Phiếu mua hàng Máy lạnh (sản phẩm trên 10tr) trị giá 300.000đ
7 Nhập mã VNPAYTGDD2 giảm tối đa 80,000đ (áp dụng tùy giá trị đơn hàng) khi thanh toán qua VNPAY-QR (Xem chi tiết tại đây)
8 NHẬN HOÀN NGAY ĐẾN 800.000đ khi mở thẻ tín dụng VPBANK MWG (Xem chi tiết tại đây)";;https://www.thegioididong.com/dtdd/iphone-17-pro-max;iPhone 17 Pro Max 2TB_Cam Vũ Trụ.png
iPhone 17 Pro Max 2TB;Xanh đậm;Yes;63990000;62090000;2026-05-10;"Khuyến mãi trị giá 50.000₫
Giá và khuyến mãi có thể kết thúc sớm hơn dự kiến
1 Tặng phiếu mua hàng Phụ Kiện, Smartwatch, Đồng hồ thời trang từ 250,000đ (trừ Apple, Beats) trị giá 50,000đ
2 Phiếu mua hàng Apple Watch trị giá 800,000đ
3 Phiếu mua hàng Airpods trị giá 800,000đ
4 Tặng phiếu mua hàng Macbook trị giá 1,000,000đ
5 Tặng Phiếu mua hàng mua Smartwatch (trừ Apple, giá trên 5.000.000đ) trị giá 500.000đ
6 Tặng Phiếu mua hàng Máy lạnh (sản phẩm trên 10tr) trị giá 300.000đ
7 Nhập mã VNPAYTGDD2 giảm tối đa 80,000đ (áp dụng tùy giá trị đơn hàng) khi thanh toán qua VNPAY-QR (Xem chi tiết tại đây)
8 NHẬN HOÀN NGAY ĐẾN 800.000đ khi mở thẻ tín dụng VPBANK MWG (Xem chi tiết tại đây)";;https://www.thegioididong.com/dtdd/iphone-17-pro-max;iPhone 17 Pro Max 2TB_Xanh đậm.png
iPhone 17e 512GB;Hồng nhạt;Yes;24490000;23690000;2026-05-10;"Khuyến mãi trị giá 50.000₫
Giá và khuyến mãi có thể kết thúc sớm hơn dự kiến
1 Tặng phiếu mua hàng Phụ Kiện, Smartwatch, Đồng hồ thời trang từ 250,000đ (trừ Apple, Beats) trị giá 50,000đ
2 Phiếu mua hàng Apple Watch trị giá 800,000đ
3 Phiếu mua hàng Airpods trị giá 800,000đ
4 Tặng phiếu mua hàng Macbook trị giá 1,000,000đ
5 Tặng Phiếu mua hàng mua Smartwatch (trừ Apple, giá trên 5.000.000đ) trị giá 500.000đ
6 Tặng Phiếu mua hàng Máy lạnh (sản phẩm trên 10tr) trị giá 300.000đ
7 Nhập mã VNPAYTGDD2 giảm tối đa 80,000đ (áp dụng tùy giá trị đơn hàng) khi thanh toán qua VNPAY-QR (Xem chi tiết tại đây)
8 NHẬN HOÀN NGAY ĐẾN 800.000đ khi mở thẻ tín dụng VPBANK MWG (Xem chi tiết tại đây)";;https://www.thegioididong.com/dtdd/iphone-17e-256gb?utm_flashsale=1;iPhone 17e 512GB_Hồng nhạt.png
iPhone 17 Pro Max 2TB;Bạc;Yes;63990000;63090000;2026-05-10;"Khuyến mãi trị giá 50.000₫
Giá và khuyến mãi có thể kết thúc sớm hơn dự kiến
1 Tặng phiếu mua hàng Phụ Kiện, Smartwatch, Đồng hồ thời trang từ 250,000đ (trừ Apple, Beats) trị giá 50,000đ
2 Phiếu mua hàng Apple Watch trị giá 800,000đ
3 Phiếu mua hàng Airpods trị giá 800,000đ
4 Tặng phiếu mua hàng Macbook trị giá 1,000,000đ
5 Tặng Phiếu mua hàng mua Smartwatch (trừ Apple, giá trên 5.000.000đ) trị giá 500.000đ
6 Tặng Phiếu mua hàng Máy lạnh (sản phẩm trên 10tr) trị giá 300.000đ
7 Nhập mã VNPAYTGDD2 giảm tối đa 80,000đ (áp dụng tùy giá trị đơn hàng) khi thanh toán qua VNPAY-QR (Xem chi tiết tại đây)
8 NHẬN HOÀN NGAY ĐẾN 800.000đ khi mở thẻ tín dụng VPBANK MWG (Xem chi tiết tại đây)";;https://www.thegioididong.com/dtdd/iphone-17-pro-max;iPhone 17 Pro Max 2TB_Bạc.png
iPhone 17e 512GB;Đen;Yes;24490000;23690000;2026-05-10;"Khuyến mãi trị giá 50.000₫
Giá và khuyến mãi có thể kết thúc sớm hơn dự kiến
1 Tặng phiếu mua hàng Phụ Kiện, Smartwatch, Đồng hồ thời trang từ 250,000đ (trừ Apple, Beats) trị giá 50,000đ
2 Phiếu mua hàng Apple Watch trị giá 800,000đ
3 Phiếu mua hàng Airpods trị giá 800,000đ
4 Tặng phiếu mua hàng Macbook trị giá 1,000,000đ
5 Tặng Phiếu mua hàng mua Smartwatch (trừ Apple, giá trên 5.000.000đ) trị giá 500.000đ
6 Tặng Phiếu mua hàng Máy lạnh (sản phẩm trên 10tr) trị giá 300.000đ
7 Nhập mã VNPAYTGDD2 giảm tối đa 80,000đ (áp dụng tùy giá trị đơn hàng) khi thanh toán qua VNPAY-QR (Xem chi tiết tại đây)
8 NHẬN HOÀN NGAY ĐẾN 800.000đ khi mở thẻ tín dụng VPBANK MWG (Xem chi tiết tại đây)";;https://www.thegioididong.com/dtdd/iphone-17e-256gb?utm_flashsale=1;iPhone 17e 512GB_Đen.png
iPhone 17e 512GB;Trắng;Yes;24490000;23690000;2026-05-10;"Khuyến mãi trị giá 50.000₫
Giá và khuyến mãi có thể kết thúc sớm hơn dự kiến
1 Tặng phiếu mua hàng Phụ Kiện, Smartwatch, Đồng hồ thời trang từ 250,000đ (trừ Apple, Beats) trị giá 50,000đ
2 Phiếu mua hàng Apple Watch trị giá 800,000đ
3 Phiếu mua hàng Airpods trị giá 800,000đ
4 Tặng phiếu mua hàng Macbook trị giá 1,000,000đ
5 Tặng Phiếu mua hàng mua Smartwatch (trừ Apple, giá trên 5.000.000đ) trị giá 500.000đ
6 Tặng Phiếu mua hàng Máy lạnh (sản phẩm trên 10tr) trị giá 300.000đ
7 Nhập mã VNPAYTGDD2 giảm tối đa 80,000đ (áp dụng tùy giá trị đơn hàng) khi thanh toán qua VNPAY-QR (Xem chi tiết tại đây)
8 NHẬN HOÀN NGAY ĐẾN 800.000đ khi mở thẻ tín dụng VPBANK MWG (Xem chi tiết tại đây)";;https://www.thegioididong.com/dtdd/iphone-17e-256gb?utm_flashsale=1;iPhone 17e 512GB_Trắng.png
iPhone 17 Pro Max 2TB;Cam Vũ Trụ;Yes;63990000;62590000;2026-05-10;"Khuyến mãi trị giá 50.000₫
Giá và khuyến mãi có thể kết thúc sớm hơn dự kiến
1 Tặng phiếu mua hàng Phụ Kiện, Smartwatch, Đồng hồ thời trang từ 250,000đ (trừ Apple, Beats) trị giá 50,000đ
2 Phiếu mua hàng Apple Watch trị giá 800,000đ
3 Phiếu mua hàng Airpods trị giá 800,000đ
4 Tặng phiếu mua hàng Macbook trị giá 1,000,000đ
5 Tặng Phiếu mua hàng mua Smartwatch (trừ Apple, giá trên 5.000.000đ) trị giá 500.000đ
6 Tặng Phiếu mua hàng Máy lạnh (sản phẩm trên 10tr) trị giá 300.000đ
7 Nhập mã VNPAYTGDD2 giảm tối đa 80,000đ (áp dụng tùy giá trị đơn hàng) khi thanh toán qua VNPAY-QR (Xem chi tiết tại đây)
8 NHẬN HOÀN NGAY ĐẾN 800.000đ khi mở thẻ tín dụng VPBANK MWG (Xem chi tiết tại đây)";;https://www.thegioididong.com/dtdd/iphone-17-pro-max;iPhone 17 Pro Max 2TB_Cam Vũ Trụ.png
iPhone 17 Pro Max 2TB;Xanh đậm;Yes;63990000;62090000;2026-05-10;"Khuyến mãi trị giá 50.000₫
Giá và khuyến mãi có thể kết thúc sớm hơn dự kiến
1 Tặng phiếu mua hàng Phụ Kiện, Smartwatch, Đồng hồ thời trang từ 250,000đ (trừ Apple, Beats) trị giá 50,000đ
2 Phiếu mua hàng Apple Watch trị giá 800,000đ
3 Phiếu mua hàng Airpods trị giá 800,000đ
4 Tặng phiếu mua hàng Macbook trị giá 1,000,000đ
5 Tặng Phiếu mua hàng mua Smartwatch (trừ Apple, giá trên 5.000.000đ) trị giá 500.000đ
6 Tặng Phiếu mua hàng Máy lạnh (sản phẩm trên 10tr) trị giá 300.000đ
7 Nhập mã VNPAYTGDD2 giảm tối đa 80,000đ (áp dụng tùy giá trị đơn hàng) khi thanh toán qua VNPAY-QR (Xem chi tiết tại đây)
8 NHẬN HOÀN NGAY ĐẾN 800.000đ khi mở thẻ tín dụng VPBANK MWG (Xem chi tiết tại đây)";;https://www.thegioididong.com/dtdd/iphone-17-pro-max;iPhone 17 Pro Max 2TB_Xanh đậm.png
iPhone 17e 512GB;Hồng nhạt;Yes;24490000;23690000;2026-05-10;"Khuyến mãi trị giá 50.000₫
Giá và khuyến mãi có thể kết thúc sớm hơn dự kiến
1 Tặng phiếu mua hàng Phụ Kiện, Smartwatch, Đồng hồ thời trang từ 250,000đ (trừ Apple, Beats) trị giá 50,000đ
2 Phiếu mua hàng Apple Watch trị giá 800,000đ
3 Phiếu mua hàng Airpods trị giá 800,000đ
4 Tặng phiếu mua hàng Macbook trị giá 1,000,000đ
5 Tặng Phiếu mua hàng mua Smartwatch (trừ Apple, giá trên 5.000.000đ) trị giá 500.000đ
6 Tặng Phiếu mua hàng Máy lạnh (sản phẩm trên 10tr) trị giá 300.000đ
7 Nhập mã VNPAYTGDD2 giảm tối đa 80,000đ (áp dụng tùy giá trị đơn hàng) khi thanh toán qua VNPAY-QR (Xem chi tiết tại đây)
8 NHẬN HOÀN NGAY ĐẾN 800.000đ khi mở thẻ tín dụng VPBANK MWG (Xem chi tiết tại đây)";;https://www.thegioididong.com/dtdd/iphone-17e-256gb?utm_flashsale=1;iPhone 17e 512GB_Hồng nhạt.png
iPhone 17 Pro Max 2TB;Bạc;Yes;63990000;63090000;2026-05-10;"Khuyến mãi trị giá 50.000₫
Giá và khuyến mãi có thể kết thúc sớm hơn dự kiến
1 Tặng phiếu mua hàng Phụ Kiện, Smartwatch, Đồng hồ thời trang từ 250,000đ (trừ Apple, Beats) trị giá 50,000đ
2 Phiếu mua hàng Apple Watch trị giá 800,000đ
3 Phiếu mua hàng Airpods trị giá 800,000đ
4 Tặng phiếu mua hàng Macbook trị giá 1,000,000đ
5 Tặng Phiếu mua hàng mua Smartwatch (trừ Apple, giá trên 5.000.000đ) trị giá 500.000đ
6 Tặng Phiếu mua hàng Máy lạnh (sản phẩm trên 10tr) trị giá 300.000đ
7 Nhập mã VNPAYTGDD2 giảm tối đa 80,000đ (áp dụng tùy giá trị đơn hàng) khi thanh toán qua VNPAY-QR (Xem chi tiết tại đây)
8 NHẬN HOÀN NGAY ĐẾN 800.000đ khi mở thẻ tín dụng VPBANK MWG (Xem chi tiết tại đây)";;https://www.thegioididong.com/dtdd/iphone-17-pro-max;iPhone 17 Pro Max 2TB_Bạc.png
iPhone 17e 512GB;Đen;Yes;24490000;23690000;2026-05-10;"Khuyến mãi trị giá 50.000₫
Giá và khuyến mãi có thể kết thúc sớm hơn dự kiến
1 Tặng phiếu mua hàng Phụ Kiện, Smartwatch, Đồng hồ thời trang từ 250,000đ (trừ Apple, Beats) trị giá 50,000đ
2 Phiếu mua hàng Apple Watch trị giá 800,000đ
3 Phiếu mua hàng Airpods trị giá 800,000đ
4 Tặng phiếu mua hàng Macbook trị giá 1,000,000đ
5 Tặng Phiếu mua hàng mua Smartwatch (trừ Apple, giá trên 5.000.000đ) trị giá 500.000đ
6 Tặng Phiếu mua hàng Máy lạnh (sản phẩm trên 10tr) trị giá 300.000đ
7 Nhập mã VNPAYTGDD2 giảm tối đa 80,000đ (áp dụng tùy giá trị đơn hàng) khi thanh toán qua VNPAY-QR (Xem chi tiết tại đây)
8 NHẬN HOÀN NGAY ĐẾN 800.000đ khi mở thẻ tín dụng VPBANK MWG (Xem chi tiết tại đây)";;https://www.thegioididong.com/dtdd/iphone-17e-256gb?utm_flashsale=1;iPhone 17e 512GB_Đen.png
Error getting name;Trắng;No;0;0;2026-05-10;;;https://www.thegioididong.com/dtdd/iphone-17;FULL_Error getting name_Trắng.png
iPhone 17 Pro Max 2TB;Cam Vũ Trụ;Yes;63990000;62590000;2026-05-10;"Khuyến mãi trị giá 50.000₫
Giá và khuyến mãi có thể kết thúc sớm hơn dự kiến
1 Tặng phiếu mua hàng Phụ Kiện, Smartwatch, Đồng hồ thời trang từ 250,000đ (trừ Apple, Beats) trị giá 50,000đ
2 Phiếu mua hàng Apple Watch trị giá 800,000đ
3 Phiếu mua hàng Airpods trị giá 800,000đ
4 Tặng phiếu mua hàng Macbook trị giá 1,000,000đ
5 Tặng Phiếu mua hàng mua Smartwatch (trừ Apple, giá trên 5.000.000đ) trị giá 500.000đ
6 Tặng Phiếu mua hàng Máy lạnh (sản phẩm trên 10tr) trị giá 300.000đ
7 Nhập mã VNPAYTGDD2 giảm tối đa 80,000đ (áp dụng tùy giá trị đơn hàng) khi thanh toán qua VNPAY-QR (Xem chi tiết tại đây)
8 NHẬN HOÀN NGAY ĐẾN 800.000đ khi mở thẻ tín dụng VPBANK MWG (Xem chi tiết tại đây)";;https://www.thegioididong.com/dtdd/iphone-17-pro-max;iPhone 17 Pro Max 2TB_Cam Vũ Trụ.png
iPhone 17e 512GB;Trắng;Yes;24490000;23690000;2026-05-10;"Khuyến mãi trị giá 50.000₫
Giá và khuyến mãi có thể kết thúc sớm hơn dự kiến
1 Tặng phiếu mua hàng Phụ Kiện, Smartwatch, Đồng hồ thời trang từ 250,000đ (trừ Apple, Beats) trị giá 50,000đ
2 Phiếu mua hàng Apple Watch trị giá 800,000đ
3 Phiếu mua hàng Airpods trị giá 800,000đ
4 Tặng phiếu mua hàng Macbook trị giá 1,000,000đ
5 Tặng Phiếu mua hàng mua Smartwatch (trừ Apple, giá trên 5.000.000đ) trị giá 500.000đ
6 Tặng Phiếu mua hàng Máy lạnh (sản phẩm trên 10tr) trị giá 300.000đ
7 Nhập mã VNPAYTGDD2 giảm tối đa 80,000đ (áp dụng tùy giá trị đơn hàng) khi thanh toán qua VNPAY-QR (Xem chi tiết tại đây)
8 NHẬN HOÀN NGAY ĐẾN 800.000đ khi mở thẻ tín dụng VPBANK MWG (Xem chi tiết tại đây)";;https://www.thegioididong.com/dtdd/iphone-17e-256gb?utm_flashsale=1;iPhone 17e 512GB_Trắng.png
iPhone 17 Pro Max 2TB;Xanh đậm;Yes;63990000;62090000;2026-05-10;"Khuyến mãi trị giá 50.000₫
Giá và khuyến mãi có thể kết thúc sớm hơn dự kiến
1 Tặng phiếu mua hàng Phụ Kiện, Smartwatch, Đồng hồ thời trang từ 250,000đ (trừ Apple, Beats) trị giá 50,000đ
2 Phiếu mua hàng Apple Watch trị giá 800,000đ
3 Phiếu mua hàng Airpods trị giá 800,000đ
4 Tặng phiếu mua hàng Macbook trị giá 1,000,000đ
5 Tặng Phiếu mua hàng mua Smartwatch (trừ Apple, giá trên 5.000.000đ) trị giá 500.000đ
6 Tặng Phiếu mua hàng Máy lạnh (sản phẩm trên 10tr) trị giá 300.000đ
7 Nhập mã VNPAYTGDD2 giảm tối đa 80,000đ (áp dụng tùy giá trị đơn hàng) khi thanh toán qua VNPAY-QR (Xem chi tiết tại đây)
8 NHẬN HOÀN NGAY ĐẾN 800.000đ khi mở thẻ tín dụng VPBANK MWG (Xem chi tiết tại đây)";;https://www.thegioididong.com/dtdd/iphone-17-pro-max;iPhone 17 Pro Max 2TB_Xanh đậm.png
iPhone 17 Pro Max 2TB;Bạc;Yes;63990000;63090000;2026-05-10;"Khuyến mãi trị giá 50.000₫
Giá và khuyến mãi có thể kết thúc sớm hơn dự kiến
1 Tặng phiếu mua hàng Phụ Kiện, Smartwatch, Đồng hồ thời trang từ 250,000đ (trừ Apple, Beats) trị giá 50,000đ
2 Phiếu mua hàng Apple Watch trị giá 800,000đ
3 Phiếu mua hàng Airpods trị giá 800,000đ
4 Tặng phiếu mua hàng Macbook trị giá 1,000,000đ
5 Tặng Phiếu mua hàng mua Smartwatch (trừ Apple, giá trên 5.000.000đ) trị giá 500.000đ
6 Tặng Phiếu mua hàng Máy lạnh (sản phẩm trên 10tr) trị giá 300.000đ
7 Nhập mã VNPAYTGDD2 giảm tối đa 80,000đ (áp dụng tùy giá trị đơn hàng) khi thanh toán qua VNPAY-QR (Xem chi tiết tại đây)
8 NHẬN HOÀN NGAY ĐẾN 800.000đ khi mở thẻ tín dụng VPBANK MWG (Xem chi tiết tại đây)";;https://www.thegioididong.com/dtdd/iphone-17-pro-max;iPhone 17 Pro Max 2TB_Bạc.png
iPhone Air 256GB;Vàng Nhạt;Yes;31990000;22990000;2026-05-10;"Khuyến mãi
Giá và khuyến mãi dự kiến áp dụng đến 23:00 | 31/05
1 Phiếu mua hàng Apple Watch trị giá 800,000đ
2 Phiếu mua hàng Airpods trị giá 800,000đ
3 Tặng phiếu mua hàng Macbook trị giá 1,000,000đ
4 Tặng Phiếu mua hàng mua Smartwatch (trừ Apple, giá trên 5.000.000đ) trị giá 500.000đ
5 Tặng Phiếu mua hàng Máy lạnh (sản phẩm trên 10tr) trị giá 300.000đ
6 Thu cũ đổi mới: Giảm đến 2,000,000đ (Không kèm ưu đãi thanh toán qua cổng, mua kèm) Xem chi tiết
7 Nhập mã VNPAYTGDD2 giảm tối đa 80,000đ (áp dụng tùy giá trị đơn hàng) khi thanh toán qua VNPAY-QR (Xem chi tiết tại đây)
8 NHẬN HOÀN NGAY ĐẾN 800.000đ khi mở thẻ tín dụng VPBANK MWG (Xem chi tiết tại đây)";;https://www.thegioididong.com/dtdd/iphone-air?utm_flashsale=1;iPhone Air 256GB_Vàng Nhạt.png
MacBook Air 13 inch M4 16GB/256GB;Default;Yes;26490000;25490000;2026-05-10;"Khuyến mãi trị giá 500.000₫
Giá và khuyến mãi có thể kết thúc sớm hơn dự kiến
1 Chọn 1 trong các khuyến mãi:
Giảm giá 500,000đ (đã giảm vào giá sản phẩm)
Tặng Microsoft 365 Personal
2 Phiếu mua hàng Chuột, Bàn phím (Apple) trị giá 500,000đ
3 Tặng Phiếu mua hàng Đồng hồ Định vị trẻ em trị giá 100.000đ
4 Tặng Phiếu mua Bộ Adapter Sạc 4 cổng 140W Anker Zolo B2697 trị giá 100.000đ
5 Tặng Phiếu mua hàng 50.000đ mua Chuột Logitech M240
6 Tặng Phiếu mua hàng Balo, Túi chống sốc (giá trị trên 1,000,000đ) trị giá 300,000đ
7 Tặng Phiếu mua hàng Máy lạnh (sản phẩm trên 10tr) trị giá 300.000đ
8 Nhập mã VNPAYTGDD2 giảm tối đa 80,000đ (áp dụng tùy giá trị đơn hàng) khi thanh toán qua VNPAY-QR (Xem chi tiết tại đây)
9 NHẬN HOÀN NGAY ĐẾN 800.000đ khi mở thẻ tín dụng VPBANK MWG (Xem chi tiết tại đây)";;https://www.thegioididong.com/laptop/macbook-air-13-inch-m4-16gb-256gb;MacBook Air 13 inch M4 16GB256GB_Default.png
iPhone Air 256GB;Trắng Mây;Yes;31990000;22990000;2026-05-10;"Khuyến mãi
Giá và khuyến mãi dự kiến áp dụng đến 23:00 | 31/05
1 Phiếu mua hàng Apple Watch trị giá 800,000đ
2 Phiếu mua hàng Airpods trị giá 800,000đ
3 Tặng phiếu mua hàng Macbook trị giá 1,000,000đ
4 Tặng Phiếu mua hàng mua Smartwatch (trừ Apple, giá trên 5.000.000đ) trị giá 500.000đ
5 Tặng Phiếu mua hàng Máy lạnh (sản phẩm trên 10tr) trị giá 300.000đ
6 Thu cũ đổi mới: Giảm đến 2,000,000đ (Không kèm ưu đãi thanh toán qua cổng, mua kèm) Xem chi tiết
7 Nhập mã VNPAYTGDD2 giảm tối đa 80,000đ (áp dụng tùy giá trị đơn hàng) khi thanh toán qua VNPAY-QR (Xem chi tiết tại đây)
8 NHẬN HOÀN NGAY ĐẾN 800.000đ khi mở thẻ tín dụng VPBANK MWG (Xem chi tiết tại đây)";;https://www.thegioididong.com/dtdd/iphone-air?utm_flashsale=1;iPhone Air 256GB_Trắng Mây.png
iPhone Air 256GB;Xanh da trời;Yes;31990000;22990000;2026-05-10;"Khuyến mãi
Giá và khuyến mãi dự kiến áp dụng đến 23:00 | 31/05
1 Phiếu mua hàng Apple Watch trị giá 800,000đ
2 Phiếu mua hàng Airpods trị giá 800,000đ
3 Tặng phiếu mua hàng Macbook trị giá 1,000,000đ
4 Tặng Phiếu mua hàng mua Smartwatch (trừ Apple, giá trên 5.000.000đ) trị giá 500.000đ
5 Tặng Phiếu mua hàng Máy lạnh (sản phẩm trên 10tr) trị giá 300.000đ
6 Thu cũ đổi mới: Giảm đến 2,000,000đ (Không kèm ưu đãi thanh toán qua cổng, mua kèm) Xem chi tiết
7 Nhập mã VNPAYTGDD2 giảm tối đa 80,000đ (áp dụng tùy giá trị đơn hàng) khi thanh toán qua VNPAY-QR (Xem chi tiết tại đây)
8 NHẬN HOÀN NGAY ĐẾN 800.000đ khi mở thẻ tín dụng VPBANK MWG (Xem chi tiết tại đây)";;https://www.thegioididong.com/dtdd/iphone-air?utm_flashsale=1;iPhone Air 256GB_Xanh da trời.png
MacBook Air 13 inch M4 16GB/256GB Sạc 70W;Vàng;No;27090000;26390000;2026-05-10;"Khuyến mãi trị giá 500.000₫
Giá và khuyến mãi dự kiến áp dụng đến 23:00 | 31/05
1 Chọn 1 trong các khuyến mãi:
Giảm giá 500,000đ
Tặng Microsoft 365 Personal
2 Phiếu mua hàng Chuột, Bàn phím (Apple) trị giá 500,000đ
3 Tặng Phiếu mua hàng Đồng hồ Định vị trẻ em trị giá 100.000đ
4 Tặng Phiếu mua Bộ Adapter Sạc 4 cổng 140W Anker Zolo B2697 trị giá 100.000đ
5 Tặng Phiếu mua hàng 50.000đ mua Chuột Logitech M240
6 Tặng Phiếu mua hàng Balo, Túi chống sốc (giá trị trên 1,000,000đ) trị giá 300,000đ
7 Tặng Phiếu mua hàng Máy lạnh (sản phẩm trên 10tr) trị giá 300.000đ
8 Thu cũ đổi mới: Giảm thêm 300,000đ (Không kèm ưu đãi thanh toán qua cổng, mua kèm) (click xem chi tiết).
9 Nhập mã VNPAYTGDD2 giảm tối đa 80,000đ (áp dụng tùy giá trị đơn hàng) khi thanh toán qua VNPAY-QR (Xem chi tiết tại đây)
10 NHẬN HOÀN NGAY ĐẾN 800.000đ khi mở thẻ tín dụng VPBANK MWG (Xem chi tiết tại đây)";;https://www.thegioididong.com/laptop/macbook-air-13-inch-m4-16gb-256gb-sac-70w;MacBook Air 13 inch M4 16GB256GB Sạc 70W_Vàng.png
Error getting name;Default;No;0;0;2026-05-10;;;https://www.thegioididong.com/dtdd/iphone-17;FULL_Error getting name_Default.png
iPhone Air 256GB giá tốt, thu cũ giảm đến 3tr, siêu mỏng;Đen Không Gian;No;0;0;2026-05-10;;;https://www.thegioididong.com/dtdd/iphone-air?utm_flashsale=1;FULL_iPhone Air 256GB giá tốt, thu cũ giảm đến 3tr, siêu mỏng_Đen Không Gian.png
MacBook Air 13 inch M4 16GB/256GB Sạc 70W 10CPU 8GPU;Bạc;No;0;0;2026-05-10;;;https://www.thegioididong.com/laptop/macbook-air-13-inch-m4-16gb-256gb-sac-70w;FULL_MacBook Air 13 inch M4 16GB256GB Sạc 70W 10CPU 8GPU_Bạc.png
MacBook Air 13 inch M4 16GB/256GB Sạc 70W;Xanh da trời nhạt;Yes;27090000;26390000;2026-05-10;"Khuyến mãi trị giá 500.000₫
Giá và khuyến mãi dự kiến áp dụng đến 23:00 | 31/05
1 Chọn 1 trong các khuyến mãi:
Giảm giá 500,000đ (đã giảm vào giá sản phẩm)
Tặng Microsoft 365 Personal
2 Phiếu mua hàng Chuột, Bàn phím (Apple) trị giá 500,000đ
3 Tặng Phiếu mua hàng Đồng hồ Định vị trẻ em trị giá 100.000đ
4 Tặng Phiếu mua Bộ Adapter Sạc 4 cổng 140W Anker Zolo B2697 trị giá 100.000đ
5 Tặng Phiếu mua hàng 50.000đ mua Chuột Logitech M240
6 Tặng Phiếu mua hàng Balo, Túi chống sốc (giá trị trên 1,000,000đ) trị giá 300,000đ
7 Tặng Phiếu mua hàng Máy lạnh (sản phẩm trên 10tr) trị giá 300.000đ
8 Thu cũ đổi mới: Giảm thêm 300,000đ (Không kèm ưu đãi thanh toán qua cổng, mua kèm) (click xem chi tiết).
9 Nhập mã VNPAYTGDD2 giảm tối đa 80,000đ (áp dụng tùy giá trị đơn hàng) khi thanh toán qua VNPAY-QR (Xem chi tiết tại đây)
10 NHẬN HOÀN NGAY ĐẾN 800.000đ khi mở thẻ tín dụng VPBANK MWG (Xem chi tiết tại đây)";;https://www.thegioididong.com/laptop/macbook-air-13-inch-m4-16gb-256gb-sac-70w;MacBook Air 13 inch M4 16GB256GB Sạc 70W_Xanh da trời nhạt.png
iPhone Air 512GB;Xanh da trời;Yes;38490000;28990000;2026-05-10;"Khuyến mãi
Giá và khuyến mãi dự kiến áp dụng đến 23:00 | 31/05
1 Phiếu mua hàng Apple Watch trị giá 800,000đ
2 Phiếu mua hàng Airpods trị giá 800,000đ
3 Tặng phiếu mua hàng Macbook trị giá 1,000,000đ
4 Tặng Phiếu mua hàng mua Smartwatch (trừ Apple, giá trên 5.000.000đ) trị giá 500.000đ
5 Tặng Phiếu mua hàng Máy lạnh (sản phẩm trên 10tr) trị giá 300.000đ
6 Thu cũ đổi mới: Giảm đến 2,000,000đ (Không kèm ưu đãi thanh toán qua cổng, mua kèm) Xem chi tiết
7 Nhập mã VNPAYTGDD2 giảm tối đa 80,000đ (áp dụng tùy giá trị đơn hàng) khi thanh toán qua VNPAY-QR (Xem chi tiết tại đây)
8 NHẬN HOÀN NGAY ĐẾN 800.000đ khi mở thẻ tín dụng VPBANK MWG (Xem chi tiết tại đây)";;https://www.thegioididong.com/dtdd/iphone-air?utm_flashsale=1;iPhone Air 512GB_Xanh da trời.png
MacBook Air 13 inch M4 16GB/256GB Sạc 70W;Xanh đen;Yes;27090000;26390000;2026-05-10;"Khuyến mãi trị giá 500.000₫
Giá và khuyến mãi dự kiến áp dụng đến 23:00 | 31/05
1 Chọn 1 trong các khuyến mãi:
Giảm giá 500,000đ (đã giảm vào giá sản phẩm)
Tặng Microsoft 365 Personal
2 Phiếu mua hàng Chuột, Bàn phím (Apple) trị giá 500,000đ
3 Tặng Phiếu mua hàng Đồng hồ Định vị trẻ em trị giá 100.000đ
4 Tặng Phiếu mua Bộ Adapter Sạc 4 cổng 140W Anker Zolo B2697 trị giá 100.000đ
5 Tặng Phiếu mua hàng 50.000đ mua Chuột Logitech M240
6 Tặng Phiếu mua hàng Balo, Túi chống sốc (giá trị trên 1,000,000đ) trị giá 300,000đ
7 Tặng Phiếu mua hàng Máy lạnh (sản phẩm trên 10tr) trị giá 300.000đ
8 Thu cũ đổi mới: Giảm thêm 300,000đ (Không kèm ưu đãi thanh toán qua cổng, mua kèm) (click xem chi tiết).
9 Nhập mã VNPAYTGDD2 giảm tối đa 80,000đ (áp dụng tùy giá trị đơn hàng) khi thanh toán qua VNPAY-QR (Xem chi tiết tại đây)
10 NHẬN HOÀN NGAY ĐẾN 800.000đ khi mở thẻ tín dụng VPBANK MWG (Xem chi tiết tại đây)";;https://www.thegioididong.com/laptop/macbook-air-13-inch-m4-16gb-256gb-sac-70w;MacBook Air 13 inch M4 16GB256GB Sạc 70W_Xanh đen.png
MacBook Air 13 inch M4 16GB/256GB Sạc 70W;Vàng;No;27090000;26390000;2026-05-10;"Khuyến mãi trị giá 500.000₫
Giá và khuyến mãi dự kiến áp dụng đến 23:00 | 31/05
1 Chọn 1 trong các khuyến mãi:
Giảm giá 500,000đ
Tặng Microsoft 365 Personal
2 Phiếu mua hàng Chuột, Bàn phím (Apple) trị giá 500,000đ
3 Tặng Phiếu mua hàng Đồng hồ Định vị trẻ em trị giá 100.000đ
4 Tặng Phiếu mua Bộ Adapter Sạc 4 cổng 140W Anker Zolo B2697 trị giá 100.000đ
5 Tặng Phiếu mua hàng 50.000đ mua Chuột Logitech M240
6 Tặng Phiếu mua hàng Balo, Túi chống sốc (giá trị trên 1,000,000đ) trị giá 300,000đ
7 Tặng Phiếu mua hàng Máy lạnh (sản phẩm trên 10tr) trị giá 300.000đ
8 Thu cũ đổi mới: Giảm thêm 300,000đ (Không kèm ưu đãi thanh toán qua cổng, mua kèm) (click xem chi tiết).
9 Nhập mã VNPAYTGDD2 giảm tối đa 80,000đ (áp dụng tùy giá trị đơn hàng) khi thanh toán qua VNPAY-QR (Xem chi tiết tại đây)
10 NHẬN HOÀN NGAY ĐẾN 800.000đ khi mở thẻ tín dụng VPBANK MWG (Xem chi tiết tại đây)";;https://www.thegioididong.com/laptop/macbook-air-13-inch-m4-16gb-256gb-sac-70w;MacBook Air 13 inch M4 16GB256GB Sạc 70W_Vàng.png
MacBook Air 13 inch M4 16GB/256GB Sạc 70W;Bạc;No;27090000;26390000;2026-05-10;"Khuyến mãi trị giá 500.000₫
Giá và khuyến mãi dự kiến áp dụng đến 23:00 | 31/05
1 Chọn 1 trong các khuyến mãi:
Giảm giá 500,000đ
Tặng Microsoft 365 Personal
2 Phiếu mua hàng Chuột, Bàn phím (Apple) trị giá 500,000đ
3 Tặng Phiếu mua hàng Đồng hồ Định vị trẻ em trị giá 100.000đ
4 Tặng Phiếu mua Bộ Adapter Sạc 4 cổng 140W Anker Zolo B2697 trị giá 100.000đ
5 Tặng Phiếu mua hàng 50.000đ mua Chuột Logitech M240
6 Tặng Phiếu mua hàng Balo, Túi chống sốc (giá trị trên 1,000,000đ) trị giá 300,000đ
7 Tặng Phiếu mua hàng Máy lạnh (sản phẩm trên 10tr) trị giá 300.000đ
8 Thu cũ đổi mới: Giảm thêm 300,000đ (Không kèm ưu đãi thanh toán qua cổng, mua kèm) (click xem chi tiết).
9 Nhập mã VNPAYTGDD2 giảm tối đa 80,000đ (áp dụng tùy giá trị đơn hàng) khi thanh toán qua VNPAY-QR (Xem chi tiết tại đây)
10 NHẬN HOÀN NGAY ĐẾN 800.000đ khi mở thẻ tín dụng VPBANK MWG (Xem chi tiết tại đây)";;https://www.thegioididong.com/laptop/macbook-air-13-inch-m4-16gb-256gb-sac-70w;MacBook Air 13 inch M4 16GB256GB Sạc 70W_Bạc.png
MacBook Air 13 inch M4 16GB/256GB Sạc 70W;Xanh da trời nhạt;Yes;27090000;26390000;2026-05-10;"Khuyến mãi trị giá 500.000₫
Giá và khuyến mãi dự kiến áp dụng đến 23:00 | 31/05
1 Chọn 1 trong các khuyến mãi:
Giảm giá 500,000đ (đã giảm vào giá sản phẩm)
Tặng Microsoft 365 Personal
2 Phiếu mua hàng Chuột, Bàn phím (Apple) trị giá 500,000đ
3 Tặng Phiếu mua hàng Đồng hồ Định vị trẻ em trị giá 100.000đ
4 Tặng Phiếu mua Bộ Adapter Sạc 4 cổng 140W Anker Zolo B2697 trị giá 100.000đ
5 Tặng Phiếu mua hàng 50.000đ mua Chuột Logitech M240
6 Tặng Phiếu mua hàng Balo, Túi chống sốc (giá trị trên 1,000,000đ) trị giá 300,000đ
7 Tặng Phiếu mua hàng Máy lạnh (sản phẩm trên 10tr) trị giá 300.000đ
8 Thu cũ đổi mới: Giảm thêm 300,000đ (Không kèm ưu đãi thanh toán qua cổng, mua kèm) (click xem chi tiết).
9 Nhập mã VNPAYTGDD2 giảm tối đa 80,000đ (áp dụng tùy giá trị đơn hàng) khi thanh toán qua VNPAY-QR (Xem chi tiết tại đây)
10 NHẬN HOÀN NGAY ĐẾN 800.000đ khi mở thẻ tín dụng VPBANK MWG (Xem chi tiết tại đây)";;https://www.thegioididong.com/laptop/macbook-air-13-inch-m4-16gb-256gb-sac-70w;MacBook Air 13 inch M4 16GB256GB Sạc 70W_Xanh da trời nhạt.png
MacBook Air 13 inch M4 16GB/256GB Sạc 70W;Xanh đen;Yes;27090000;26390000;2026-05-10;"Khuyến mãi trị giá 500.000₫
Giá và khuyến mãi dự kiến áp dụng đến 23:00 | 31/05
1 Chọn 1 trong các khuyến mãi:
Giảm giá 500,000đ (đã giảm vào giá sản phẩm)
Tặng Microsoft 365 Personal
2 Phiếu mua hàng Chuột, Bàn phím (Apple) trị giá 500,000đ
3 Tặng Phiếu mua hàng Đồng hồ Định vị trẻ em trị giá 100.000đ
4 Tặng Phiếu mua Bộ Adapter Sạc 4 cổng 140W Anker Zolo B2697 trị giá 100.000đ
5 Tặng Phiếu mua hàng 50.000đ mua Chuột Logitech M240
6 Tặng Phiếu mua hàng Balo, Túi chống sốc (giá trị trên 1,000,000đ) trị giá 300,000đ
7 Tặng Phiếu mua hàng Máy lạnh (sản phẩm trên 10tr) trị giá 300.000đ
8 Thu cũ đổi mới: Giảm thêm 300,000đ (Không kèm ưu đãi thanh toán qua cổng, mua kèm) (click xem chi tiết).
9 Nhập mã VNPAYTGDD2 giảm tối đa 80,000đ (áp dụng tùy giá trị đơn hàng) khi thanh toán qua VNPAY-QR (Xem chi tiết tại đây)
10 NHẬN HOÀN NGAY ĐẾN 800.000đ khi mở thẻ tín dụng VPBANK MWG (Xem chi tiết tại đây)";;https://www.thegioididong.com/laptop/macbook-air-13-inch-m4-16gb-256gb-sac-70w;MacBook Air 13 inch M4 16GB256GB Sạc 70W_Xanh đen.png
MacBook Air 13 inch M4 16GB/256GB Sạc 70W;Vàng;No;27090000;26390000;2026-05-10;"Khuyến mãi trị giá 500.000₫
Giá và khuyến mãi dự kiến áp dụng đến 23:00 | 31/05
1 Chọn 1 trong các khuyến mãi:
Giảm giá 500,000đ
Tặng Microsoft 365 Personal
2 Phiếu mua hàng Chuột, Bàn phím (Apple) trị giá 500,000đ
3 Tặng Phiếu mua hàng Đồng hồ Định vị trẻ em trị giá 100.000đ
4 Tặng Phiếu mua Bộ Adapter Sạc 4 cổng 140W Anker Zolo B2697 trị giá 100.000đ
5 Tặng Phiếu mua hàng 50.000đ mua Chuột Logitech M240
6 Tặng Phiếu mua hàng Balo, Túi chống sốc (giá trị trên 1,000,000đ) trị giá 300,000đ
7 Tặng Phiếu mua hàng Máy lạnh (sản phẩm trên 10tr) trị giá 300.000đ
8 Thu cũ đổi mới: Giảm thêm 300,000đ (Không kèm ưu đãi thanh toán qua cổng, mua kèm) (click xem chi tiết).
9 Nhập mã VNPAYTGDD2 giảm tối đa 80,000đ (áp dụng tùy giá trị đơn hàng) khi thanh toán qua VNPAY-QR (Xem chi tiết tại đây)
10 NHẬN HOÀN NGAY ĐẾN 800.000đ khi mở thẻ tín dụng VPBANK MWG (Xem chi tiết tại đây)";;https://www.thegioididong.com/laptop/macbook-air-13-inch-m4-16gb-256gb-sac-70w;MacBook Air 13 inch M4 16GB256GB Sạc 70W_Vàng.png
MacBook Air 13 inch M4 16GB/256GB Sạc 70W;Bạc;No;27090000;26390000;2026-05-10;"Khuyến mãi trị giá 500.000₫
Giá và khuyến mãi dự kiến áp dụng đến 23:00 | 31/05
1 Chọn 1 trong các khuyến mãi:
Giảm giá 500,000đ
Tặng Microsoft 365 Personal
2 Phiếu mua hàng Chuột, Bàn phím (Apple) trị giá 500,000đ
3 Tặng Phiếu mua hàng Đồng hồ Định vị trẻ em trị giá 100.000đ
4 Tặng Phiếu mua Bộ Adapter Sạc 4 cổng 140W Anker Zolo B2697 trị giá 100.000đ
5 Tặng Phiếu mua hàng 50.000đ mua Chuột Logitech M240
6 Tặng Phiếu mua hàng Balo, Túi chống sốc (giá trị trên 1,000,000đ) trị giá 300,000đ
7 Tặng Phiếu mua hàng Máy lạnh (sản phẩm trên 10tr) trị giá 300.000đ
8 Thu cũ đổi mới: Giảm thêm 300,000đ (Không kèm ưu đãi thanh toán qua cổng, mua kèm) (click xem chi tiết).
9 Nhập mã VNPAYTGDD2 giảm tối đa 80,000đ (áp dụng tùy giá trị đơn hàng) khi thanh toán qua VNPAY-QR (Xem chi tiết tại đây)
10 NHẬN HOÀN NGAY ĐẾN 800.000đ khi mở thẻ tín dụng VPBANK MWG (Xem chi tiết tại đây)";;https://www.thegioididong.com/laptop/macbook-air-13-inch-m4-16gb-256gb-sac-70w;MacBook Air 13 inch M4 16GB256GB Sạc 70W_Bạc.png
iPhone Air 512GB siêu mỏng, giảm ngay 5.5 triệu, BH 1 năm;Đen Không Gian;No;0;0;2026-05-10;;;https://www.thegioididong.com/dtdd/iphone-air?utm_flashsale=1;FULL_iPhone Air 512GB siêu mỏng, giảm ngay 5.5 triệu, BH 1 năm_Đen Không Gian.png
MacBook Air 13 inch M4 16GB/256GB Sạc 70W;Xanh da trời nhạt;Yes;27090000;26390000;2026-05-10;"Khuyến mãi trị giá 500.000₫
Giá và khuyến mãi dự kiến áp dụng đến 23:00 | 31/05
1 Chọn 1 trong các khuyến mãi:
Giảm giá 500,000đ (đã giảm vào giá sản phẩm)
Tặng Microsoft 365 Personal
2 Phiếu mua hàng Chuột, Bàn phím (Apple) trị giá 500,000đ
3 Tặng Phiếu mua hàng Đồng hồ Định vị trẻ em trị giá 100.000đ
4 Tặng Phiếu mua Bộ Adapter Sạc 4 cổng 140W Anker Zolo B2697 trị giá 100.000đ
5 Tặng Phiếu mua hàng 50.000đ mua Chuột Logitech M240
6 Tặng Phiếu mua hàng Balo, Túi chống sốc (giá trị trên 1,000,000đ) trị giá 300,000đ
7 Tặng Phiếu mua hàng Máy lạnh (sản phẩm trên 10tr) trị giá 300.000đ
8 Thu cũ đổi mới: Giảm thêm 300,000đ (Không kèm ưu đãi thanh toán qua cổng, mua kèm) (click xem chi tiết).
9 Nhập mã VNPAYTGDD2 giảm tối đa 80,000đ (áp dụng tùy giá trị đơn hàng) khi thanh toán qua VNPAY-QR (Xem chi tiết tại đây)
10 NHẬN HOÀN NGAY ĐẾN 800.000đ khi mở thẻ tín dụng VPBANK MWG (Xem chi tiết tại đây)";;https://www.thegioididong.com/laptop/macbook-air-13-inch-m4-16gb-256gb-sac-70w;MacBook Air 13 inch M4 16GB256GB Sạc 70W_Xanh da trời nhạt.png
MacBook Air 13 inch M4 16GB/256GB Sạc 70W;Xanh đen;Yes;27090000;26390000;2026-05-10;"Khuyến mãi trị giá 500.000₫
Giá và khuyến mãi dự kiến áp dụng đến 23:00 | 31/05
1 Chọn 1 trong các khuyến mãi:
Giảm giá 500,000đ (đã giảm vào giá sản phẩm)
Tặng Microsoft 365 Personal
2 Phiếu mua hàng Chuột, Bàn phím (Apple) trị giá 500,000đ
3 Tặng Phiếu mua hàng Đồng hồ Định vị trẻ em trị giá 100.000đ
4 Tặng Phiếu mua Bộ Adapter Sạc 4 cổng 140W Anker Zolo B2697 trị giá 100.000đ
5 Tặng Phiếu mua hàng 50.000đ mua Chuột Logitech M240
6 Tặng Phiếu mua hàng Balo, Túi chống sốc (giá trị trên 1,000,000đ) trị giá 300,000đ
7 Tặng Phiếu mua hàng Máy lạnh (sản phẩm trên 10tr) trị giá 300.000đ
8 Thu cũ đổi mới: Giảm thêm 300,000đ (Không kèm ưu đãi thanh toán qua cổng, mua kèm) (click xem chi tiết).
9 Nhập mã VNPAYTGDD2 giảm tối đa 80,000đ (áp dụng tùy giá trị đơn hàng) khi thanh toán qua VNPAY-QR (Xem chi tiết tại đây)
10 NHẬN HOÀN NGAY ĐẾN 800.000đ khi mở thẻ tín dụng VPBANK MWG (Xem chi tiết tại đây)";;https://www.thegioididong.com/laptop/macbook-air-13-inch-m4-16gb-256gb-sac-70w;MacBook Air 13 inch M4 16GB256GB Sạc 70W_Xanh đen.png
iPhone Air 512GB;Vàng Nhạt;No;38490000;28990000;2026-05-10;"Khuyến mãi
Giá và khuyến mãi dự kiến áp dụng đến 23:00 | 31/05
1 Phiếu mua hàng Apple Watch trị giá 800,000đ
2 Phiếu mua hàng Airpods trị giá 800,000đ
3 Tặng phiếu mua hàng Macbook trị giá 1,000,000đ
4 Tặng Phiếu mua hàng mua Smartwatch (trừ Apple, giá trên 5.000.000đ) trị giá 500.000đ
5 Tặng Phiếu mua hàng Máy lạnh (sản phẩm trên 10tr) trị giá 300.000đ
6 Thu cũ đổi mới: Giảm đến 2,000,000đ (Không kèm ưu đãi thanh toán qua cổng, mua kèm) Xem chi tiết
7 Nhập mã VNPAYTGDD2 giảm tối đa 80,000đ (áp dụng tùy giá trị đơn hàng) khi thanh toán qua VNPAY-QR (Xem chi tiết tại đây)
8 NHẬN HOÀN NGAY ĐẾN 800.000đ khi mở thẻ tín dụng VPBANK MWG (Xem chi tiết tại đây)";;https://www.thegioididong.com/dtdd/iphone-air?utm_flashsale=1;iPhone Air 512GB_Vàng Nhạt.png
MacBook Air 13 inch M4 16GB/256GB Sạc 70W;Vàng;No;27090000;26390000;2026-05-10;"Khuyến mãi trị giá 500.000₫
Giá và khuyến mãi dự kiến áp dụng đến 23:00 | 31/05
1 Chọn 1 trong các khuyến mãi:
Giảm giá 500,000đ
Tặng Microsoft 365 Personal
2 Phiếu mua hàng Chuột, Bàn phím (Apple) trị giá 500,000đ
3 Tặng Phiếu mua hàng Đồng hồ Định vị trẻ em trị giá 100.000đ
4 Tặng Phiếu mua Bộ Adapter Sạc 4 cổng 140W Anker Zolo B2697 trị giá 100.000đ
5 Tặng Phiếu mua hàng 50.000đ mua Chuột Logitech M240
6 Tặng Phiếu mua hàng Balo, Túi chống sốc (giá trị trên 1,000,000đ) trị giá 300,000đ
7 Tặng Phiếu mua hàng Máy lạnh (sản phẩm trên 10tr) trị giá 300.000đ
8 Thu cũ đổi mới: Giảm thêm 300,000đ (Không kèm ưu đãi thanh toán qua cổng, mua kèm) (click xem chi tiết).
9 Nhập mã VNPAYTGDD2 giảm tối đa 80,000đ (áp dụng tùy giá trị đơn hàng) khi thanh toán qua VNPAY-QR (Xem chi tiết tại đây)
10 NHẬN HOÀN NGAY ĐẾN 800.000đ khi mở thẻ tín dụng VPBANK MWG (Xem chi tiết tại đây)";;https://www.thegioididong.com/laptop/macbook-air-13-inch-m4-16gb-256gb-sac-70w;MacBook Air 13 inch M4 16GB256GB Sạc 70W_Vàng.png
iPhone Air 512GB;Trắng Mây;No;38490000;28990000;2026-05-10;"Khuyến mãi
Giá và khuyến mãi dự kiến áp dụng đến 23:00 | 31/05
1 Phiếu mua hàng Apple Watch trị giá 800,000đ
2 Phiếu mua hàng Airpods trị giá 800,000đ
3 Tặng phiếu mua hàng Macbook trị giá 1,000,000đ
4 Tặng Phiếu mua hàng mua Smartwatch (trừ Apple, giá trên 5.000.000đ) trị giá 500.000đ
5 Tặng Phiếu mua hàng Máy lạnh (sản phẩm trên 10tr) trị giá 300.000đ
6 Thu cũ đổi mới: Giảm đến 2,000,000đ (Không kèm ưu đãi thanh toán qua cổng, mua kèm) Xem chi tiết
7 Nhập mã VNPAYTGDD2 giảm tối đa 80,000đ (áp dụng tùy giá trị đơn hàng) khi thanh toán qua VNPAY-QR (Xem chi tiết tại đây)
8 NHẬN HOÀN NGAY ĐẾN 800.000đ khi mở thẻ tín dụng VPBANK MWG (Xem chi tiết tại đây)";;https://www.thegioididong.com/dtdd/iphone-air?utm_flashsale=1;iPhone Air 512GB_Trắng Mây.png
MacBook Air 13 inch M4 16GB/256GB Sạc 70W;Bạc;No;27090000;26390000;2026-05-10;"Khuyến mãi trị giá 500.000₫
Giá và khuyến mãi dự kiến áp dụng đến 23:00 | 31/05
1 Chọn 1 trong các khuyến mãi:
Giảm giá 500,000đ
Tặng Microsoft 365 Personal
2 Phiếu mua hàng Chuột, Bàn phím (Apple) trị giá 500,000đ
3 Tặng Phiếu mua hàng Đồng hồ Định vị trẻ em trị giá 100.000đ
4 Tặng Phiếu mua Bộ Adapter Sạc 4 cổng 140W Anker Zolo B2697 trị giá 100.000đ
5 Tặng Phiếu mua hàng 50.000đ mua Chuột Logitech M240
6 Tặng Phiếu mua hàng Balo, Túi chống sốc (giá trị trên 1,000,000đ) trị giá 300,000đ
7 Tặng Phiếu mua hàng Máy lạnh (sản phẩm trên 10tr) trị giá 300.000đ
8 Thu cũ đổi mới: Giảm thêm 300,000đ (Không kèm ưu đãi thanh toán qua cổng, mua kèm) (click xem chi tiết).
9 Nhập mã VNPAYTGDD2 giảm tối đa 80,000đ (áp dụng tùy giá trị đơn hàng) khi thanh toán qua VNPAY-QR (Xem chi tiết tại đây)
10 NHẬN HOÀN NGAY ĐẾN 800.000đ khi mở thẻ tín dụng VPBANK MWG (Xem chi tiết tại đây)";;https://www.thegioididong.com/laptop/macbook-air-13-inch-m4-16gb-256gb-sac-70w;MacBook Air 13 inch M4 16GB256GB Sạc 70W_Bạc.png
MacBook Air 13 inch M4 16GB/256GB Sạc 70W;Xanh da trời nhạt;Yes;27090000;26390000;2026-05-10;"Khuyến mãi trị giá 500.000₫
Giá và khuyến mãi dự kiến áp dụng đến 23:00 | 31/05
1 Chọn 1 trong các khuyến mãi:
Giảm giá 500,000đ (đã giảm vào giá sản phẩm)
Tặng Microsoft 365 Personal
2 Phiếu mua hàng Chuột, Bàn phím (Apple) trị giá 500,000đ
3 Tặng Phiếu mua hàng Đồng hồ Định vị trẻ em trị giá 100.000đ
4 Tặng Phiếu mua Bộ Adapter Sạc 4 cổng 140W Anker Zolo B2697 trị giá 100.000đ
5 Tặng Phiếu mua hàng 50.000đ mua Chuột Logitech M240
6 Tặng Phiếu mua hàng Balo, Túi chống sốc (giá trị trên 1,000,000đ) trị giá 300,000đ
7 Tặng Phiếu mua hàng Máy lạnh (sản phẩm trên 10tr) trị giá 300.000đ
8 Thu cũ đổi mới: Giảm thêm 300,000đ (Không kèm ưu đãi thanh toán qua cổng, mua kèm) (click xem chi tiết).
9 Nhập mã VNPAYTGDD2 giảm tối đa 80,000đ (áp dụng tùy giá trị đơn hàng) khi thanh toán qua VNPAY-QR (Xem chi tiết tại đây)
10 NHẬN HOÀN NGAY ĐẾN 800.000đ khi mở thẻ tín dụng VPBANK MWG (Xem chi tiết tại đây)";;https://www.thegioididong.com/laptop/macbook-air-13-inch-m4-16gb-256gb-sac-70w;MacBook Air 13 inch M4 16GB256GB Sạc 70W_Xanh da trời nhạt.png
MacBook Air 13 inch M4 16GB/256GB Sạc 70W;Xanh đen;Yes;27090000;26390000;2026-05-10;"Khuyến mãi trị giá 500.000₫
Giá và khuyến mãi dự kiến áp dụng đến 23:00 | 31/05
1 Chọn 1 trong các khuyến mãi:
Giảm giá 500,000đ (đã giảm vào giá sản phẩm)
Tặng Microsoft 365 Personal
2 Phiếu mua hàng Chuột, Bàn phím (Apple) trị giá 500,000đ
3 Tặng Phiếu mua hàng Đồng hồ Định vị trẻ em trị giá 100.000đ
4 Tặng Phiếu mua Bộ Adapter Sạc 4 cổng 140W Anker Zolo B2697 trị giá 100.000đ
5 Tặng Phiếu mua hàng 50.000đ mua Chuột Logitech M240
6 Tặng Phiếu mua hàng Balo, Túi chống sốc (giá trị trên 1,000,000đ) trị giá 300,000đ
7 Tặng Phiếu mua hàng Máy lạnh (sản phẩm trên 10tr) trị giá 300.000đ
8 Thu cũ đổi mới: Giảm thêm 300,000đ (Không kèm ưu đãi thanh toán qua cổng, mua kèm) (click xem chi tiết).
9 Nhập mã VNPAYTGDD2 giảm tối đa 80,000đ (áp dụng tùy giá trị đơn hàng) khi thanh toán qua VNPAY-QR (Xem chi tiết tại đây)
10 NHẬN HOÀN NGAY ĐẾN 800.000đ khi mở thẻ tín dụng VPBANK MWG (Xem chi tiết tại đây)";;https://www.thegioididong.com/laptop/macbook-air-13-inch-m4-16gb-256gb-sac-70w;MacBook Air 13 inch M4 16GB256GB Sạc 70W_Xanh đen.png
iPhone Air 1TB;Xanh da trời;No;1100000;44990000;2026-05-10;"Khuyến mãi
Giá và khuyến mãi dự kiến áp dụng đến 23:00 | 31/05
1 Chọn 1 trong các khuyến mãi:
Giảm giá 10,000,000đ
Tặng phiếu mua hàng Phụ Kiện, Smartwatch, đồng hồ thời trang (trừ Apple, Beats) trị giá 12,000,000đ
2 Phiếu mua hàng Apple Watch trị giá 800,000đ
3 Phiếu mua hàng Airpods trị giá 800,000đ
4 Tặng phiếu mua hàng Macbook trị giá 1,000,000đ
5 Tặng Phiếu mua hàng mua Smartwatch (trừ Apple, giá trên 5.000.000đ) trị giá 500.000đ
6 Tặng Phiếu mua hàng Máy lạnh (sản phẩm trên 10tr) trị giá 300.000đ
7 Thu cũ đổi mới: Giảm đến 2,000,000đ (Không kèm ưu đãi thanh toán qua cổng, mua kèm) Xem chi tiết
8 Nhập mã VNPAYTGDD2 giảm tối đa 80,000đ (áp dụng tùy giá trị đơn hàng) khi thanh toán qua VNPAY-QR (Xem chi tiết tại đây)
9 NHẬN HOÀN NGAY ĐẾN 800.000đ khi mở thẻ tín dụng VPBANK MWG (Xem chi tiết tại đây)";;https://www.thegioididong.com/dtdd/iphone-air?utm_flashsale=1;iPhone Air 1TB_Xanh da trời.png
iPhone Air 1TB;Trắng Mây;No;1100000;44990000;2026-05-10;"Khuyến mãi
Giá và khuyến mãi dự kiến áp dụng đến 23:00 | 31/05
1 Chọn 1 trong các khuyến mãi:
Giảm giá 10,000,000đ
Tặng phiếu mua hàng Phụ Kiện, Smartwatch, đồng hồ thời trang (trừ Apple, Beats) trị giá 12,000,000đ
2 Phiếu mua hàng Apple Watch trị giá 800,000đ
3 Phiếu mua hàng Airpods trị giá 800,000đ
4 Tặng phiếu mua hàng Macbook trị giá 1,000,000đ
5 Tặng Phiếu mua hàng mua Smartwatch (trừ Apple, giá trên 5.000.000đ) trị giá 500.000đ
6 Tặng Phiếu mua hàng Máy lạnh (sản phẩm trên 10tr) trị giá 300.000đ
7 Thu cũ đổi mới: Giảm đến 2,000,000đ (Không kèm ưu đãi thanh toán qua cổng, mua kèm) Xem chi tiết
8 Nhập mã VNPAYTGDD2 giảm tối đa 80,000đ (áp dụng tùy giá trị đơn hàng) khi thanh toán qua VNPAY-QR (Xem chi tiết tại đây)
9 NHẬN HOÀN NGAY ĐẾN 800.000đ khi mở thẻ tín dụng VPBANK MWG (Xem chi tiết tại đây)";;https://www.thegioididong.com/dtdd/iphone-air?utm_flashsale=1;iPhone Air 1TB_Trắng Mây.png
MacBook Air 13 inch M4 24GB/512GB;Bạc;No;0;0;2026-05-10;;;https://www.thegioididong.com/laptop/macbook-air-13-inch-m4-24gb-512gb?utm_flashsale=1;MacBook Air 13 inch M4 24GB512GB_Bạc.png
iPhone Air 1TB;Đen Không Gian;No;1100000;44990000;2026-05-10;"Khuyến mãi
Giá và khuyến mãi dự kiến áp dụng đến 23:00 | 31/05
1 Chọn 1 trong các khuyến mãi:
Giảm giá 10,000,000đ
Tặng phiếu mua hàng Phụ Kiện, Smartwatch, đồng hồ thời trang (trừ Apple, Beats) trị giá 12,000,000đ
2 Phiếu mua hàng Apple Watch trị giá 800,000đ
3 Phiếu mua hàng Airpods trị giá 800,000đ
4 Tặng phiếu mua hàng Macbook trị giá 1,000,000đ
5 Tặng Phiếu mua hàng mua Smartwatch (trừ Apple, giá trên 5.000.000đ) trị giá 500.000đ
6 Tặng Phiếu mua hàng Máy lạnh (sản phẩm trên 10tr) trị giá 300.000đ
7 Thu cũ đổi mới: Giảm đến 2,000,000đ (Không kèm ưu đãi thanh toán qua cổng, mua kèm) Xem chi tiết
8 Nhập mã VNPAYTGDD2 giảm tối đa 80,000đ (áp dụng tùy giá trị đơn hàng) khi thanh toán qua VNPAY-QR (Xem chi tiết tại đây)
9 NHẬN HOÀN NGAY ĐẾN 800.000đ khi mở thẻ tín dụng VPBANK MWG (Xem chi tiết tại đây)";;https://www.thegioididong.com/dtdd/iphone-air?utm_flashsale=1;iPhone Air 1TB_Đen Không Gian.png
MacBook Air 13 inch M4 24GB/512GB;Vàng;No;0;0;2026-05-10;;;https://www.thegioididong.com/laptop/macbook-air-13-inch-m4-24gb-512gb?utm_flashsale=1;MacBook Air 13 inch M4 24GB512GB_Vàng.png
iPhone Air 1TB;Vàng Nhạt;Yes;1100000;44990000;2026-05-10;"Khuyến mãi
Giá và khuyến mãi dự kiến áp dụng đến 23:00 | 31/05
1 Chọn 1 trong các khuyến mãi:
Giảm giá 10,000,000đ (đã giảm vào giá sản phẩm)
Tặng phiếu mua hàng Phụ Kiện, Smartwatch, đồng hồ thời trang (trừ Apple, Beats) trị giá 12,000,000đ
2 Phiếu mua hàng Apple Watch trị giá 800,000đ
3 Phiếu mua hàng Airpods trị giá 800,000đ
4 Tặng phiếu mua hàng Macbook trị giá 1,000,000đ
5 Tặng Phiếu mua hàng mua Smartwatch (trừ Apple, giá trên 5.000.000đ) trị giá 500.000đ
6 Tặng Phiếu mua hàng Máy lạnh (sản phẩm trên 10tr) trị giá 300.000đ
7 Thu cũ đổi mới: Giảm đến 2,000,000đ (Không kèm ưu đãi thanh toán qua cổng, mua kèm) Xem chi tiết
8 Nhập mã VNPAYTGDD2 giảm tối đa 80,000đ (áp dụng tùy giá trị đơn hàng) khi thanh toán qua VNPAY-QR (Xem chi tiết tại đây)
9 NHẬN HOÀN NGAY ĐẾN 800.000đ khi mở thẻ tín dụng VPBANK MWG (Xem chi tiết tại đây)";;https://www.thegioididong.com/dtdd/iphone-air?utm_flashsale=1;iPhone Air 1TB_Vàng Nhạt.png
MacBook Air 13 inch M4 24GB/512GB;Xanh đen;No;0;0;2026-05-10;;;https://www.thegioididong.com/laptop/macbook-air-13-inch-m4-24gb-512gb?utm_flashsale=1;MacBook Air 13 inch M4 24GB512GB_Xanh đen.png
iPhone Air 1TB;Xanh da trời;No;1100000;44990000;2026-05-10;"Khuyến mãi
Giá và khuyến mãi dự kiến áp dụng đến 23:00 | 31/05
1 Chọn 1 trong các khuyến mãi:
Giảm giá 10,000,000đ
Tặng phiếu mua hàng Phụ Kiện, Smartwatch, đồng hồ thời trang (trừ Apple, Beats) trị giá 12,000,000đ
2 Phiếu mua hàng Apple Watch trị giá 800,000đ
3 Phiếu mua hàng Airpods trị giá 800,000đ
4 Tặng phiếu mua hàng Macbook trị giá 1,000,000đ
5 Tặng Phiếu mua hàng mua Smartwatch (trừ Apple, giá trên 5.000.000đ) trị giá 500.000đ
6 Tặng Phiếu mua hàng Máy lạnh (sản phẩm trên 10tr) trị giá 300.000đ
7 Thu cũ đổi mới: Giảm đến 2,000,000đ (Không kèm ưu đãi thanh toán qua cổng, mua kèm) Xem chi tiết
8 Nhập mã VNPAYTGDD2 giảm tối đa 80,000đ (áp dụng tùy giá trị đơn hàng) khi thanh toán qua VNPAY-QR (Xem chi tiết tại đây)
9 NHẬN HOÀN NGAY ĐẾN 800.000đ khi mở thẻ tín dụng VPBANK MWG (Xem chi tiết tại đây)";;https://www.thegioididong.com/dtdd/iphone-air?utm_flashsale=1;iPhone Air 1TB_Xanh da trời.png
MacBook Air 13 inch M4 24GB/512GB;Xanh da trời nhạt;No;0;0;2026-05-10;;;https://www.thegioididong.com/laptop/macbook-air-13-inch-m4-24gb-512gb?utm_flashsale=1;MacBook Air 13 inch M4 24GB512GB_Xanh da trời nhạt.png
iPhone Air 1TB;Trắng Mây;No;1100000;44990000;2026-05-10;"Khuyến mãi
Giá và khuyến mãi dự kiến áp dụng đến 23:00 | 31/05
1 Chọn 1 trong các khuyến mãi:
Giảm giá 10,000,000đ
Tặng phiếu mua hàng Phụ Kiện, Smartwatch, đồng hồ thời trang (trừ Apple, Beats) trị giá 12,000,000đ
2 Phiếu mua hàng Apple Watch trị giá 800,000đ
3 Phiếu mua hàng Airpods trị giá 800,000đ
4 Tặng phiếu mua hàng Macbook trị giá 1,000,000đ
5 Tặng Phiếu mua hàng mua Smartwatch (trừ Apple, giá trên 5.000.000đ) trị giá 500.000đ
6 Tặng Phiếu mua hàng Máy lạnh (sản phẩm trên 10tr) trị giá 300.000đ
7 Thu cũ đổi mới: Giảm đến 2,000,000đ (Không kèm ưu đãi thanh toán qua cổng, mua kèm) Xem chi tiết
8 Nhập mã VNPAYTGDD2 giảm tối đa 80,000đ (áp dụng tùy giá trị đơn hàng) khi thanh toán qua VNPAY-QR (Xem chi tiết tại đây)
9 NHẬN HOÀN NGAY ĐẾN 800.000đ khi mở thẻ tín dụng VPBANK MWG (Xem chi tiết tại đây)";;https://www.thegioididong.com/dtdd/iphone-air?utm_flashsale=1;iPhone Air 1TB_Trắng Mây.png
MacBook Air 13 inch M4 24GB/512GB;Xanh Da Trời;No;0;0;2026-05-10;;;https://www.thegioididong.com/laptop/macbook-air-13-inch-m4-24gb-512gb?utm_flashsale=1;MacBook Air 13 inch M4 24GB512GB_Xanh Da Trời.png
iPhone Air 1TB;Đen Không Gian;No;1100000;44990000;2026-05-10;"Khuyến mãi
Giá và khuyến mãi dự kiến áp dụng đến 23:00 | 31/05
1 Chọn 1 trong các khuyến mãi:
Giảm giá 10,000,000đ
Tặng phiếu mua hàng Phụ Kiện, Smartwatch, đồng hồ thời trang (trừ Apple, Beats) trị giá 12,000,000đ
2 Phiếu mua hàng Apple Watch trị giá 800,000đ
3 Phiếu mua hàng Airpods trị giá 800,000đ
4 Tặng phiếu mua hàng Macbook trị giá 1,000,000đ
5 Tặng Phiếu mua hàng mua Smartwatch (trừ Apple, giá trên 5.000.000đ) trị giá 500.000đ
6 Tặng Phiếu mua hàng Máy lạnh (sản phẩm trên 10tr) trị giá 300.000đ
7 Thu cũ đổi mới: Giảm đến 2,000,000đ (Không kèm ưu đãi thanh toán qua cổng, mua kèm) Xem chi tiết
8 Nhập mã VNPAYTGDD2 giảm tối đa 80,000đ (áp dụng tùy giá trị đơn hàng) khi thanh toán qua VNPAY-QR (Xem chi tiết tại đây)
9 NHẬN HOÀN NGAY ĐẾN 800.000đ khi mở thẻ tín dụng VPBANK MWG (Xem chi tiết tại đây)";;https://www.thegioididong.com/dtdd/iphone-air?utm_flashsale=1;iPhone Air 1TB_Đen Không Gian.png
iPhone Air 1TB;Vàng Nhạt;Yes;1100000;44990000;2026-05-10;"Khuyến mãi
Giá và khuyến mãi dự kiến áp dụng đến 23:00 | 31/05
1 Chọn 1 trong các khuyến mãi:
Giảm giá 10,000,000đ (đã giảm vào giá sản phẩm)
Tặng phiếu mua hàng Phụ Kiện, Smartwatch, đồng hồ thời trang (trừ Apple, Beats) trị giá 12,000,000đ
2 Phiếu mua hàng Apple Watch trị giá 800,000đ
3 Phiếu mua hàng Airpods trị giá 800,000đ
4 Tặng phiếu mua hàng Macbook trị giá 1,000,000đ
5 Tặng Phiếu mua hàng mua Smartwatch (trừ Apple, giá trên 5.000.000đ) trị giá 500.000đ
6 Tặng Phiếu mua hàng Máy lạnh (sản phẩm trên 10tr) trị giá 300.000đ
7 Thu cũ đổi mới: Giảm đến 2,000,000đ (Không kèm ưu đãi thanh toán qua cổng, mua kèm) Xem chi tiết
8 Nhập mã VNPAYTGDD2 giảm tối đa 80,000đ (áp dụng tùy giá trị đơn hàng) khi thanh toán qua VNPAY-QR (Xem chi tiết tại đây)
9 NHẬN HOÀN NGAY ĐẾN 800.000đ khi mở thẻ tín dụng VPBANK MWG (Xem chi tiết tại đây)";;https://www.thegioididong.com/dtdd/iphone-air?utm_flashsale=1;iPhone Air 1TB_Vàng Nhạt.png
MacBook Air 13 inch M4 24GB/512GB;Bạc;No;0;0;2026-05-10;;;https://www.thegioididong.com/laptop/macbook-air-13-inch-m4-24gb-512gb?utm_flashsale=1;MacBook Air 13 inch M4 24GB512GB_Bạc.png
MacBook Air 13 inch M4 24GB/512GB;Vàng;No;0;0;2026-05-10;;;https://www.thegioididong.com/laptop/macbook-air-13-inch-m4-24gb-512gb?utm_flashsale=1;MacBook Air 13 inch M4 24GB512GB_Vàng.png
iPhone Air 1TB;Xanh da trời;No;1100000;44990000;2026-05-10;"Khuyến mãi
Giá và khuyến mãi dự kiến áp dụng đến 23:00 | 31/05
1 Chọn 1 trong các khuyến mãi:
Giảm giá 10,000,000đ
Tặng phiếu mua hàng Phụ Kiện, Smartwatch, đồng hồ thời trang (trừ Apple, Beats) trị giá 12,000,000đ
2 Phiếu mua hàng Apple Watch trị giá 800,000đ
3 Phiếu mua hàng Airpods trị giá 800,000đ
4 Tặng phiếu mua hàng Macbook trị giá 1,000,000đ
5 Tặng Phiếu mua hàng mua Smartwatch (trừ Apple, giá trên 5.000.000đ) trị giá 500.000đ
6 Tặng Phiếu mua hàng Máy lạnh (sản phẩm trên 10tr) trị giá 300.000đ
7 Thu cũ đổi mới: Giảm đến 2,000,000đ (Không kèm ưu đãi thanh toán qua cổng, mua kèm) Xem chi tiết
8 Nhập mã VNPAYTGDD2 giảm tối đa 80,000đ (áp dụng tùy giá trị đơn hàng) khi thanh toán qua VNPAY-QR (Xem chi tiết tại đây)
9 NHẬN HOÀN NGAY ĐẾN 800.000đ khi mở thẻ tín dụng VPBANK MWG (Xem chi tiết tại đây)";;https://www.thegioididong.com/dtdd/iphone-air?utm_flashsale=1;iPhone Air 1TB_Xanh da trời.png
MacBook Air 13 inch M4 24GB/512GB;Xanh đen;No;0;0;2026-05-10;;;https://www.thegioididong.com/laptop/macbook-air-13-inch-m4-24gb-512gb?utm_flashsale=1;MacBook Air 13 inch M4 24GB512GB_Xanh đen.png
iPhone Air 1TB;Trắng Mây;No;1100000;44990000;2026-05-10;"Khuyến mãi
Giá và khuyến mãi dự kiến áp dụng đến 23:00 | 31/05
1 Chọn 1 trong các khuyến mãi:
Giảm giá 10,000,000đ
Tặng phiếu mua hàng Phụ Kiện, Smartwatch, đồng hồ thời trang (trừ Apple, Beats) trị giá 12,000,000đ
2 Phiếu mua hàng Apple Watch trị giá 800,000đ
3 Phiếu mua hàng Airpods trị giá 800,000đ
4 Tặng phiếu mua hàng Macbook trị giá 1,000,000đ
5 Tặng Phiếu mua hàng mua Smartwatch (trừ Apple, giá trên 5.000.000đ) trị giá 500.000đ
6 Tặng Phiếu mua hàng Máy lạnh (sản phẩm trên 10tr) trị giá 300.000đ
7 Thu cũ đổi mới: Giảm đến 2,000,000đ (Không kèm ưu đãi thanh toán qua cổng, mua kèm) Xem chi tiết
8 Nhập mã VNPAYTGDD2 giảm tối đa 80,000đ (áp dụng tùy giá trị đơn hàng) khi thanh toán qua VNPAY-QR (Xem chi tiết tại đây)
9 NHẬN HOÀN NGAY ĐẾN 800.000đ khi mở thẻ tín dụng VPBANK MWG (Xem chi tiết tại đây)";;https://www.thegioididong.com/dtdd/iphone-air?utm_flashsale=1;iPhone Air 1TB_Trắng Mây.png
iPhone Air 1TB;Đen Không Gian;No;1100000;44990000;2026-05-10;"Khuyến mãi
Giá và khuyến mãi dự kiến áp dụng đến 23:00 | 31/05
1 Chọn 1 trong các khuyến mãi:
Giảm giá 10,000,000đ
Tặng phiếu mua hàng Phụ Kiện, Smartwatch, đồng hồ thời trang (trừ Apple, Beats) trị giá 12,000,000đ
2 Phiếu mua hàng Apple Watch trị giá 800,000đ
3 Phiếu mua hàng Airpods trị giá 800,000đ
4 Tặng phiếu mua hàng Macbook trị giá 1,000,000đ
5 Tặng Phiếu mua hàng mua Smartwatch (trừ Apple, giá trên 5.000.000đ) trị giá 500.000đ
6 Tặng Phiếu mua hàng Máy lạnh (sản phẩm trên 10tr) trị giá 300.000đ
7 Thu cũ đổi mới: Giảm đến 2,000,000đ (Không kèm ưu đãi thanh toán qua cổng, mua kèm) Xem chi tiết
8 Nhập mã VNPAYTGDD2 giảm tối đa 80,000đ (áp dụng tùy giá trị đơn hàng) khi thanh toán qua VNPAY-QR (Xem chi tiết tại đây)
9 NHẬN HOÀN NGAY ĐẾN 800.000đ khi mở thẻ tín dụng VPBANK MWG (Xem chi tiết tại đây)";;https://www.thegioididong.com/dtdd/iphone-air?utm_flashsale=1;iPhone Air 1TB_Đen Không Gian.png
iPhone Air 1TB;Vàng Nhạt;Yes;1100000;44990000;2026-05-10;"Khuyến mãi
Giá và khuyến mãi dự kiến áp dụng đến 23:00 | 31/05
1 Chọn 1 trong các khuyến mãi:
Giảm giá 10,000,000đ (đã giảm vào giá sản phẩm)
Tặng phiếu mua hàng Phụ Kiện, Smartwatch, đồng hồ thời trang (trừ Apple, Beats) trị giá 12,000,000đ
2 Phiếu mua hàng Apple Watch trị giá 800,000đ
3 Phiếu mua hàng Airpods trị giá 800,000đ
4 Tặng phiếu mua hàng Macbook trị giá 1,000,000đ
5 Tặng Phiếu mua hàng mua Smartwatch (trừ Apple, giá trên 5.000.000đ) trị giá 500.000đ
6 Tặng Phiếu mua hàng Máy lạnh (sản phẩm trên 10tr) trị giá 300.000đ
7 Thu cũ đổi mới: Giảm đến 2,000,000đ (Không kèm ưu đãi thanh toán qua cổng, mua kèm) Xem chi tiết
8 Nhập mã VNPAYTGDD2 giảm tối đa 80,000đ (áp dụng tùy giá trị đơn hàng) khi thanh toán qua VNPAY-QR (Xem chi tiết tại đây)
9 NHẬN HOÀN NGAY ĐẾN 800.000đ khi mở thẻ tín dụng VPBANK MWG (Xem chi tiết tại đây)";;https://www.thegioididong.com/dtdd/iphone-air?utm_flashsale=1;iPhone Air 1TB_Vàng Nhạt.png
Error getting name;Xanh da trời nhạt;No;0;0;2026-05-10;;;https://www.thegioididong.com/laptop/macbook-air-13-inch-m4-24gb-512gb?utm_flashsale=1;FULL_Error getting name_Xanh da trời nhạt.png
iPhone Air 1TB;Xanh da trời;No;1100000;44990000;2026-05-10;"Khuyến mãi
Giá và khuyến mãi dự kiến áp dụng đến 23:00 | 31/05
1 Chọn 1 trong các khuyến mãi:
Giảm giá 10,000,000đ
Tặng phiếu mua hàng Phụ Kiện, Smartwatch, đồng hồ thời trang (trừ Apple, Beats) trị giá 12,000,000đ
2 Phiếu mua hàng Apple Watch trị giá 800,000đ
3 Phiếu mua hàng Airpods trị giá 800,000đ
4 Tặng phiếu mua hàng Macbook trị giá 1,000,000đ
5 Tặng Phiếu mua hàng mua Smartwatch (trừ Apple, giá trên 5.000.000đ) trị giá 500.000đ
6 Tặng Phiếu mua hàng Máy lạnh (sản phẩm trên 10tr) trị giá 300.000đ
7 Thu cũ đổi mới: Giảm đến 2,000,000đ (Không kèm ưu đãi thanh toán qua cổng, mua kèm) Xem chi tiết
8 Nhập mã VNPAYTGDD2 giảm tối đa 80,000đ (áp dụng tùy giá trị đơn hàng) khi thanh toán qua VNPAY-QR (Xem chi tiết tại đây)
9 NHẬN HOÀN NGAY ĐẾN 800.000đ khi mở thẻ tín dụng VPBANK MWG (Xem chi tiết tại đây)";;https://www.thegioididong.com/dtdd/iphone-air?utm_flashsale=1;iPhone Air 1TB_Xanh da trời.png
iPhone Air 1TB;Trắng Mây;No;1100000;44990000;2026-05-10;"Khuyến mãi
Giá và khuyến mãi dự kiến áp dụng đến 23:00 | 31/05
1 Chọn 1 trong các khuyến mãi:
Giảm giá 10,000,000đ
Tặng phiếu mua hàng Phụ Kiện, Smartwatch, đồng hồ thời trang (trừ Apple, Beats) trị giá 12,000,000đ
2 Phiếu mua hàng Apple Watch trị giá 800,000đ
3 Phiếu mua hàng Airpods trị giá 800,000đ
4 Tặng phiếu mua hàng Macbook trị giá 1,000,000đ
5 Tặng Phiếu mua hàng mua Smartwatch (trừ Apple, giá trên 5.000.000đ) trị giá 500.000đ
6 Tặng Phiếu mua hàng Máy lạnh (sản phẩm trên 10tr) trị giá 300.000đ
7 Thu cũ đổi mới: Giảm đến 2,000,000đ (Không kèm ưu đãi thanh toán qua cổng, mua kèm) Xem chi tiết
8 Nhập mã VNPAYTGDD2 giảm tối đa 80,000đ (áp dụng tùy giá trị đơn hàng) khi thanh toán qua VNPAY-QR (Xem chi tiết tại đây)
9 NHẬN HOÀN NGAY ĐẾN 800.000đ khi mở thẻ tín dụng VPBANK MWG (Xem chi tiết tại đây)";;https://www.thegioididong.com/dtdd/iphone-air?utm_flashsale=1;iPhone Air 1TB_Trắng Mây.png
iPhone Air 1TB;Đen Không Gian;No;1100000;44990000;2026-05-10;"Khuyến mãi
Giá và khuyến mãi dự kiến áp dụng đến 23:00 | 31/05
1 Chọn 1 trong các khuyến mãi:
Giảm giá 10,000,000đ
Tặng phiếu mua hàng Phụ Kiện, Smartwatch, đồng hồ thời trang (trừ Apple, Beats) trị giá 12,000,000đ
2 Phiếu mua hàng Apple Watch trị giá 800,000đ
3 Phiếu mua hàng Airpods trị giá 800,000đ
4 Tặng phiếu mua hàng Macbook trị giá 1,000,000đ
5 Tặng Phiếu mua hàng mua Smartwatch (trừ Apple, giá trên 5.000.000đ) trị giá 500.000đ
6 Tặng Phiếu mua hàng Máy lạnh (sản phẩm trên 10tr) trị giá 300.000đ
7 Thu cũ đổi mới: Giảm đến 2,000,000đ (Không kèm ưu đãi thanh toán qua cổng, mua kèm) Xem chi tiết
8 Nhập mã VNPAYTGDD2 giảm tối đa 80,000đ (áp dụng tùy giá trị đơn hàng) khi thanh toán qua VNPAY-QR (Xem chi tiết tại đây)
9 NHẬN HOÀN NGAY ĐẾN 800.000đ khi mở thẻ tín dụng VPBANK MWG (Xem chi tiết tại đây)";;https://www.thegioididong.com/dtdd/iphone-air?utm_flashsale=1;iPhone Air 1TB_Đen Không Gian.png
iPhone Air 1TB;Vàng Nhạt;Yes;1100000;44990000;2026-05-10;"Khuyến mãi
Giá và khuyến mãi dự kiến áp dụng đến 23:00 | 31/05
1 Chọn 1 trong các khuyến mãi:
Giảm giá 10,000,000đ (đã giảm vào giá sản phẩm)
Tặng phiếu mua hàng Phụ Kiện, Smartwatch, đồng hồ thời trang (trừ Apple, Beats) trị giá 12,000,000đ
2 Phiếu mua hàng Apple Watch trị giá 800,000đ
3 Phiếu mua hàng Airpods trị giá 800,000đ
4 Tặng phiếu mua hàng Macbook trị giá 1,000,000đ
5 Tặng Phiếu mua hàng mua Smartwatch (trừ Apple, giá trên 5.000.000đ) trị giá 500.000đ
6 Tặng Phiếu mua hàng Máy lạnh (sản phẩm trên 10tr) trị giá 300.000đ
7 Thu cũ đổi mới: Giảm đến 2,000,000đ (Không kèm ưu đãi thanh toán qua cổng, mua kèm) Xem chi tiết
8 Nhập mã VNPAYTGDD2 giảm tối đa 80,000đ (áp dụng tùy giá trị đơn hàng) khi thanh toán qua VNPAY-QR (Xem chi tiết tại đây)
9 NHẬN HOÀN NGAY ĐẾN 800.000đ khi mở thẻ tín dụng VPBANK MWG (Xem chi tiết tại đây)";;https://www.thegioididong.com/dtdd/iphone-air?utm_flashsale=1;iPhone Air 1TB_Vàng Nhạt.png
iPhone Air 1TB;Xanh da trời;No;1100000;44990000;2026-05-10;"Khuyến mãi
Giá và khuyến mãi dự kiến áp dụng đến 23:00 | 31/05
1 Chọn 1 trong các khuyến mãi:
Giảm giá 10,000,000đ
Tặng phiếu mua hàng Phụ Kiện, Smartwatch, đồng hồ thời trang (trừ Apple, Beats) trị giá 12,000,000đ
2 Phiếu mua hàng Apple Watch trị giá 800,000đ
3 Phiếu mua hàng Airpods trị giá 800,000đ
4 Tặng phiếu mua hàng Macbook trị giá 1,000,000đ
5 Tặng Phiếu mua hàng mua Smartwatch (trừ Apple, giá trên 5.000.000đ) trị giá 500.000đ
6 Tặng Phiếu mua hàng Máy lạnh (sản phẩm trên 10tr) trị giá 300.000đ
7 Thu cũ đổi mới: Giảm đến 2,000,000đ (Không kèm ưu đãi thanh toán qua cổng, mua kèm) Xem chi tiết
8 Nhập mã VNPAYTGDD2 giảm tối đa 80,000đ (áp dụng tùy giá trị đơn hàng) khi thanh toán qua VNPAY-QR (Xem chi tiết tại đây)
9 NHẬN HOÀN NGAY ĐẾN 800.000đ khi mở thẻ tín dụng VPBANK MWG (Xem chi tiết tại đây)";;https://www.thegioididong.com/dtdd/iphone-air?utm_flashsale=1;iPhone Air 1TB_Xanh da trời.png
iPhone Air 1TB;Trắng Mây;No;1100000;44990000;2026-05-10;"Khuyến mãi
Giá và khuyến mãi dự kiến áp dụng đến 23:00 | 31/05
1 Chọn 1 trong các khuyến mãi:
Giảm giá 10,000,000đ
Tặng phiếu mua hàng Phụ Kiện, Smartwatch, đồng hồ thời trang (trừ Apple, Beats) trị giá 12,000,000đ
2 Phiếu mua hàng Apple Watch trị giá 800,000đ
3 Phiếu mua hàng Airpods trị giá 800,000đ
4 Tặng phiếu mua hàng Macbook trị giá 1,000,000đ
5 Tặng Phiếu mua hàng mua Smartwatch (trừ Apple, giá trên 5.000.000đ) trị giá 500.000đ
6 Tặng Phiếu mua hàng Máy lạnh (sản phẩm trên 10tr) trị giá 300.000đ
7 Thu cũ đổi mới: Giảm đến 2,000,000đ (Không kèm ưu đãi thanh toán qua cổng, mua kèm) Xem chi tiết
8 Nhập mã VNPAYTGDD2 giảm tối đa 80,000đ (áp dụng tùy giá trị đơn hàng) khi thanh toán qua VNPAY-QR (Xem chi tiết tại đây)
9 NHẬN HOÀN NGAY ĐẾN 800.000đ khi mở thẻ tín dụng VPBANK MWG (Xem chi tiết tại đây)";;https://www.thegioididong.com/dtdd/iphone-air?utm_flashsale=1;iPhone Air 1TB_Trắng Mây.png
iPhone Air 1TB;Đen Không Gian;No;1100000;44990000;2026-05-10;"Khuyến mãi
Giá và khuyến mãi dự kiến áp dụng đến 23:00 | 31/05
1 Chọn 1 trong các khuyến mãi:
Giảm giá 10,000,000đ
Tặng phiếu mua hàng Phụ Kiện, Smartwatch, đồng hồ thời trang (trừ Apple, Beats) trị giá 12,000,000đ
2 Phiếu mua hàng Apple Watch trị giá 800,000đ
3 Phiếu mua hàng Airpods trị giá 800,000đ
4 Tặng phiếu mua hàng Macbook trị giá 1,000,000đ
5 Tặng Phiếu mua hàng mua Smartwatch (trừ Apple, giá trên 5.000.000đ) trị giá 500.000đ
6 Tặng Phiếu mua hàng Máy lạnh (sản phẩm trên 10tr) trị giá 300.000đ
7 Thu cũ đổi mới: Giảm đến 2,000,000đ (Không kèm ưu đãi thanh toán qua cổng, mua kèm) Xem chi tiết
8 Nhập mã VNPAYTGDD2 giảm tối đa 80,000đ (áp dụng tùy giá trị đơn hàng) khi thanh toán qua VNPAY-QR (Xem chi tiết tại đây)
9 NHẬN HOÀN NGAY ĐẾN 800.000đ khi mở thẻ tín dụng VPBANK MWG (Xem chi tiết tại đây)";;https://www.thegioididong.com/dtdd/iphone-air?utm_flashsale=1;iPhone Air 1TB_Đen Không Gian.png
iPhone Air 1TB;Vàng Nhạt;Yes;1100000;44990000;2026-05-10;"Khuyến mãi
Giá và khuyến mãi dự kiến áp dụng đến 23:00 | 31/05
1 Chọn 1 trong các khuyến mãi:
Giảm giá 10,000,000đ (đã giảm vào giá sản phẩm)
Tặng phiếu mua hàng Phụ Kiện, Smartwatch, đồng hồ thời trang (trừ Apple, Beats) trị giá 12,000,000đ
2 Phiếu mua hàng Apple Watch trị giá 800,000đ
3 Phiếu mua hàng Airpods trị giá 800,000đ
4 Tặng phiếu mua hàng Macbook trị giá 1,000,000đ
5 Tặng Phiếu mua hàng mua Smartwatch (trừ Apple, giá trên 5.000.000đ) trị giá 500.000đ
6 Tặng Phiếu mua hàng Máy lạnh (sản phẩm trên 10tr) trị giá 300.000đ
7 Thu cũ đổi mới: Giảm đến 2,000,000đ (Không kèm ưu đãi thanh toán qua cổng, mua kèm) Xem chi tiết
8 Nhập mã VNPAYTGDD2 giảm tối đa 80,000đ (áp dụng tùy giá trị đơn hàng) khi thanh toán qua VNPAY-QR (Xem chi tiết tại đây)
9 NHẬN HOÀN NGAY ĐẾN 800.000đ khi mở thẻ tín dụng VPBANK MWG (Xem chi tiết tại đây)";;https://www.thegioididong.com/dtdd/iphone-air?utm_flashsale=1;iPhone Air 1TB_Vàng Nhạt.png
Error getting name;Default;No;0;0;2026-05-10;;;https://www.thegioididong.com/laptop/macbook-air-13-inch-m4-24gb-512gb?utm_flashsale=1;FULL_Error getting name_Default.png
MacBook Air 13 inch M5 16GB/1TB;Xanh đen;Yes;0;35490000;2026-05-10;"Khuyến mãi trị giá 500.000₫
Giá và khuyến mãi dự kiến áp dụng đến 23:00 | 31/05
1 Chọn 1 trong các khuyến mãi:
Giảm giá 500,000đ (đã giảm vào giá sản phẩm)
Tặng Microsoft 365 Personal
2 Phiếu mua hàng Chuột, Bàn phím (Apple) trị giá 500,000đ
3 Tặng Phiếu mua hàng Đồng hồ Định vị trẻ em trị giá 100.000đ
4 Tặng Phiếu mua Bộ Adapter Sạc 4 cổng 140W Anker Zolo B2697 trị giá 100.000đ
5 Tặng Phiếu mua hàng 50.000đ mua Chuột Logitech M240
6 Tặng Phiếu mua hàng Balo, Túi chống sốc (giá trị trên 1,000,000đ) trị giá 300,000đ
7 Tặng Phiếu mua hàng Máy lạnh (sản phẩm trên 10tr) trị giá 300.000đ
8 Thu cũ đổi mới: Giảm thêm 300,000đ (Không kèm ưu đãi thanh toán qua cổng, mua kèm) (click xem chi tiết).
9 Nhập mã VNPAYTGDD2 giảm tối đa 80,000đ (áp dụng tùy giá trị đơn hàng) khi thanh toán qua VNPAY-QR (Xem chi tiết tại đây)
10 NHẬN HOÀN NGAY ĐẾN 800.000đ khi mở thẻ tín dụng VPBANK MWG (Xem chi tiết tại đây)";;https://www.thegioididong.com/laptop/macbook-air-13-inch-m5-16gb-1tb;MacBook Air 13 inch M5 16GB1TB_Xanh đen.png
MacBook Air 13 inch M5 16GB/512GB;Xanh da trời nhạt;Yes;1590000;29990000;2026-05-10;"Khuyến mãi trị giá 500.000₫
Giá và khuyến mãi dự kiến áp dụng đến 23:00 | 31/05
1 Chọn 1 trong các khuyến mãi:
Giảm giá 500,000đ (đã giảm vào giá sản phẩm)
Tặng Microsoft 365 Personal
2 Phiếu mua hàng Chuột, Bàn phím (Apple) trị giá 500,000đ
3 Tặng Phiếu mua hàng Đồng hồ Định vị trẻ em trị giá 100.000đ
4 Tặng Phiếu mua Bộ Adapter Sạc 4 cổng 140W Anker Zolo B2697 trị giá 100.000đ
5 Tặng Phiếu mua hàng 50.000đ mua Chuột Logitech M240
6 Tặng Phiếu mua hàng Balo, Túi chống sốc (giá trị trên 1,000,000đ) trị giá 300,000đ
7 Tặng Phiếu mua hàng Máy lạnh (sản phẩm trên 10tr) trị giá 300.000đ
8 Thu cũ đổi mới: Giảm thêm 300,000đ (Không kèm ưu đãi thanh toán qua cổng, mua kèm) (click xem chi tiết).
9 Nhập mã VNPAYTGDD2 giảm tối đa 80,000đ (áp dụng tùy giá trị đơn hàng) khi thanh toán qua VNPAY-QR (Xem chi tiết tại đây)
10 NHẬN HOÀN NGAY ĐẾN 800.000đ khi mở thẻ tín dụng VPBANK MWG (Xem chi tiết tại đây)";;https://www.thegioididong.com/laptop/macbook-air-13-inch-m5-16gb-512gb;MacBook Air 13 inch M5 16GB512GB_Xanh da trời nhạt.png
MacBook Air 13 inch M5 16GB/512GB;Xanh đen;Yes;1590000;29990000;2026-05-10;"Khuyến mãi trị giá 500.000₫
Giá và khuyến mãi dự kiến áp dụng đến 23:00 | 31/05
1 Chọn 1 trong các khuyến mãi:
Giảm giá 500,000đ (đã giảm vào giá sản phẩm)
Tặng Microsoft 365 Personal
2 Phiếu mua hàng Chuột, Bàn phím (Apple) trị giá 500,000đ
3 Tặng Phiếu mua hàng Đồng hồ Định vị trẻ em trị giá 100.000đ
4 Tặng Phiếu mua Bộ Adapter Sạc 4 cổng 140W Anker Zolo B2697 trị giá 100.000đ
5 Tặng Phiếu mua hàng 50.000đ mua Chuột Logitech M240
6 Tặng Phiếu mua hàng Balo, Túi chống sốc (giá trị trên 1,000,000đ) trị giá 300,000đ
7 Tặng Phiếu mua hàng Máy lạnh (sản phẩm trên 10tr) trị giá 300.000đ
8 Thu cũ đổi mới: Giảm thêm 300,000đ (Không kèm ưu đãi thanh toán qua cổng, mua kèm) (click xem chi tiết).
9 Nhập mã VNPAYTGDD2 giảm tối đa 80,000đ (áp dụng tùy giá trị đơn hàng) khi thanh toán qua VNPAY-QR (Xem chi tiết tại đây)
10 NHẬN HOÀN NGAY ĐẾN 800.000đ khi mở thẻ tín dụng VPBANK MWG (Xem chi tiết tại đây)";;https://www.thegioididong.com/laptop/macbook-air-13-inch-m5-16gb-512gb;MacBook Air 13 inch M5 16GB512GB_Xanh đen.png
MacBook Air 13 inch M5 16GB/1TB;Xanh da trời nhạt;Yes;0;35490000;2026-05-10;"Khuyến mãi trị giá 500.000₫
Giá và khuyến mãi dự kiến áp dụng đến 23:00 | 31/05
1 Chọn 1 trong các khuyến mãi:
Giảm giá 500,000đ (đã giảm vào giá sản phẩm)
Tặng Microsoft 365 Personal
2 Phiếu mua hàng Chuột, Bàn phím (Apple) trị giá 500,000đ
3 Tặng Phiếu mua hàng Đồng hồ Định vị trẻ em trị giá 100.000đ
4 Tặng Phiếu mua Bộ Adapter Sạc 4 cổng 140W Anker Zolo B2697 trị giá 100.000đ
5 Tặng Phiếu mua hàng 50.000đ mua Chuột Logitech M240
6 Tặng Phiếu mua hàng Balo, Túi chống sốc (giá trị trên 1,000,000đ) trị giá 300,000đ
7 Tặng Phiếu mua hàng Máy lạnh (sản phẩm trên 10tr) trị giá 300.000đ
8 Thu cũ đổi mới: Giảm thêm 300,000đ (Không kèm ưu đãi thanh toán qua cổng, mua kèm) (click xem chi tiết).
9 Nhập mã VNPAYTGDD2 giảm tối đa 80,000đ (áp dụng tùy giá trị đơn hàng) khi thanh toán qua VNPAY-QR (Xem chi tiết tại đây)
10 NHẬN HOÀN NGAY ĐẾN 800.000đ khi mở thẻ tín dụng VPBANK MWG (Xem chi tiết tại đây)";;https://www.thegioididong.com/laptop/macbook-air-13-inch-m5-16gb-1tb;MacBook Air 13 inch M5 16GB1TB_Xanh da trời nhạt.png
MacBook Air 13 inch M5 16GB/512GB;Bạc;Yes;1590000;29990000;2026-05-10;"Khuyến mãi trị giá 500.000₫
Giá và khuyến mãi dự kiến áp dụng đến 23:00 | 31/05
1 Chọn 1 trong các khuyến mãi:
Giảm giá 500,000đ (đã giảm vào giá sản phẩm)
Tặng Microsoft 365 Personal
2 Phiếu mua hàng Chuột, Bàn phím (Apple) trị giá 500,000đ
3 Tặng Phiếu mua hàng Đồng hồ Định vị trẻ em trị giá 100.000đ
4 Tặng Phiếu mua Bộ Adapter Sạc 4 cổng 140W Anker Zolo B2697 trị giá 100.000đ
5 Tặng Phiếu mua hàng 50.000đ mua Chuột Logitech M240
6 Tặng Phiếu mua hàng Balo, Túi chống sốc (giá trị trên 1,000,000đ) trị giá 300,000đ
7 Tặng Phiếu mua hàng Máy lạnh (sản phẩm trên 10tr) trị giá 300.000đ
8 Thu cũ đổi mới: Giảm thêm 300,000đ (Không kèm ưu đãi thanh toán qua cổng, mua kèm) (click xem chi tiết).
9 Nhập mã VNPAYTGDD2 giảm tối đa 80,000đ (áp dụng tùy giá trị đơn hàng) khi thanh toán qua VNPAY-QR (Xem chi tiết tại đây)
10 NHẬN HOÀN NGAY ĐẾN 800.000đ khi mở thẻ tín dụng VPBANK MWG (Xem chi tiết tại đây)";;https://www.thegioididong.com/laptop/macbook-air-13-inch-m5-16gb-512gb;MacBook Air 13 inch M5 16GB512GB_Bạc.png
MacBook Air 13 inch M5 16GB/1TB;Vàng;No;0;35490000;2026-05-10;"Khuyến mãi trị giá 500.000₫
Giá và khuyến mãi dự kiến áp dụng đến 23:00 | 31/05
1 Chọn 1 trong các khuyến mãi:
Giảm giá 500,000đ
Tặng Microsoft 365 Personal
2 Phiếu mua hàng Chuột, Bàn phím (Apple) trị giá 500,000đ
3 Tặng Phiếu mua hàng Đồng hồ Định vị trẻ em trị giá 100.000đ
4 Tặng Phiếu mua Bộ Adapter Sạc 4 cổng 140W Anker Zolo B2697 trị giá 100.000đ
5 Tặng Phiếu mua hàng 50.000đ mua Chuột Logitech M240
6 Tặng Phiếu mua hàng Balo, Túi chống sốc (giá trị trên 1,000,000đ) trị giá 300,000đ
7 Tặng Phiếu mua hàng Máy lạnh (sản phẩm trên 10tr) trị giá 300.000đ
8 Thu cũ đổi mới: Giảm thêm 300,000đ (Không kèm ưu đãi thanh toán qua cổng, mua kèm) (click xem chi tiết).
9 Nhập mã VNPAYTGDD2 giảm tối đa 80,000đ (áp dụng tùy giá trị đơn hàng) khi thanh toán qua VNPAY-QR (Xem chi tiết tại đây)
10 NHẬN HOÀN NGAY ĐẾN 800.000đ khi mở thẻ tín dụng VPBANK MWG (Xem chi tiết tại đây)";;https://www.thegioididong.com/laptop/macbook-air-13-inch-m5-16gb-1tb;MacBook Air 13 inch M5 16GB1TB_Vàng.png
MacBook Air 13 inch M5 16GB/512GB;Vàng;Yes;1590000;29990000;2026-05-10;"Khuyến mãi trị giá 500.000₫
Giá và khuyến mãi dự kiến áp dụng đến 23:00 | 31/05
1 Chọn 1 trong các khuyến mãi:
Giảm giá 500,000đ (đã giảm vào giá sản phẩm)
Tặng Microsoft 365 Personal
2 Phiếu mua hàng Chuột, Bàn phím (Apple) trị giá 500,000đ
3 Tặng Phiếu mua hàng Đồng hồ Định vị trẻ em trị giá 100.000đ
4 Tặng Phiếu mua Bộ Adapter Sạc 4 cổng 140W Anker Zolo B2697 trị giá 100.000đ
5 Tặng Phiếu mua hàng 50.000đ mua Chuột Logitech M240
6 Tặng Phiếu mua hàng Balo, Túi chống sốc (giá trị trên 1,000,000đ) trị giá 300,000đ
7 Tặng Phiếu mua hàng Máy lạnh (sản phẩm trên 10tr) trị giá 300.000đ
8 Thu cũ đổi mới: Giảm thêm 300,000đ (Không kèm ưu đãi thanh toán qua cổng, mua kèm) (click xem chi tiết).
9 Nhập mã VNPAYTGDD2 giảm tối đa 80,000đ (áp dụng tùy giá trị đơn hàng) khi thanh toán qua VNPAY-QR (Xem chi tiết tại đây)
10 NHẬN HOÀN NGAY ĐẾN 800.000đ khi mở thẻ tín dụng VPBANK MWG (Xem chi tiết tại đây)";;https://www.thegioididong.com/laptop/macbook-air-13-inch-m5-16gb-512gb;MacBook Air 13 inch M5 16GB512GB_Vàng.png
MacBook Air 13 inch M5 16GB/512GB;Xanh da trời nhạt;Yes;1590000;29990000;2026-05-10;"Khuyến mãi trị giá 500.000₫
Giá và khuyến mãi dự kiến áp dụng đến 23:00 | 31/05
1 Chọn 1 trong các khuyến mãi:
Giảm giá 500,000đ (đã giảm vào giá sản phẩm)
Tặng Microsoft 365 Personal
2 Phiếu mua hàng Chuột, Bàn phím (Apple) trị giá 500,000đ
3 Tặng Phiếu mua hàng Đồng hồ Định vị trẻ em trị giá 100.000đ
4 Tặng Phiếu mua Bộ Adapter Sạc 4 cổng 140W Anker Zolo B2697 trị giá 100.000đ
5 Tặng Phiếu mua hàng 50.000đ mua Chuột Logitech M240
6 Tặng Phiếu mua hàng Balo, Túi chống sốc (giá trị trên 1,000,000đ) trị giá 300,000đ
7 Tặng Phiếu mua hàng Máy lạnh (sản phẩm trên 10tr) trị giá 300.000đ
8 Thu cũ đổi mới: Giảm thêm 300,000đ (Không kèm ưu đãi thanh toán qua cổng, mua kèm) (click xem chi tiết).
9 Nhập mã VNPAYTGDD2 giảm tối đa 80,000đ (áp dụng tùy giá trị đơn hàng) khi thanh toán qua VNPAY-QR (Xem chi tiết tại đây)
10 NHẬN HOÀN NGAY ĐẾN 800.000đ khi mở thẻ tín dụng VPBANK MWG (Xem chi tiết tại đây)";;https://www.thegioididong.com/laptop/macbook-air-13-inch-m5-16gb-512gb;MacBook Air 13 inch M5 16GB512GB_Xanh da trời nhạt.png
MacBook Air M5 13 inch 16GB 1TB lưu trữ lớn, giá tốt;Bạc;No;0;0;2026-05-10;;;https://www.thegioididong.com/laptop/macbook-air-13-inch-m5-16gb-1tb;FULL_MacBook Air M5 13 inch 16GB 1TB lưu trữ lớn, giá tốt_Bạc.png
MacBook Air 13 inch M5 16GB/512GB;Xanh đen;Yes;1590000;29990000;2026-05-10;"Khuyến mãi trị giá 500.000₫
Giá và khuyến mãi dự kiến áp dụng đến 23:00 | 31/05
1 Chọn 1 trong các khuyến mãi:
Giảm giá 500,000đ (đã giảm vào giá sản phẩm)
Tặng Microsoft 365 Personal
2 Phiếu mua hàng Chuột, Bàn phím (Apple) trị giá 500,000đ
3 Tặng Phiếu mua hàng Đồng hồ Định vị trẻ em trị giá 100.000đ
4 Tặng Phiếu mua Bộ Adapter Sạc 4 cổng 140W Anker Zolo B2697 trị giá 100.000đ
5 Tặng Phiếu mua hàng 50.000đ mua Chuột Logitech M240
6 Tặng Phiếu mua hàng Balo, Túi chống sốc (giá trị trên 1,000,000đ) trị giá 300,000đ
7 Tặng Phiếu mua hàng Máy lạnh (sản phẩm trên 10tr) trị giá 300.000đ
8 Thu cũ đổi mới: Giảm thêm 300,000đ (Không kèm ưu đãi thanh toán qua cổng, mua kèm) (click xem chi tiết).
9 Nhập mã VNPAYTGDD2 giảm tối đa 80,000đ (áp dụng tùy giá trị đơn hàng) khi thanh toán qua VNPAY-QR (Xem chi tiết tại đây)
10 NHẬN HOÀN NGAY ĐẾN 800.000đ khi mở thẻ tín dụng VPBANK MWG (Xem chi tiết tại đây)";;https://www.thegioididong.com/laptop/macbook-air-13-inch-m5-16gb-512gb;MacBook Air 13 inch M5 16GB512GB_Xanh đen.png
MacBook Air 13 inch M5 16GB/512GB;Bạc;Yes;1590000;29990000;2026-05-10;"Khuyến mãi trị giá 500.000₫
Giá và khuyến mãi dự kiến áp dụng đến 23:00 | 31/05
1 Chọn 1 trong các khuyến mãi:
Giảm giá 500,000đ (đã giảm vào giá sản phẩm)
Tặng Microsoft 365 Personal
2 Phiếu mua hàng Chuột, Bàn phím (Apple) trị giá 500,000đ
3 Tặng Phiếu mua hàng Đồng hồ Định vị trẻ em trị giá 100.000đ
4 Tặng Phiếu mua Bộ Adapter Sạc 4 cổng 140W Anker Zolo B2697 trị giá 100.000đ
5 Tặng Phiếu mua hàng 50.000đ mua Chuột Logitech M240
6 Tặng Phiếu mua hàng Balo, Túi chống sốc (giá trị trên 1,000,000đ) trị giá 300,000đ
7 Tặng Phiếu mua hàng Máy lạnh (sản phẩm trên 10tr) trị giá 300.000đ
8 Thu cũ đổi mới: Giảm thêm 300,000đ (Không kèm ưu đãi thanh toán qua cổng, mua kèm) (click xem chi tiết).
9 Nhập mã VNPAYTGDD2 giảm tối đa 80,000đ (áp dụng tùy giá trị đơn hàng) khi thanh toán qua VNPAY-QR (Xem chi tiết tại đây)
10 NHẬN HOÀN NGAY ĐẾN 800.000đ khi mở thẻ tín dụng VPBANK MWG (Xem chi tiết tại đây)";;https://www.thegioididong.com/laptop/macbook-air-13-inch-m5-16gb-512gb;MacBook Air 13 inch M5 16GB512GB_Bạc.png
MacBook Air 13 inch M5 16GB/1TB;Xanh đen;Yes;0;35490000;2026-05-10;"Khuyến mãi trị giá 500.000₫
Giá và khuyến mãi dự kiến áp dụng đến 23:00 | 31/05
1 Chọn 1 trong các khuyến mãi:
Giảm giá 500,000đ (đã giảm vào giá sản phẩm)
Tặng Microsoft 365 Personal
2 Phiếu mua hàng Chuột, Bàn phím (Apple) trị giá 500,000đ
3 Tặng Phiếu mua hàng Đồng hồ Định vị trẻ em trị giá 100.000đ
4 Tặng Phiếu mua Bộ Adapter Sạc 4 cổng 140W Anker Zolo B2697 trị giá 100.000đ
5 Tặng Phiếu mua hàng 50.000đ mua Chuột Logitech M240
6 Tặng Phiếu mua hàng Balo, Túi chống sốc (giá trị trên 1,000,000đ) trị giá 300,000đ
7 Tặng Phiếu mua hàng Máy lạnh (sản phẩm trên 10tr) trị giá 300.000đ
8 Thu cũ đổi mới: Giảm thêm 300,000đ (Không kèm ưu đãi thanh toán qua cổng, mua kèm) (click xem chi tiết).
9 Nhập mã VNPAYTGDD2 giảm tối đa 80,000đ (áp dụng tùy giá trị đơn hàng) khi thanh toán qua VNPAY-QR (Xem chi tiết tại đây)
10 NHẬN HOÀN NGAY ĐẾN 800.000đ khi mở thẻ tín dụng VPBANK MWG (Xem chi tiết tại đây)";;https://www.thegioididong.com/laptop/macbook-air-13-inch-m5-16gb-1tb;MacBook Air 13 inch M5 16GB1TB_Xanh đen.png
MacBook Air 13 inch M5 16GB/512GB;Vàng;Yes;1590000;29990000;2026-05-10;"Khuyến mãi trị giá 500.000₫
Giá và khuyến mãi dự kiến áp dụng đến 23:00 | 31/05
1 Chọn 1 trong các khuyến mãi:
Giảm giá 500,000đ (đã giảm vào giá sản phẩm)
Tặng Microsoft 365 Personal
2 Phiếu mua hàng Chuột, Bàn phím (Apple) trị giá 500,000đ
3 Tặng Phiếu mua hàng Đồng hồ Định vị trẻ em trị giá 100.000đ
4 Tặng Phiếu mua Bộ Adapter Sạc 4 cổng 140W Anker Zolo B2697 trị giá 100.000đ
5 Tặng Phiếu mua hàng 50.000đ mua Chuột Logitech M240
6 Tặng Phiếu mua hàng Balo, Túi chống sốc (giá trị trên 1,000,000đ) trị giá 300,000đ
7 Tặng Phiếu mua hàng Máy lạnh (sản phẩm trên 10tr) trị giá 300.000đ
8 Thu cũ đổi mới: Giảm thêm 300,000đ (Không kèm ưu đãi thanh toán qua cổng, mua kèm) (click xem chi tiết).
9 Nhập mã VNPAYTGDD2 giảm tối đa 80,000đ (áp dụng tùy giá trị đơn hàng) khi thanh toán qua VNPAY-QR (Xem chi tiết tại đây)
10 NHẬN HOÀN NGAY ĐẾN 800.000đ khi mở thẻ tín dụng VPBANK MWG (Xem chi tiết tại đây)";;https://www.thegioididong.com/laptop/macbook-air-13-inch-m5-16gb-512gb;MacBook Air 13 inch M5 16GB512GB_Vàng.png
