Product_Name;Color;Ton_Kho;Gia_Niem_Yet;Gia_Khuyen_Mai;Date;Khuyen_Mai;Thanh_Toan;Link;screenshot_name
Apple Watch Series 10 GPS + Cellular 46mm viền Titanium dây thể thao;Default/Unknown;Yes;20890000;16890000;2026-01-10;;;https://www.thegioididong.com/dong-ho-thong-minh/apple-watch-s10-lte-46mm-vien-titanium-day-the-thao;Skipped
Apple Watch SE 2 GPS 44mm viền nhôm dây thể thao;Default/Unknown;Yes;6690000;5190000;2026-01-10;;;https://www.thegioididong.com/dong-ho-thong-minh/apple-watch-se-2-44mm-vien-nhom-day-silicone;Skipped
Apple Watch SE 3 GPS + Cellular 40mm viền nhôm dây thể thao;40mm;Yes;8690000;8390000;2026-01-10;;;https://www.thegioididong.com/dong-ho-thong-minh/apple-watch-se-3-gps-cellular-40mm-vien-nhom-day-the-thao;Skipped
Apple Watch SE 3 GPS 40mm viền nhôm dây thể thao;40mm;Yes;7290000;6590000;2026-01-10;;;https://www.thegioididong.com/dong-ho-thong-minh/apple-watch-se-3-40mm-vien-nhom-day-the-thao;Skipped
Apple Watch Series 10 GPS + Cellular 46mm viền Titanium dây Milan;Titan vàng;Yes;22190000;17890000;2026-01-10;;;https://www.thegioididong.com/dong-ho-thong-minh/apple-watch-s10-lte-46mm-vien-titanium-day-thep;Skipped
Apple Watch SE 2 GPS 44mm viền nhôm dây vải;Bạc;No;0;0;2026-01-10;;;https://www.thegioididong.com/dong-ho-thong-minh/apple-watch-se-2-44mm-vien-nhom-day-vai;DEBUG_OOS_Apple Watch SE 2 GPS 44mm viền nhôm dây vải_Bạc_092539.png
Apple Watch Series 10 GPS 42mm viền nhôm dây vải;Bạc;No;0;0;2026-01-10;;;https://www.thegioididong.com/dong-ho-thong-minh/apple-watch-series-10-42mm-day-vai;DEBUG_OOS_Apple Watch Series 10 GPS 42mm viền nhôm dây vải_Bạc_092541.png
Apple Watch SE 2 GPS 44mm viền nhôm dây vải;Xanh đen;No;0;0;2026-01-10;;;https://www.thegioididong.com/dong-ho-thong-minh/apple-watch-se-2-44mm-vien-nhom-day-vai;DEBUG_OOS_Apple Watch SE 2 GPS 44mm viền nhôm dây vải_Xanh đen_092546.png
Error getting name;44mm;No;0;0;2026-01-10;;;https://www.thegioididong.com/dong-ho-thong-minh/apple-watch-se-3-40mm-vien-nhom-day-the-thao;DEBUG_OOS_Error getting name_44mm_092546.png
Error getting name;Titan xám;No;0;0;2026-01-10;;;https://www.thegioididong.com/dong-ho-thong-minh/apple-watch-s10-lte-46mm-vien-titanium-day-thep;DEBUG_OOS_Error getting name_Titan xám_092546.png
Error getting name;44mm;No;0;0;2026-01-10;;;https://www.thegioididong.com/dong-ho-thong-minh/apple-watch-se-3-gps-cellular-40mm-vien-nhom-day-the-thao;DEBUG_OOS_Error getting name_44mm_092546.png
Apple Watch Series 10 GPS 42mm viền nhôm dây vải;Vàng Hồng;No;0;0;2026-01-10;;;https://www.thegioididong.com/dong-ho-thong-minh/apple-watch-series-10-42mm-day-vai;DEBUG_OOS_Apple Watch Series 10 GPS 42mm viền nhôm dây vải_Vàng Hồng_092548.png
Apple Watch SE 2 GPS 44mm viền nhôm dây vải;Trắng Starlight;No;0;0;2026-01-10;;;https://www.thegioididong.com/dong-ho-thong-minh/apple-watch-se-2-44mm-vien-nhom-day-vai;DEBUG_OOS_Apple Watch SE 2 GPS 44mm viền nhôm dây vải_Trắng Starlight_092553.png
Apple Watch Series 10 GPS 42mm viền nhôm dây vải;Đen bóng;No;0;0;2026-01-10;;;https://www.thegioididong.com/dong-ho-thong-minh/apple-watch-series-10-42mm-day-vai;DEBUG_OOS_Apple Watch Series 10 GPS 42mm viền nhôm dây vải_Đen bóng_092555.png
Apple Watch Series 10 GPS 42mm viền nhôm dây vải;Trắng Starlight;No;0;10790182;2026-01-10;;;https://www.thegioididong.com/dong-ho-thong-minh/apple-watch-series-10-42mm-day-vai;DEBUG_OOS_Apple Watch Series 10 GPS 42mm viền nhôm dây vải_Trắng Starlight_092559.png
Apple Watch SE 2 GPS 44mm viền nhôm dây vải;Bạc;No;0;0;2026-01-10;;;https://www.thegioididong.com/dong-ho-thong-minh/apple-watch-se-2-44mm-vien-nhom-day-vai;DEBUG_OOS_Apple Watch SE 2 GPS 44mm viền nhôm dây vải_Bạc_092601.png
Apple Watch Series 10 GPS 42mm viền nhôm dây vải;Bạc;No;0;0;2026-01-10;;;https://www.thegioididong.com/dong-ho-thong-minh/apple-watch-series-10-42mm-day-vai;DEBUG_OOS_Apple Watch Series 10 GPS 42mm viền nhôm dây vải_Bạc_092607.png
Apple Watch SE 2 GPS 44mm viền nhôm dây vải;Xanh đen;No;0;0;2026-01-10;;;https://www.thegioididong.com/dong-ho-thong-minh/apple-watch-se-2-44mm-vien-nhom-day-vai;DEBUG_OOS_Apple Watch SE 2 GPS 44mm viền nhôm dây vải_Xanh đen_092608.png
Apple Watch Series 10 GPS 42mm viền nhôm dây vải;Vàng Hồng;No;0;0;2026-01-10;;;https://www.thegioididong.com/dong-ho-thong-minh/apple-watch-series-10-42mm-day-vai;DEBUG_OOS_Apple Watch Series 10 GPS 42mm viền nhôm dây vải_Vàng Hồng_092613.png
Apple Watch SE 2 GPS 44mm viền nhôm dây vải;Trắng Starlight;No;0;0;2026-01-10;;;https://www.thegioididong.com/dong-ho-thong-minh/apple-watch-se-2-44mm-vien-nhom-day-vai;DEBUG_OOS_Apple Watch SE 2 GPS 44mm viền nhôm dây vải_Trắng Starlight_092614.png
Apple Watch Series 10 GPS 42mm viền nhôm dây vải;Đen bóng;No;0;0;2026-01-10;;;https://www.thegioididong.com/dong-ho-thong-minh/apple-watch-series-10-42mm-day-vai;DEBUG_OOS_Apple Watch Series 10 GPS 42mm viền nhôm dây vải_Đen bóng_092620.png
Apple Watch Series 11 GPS 42mm viền nhôm dây thể thao;42mm;Yes;11490000;9490000;2026-01-10;;;https://www.thegioididong.com/dong-ho-thong-minh/apple-watch-series-11-42mm-vien-nhom-day-the-thao;Skipped
Apple Watch SE 2 GPS 44mm viền nhôm dây vải;Bạc;No;0;0;2026-01-10;;;https://www.thegioididong.com/dong-ho-thong-minh/apple-watch-se-2-44mm-vien-nhom-day-vai;DEBUG_OOS_Apple Watch SE 2 GPS 44mm viền nhôm dây vải_Bạc_092622.png
Apple Watch Series 10 GPS 42mm viền nhôm dây vải;Trắng Starlight;No;0;10790182;2026-01-10;;;https://www.thegioididong.com/dong-ho-thong-minh/apple-watch-series-10-42mm-day-vai;DEBUG_OOS_Apple Watch Series 10 GPS 42mm viền nhôm dây vải_Trắng Starlight_092623.png
Apple Watch Series 11 GPS 46mm viền nhôm dây thể thao;46mm;Yes;12350000;10290000;2026-01-10;;;https://www.thegioididong.com/dong-ho-thong-minh/apple-watch-series-11-42mm-vien-nhom-day-the-thao;Skipped
Apple Watch Series 11 GPS 46mm viền nhôm dây thể thao;Vàng Hồng;Yes;12350000;10290000;2026-01-10;;;https://www.thegioididong.com/dong-ho-thong-minh/apple-watch-series-11-42mm-vien-nhom-day-the-thao;Skipped
Apple Watch SE 2 GPS 44mm viền nhôm dây vải;Xanh đen;No;0;0;2026-01-10;;;https://www.thegioididong.com/dong-ho-thong-minh/apple-watch-se-2-44mm-vien-nhom-day-vai;DEBUG_OOS_Apple Watch SE 2 GPS 44mm viền nhôm dây vải_Xanh đen_092629.png
Apple Watch Series 11 GPS 46mm viền nhôm dây thể thao;Đen bóng;Yes;12350000;10290000;2026-01-10;;;https://www.thegioididong.com/dong-ho-thong-minh/apple-watch-series-11-42mm-vien-nhom-day-the-thao;Skipped
Apple Watch Series 10 GPS 42mm viền nhôm dây vải;Bạc;No;0;0;2026-01-10;;;https://www.thegioididong.com/dong-ho-thong-minh/apple-watch-series-10-42mm-day-vai;DEBUG_OOS_Apple Watch Series 10 GPS 42mm viền nhôm dây vải_Bạc_092631.png
Apple Watch SE 2 GPS 44mm viền nhôm dây vải;Trắng Starlight;No;0;0;2026-01-10;;;https://www.thegioididong.com/dong-ho-thong-minh/apple-watch-se-2-44mm-vien-nhom-day-vai;DEBUG_OOS_Apple Watch SE 2 GPS 44mm viền nhôm dây vải_Trắng Starlight_092635.png
Apple Watch Series 11 GPS 42mm viền nhôm dây thể thao;42mm;Yes;11490000;9490000;2026-01-10;;;https://www.thegioididong.com/dong-ho-thong-minh/apple-watch-series-11-42mm-vien-nhom-day-the-thao;Skipped
Apple Watch Series 10 GPS 42mm viền nhôm dây vải;Vàng Hồng;No;0;0;2026-01-10;;;https://www.thegioididong.com/dong-ho-thong-minh/apple-watch-series-10-42mm-day-vai;DEBUG_OOS_Apple Watch Series 10 GPS 42mm viền nhôm dây vải_Vàng Hồng_092638.png
Apple Watch Series 11 GPS 46mm viền nhôm dây thể thao;46mm;Yes;12350000;10290000;2026-01-10;;;https://www.thegioididong.com/dong-ho-thong-minh/apple-watch-series-11-42mm-vien-nhom-day-the-thao;Skipped
Apple Watch Series 11 GPS + Cellular 42m viền Titanium dây thể thao;42mm;Yes;20990000;18490000;2026-01-10;;;https://www.thegioididong.com/dong-ho-thong-minh/apple-watch-series-11-gps-cellular-42m-vien-titanium-day-the-thao;Skipped
Apple Watch Series 11 GPS 46mm viền nhôm dây thể thao;Vàng Hồng;Yes;12350000;10290000;2026-01-10;;;https://www.thegioididong.com/dong-ho-thong-minh/apple-watch-series-11-42mm-vien-nhom-day-the-thao;Skipped
Apple Watch Series 11 GPS + Cellular 46mm viền Titanium dây thể thao;46mm;Yes;22490000;20390000;2026-01-10;;;https://www.thegioididong.com/dong-ho-thong-minh/apple-watch-series-11-gps-cellular-42m-vien-titanium-day-the-thao;Skipped
Apple Watch Series 10 GPS 42mm viền nhôm dây vải;Đen bóng;No;0;0;2026-01-10;;;https://www.thegioididong.com/dong-ho-thong-minh/apple-watch-series-10-42mm-day-vai;DEBUG_OOS_Apple Watch Series 10 GPS 42mm viền nhôm dây vải_Đen bóng_092644.png
Apple Watch Series 11 GPS 46mm viền nhôm dây thể thao;Đen bóng;Yes;12350000;10290000;2026-01-10;;;https://www.thegioididong.com/dong-ho-thong-minh/apple-watch-series-11-42mm-vien-nhom-day-the-thao;Skipped
Apple Watch Series 11 GPS + Cellular 42mm viền nhôm dây thể thao;42mm;Yes;14490000;12490000;2026-01-10;;;https://www.thegioididong.com/dong-ho-thong-minh/apple-watch-series-11-gps-cellular-42mm-vien-nhom-day-the-thao;Skipped
Apple Watch Series 11 GPS + Cellular 46mm viền Titanium dây thể thao;Titan vàng;Yes;22490000;20390000;2026-01-10;;;https://www.thegioididong.com/dong-ho-thong-minh/apple-watch-series-11-gps-cellular-42m-vien-titanium-day-the-thao;Skipped
Apple Watch Series 10 GPS 42mm viền nhôm dây vải;Trắng Starlight;No;0;10790182;2026-01-10;;;https://www.thegioididong.com/dong-ho-thong-minh/apple-watch-series-10-42mm-day-vai;DEBUG_OOS_Apple Watch Series 10 GPS 42mm viền nhôm dây vải_Trắng Starlight_092647.png
Apple Watch Series 11 GPS + Cellular 46mm viền nhôm dây thể thao;46mm;Yes;15350000;13290000;2026-01-10;;;https://www.thegioididong.com/dong-ho-thong-minh/apple-watch-series-11-gps-cellular-42mm-vien-nhom-day-the-thao;Skipped
Apple Watch Series 11 GPS + Cellular 46mm viền Titanium dây thể thao;Titan tự nhiên;Yes;22490000;20390000;2026-01-10;;;https://www.thegioididong.com/dong-ho-thong-minh/apple-watch-series-11-gps-cellular-42m-vien-titanium-day-the-thao;Skipped
Apple Watch Series 11 GPS 42mm viền nhôm dây thể thao;42mm;Yes;11490000;9490000;2026-01-10;;;https://www.thegioididong.com/dong-ho-thong-minh/apple-watch-series-11-42mm-vien-nhom-day-the-thao;Skipped
Apple Watch Series 11 GPS + Cellular 46mm viền Titanium dây thể thao;Titan xám;Yes;22490000;20390000;2026-01-10;;;https://www.thegioididong.com/dong-ho-thong-minh/apple-watch-series-11-gps-cellular-42m-vien-titanium-day-the-thao;Skipped
Apple Watch Series 11 GPS 46mm viền nhôm dây thể thao;46mm;Yes;12350000;10290000;2026-01-10;;;https://www.thegioididong.com/dong-ho-thong-minh/apple-watch-series-11-42mm-vien-nhom-day-the-thao;Skipped
Apple Watch Series 11 GPS + Cellular 42mm viền nhôm dây thể thao;42mm;Yes;14490000;12490000;2026-01-10;;;https://www.thegioididong.com/dong-ho-thong-minh/apple-watch-series-11-gps-cellular-42mm-vien-nhom-day-the-thao;Skipped
Apple Watch Series 10 GPS 42mm viền nhôm dây vải;Bạc;No;0;0;2026-01-10;;;https://www.thegioididong.com/dong-ho-thong-minh/apple-watch-series-10-42mm-day-vai;DEBUG_OOS_Apple Watch Series 10 GPS 42mm viền nhôm dây vải_Bạc_092656.png
Apple Watch Series 11 GPS 46mm viền nhôm dây thể thao;Vàng Hồng;Yes;12350000;10290000;2026-01-10;;;https://www.thegioididong.com/dong-ho-thong-minh/apple-watch-series-11-42mm-vien-nhom-day-the-thao;Skipped
Apple Watch Series 11 GPS + Cellular 46mm viền nhôm dây thể thao;46mm;Yes;15350000;13290000;2026-01-10;;;https://www.thegioididong.com/dong-ho-thong-minh/apple-watch-series-11-gps-cellular-42mm-vien-nhom-day-the-thao;Skipped
Apple Watch Series 11 GPS + Cellular 42m viền Titanium dây thể thao;42mm;Yes;20990000;18490000;2026-01-10;;;https://www.thegioididong.com/dong-ho-thong-minh/apple-watch-series-11-gps-cellular-42m-vien-titanium-day-the-thao;Skipped
Apple Watch Series 11 GPS 46mm viền nhôm dây thể thao;Đen bóng;Yes;12350000;10290000;2026-01-10;;;https://www.thegioididong.com/dong-ho-thong-minh/apple-watch-series-11-42mm-vien-nhom-day-the-thao;Skipped
Apple Watch Series 11 GPS + Cellular 46mm viền Titanium dây thể thao;46mm;Yes;22490000;20390000;2026-01-10;;;https://www.thegioididong.com/dong-ho-thong-minh/apple-watch-series-11-gps-cellular-42m-vien-titanium-day-the-thao;Skipped
Apple Watch Series 10 GPS 42mm viền nhôm dây vải;Vàng Hồng;No;0;0;2026-01-10;;;https://www.thegioididong.com/dong-ho-thong-minh/apple-watch-series-10-42mm-day-vai;DEBUG_OOS_Apple Watch Series 10 GPS 42mm viền nhôm dây vải_Vàng Hồng_092702.png
Apple Watch Series 11 GPS + Cellular 46mm viền Titanium dây thể thao;Titan vàng;Yes;22490000;20390000;2026-01-10;;;https://www.thegioididong.com/dong-ho-thong-minh/apple-watch-series-11-gps-cellular-42m-vien-titanium-day-the-thao;Skipped
Apple Watch Series 11 GPS 42mm viền nhôm dây thể thao;42mm;Yes;11490000;9490000;2026-01-10;;;https://www.thegioididong.com/dong-ho-thong-minh/apple-watch-series-11-42mm-vien-nhom-day-the-thao;Skipped
Apple Watch Series 11 GPS + Cellular 46mm viền Titanium dây thể thao;Titan tự nhiên;Yes;22490000;20390000;2026-01-10;;;https://www.thegioididong.com/dong-ho-thong-minh/apple-watch-series-11-gps-cellular-42m-vien-titanium-day-the-thao;Skipped
Apple Watch Series 11 GPS 46mm viền nhôm dây thể thao;46mm;Yes;12350000;10290000;2026-01-10;;;https://www.thegioididong.com/dong-ho-thong-minh/apple-watch-series-11-42mm-vien-nhom-day-the-thao;Skipped
Apple Watch Series 10 GPS 42mm viền nhôm dây vải;Đen bóng;No;0;0;2026-01-10;;;https://www.thegioididong.com/dong-ho-thong-minh/apple-watch-series-10-42mm-day-vai;DEBUG_OOS_Apple Watch Series 10 GPS 42mm viền nhôm dây vải_Đen bóng_092709.png
Apple Watch Series 11 GPS 46mm viền nhôm dây thể thao;Vàng Hồng;Yes;12350000;10290000;2026-01-10;;;https://www.thegioididong.com/dong-ho-thong-minh/apple-watch-series-11-42mm-vien-nhom-day-the-thao;Skipped
Apple Watch Series 11 GPS + Cellular 46mm viền Titanium dây thể thao;Titan xám;Yes;22490000;20390000;2026-01-10;;;https://www.thegioididong.com/dong-ho-thong-minh/apple-watch-series-11-gps-cellular-42m-vien-titanium-day-the-thao;Skipped
Apple Watch Series 10 GPS 42mm viền nhôm dây vải;Trắng Starlight;No;0;10790182;2026-01-10;;;https://www.thegioididong.com/dong-ho-thong-minh/apple-watch-series-10-42mm-day-vai;DEBUG_OOS_Apple Watch Series 10 GPS 42mm viền nhôm dây vải_Trắng Starlight_092712.png
Apple Watch Series 11 GPS 46mm viền nhôm dây thể thao;Đen bóng;Yes;12350000;10290000;2026-01-10;;;https://www.thegioididong.com/dong-ho-thong-minh/apple-watch-series-11-42mm-vien-nhom-day-the-thao;Skipped
Apple Watch Series 11 GPS + Cellular 42m viền Titanium dây thể thao;42mm;Yes;20990000;18490000;2026-01-10;;;https://www.thegioididong.com/dong-ho-thong-minh/apple-watch-series-11-gps-cellular-42m-vien-titanium-day-the-thao;Skipped
Apple Watch Series 11 GPS + Cellular 42mm viền Titanium dây Milan;42mm;Yes;22490000;19990000;2026-01-10;;;https://www.thegioididong.com/dong-ho-thong-minh/apple-watch-series-11-gps-cellular-42mm-vien-titanium-day-milan;Skipped
Apple Watch Series 11 GPS + Cellular 46mm viền Titanium dây thể thao;46mm;Yes;22490000;20390000;2026-01-10;;;https://www.thegioididong.com/dong-ho-thong-minh/apple-watch-series-11-gps-cellular-42m-vien-titanium-day-the-thao;Skipped
Apple Watch Ultra 2 GPS + Cellular 49mm viền Titanium đen dây Alpine;Default/Unknown;Yes;22590000;19690000;2026-01-10;;;https://www.thegioididong.com/dong-ho-thong-minh/apple-watch-ultra-2-gps-cellular-49mm-vien-titanium-den-day-alpine;Skipped
Apple Watch Ultra 2 GPS + Cellular 49mm viền Titanium dây Ocean;Default/Unknown;Yes;22590000;19690000;2026-01-10;;;https://www.thegioididong.com/dong-ho-thong-minh/apple-watch-ultra-2-lte-49mm-vien-titanium-day-ocean;Skipped
Apple Watch Series 11 GPS + Cellular 46mm viền Titanium dây thể thao;Titan vàng;Yes;22490000;20390000;2026-01-10;;;https://www.thegioididong.com/dong-ho-thong-minh/apple-watch-series-11-gps-cellular-42m-vien-titanium-day-the-thao;Skipped
Apple Watch Series 11 GPS + Cellular 46mm viền Titanium dây Milan;46mm;Yes;23990000;21490000;2026-01-10;;;https://www.thegioididong.com/dong-ho-thong-minh/apple-watch-series-11-gps-cellular-42mm-vien-titanium-day-milan;Skipped
Apple Watch Ultra 3 GPS + Cellular 49mm viền Titanium dây Milan;Default/Unknown;Yes;26990000;26290000;2026-01-10;;;https://www.thegioididong.com/dong-ho-thong-minh/apple-watch-ultra-3-gps-cellular-49mm-vien-titanium-day-milan;Skipped
Apple Watch Series 11 GPS + Cellular 46mm viền Titanium dây thể thao;Titan tự nhiên;Yes;22490000;20390000;2026-01-10;;;https://www.thegioididong.com/dong-ho-thong-minh/apple-watch-series-11-gps-cellular-42m-vien-titanium-day-the-thao;Skipped
Apple Watch Ultra 3 GPS + Cellular 49mm viền Titanium dây Alpine;Titan đen;Yes;23990000;23290000;2026-01-10;;;https://www.thegioididong.com/dong-ho-thong-minh/apple-watch-ultra-3-gps-cellular-49mm-vien-titanium-day-alpine;Skipped
Apple Watch Series 11 GPS + Cellular 42mm viền Titanium dây Milan;42mm;Yes;22490000;19990000;2026-01-10;;;https://www.thegioididong.com/dong-ho-thong-minh/apple-watch-series-11-gps-cellular-42mm-vien-titanium-day-milan;Skipped
Apple Watch Series 11 GPS + Cellular 46mm viền Titanium dây thể thao;Titan xám;Yes;22490000;20390000;2026-01-10;;;https://www.thegioididong.com/dong-ho-thong-minh/apple-watch-series-11-gps-cellular-42m-vien-titanium-day-the-thao;Skipped
Apple Watch Ultra 3 GPS + Cellular 49mm viền Titanium dây Alpine;Titan tự nhiên;Yes;23990000;23290000;2026-01-10;;;https://www.thegioididong.com/dong-ho-thong-minh/apple-watch-ultra-3-gps-cellular-49mm-vien-titanium-day-alpine;Skipped
Apple Watch Ultra 3 GPS + Cellular 49mm viền Titanium dây Ocean;Titan đen;Yes;23990000;23290000;2026-01-10;;;https://www.thegioididong.com/dong-ho-thong-minh/apple-watch-ultra-3-gps-cellular-49mm-vien-titanium-day-ocean;Skipped
Apple Watch Series 11 GPS + Cellular 46mm viền Titanium dây Milan;46mm;Yes;23990000;21490000;2026-01-10;;;https://www.thegioididong.com/dong-ho-thong-minh/apple-watch-series-11-gps-cellular-42mm-vien-titanium-day-milan;Skipped
Apple Watch Series 11 GPS + Cellular 46mm viền Titanium dây Milan;Titan vàng;Yes;23990000;21490000;2026-01-10;;;https://www.thegioididong.com/dong-ho-thong-minh/apple-watch-series-11-gps-cellular-42mm-vien-titanium-day-milan;Skipped
Apple Watch Ultra 3 GPS + Cellular 49mm viền Titanium dây Ocean;Titan tự nhiên;Yes;23990000;23290000;2026-01-10;;;https://www.thegioididong.com/dong-ho-thong-minh/apple-watch-ultra-3-gps-cellular-49mm-vien-titanium-day-ocean;Skipped
Apple Watch Series 11 GPS + Cellular 42m viền Titanium dây thể thao;42mm;Yes;20990000;18490000;2026-01-10;;;https://www.thegioididong.com/dong-ho-thong-minh/apple-watch-series-11-gps-cellular-42m-vien-titanium-day-the-thao;Skipped
Apple Watch Ultra 3 GPS + Cellular 49mm viền Titanium dây Alpine;Titan đen;Yes;23990000;23290000;2026-01-10;;;https://www.thegioididong.com/dong-ho-thong-minh/apple-watch-ultra-3-gps-cellular-49mm-vien-titanium-day-alpine;Skipped
Apple Watch Series 11 GPS + Cellular 46mm viền Titanium dây thể thao;46mm;Yes;22490000;20390000;2026-01-10;;;https://www.thegioididong.com/dong-ho-thong-minh/apple-watch-series-11-gps-cellular-42m-vien-titanium-day-the-thao;Skipped
Apple Watch Series 11 GPS + Cellular 46mm viền Titanium dây Milan;Titan xám;Yes;23990000;21490000;2026-01-10;;;https://www.thegioididong.com/dong-ho-thong-minh/apple-watch-series-11-gps-cellular-42mm-vien-titanium-day-milan;Skipped
Apple Watch Ultra 3 GPS + Cellular 49mm viền Titanium dây Alpine;Titan tự nhiên;Yes;23990000;23290000;2026-01-10;;;https://www.thegioididong.com/dong-ho-thong-minh/apple-watch-ultra-3-gps-cellular-49mm-vien-titanium-day-alpine;Skipped
Apple Watch Ultra 3 GPS + Cellular 49mm viền Titanium dây Ocean;Titan đen;Yes;23990000;23290000;2026-01-10;;;https://www.thegioididong.com/dong-ho-thong-minh/apple-watch-ultra-3-gps-cellular-49mm-vien-titanium-day-ocean;Skipped
Apple Watch Series 11 GPS + Cellular 46mm viền Titanium dây thể thao;Titan vàng;Yes;22490000;20390000;2026-01-10;;;https://www.thegioididong.com/dong-ho-thong-minh/apple-watch-series-11-gps-cellular-42m-vien-titanium-day-the-thao;Skipped
Apple Watch Ultra 3 GPS + Cellular 49mm viền Titanium dây Ocean;Titan tự nhiên;Yes;23990000;23290000;2026-01-10;;;https://www.thegioididong.com/dong-ho-thong-minh/apple-watch-ultra-3-gps-cellular-49mm-vien-titanium-day-ocean;Skipped
Apple Watch Series 11 GPS + Cellular 46mm viền Titanium dây thể thao;Titan tự nhiên;Yes;22490000;20390000;2026-01-10;;;https://www.thegioididong.com/dong-ho-thong-minh/apple-watch-series-11-gps-cellular-42m-vien-titanium-day-the-thao;Skipped
Apple Watch Ultra 3 GPS + Cellular 49mm viền Titanium dây Trail;Titan tự nhiên;No;23990000;23290000;2026-01-10;;;https://www.thegioididong.com/dong-ho-thong-minh/apple-watch-ultra-3-gps-cellular-49mm-vien-titanium-day-trail;DEBUG_OOS_Apple Watch Ultra 3 GPS + Cellular 49mm viền Titanium dây Trail_Titan tự nhiên_092742.png
Apple Watch Series 11 GPS + Cellular 46mm viền Titanium dây thể thao;Titan xám;Yes;22490000;20390000;2026-01-10;;;https://www.thegioididong.com/dong-ho-thong-minh/apple-watch-series-11-gps-cellular-42m-vien-titanium-day-the-thao;Skipped
iPhone 13 128GB;Đen;Yes;13990000;12490000;2026-01-10;"Khuyến mãi

Giá và khuyến mãi dự kiến áp dụng đến 23:59 | 11/01
1

Tặng phiếu mua hàng Apple Watch trị giá 1,000,000đ

2

Tặng phiếu mua hàng Macbook trị giá 700,000đ

3

Phiếu mua hàng Airpods trị giá 500.000đ

4

Tặng Phiếu mua hàng mua sạc dự phòng (trừ AVA+, Hydrus); đồng hồ thông minh (trừ Apple); Tai nghe bluetooth và Loa bluetooth các hãng JBL, Marshall,Harman Kardon; Ốp lưng (trừ Apple) trị giá 100.000đ

5

PMH Sim data 500GB 1 tháng trị giá 100.000đ

6

Thu cũ đổi mới: Giảm đến 2,000,000đ (Không kèm ưu đãi thanh toán qua cổng, mua kèm) Xem chi tiết";"Ưu đãi thanh toán Online (Click chọn để áp dụng)
Giảm 1.000.000đ
Áp dụng sản phẩm từ 10.000.000đ trở lên.
?
Giảm 250.000đ
Áp dụng sản phẩm từ 5.000.000đ trở lên.
?
Giảm 500.000đ
Áp dụng sản phẩm từ 5.000.000đ trở lên.
?";https://www.thegioididong.com/dtdd/iphone-13;Skipped
Apple Watch Ultra 3 GPS + Cellular 49mm viền Titanium dây Trail;Titan đen;No;23990000;23290000;2026-01-10;;;https://www.thegioididong.com/dong-ho-thong-minh/apple-watch-ultra-3-gps-cellular-49mm-vien-titanium-day-trail;DEBUG_OOS_Apple Watch Ultra 3 GPS + Cellular 49mm viền Titanium dây Trail_Titan đen_092746.png
iPhone 14 128GB;Xanh Dương;Yes;16990000;13890000;2026-01-10;"Khuyến mãi

Giá và khuyến mãi có thể kết thúc sớm hơn dự kiến
1

Tặng phiếu mua hàng Apple Watch trị giá 1,000,000đ

2

Tặng phiếu mua hàng Macbook trị giá 700,000đ

3

Phiếu mua hàng Airpods trị giá 500.000đ

4

PMH Sim data 500GB 1 tháng trị giá 100.000đ";"Ưu đãi thanh toán Online (Click chọn để áp dụng)
Giảm 1.000.000đ
Áp dụng sản phẩm từ 10.000.000đ trở lên.
?
Giảm 250.000đ
Áp dụng sản phẩm từ 5.000.000đ trở lên.
?
Giảm 500.000đ
Áp dụng sản phẩm từ 5.000.000đ trở lên.
?";https://www.thegioididong.com/dtdd/iphone-14;Skipped
iPhone 14 128GB;Trắng;Yes;16990000;13890000;2026-01-10;"Khuyến mãi

Giá và khuyến mãi có thể kết thúc sớm hơn dự kiến
1

Tặng phiếu mua hàng Apple Watch trị giá 1,000,000đ

2

Tặng phiếu mua hàng Macbook trị giá 700,000đ

3

Phiếu mua hàng Airpods trị giá 500.000đ

4

PMH Sim data 500GB 1 tháng trị giá 100.000đ";"Ưu đãi thanh toán Online (Click chọn để áp dụng)
Giảm 1.000.000đ
Áp dụng sản phẩm từ 10.000.000đ trở lên.
?
Giảm 250.000đ
Áp dụng sản phẩm từ 5.000.000đ trở lên.
?
Giảm 500.000đ
Áp dụng sản phẩm từ 5.000.000đ trở lên.
?";https://www.thegioididong.com/dtdd/iphone-14;Skipped
Apple Watch Series 11 GPS + Cellular 42m viền Titanium dây thể thao;42mm;Yes;20990000;18490000;2026-01-10;;;https://www.thegioididong.com/dong-ho-thong-minh/apple-watch-series-11-gps-cellular-42m-vien-titanium-day-the-thao;Skipped
Apple Watch Ultra 3 GPS + Cellular 49mm viền Titanium dây Trail;Titan tự nhiên;No;23990000;23290000;2026-01-10;;;https://www.thegioididong.com/dong-ho-thong-minh/apple-watch-ultra-3-gps-cellular-49mm-vien-titanium-day-trail;DEBUG_OOS_Apple Watch Ultra 3 GPS + Cellular 49mm viền Titanium dây Trail_Titan tự nhiên_092751.png
iPhone 15 128GB;Xanh dương nhạt;Yes;18990000;16990000;2026-01-10;"Khuyến mãi

Giá và khuyến mãi dự kiến áp dụng đến 23:59 | 11/01
1

Tặng phiếu mua hàng Apple Watch trị giá 1,000,000đ

2

Tặng phiếu mua hàng Macbook trị giá 700,000đ

3

Phiếu mua hàng Airpods trị giá 500.000đ

4

Tặng Phiếu mua hàng mua sạc dự phòng (trừ AVA+, Hydrus); đồng hồ thông minh (trừ Apple); Tai nghe bluetooth và Loa bluetooth các hãng JBL, Marshall,Harman Kardon; Ốp lưng (trừ Apple) trị giá 100.000đ

5

PMH Sim data 500GB 1 tháng trị giá 100.000đ

6

Thu cũ đổi mới: Giảm đến 2,000,000đ (Không kèm ưu đãi thanh toán qua cổng, mua kèm) Xem chi tiết";"Ưu đãi thanh toán Online (Click chọn để áp dụng)
Giảm 1.000.000đ
Áp dụng sản phẩm từ 10.000.000đ trở lên.
?
Giảm 250.000đ
Áp dụng sản phẩm từ 5.000.000đ trở lên.
?
Giảm 500.000đ
Áp dụng sản phẩm từ 5.000.000đ trở lên.
?";https://www.thegioididong.com/dtdd/iphone-15;Skipped
iPhone 13 128GB;Trắng;Yes;13990000;12490000;2026-01-10;"Khuyến mãi

Giá và khuyến mãi dự kiến áp dụng đến 23:59 | 11/01
1

Tặng phiếu mua hàng Apple Watch trị giá 1,000,000đ

2

Tặng phiếu mua hàng Macbook trị giá 700,000đ

3

Phiếu mua hàng Airpods trị giá 500.000đ

4

Tặng Phiếu mua hàng mua sạc dự phòng (trừ AVA+, Hydrus); đồng hồ thông minh (trừ Apple); Tai nghe bluetooth và Loa bluetooth các hãng JBL, Marshall,Harman Kardon; Ốp lưng (trừ Apple) trị giá 100.000đ

5

PMH Sim data 500GB 1 tháng trị giá 100.000đ

6

Thu cũ đổi mới: Giảm đến 2,000,000đ (Không kèm ưu đãi thanh toán qua cổng, mua kèm) Xem chi tiết";"Ưu đãi thanh toán Online (Click chọn để áp dụng)
Giảm 1.000.000đ
Áp dụng sản phẩm từ 10.000.000đ trở lên.
?
Giảm 250.000đ
Áp dụng sản phẩm từ 5.000.000đ trở lên.
?
Giảm 500.000đ
Áp dụng sản phẩm từ 5.000.000đ trở lên.
?";https://www.thegioididong.com/dtdd/iphone-13;Skipped
Apple Watch Series 11 GPS + Cellular 46mm viền Titanium dây thể thao;46mm;Yes;22490000;20390000;2026-01-10;;;https://www.thegioididong.com/dong-ho-thong-minh/apple-watch-series-11-gps-cellular-42m-vien-titanium-day-the-thao;Skipped
iPhone 14 128GB;Đen;Yes;16990000;13890000;2026-01-10;"Khuyến mãi

Giá và khuyến mãi có thể kết thúc sớm hơn dự kiến
1

Tặng phiếu mua hàng Apple Watch trị giá 1,000,000đ

2

Tặng phiếu mua hàng Macbook trị giá 700,000đ

3

Phiếu mua hàng Airpods trị giá 500.000đ

4

PMH Sim data 500GB 1 tháng trị giá 100.000đ";"Ưu đãi thanh toán Online (Click chọn để áp dụng)
Giảm 1.000.000đ
Áp dụng sản phẩm từ 10.000.000đ trở lên.
?
Giảm 250.000đ
Áp dụng sản phẩm từ 5.000.000đ trở lên.
?
Giảm 500.000đ
Áp dụng sản phẩm từ 5.000.000đ trở lên.
?";https://www.thegioididong.com/dtdd/iphone-14;Skipped
Apple Watch Ultra 3 GPS + Cellular 49mm viền Titanium dây Trail;Titan đen;No;23990000;23290000;2026-01-10;;;https://www.thegioididong.com/dong-ho-thong-minh/apple-watch-ultra-3-gps-cellular-49mm-vien-titanium-day-trail;DEBUG_OOS_Apple Watch Ultra 3 GPS + Cellular 49mm viền Titanium dây Trail_Titan đen_092754.png
Apple Watch Series 11 GPS + Cellular 46mm viền Titanium dây thể thao;Titan vàng;Yes;22490000;20390000;2026-01-10;;;https://www.thegioididong.com/dong-ho-thong-minh/apple-watch-series-11-gps-cellular-42m-vien-titanium-day-the-thao;Skipped
iPhone 15 128GB;Hồng nhạt;Yes;18990000;16990000;2026-01-10;"Khuyến mãi

Giá và khuyến mãi dự kiến áp dụng đến 23:59 | 11/01
1

Tặng phiếu mua hàng Apple Watch trị giá 1,000,000đ

2

Tặng phiếu mua hàng Macbook trị giá 700,000đ

3

Phiếu mua hàng Airpods trị giá 500.000đ

4

Tặng Phiếu mua hàng mua sạc dự phòng (trừ AVA+, Hydrus); đồng hồ thông minh (trừ Apple); Tai nghe bluetooth và Loa bluetooth các hãng JBL, Marshall,Harman Kardon; Ốp lưng (trừ Apple) trị giá 100.000đ

5

PMH Sim data 500GB 1 tháng trị giá 100.000đ

6

Thu cũ đổi mới: Giảm đến 2,000,000đ (Không kèm ưu đãi thanh toán qua cổng, mua kèm) Xem chi tiết";"Ưu đãi thanh toán Online (Click chọn để áp dụng)
Giảm 1.000.000đ
Áp dụng sản phẩm từ 10.000.000đ trở lên.
?
Giảm 250.000đ
Áp dụng sản phẩm từ 5.000.000đ trở lên.
?
Giảm 500.000đ
Áp dụng sản phẩm từ 5.000.000đ trở lên.
?";https://www.thegioididong.com/dtdd/iphone-15;Skipped
iPhone 14 256GB;Xanh Dương;Yes;19990000;16590000;2026-01-10;"Khuyến mãi

Giá và khuyến mãi có thể kết thúc sớm hơn dự kiến
1

Tặng phiếu mua hàng Apple Watch trị giá 1,000,000đ

2

Tặng phiếu mua hàng Macbook trị giá 700,000đ

3

Phiếu mua hàng Airpods trị giá 500.000đ

4

PMH Sim data 500GB 1 tháng trị giá 100.000đ";"Ưu đãi thanh toán Online (Click chọn để áp dụng)
Giảm 1.000.000đ
Áp dụng sản phẩm từ 10.000.000đ trở lên.
?
Giảm 250.000đ
Áp dụng sản phẩm từ 5.000.000đ trở lên.
?
Giảm 500.000đ
Áp dụng sản phẩm từ 5.000.000đ trở lên.
?";https://www.thegioididong.com/dtdd/iphone-14;Skipped
Apple Watch Series 11 GPS + Cellular 46mm viền Titanium dây thể thao;Titan tự nhiên;Yes;22490000;20390000;2026-01-10;;;https://www.thegioididong.com/dong-ho-thong-minh/apple-watch-series-11-gps-cellular-42m-vien-titanium-day-the-thao;Skipped
iPhone 13 128GB;Đen;Yes;13990000;12490000;2026-01-10;"Khuyến mãi

Giá và khuyến mãi dự kiến áp dụng đến 23:59 | 11/01
1

Tặng phiếu mua hàng Apple Watch trị giá 1,000,000đ

2

Tặng phiếu mua hàng Macbook trị giá 700,000đ

3

Phiếu mua hàng Airpods trị giá 500.000đ

4

Tặng Phiếu mua hàng mua sạc dự phòng (trừ AVA+, Hydrus); đồng hồ thông minh (trừ Apple); Tai nghe bluetooth và Loa bluetooth các hãng JBL, Marshall,Harman Kardon; Ốp lưng (trừ Apple) trị giá 100.000đ

5

PMH Sim data 500GB 1 tháng trị giá 100.000đ

6

Thu cũ đổi mới: Giảm đến 2,000,000đ (Không kèm ưu đãi thanh toán qua cổng, mua kèm) Xem chi tiết";"Ưu đãi thanh toán Online (Click chọn để áp dụng)
Giảm 1.000.000đ
Áp dụng sản phẩm từ 10.000.000đ trở lên.
?
Giảm 250.000đ
Áp dụng sản phẩm từ 5.000.000đ trở lên.
?
Giảm 500.000đ
Áp dụng sản phẩm từ 5.000.000đ trở lên.
?";https://www.thegioididong.com/dtdd/iphone-13;Skipped
Apple Watch Series 11 GPS + Cellular 46mm viền Titanium dây thể thao;Titan xám;Yes;22490000;20390000;2026-01-10;;;https://www.thegioididong.com/dong-ho-thong-minh/apple-watch-series-11-gps-cellular-42m-vien-titanium-day-the-thao;Skipped
iPhone 15 Plus 128GB;Xanh dương nhạt;Yes;21990000;19590000;2026-01-10;"Khuyến mãi

Giá và khuyến mãi dự kiến áp dụng đến 23:59 | 11/01
1

Tặng phiếu mua hàng Apple Watch trị giá 1,000,000đ

2

Tặng phiếu mua hàng Macbook trị giá 700,000đ

3

Phiếu mua hàng Airpods trị giá 500.000đ

4

Tặng Phiếu mua hàng mua sạc dự phòng (trừ AVA+, Hydrus); đồng hồ thông minh (trừ Apple); Tai nghe bluetooth và Loa bluetooth các hãng JBL, Marshall,Harman Kardon; Ốp lưng (trừ Apple) trị giá 100.000đ

5

PMH Sim data 500GB 1 tháng trị giá 100.000đ

6

Thu cũ đổi mới: Giảm đến 2,000,000đ (Không kèm ưu đãi thanh toán qua cổng, mua kèm) Xem chi tiết";"Ưu đãi thanh toán Online (Click chọn để áp dụng)
Giảm 1.000.000đ
Áp dụng sản phẩm từ 10.000.000đ trở lên.
?
Giảm 250.000đ
Áp dụng sản phẩm từ 5.000.000đ trở lên.
?
Giảm 500.000đ
Áp dụng sản phẩm từ 5.000.000đ trở lên.
?";https://www.thegioididong.com/dtdd/iphone-15-plus;Skipped
iPhone 15 128GB;Đen;Yes;18990000;16990000;2026-01-10;"Khuyến mãi

Giá và khuyến mãi dự kiến áp dụng đến 23:59 | 11/01
1

Tặng phiếu mua hàng Apple Watch trị giá 1,000,000đ

2

Tặng phiếu mua hàng Macbook trị giá 700,000đ

3

Phiếu mua hàng Airpods trị giá 500.000đ

4

Tặng Phiếu mua hàng mua sạc dự phòng (trừ AVA+, Hydrus); đồng hồ thông minh (trừ Apple); Tai nghe bluetooth và Loa bluetooth các hãng JBL, Marshall,Harman Kardon; Ốp lưng (trừ Apple) trị giá 100.000đ

5

PMH Sim data 500GB 1 tháng trị giá 100.000đ

6

Thu cũ đổi mới: Giảm đến 2,000,000đ (Không kèm ưu đãi thanh toán qua cổng, mua kèm) Xem chi tiết";"Ưu đãi thanh toán Online (Click chọn để áp dụng)
Giảm 1.000.000đ
Áp dụng sản phẩm từ 10.000.000đ trở lên.
?
Giảm 250.000đ
Áp dụng sản phẩm từ 5.000.000đ trở lên.
?
Giảm 500.000đ
Áp dụng sản phẩm từ 5.000.000đ trở lên.
?";https://www.thegioididong.com/dtdd/iphone-15;Skipped
iPhone 14 256GB;Trắng;Yes;19990000;16990000;2026-01-10;"Khuyến mãi

Giá và khuyến mãi dự kiến áp dụng đến 23:59 | 11/01
1

Tặng phiếu mua hàng Apple Watch trị giá 1,000,000đ

2

Tặng phiếu mua hàng Macbook trị giá 700,000đ

3

Phiếu mua hàng Airpods trị giá 500.000đ

4

Tặng Phiếu mua hàng mua sạc dự phòng (trừ AVA+, Hydrus); đồng hồ thông minh (trừ Apple); Tai nghe bluetooth và Loa bluetooth các hãng JBL, Marshall,Harman Kardon; Ốp lưng (trừ Apple) trị giá 100.000đ

5

PMH Sim data 500GB 1 tháng trị giá 100.000đ

6

Thu cũ đổi mới: Giảm đến 2,000,000đ (Không kèm ưu đãi thanh toán qua cổng, mua kèm) Xem chi tiết";"Ưu đãi thanh toán Online (Click chọn để áp dụng)
Giảm 1.000.000đ
Áp dụng sản phẩm từ 10.000.000đ trở lên.
?
Giảm 250.000đ
Áp dụng sản phẩm từ 5.000.000đ trở lên.
?
Giảm 500.000đ
Áp dụng sản phẩm từ 5.000.000đ trở lên.
?";https://www.thegioididong.com/dtdd/iphone-14;Skipped
iPhone 13 128GB;Trắng;Yes;13990000;12490000;2026-01-10;"Khuyến mãi

Giá và khuyến mãi dự kiến áp dụng đến 23:59 | 11/01
1

Tặng phiếu mua hàng Apple Watch trị giá 1,000,000đ

2

Tặng phiếu mua hàng Macbook trị giá 700,000đ

3

Phiếu mua hàng Airpods trị giá 500.000đ

4

Tặng Phiếu mua hàng mua sạc dự phòng (trừ AVA+, Hydrus); đồng hồ thông minh (trừ Apple); Tai nghe bluetooth và Loa bluetooth các hãng JBL, Marshall,Harman Kardon; Ốp lưng (trừ Apple) trị giá 100.000đ

5

PMH Sim data 500GB 1 tháng trị giá 100.000đ

6

Thu cũ đổi mới: Giảm đến 2,000,000đ (Không kèm ưu đãi thanh toán qua cổng, mua kèm) Xem chi tiết";"Ưu đãi thanh toán Online (Click chọn để áp dụng)
Giảm 1.000.000đ
Áp dụng sản phẩm từ 10.000.000đ trở lên.
?
Giảm 250.000đ
Áp dụng sản phẩm từ 5.000.000đ trở lên.
?
Giảm 500.000đ
Áp dụng sản phẩm từ 5.000.000đ trở lên.
?";https://www.thegioididong.com/dtdd/iphone-13;Skipped
iPhone 16 128GB;Xanh Lưu Ly;Yes;21990000;19990000;2026-01-10;"Khuyến mãi

Giá và khuyến mãi dự kiến áp dụng đến 23:59 | 11/01
1

Tặng phiếu mua hàng Apple Watch trị giá 1,000,000đ

2

Tặng phiếu mua hàng Macbook trị giá 700,000đ

3

Phiếu mua hàng Airpods trị giá 500.000đ

4

Tặng Phiếu mua hàng mua sạc dự phòng (trừ AVA+, Hydrus); đồng hồ thông minh (trừ Apple); Tai nghe bluetooth và Loa bluetooth các hãng JBL, Marshall,Harman Kardon; Ốp lưng (trừ Apple) trị giá 100.000đ

5

PMH Sim data 500GB 1 tháng trị giá 100.000đ

6

Thu cũ đổi mới: Giảm đến 2,000,000đ (Không kèm ưu đãi thanh toán qua cổng, mua kèm) Xem chi tiết";"Ưu đãi thanh toán Online (Click chọn để áp dụng)
Giảm 1.000.000đ
Áp dụng sản phẩm từ 10.000.000đ trở lên.
?
Giảm 250.000đ
Áp dụng sản phẩm từ 5.000.000đ trở lên.
?
Giảm 500.000đ
Áp dụng sản phẩm từ 5.000.000đ trở lên.
?";https://www.thegioididong.com/dtdd/iphone-16;Skipped
iPhone 15 128GB;Vàng nhạt;No;18990000;16990000;2026-01-10;"Khuyến mãi

Giá và khuyến mãi dự kiến áp dụng đến 23:59 | 11/01
1

Tặng phiếu mua hàng Apple Watch trị giá 1,000,000đ

2

Tặng phiếu mua hàng Macbook trị giá 700,000đ

3

Phiếu mua hàng Airpods trị giá 500.000đ

4

Tặng Phiếu mua hàng mua sạc dự phòng (trừ AVA+, Hydrus); đồng hồ thông minh (trừ Apple); Tai nghe bluetooth và Loa bluetooth các hãng JBL, Marshall,Harman Kardon; Ốp lưng (trừ Apple) trị giá 100.000đ

5

PMH Sim data 500GB 1 tháng trị giá 100.000đ

6

Thu cũ đổi mới: Giảm đến 2,000,000đ (Không kèm ưu đãi thanh toán qua cổng, mua kèm) Xem chi tiết";;https://www.thegioididong.com/dtdd/iphone-15;DEBUG_OOS_iPhone 15 128GB_Vàng nhạt_092807.png
iPhone 14 256GB;Đen;Yes;19990000;16590000;2026-01-10;"Khuyến mãi

Giá và khuyến mãi có thể kết thúc sớm hơn dự kiến
1

Tặng phiếu mua hàng Apple Watch trị giá 1,000,000đ

2

Tặng phiếu mua hàng Macbook trị giá 700,000đ

3

Phiếu mua hàng Airpods trị giá 500.000đ

4

PMH Sim data 500GB 1 tháng trị giá 100.000đ";"Ưu đãi thanh toán Online (Click chọn để áp dụng)
Giảm 1.000.000đ
Áp dụng sản phẩm từ 10.000.000đ trở lên.
?
Giảm 250.000đ
Áp dụng sản phẩm từ 5.000.000đ trở lên.
?
Giảm 500.000đ
Áp dụng sản phẩm từ 5.000.000đ trở lên.
?";https://www.thegioididong.com/dtdd/iphone-14;Skipped
iPhone 15 Plus 128GB;Đen;Yes;21990000;19590000;2026-01-10;"Khuyến mãi

Giá và khuyến mãi dự kiến áp dụng đến 23:59 | 11/01
1

Tặng phiếu mua hàng Apple Watch trị giá 1,000,000đ

2

Tặng phiếu mua hàng Macbook trị giá 700,000đ

3

Phiếu mua hàng Airpods trị giá 500.000đ

4

Tặng Phiếu mua hàng mua sạc dự phòng (trừ AVA+, Hydrus); đồng hồ thông minh (trừ Apple); Tai nghe bluetooth và Loa bluetooth các hãng JBL, Marshall,Harman Kardon; Ốp lưng (trừ Apple) trị giá 100.000đ

5

PMH Sim data 500GB 1 tháng trị giá 100.000đ

6

Thu cũ đổi mới: Giảm đến 2,000,000đ (Không kèm ưu đãi thanh toán qua cổng, mua kèm) Xem chi tiết";"Ưu đãi thanh toán Online (Click chọn để áp dụng)
Giảm 1.000.000đ
Áp dụng sản phẩm từ 10.000.000đ trở lên.
?
Giảm 250.000đ
Áp dụng sản phẩm từ 5.000.000đ trở lên.
?
Giảm 500.000đ
Áp dụng sản phẩm từ 5.000.000đ trở lên.
?";https://www.thegioididong.com/dtdd/iphone-15-plus;Skipped
iPhone 16 Plus 128GB;Trắng;Yes;25990000;23990000;2026-01-10;"Khuyến mãi

Giá và khuyến mãi dự kiến áp dụng đến 23:59 | 11/01
1

Tặng phiếu mua hàng Apple Watch trị giá 1,000,000đ

2

Tặng phiếu mua hàng Macbook trị giá 700,000đ

3

Phiếu mua hàng Airpods trị giá 500.000đ

4

Tặng Phiếu mua hàng mua sạc dự phòng (trừ AVA+, Hydrus); đồng hồ thông minh (trừ Apple); Tai nghe bluetooth và Loa bluetooth các hãng JBL, Marshall,Harman Kardon; Ốp lưng (trừ Apple) trị giá 100.000đ

5

PMH Sim data 500GB 1 tháng trị giá 100.000đ

6

Thu cũ đổi mới: Giảm đến 2,000,000đ (Không kèm ưu đãi thanh toán qua cổng, mua kèm) Xem chi tiết";"Ưu đãi thanh toán Online (Click chọn để áp dụng)
Giảm 1.000.000đ
Áp dụng sản phẩm từ 10.000.000đ trở lên.
?
Giảm 250.000đ
Áp dụng sản phẩm từ 5.000.000đ trở lên.
?
Giảm 500.000đ
Áp dụng sản phẩm từ 5.000.000đ trở lên.
?";https://www.thegioididong.com/dtdd/iphone-16-plus;Skipped
iPhone 16 128GB;Đen;Yes;21990000;19990000;2026-01-10;"Khuyến mãi

Giá và khuyến mãi dự kiến áp dụng đến 23:59 | 11/01
1

Tặng phiếu mua hàng Apple Watch trị giá 1,000,000đ

2

Tặng phiếu mua hàng Macbook trị giá 700,000đ

3

Phiếu mua hàng Airpods trị giá 500.000đ

4

Tặng Phiếu mua hàng mua sạc dự phòng (trừ AVA+, Hydrus); đồng hồ thông minh (trừ Apple); Tai nghe bluetooth và Loa bluetooth các hãng JBL, Marshall,Harman Kardon; Ốp lưng (trừ Apple) trị giá 100.000đ

5

PMH Sim data 500GB 1 tháng trị giá 100.000đ

6

Thu cũ đổi mới: Giảm đến 2,000,000đ (Không kèm ưu đãi thanh toán qua cổng, mua kèm) Xem chi tiết";"Ưu đãi thanh toán Online (Click chọn để áp dụng)
Giảm 1.000.000đ
Áp dụng sản phẩm từ 10.000.000đ trở lên.
?
Giảm 250.000đ
Áp dụng sản phẩm từ 5.000.000đ trở lên.
?
Giảm 500.000đ
Áp dụng sản phẩm từ 5.000.000đ trở lên.
?";https://www.thegioididong.com/dtdd/iphone-16;Skipped
iPhone 15 Plus 128GB;Hồng nhạt;No;21990000;19590000;2026-01-10;"Khuyến mãi

Giá và khuyến mãi dự kiến áp dụng đến 23:59 | 11/01
1

Tặng phiếu mua hàng Apple Watch trị giá 1,000,000đ

2

Tặng phiếu mua hàng Macbook trị giá 700,000đ

3

Phiếu mua hàng Airpods trị giá 500.000đ

4

Tặng Phiếu mua hàng mua sạc dự phòng (trừ AVA+, Hydrus); đồng hồ thông minh (trừ Apple); Tai nghe bluetooth và Loa bluetooth các hãng JBL, Marshall,Harman Kardon; Ốp lưng (trừ Apple) trị giá 100.000đ

5

PMH Sim data 500GB 1 tháng trị giá 100.000đ

6

Thu cũ đổi mới: Giảm đến 2,000,000đ (Không kèm ưu đãi thanh toán qua cổng, mua kèm) Xem chi tiết";;https://www.thegioididong.com/dtdd/iphone-15-plus;DEBUG_OOS_iPhone 15 Plus 128GB_Hồng nhạt_092813.png
iPhone 14 256GB;Xanh Dương;Yes;19990000;16590000;2026-01-10;"Khuyến mãi

Giá và khuyến mãi có thể kết thúc sớm hơn dự kiến
1

Tặng phiếu mua hàng Apple Watch trị giá 1,000,000đ

2

Tặng phiếu mua hàng Macbook trị giá 700,000đ

3

Phiếu mua hàng Airpods trị giá 500.000đ

4

PMH Sim data 500GB 1 tháng trị giá 100.000đ";"Ưu đãi thanh toán Online (Click chọn để áp dụng)
Giảm 1.000.000đ
Áp dụng sản phẩm từ 10.000.000đ trở lên.
?
Giảm 250.000đ
Áp dụng sản phẩm từ 5.000.000đ trở lên.
?
Giảm 500.000đ
Áp dụng sản phẩm từ 5.000.000đ trở lên.
?";https://www.thegioididong.com/dtdd/iphone-14;Skipped
iPhone 15 128GB;Xanh lá nhạt;Yes;18990000;16990000;2026-01-10;"Khuyến mãi

Giá và khuyến mãi dự kiến áp dụng đến 23:59 | 11/01
1

Tặng phiếu mua hàng Apple Watch trị giá 1,000,000đ

2

Tặng phiếu mua hàng Macbook trị giá 700,000đ

3

Phiếu mua hàng Airpods trị giá 500.000đ

4

Tặng Phiếu mua hàng mua sạc dự phòng (trừ AVA+, Hydrus); đồng hồ thông minh (trừ Apple); Tai nghe bluetooth và Loa bluetooth các hãng JBL, Marshall,Harman Kardon; Ốp lưng (trừ Apple) trị giá 100.000đ

5

PMH Sim data 500GB 1 tháng trị giá 100.000đ

6

Thu cũ đổi mới: Giảm đến 2,000,000đ (Không kèm ưu đãi thanh toán qua cổng, mua kèm) Xem chi tiết";"Ưu đãi thanh toán Online (Click chọn để áp dụng)
Giảm 1.000.000đ
Áp dụng sản phẩm từ 10.000.000đ trở lên.
?
Giảm 250.000đ
Áp dụng sản phẩm từ 5.000.000đ trở lên.
?
Giảm 500.000đ
Áp dụng sản phẩm từ 5.000.000đ trở lên.
?";https://www.thegioididong.com/dtdd/iphone-15;Skipped
iPhone 16 Pro 128GB;Titan tự nhiên;Yes;27990000;25590000;2026-01-10;"Khuyến mãi

Giá và khuyến mãi dự kiến áp dụng đến 23:59 | 11/01
1

Tặng phiếu mua hàng Apple Watch trị giá 1,000,000đ

2

Tặng phiếu mua hàng Macbook trị giá 700,000đ

3

Phiếu mua hàng Airpods trị giá 500.000đ

4

Tặng Phiếu mua hàng mua sạc dự phòng (trừ AVA+, Hydrus); đồng hồ thông minh (trừ Apple); Tai nghe bluetooth và Loa bluetooth các hãng JBL, Marshall,Harman Kardon; Ốp lưng (trừ Apple) trị giá 100.000đ

5

PMH Sim data 500GB 1 tháng trị giá 100.000đ

6

Thu cũ đổi mới: Giảm đến 2,000,000đ (Không kèm ưu đãi thanh toán qua cổng, mua kèm) Xem chi tiết";"Ưu đãi thanh toán Online (Click chọn để áp dụng)
Giảm 1.000.000đ
Áp dụng sản phẩm từ 10.000.000đ trở lên.
?
Giảm 250.000đ
Áp dụng sản phẩm từ 5.000.000đ trở lên.
?
Giảm 500.000đ
Áp dụng sản phẩm từ 5.000.000đ trở lên.
?";https://www.thegioididong.com/dtdd/iphone-16-pro;Skipped
iPhone 16 Plus 128GB;Hồng;Yes;25990000;23990000;2026-01-10;"Khuyến mãi

Giá và khuyến mãi dự kiến áp dụng đến 23:59 | 11/01
1

Tặng phiếu mua hàng Apple Watch trị giá 1,000,000đ

2

Tặng phiếu mua hàng Macbook trị giá 700,000đ

3

Phiếu mua hàng Airpods trị giá 500.000đ

4

Tặng Phiếu mua hàng mua sạc dự phòng (trừ AVA+, Hydrus); đồng hồ thông minh (trừ Apple); Tai nghe bluetooth và Loa bluetooth các hãng JBL, Marshall,Harman Kardon; Ốp lưng (trừ Apple) trị giá 100.000đ

5

PMH Sim data 500GB 1 tháng trị giá 100.000đ

6

Thu cũ đổi mới: Giảm đến 2,000,000đ (Không kèm ưu đãi thanh toán qua cổng, mua kèm) Xem chi tiết";"Ưu đãi thanh toán Online (Click chọn để áp dụng)
Giảm 1.000.000đ
Áp dụng sản phẩm từ 10.000.000đ trở lên.
?
Giảm 250.000đ
Áp dụng sản phẩm từ 5.000.000đ trở lên.
?
Giảm 500.000đ
Áp dụng sản phẩm từ 5.000.000đ trở lên.
?";https://www.thegioididong.com/dtdd/iphone-16-plus;Skipped
iPhone 14 256GB;Trắng;Yes;19990000;16990000;2026-01-10;"Khuyến mãi

Giá và khuyến mãi dự kiến áp dụng đến 23:59 | 11/01
1

Tặng phiếu mua hàng Apple Watch trị giá 1,000,000đ

2

Tặng phiếu mua hàng Macbook trị giá 700,000đ

3

Phiếu mua hàng Airpods trị giá 500.000đ

4

Tặng Phiếu mua hàng mua sạc dự phòng (trừ AVA+, Hydrus); đồng hồ thông minh (trừ Apple); Tai nghe bluetooth và Loa bluetooth các hãng JBL, Marshall,Harman Kardon; Ốp lưng (trừ Apple) trị giá 100.000đ

5

PMH Sim data 500GB 1 tháng trị giá 100.000đ

6

Thu cũ đổi mới: Giảm đến 2,000,000đ (Không kèm ưu đãi thanh toán qua cổng, mua kèm) Xem chi tiết";"Ưu đãi thanh toán Online (Click chọn để áp dụng)
Giảm 1.000.000đ
Áp dụng sản phẩm từ 10.000.000đ trở lên.
?
Giảm 250.000đ
Áp dụng sản phẩm từ 5.000.000đ trở lên.
?
Giảm 500.000đ
Áp dụng sản phẩm từ 5.000.000đ trở lên.
?";https://www.thegioididong.com/dtdd/iphone-14;Skipped
iPhone 15 Plus 128GB;Vàng nhạt;Yes;21990000;19590000;2026-01-10;"Khuyến mãi

Giá và khuyến mãi dự kiến áp dụng đến 23:59 | 11/01
1

Tặng phiếu mua hàng Apple Watch trị giá 1,000,000đ

2

Tặng phiếu mua hàng Macbook trị giá 700,000đ

3

Phiếu mua hàng Airpods trị giá 500.000đ

4

Tặng Phiếu mua hàng mua sạc dự phòng (trừ AVA+, Hydrus); đồng hồ thông minh (trừ Apple); Tai nghe bluetooth và Loa bluetooth các hãng JBL, Marshall,Harman Kardon; Ốp lưng (trừ Apple) trị giá 100.000đ

5

PMH Sim data 500GB 1 tháng trị giá 100.000đ

6

Thu cũ đổi mới: Giảm đến 2,000,000đ (Không kèm ưu đãi thanh toán qua cổng, mua kèm) Xem chi tiết";"Ưu đãi thanh toán Online (Click chọn để áp dụng)
Giảm 1.000.000đ
Áp dụng sản phẩm từ 10.000.000đ trở lên.
?
Giảm 250.000đ
Áp dụng sản phẩm từ 5.000.000đ trở lên.
?
Giảm 500.000đ
Áp dụng sản phẩm từ 5.000.000đ trở lên.
?";https://www.thegioididong.com/dtdd/iphone-15-plus;Skipped
iPhone 16 128GB;Hồng;Yes;21990000;19990000;2026-01-10;"Khuyến mãi

Giá và khuyến mãi dự kiến áp dụng đến 23:59 | 11/01
1

Tặng phiếu mua hàng Apple Watch trị giá 1,000,000đ

2

Tặng phiếu mua hàng Macbook trị giá 700,000đ

3

Phiếu mua hàng Airpods trị giá 500.000đ

4

Tặng Phiếu mua hàng mua sạc dự phòng (trừ AVA+, Hydrus); đồng hồ thông minh (trừ Apple); Tai nghe bluetooth và Loa bluetooth các hãng JBL, Marshall,Harman Kardon; Ốp lưng (trừ Apple) trị giá 100.000đ

5

PMH Sim data 500GB 1 tháng trị giá 100.000đ

6

Thu cũ đổi mới: Giảm đến 2,000,000đ (Không kèm ưu đãi thanh toán qua cổng, mua kèm) Xem chi tiết";"Ưu đãi thanh toán Online (Click chọn để áp dụng)
Giảm 1.000.000đ
Áp dụng sản phẩm từ 10.000.000đ trở lên.
?
Giảm 250.000đ
Áp dụng sản phẩm từ 5.000.000đ trở lên.
?
Giảm 500.000đ
Áp dụng sản phẩm từ 5.000.000đ trở lên.
?";https://www.thegioididong.com/dtdd/iphone-16;Skipped
iPhone 15 256GB;Hồng nhạt;Yes;21990000;19990000;2026-01-10;"Khuyến mãi

Giá và khuyến mãi dự kiến áp dụng đến 23:59 | 11/01
1

Tặng phiếu mua hàng Apple Watch trị giá 1,000,000đ

2

Tặng phiếu mua hàng Macbook trị giá 700,000đ

3

Phiếu mua hàng Airpods trị giá 500.000đ

4

Tặng Phiếu mua hàng mua sạc dự phòng (trừ AVA+, Hydrus); đồng hồ thông minh (trừ Apple); Tai nghe bluetooth và Loa bluetooth các hãng JBL, Marshall,Harman Kardon; Ốp lưng (trừ Apple) trị giá 100.000đ

5

PMH Sim data 500GB 1 tháng trị giá 100.000đ

6

Thu cũ đổi mới: Giảm đến 2,000,000đ (Không kèm ưu đãi thanh toán qua cổng, mua kèm) Xem chi tiết";"Ưu đãi thanh toán Online (Click chọn để áp dụng)
Giảm 1.000.000đ
Áp dụng sản phẩm từ 10.000.000đ trở lên.
?
Giảm 250.000đ
Áp dụng sản phẩm từ 5.000.000đ trở lên.
?
Giảm 500.000đ
Áp dụng sản phẩm từ 5.000.000đ trở lên.
?";https://www.thegioididong.com/dtdd/iphone-15;Skipped
iPhone 16 Pro 128GB;Titan Sa Mạc;Yes;27990000;25590000;2026-01-10;"Khuyến mãi

Giá và khuyến mãi dự kiến áp dụng đến 23:59 | 11/01
1

Tặng phiếu mua hàng Apple Watch trị giá 1,000,000đ

2

Tặng phiếu mua hàng Macbook trị giá 700,000đ

3

Phiếu mua hàng Airpods trị giá 500.000đ

4

Tặng Phiếu mua hàng mua sạc dự phòng (trừ AVA+, Hydrus); đồng hồ thông minh (trừ Apple); Tai nghe bluetooth và Loa bluetooth các hãng JBL, Marshall,Harman Kardon; Ốp lưng (trừ Apple) trị giá 100.000đ

5

PMH Sim data 500GB 1 tháng trị giá 100.000đ

6

Thu cũ đổi mới: Giảm đến 2,000,000đ (Không kèm ưu đãi thanh toán qua cổng, mua kèm) Xem chi tiết";"Ưu đãi thanh toán Online (Click chọn để áp dụng)
Giảm 1.000.000đ
Áp dụng sản phẩm từ 10.000.000đ trở lên.
?
Giảm 250.000đ
Áp dụng sản phẩm từ 5.000.000đ trở lên.
?
Giảm 500.000đ
Áp dụng sản phẩm từ 5.000.000đ trở lên.
?";https://www.thegioididong.com/dtdd/iphone-16-pro;Skipped
iPhone 14 256GB;Đen;Yes;19990000;16590000;2026-01-10;"Khuyến mãi

Giá và khuyến mãi có thể kết thúc sớm hơn dự kiến
1

Tặng phiếu mua hàng Apple Watch trị giá 1,000,000đ

2

Tặng phiếu mua hàng Macbook trị giá 700,000đ

3

Phiếu mua hàng Airpods trị giá 500.000đ

4

PMH Sim data 500GB 1 tháng trị giá 100.000đ";"Ưu đãi thanh toán Online (Click chọn để áp dụng)
Giảm 1.000.000đ
Áp dụng sản phẩm từ 10.000.000đ trở lên.
?
Giảm 250.000đ
Áp dụng sản phẩm từ 5.000.000đ trở lên.
?
Giảm 500.000đ
Áp dụng sản phẩm từ 5.000.000đ trở lên.
?";https://www.thegioididong.com/dtdd/iphone-14;Skipped
iPhone 16 Plus 128GB;Đen;Yes;25990000;23990000;2026-01-10;"Khuyến mãi

Giá và khuyến mãi dự kiến áp dụng đến 23:59 | 11/01
1

Tặng phiếu mua hàng Apple Watch trị giá 1,000,000đ

2

Tặng phiếu mua hàng Macbook trị giá 700,000đ

3

Phiếu mua hàng Airpods trị giá 500.000đ

4

Tặng Phiếu mua hàng mua sạc dự phòng (trừ AVA+, Hydrus); đồng hồ thông minh (trừ Apple); Tai nghe bluetooth và Loa bluetooth các hãng JBL, Marshall,Harman Kardon; Ốp lưng (trừ Apple) trị giá 100.000đ

5

PMH Sim data 500GB 1 tháng trị giá 100.000đ

6

Thu cũ đổi mới: Giảm đến 2,000,000đ (Không kèm ưu đãi thanh toán qua cổng, mua kèm) Xem chi tiết";"Ưu đãi thanh toán Online (Click chọn để áp dụng)
Giảm 1.000.000đ
Áp dụng sản phẩm từ 10.000.000đ trở lên.
?
Giảm 250.000đ
Áp dụng sản phẩm từ 5.000.000đ trở lên.
?
Giảm 500.000đ
Áp dụng sản phẩm từ 5.000.000đ trở lên.
?";https://www.thegioididong.com/dtdd/iphone-16-plus;Skipped
iPhone 16 128GB;Xanh Mòng Két;Yes;21990000;19990000;2026-01-10;"Khuyến mãi

Giá và khuyến mãi dự kiến áp dụng đến 23:59 | 11/01
1

Tặng phiếu mua hàng Apple Watch trị giá 1,000,000đ

2

Tặng phiếu mua hàng Macbook trị giá 700,000đ

3

Phiếu mua hàng Airpods trị giá 500.000đ

4

Tặng Phiếu mua hàng mua sạc dự phòng (trừ AVA+, Hydrus); đồng hồ thông minh (trừ Apple); Tai nghe bluetooth và Loa bluetooth các hãng JBL, Marshall,Harman Kardon; Ốp lưng (trừ Apple) trị giá 100.000đ

5

PMH Sim data 500GB 1 tháng trị giá 100.000đ

6

Thu cũ đổi mới: Giảm đến 2,000,000đ (Không kèm ưu đãi thanh toán qua cổng, mua kèm) Xem chi tiết";"Ưu đãi thanh toán Online (Click chọn để áp dụng)
Giảm 1.000.000đ
Áp dụng sản phẩm từ 10.000.000đ trở lên.
?
Giảm 250.000đ
Áp dụng sản phẩm từ 5.000.000đ trở lên.
?
Giảm 500.000đ
Áp dụng sản phẩm từ 5.000.000đ trở lên.
?";https://www.thegioididong.com/dtdd/iphone-16;Skipped
iPhone 15 Plus 128GB;Xanh lá nhạt;Yes;21990000;19590000;2026-01-10;"Khuyến mãi

Giá và khuyến mãi dự kiến áp dụng đến 23:59 | 11/01
1

Tặng phiếu mua hàng Apple Watch trị giá 1,000,000đ

2

Tặng phiếu mua hàng Macbook trị giá 700,000đ

3

Phiếu mua hàng Airpods trị giá 500.000đ

4

Tặng Phiếu mua hàng mua sạc dự phòng (trừ AVA+, Hydrus); đồng hồ thông minh (trừ Apple); Tai nghe bluetooth và Loa bluetooth các hãng JBL, Marshall,Harman Kardon; Ốp lưng (trừ Apple) trị giá 100.000đ

5

PMH Sim data 500GB 1 tháng trị giá 100.000đ

6

Thu cũ đổi mới: Giảm đến 2,000,000đ (Không kèm ưu đãi thanh toán qua cổng, mua kèm) Xem chi tiết";"Ưu đãi thanh toán Online (Click chọn để áp dụng)
Giảm 1.000.000đ
Áp dụng sản phẩm từ 10.000.000đ trở lên.
?
Giảm 250.000đ
Áp dụng sản phẩm từ 5.000.000đ trở lên.
?
Giảm 500.000đ
Áp dụng sản phẩm từ 5.000.000đ trở lên.
?";https://www.thegioididong.com/dtdd/iphone-15-plus;Skipped
iPhone 15 256GB;Xanh dương nhạt;Yes;21990000;19990000;2026-01-10;"Khuyến mãi

Giá và khuyến mãi dự kiến áp dụng đến 23:59 | 11/01
1

Tặng phiếu mua hàng Apple Watch trị giá 1,000,000đ

2

Tặng phiếu mua hàng Macbook trị giá 700,000đ

3

Phiếu mua hàng Airpods trị giá 500.000đ

4

Tặng Phiếu mua hàng mua sạc dự phòng (trừ AVA+, Hydrus); đồng hồ thông minh (trừ Apple); Tai nghe bluetooth và Loa bluetooth các hãng JBL, Marshall,Harman Kardon; Ốp lưng (trừ Apple) trị giá 100.000đ

5

PMH Sim data 500GB 1 tháng trị giá 100.000đ

6

Thu cũ đổi mới: Giảm đến 2,000,000đ (Không kèm ưu đãi thanh toán qua cổng, mua kèm) Xem chi tiết";"Ưu đãi thanh toán Online (Click chọn để áp dụng)
Giảm 1.000.000đ
Áp dụng sản phẩm từ 10.000.000đ trở lên.
?
Giảm 250.000đ
Áp dụng sản phẩm từ 5.000.000đ trở lên.
?
Giảm 500.000đ
Áp dụng sản phẩm từ 5.000.000đ trở lên.
?";https://www.thegioididong.com/dtdd/iphone-15;Skipped
iPhone 16 Pro 128GB;Titan trắng;Yes;27990000;25590000;2026-01-10;"Khuyến mãi

Giá và khuyến mãi dự kiến áp dụng đến 23:59 | 11/01
1

Tặng phiếu mua hàng Apple Watch trị giá 1,000,000đ

2

Tặng phiếu mua hàng Macbook trị giá 700,000đ

3

Phiếu mua hàng Airpods trị giá 500.000đ

4

Tặng Phiếu mua hàng mua sạc dự phòng (trừ AVA+, Hydrus); đồng hồ thông minh (trừ Apple); Tai nghe bluetooth và Loa bluetooth các hãng JBL, Marshall,Harman Kardon; Ốp lưng (trừ Apple) trị giá 100.000đ

5

PMH Sim data 500GB 1 tháng trị giá 100.000đ

6

Thu cũ đổi mới: Giảm đến 2,000,000đ (Không kèm ưu đãi thanh toán qua cổng, mua kèm) Xem chi tiết";"Ưu đãi thanh toán Online (Click chọn để áp dụng)
Giảm 1.000.000đ
Áp dụng sản phẩm từ 10.000.000đ trở lên.
?
Giảm 250.000đ
Áp dụng sản phẩm từ 5.000.000đ trở lên.
?
Giảm 500.000đ
Áp dụng sản phẩm từ 5.000.000đ trở lên.
?";https://www.thegioididong.com/dtdd/iphone-16-pro;Skipped
iPhone 14 256GB;Xanh Dương;Yes;19990000;16590000;2026-01-10;"Khuyến mãi

Giá và khuyến mãi có thể kết thúc sớm hơn dự kiến
1

Tặng phiếu mua hàng Apple Watch trị giá 1,000,000đ

2

Tặng phiếu mua hàng Macbook trị giá 700,000đ

3

Phiếu mua hàng Airpods trị giá 500.000đ

4

PMH Sim data 500GB 1 tháng trị giá 100.000đ";"Ưu đãi thanh toán Online (Click chọn để áp dụng)
Giảm 1.000.000đ
Áp dụng sản phẩm từ 10.000.000đ trở lên.
?
Giảm 250.000đ
Áp dụng sản phẩm từ 5.000.000đ trở lên.
?
Giảm 500.000đ
Áp dụng sản phẩm từ 5.000.000đ trở lên.
?";https://www.thegioididong.com/dtdd/iphone-14;Skipped
iPhone 16 Plus 128GB;Xanh Mòng Két;Yes;25990000;23990000;2026-01-10;"Khuyến mãi

Giá và khuyến mãi dự kiến áp dụng đến 23:59 | 11/01
1

Tặng phiếu mua hàng Apple Watch trị giá 1,000,000đ

2

Tặng phiếu mua hàng Macbook trị giá 700,000đ

3

Phiếu mua hàng Airpods trị giá 500.000đ

4

Tặng Phiếu mua hàng mua sạc dự phòng (trừ AVA+, Hydrus); đồng hồ thông minh (trừ Apple); Tai nghe bluetooth và Loa bluetooth các hãng JBL, Marshall,Harman Kardon; Ốp lưng (trừ Apple) trị giá 100.000đ

5

PMH Sim data 500GB 1 tháng trị giá 100.000đ

6

Thu cũ đổi mới: Giảm đến 2,000,000đ (Không kèm ưu đãi thanh toán qua cổng, mua kèm) Xem chi tiết";"Ưu đãi thanh toán Online (Click chọn để áp dụng)
Giảm 1.000.000đ
Áp dụng sản phẩm từ 10.000.000đ trở lên.
?
Giảm 250.000đ
Áp dụng sản phẩm từ 5.000.000đ trở lên.
?
Giảm 500.000đ
Áp dụng sản phẩm từ 5.000.000đ trở lên.
?";https://www.thegioididong.com/dtdd/iphone-16-plus;Skipped
iPhone 16 128GB;Trắng;Yes;21990000;19990000;2026-01-10;"Khuyến mãi

Giá và khuyến mãi dự kiến áp dụng đến 23:59 | 11/01
1

Tặng phiếu mua hàng Apple Watch trị giá 1,000,000đ

2

Tặng phiếu mua hàng Macbook trị giá 700,000đ

3

Phiếu mua hàng Airpods trị giá 500.000đ

4

Tặng Phiếu mua hàng mua sạc dự phòng (trừ AVA+, Hydrus); đồng hồ thông minh (trừ Apple); Tai nghe bluetooth và Loa bluetooth các hãng JBL, Marshall,Harman Kardon; Ốp lưng (trừ Apple) trị giá 100.000đ

5

PMH Sim data 500GB 1 tháng trị giá 100.000đ

6

Thu cũ đổi mới: Giảm đến 2,000,000đ (Không kèm ưu đãi thanh toán qua cổng, mua kèm) Xem chi tiết";"Ưu đãi thanh toán Online (Click chọn để áp dụng)
Giảm 1.000.000đ
Áp dụng sản phẩm từ 10.000.000đ trở lên.
?
Giảm 250.000đ
Áp dụng sản phẩm từ 5.000.000đ trở lên.
?
Giảm 500.000đ
Áp dụng sản phẩm từ 5.000.000đ trở lên.
?";https://www.thegioididong.com/dtdd/iphone-16;Skipped
iPhone 15 256GB;Đen;Yes;21990000;19990000;2026-01-10;"Khuyến mãi

Giá và khuyến mãi dự kiến áp dụng đến 23:59 | 11/01
1

Tặng phiếu mua hàng Apple Watch trị giá 1,000,000đ

2

Tặng phiếu mua hàng Macbook trị giá 700,000đ

3

Phiếu mua hàng Airpods trị giá 500.000đ

4

Tặng Phiếu mua hàng mua sạc dự phòng (trừ AVA+, Hydrus); đồng hồ thông minh (trừ Apple); Tai nghe bluetooth và Loa bluetooth các hãng JBL, Marshall,Harman Kardon; Ốp lưng (trừ Apple) trị giá 100.000đ

5

PMH Sim data 500GB 1 tháng trị giá 100.000đ

6

Thu cũ đổi mới: Giảm đến 2,000,000đ (Không kèm ưu đãi thanh toán qua cổng, mua kèm) Xem chi tiết";"Ưu đãi thanh toán Online (Click chọn để áp dụng)
Giảm 1.000.000đ
Áp dụng sản phẩm từ 10.000.000đ trở lên.
?
Giảm 250.000đ
Áp dụng sản phẩm từ 5.000.000đ trở lên.
?
Giảm 500.000đ
Áp dụng sản phẩm từ 5.000.000đ trở lên.
?";https://www.thegioididong.com/dtdd/iphone-15;Skipped
iPhone 15 Plus 256GB;Xanh dương nhạt;Yes;24990000;22590000;2026-01-10;"Khuyến mãi

Giá và khuyến mãi dự kiến áp dụng đến 23:59 | 11/01
1

Tặng phiếu mua hàng Apple Watch trị giá 1,000,000đ

2

Tặng phiếu mua hàng Macbook trị giá 700,000đ

3

Phiếu mua hàng Airpods trị giá 500.000đ

4

Tặng Phiếu mua hàng mua sạc dự phòng (trừ AVA+, Hydrus); đồng hồ thông minh (trừ Apple); Tai nghe bluetooth và Loa bluetooth các hãng JBL, Marshall,Harman Kardon; Ốp lưng (trừ Apple) trị giá 100.000đ

5

PMH Sim data 500GB 1 tháng trị giá 100.000đ

6

Thu cũ đổi mới: Giảm đến 2,000,000đ (Không kèm ưu đãi thanh toán qua cổng, mua kèm) Xem chi tiết";"Ưu đãi thanh toán Online (Click chọn để áp dụng)
Giảm 1.000.000đ
Áp dụng sản phẩm từ 10.000.000đ trở lên.
?
Giảm 250.000đ
Áp dụng sản phẩm từ 5.000.000đ trở lên.
?
Giảm 500.000đ
Áp dụng sản phẩm từ 5.000.000đ trở lên.
?";https://www.thegioididong.com/dtdd/iphone-15-plus;Skipped
iPhone 14 256GB;Trắng;Yes;19990000;16990000;2026-01-10;"Khuyến mãi

Giá và khuyến mãi dự kiến áp dụng đến 23:59 | 11/01
1

Tặng phiếu mua hàng Apple Watch trị giá 1,000,000đ

2

Tặng phiếu mua hàng Macbook trị giá 700,000đ

3

Phiếu mua hàng Airpods trị giá 500.000đ

4

Tặng Phiếu mua hàng mua sạc dự phòng (trừ AVA+, Hydrus); đồng hồ thông minh (trừ Apple); Tai nghe bluetooth và Loa bluetooth các hãng JBL, Marshall,Harman Kardon; Ốp lưng (trừ Apple) trị giá 100.000đ

5

PMH Sim data 500GB 1 tháng trị giá 100.000đ

6

Thu cũ đổi mới: Giảm đến 2,000,000đ (Không kèm ưu đãi thanh toán qua cổng, mua kèm) Xem chi tiết";"Ưu đãi thanh toán Online (Click chọn để áp dụng)
Giảm 1.000.000đ
Áp dụng sản phẩm từ 10.000.000đ trở lên.
?
Giảm 250.000đ
Áp dụng sản phẩm từ 5.000.000đ trở lên.
?
Giảm 500.000đ
Áp dụng sản phẩm từ 5.000.000đ trở lên.
?";https://www.thegioididong.com/dtdd/iphone-14;Skipped
iPhone 16 Pro 128GB;Titan đen;Yes;27990000;25590000;2026-01-10;"Khuyến mãi

Giá và khuyến mãi dự kiến áp dụng đến 23:59 | 11/01
1

Tặng phiếu mua hàng Apple Watch trị giá 1,000,000đ

2

Tặng phiếu mua hàng Macbook trị giá 700,000đ

3

Phiếu mua hàng Airpods trị giá 500.000đ

4

Tặng Phiếu mua hàng mua sạc dự phòng (trừ AVA+, Hydrus); đồng hồ thông minh (trừ Apple); Tai nghe bluetooth và Loa bluetooth các hãng JBL, Marshall,Harman Kardon; Ốp lưng (trừ Apple) trị giá 100.000đ

5

PMH Sim data 500GB 1 tháng trị giá 100.000đ

6

Thu cũ đổi mới: Giảm đến 2,000,000đ (Không kèm ưu đãi thanh toán qua cổng, mua kèm) Xem chi tiết";"Ưu đãi thanh toán Online (Click chọn để áp dụng)
Giảm 1.000.000đ
Áp dụng sản phẩm từ 10.000.000đ trở lên.
?
Giảm 250.000đ
Áp dụng sản phẩm từ 5.000.000đ trở lên.
?
Giảm 500.000đ
Áp dụng sản phẩm từ 5.000.000đ trở lên.
?";https://www.thegioididong.com/dtdd/iphone-16-pro;Skipped
iPhone 16 Plus 128GB;Xanh Lưu Ly;Yes;25990000;23990000;2026-01-10;"Khuyến mãi

Giá và khuyến mãi dự kiến áp dụng đến 23:59 | 11/01
1

Tặng phiếu mua hàng Apple Watch trị giá 1,000,000đ

2

Tặng phiếu mua hàng Macbook trị giá 700,000đ

3

Phiếu mua hàng Airpods trị giá 500.000đ

4

Tặng Phiếu mua hàng mua sạc dự phòng (trừ AVA+, Hydrus); đồng hồ thông minh (trừ Apple); Tai nghe bluetooth và Loa bluetooth các hãng JBL, Marshall,Harman Kardon; Ốp lưng (trừ Apple) trị giá 100.000đ

5

PMH Sim data 500GB 1 tháng trị giá 100.000đ

6

Thu cũ đổi mới: Giảm đến 2,000,000đ (Không kèm ưu đãi thanh toán qua cổng, mua kèm) Xem chi tiết";"Ưu đãi thanh toán Online (Click chọn để áp dụng)
Giảm 1.000.000đ
Áp dụng sản phẩm từ 10.000.000đ trở lên.
?
Giảm 250.000đ
Áp dụng sản phẩm từ 5.000.000đ trở lên.
?
Giảm 500.000đ
Áp dụng sản phẩm từ 5.000.000đ trở lên.
?";https://www.thegioididong.com/dtdd/iphone-16-plus;Skipped
iPhone 14 256GB;Đen;Yes;19990000;16590000;2026-01-10;"Khuyến mãi

Giá và khuyến mãi có thể kết thúc sớm hơn dự kiến
1

Tặng phiếu mua hàng Apple Watch trị giá 1,000,000đ

2

Tặng phiếu mua hàng Macbook trị giá 700,000đ

3

Phiếu mua hàng Airpods trị giá 500.000đ

4

PMH Sim data 500GB 1 tháng trị giá 100.000đ";"Ưu đãi thanh toán Online (Click chọn để áp dụng)
Giảm 1.000.000đ
Áp dụng sản phẩm từ 10.000.000đ trở lên.
?
Giảm 250.000đ
Áp dụng sản phẩm từ 5.000.000đ trở lên.
?
Giảm 500.000đ
Áp dụng sản phẩm từ 5.000.000đ trở lên.
?";https://www.thegioididong.com/dtdd/iphone-14;Skipped
iPhone 15 256GB;Xanh lá nhạt;Yes;21990000;19990000;2026-01-10;"Khuyến mãi

Giá và khuyến mãi dự kiến áp dụng đến 23:59 | 11/01
1

Tặng phiếu mua hàng Apple Watch trị giá 1,000,000đ

2

Tặng phiếu mua hàng Macbook trị giá 700,000đ

3

Phiếu mua hàng Airpods trị giá 500.000đ

4

Tặng Phiếu mua hàng mua sạc dự phòng (trừ AVA+, Hydrus); đồng hồ thông minh (trừ Apple); Tai nghe bluetooth và Loa bluetooth các hãng JBL, Marshall,Harman Kardon; Ốp lưng (trừ Apple) trị giá 100.000đ

5

PMH Sim data 500GB 1 tháng trị giá 100.000đ

6

Thu cũ đổi mới: Giảm đến 2,000,000đ (Không kèm ưu đãi thanh toán qua cổng, mua kèm) Xem chi tiết";"Ưu đãi thanh toán Online (Click chọn để áp dụng)
Giảm 1.000.000đ
Áp dụng sản phẩm từ 10.000.000đ trở lên.
?
Giảm 250.000đ
Áp dụng sản phẩm từ 5.000.000đ trở lên.
?
Giảm 500.000đ
Áp dụng sản phẩm từ 5.000.000đ trở lên.
?";https://www.thegioididong.com/dtdd/iphone-15;Skipped
iPhone 15 Plus 256GB;Đen;Yes;24990000;22590000;2026-01-10;"Khuyến mãi

Giá và khuyến mãi dự kiến áp dụng đến 23:59 | 11/01
1

Tặng phiếu mua hàng Apple Watch trị giá 1,000,000đ

2

Tặng phiếu mua hàng Macbook trị giá 700,000đ

3

Phiếu mua hàng Airpods trị giá 500.000đ

4

Tặng Phiếu mua hàng mua sạc dự phòng (trừ AVA+, Hydrus); đồng hồ thông minh (trừ Apple); Tai nghe bluetooth và Loa bluetooth các hãng JBL, Marshall,Harman Kardon; Ốp lưng (trừ Apple) trị giá 100.000đ

5

PMH Sim data 500GB 1 tháng trị giá 100.000đ

6

Thu cũ đổi mới: Giảm đến 2,000,000đ (Không kèm ưu đãi thanh toán qua cổng, mua kèm) Xem chi tiết";"Ưu đãi thanh toán Online (Click chọn để áp dụng)
Giảm 1.000.000đ
Áp dụng sản phẩm từ 10.000.000đ trở lên.
?
Giảm 250.000đ
Áp dụng sản phẩm từ 5.000.000đ trở lên.
?
Giảm 500.000đ
Áp dụng sản phẩm từ 5.000.000đ trở lên.
?";https://www.thegioididong.com/dtdd/iphone-15-plus;Skipped
iPhone 16 128GB;Xanh Lưu Ly;Yes;21990000;19990000;2026-01-10;"Khuyến mãi

Giá và khuyến mãi dự kiến áp dụng đến 23:59 | 11/01
1

Tặng phiếu mua hàng Apple Watch trị giá 1,000,000đ

2

Tặng phiếu mua hàng Macbook trị giá 700,000đ

3

Phiếu mua hàng Airpods trị giá 500.000đ

4

Tặng Phiếu mua hàng mua sạc dự phòng (trừ AVA+, Hydrus); đồng hồ thông minh (trừ Apple); Tai nghe bluetooth và Loa bluetooth các hãng JBL, Marshall,Harman Kardon; Ốp lưng (trừ Apple) trị giá 100.000đ

5

PMH Sim data 500GB 1 tháng trị giá 100.000đ

6

Thu cũ đổi mới: Giảm đến 2,000,000đ (Không kèm ưu đãi thanh toán qua cổng, mua kèm) Xem chi tiết";"Ưu đãi thanh toán Online (Click chọn để áp dụng)
Giảm 1.000.000đ
Áp dụng sản phẩm từ 10.000.000đ trở lên.
?
Giảm 250.000đ
Áp dụng sản phẩm từ 5.000.000đ trở lên.
?
Giảm 500.000đ
Áp dụng sản phẩm từ 5.000.000đ trở lên.
?";https://www.thegioididong.com/dtdd/iphone-16;Skipped
iPhone 16 Pro 1TB;Titan đen;Yes;42990000;39990000;2026-01-10;"Khuyến mãi

Giá và khuyến mãi dự kiến áp dụng đến 23:59 | 11/01
1

Tặng phiếu mua hàng Apple Watch trị giá 1,000,000đ

2

Tặng phiếu mua hàng Macbook trị giá 700,000đ

3

Phiếu mua hàng Airpods trị giá 500.000đ

4

Tặng Phiếu mua hàng mua sạc dự phòng (trừ AVA+, Hydrus); đồng hồ thông minh (trừ Apple); Tai nghe bluetooth và Loa bluetooth các hãng JBL, Marshall,Harman Kardon; Ốp lưng (trừ Apple) trị giá 100.000đ

5

PMH Sim data 500GB 1 tháng trị giá 100.000đ

6

Thu cũ đổi mới: Giảm đến 2,000,000đ (Không kèm ưu đãi thanh toán qua cổng, mua kèm) Xem chi tiết";"Ưu đãi thanh toán Online (Click chọn để áp dụng)
Giảm 1.000.000đ
Áp dụng sản phẩm từ 10.000.000đ trở lên.
?
Giảm 250.000đ
Áp dụng sản phẩm từ 5.000.000đ trở lên.
?
Giảm 500.000đ
Áp dụng sản phẩm từ 5.000.000đ trở lên.
?";https://www.thegioididong.com/dtdd/iphone-16-pro;Skipped
iPhone 14 256GB;Xanh Dương;Yes;19990000;16590000;2026-01-10;"Khuyến mãi

Giá và khuyến mãi có thể kết thúc sớm hơn dự kiến
1

Tặng phiếu mua hàng Apple Watch trị giá 1,000,000đ

2

Tặng phiếu mua hàng Macbook trị giá 700,000đ

3

Phiếu mua hàng Airpods trị giá 500.000đ

4

PMH Sim data 500GB 1 tháng trị giá 100.000đ";"Ưu đãi thanh toán Online (Click chọn để áp dụng)
Giảm 1.000.000đ
Áp dụng sản phẩm từ 10.000.000đ trở lên.
?
Giảm 250.000đ
Áp dụng sản phẩm từ 5.000.000đ trở lên.
?
Giảm 500.000đ
Áp dụng sản phẩm từ 5.000.000đ trở lên.
?";https://www.thegioididong.com/dtdd/iphone-14;Skipped
iPhone 16 Plus 256GB;Xanh Lưu Ly;Yes;28990000;26990000;2026-01-10;"Khuyến mãi

Giá và khuyến mãi dự kiến áp dụng đến 23:59 | 11/01
1

Tặng phiếu mua hàng Apple Watch trị giá 1,000,000đ

2

Tặng phiếu mua hàng Macbook trị giá 700,000đ

3

Phiếu mua hàng Airpods trị giá 500.000đ

4

Tặng Phiếu mua hàng mua sạc dự phòng (trừ AVA+, Hydrus); đồng hồ thông minh (trừ Apple); Tai nghe bluetooth và Loa bluetooth các hãng JBL, Marshall,Harman Kardon; Ốp lưng (trừ Apple) trị giá 100.000đ

5

PMH Sim data 500GB 1 tháng trị giá 100.000đ

6

Thu cũ đổi mới: Giảm đến 2,000,000đ (Không kèm ưu đãi thanh toán qua cổng, mua kèm) Xem chi tiết";"Ưu đãi thanh toán Online (Click chọn để áp dụng)
Giảm 1.000.000đ
Áp dụng sản phẩm từ 10.000.000đ trở lên.
?
Giảm 250.000đ
Áp dụng sản phẩm từ 5.000.000đ trở lên.
?
Giảm 500.000đ
Áp dụng sản phẩm từ 5.000.000đ trở lên.
?";https://www.thegioididong.com/dtdd/iphone-16-plus;Skipped
iPhone 15 Plus 256GB;Hồng nhạt;No;24990000;22590000;2026-01-10;"Khuyến mãi

Giá và khuyến mãi dự kiến áp dụng đến 23:59 | 11/01
1

Tặng phiếu mua hàng Apple Watch trị giá 1,000,000đ

2

Tặng phiếu mua hàng Macbook trị giá 700,000đ

3

Phiếu mua hàng Airpods trị giá 500.000đ

4

Tặng Phiếu mua hàng mua sạc dự phòng (trừ AVA+, Hydrus); đồng hồ thông minh (trừ Apple); Tai nghe bluetooth và Loa bluetooth các hãng JBL, Marshall,Harman Kardon; Ốp lưng (trừ Apple) trị giá 100.000đ

5

PMH Sim data 500GB 1 tháng trị giá 100.000đ

6

Thu cũ đổi mới: Giảm đến 2,000,000đ (Không kèm ưu đãi thanh toán qua cổng, mua kèm) Xem chi tiết";;https://www.thegioididong.com/dtdd/iphone-15-plus;DEBUG_OOS_iPhone 15 Plus 256GB_Hồng nhạt_092844.png
iPhone 15 256GB;Vàng nhạt;No;21990000;19990000;2026-01-10;"Khuyến mãi

Giá và khuyến mãi dự kiến áp dụng đến 23:59 | 11/01
1

Tặng phiếu mua hàng Apple Watch trị giá 1,000,000đ

2

Tặng phiếu mua hàng Macbook trị giá 700,000đ

3

Phiếu mua hàng Airpods trị giá 500.000đ

4

Tặng Phiếu mua hàng mua sạc dự phòng (trừ AVA+, Hydrus); đồng hồ thông minh (trừ Apple); Tai nghe bluetooth và Loa bluetooth các hãng JBL, Marshall,Harman Kardon; Ốp lưng (trừ Apple) trị giá 100.000đ

5

PMH Sim data 500GB 1 tháng trị giá 100.000đ

6

Thu cũ đổi mới: Giảm đến 2,000,000đ (Không kèm ưu đãi thanh toán qua cổng, mua kèm) Xem chi tiết";;https://www.thegioididong.com/dtdd/iphone-15;DEBUG_OOS_iPhone 15 256GB_Vàng nhạt_092845.png
iPhone 16 Pro 1TB;Titan Sa Mạc;No;42990000;39990000;2026-01-10;"Khuyến mãi

Giá và khuyến mãi dự kiến áp dụng đến 23:59 | 11/01
1

Tặng phiếu mua hàng Apple Watch trị giá 1,000,000đ

2

Tặng phiếu mua hàng Macbook trị giá 700,000đ

3

Phiếu mua hàng Airpods trị giá 500.000đ

4

Tặng Phiếu mua hàng mua sạc dự phòng (trừ AVA+, Hydrus); đồng hồ thông minh (trừ Apple); Tai nghe bluetooth và Loa bluetooth các hãng JBL, Marshall,Harman Kardon; Ốp lưng (trừ Apple) trị giá 100.000đ

5

PMH Sim data 500GB 1 tháng trị giá 100.000đ

6

Thu cũ đổi mới: Giảm đến 2,000,000đ (Không kèm ưu đãi thanh toán qua cổng, mua kèm) Xem chi tiết";;https://www.thegioididong.com/dtdd/iphone-16-pro;DEBUG_OOS_iPhone 16 Pro 1TB_Titan Sa Mạc_092846.png
iPhone 16 128GB;Đen;Yes;21990000;19990000;2026-01-10;"Khuyến mãi

Giá và khuyến mãi dự kiến áp dụng đến 23:59 | 11/01
1

Tặng phiếu mua hàng Apple Watch trị giá 1,000,000đ

2

Tặng phiếu mua hàng Macbook trị giá 700,000đ

3

Phiếu mua hàng Airpods trị giá 500.000đ

4

Tặng Phiếu mua hàng mua sạc dự phòng (trừ AVA+, Hydrus); đồng hồ thông minh (trừ Apple); Tai nghe bluetooth và Loa bluetooth các hãng JBL, Marshall,Harman Kardon; Ốp lưng (trừ Apple) trị giá 100.000đ

5

PMH Sim data 500GB 1 tháng trị giá 100.000đ

6

Thu cũ đổi mới: Giảm đến 2,000,000đ (Không kèm ưu đãi thanh toán qua cổng, mua kèm) Xem chi tiết";"Ưu đãi thanh toán Online (Click chọn để áp dụng)
Giảm 1.000.000đ
Áp dụng sản phẩm từ 10.000.000đ trở lên.
?
Giảm 250.000đ
Áp dụng sản phẩm từ 5.000.000đ trở lên.
?
Giảm 500.000đ
Áp dụng sản phẩm từ 5.000.000đ trở lên.
?";https://www.thegioididong.com/dtdd/iphone-16;Skipped
iPhone 15 Plus 256GB;Vàng nhạt;No;24990000;22590000;2026-01-10;"Khuyến mãi

Giá và khuyến mãi dự kiến áp dụng đến 23:59 | 11/01
1

Tặng phiếu mua hàng Apple Watch trị giá 1,000,000đ

2

Tặng phiếu mua hàng Macbook trị giá 700,000đ

3

Phiếu mua hàng Airpods trị giá 500.000đ

4

Tặng Phiếu mua hàng mua sạc dự phòng (trừ AVA+, Hydrus); đồng hồ thông minh (trừ Apple); Tai nghe bluetooth và Loa bluetooth các hãng JBL, Marshall,Harman Kardon; Ốp lưng (trừ Apple) trị giá 100.000đ

5

PMH Sim data 500GB 1 tháng trị giá 100.000đ

6

Thu cũ đổi mới: Giảm đến 2,000,000đ (Không kèm ưu đãi thanh toán qua cổng, mua kèm) Xem chi tiết";;https://www.thegioididong.com/dtdd/iphone-15-plus;DEBUG_OOS_iPhone 15 Plus 256GB_Vàng nhạt_092848.png
iPhone 14 256GB;Trắng;Yes;19990000;16990000;2026-01-10;"Khuyến mãi

Giá và khuyến mãi dự kiến áp dụng đến 23:59 | 11/01
1

Tặng phiếu mua hàng Apple Watch trị giá 1,000,000đ

2

Tặng phiếu mua hàng Macbook trị giá 700,000đ

3

Phiếu mua hàng Airpods trị giá 500.000đ

4

Tặng Phiếu mua hàng mua sạc dự phòng (trừ AVA+, Hydrus); đồng hồ thông minh (trừ Apple); Tai nghe bluetooth và Loa bluetooth các hãng JBL, Marshall,Harman Kardon; Ốp lưng (trừ Apple) trị giá 100.000đ

5

PMH Sim data 500GB 1 tháng trị giá 100.000đ

6

Thu cũ đổi mới: Giảm đến 2,000,000đ (Không kèm ưu đãi thanh toán qua cổng, mua kèm) Xem chi tiết";"Ưu đãi thanh toán Online (Click chọn để áp dụng)
Giảm 1.000.000đ
Áp dụng sản phẩm từ 10.000.000đ trở lên.
?
Giảm 250.000đ
Áp dụng sản phẩm từ 5.000.000đ trở lên.
?
Giảm 500.000đ
Áp dụng sản phẩm từ 5.000.000đ trở lên.
?";https://www.thegioididong.com/dtdd/iphone-14;Skipped
iPhone 16 Pro 1TB;Titan trắng;No;42990000;39990000;2026-01-10;"Khuyến mãi

Giá và khuyến mãi dự kiến áp dụng đến 23:59 | 11/01
1

Tặng phiếu mua hàng Apple Watch trị giá 1,000,000đ

2

Tặng phiếu mua hàng Macbook trị giá 700,000đ

3

Phiếu mua hàng Airpods trị giá 500.000đ

4

Tặng Phiếu mua hàng mua sạc dự phòng (trừ AVA+, Hydrus); đồng hồ thông minh (trừ Apple); Tai nghe bluetooth và Loa bluetooth các hãng JBL, Marshall,Harman Kardon; Ốp lưng (trừ Apple) trị giá 100.000đ

5

PMH Sim data 500GB 1 tháng trị giá 100.000đ

6

Thu cũ đổi mới: Giảm đến 2,000,000đ (Không kèm ưu đãi thanh toán qua cổng, mua kèm) Xem chi tiết";;https://www.thegioididong.com/dtdd/iphone-16-pro;DEBUG_OOS_iPhone 16 Pro 1TB_Titan trắng_092850.png
iPhone 16 Plus 256GB;Trắng;Yes;28990000;26990000;2026-01-10;"Khuyến mãi

Giá và khuyến mãi dự kiến áp dụng đến 23:59 | 11/01
1

Tặng phiếu mua hàng Apple Watch trị giá 1,000,000đ

2

Tặng phiếu mua hàng Macbook trị giá 700,000đ

3

Phiếu mua hàng Airpods trị giá 500.000đ

4

Tặng Phiếu mua hàng mua sạc dự phòng (trừ AVA+, Hydrus); đồng hồ thông minh (trừ Apple); Tai nghe bluetooth và Loa bluetooth các hãng JBL, Marshall,Harman Kardon; Ốp lưng (trừ Apple) trị giá 100.000đ

5

PMH Sim data 500GB 1 tháng trị giá 100.000đ

6

Thu cũ đổi mới: Giảm đến 2,000,000đ (Không kèm ưu đãi thanh toán qua cổng, mua kèm) Xem chi tiết";"Ưu đãi thanh toán Online (Click chọn để áp dụng)
Giảm 1.000.000đ
Áp dụng sản phẩm từ 10.000.000đ trở lên.
?
Giảm 250.000đ
Áp dụng sản phẩm từ 5.000.000đ trở lên.
?
Giảm 500.000đ
Áp dụng sản phẩm từ 5.000.000đ trở lên.
?";https://www.thegioididong.com/dtdd/iphone-16-plus;Skipped
iPhone 15 Plus 256GB;Xanh lá nhạt;No;24990000;22590000;2026-01-10;"Khuyến mãi

Giá và khuyến mãi dự kiến áp dụng đến 23:59 | 11/01
1

Tặng phiếu mua hàng Apple Watch trị giá 1,000,000đ

2

Tặng phiếu mua hàng Macbook trị giá 700,000đ

3

Phiếu mua hàng Airpods trị giá 500.000đ

4

Tặng Phiếu mua hàng mua sạc dự phòng (trừ AVA+, Hydrus); đồng hồ thông minh (trừ Apple); Tai nghe bluetooth và Loa bluetooth các hãng JBL, Marshall,Harman Kardon; Ốp lưng (trừ Apple) trị giá 100.000đ

5

PMH Sim data 500GB 1 tháng trị giá 100.000đ

6

Thu cũ đổi mới: Giảm đến 2,000,000đ (Không kèm ưu đãi thanh toán qua cổng, mua kèm) Xem chi tiết";;https://www.thegioididong.com/dtdd/iphone-15-plus;DEBUG_OOS_iPhone 15 Plus 256GB_Xanh lá nhạt_092852.png
iPhone 14 256GB;Đen;Yes;19990000;16590000;2026-01-10;"Khuyến mãi

Giá và khuyến mãi có thể kết thúc sớm hơn dự kiến
1

Tặng phiếu mua hàng Apple Watch trị giá 1,000,000đ

2

Tặng phiếu mua hàng Macbook trị giá 700,000đ

3

Phiếu mua hàng Airpods trị giá 500.000đ

4

PMH Sim data 500GB 1 tháng trị giá 100.000đ";"Ưu đãi thanh toán Online (Click chọn để áp dụng)
Giảm 1.000.000đ
Áp dụng sản phẩm từ 10.000.000đ trở lên.
?
Giảm 250.000đ
Áp dụng sản phẩm từ 5.000.000đ trở lên.
?
Giảm 500.000đ
Áp dụng sản phẩm từ 5.000.000đ trở lên.
?";https://www.thegioididong.com/dtdd/iphone-14;Skipped
iPhone 15 256GB;Hồng nhạt;Yes;21990000;19990000;2026-01-10;"Khuyến mãi

Giá và khuyến mãi dự kiến áp dụng đến 23:59 | 11/01
1

Tặng phiếu mua hàng Apple Watch trị giá 1,000,000đ

2

Tặng phiếu mua hàng Macbook trị giá 700,000đ

3

Phiếu mua hàng Airpods trị giá 500.000đ

4

Tặng Phiếu mua hàng mua sạc dự phòng (trừ AVA+, Hydrus); đồng hồ thông minh (trừ Apple); Tai nghe bluetooth và Loa bluetooth các hãng JBL, Marshall,Harman Kardon; Ốp lưng (trừ Apple) trị giá 100.000đ

5

PMH Sim data 500GB 1 tháng trị giá 100.000đ

6

Thu cũ đổi mới: Giảm đến 2,000,000đ (Không kèm ưu đãi thanh toán qua cổng, mua kèm) Xem chi tiết";"Ưu đãi thanh toán Online (Click chọn để áp dụng)
Giảm 1.000.000đ
Áp dụng sản phẩm từ 10.000.000đ trở lên.
?
Giảm 250.000đ
Áp dụng sản phẩm từ 5.000.000đ trở lên.
?
Giảm 500.000đ
Áp dụng sản phẩm từ 5.000.000đ trở lên.
?";https://www.thegioididong.com/dtdd/iphone-15;Skipped
iPhone 16 128GB;Hồng;Yes;21990000;19990000;2026-01-10;"Khuyến mãi

Giá và khuyến mãi dự kiến áp dụng đến 23:59 | 11/01
1

Tặng phiếu mua hàng Apple Watch trị giá 1,000,000đ

2

Tặng phiếu mua hàng Macbook trị giá 700,000đ

3

Phiếu mua hàng Airpods trị giá 500.000đ

4

Tặng Phiếu mua hàng mua sạc dự phòng (trừ AVA+, Hydrus); đồng hồ thông minh (trừ Apple); Tai nghe bluetooth và Loa bluetooth các hãng JBL, Marshall,Harman Kardon; Ốp lưng (trừ Apple) trị giá 100.000đ

5

PMH Sim data 500GB 1 tháng trị giá 100.000đ

6

Thu cũ đổi mới: Giảm đến 2,000,000đ (Không kèm ưu đãi thanh toán qua cổng, mua kèm) Xem chi tiết";"Ưu đãi thanh toán Online (Click chọn để áp dụng)
Giảm 1.000.000đ
Áp dụng sản phẩm từ 10.000.000đ trở lên.
?
Giảm 250.000đ
Áp dụng sản phẩm từ 5.000.000đ trở lên.
?
Giảm 500.000đ
Áp dụng sản phẩm từ 5.000.000đ trở lên.
?";https://www.thegioididong.com/dtdd/iphone-16;Skipped
iPhone 16 Pro 1TB;Titan tự nhiên;Yes;42990000;39990000;2026-01-10;"Khuyến mãi

Giá và khuyến mãi dự kiến áp dụng đến 23:59 | 11/01
1

Tặng phiếu mua hàng Apple Watch trị giá 1,000,000đ

2

Tặng phiếu mua hàng Macbook trị giá 700,000đ

3

Phiếu mua hàng Airpods trị giá 500.000đ

4

Tặng Phiếu mua hàng mua sạc dự phòng (trừ AVA+, Hydrus); đồng hồ thông minh (trừ Apple); Tai nghe bluetooth và Loa bluetooth các hãng JBL, Marshall,Harman Kardon; Ốp lưng (trừ Apple) trị giá 100.000đ

5

PMH Sim data 500GB 1 tháng trị giá 100.000đ

6

Thu cũ đổi mới: Giảm đến 2,000,000đ (Không kèm ưu đãi thanh toán qua cổng, mua kèm) Xem chi tiết";"Ưu đãi thanh toán Online (Click chọn để áp dụng)
Giảm 1.000.000đ
Áp dụng sản phẩm từ 10.000.000đ trở lên.
?
Giảm 250.000đ
Áp dụng sản phẩm từ 5.000.000đ trở lên.
?
Giảm 500.000đ
Áp dụng sản phẩm từ 5.000.000đ trở lên.
?";https://www.thegioididong.com/dtdd/iphone-16-pro;Skipped
iPhone 16 Plus 256GB;Hồng;Yes;28990000;26990000;2026-01-10;"Khuyến mãi

Giá và khuyến mãi dự kiến áp dụng đến 23:59 | 11/01
1

Tặng phiếu mua hàng Apple Watch trị giá 1,000,000đ

2

Tặng phiếu mua hàng Macbook trị giá 700,000đ

3

Phiếu mua hàng Airpods trị giá 500.000đ

4

Tặng Phiếu mua hàng mua sạc dự phòng (trừ AVA+, Hydrus); đồng hồ thông minh (trừ Apple); Tai nghe bluetooth và Loa bluetooth các hãng JBL, Marshall,Harman Kardon; Ốp lưng (trừ Apple) trị giá 100.000đ

5

PMH Sim data 500GB 1 tháng trị giá 100.000đ

6

Thu cũ đổi mới: Giảm đến 2,000,000đ (Không kèm ưu đãi thanh toán qua cổng, mua kèm) Xem chi tiết";"Ưu đãi thanh toán Online (Click chọn để áp dụng)
Giảm 1.000.000đ
Áp dụng sản phẩm từ 10.000.000đ trở lên.
?
Giảm 250.000đ
Áp dụng sản phẩm từ 5.000.000đ trở lên.
?
Giảm 500.000đ
Áp dụng sản phẩm từ 5.000.000đ trở lên.
?";https://www.thegioididong.com/dtdd/iphone-16-plus;Skipped
iPhone 15 256GB;Xanh dương nhạt;Yes;21990000;19990000;2026-01-10;"Khuyến mãi

Giá và khuyến mãi dự kiến áp dụng đến 23:59 | 11/01
1

Tặng phiếu mua hàng Apple Watch trị giá 1,000,000đ

2

Tặng phiếu mua hàng Macbook trị giá 700,000đ

3

Phiếu mua hàng Airpods trị giá 500.000đ

4

Tặng Phiếu mua hàng mua sạc dự phòng (trừ AVA+, Hydrus); đồng hồ thông minh (trừ Apple); Tai nghe bluetooth và Loa bluetooth các hãng JBL, Marshall,Harman Kardon; Ốp lưng (trừ Apple) trị giá 100.000đ

5

PMH Sim data 500GB 1 tháng trị giá 100.000đ

6

Thu cũ đổi mới: Giảm đến 2,000,000đ (Không kèm ưu đãi thanh toán qua cổng, mua kèm) Xem chi tiết";"Ưu đãi thanh toán Online (Click chọn để áp dụng)
Giảm 1.000.000đ
Áp dụng sản phẩm từ 10.000.000đ trở lên.
?
Giảm 250.000đ
Áp dụng sản phẩm từ 5.000.000đ trở lên.
?
Giảm 500.000đ
Áp dụng sản phẩm từ 5.000.000đ trở lên.
?";https://www.thegioididong.com/dtdd/iphone-15;Skipped
iPhone 15 Plus 512GB;Vàng nhạt;Yes;30990000;27990000;2026-01-10;"Khuyến mãi

Giá và khuyến mãi dự kiến áp dụng đến 23:59 | 11/01
1

Tặng phiếu mua hàng Apple Watch trị giá 1,000,000đ

2

Tặng phiếu mua hàng Macbook trị giá 700,000đ

3

Phiếu mua hàng Airpods trị giá 500.000đ

4

Tặng Phiếu mua hàng mua sạc dự phòng (trừ AVA+, Hydrus); đồng hồ thông minh (trừ Apple); Tai nghe bluetooth và Loa bluetooth các hãng JBL, Marshall,Harman Kardon; Ốp lưng (trừ Apple) trị giá 100.000đ

5

PMH Sim data 500GB 1 tháng trị giá 100.000đ

6

Thu cũ đổi mới: Giảm đến 2,000,000đ (Không kèm ưu đãi thanh toán qua cổng, mua kèm) Xem chi tiết";"Ưu đãi thanh toán Online (Click chọn để áp dụng)
Giảm 1.000.000đ
Áp dụng sản phẩm từ 10.000.000đ trở lên.
?
Giảm 250.000đ
Áp dụng sản phẩm từ 5.000.000đ trở lên.
?
Giảm 500.000đ
Áp dụng sản phẩm từ 5.000.000đ trở lên.
?";https://www.thegioididong.com/dtdd/iphone-15-plus;Skipped
iPhone 16 128GB;Xanh Mòng Két;Yes;21990000;19990000;2026-01-10;"Khuyến mãi

Giá và khuyến mãi dự kiến áp dụng đến 23:59 | 11/01
1

Tặng phiếu mua hàng Apple Watch trị giá 1,000,000đ

2

Tặng phiếu mua hàng Macbook trị giá 700,000đ

3

Phiếu mua hàng Airpods trị giá 500.000đ

4

Tặng Phiếu mua hàng mua sạc dự phòng (trừ AVA+, Hydrus); đồng hồ thông minh (trừ Apple); Tai nghe bluetooth và Loa bluetooth các hãng JBL, Marshall,Harman Kardon; Ốp lưng (trừ Apple) trị giá 100.000đ

5

PMH Sim data 500GB 1 tháng trị giá 100.000đ

6

Thu cũ đổi mới: Giảm đến 2,000,000đ (Không kèm ưu đãi thanh toán qua cổng, mua kèm) Xem chi tiết";"Ưu đãi thanh toán Online (Click chọn để áp dụng)
Giảm 1.000.000đ
Áp dụng sản phẩm từ 10.000.000đ trở lên.
?
Giảm 250.000đ
Áp dụng sản phẩm từ 5.000.000đ trở lên.
?
Giảm 500.000đ
Áp dụng sản phẩm từ 5.000.000đ trở lên.
?";https://www.thegioididong.com/dtdd/iphone-16;Skipped
iPhone 16 Pro Max 256GB;Titan Sa Mạc;Yes;33990000;31590000;2026-01-10;"Khuyến mãi

Giá và khuyến mãi dự kiến áp dụng đến 23:59 | 11/01
1

Tặng phiếu mua hàng Apple Watch trị giá 1,000,000đ

2

Tặng phiếu mua hàng Macbook trị giá 700,000đ

3

Phiếu mua hàng Airpods trị giá 500.000đ

4

Tặng Phiếu mua hàng mua sạc dự phòng (trừ AVA+, Hydrus); đồng hồ thông minh (trừ Apple); Tai nghe bluetooth và Loa bluetooth các hãng JBL, Marshall,Harman Kardon; Ốp lưng (trừ Apple) trị giá 100.000đ

5

PMH Sim data 500GB 1 tháng trị giá 100.000đ

6

Thu cũ đổi mới: Giảm đến 2,000,000đ (Không kèm ưu đãi thanh toán qua cổng, mua kèm) Xem chi tiết";"Ưu đãi thanh toán Online (Click chọn để áp dụng)
Giảm 1.000.000đ
Áp dụng sản phẩm từ 10.000.000đ trở lên.
?
Giảm 250.000đ
Áp dụng sản phẩm từ 5.000.000đ trở lên.
?
Giảm 500.000đ
Áp dụng sản phẩm từ 5.000.000đ trở lên.
?";https://www.thegioididong.com/dtdd/iphone-16-pro-max;Skipped
iPhone 16 Plus 256GB;Xanh Mòng Két;Yes;28990000;26990000;2026-01-10;"Khuyến mãi

Giá và khuyến mãi dự kiến áp dụng đến 23:59 | 11/01
1

Tặng phiếu mua hàng Apple Watch trị giá 1,000,000đ

2

Tặng phiếu mua hàng Macbook trị giá 700,000đ

3

Phiếu mua hàng Airpods trị giá 500.000đ

4

Tặng Phiếu mua hàng mua sạc dự phòng (trừ AVA+, Hydrus); đồng hồ thông minh (trừ Apple); Tai nghe bluetooth và Loa bluetooth các hãng JBL, Marshall,Harman Kardon; Ốp lưng (trừ Apple) trị giá 100.000đ

5

PMH Sim data 500GB 1 tháng trị giá 100.000đ

6

Thu cũ đổi mới: Giảm đến 2,000,000đ (Không kèm ưu đãi thanh toán qua cổng, mua kèm) Xem chi tiết";"Ưu đãi thanh toán Online (Click chọn để áp dụng)
Giảm 1.000.000đ
Áp dụng sản phẩm từ 10.000.000đ trở lên.
?
Giảm 250.000đ
Áp dụng sản phẩm từ 5.000.000đ trở lên.
?
Giảm 500.000đ
Áp dụng sản phẩm từ 5.000.000đ trở lên.
?";https://www.thegioididong.com/dtdd/iphone-16-plus;Skipped
iPhone 15 Plus 512GB;Hồng nhạt;No;30990000;27990000;2026-01-10;"Khuyến mãi

Giá và khuyến mãi dự kiến áp dụng đến 23:59 | 11/01
1

Tặng phiếu mua hàng Apple Watch trị giá 1,000,000đ

2

Tặng phiếu mua hàng Macbook trị giá 700,000đ

3

Phiếu mua hàng Airpods trị giá 500.000đ

4

Tặng Phiếu mua hàng mua sạc dự phòng (trừ AVA+, Hydrus); đồng hồ thông minh (trừ Apple); Tai nghe bluetooth và Loa bluetooth các hãng JBL, Marshall,Harman Kardon; Ốp lưng (trừ Apple) trị giá 100.000đ

5

PMH Sim data 500GB 1 tháng trị giá 100.000đ

6

Thu cũ đổi mới: Giảm đến 2,000,000đ (Không kèm ưu đãi thanh toán qua cổng, mua kèm) Xem chi tiết";;https://www.thegioididong.com/dtdd/iphone-15-plus;DEBUG_OOS_iPhone 15 Plus 512GB_Hồng nhạt_092903.png
iPhone 16 Pro 1TB;Titan đen;Yes;42990000;39990000;2026-01-10;"Khuyến mãi

Giá và khuyến mãi dự kiến áp dụng đến 23:59 | 11/01
1

Tặng phiếu mua hàng Apple Watch trị giá 1,000,000đ

2

Tặng phiếu mua hàng Macbook trị giá 700,000đ

3

Phiếu mua hàng Airpods trị giá 500.000đ

4

Tặng Phiếu mua hàng mua sạc dự phòng (trừ AVA+, Hydrus); đồng hồ thông minh (trừ Apple); Tai nghe bluetooth và Loa bluetooth các hãng JBL, Marshall,Harman Kardon; Ốp lưng (trừ Apple) trị giá 100.000đ

5

PMH Sim data 500GB 1 tháng trị giá 100.000đ

6

Thu cũ đổi mới: Giảm đến 2,000,000đ (Không kèm ưu đãi thanh toán qua cổng, mua kèm) Xem chi tiết";"Ưu đãi thanh toán Online (Click chọn để áp dụng)
Giảm 1.000.000đ
Áp dụng sản phẩm từ 10.000.000đ trở lên.
?
Giảm 250.000đ
Áp dụng sản phẩm từ 5.000.000đ trở lên.
?
Giảm 500.000đ
Áp dụng sản phẩm từ 5.000.000đ trở lên.
?";https://www.thegioididong.com/dtdd/iphone-16-pro;Skipped
iPhone 15 256GB;Đen;Yes;21990000;19990000;2026-01-10;"Khuyến mãi

Giá và khuyến mãi dự kiến áp dụng đến 23:59 | 11/01
1

Tặng phiếu mua hàng Apple Watch trị giá 1,000,000đ

2

Tặng phiếu mua hàng Macbook trị giá 700,000đ

3

Phiếu mua hàng Airpods trị giá 500.000đ

4

Tặng Phiếu mua hàng mua sạc dự phòng (trừ AVA+, Hydrus); đồng hồ thông minh (trừ Apple); Tai nghe bluetooth và Loa bluetooth các hãng JBL, Marshall,Harman Kardon; Ốp lưng (trừ Apple) trị giá 100.000đ

5

PMH Sim data 500GB 1 tháng trị giá 100.000đ

6

Thu cũ đổi mới: Giảm đến 2,000,000đ (Không kèm ưu đãi thanh toán qua cổng, mua kèm) Xem chi tiết";"Ưu đãi thanh toán Online (Click chọn để áp dụng)
Giảm 1.000.000đ
Áp dụng sản phẩm từ 10.000.000đ trở lên.
?
Giảm 250.000đ
Áp dụng sản phẩm từ 5.000.000đ trở lên.
?
Giảm 500.000đ
Áp dụng sản phẩm từ 5.000.000đ trở lên.
?";https://www.thegioididong.com/dtdd/iphone-15;Skipped
iPhone 16 128GB;Trắng;Yes;21990000;19990000;2026-01-10;"Khuyến mãi

Giá và khuyến mãi dự kiến áp dụng đến 23:59 | 11/01
1

Tặng phiếu mua hàng Apple Watch trị giá 1,000,000đ

2

Tặng phiếu mua hàng Macbook trị giá 700,000đ

3

Phiếu mua hàng Airpods trị giá 500.000đ

4

Tặng Phiếu mua hàng mua sạc dự phòng (trừ AVA+, Hydrus); đồng hồ thông minh (trừ Apple); Tai nghe bluetooth và Loa bluetooth các hãng JBL, Marshall,Harman Kardon; Ốp lưng (trừ Apple) trị giá 100.000đ

5

PMH Sim data 500GB 1 tháng trị giá 100.000đ

6

Thu cũ đổi mới: Giảm đến 2,000,000đ (Không kèm ưu đãi thanh toán qua cổng, mua kèm) Xem chi tiết";"Ưu đãi thanh toán Online (Click chọn để áp dụng)
Giảm 1.000.000đ
Áp dụng sản phẩm từ 10.000.000đ trở lên.
?
Giảm 250.000đ
Áp dụng sản phẩm từ 5.000.000đ trở lên.
?
Giảm 500.000đ
Áp dụng sản phẩm từ 5.000.000đ trở lên.
?";https://www.thegioididong.com/dtdd/iphone-16;Skipped
iPhone 16 Pro Max 256GB;Titan đen;Yes;33990000;31590000;2026-01-10;"Khuyến mãi

Giá và khuyến mãi dự kiến áp dụng đến 23:59 | 11/01
1

Tặng phiếu mua hàng Apple Watch trị giá 1,000,000đ

2

Tặng phiếu mua hàng Macbook trị giá 700,000đ

3

Phiếu mua hàng Airpods trị giá 500.000đ

4

Tặng Phiếu mua hàng mua sạc dự phòng (trừ AVA+, Hydrus); đồng hồ thông minh (trừ Apple); Tai nghe bluetooth và Loa bluetooth các hãng JBL, Marshall,Harman Kardon; Ốp lưng (trừ Apple) trị giá 100.000đ

5

PMH Sim data 500GB 1 tháng trị giá 100.000đ

6

Thu cũ đổi mới: Giảm đến 2,000,000đ (Không kèm ưu đãi thanh toán qua cổng, mua kèm) Xem chi tiết";"Ưu đãi thanh toán Online (Click chọn để áp dụng)
Giảm 1.000.000đ
Áp dụng sản phẩm từ 10.000.000đ trở lên.
?
Giảm 250.000đ
Áp dụng sản phẩm từ 5.000.000đ trở lên.
?
Giảm 500.000đ
Áp dụng sản phẩm từ 5.000.000đ trở lên.
?";https://www.thegioididong.com/dtdd/iphone-16-pro-max;Skipped
iPhone 15 Plus 512GB;Xanh dương nhạt;No;30990000;27990000;2026-01-10;"Khuyến mãi

Giá và khuyến mãi dự kiến áp dụng đến 23:59 | 11/01
1

Tặng phiếu mua hàng Apple Watch trị giá 1,000,000đ

2

Tặng phiếu mua hàng Macbook trị giá 700,000đ

3

Phiếu mua hàng Airpods trị giá 500.000đ

4

Tặng Phiếu mua hàng mua sạc dự phòng (trừ AVA+, Hydrus); đồng hồ thông minh (trừ Apple); Tai nghe bluetooth và Loa bluetooth các hãng JBL, Marshall,Harman Kardon; Ốp lưng (trừ Apple) trị giá 100.000đ

5

PMH Sim data 500GB 1 tháng trị giá 100.000đ

6

Thu cũ đổi mới: Giảm đến 2,000,000đ (Không kèm ưu đãi thanh toán qua cổng, mua kèm) Xem chi tiết";;https://www.thegioididong.com/dtdd/iphone-15-plus;DEBUG_OOS_iPhone 15 Plus 512GB_Xanh dương nhạt_092907.png
iPhone 16 Pro 1TB;Titan Sa Mạc;No;42990000;39990000;2026-01-10;"Khuyến mãi

Giá và khuyến mãi dự kiến áp dụng đến 23:59 | 11/01
1

Tặng phiếu mua hàng Apple Watch trị giá 1,000,000đ

2

Tặng phiếu mua hàng Macbook trị giá 700,000đ

3

Phiếu mua hàng Airpods trị giá 500.000đ

4

Tặng Phiếu mua hàng mua sạc dự phòng (trừ AVA+, Hydrus); đồng hồ thông minh (trừ Apple); Tai nghe bluetooth và Loa bluetooth các hãng JBL, Marshall,Harman Kardon; Ốp lưng (trừ Apple) trị giá 100.000đ

5

PMH Sim data 500GB 1 tháng trị giá 100.000đ

6

Thu cũ đổi mới: Giảm đến 2,000,000đ (Không kèm ưu đãi thanh toán qua cổng, mua kèm) Xem chi tiết";;https://www.thegioididong.com/dtdd/iphone-16-pro;DEBUG_OOS_iPhone 16 Pro 1TB_Titan Sa Mạc_092908.png
iPhone 16 Plus 256GB;Đen;Yes;28990000;26990000;2026-01-10;"Khuyến mãi

Giá và khuyến mãi dự kiến áp dụng đến 23:59 | 11/01
1

Tặng phiếu mua hàng Apple Watch trị giá 1,000,000đ

2

Tặng phiếu mua hàng Macbook trị giá 700,000đ

3

Phiếu mua hàng Airpods trị giá 500.000đ

4

Tặng Phiếu mua hàng mua sạc dự phòng (trừ AVA+, Hydrus); đồng hồ thông minh (trừ Apple); Tai nghe bluetooth và Loa bluetooth các hãng JBL, Marshall,Harman Kardon; Ốp lưng (trừ Apple) trị giá 100.000đ

5

PMH Sim data 500GB 1 tháng trị giá 100.000đ

6

Thu cũ đổi mới: Giảm đến 2,000,000đ (Không kèm ưu đãi thanh toán qua cổng, mua kèm) Xem chi tiết";"Ưu đãi thanh toán Online (Click chọn để áp dụng)
Giảm 1.000.000đ
Áp dụng sản phẩm từ 10.000.000đ trở lên.
?
Giảm 250.000đ
Áp dụng sản phẩm từ 5.000.000đ trở lên.
?
Giảm 500.000đ
Áp dụng sản phẩm từ 5.000.000đ trở lên.
?";https://www.thegioididong.com/dtdd/iphone-16-plus;Skipped
iPhone 16 Pro Max 256GB;Titan tự nhiên;No;33990000;31590000;2026-01-10;"Khuyến mãi

Giá và khuyến mãi dự kiến áp dụng đến 23:59 | 11/01
1

Tặng phiếu mua hàng Apple Watch trị giá 1,000,000đ

2

Tặng phiếu mua hàng Macbook trị giá 700,000đ

3

Phiếu mua hàng Airpods trị giá 500.000đ

4

Tặng Phiếu mua hàng mua sạc dự phòng (trừ AVA+, Hydrus); đồng hồ thông minh (trừ Apple); Tai nghe bluetooth và Loa bluetooth các hãng JBL, Marshall,Harman Kardon; Ốp lưng (trừ Apple) trị giá 100.000đ

5

PMH Sim data 500GB 1 tháng trị giá 100.000đ

6

Thu cũ đổi mới: Giảm đến 2,000,000đ (Không kèm ưu đãi thanh toán qua cổng, mua kèm) Xem chi tiết";;https://www.thegioididong.com/dtdd/iphone-16-pro-max;DEBUG_OOS_iPhone 16 Pro Max 256GB_Titan tự nhiên_092910.png
iPhone 16 Pro 1TB;Titan trắng;No;42990000;39990000;2026-01-10;"Khuyến mãi

Giá và khuyến mãi dự kiến áp dụng đến 23:59 | 11/01
1

Tặng phiếu mua hàng Apple Watch trị giá 1,000,000đ

2

Tặng phiếu mua hàng Macbook trị giá 700,000đ

3

Phiếu mua hàng Airpods trị giá 500.000đ

4

Tặng Phiếu mua hàng mua sạc dự phòng (trừ AVA+, Hydrus); đồng hồ thông minh (trừ Apple); Tai nghe bluetooth và Loa bluetooth các hãng JBL, Marshall,Harman Kardon; Ốp lưng (trừ Apple) trị giá 100.000đ

5

PMH Sim data 500GB 1 tháng trị giá 100.000đ

6

Thu cũ đổi mới: Giảm đến 2,000,000đ (Không kèm ưu đãi thanh toán qua cổng, mua kèm) Xem chi tiết";;https://www.thegioididong.com/dtdd/iphone-16-pro;DEBUG_OOS_iPhone 16 Pro 1TB_Titan trắng_092911.png
iPhone 15 256GB;Xanh lá nhạt;Yes;21990000;19990000;2026-01-10;"Khuyến mãi

Giá và khuyến mãi dự kiến áp dụng đến 23:59 | 11/01
1

Tặng phiếu mua hàng Apple Watch trị giá 1,000,000đ

2

Tặng phiếu mua hàng Macbook trị giá 700,000đ

3

Phiếu mua hàng Airpods trị giá 500.000đ

4

Tặng Phiếu mua hàng mua sạc dự phòng (trừ AVA+, Hydrus); đồng hồ thông minh (trừ Apple); Tai nghe bluetooth và Loa bluetooth các hãng JBL, Marshall,Harman Kardon; Ốp lưng (trừ Apple) trị giá 100.000đ

5

PMH Sim data 500GB 1 tháng trị giá 100.000đ

6

Thu cũ đổi mới: Giảm đến 2,000,000đ (Không kèm ưu đãi thanh toán qua cổng, mua kèm) Xem chi tiết";"Ưu đãi thanh toán Online (Click chọn để áp dụng)
Giảm 1.000.000đ
Áp dụng sản phẩm từ 10.000.000đ trở lên.
?
Giảm 250.000đ
Áp dụng sản phẩm từ 5.000.000đ trở lên.
?
Giảm 500.000đ
Áp dụng sản phẩm từ 5.000.000đ trở lên.
?";https://www.thegioididong.com/dtdd/iphone-15;Skipped
iPhone 15 Plus 512GB;Xanh lá nhạt;No;30990000;27990000;2026-01-10;"Khuyến mãi

Giá và khuyến mãi dự kiến áp dụng đến 23:59 | 11/01
1

Tặng phiếu mua hàng Apple Watch trị giá 1,000,000đ

2

Tặng phiếu mua hàng Macbook trị giá 700,000đ

3

Phiếu mua hàng Airpods trị giá 500.000đ

4

Tặng Phiếu mua hàng mua sạc dự phòng (trừ AVA+, Hydrus); đồng hồ thông minh (trừ Apple); Tai nghe bluetooth và Loa bluetooth các hãng JBL, Marshall,Harman Kardon; Ốp lưng (trừ Apple) trị giá 100.000đ

5

PMH Sim data 500GB 1 tháng trị giá 100.000đ

6

Thu cũ đổi mới: Giảm đến 2,000,000đ (Không kèm ưu đãi thanh toán qua cổng, mua kèm) Xem chi tiết";;https://www.thegioididong.com/dtdd/iphone-15-plus;DEBUG_OOS_iPhone 15 Plus 512GB_Xanh lá nhạt_092911.png
iPhone 15 256GB;Vàng nhạt;No;21990000;19990000;2026-01-10;"Khuyến mãi

Giá và khuyến mãi dự kiến áp dụng đến 23:59 | 11/01
1

Tặng phiếu mua hàng Apple Watch trị giá 1,000,000đ

2

Tặng phiếu mua hàng Macbook trị giá 700,000đ

3

Phiếu mua hàng Airpods trị giá 500.000đ

4

Tặng Phiếu mua hàng mua sạc dự phòng (trừ AVA+, Hydrus); đồng hồ thông minh (trừ Apple); Tai nghe bluetooth và Loa bluetooth các hãng JBL, Marshall,Harman Kardon; Ốp lưng (trừ Apple) trị giá 100.000đ

5

PMH Sim data 500GB 1 tháng trị giá 100.000đ

6

Thu cũ đổi mới: Giảm đến 2,000,000đ (Không kèm ưu đãi thanh toán qua cổng, mua kèm) Xem chi tiết";;https://www.thegioididong.com/dtdd/iphone-15;DEBUG_OOS_iPhone 15 256GB_Vàng nhạt_092915.png
iPhone 16 128GB;Xanh Lưu Ly;Yes;21990000;19990000;2026-01-10;"Khuyến mãi

Giá và khuyến mãi dự kiến áp dụng đến 23:59 | 11/01
1

Tặng phiếu mua hàng Apple Watch trị giá 1,000,000đ

2

Tặng phiếu mua hàng Macbook trị giá 700,000đ

3

Phiếu mua hàng Airpods trị giá 500.000đ

4

Tặng Phiếu mua hàng mua sạc dự phòng (trừ AVA+, Hydrus); đồng hồ thông minh (trừ Apple); Tai nghe bluetooth và Loa bluetooth các hãng JBL, Marshall,Harman Kardon; Ốp lưng (trừ Apple) trị giá 100.000đ

5

PMH Sim data 500GB 1 tháng trị giá 100.000đ

6

Thu cũ đổi mới: Giảm đến 2,000,000đ (Không kèm ưu đãi thanh toán qua cổng, mua kèm) Xem chi tiết";"Ưu đãi thanh toán Online (Click chọn để áp dụng)
Giảm 1.000.000đ
Áp dụng sản phẩm từ 10.000.000đ trở lên.
?
Giảm 250.000đ
Áp dụng sản phẩm từ 5.000.000đ trở lên.
?
Giảm 500.000đ
Áp dụng sản phẩm từ 5.000.000đ trở lên.
?";https://www.thegioididong.com/dtdd/iphone-16;Skipped
iPhone 16 Pro Max 256GB;Titan trắng;Yes;33990000;31590000;2026-01-10;"Khuyến mãi

Giá và khuyến mãi dự kiến áp dụng đến 23:59 | 11/01
1

Tặng phiếu mua hàng Apple Watch trị giá 1,000,000đ

2

Tặng phiếu mua hàng Macbook trị giá 700,000đ

3

Phiếu mua hàng Airpods trị giá 500.000đ

4

Tặng Phiếu mua hàng mua sạc dự phòng (trừ AVA+, Hydrus); đồng hồ thông minh (trừ Apple); Tai nghe bluetooth và Loa bluetooth các hãng JBL, Marshall,Harman Kardon; Ốp lưng (trừ Apple) trị giá 100.000đ

5

PMH Sim data 500GB 1 tháng trị giá 100.000đ

6

Thu cũ đổi mới: Giảm đến 2,000,000đ (Không kèm ưu đãi thanh toán qua cổng, mua kèm) Xem chi tiết";"Ưu đãi thanh toán Online (Click chọn để áp dụng)
Giảm 1.000.000đ
Áp dụng sản phẩm từ 10.000.000đ trở lên.
?
Giảm 250.000đ
Áp dụng sản phẩm từ 5.000.000đ trở lên.
?
Giảm 500.000đ
Áp dụng sản phẩm từ 5.000.000đ trở lên.
?";https://www.thegioididong.com/dtdd/iphone-16-pro-max;Skipped
iPhone 16 Pro 1TB;Titan tự nhiên;Yes;42990000;39990000;2026-01-10;"Khuyến mãi

Giá và khuyến mãi dự kiến áp dụng đến 23:59 | 11/01
1

Tặng phiếu mua hàng Apple Watch trị giá 1,000,000đ

2

Tặng phiếu mua hàng Macbook trị giá 700,000đ

3

Phiếu mua hàng Airpods trị giá 500.000đ

4

Tặng Phiếu mua hàng mua sạc dự phòng (trừ AVA+, Hydrus); đồng hồ thông minh (trừ Apple); Tai nghe bluetooth và Loa bluetooth các hãng JBL, Marshall,Harman Kardon; Ốp lưng (trừ Apple) trị giá 100.000đ

5

PMH Sim data 500GB 1 tháng trị giá 100.000đ

6

Thu cũ đổi mới: Giảm đến 2,000,000đ (Không kèm ưu đãi thanh toán qua cổng, mua kèm) Xem chi tiết";"Ưu đãi thanh toán Online (Click chọn để áp dụng)
Giảm 1.000.000đ
Áp dụng sản phẩm từ 10.000.000đ trở lên.
?
Giảm 250.000đ
Áp dụng sản phẩm từ 5.000.000đ trở lên.
?
Giảm 500.000đ
Áp dụng sản phẩm từ 5.000.000đ trở lên.
?";https://www.thegioididong.com/dtdd/iphone-16-pro;Skipped
iPhone 16 Plus 256GB;Xanh Lưu Ly;Yes;28990000;26990000;2026-01-10;"Khuyến mãi

Giá và khuyến mãi dự kiến áp dụng đến 23:59 | 11/01
1

Tặng phiếu mua hàng Apple Watch trị giá 1,000,000đ

2

Tặng phiếu mua hàng Macbook trị giá 700,000đ

3

Phiếu mua hàng Airpods trị giá 500.000đ

4

Tặng Phiếu mua hàng mua sạc dự phòng (trừ AVA+, Hydrus); đồng hồ thông minh (trừ Apple); Tai nghe bluetooth và Loa bluetooth các hãng JBL, Marshall,Harman Kardon; Ốp lưng (trừ Apple) trị giá 100.000đ

5

PMH Sim data 500GB 1 tháng trị giá 100.000đ

6

Thu cũ đổi mới: Giảm đến 2,000,000đ (Không kèm ưu đãi thanh toán qua cổng, mua kèm) Xem chi tiết";"Ưu đãi thanh toán Online (Click chọn để áp dụng)
Giảm 1.000.000đ
Áp dụng sản phẩm từ 10.000.000đ trở lên.
?
Giảm 250.000đ
Áp dụng sản phẩm từ 5.000.000đ trở lên.
?
Giảm 500.000đ
Áp dụng sản phẩm từ 5.000.000đ trở lên.
?";https://www.thegioididong.com/dtdd/iphone-16-plus;Skipped
iPhone 15 Plus 512GB;Đen;Yes;30990000;27990000;2026-01-10;"Khuyến mãi

Giá và khuyến mãi dự kiến áp dụng đến 23:59 | 11/01
1

Tặng phiếu mua hàng Apple Watch trị giá 1,000,000đ

2

Tặng phiếu mua hàng Macbook trị giá 700,000đ

3

Phiếu mua hàng Airpods trị giá 500.000đ

4

Tặng Phiếu mua hàng mua sạc dự phòng (trừ AVA+, Hydrus); đồng hồ thông minh (trừ Apple); Tai nghe bluetooth và Loa bluetooth các hãng JBL, Marshall,Harman Kardon; Ốp lưng (trừ Apple) trị giá 100.000đ

5

PMH Sim data 500GB 1 tháng trị giá 100.000đ

6

Thu cũ đổi mới: Giảm đến 2,000,000đ (Không kèm ưu đãi thanh toán qua cổng, mua kèm) Xem chi tiết";"Ưu đãi thanh toán Online (Click chọn để áp dụng)
Giảm 1.000.000đ
Áp dụng sản phẩm từ 10.000.000đ trở lên.
?
Giảm 250.000đ
Áp dụng sản phẩm từ 5.000.000đ trở lên.
?
Giảm 500.000đ
Áp dụng sản phẩm từ 5.000.000đ trở lên.
?";https://www.thegioididong.com/dtdd/iphone-15-plus;Skipped
iPhone 16 128GB;Đen;Yes;21990000;19990000;2026-01-10;"Khuyến mãi

Giá và khuyến mãi dự kiến áp dụng đến 23:59 | 11/01
1

Tặng phiếu mua hàng Apple Watch trị giá 1,000,000đ

2

Tặng phiếu mua hàng Macbook trị giá 700,000đ

3

Phiếu mua hàng Airpods trị giá 500.000đ

4

Tặng Phiếu mua hàng mua sạc dự phòng (trừ AVA+, Hydrus); đồng hồ thông minh (trừ Apple); Tai nghe bluetooth và Loa bluetooth các hãng JBL, Marshall,Harman Kardon; Ốp lưng (trừ Apple) trị giá 100.000đ

5

PMH Sim data 500GB 1 tháng trị giá 100.000đ

6

Thu cũ đổi mới: Giảm đến 2,000,000đ (Không kèm ưu đãi thanh toán qua cổng, mua kèm) Xem chi tiết";"Ưu đãi thanh toán Online (Click chọn để áp dụng)
Giảm 1.000.000đ
Áp dụng sản phẩm từ 10.000.000đ trở lên.
?
Giảm 250.000đ
Áp dụng sản phẩm từ 5.000.000đ trở lên.
?
Giảm 500.000đ
Áp dụng sản phẩm từ 5.000.000đ trở lên.
?";https://www.thegioididong.com/dtdd/iphone-16;Skipped
iPhone 15 256GB;Hồng nhạt;Yes;21990000;19990000;2026-01-10;"Khuyến mãi

Giá và khuyến mãi dự kiến áp dụng đến 23:59 | 11/01
1

Tặng phiếu mua hàng Apple Watch trị giá 1,000,000đ

2

Tặng phiếu mua hàng Macbook trị giá 700,000đ

3

Phiếu mua hàng Airpods trị giá 500.000đ

4

Tặng Phiếu mua hàng mua sạc dự phòng (trừ AVA+, Hydrus); đồng hồ thông minh (trừ Apple); Tai nghe bluetooth và Loa bluetooth các hãng JBL, Marshall,Harman Kardon; Ốp lưng (trừ Apple) trị giá 100.000đ

5

PMH Sim data 500GB 1 tháng trị giá 100.000đ

6

Thu cũ đổi mới: Giảm đến 2,000,000đ (Không kèm ưu đãi thanh toán qua cổng, mua kèm) Xem chi tiết";"Ưu đãi thanh toán Online (Click chọn để áp dụng)
Giảm 1.000.000đ
Áp dụng sản phẩm từ 10.000.000đ trở lên.
?
Giảm 250.000đ
Áp dụng sản phẩm từ 5.000.000đ trở lên.
?
Giảm 500.000đ
Áp dụng sản phẩm từ 5.000.000đ trở lên.
?";https://www.thegioididong.com/dtdd/iphone-15;Skipped
iPhone 16 Plus 256GB;Trắng;Yes;28990000;26990000;2026-01-10;"Khuyến mãi

Giá và khuyến mãi dự kiến áp dụng đến 23:59 | 11/01
1

Tặng phiếu mua hàng Apple Watch trị giá 1,000,000đ

2

Tặng phiếu mua hàng Macbook trị giá 700,000đ

3

Phiếu mua hàng Airpods trị giá 500.000đ

4

Tặng Phiếu mua hàng mua sạc dự phòng (trừ AVA+, Hydrus); đồng hồ thông minh (trừ Apple); Tai nghe bluetooth và Loa bluetooth các hãng JBL, Marshall,Harman Kardon; Ốp lưng (trừ Apple) trị giá 100.000đ

5

PMH Sim data 500GB 1 tháng trị giá 100.000đ

6

Thu cũ đổi mới: Giảm đến 2,000,000đ (Không kèm ưu đãi thanh toán qua cổng, mua kèm) Xem chi tiết";"Ưu đãi thanh toán Online (Click chọn để áp dụng)
Giảm 1.000.000đ
Áp dụng sản phẩm từ 10.000.000đ trở lên.
?
Giảm 250.000đ
Áp dụng sản phẩm từ 5.000.000đ trở lên.
?
Giảm 500.000đ
Áp dụng sản phẩm từ 5.000.000đ trở lên.
?";https://www.thegioididong.com/dtdd/iphone-16-plus;Skipped
iPhone 16 Pro Max 512GB;Titan Sa Mạc;Yes;39990000;37990000;2026-01-10;"Khuyến mãi

Giá và khuyến mãi dự kiến áp dụng đến 23:59 | 11/01
1

Tặng phiếu mua hàng Apple Watch trị giá 1,000,000đ

2

Tặng phiếu mua hàng Macbook trị giá 700,000đ

3

Phiếu mua hàng Airpods trị giá 500.000đ

4

Tặng Phiếu mua hàng mua sạc dự phòng (trừ AVA+, Hydrus); đồng hồ thông minh (trừ Apple); Tai nghe bluetooth và Loa bluetooth các hãng JBL, Marshall,Harman Kardon; Ốp lưng (trừ Apple) trị giá 100.000đ

5

PMH Sim data 500GB 1 tháng trị giá 100.000đ

6

Thu cũ đổi mới: Giảm đến 2,000,000đ (Không kèm ưu đãi thanh toán qua cổng, mua kèm) Xem chi tiết";"Ưu đãi thanh toán Online (Click chọn để áp dụng)
Giảm 1.000.000đ
Áp dụng sản phẩm từ 10.000.000đ trở lên.
?
Giảm 250.000đ
Áp dụng sản phẩm từ 5.000.000đ trở lên.
?
Giảm 500.000đ
Áp dụng sản phẩm từ 5.000.000đ trở lên.
?";https://www.thegioididong.com/dtdd/iphone-16-pro-max;Skipped
iPhone 15 Plus 512GB;Vàng nhạt;Yes;30990000;27990000;2026-01-10;"Khuyến mãi

Giá và khuyến mãi dự kiến áp dụng đến 23:59 | 11/01
1

Tặng phiếu mua hàng Apple Watch trị giá 1,000,000đ

2

Tặng phiếu mua hàng Macbook trị giá 700,000đ

3

Phiếu mua hàng Airpods trị giá 500.000đ

4

Tặng Phiếu mua hàng mua sạc dự phòng (trừ AVA+, Hydrus); đồng hồ thông minh (trừ Apple); Tai nghe bluetooth và Loa bluetooth các hãng JBL, Marshall,Harman Kardon; Ốp lưng (trừ Apple) trị giá 100.000đ

5

PMH Sim data 500GB 1 tháng trị giá 100.000đ

6

Thu cũ đổi mới: Giảm đến 2,000,000đ (Không kèm ưu đãi thanh toán qua cổng, mua kèm) Xem chi tiết";"Ưu đãi thanh toán Online (Click chọn để áp dụng)
Giảm 1.000.000đ
Áp dụng sản phẩm từ 10.000.000đ trở lên.
?
Giảm 250.000đ
Áp dụng sản phẩm từ 5.000.000đ trở lên.
?
Giảm 500.000đ
Áp dụng sản phẩm từ 5.000.000đ trở lên.
?";https://www.thegioididong.com/dtdd/iphone-15-plus;Skipped
iPhone 16 Pro 1TB;Titan đen;Yes;42990000;39990000;2026-01-10;"Khuyến mãi

Giá và khuyến mãi dự kiến áp dụng đến 23:59 | 11/01
1

Tặng phiếu mua hàng Apple Watch trị giá 1,000,000đ

2

Tặng phiếu mua hàng Macbook trị giá 700,000đ

3

Phiếu mua hàng Airpods trị giá 500.000đ

4

Tặng Phiếu mua hàng mua sạc dự phòng (trừ AVA+, Hydrus); đồng hồ thông minh (trừ Apple); Tai nghe bluetooth và Loa bluetooth các hãng JBL, Marshall,Harman Kardon; Ốp lưng (trừ Apple) trị giá 100.000đ

5

PMH Sim data 500GB 1 tháng trị giá 100.000đ

6

Thu cũ đổi mới: Giảm đến 2,000,000đ (Không kèm ưu đãi thanh toán qua cổng, mua kèm) Xem chi tiết";"Ưu đãi thanh toán Online (Click chọn để áp dụng)
Giảm 1.000.000đ
Áp dụng sản phẩm từ 10.000.000đ trở lên.
?
Giảm 250.000đ
Áp dụng sản phẩm từ 5.000.000đ trở lên.
?
Giảm 500.000đ
Áp dụng sản phẩm từ 5.000.000đ trở lên.
?";https://www.thegioididong.com/dtdd/iphone-16-pro;Skipped
iPhone 16 128GB;Hồng;Yes;21990000;19990000;2026-01-10;"Khuyến mãi

Giá và khuyến mãi dự kiến áp dụng đến 23:59 | 11/01
1

Tặng phiếu mua hàng Apple Watch trị giá 1,000,000đ

2

Tặng phiếu mua hàng Macbook trị giá 700,000đ

3

Phiếu mua hàng Airpods trị giá 500.000đ

4

Tặng Phiếu mua hàng mua sạc dự phòng (trừ AVA+, Hydrus); đồng hồ thông minh (trừ Apple); Tai nghe bluetooth và Loa bluetooth các hãng JBL, Marshall,Harman Kardon; Ốp lưng (trừ Apple) trị giá 100.000đ

5

PMH Sim data 500GB 1 tháng trị giá 100.000đ

6

Thu cũ đổi mới: Giảm đến 2,000,000đ (Không kèm ưu đãi thanh toán qua cổng, mua kèm) Xem chi tiết";"Ưu đãi thanh toán Online (Click chọn để áp dụng)
Giảm 1.000.000đ
Áp dụng sản phẩm từ 10.000.000đ trở lên.
?
Giảm 250.000đ
Áp dụng sản phẩm từ 5.000.000đ trở lên.
?
Giảm 500.000đ
Áp dụng sản phẩm từ 5.000.000đ trở lên.
?";https://www.thegioididong.com/dtdd/iphone-16;Skipped
iPhone 16 Pro Max 512GB;Titan tự nhiên;No;39990000;37990000;2026-01-10;"Khuyến mãi

Giá và khuyến mãi dự kiến áp dụng đến 23:59 | 11/01
1

Tặng phiếu mua hàng Apple Watch trị giá 1,000,000đ

2

Tặng phiếu mua hàng Macbook trị giá 700,000đ

3

Phiếu mua hàng Airpods trị giá 500.000đ

4

Tặng Phiếu mua hàng mua sạc dự phòng (trừ AVA+, Hydrus); đồng hồ thông minh (trừ Apple); Tai nghe bluetooth và Loa bluetooth các hãng JBL, Marshall,Harman Kardon; Ốp lưng (trừ Apple) trị giá 100.000đ

5

PMH Sim data 500GB 1 tháng trị giá 100.000đ

6

Thu cũ đổi mới: Giảm đến 2,000,000đ (Không kèm ưu đãi thanh toán qua cổng, mua kèm) Xem chi tiết";;https://www.thegioididong.com/dtdd/iphone-16-pro-max;DEBUG_OOS_iPhone 16 Pro Max 512GB_Titan tự nhiên_092928.png
iPhone 15 Plus 512GB;Hồng nhạt;No;30990000;27990000;2026-01-10;"Khuyến mãi

Giá và khuyến mãi dự kiến áp dụng đến 23:59 | 11/01
1

Tặng phiếu mua hàng Apple Watch trị giá 1,000,000đ

2

Tặng phiếu mua hàng Macbook trị giá 700,000đ

3

Phiếu mua hàng Airpods trị giá 500.000đ

4

Tặng Phiếu mua hàng mua sạc dự phòng (trừ AVA+, Hydrus); đồng hồ thông minh (trừ Apple); Tai nghe bluetooth và Loa bluetooth các hãng JBL, Marshall,Harman Kardon; Ốp lưng (trừ Apple) trị giá 100.000đ

5

PMH Sim data 500GB 1 tháng trị giá 100.000đ

6

Thu cũ đổi mới: Giảm đến 2,000,000đ (Không kèm ưu đãi thanh toán qua cổng, mua kèm) Xem chi tiết";;https://www.thegioididong.com/dtdd/iphone-15-plus;DEBUG_OOS_iPhone 15 Plus 512GB_Hồng nhạt_092929.png
iPhone 16 Pro 1TB;Titan Sa Mạc;No;42990000;39990000;2026-01-10;"Khuyến mãi

Giá và khuyến mãi dự kiến áp dụng đến 23:59 | 11/01
1

Tặng phiếu mua hàng Apple Watch trị giá 1,000,000đ

2

Tặng phiếu mua hàng Macbook trị giá 700,000đ

3

Phiếu mua hàng Airpods trị giá 500.000đ

4

Tặng Phiếu mua hàng mua sạc dự phòng (trừ AVA+, Hydrus); đồng hồ thông minh (trừ Apple); Tai nghe bluetooth và Loa bluetooth các hãng JBL, Marshall,Harman Kardon; Ốp lưng (trừ Apple) trị giá 100.000đ

5

PMH Sim data 500GB 1 tháng trị giá 100.000đ

6

Thu cũ đổi mới: Giảm đến 2,000,000đ (Không kèm ưu đãi thanh toán qua cổng, mua kèm) Xem chi tiết";;https://www.thegioididong.com/dtdd/iphone-16-pro;DEBUG_OOS_iPhone 16 Pro 1TB_Titan Sa Mạc_092930.png
iPhone 15 256GB;Xanh dương nhạt;Yes;21990000;19990000;2026-01-10;"Khuyến mãi

Giá và khuyến mãi dự kiến áp dụng đến 23:59 | 11/01
1

Tặng phiếu mua hàng Apple Watch trị giá 1,000,000đ

2

Tặng phiếu mua hàng Macbook trị giá 700,000đ

3

Phiếu mua hàng Airpods trị giá 500.000đ

4

Tặng Phiếu mua hàng mua sạc dự phòng (trừ AVA+, Hydrus); đồng hồ thông minh (trừ Apple); Tai nghe bluetooth và Loa bluetooth các hãng JBL, Marshall,Harman Kardon; Ốp lưng (trừ Apple) trị giá 100.000đ

5

PMH Sim data 500GB 1 tháng trị giá 100.000đ

6

Thu cũ đổi mới: Giảm đến 2,000,000đ (Không kèm ưu đãi thanh toán qua cổng, mua kèm) Xem chi tiết";"Ưu đãi thanh toán Online (Click chọn để áp dụng)
Giảm 1.000.000đ
Áp dụng sản phẩm từ 10.000.000đ trở lên.
?
Giảm 250.000đ
Áp dụng sản phẩm từ 5.000.000đ trở lên.
?
Giảm 500.000đ
Áp dụng sản phẩm từ 5.000.000đ trở lên.
?";https://www.thegioididong.com/dtdd/iphone-15;Skipped
iPhone 16 Plus 256GB;Hồng;Yes;28990000;26990000;2026-01-10;"Khuyến mãi

Giá và khuyến mãi dự kiến áp dụng đến 23:59 | 11/01
1

Tặng phiếu mua hàng Apple Watch trị giá 1,000,000đ

2

Tặng phiếu mua hàng Macbook trị giá 700,000đ

3

Phiếu mua hàng Airpods trị giá 500.000đ

4

Tặng Phiếu mua hàng mua sạc dự phòng (trừ AVA+, Hydrus); đồng hồ thông minh (trừ Apple); Tai nghe bluetooth và Loa bluetooth các hãng JBL, Marshall,Harman Kardon; Ốp lưng (trừ Apple) trị giá 100.000đ

5

PMH Sim data 500GB 1 tháng trị giá 100.000đ

6

Thu cũ đổi mới: Giảm đến 2,000,000đ (Không kèm ưu đãi thanh toán qua cổng, mua kèm) Xem chi tiết";"Ưu đãi thanh toán Online (Click chọn để áp dụng)
Giảm 1.000.000đ
Áp dụng sản phẩm từ 10.000.000đ trở lên.
?
Giảm 250.000đ
Áp dụng sản phẩm từ 5.000.000đ trở lên.
?
Giảm 500.000đ
Áp dụng sản phẩm từ 5.000.000đ trở lên.
?";https://www.thegioididong.com/dtdd/iphone-16-plus;Skipped
iPhone 16 Pro Max 512GB;Titan trắng;No;39990000;37990000;2026-01-10;"Khuyến mãi

Giá và khuyến mãi dự kiến áp dụng đến 23:59 | 11/01
1

Tặng phiếu mua hàng Apple Watch trị giá 1,000,000đ

2

Tặng phiếu mua hàng Macbook trị giá 700,000đ

3

Phiếu mua hàng Airpods trị giá 500.000đ

4

Tặng Phiếu mua hàng mua sạc dự phòng (trừ AVA+, Hydrus); đồng hồ thông minh (trừ Apple); Tai nghe bluetooth và Loa bluetooth các hãng JBL, Marshall,Harman Kardon; Ốp lưng (trừ Apple) trị giá 100.000đ

5

PMH Sim data 500GB 1 tháng trị giá 100.000đ

6

Thu cũ đổi mới: Giảm đến 2,000,000đ (Không kèm ưu đãi thanh toán qua cổng, mua kèm) Xem chi tiết";;https://www.thegioididong.com/dtdd/iphone-16-pro-max;DEBUG_OOS_iPhone 16 Pro Max 512GB_Titan trắng_092932.png
iPhone 15 Plus 512GB;Xanh dương nhạt;No;30990000;27990000;2026-01-10;"Khuyến mãi

Giá và khuyến mãi dự kiến áp dụng đến 23:59 | 11/01
1

Tặng phiếu mua hàng Apple Watch trị giá 1,000,000đ

2

Tặng phiếu mua hàng Macbook trị giá 700,000đ

3

Phiếu mua hàng Airpods trị giá 500.000đ

4

Tặng Phiếu mua hàng mua sạc dự phòng (trừ AVA+, Hydrus); đồng hồ thông minh (trừ Apple); Tai nghe bluetooth và Loa bluetooth các hãng JBL, Marshall,Harman Kardon; Ốp lưng (trừ Apple) trị giá 100.000đ

5

PMH Sim data 500GB 1 tháng trị giá 100.000đ

6

Thu cũ đổi mới: Giảm đến 2,000,000đ (Không kèm ưu đãi thanh toán qua cổng, mua kèm) Xem chi tiết";;https://www.thegioididong.com/dtdd/iphone-15-plus;DEBUG_OOS_iPhone 15 Plus 512GB_Xanh dương nhạt_092933.png
iPhone 16 Pro 1TB;Titan trắng;No;42990000;39990000;2026-01-10;"Khuyến mãi

Giá và khuyến mãi dự kiến áp dụng đến 23:59 | 11/01
1

Tặng phiếu mua hàng Apple Watch trị giá 1,000,000đ

2

Tặng phiếu mua hàng Macbook trị giá 700,000đ

3

Phiếu mua hàng Airpods trị giá 500.000đ

4

Tặng Phiếu mua hàng mua sạc dự phòng (trừ AVA+, Hydrus); đồng hồ thông minh (trừ Apple); Tai nghe bluetooth và Loa bluetooth các hãng JBL, Marshall,Harman Kardon; Ốp lưng (trừ Apple) trị giá 100.000đ

5

PMH Sim data 500GB 1 tháng trị giá 100.000đ

6

Thu cũ đổi mới: Giảm đến 2,000,000đ (Không kèm ưu đãi thanh toán qua cổng, mua kèm) Xem chi tiết";;https://www.thegioididong.com/dtdd/iphone-16-pro;DEBUG_OOS_iPhone 16 Pro 1TB_Titan trắng_092933.png
iPhone 16 128GB;Xanh Mòng Két;Yes;21990000;19990000;2026-01-10;"Khuyến mãi

Giá và khuyến mãi dự kiến áp dụng đến 23:59 | 11/01
1

Tặng phiếu mua hàng Apple Watch trị giá 1,000,000đ

2

Tặng phiếu mua hàng Macbook trị giá 700,000đ

3

Phiếu mua hàng Airpods trị giá 500.000đ

4

Tặng Phiếu mua hàng mua sạc dự phòng (trừ AVA+, Hydrus); đồng hồ thông minh (trừ Apple); Tai nghe bluetooth và Loa bluetooth các hãng JBL, Marshall,Harman Kardon; Ốp lưng (trừ Apple) trị giá 100.000đ

5

PMH Sim data 500GB 1 tháng trị giá 100.000đ

6

Thu cũ đổi mới: Giảm đến 2,000,000đ (Không kèm ưu đãi thanh toán qua cổng, mua kèm) Xem chi tiết";"Ưu đãi thanh toán Online (Click chọn để áp dụng)
Giảm 1.000.000đ
Áp dụng sản phẩm từ 10.000.000đ trở lên.
?
Giảm 250.000đ
Áp dụng sản phẩm từ 5.000.000đ trở lên.
?
Giảm 500.000đ
Áp dụng sản phẩm từ 5.000.000đ trở lên.
?";https://www.thegioididong.com/dtdd/iphone-16;Skipped
iPhone 16 Pro Max 512GB;Titan đen;No;39990000;37990000;2026-01-10;"Khuyến mãi

Giá và khuyến mãi dự kiến áp dụng đến 23:59 | 11/01
1

Tặng phiếu mua hàng Apple Watch trị giá 1,000,000đ

2

Tặng phiếu mua hàng Macbook trị giá 700,000đ

3

Phiếu mua hàng Airpods trị giá 500.000đ

4

Tặng Phiếu mua hàng mua sạc dự phòng (trừ AVA+, Hydrus); đồng hồ thông minh (trừ Apple); Tai nghe bluetooth và Loa bluetooth các hãng JBL, Marshall,Harman Kardon; Ốp lưng (trừ Apple) trị giá 100.000đ

5

PMH Sim data 500GB 1 tháng trị giá 100.000đ

6

Thu cũ đổi mới: Giảm đến 2,000,000đ (Không kèm ưu đãi thanh toán qua cổng, mua kèm) Xem chi tiết";;https://www.thegioididong.com/dtdd/iphone-16-pro-max;DEBUG_OOS_iPhone 16 Pro Max 512GB_Titan đen_092936.png
iPhone 15 256GB;Đen;Yes;21990000;19990000;2026-01-10;"Khuyến mãi

Giá và khuyến mãi dự kiến áp dụng đến 23:59 | 11/01
1

Tặng phiếu mua hàng Apple Watch trị giá 1,000,000đ

2

Tặng phiếu mua hàng Macbook trị giá 700,000đ

3

Phiếu mua hàng Airpods trị giá 500.000đ

4

Tặng Phiếu mua hàng mua sạc dự phòng (trừ AVA+, Hydrus); đồng hồ thông minh (trừ Apple); Tai nghe bluetooth và Loa bluetooth các hãng JBL, Marshall,Harman Kardon; Ốp lưng (trừ Apple) trị giá 100.000đ

5

PMH Sim data 500GB 1 tháng trị giá 100.000đ

6

Thu cũ đổi mới: Giảm đến 2,000,000đ (Không kèm ưu đãi thanh toán qua cổng, mua kèm) Xem chi tiết";"Ưu đãi thanh toán Online (Click chọn để áp dụng)
Giảm 1.000.000đ
Áp dụng sản phẩm từ 10.000.000đ trở lên.
?
Giảm 250.000đ
Áp dụng sản phẩm từ 5.000.000đ trở lên.
?
Giảm 500.000đ
Áp dụng sản phẩm từ 5.000.000đ trở lên.
?";https://www.thegioididong.com/dtdd/iphone-15;Skipped
iPhone 16 Plus 256GB;Xanh Mòng Két;Yes;28990000;26990000;2026-01-10;"Khuyến mãi

Giá và khuyến mãi dự kiến áp dụng đến 23:59 | 11/01
1

Tặng phiếu mua hàng Apple Watch trị giá 1,000,000đ

2

Tặng phiếu mua hàng Macbook trị giá 700,000đ

3

Phiếu mua hàng Airpods trị giá 500.000đ

4

Tặng Phiếu mua hàng mua sạc dự phòng (trừ AVA+, Hydrus); đồng hồ thông minh (trừ Apple); Tai nghe bluetooth và Loa bluetooth các hãng JBL, Marshall,Harman Kardon; Ốp lưng (trừ Apple) trị giá 100.000đ

5

PMH Sim data 500GB 1 tháng trị giá 100.000đ

6

Thu cũ đổi mới: Giảm đến 2,000,000đ (Không kèm ưu đãi thanh toán qua cổng, mua kèm) Xem chi tiết";"Ưu đãi thanh toán Online (Click chọn để áp dụng)
Giảm 1.000.000đ
Áp dụng sản phẩm từ 10.000.000đ trở lên.
?
Giảm 250.000đ
Áp dụng sản phẩm từ 5.000.000đ trở lên.
?
Giảm 500.000đ
Áp dụng sản phẩm từ 5.000.000đ trở lên.
?";https://www.thegioididong.com/dtdd/iphone-16-plus;Skipped
iPhone 15 Plus 512GB;Xanh lá nhạt;No;30990000;27990000;2026-01-10;"Khuyến mãi

Giá và khuyến mãi dự kiến áp dụng đến 23:59 | 11/01
1

Tặng phiếu mua hàng Apple Watch trị giá 1,000,000đ

2

Tặng phiếu mua hàng Macbook trị giá 700,000đ

3

Phiếu mua hàng Airpods trị giá 500.000đ

4

Tặng Phiếu mua hàng mua sạc dự phòng (trừ AVA+, Hydrus); đồng hồ thông minh (trừ Apple); Tai nghe bluetooth và Loa bluetooth các hãng JBL, Marshall,Harman Kardon; Ốp lưng (trừ Apple) trị giá 100.000đ

5

PMH Sim data 500GB 1 tháng trị giá 100.000đ

6

Thu cũ đổi mới: Giảm đến 2,000,000đ (Không kèm ưu đãi thanh toán qua cổng, mua kèm) Xem chi tiết";;https://www.thegioididong.com/dtdd/iphone-15-plus;DEBUG_OOS_iPhone 15 Plus 512GB_Xanh lá nhạt_092937.png
iPhone 16 Pro 1TB;Titan tự nhiên;Yes;42990000;39990000;2026-01-10;"Khuyến mãi

Giá và khuyến mãi dự kiến áp dụng đến 23:59 | 11/01
1

Tặng phiếu mua hàng Apple Watch trị giá 1,000,000đ

2

Tặng phiếu mua hàng Macbook trị giá 700,000đ

3

Phiếu mua hàng Airpods trị giá 500.000đ

4

Tặng Phiếu mua hàng mua sạc dự phòng (trừ AVA+, Hydrus); đồng hồ thông minh (trừ Apple); Tai nghe bluetooth và Loa bluetooth các hãng JBL, Marshall,Harman Kardon; Ốp lưng (trừ Apple) trị giá 100.000đ

5

PMH Sim data 500GB 1 tháng trị giá 100.000đ

6

Thu cũ đổi mới: Giảm đến 2,000,000đ (Không kèm ưu đãi thanh toán qua cổng, mua kèm) Xem chi tiết";"Ưu đãi thanh toán Online (Click chọn để áp dụng)
Giảm 1.000.000đ
Áp dụng sản phẩm từ 10.000.000đ trở lên.
?
Giảm 250.000đ
Áp dụng sản phẩm từ 5.000.000đ trở lên.
?
Giảm 500.000đ
Áp dụng sản phẩm từ 5.000.000đ trở lên.
?";https://www.thegioididong.com/dtdd/iphone-16-pro;Skipped
iPhone 16 128GB;Trắng;Yes;21990000;19990000;2026-01-10;"Khuyến mãi

Giá và khuyến mãi dự kiến áp dụng đến 23:59 | 11/01
1

Tặng phiếu mua hàng Apple Watch trị giá 1,000,000đ

2

Tặng phiếu mua hàng Macbook trị giá 700,000đ

3

Phiếu mua hàng Airpods trị giá 500.000đ

4

Tặng Phiếu mua hàng mua sạc dự phòng (trừ AVA+, Hydrus); đồng hồ thông minh (trừ Apple); Tai nghe bluetooth và Loa bluetooth các hãng JBL, Marshall,Harman Kardon; Ốp lưng (trừ Apple) trị giá 100.000đ

5

PMH Sim data 500GB 1 tháng trị giá 100.000đ

6

Thu cũ đổi mới: Giảm đến 2,000,000đ (Không kèm ưu đãi thanh toán qua cổng, mua kèm) Xem chi tiết";"Ưu đãi thanh toán Online (Click chọn để áp dụng)
Giảm 1.000.000đ
Áp dụng sản phẩm từ 10.000.000đ trở lên.
?
Giảm 250.000đ
Áp dụng sản phẩm từ 5.000.000đ trở lên.
?
Giảm 500.000đ
Áp dụng sản phẩm từ 5.000.000đ trở lên.
?";https://www.thegioididong.com/dtdd/iphone-16;Skipped
iPhone 15 256GB;Xanh lá nhạt;Yes;21990000;19990000;2026-01-10;"Khuyến mãi

Giá và khuyến mãi dự kiến áp dụng đến 23:59 | 11/01
1

Tặng phiếu mua hàng Apple Watch trị giá 1,000,000đ

2

Tặng phiếu mua hàng Macbook trị giá 700,000đ

3

Phiếu mua hàng Airpods trị giá 500.000đ

4

Tặng Phiếu mua hàng mua sạc dự phòng (trừ AVA+, Hydrus); đồng hồ thông minh (trừ Apple); Tai nghe bluetooth và Loa bluetooth các hãng JBL, Marshall,Harman Kardon; Ốp lưng (trừ Apple) trị giá 100.000đ

5

PMH Sim data 500GB 1 tháng trị giá 100.000đ

6

Thu cũ đổi mới: Giảm đến 2,000,000đ (Không kèm ưu đãi thanh toán qua cổng, mua kèm) Xem chi tiết";"Ưu đãi thanh toán Online (Click chọn để áp dụng)
Giảm 1.000.000đ
Áp dụng sản phẩm từ 10.000.000đ trở lên.
?
Giảm 250.000đ
Áp dụng sản phẩm từ 5.000.000đ trở lên.
?
Giảm 500.000đ
Áp dụng sản phẩm từ 5.000.000đ trở lên.
?";https://www.thegioididong.com/dtdd/iphone-15;Skipped
iPhone 16 Plus 256GB;Đen;Yes;28990000;26990000;2026-01-10;"Khuyến mãi

Giá và khuyến mãi dự kiến áp dụng đến 23:59 | 11/01
1

Tặng phiếu mua hàng Apple Watch trị giá 1,000,000đ

2

Tặng phiếu mua hàng Macbook trị giá 700,000đ

3

Phiếu mua hàng Airpods trị giá 500.000đ

4

Tặng Phiếu mua hàng mua sạc dự phòng (trừ AVA+, Hydrus); đồng hồ thông minh (trừ Apple); Tai nghe bluetooth và Loa bluetooth các hãng JBL, Marshall,Harman Kardon; Ốp lưng (trừ Apple) trị giá 100.000đ

5

PMH Sim data 500GB 1 tháng trị giá 100.000đ

6

Thu cũ đổi mới: Giảm đến 2,000,000đ (Không kèm ưu đãi thanh toán qua cổng, mua kèm) Xem chi tiết";"Ưu đãi thanh toán Online (Click chọn để áp dụng)
Giảm 1.000.000đ
Áp dụng sản phẩm từ 10.000.000đ trở lên.
?
Giảm 250.000đ
Áp dụng sản phẩm từ 5.000.000đ trở lên.
?
Giảm 500.000đ
Áp dụng sản phẩm từ 5.000.000đ trở lên.
?";https://www.thegioididong.com/dtdd/iphone-16-plus;Skipped
iPhone 16 Pro Max 512GB;Titan Sa Mạc;Yes;39990000;37990000;2026-01-10;"Khuyến mãi

Giá và khuyến mãi dự kiến áp dụng đến 23:59 | 11/01
1

Tặng phiếu mua hàng Apple Watch trị giá 1,000,000đ

2

Tặng phiếu mua hàng Macbook trị giá 700,000đ

3

Phiếu mua hàng Airpods trị giá 500.000đ

4

Tặng Phiếu mua hàng mua sạc dự phòng (trừ AVA+, Hydrus); đồng hồ thông minh (trừ Apple); Tai nghe bluetooth và Loa bluetooth các hãng JBL, Marshall,Harman Kardon; Ốp lưng (trừ Apple) trị giá 100.000đ

5

PMH Sim data 500GB 1 tháng trị giá 100.000đ

6

Thu cũ đổi mới: Giảm đến 2,000,000đ (Không kèm ưu đãi thanh toán qua cổng, mua kèm) Xem chi tiết";"Ưu đãi thanh toán Online (Click chọn để áp dụng)
Giảm 1.000.000đ
Áp dụng sản phẩm từ 10.000.000đ trở lên.
?
Giảm 250.000đ
Áp dụng sản phẩm từ 5.000.000đ trở lên.
?
Giảm 500.000đ
Áp dụng sản phẩm từ 5.000.000đ trở lên.
?";https://www.thegioididong.com/dtdd/iphone-16-pro-max;Skipped
iPhone 15 Plus 512GB;Đen;Yes;30990000;27990000;2026-01-10;"Khuyến mãi

Giá và khuyến mãi dự kiến áp dụng đến 23:59 | 11/01
1

Tặng phiếu mua hàng Apple Watch trị giá 1,000,000đ

2

Tặng phiếu mua hàng Macbook trị giá 700,000đ

3

Phiếu mua hàng Airpods trị giá 500.000đ

4

Tặng Phiếu mua hàng mua sạc dự phòng (trừ AVA+, Hydrus); đồng hồ thông minh (trừ Apple); Tai nghe bluetooth và Loa bluetooth các hãng JBL, Marshall,Harman Kardon; Ốp lưng (trừ Apple) trị giá 100.000đ

5

PMH Sim data 500GB 1 tháng trị giá 100.000đ

6

Thu cũ đổi mới: Giảm đến 2,000,000đ (Không kèm ưu đãi thanh toán qua cổng, mua kèm) Xem chi tiết";"Ưu đãi thanh toán Online (Click chọn để áp dụng)
Giảm 1.000.000đ
Áp dụng sản phẩm từ 10.000.000đ trở lên.
?
Giảm 250.000đ
Áp dụng sản phẩm từ 5.000.000đ trở lên.
?
Giảm 500.000đ
Áp dụng sản phẩm từ 5.000.000đ trở lên.
?";https://www.thegioididong.com/dtdd/iphone-15-plus;Skipped
iPhone 15 256GB;Vàng nhạt;No;21990000;19990000;2026-01-10;"Khuyến mãi

Giá và khuyến mãi dự kiến áp dụng đến 23:59 | 11/01
1

Tặng phiếu mua hàng Apple Watch trị giá 1,000,000đ

2

Tặng phiếu mua hàng Macbook trị giá 700,000đ

3

Phiếu mua hàng Airpods trị giá 500.000đ

4

Tặng Phiếu mua hàng mua sạc dự phòng (trừ AVA+, Hydrus); đồng hồ thông minh (trừ Apple); Tai nghe bluetooth và Loa bluetooth các hãng JBL, Marshall,Harman Kardon; Ốp lưng (trừ Apple) trị giá 100.000đ

5

PMH Sim data 500GB 1 tháng trị giá 100.000đ

6

Thu cũ đổi mới: Giảm đến 2,000,000đ (Không kèm ưu đãi thanh toán qua cổng, mua kèm) Xem chi tiết";;https://www.thegioididong.com/dtdd/iphone-15;DEBUG_OOS_iPhone 15 256GB_Vàng nhạt_092947.png
iPhone 16 Pro Max 512GB;Titan tự nhiên;No;39990000;37990000;2026-01-10;"Khuyến mãi

Giá và khuyến mãi dự kiến áp dụng đến 23:59 | 11/01
1

Tặng phiếu mua hàng Apple Watch trị giá 1,000,000đ

2

Tặng phiếu mua hàng Macbook trị giá 700,000đ

3

Phiếu mua hàng Airpods trị giá 500.000đ

4

Tặng Phiếu mua hàng mua sạc dự phòng (trừ AVA+, Hydrus); đồng hồ thông minh (trừ Apple); Tai nghe bluetooth và Loa bluetooth các hãng JBL, Marshall,Harman Kardon; Ốp lưng (trừ Apple) trị giá 100.000đ

5

PMH Sim data 500GB 1 tháng trị giá 100.000đ

6

Thu cũ đổi mới: Giảm đến 2,000,000đ (Không kèm ưu đãi thanh toán qua cổng, mua kèm) Xem chi tiết";;https://www.thegioididong.com/dtdd/iphone-16-pro-max;DEBUG_OOS_iPhone 16 Pro Max 512GB_Titan tự nhiên_092947.png
iPhone 16 Pro 1TB;Titan đen;Yes;42990000;39990000;2026-01-10;"Khuyến mãi

Giá và khuyến mãi dự kiến áp dụng đến 23:59 | 11/01
1

Tặng phiếu mua hàng Apple Watch trị giá 1,000,000đ

2

Tặng phiếu mua hàng Macbook trị giá 700,000đ

3

Phiếu mua hàng Airpods trị giá 500.000đ

4

Tặng Phiếu mua hàng mua sạc dự phòng (trừ AVA+, Hydrus); đồng hồ thông minh (trừ Apple); Tai nghe bluetooth và Loa bluetooth các hãng JBL, Marshall,Harman Kardon; Ốp lưng (trừ Apple) trị giá 100.000đ

5

PMH Sim data 500GB 1 tháng trị giá 100.000đ

6

Thu cũ đổi mới: Giảm đến 2,000,000đ (Không kèm ưu đãi thanh toán qua cổng, mua kèm) Xem chi tiết";"Ưu đãi thanh toán Online (Click chọn để áp dụng)
Giảm 1.000.000đ
Áp dụng sản phẩm từ 10.000.000đ trở lên.
?
Giảm 250.000đ
Áp dụng sản phẩm từ 5.000.000đ trở lên.
?
Giảm 500.000đ
Áp dụng sản phẩm từ 5.000.000đ trở lên.
?";https://www.thegioididong.com/dtdd/iphone-16-pro;Skipped
iPhone 16 128GB;Xanh Lưu Ly;Yes;21990000;19990000;2026-01-10;"Khuyến mãi

Giá và khuyến mãi dự kiến áp dụng đến 23:59 | 11/01
1

Tặng phiếu mua hàng Apple Watch trị giá 1,000,000đ

2

Tặng phiếu mua hàng Macbook trị giá 700,000đ

3

Phiếu mua hàng Airpods trị giá 500.000đ

4

Tặng Phiếu mua hàng mua sạc dự phòng (trừ AVA+, Hydrus); đồng hồ thông minh (trừ Apple); Tai nghe bluetooth và Loa bluetooth các hãng JBL, Marshall,Harman Kardon; Ốp lưng (trừ Apple) trị giá 100.000đ

5

PMH Sim data 500GB 1 tháng trị giá 100.000đ

6

Thu cũ đổi mới: Giảm đến 2,000,000đ (Không kèm ưu đãi thanh toán qua cổng, mua kèm) Xem chi tiết";"Ưu đãi thanh toán Online (Click chọn để áp dụng)
Giảm 1.000.000đ
Áp dụng sản phẩm từ 10.000.000đ trở lên.
?
Giảm 250.000đ
Áp dụng sản phẩm từ 5.000.000đ trở lên.
?
Giảm 500.000đ
Áp dụng sản phẩm từ 5.000.000đ trở lên.
?";https://www.thegioididong.com/dtdd/iphone-16;Skipped
iPhone 16 Pro Max 512GB;Titan trắng;No;39990000;37990000;2026-01-10;"Khuyến mãi

Giá và khuyến mãi dự kiến áp dụng đến 23:59 | 11/01
1

Tặng phiếu mua hàng Apple Watch trị giá 1,000,000đ

2

Tặng phiếu mua hàng Macbook trị giá 700,000đ

3

Phiếu mua hàng Airpods trị giá 500.000đ

4

Tặng Phiếu mua hàng mua sạc dự phòng (trừ AVA+, Hydrus); đồng hồ thông minh (trừ Apple); Tai nghe bluetooth và Loa bluetooth các hãng JBL, Marshall,Harman Kardon; Ốp lưng (trừ Apple) trị giá 100.000đ

5

PMH Sim data 500GB 1 tháng trị giá 100.000đ

6

Thu cũ đổi mới: Giảm đến 2,000,000đ (Không kèm ưu đãi thanh toán qua cổng, mua kèm) Xem chi tiết";;https://www.thegioididong.com/dtdd/iphone-16-pro-max;DEBUG_OOS_iPhone 16 Pro Max 512GB_Titan trắng_092950.png
iPhone 16 Pro 1TB;Titan Sa Mạc;No;42990000;39990000;2026-01-10;"Khuyến mãi

Giá và khuyến mãi dự kiến áp dụng đến 23:59 | 11/01
1

Tặng phiếu mua hàng Apple Watch trị giá 1,000,000đ

2

Tặng phiếu mua hàng Macbook trị giá 700,000đ

3

Phiếu mua hàng Airpods trị giá 500.000đ

4

Tặng Phiếu mua hàng mua sạc dự phòng (trừ AVA+, Hydrus); đồng hồ thông minh (trừ Apple); Tai nghe bluetooth và Loa bluetooth các hãng JBL, Marshall,Harman Kardon; Ốp lưng (trừ Apple) trị giá 100.000đ

5

PMH Sim data 500GB 1 tháng trị giá 100.000đ

6

Thu cũ đổi mới: Giảm đến 2,000,000đ (Không kèm ưu đãi thanh toán qua cổng, mua kèm) Xem chi tiết";;https://www.thegioididong.com/dtdd/iphone-16-pro;DEBUG_OOS_iPhone 16 Pro 1TB_Titan Sa Mạc_092952.png
iPhone 16 Plus 256GB;Xanh Lưu Ly;Yes;28990000;26990000;2026-01-10;"Khuyến mãi

Giá và khuyến mãi dự kiến áp dụng đến 23:59 | 11/01
1

Tặng phiếu mua hàng Apple Watch trị giá 1,000,000đ

2

Tặng phiếu mua hàng Macbook trị giá 700,000đ

3

Phiếu mua hàng Airpods trị giá 500.000đ

4

Tặng Phiếu mua hàng mua sạc dự phòng (trừ AVA+, Hydrus); đồng hồ thông minh (trừ Apple); Tai nghe bluetooth và Loa bluetooth các hãng JBL, Marshall,Harman Kardon; Ốp lưng (trừ Apple) trị giá 100.000đ

5

PMH Sim data 500GB 1 tháng trị giá 100.000đ

6

Thu cũ đổi mới: Giảm đến 2,000,000đ (Không kèm ưu đãi thanh toán qua cổng, mua kèm) Xem chi tiết";"Ưu đãi thanh toán Online (Click chọn để áp dụng)
Giảm 1.000.000đ
Áp dụng sản phẩm từ 10.000.000đ trở lên.
?
Giảm 250.000đ
Áp dụng sản phẩm từ 5.000.000đ trở lên.
?
Giảm 500.000đ
Áp dụng sản phẩm từ 5.000.000đ trở lên.
?";https://www.thegioididong.com/dtdd/iphone-16-plus;Skipped
iPhone 15 Plus 512GB;Vàng nhạt;Yes;30990000;27990000;2026-01-10;"Khuyến mãi

Giá và khuyến mãi dự kiến áp dụng đến 23:59 | 11/01
1

Tặng phiếu mua hàng Apple Watch trị giá 1,000,000đ

2

Tặng phiếu mua hàng Macbook trị giá 700,000đ

3

Phiếu mua hàng Airpods trị giá 500.000đ

4

Tặng Phiếu mua hàng mua sạc dự phòng (trừ AVA+, Hydrus); đồng hồ thông minh (trừ Apple); Tai nghe bluetooth và Loa bluetooth các hãng JBL, Marshall,Harman Kardon; Ốp lưng (trừ Apple) trị giá 100.000đ

5

PMH Sim data 500GB 1 tháng trị giá 100.000đ

6

Thu cũ đổi mới: Giảm đến 2,000,000đ (Không kèm ưu đãi thanh toán qua cổng, mua kèm) Xem chi tiết";"Ưu đãi thanh toán Online (Click chọn để áp dụng)
Giảm 1.000.000đ
Áp dụng sản phẩm từ 10.000.000đ trở lên.
?
Giảm 250.000đ
Áp dụng sản phẩm từ 5.000.000đ trở lên.
?
Giảm 500.000đ
Áp dụng sản phẩm từ 5.000.000đ trở lên.
?";https://www.thegioididong.com/dtdd/iphone-15-plus;Skipped
iPhone 16 Pro Max 512GB;Titan đen;No;39990000;37990000;2026-01-10;"Khuyến mãi

Giá và khuyến mãi dự kiến áp dụng đến 23:59 | 11/01
1

Tặng phiếu mua hàng Apple Watch trị giá 1,000,000đ

2

Tặng phiếu mua hàng Macbook trị giá 700,000đ

3

Phiếu mua hàng Airpods trị giá 500.000đ

4

Tặng Phiếu mua hàng mua sạc dự phòng (trừ AVA+, Hydrus); đồng hồ thông minh (trừ Apple); Tai nghe bluetooth và Loa bluetooth các hãng JBL, Marshall,Harman Kardon; Ốp lưng (trừ Apple) trị giá 100.000đ

5

PMH Sim data 500GB 1 tháng trị giá 100.000đ

6

Thu cũ đổi mới: Giảm đến 2,000,000đ (Không kèm ưu đãi thanh toán qua cổng, mua kèm) Xem chi tiết";;https://www.thegioididong.com/dtdd/iphone-16-pro-max;DEBUG_OOS_iPhone 16 Pro Max 512GB_Titan đen_092954.png
iPhone 16 Pro 1TB;Titan trắng;No;42990000;39990000;2026-01-10;"Khuyến mãi

Giá và khuyến mãi dự kiến áp dụng đến 23:59 | 11/01
1

Tặng phiếu mua hàng Apple Watch trị giá 1,000,000đ

2

Tặng phiếu mua hàng Macbook trị giá 700,000đ

3

Phiếu mua hàng Airpods trị giá 500.000đ

4

Tặng Phiếu mua hàng mua sạc dự phòng (trừ AVA+, Hydrus); đồng hồ thông minh (trừ Apple); Tai nghe bluetooth và Loa bluetooth các hãng JBL, Marshall,Harman Kardon; Ốp lưng (trừ Apple) trị giá 100.000đ

5

PMH Sim data 500GB 1 tháng trị giá 100.000đ

6

Thu cũ đổi mới: Giảm đến 2,000,000đ (Không kèm ưu đãi thanh toán qua cổng, mua kèm) Xem chi tiết";;https://www.thegioididong.com/dtdd/iphone-16-pro;DEBUG_OOS_iPhone 16 Pro 1TB_Titan trắng_092955.png
iPhone 15 256GB;Hồng nhạt;Yes;21990000;19990000;2026-01-10;"Khuyến mãi

Giá và khuyến mãi dự kiến áp dụng đến 23:59 | 11/01
1

Tặng phiếu mua hàng Apple Watch trị giá 1,000,000đ

2

Tặng phiếu mua hàng Macbook trị giá 700,000đ

3

Phiếu mua hàng Airpods trị giá 500.000đ

4

Tặng Phiếu mua hàng mua sạc dự phòng (trừ AVA+, Hydrus); đồng hồ thông minh (trừ Apple); Tai nghe bluetooth và Loa bluetooth các hãng JBL, Marshall,Harman Kardon; Ốp lưng (trừ Apple) trị giá 100.000đ

5

PMH Sim data 500GB 1 tháng trị giá 100.000đ

6

Thu cũ đổi mới: Giảm đến 2,000,000đ (Không kèm ưu đãi thanh toán qua cổng, mua kèm) Xem chi tiết";"Ưu đãi thanh toán Online (Click chọn để áp dụng)
Giảm 1.000.000đ
Áp dụng sản phẩm từ 10.000.000đ trở lên.
?
Giảm 250.000đ
Áp dụng sản phẩm từ 5.000.000đ trở lên.
?
Giảm 500.000đ
Áp dụng sản phẩm từ 5.000.000đ trở lên.
?";https://www.thegioididong.com/dtdd/iphone-15;Skipped
iPhone 16 128GB;Đen;Yes;21990000;19990000;2026-01-10;"Khuyến mãi

Giá và khuyến mãi dự kiến áp dụng đến 23:59 | 11/01
1

Tặng phiếu mua hàng Apple Watch trị giá 1,000,000đ

2

Tặng phiếu mua hàng Macbook trị giá 700,000đ

3

Phiếu mua hàng Airpods trị giá 500.000đ

4

Tặng Phiếu mua hàng mua sạc dự phòng (trừ AVA+, Hydrus); đồng hồ thông minh (trừ Apple); Tai nghe bluetooth và Loa bluetooth các hãng JBL, Marshall,Harman Kardon; Ốp lưng (trừ Apple) trị giá 100.000đ

5

PMH Sim data 500GB 1 tháng trị giá 100.000đ

6

Thu cũ đổi mới: Giảm đến 2,000,000đ (Không kèm ưu đãi thanh toán qua cổng, mua kèm) Xem chi tiết";"Ưu đãi thanh toán Online (Click chọn để áp dụng)
Giảm 1.000.000đ
Áp dụng sản phẩm từ 10.000.000đ trở lên.
?
Giảm 250.000đ
Áp dụng sản phẩm từ 5.000.000đ trở lên.
?
Giảm 500.000đ
Áp dụng sản phẩm từ 5.000.000đ trở lên.
?";https://www.thegioididong.com/dtdd/iphone-16;Skipped
iPhone 15 Plus 512GB;Hồng nhạt;No;30990000;27990000;2026-01-10;"Khuyến mãi

Giá và khuyến mãi dự kiến áp dụng đến 23:59 | 11/01
1

Tặng phiếu mua hàng Apple Watch trị giá 1,000,000đ

2

Tặng phiếu mua hàng Macbook trị giá 700,000đ

3

Phiếu mua hàng Airpods trị giá 500.000đ

4

Tặng Phiếu mua hàng mua sạc dự phòng (trừ AVA+, Hydrus); đồng hồ thông minh (trừ Apple); Tai nghe bluetooth và Loa bluetooth các hãng JBL, Marshall,Harman Kardon; Ốp lưng (trừ Apple) trị giá 100.000đ

5

PMH Sim data 500GB 1 tháng trị giá 100.000đ

6

Thu cũ đổi mới: Giảm đến 2,000,000đ (Không kèm ưu đãi thanh toán qua cổng, mua kèm) Xem chi tiết";;https://www.thegioididong.com/dtdd/iphone-15-plus;DEBUG_OOS_iPhone 15 Plus 512GB_Hồng nhạt_092955.png
iPhone 16 Plus 256GB;Trắng;Yes;28990000;26990000;2026-01-10;"Khuyến mãi

Giá và khuyến mãi dự kiến áp dụng đến 23:59 | 11/01
1

Tặng phiếu mua hàng Apple Watch trị giá 1,000,000đ

2

Tặng phiếu mua hàng Macbook trị giá 700,000đ

3

Phiếu mua hàng Airpods trị giá 500.000đ

4

Tặng Phiếu mua hàng mua sạc dự phòng (trừ AVA+, Hydrus); đồng hồ thông minh (trừ Apple); Tai nghe bluetooth và Loa bluetooth các hãng JBL, Marshall,Harman Kardon; Ốp lưng (trừ Apple) trị giá 100.000đ

5

PMH Sim data 500GB 1 tháng trị giá 100.000đ

6

Thu cũ đổi mới: Giảm đến 2,000,000đ (Không kèm ưu đãi thanh toán qua cổng, mua kèm) Xem chi tiết";"Ưu đãi thanh toán Online (Click chọn để áp dụng)
Giảm 1.000.000đ
Áp dụng sản phẩm từ 10.000.000đ trở lên.
?
Giảm 250.000đ
Áp dụng sản phẩm từ 5.000.000đ trở lên.
?
Giảm 500.000đ
Áp dụng sản phẩm từ 5.000.000đ trở lên.
?";https://www.thegioididong.com/dtdd/iphone-16-plus;Skipped
iPhone 15 Plus 512GB;Xanh dương nhạt;No;30990000;27990000;2026-01-10;"Khuyến mãi

Giá và khuyến mãi dự kiến áp dụng đến 23:59 | 11/01
1

Tặng phiếu mua hàng Apple Watch trị giá 1,000,000đ

2

Tặng phiếu mua hàng Macbook trị giá 700,000đ

3

Phiếu mua hàng Airpods trị giá 500.000đ

4

Tặng Phiếu mua hàng mua sạc dự phòng (trừ AVA+, Hydrus); đồng hồ thông minh (trừ Apple); Tai nghe bluetooth và Loa bluetooth các hãng JBL, Marshall,Harman Kardon; Ốp lưng (trừ Apple) trị giá 100.000đ

5

PMH Sim data 500GB 1 tháng trị giá 100.000đ

6

Thu cũ đổi mới: Giảm đến 2,000,000đ (Không kèm ưu đãi thanh toán qua cổng, mua kèm) Xem chi tiết";;https://www.thegioididong.com/dtdd/iphone-15-plus;DEBUG_OOS_iPhone 15 Plus 512GB_Xanh dương nhạt_092959.png
iPhone 16 Pro 1TB;Titan tự nhiên;Yes;42990000;39990000;2026-01-10;"Khuyến mãi

Giá và khuyến mãi dự kiến áp dụng đến 23:59 | 11/01
1

Tặng phiếu mua hàng Apple Watch trị giá 1,000,000đ

2

Tặng phiếu mua hàng Macbook trị giá 700,000đ

3

Phiếu mua hàng Airpods trị giá 500.000đ

4

Tặng Phiếu mua hàng mua sạc dự phòng (trừ AVA+, Hydrus); đồng hồ thông minh (trừ Apple); Tai nghe bluetooth và Loa bluetooth các hãng JBL, Marshall,Harman Kardon; Ốp lưng (trừ Apple) trị giá 100.000đ

5

PMH Sim data 500GB 1 tháng trị giá 100.000đ

6

Thu cũ đổi mới: Giảm đến 2,000,000đ (Không kèm ưu đãi thanh toán qua cổng, mua kèm) Xem chi tiết";"Ưu đãi thanh toán Online (Click chọn để áp dụng)
Giảm 1.000.000đ
Áp dụng sản phẩm từ 10.000.000đ trở lên.
?
Giảm 250.000đ
Áp dụng sản phẩm từ 5.000.000đ trở lên.
?
Giảm 500.000đ
Áp dụng sản phẩm từ 5.000.000đ trở lên.
?";https://www.thegioididong.com/dtdd/iphone-16-pro;Skipped
iPhone 15 256GB;Xanh dương nhạt;Yes;21990000;19990000;2026-01-10;"Khuyến mãi

Giá và khuyến mãi dự kiến áp dụng đến 23:59 | 11/01
1

Tặng phiếu mua hàng Apple Watch trị giá 1,000,000đ

2

Tặng phiếu mua hàng Macbook trị giá 700,000đ

3

Phiếu mua hàng Airpods trị giá 500.000đ

4

Tặng Phiếu mua hàng mua sạc dự phòng (trừ AVA+, Hydrus); đồng hồ thông minh (trừ Apple); Tai nghe bluetooth và Loa bluetooth các hãng JBL, Marshall,Harman Kardon; Ốp lưng (trừ Apple) trị giá 100.000đ

5

PMH Sim data 500GB 1 tháng trị giá 100.000đ

6

Thu cũ đổi mới: Giảm đến 2,000,000đ (Không kèm ưu đãi thanh toán qua cổng, mua kèm) Xem chi tiết";"Ưu đãi thanh toán Online (Click chọn để áp dụng)
Giảm 1.000.000đ
Áp dụng sản phẩm từ 10.000.000đ trở lên.
?
Giảm 250.000đ
Áp dụng sản phẩm từ 5.000.000đ trở lên.
?
Giảm 500.000đ
Áp dụng sản phẩm từ 5.000.000đ trở lên.
?";https://www.thegioididong.com/dtdd/iphone-15;Skipped
iPhone 16 128GB;Hồng;Yes;21990000;19990000;2026-01-10;"Khuyến mãi

Giá và khuyến mãi dự kiến áp dụng đến 23:59 | 11/01
1

Tặng phiếu mua hàng Apple Watch trị giá 1,000,000đ

2

Tặng phiếu mua hàng Macbook trị giá 700,000đ

3

Phiếu mua hàng Airpods trị giá 500.000đ

4

Tặng Phiếu mua hàng mua sạc dự phòng (trừ AVA+, Hydrus); đồng hồ thông minh (trừ Apple); Tai nghe bluetooth và Loa bluetooth các hãng JBL, Marshall,Harman Kardon; Ốp lưng (trừ Apple) trị giá 100.000đ

5

PMH Sim data 500GB 1 tháng trị giá 100.000đ

6

Thu cũ đổi mới: Giảm đến 2,000,000đ (Không kèm ưu đãi thanh toán qua cổng, mua kèm) Xem chi tiết";"Ưu đãi thanh toán Online (Click chọn để áp dụng)
Giảm 1.000.000đ
Áp dụng sản phẩm từ 10.000.000đ trở lên.
?
Giảm 250.000đ
Áp dụng sản phẩm từ 5.000.000đ trở lên.
?
Giảm 500.000đ
Áp dụng sản phẩm từ 5.000.000đ trở lên.
?";https://www.thegioididong.com/dtdd/iphone-16;Skipped
iPhone 16 Pro Max 512GB;Titan Sa Mạc;Yes;39990000;37990000;2026-01-10;"Khuyến mãi

Giá và khuyến mãi dự kiến áp dụng đến 23:59 | 11/01
1

Tặng phiếu mua hàng Apple Watch trị giá 1,000,000đ

2

Tặng phiếu mua hàng Macbook trị giá 700,000đ

3

Phiếu mua hàng Airpods trị giá 500.000đ

4

Tặng Phiếu mua hàng mua sạc dự phòng (trừ AVA+, Hydrus); đồng hồ thông minh (trừ Apple); Tai nghe bluetooth và Loa bluetooth các hãng JBL, Marshall,Harman Kardon; Ốp lưng (trừ Apple) trị giá 100.000đ

5

PMH Sim data 500GB 1 tháng trị giá 100.000đ

6

Thu cũ đổi mới: Giảm đến 2,000,000đ (Không kèm ưu đãi thanh toán qua cổng, mua kèm) Xem chi tiết";"Ưu đãi thanh toán Online (Click chọn để áp dụng)
Giảm 1.000.000đ
Áp dụng sản phẩm từ 10.000.000đ trở lên.
?
Giảm 250.000đ
Áp dụng sản phẩm từ 5.000.000đ trở lên.
?
Giảm 500.000đ
Áp dụng sản phẩm từ 5.000.000đ trở lên.
?";https://www.thegioididong.com/dtdd/iphone-16-pro-max;Skipped
iPhone 15 Plus 512GB;Xanh lá nhạt;No;30990000;27990000;2026-01-10;"Khuyến mãi

Giá và khuyến mãi dự kiến áp dụng đến 23:59 | 11/01
1

Tặng phiếu mua hàng Apple Watch trị giá 1,000,000đ

2

Tặng phiếu mua hàng Macbook trị giá 700,000đ

3

Phiếu mua hàng Airpods trị giá 500.000đ

4

Tặng Phiếu mua hàng mua sạc dự phòng (trừ AVA+, Hydrus); đồng hồ thông minh (trừ Apple); Tai nghe bluetooth và Loa bluetooth các hãng JBL, Marshall,Harman Kardon; Ốp lưng (trừ Apple) trị giá 100.000đ

5

PMH Sim data 500GB 1 tháng trị giá 100.000đ

6

Thu cũ đổi mới: Giảm đến 2,000,000đ (Không kèm ưu đãi thanh toán qua cổng, mua kèm) Xem chi tiết";;https://www.thegioididong.com/dtdd/iphone-15-plus;DEBUG_OOS_iPhone 15 Plus 512GB_Xanh lá nhạt_093003.png
iPhone 16 Plus 256GB;Hồng;Yes;28990000;26990000;2026-01-10;"Khuyến mãi

Giá và khuyến mãi dự kiến áp dụng đến 23:59 | 11/01
1

Tặng phiếu mua hàng Apple Watch trị giá 1,000,000đ

2

Tặng phiếu mua hàng Macbook trị giá 700,000đ

3

Phiếu mua hàng Airpods trị giá 500.000đ

4

Tặng Phiếu mua hàng mua sạc dự phòng (trừ AVA+, Hydrus); đồng hồ thông minh (trừ Apple); Tai nghe bluetooth và Loa bluetooth các hãng JBL, Marshall,Harman Kardon; Ốp lưng (trừ Apple) trị giá 100.000đ

5

PMH Sim data 500GB 1 tháng trị giá 100.000đ

6

Thu cũ đổi mới: Giảm đến 2,000,000đ (Không kèm ưu đãi thanh toán qua cổng, mua kèm) Xem chi tiết";"Ưu đãi thanh toán Online (Click chọn để áp dụng)
Giảm 1.000.000đ
Áp dụng sản phẩm từ 10.000.000đ trở lên.
?
Giảm 250.000đ
Áp dụng sản phẩm từ 5.000.000đ trở lên.
?
Giảm 500.000đ
Áp dụng sản phẩm từ 5.000.000đ trở lên.
?";https://www.thegioididong.com/dtdd/iphone-16-plus;Skipped
iPhone 16 Pro Max 512GB;Titan tự nhiên;No;39990000;37990000;2026-01-10;"Khuyến mãi

Giá và khuyến mãi dự kiến áp dụng đến 23:59 | 11/01
1

Tặng phiếu mua hàng Apple Watch trị giá 1,000,000đ

2

Tặng phiếu mua hàng Macbook trị giá 700,000đ

3

Phiếu mua hàng Airpods trị giá 500.000đ

4

Tặng Phiếu mua hàng mua sạc dự phòng (trừ AVA+, Hydrus); đồng hồ thông minh (trừ Apple); Tai nghe bluetooth và Loa bluetooth các hãng JBL, Marshall,Harman Kardon; Ốp lưng (trừ Apple) trị giá 100.000đ

5

PMH Sim data 500GB 1 tháng trị giá 100.000đ

6

Thu cũ đổi mới: Giảm đến 2,000,000đ (Không kèm ưu đãi thanh toán qua cổng, mua kèm) Xem chi tiết";;https://www.thegioididong.com/dtdd/iphone-16-pro-max;DEBUG_OOS_iPhone 16 Pro Max 512GB_Titan tự nhiên_093006.png
iPhone 15 256GB;Đen;Yes;21990000;19990000;2026-01-10;"Khuyến mãi

Giá và khuyến mãi dự kiến áp dụng đến 23:59 | 11/01
1

Tặng phiếu mua hàng Apple Watch trị giá 1,000,000đ

2

Tặng phiếu mua hàng Macbook trị giá 700,000đ

3

Phiếu mua hàng Airpods trị giá 500.000đ

4

Tặng Phiếu mua hàng mua sạc dự phòng (trừ AVA+, Hydrus); đồng hồ thông minh (trừ Apple); Tai nghe bluetooth và Loa bluetooth các hãng JBL, Marshall,Harman Kardon; Ốp lưng (trừ Apple) trị giá 100.000đ

5

PMH Sim data 500GB 1 tháng trị giá 100.000đ

6

Thu cũ đổi mới: Giảm đến 2,000,000đ (Không kèm ưu đãi thanh toán qua cổng, mua kèm) Xem chi tiết";"Ưu đãi thanh toán Online (Click chọn để áp dụng)
Giảm 1.000.000đ
Áp dụng sản phẩm từ 10.000.000đ trở lên.
?
Giảm 250.000đ
Áp dụng sản phẩm từ 5.000.000đ trở lên.
?
Giảm 500.000đ
Áp dụng sản phẩm từ 5.000.000đ trở lên.
?";https://www.thegioididong.com/dtdd/iphone-15;Skipped
iPhone 16 128GB;Xanh Mòng Két;Yes;21990000;19990000;2026-01-10;"Khuyến mãi

Giá và khuyến mãi dự kiến áp dụng đến 23:59 | 11/01
1

Tặng phiếu mua hàng Apple Watch trị giá 1,000,000đ

2

Tặng phiếu mua hàng Macbook trị giá 700,000đ

3

Phiếu mua hàng Airpods trị giá 500.000đ

4

Tặng Phiếu mua hàng mua sạc dự phòng (trừ AVA+, Hydrus); đồng hồ thông minh (trừ Apple); Tai nghe bluetooth và Loa bluetooth các hãng JBL, Marshall,Harman Kardon; Ốp lưng (trừ Apple) trị giá 100.000đ

5

PMH Sim data 500GB 1 tháng trị giá 100.000đ

6

Thu cũ đổi mới: Giảm đến 2,000,000đ (Không kèm ưu đãi thanh toán qua cổng, mua kèm) Xem chi tiết";"Ưu đãi thanh toán Online (Click chọn để áp dụng)
Giảm 1.000.000đ
Áp dụng sản phẩm từ 10.000.000đ trở lên.
?
Giảm 250.000đ
Áp dụng sản phẩm từ 5.000.000đ trở lên.
?
Giảm 500.000đ
Áp dụng sản phẩm từ 5.000.000đ trở lên.
?";https://www.thegioididong.com/dtdd/iphone-16;Skipped
iPhone 15 Plus 512GB;Đen;Yes;30990000;27990000;2026-01-10;"Khuyến mãi

Giá và khuyến mãi dự kiến áp dụng đến 23:59 | 11/01
1

Tặng phiếu mua hàng Apple Watch trị giá 1,000,000đ

2

Tặng phiếu mua hàng Macbook trị giá 700,000đ

3

Phiếu mua hàng Airpods trị giá 500.000đ

4

Tặng Phiếu mua hàng mua sạc dự phòng (trừ AVA+, Hydrus); đồng hồ thông minh (trừ Apple); Tai nghe bluetooth và Loa bluetooth các hãng JBL, Marshall,Harman Kardon; Ốp lưng (trừ Apple) trị giá 100.000đ

5

PMH Sim data 500GB 1 tháng trị giá 100.000đ

6

Thu cũ đổi mới: Giảm đến 2,000,000đ (Không kèm ưu đãi thanh toán qua cổng, mua kèm) Xem chi tiết";"Ưu đãi thanh toán Online (Click chọn để áp dụng)
Giảm 1.000.000đ
Áp dụng sản phẩm từ 10.000.000đ trở lên.
?
Giảm 250.000đ
Áp dụng sản phẩm từ 5.000.000đ trở lên.
?
Giảm 500.000đ
Áp dụng sản phẩm từ 5.000.000đ trở lên.
?";https://www.thegioididong.com/dtdd/iphone-15-plus;Skipped
iPhone 16 Pro Max 512GB;Titan trắng;No;39990000;37990000;2026-01-10;"Khuyến mãi

Giá và khuyến mãi dự kiến áp dụng đến 23:59 | 11/01
1

Tặng phiếu mua hàng Apple Watch trị giá 1,000,000đ

2

Tặng phiếu mua hàng Macbook trị giá 700,000đ

3

Phiếu mua hàng Airpods trị giá 500.000đ

4

Tặng Phiếu mua hàng mua sạc dự phòng (trừ AVA+, Hydrus); đồng hồ thông minh (trừ Apple); Tai nghe bluetooth và Loa bluetooth các hãng JBL, Marshall,Harman Kardon; Ốp lưng (trừ Apple) trị giá 100.000đ

5

PMH Sim data 500GB 1 tháng trị giá 100.000đ

6

Thu cũ đổi mới: Giảm đến 2,000,000đ (Không kèm ưu đãi thanh toán qua cổng, mua kèm) Xem chi tiết";;https://www.thegioididong.com/dtdd/iphone-16-pro-max;DEBUG_OOS_iPhone 16 Pro Max 512GB_Titan trắng_093009.png
iPhone 16 Pro 1TB;Titan đen;Yes;42990000;39990000;2026-01-10;"Khuyến mãi

Giá và khuyến mãi dự kiến áp dụng đến 23:59 | 11/01
1

Tặng phiếu mua hàng Apple Watch trị giá 1,000,000đ

2

Tặng phiếu mua hàng Macbook trị giá 700,000đ

3

Phiếu mua hàng Airpods trị giá 500.000đ

4

Tặng Phiếu mua hàng mua sạc dự phòng (trừ AVA+, Hydrus); đồng hồ thông minh (trừ Apple); Tai nghe bluetooth và Loa bluetooth các hãng JBL, Marshall,Harman Kardon; Ốp lưng (trừ Apple) trị giá 100.000đ

5

PMH Sim data 500GB 1 tháng trị giá 100.000đ

6

Thu cũ đổi mới: Giảm đến 2,000,000đ (Không kèm ưu đãi thanh toán qua cổng, mua kèm) Xem chi tiết";"Ưu đãi thanh toán Online (Click chọn để áp dụng)
Giảm 1.000.000đ
Áp dụng sản phẩm từ 10.000.000đ trở lên.
?
Giảm 250.000đ
Áp dụng sản phẩm từ 5.000.000đ trở lên.
?
Giảm 500.000đ
Áp dụng sản phẩm từ 5.000.000đ trở lên.
?";https://www.thegioididong.com/dtdd/iphone-16-pro;Skipped
iPhone 16 Plus 256GB;Xanh Mòng Két;Yes;28990000;26990000;2026-01-10;"Khuyến mãi

Giá và khuyến mãi dự kiến áp dụng đến 23:59 | 11/01
1

Tặng phiếu mua hàng Apple Watch trị giá 1,000,000đ

2

Tặng phiếu mua hàng Macbook trị giá 700,000đ

3

Phiếu mua hàng Airpods trị giá 500.000đ

4

Tặng Phiếu mua hàng mua sạc dự phòng (trừ AVA+, Hydrus); đồng hồ thông minh (trừ Apple); Tai nghe bluetooth và Loa bluetooth các hãng JBL, Marshall,Harman Kardon; Ốp lưng (trừ Apple) trị giá 100.000đ

5

PMH Sim data 500GB 1 tháng trị giá 100.000đ

6

Thu cũ đổi mới: Giảm đến 2,000,000đ (Không kèm ưu đãi thanh toán qua cổng, mua kèm) Xem chi tiết";"Ưu đãi thanh toán Online (Click chọn để áp dụng)
Giảm 1.000.000đ
Áp dụng sản phẩm từ 10.000.000đ trở lên.
?
Giảm 250.000đ
Áp dụng sản phẩm từ 5.000.000đ trở lên.
?
Giảm 500.000đ
Áp dụng sản phẩm từ 5.000.000đ trở lên.
?";https://www.thegioididong.com/dtdd/iphone-16-plus;Skipped
iPhone 16 Pro Max 512GB;Titan đen;No;39990000;37990000;2026-01-10;"Khuyến mãi

Giá và khuyến mãi dự kiến áp dụng đến 23:59 | 11/01
1

Tặng phiếu mua hàng Apple Watch trị giá 1,000,000đ

2

Tặng phiếu mua hàng Macbook trị giá 700,000đ

3

Phiếu mua hàng Airpods trị giá 500.000đ

4

Tặng Phiếu mua hàng mua sạc dự phòng (trừ AVA+, Hydrus); đồng hồ thông minh (trừ Apple); Tai nghe bluetooth và Loa bluetooth các hãng JBL, Marshall,Harman Kardon; Ốp lưng (trừ Apple) trị giá 100.000đ

5

PMH Sim data 500GB 1 tháng trị giá 100.000đ

6

Thu cũ đổi mới: Giảm đến 2,000,000đ (Không kèm ưu đãi thanh toán qua cổng, mua kèm) Xem chi tiết";;https://www.thegioididong.com/dtdd/iphone-16-pro-max;DEBUG_OOS_iPhone 16 Pro Max 512GB_Titan đen_093013.png
iPhone 16 Pro 1TB;Titan Sa Mạc;No;42990000;39990000;2026-01-10;"Khuyến mãi

Giá và khuyến mãi dự kiến áp dụng đến 23:59 | 11/01
1

Tặng phiếu mua hàng Apple Watch trị giá 1,000,000đ

2

Tặng phiếu mua hàng Macbook trị giá 700,000đ

3

Phiếu mua hàng Airpods trị giá 500.000đ

4

Tặng Phiếu mua hàng mua sạc dự phòng (trừ AVA+, Hydrus); đồng hồ thông minh (trừ Apple); Tai nghe bluetooth và Loa bluetooth các hãng JBL, Marshall,Harman Kardon; Ốp lưng (trừ Apple) trị giá 100.000đ

5

PMH Sim data 500GB 1 tháng trị giá 100.000đ

6

Thu cũ đổi mới: Giảm đến 2,000,000đ (Không kèm ưu đãi thanh toán qua cổng, mua kèm) Xem chi tiết";;https://www.thegioididong.com/dtdd/iphone-16-pro;DEBUG_OOS_iPhone 16 Pro 1TB_Titan Sa Mạc_093014.png
iPhone 15 256GB;Xanh lá nhạt;Yes;21990000;19990000;2026-01-10;"Khuyến mãi

Giá và khuyến mãi dự kiến áp dụng đến 23:59 | 11/01
1

Tặng phiếu mua hàng Apple Watch trị giá 1,000,000đ

2

Tặng phiếu mua hàng Macbook trị giá 700,000đ

3

Phiếu mua hàng Airpods trị giá 500.000đ

4

Tặng Phiếu mua hàng mua sạc dự phòng (trừ AVA+, Hydrus); đồng hồ thông minh (trừ Apple); Tai nghe bluetooth và Loa bluetooth các hãng JBL, Marshall,Harman Kardon; Ốp lưng (trừ Apple) trị giá 100.000đ

5

PMH Sim data 500GB 1 tháng trị giá 100.000đ

6

Thu cũ đổi mới: Giảm đến 2,000,000đ (Không kèm ưu đãi thanh toán qua cổng, mua kèm) Xem chi tiết";"Ưu đãi thanh toán Online (Click chọn để áp dụng)
Giảm 1.000.000đ
Áp dụng sản phẩm từ 10.000.000đ trở lên.
?
Giảm 250.000đ
Áp dụng sản phẩm từ 5.000.000đ trở lên.
?
Giảm 500.000đ
Áp dụng sản phẩm từ 5.000.000đ trở lên.
?";https://www.thegioididong.com/dtdd/iphone-15;Skipped
iPhone 16 128GB;Trắng;Yes;21990000;19990000;2026-01-10;"Khuyến mãi

Giá và khuyến mãi dự kiến áp dụng đến 23:59 | 11/01
1

Tặng phiếu mua hàng Apple Watch trị giá 1,000,000đ

2

Tặng phiếu mua hàng Macbook trị giá 700,000đ

3

Phiếu mua hàng Airpods trị giá 500.000đ

4

Tặng Phiếu mua hàng mua sạc dự phòng (trừ AVA+, Hydrus); đồng hồ thông minh (trừ Apple); Tai nghe bluetooth và Loa bluetooth các hãng JBL, Marshall,Harman Kardon; Ốp lưng (trừ Apple) trị giá 100.000đ

5

PMH Sim data 500GB 1 tháng trị giá 100.000đ

6

Thu cũ đổi mới: Giảm đến 2,000,000đ (Không kèm ưu đãi thanh toán qua cổng, mua kèm) Xem chi tiết";"Ưu đãi thanh toán Online (Click chọn để áp dụng)
Giảm 1.000.000đ
Áp dụng sản phẩm từ 10.000.000đ trở lên.
?
Giảm 250.000đ
Áp dụng sản phẩm từ 5.000.000đ trở lên.
?
Giảm 500.000đ
Áp dụng sản phẩm từ 5.000.000đ trở lên.
?";https://www.thegioididong.com/dtdd/iphone-16;Skipped
iPhone 16 Pro 1TB;Titan trắng;No;42990000;39990000;2026-01-10;"Khuyến mãi

Giá và khuyến mãi dự kiến áp dụng đến 23:59 | 11/01
1

Tặng phiếu mua hàng Apple Watch trị giá 1,000,000đ

2

Tặng phiếu mua hàng Macbook trị giá 700,000đ

3

Phiếu mua hàng Airpods trị giá 500.000đ

4

Tặng Phiếu mua hàng mua sạc dự phòng (trừ AVA+, Hydrus); đồng hồ thông minh (trừ Apple); Tai nghe bluetooth và Loa bluetooth các hãng JBL, Marshall,Harman Kardon; Ốp lưng (trừ Apple) trị giá 100.000đ

5

PMH Sim data 500GB 1 tháng trị giá 100.000đ

6

Thu cũ đổi mới: Giảm đến 2,000,000đ (Không kèm ưu đãi thanh toán qua cổng, mua kèm) Xem chi tiết";;https://www.thegioididong.com/dtdd/iphone-16-pro;DEBUG_OOS_iPhone 16 Pro 1TB_Titan trắng_093019.png
iPhone 15 256GB;Vàng nhạt;No;21990000;19990000;2026-01-10;"Khuyến mãi

Giá và khuyến mãi dự kiến áp dụng đến 23:59 | 11/01
1

Tặng phiếu mua hàng Apple Watch trị giá 1,000,000đ

2

Tặng phiếu mua hàng Macbook trị giá 700,000đ

3

Phiếu mua hàng Airpods trị giá 500.000đ

4

Tặng Phiếu mua hàng mua sạc dự phòng (trừ AVA+, Hydrus); đồng hồ thông minh (trừ Apple); Tai nghe bluetooth và Loa bluetooth các hãng JBL, Marshall,Harman Kardon; Ốp lưng (trừ Apple) trị giá 100.000đ

5

PMH Sim data 500GB 1 tháng trị giá 100.000đ

6

Thu cũ đổi mới: Giảm đến 2,000,000đ (Không kèm ưu đãi thanh toán qua cổng, mua kèm) Xem chi tiết";;https://www.thegioididong.com/dtdd/iphone-15;DEBUG_OOS_iPhone 15 256GB_Vàng nhạt_093019.png
iPhone 16 Plus 256GB;Đen;Yes;28990000;26990000;2026-01-10;"Khuyến mãi

Giá và khuyến mãi dự kiến áp dụng đến 23:59 | 11/01
1

Tặng phiếu mua hàng Apple Watch trị giá 1,000,000đ

2

Tặng phiếu mua hàng Macbook trị giá 700,000đ

3

Phiếu mua hàng Airpods trị giá 500.000đ

4

Tặng Phiếu mua hàng mua sạc dự phòng (trừ AVA+, Hydrus); đồng hồ thông minh (trừ Apple); Tai nghe bluetooth và Loa bluetooth các hãng JBL, Marshall,Harman Kardon; Ốp lưng (trừ Apple) trị giá 100.000đ

5

PMH Sim data 500GB 1 tháng trị giá 100.000đ

6

Thu cũ đổi mới: Giảm đến 2,000,000đ (Không kèm ưu đãi thanh toán qua cổng, mua kèm) Xem chi tiết";"Ưu đãi thanh toán Online (Click chọn để áp dụng)
Giảm 1.000.000đ
Áp dụng sản phẩm từ 10.000.000đ trở lên.
?
Giảm 250.000đ
Áp dụng sản phẩm từ 5.000.000đ trở lên.
?
Giảm 500.000đ
Áp dụng sản phẩm từ 5.000.000đ trở lên.
?";https://www.thegioididong.com/dtdd/iphone-16-plus;Skipped
iPhone 15 Plus 512GB;Vàng nhạt;Yes;30990000;27990000;2026-01-10;"Khuyến mãi

Giá và khuyến mãi dự kiến áp dụng đến 23:59 | 11/01
1

Tặng phiếu mua hàng Apple Watch trị giá 1,000,000đ

2

Tặng phiếu mua hàng Macbook trị giá 700,000đ

3

Phiếu mua hàng Airpods trị giá 500.000đ

4

Tặng Phiếu mua hàng mua sạc dự phòng (trừ AVA+, Hydrus); đồng hồ thông minh (trừ Apple); Tai nghe bluetooth và Loa bluetooth các hãng JBL, Marshall,Harman Kardon; Ốp lưng (trừ Apple) trị giá 100.000đ

5

PMH Sim data 500GB 1 tháng trị giá 100.000đ

6

Thu cũ đổi mới: Giảm đến 2,000,000đ (Không kèm ưu đãi thanh toán qua cổng, mua kèm) Xem chi tiết";"Ưu đãi thanh toán Online (Click chọn để áp dụng)
Giảm 1.000.000đ
Áp dụng sản phẩm từ 10.000.000đ trở lên.
?
Giảm 250.000đ
Áp dụng sản phẩm từ 5.000.000đ trở lên.
?
Giảm 500.000đ
Áp dụng sản phẩm từ 5.000.000đ trở lên.
?";https://www.thegioididong.com/dtdd/iphone-15-plus;Skipped
iPhone 16 Pro Max 512GB;Titan Sa Mạc;Yes;39990000;37990000;2026-01-10;"Khuyến mãi

Giá và khuyến mãi dự kiến áp dụng đến 23:59 | 11/01
1

Tặng phiếu mua hàng Apple Watch trị giá 1,000,000đ

2

Tặng phiếu mua hàng Macbook trị giá 700,000đ

3

Phiếu mua hàng Airpods trị giá 500.000đ

4

Tặng Phiếu mua hàng mua sạc dự phòng (trừ AVA+, Hydrus); đồng hồ thông minh (trừ Apple); Tai nghe bluetooth và Loa bluetooth các hãng JBL, Marshall,Harman Kardon; Ốp lưng (trừ Apple) trị giá 100.000đ

5

PMH Sim data 500GB 1 tháng trị giá 100.000đ

6

Thu cũ đổi mới: Giảm đến 2,000,000đ (Không kèm ưu đãi thanh toán qua cổng, mua kèm) Xem chi tiết";"Ưu đãi thanh toán Online (Click chọn để áp dụng)
Giảm 1.000.000đ
Áp dụng sản phẩm từ 10.000.000đ trở lên.
?
Giảm 250.000đ
Áp dụng sản phẩm từ 5.000.000đ trở lên.
?
Giảm 500.000đ
Áp dụng sản phẩm từ 5.000.000đ trở lên.
?";https://www.thegioididong.com/dtdd/iphone-16-pro-max;Skipped
iPhone 16 128GB;Xanh Lưu Ly;Yes;21990000;19990000;2026-01-10;"Khuyến mãi

Giá và khuyến mãi dự kiến áp dụng đến 23:59 | 11/01
1

Tặng phiếu mua hàng Apple Watch trị giá 1,000,000đ

2

Tặng phiếu mua hàng Macbook trị giá 700,000đ

3

Phiếu mua hàng Airpods trị giá 500.000đ

4

Tặng Phiếu mua hàng mua sạc dự phòng (trừ AVA+, Hydrus); đồng hồ thông minh (trừ Apple); Tai nghe bluetooth và Loa bluetooth các hãng JBL, Marshall,Harman Kardon; Ốp lưng (trừ Apple) trị giá 100.000đ

5

PMH Sim data 500GB 1 tháng trị giá 100.000đ

6

Thu cũ đổi mới: Giảm đến 2,000,000đ (Không kèm ưu đãi thanh toán qua cổng, mua kèm) Xem chi tiết";"Ưu đãi thanh toán Online (Click chọn để áp dụng)
Giảm 1.000.000đ
Áp dụng sản phẩm từ 10.000.000đ trở lên.
?
Giảm 250.000đ
Áp dụng sản phẩm từ 5.000.000đ trở lên.
?
Giảm 500.000đ
Áp dụng sản phẩm từ 5.000.000đ trở lên.
?";https://www.thegioididong.com/dtdd/iphone-16;Skipped
iPhone 15 Plus 512GB;Hồng nhạt;No;30990000;27990000;2026-01-10;"Khuyến mãi

Giá và khuyến mãi dự kiến áp dụng đến 23:59 | 11/01
1

Tặng phiếu mua hàng Apple Watch trị giá 1,000,000đ

2

Tặng phiếu mua hàng Macbook trị giá 700,000đ

3

Phiếu mua hàng Airpods trị giá 500.000đ

4

Tặng Phiếu mua hàng mua sạc dự phòng (trừ AVA+, Hydrus); đồng hồ thông minh (trừ Apple); Tai nghe bluetooth và Loa bluetooth các hãng JBL, Marshall,Harman Kardon; Ốp lưng (trừ Apple) trị giá 100.000đ

5

PMH Sim data 500GB 1 tháng trị giá 100.000đ

6

Thu cũ đổi mới: Giảm đến 2,000,000đ (Không kèm ưu đãi thanh toán qua cổng, mua kèm) Xem chi tiết";;https://www.thegioididong.com/dtdd/iphone-15-plus;DEBUG_OOS_iPhone 15 Plus 512GB_Hồng nhạt_093026.png
iPhone 16 Pro 1TB;Titan tự nhiên;Yes;42990000;39990000;2026-01-10;"Khuyến mãi

Giá và khuyến mãi dự kiến áp dụng đến 23:59 | 11/01
1

Tặng phiếu mua hàng Apple Watch trị giá 1,000,000đ

2

Tặng phiếu mua hàng Macbook trị giá 700,000đ

3

Phiếu mua hàng Airpods trị giá 500.000đ

4

Tặng Phiếu mua hàng mua sạc dự phòng (trừ AVA+, Hydrus); đồng hồ thông minh (trừ Apple); Tai nghe bluetooth và Loa bluetooth các hãng JBL, Marshall,Harman Kardon; Ốp lưng (trừ Apple) trị giá 100.000đ

5

PMH Sim data 500GB 1 tháng trị giá 100.000đ

6

Thu cũ đổi mới: Giảm đến 2,000,000đ (Không kèm ưu đãi thanh toán qua cổng, mua kèm) Xem chi tiết";"Ưu đãi thanh toán Online (Click chọn để áp dụng)
Giảm 1.000.000đ
Áp dụng sản phẩm từ 10.000.000đ trở lên.
?
Giảm 250.000đ
Áp dụng sản phẩm từ 5.000.000đ trở lên.
?
Giảm 500.000đ
Áp dụng sản phẩm từ 5.000.000đ trở lên.
?";https://www.thegioididong.com/dtdd/iphone-16-pro;Skipped
iPhone 16 Pro Max 512GB;Titan tự nhiên;No;39990000;37990000;2026-01-10;"Khuyến mãi

Giá và khuyến mãi dự kiến áp dụng đến 23:59 | 11/01
1

Tặng phiếu mua hàng Apple Watch trị giá 1,000,000đ

2

Tặng phiếu mua hàng Macbook trị giá 700,000đ

3

Phiếu mua hàng Airpods trị giá 500.000đ

4

Tặng Phiếu mua hàng mua sạc dự phòng (trừ AVA+, Hydrus); đồng hồ thông minh (trừ Apple); Tai nghe bluetooth và Loa bluetooth các hãng JBL, Marshall,Harman Kardon; Ốp lưng (trừ Apple) trị giá 100.000đ

5

PMH Sim data 500GB 1 tháng trị giá 100.000đ

6

Thu cũ đổi mới: Giảm đến 2,000,000đ (Không kèm ưu đãi thanh toán qua cổng, mua kèm) Xem chi tiết";;https://www.thegioididong.com/dtdd/iphone-16-pro-max;DEBUG_OOS_iPhone 16 Pro Max 512GB_Titan tự nhiên_093031.png
iPhone 15 Plus 512GB;Xanh dương nhạt;No;30990000;27990000;2026-01-10;"Khuyến mãi

Giá và khuyến mãi dự kiến áp dụng đến 23:59 | 11/01
1

Tặng phiếu mua hàng Apple Watch trị giá 1,000,000đ

2

Tặng phiếu mua hàng Macbook trị giá 700,000đ

3

Phiếu mua hàng Airpods trị giá 500.000đ

4

Tặng Phiếu mua hàng mua sạc dự phòng (trừ AVA+, Hydrus); đồng hồ thông minh (trừ Apple); Tai nghe bluetooth và Loa bluetooth các hãng JBL, Marshall,Harman Kardon; Ốp lưng (trừ Apple) trị giá 100.000đ

5

PMH Sim data 500GB 1 tháng trị giá 100.000đ

6

Thu cũ đổi mới: Giảm đến 2,000,000đ (Không kèm ưu đãi thanh toán qua cổng, mua kèm) Xem chi tiết";;https://www.thegioididong.com/dtdd/iphone-15-plus;DEBUG_OOS_iPhone 15 Plus 512GB_Xanh dương nhạt_093032.png
iPhone 15 256GB;Hồng nhạt;Yes;21990000;19990000;2026-01-10;"Khuyến mãi

Giá và khuyến mãi dự kiến áp dụng đến 23:59 | 11/01
1

Tặng phiếu mua hàng Apple Watch trị giá 1,000,000đ

2

Tặng phiếu mua hàng Macbook trị giá 700,000đ

3

Phiếu mua hàng Airpods trị giá 500.000đ

4

Tặng Phiếu mua hàng mua sạc dự phòng (trừ AVA+, Hydrus); đồng hồ thông minh (trừ Apple); Tai nghe bluetooth và Loa bluetooth các hãng JBL, Marshall,Harman Kardon; Ốp lưng (trừ Apple) trị giá 100.000đ

5

PMH Sim data 500GB 1 tháng trị giá 100.000đ

6

Thu cũ đổi mới: Giảm đến 2,000,000đ (Không kèm ưu đãi thanh toán qua cổng, mua kèm) Xem chi tiết";"Ưu đãi thanh toán Online (Click chọn để áp dụng)
Giảm 1.000.000đ
Áp dụng sản phẩm từ 10.000.000đ trở lên.
?
Giảm 250.000đ
Áp dụng sản phẩm từ 5.000.000đ trở lên.
?
Giảm 500.000đ
Áp dụng sản phẩm từ 5.000.000đ trở lên.
?";https://www.thegioididong.com/dtdd/iphone-15;Skipped
iPhone 16 Plus 256GB;Xanh Lưu Ly;Yes;28990000;26990000;2026-01-10;"Khuyến mãi

Giá và khuyến mãi dự kiến áp dụng đến 23:59 | 11/01
1

Tặng phiếu mua hàng Apple Watch trị giá 1,000,000đ

2

Tặng phiếu mua hàng Macbook trị giá 700,000đ

3

Phiếu mua hàng Airpods trị giá 500.000đ

4

Tặng Phiếu mua hàng mua sạc dự phòng (trừ AVA+, Hydrus); đồng hồ thông minh (trừ Apple); Tai nghe bluetooth và Loa bluetooth các hãng JBL, Marshall,Harman Kardon; Ốp lưng (trừ Apple) trị giá 100.000đ

5

PMH Sim data 500GB 1 tháng trị giá 100.000đ

6

Thu cũ đổi mới: Giảm đến 2,000,000đ (Không kèm ưu đãi thanh toán qua cổng, mua kèm) Xem chi tiết";"Ưu đãi thanh toán Online (Click chọn để áp dụng)
Giảm 1.000.000đ
Áp dụng sản phẩm từ 10.000.000đ trở lên.
?
Giảm 250.000đ
Áp dụng sản phẩm từ 5.000.000đ trở lên.
?
Giảm 500.000đ
Áp dụng sản phẩm từ 5.000.000đ trở lên.
?";https://www.thegioididong.com/dtdd/iphone-16-plus;Skipped
iPhone 16 128GB;Đen;Yes;21990000;19990000;2026-01-10;"Khuyến mãi

Giá và khuyến mãi dự kiến áp dụng đến 23:59 | 11/01
1

Tặng phiếu mua hàng Apple Watch trị giá 1,000,000đ

2

Tặng phiếu mua hàng Macbook trị giá 700,000đ

3

Phiếu mua hàng Airpods trị giá 500.000đ

4

Tặng Phiếu mua hàng mua sạc dự phòng (trừ AVA+, Hydrus); đồng hồ thông minh (trừ Apple); Tai nghe bluetooth và Loa bluetooth các hãng JBL, Marshall,Harman Kardon; Ốp lưng (trừ Apple) trị giá 100.000đ

5

PMH Sim data 500GB 1 tháng trị giá 100.000đ

6

Thu cũ đổi mới: Giảm đến 2,000,000đ (Không kèm ưu đãi thanh toán qua cổng, mua kèm) Xem chi tiết";"Ưu đãi thanh toán Online (Click chọn để áp dụng)
Giảm 1.000.000đ
Áp dụng sản phẩm từ 10.000.000đ trở lên.
?
Giảm 250.000đ
Áp dụng sản phẩm từ 5.000.000đ trở lên.
?
Giảm 500.000đ
Áp dụng sản phẩm từ 5.000.000đ trở lên.
?";https://www.thegioididong.com/dtdd/iphone-16;Skipped
iPhone 16 Pro Max 512GB;Titan trắng;No;39990000;37990000;2026-01-10;"Khuyến mãi

Giá và khuyến mãi dự kiến áp dụng đến 23:59 | 11/01
1

Tặng phiếu mua hàng Apple Watch trị giá 1,000,000đ

2

Tặng phiếu mua hàng Macbook trị giá 700,000đ

3

Phiếu mua hàng Airpods trị giá 500.000đ

4

Tặng Phiếu mua hàng mua sạc dự phòng (trừ AVA+, Hydrus); đồng hồ thông minh (trừ Apple); Tai nghe bluetooth và Loa bluetooth các hãng JBL, Marshall,Harman Kardon; Ốp lưng (trừ Apple) trị giá 100.000đ

5

PMH Sim data 500GB 1 tháng trị giá 100.000đ

6

Thu cũ đổi mới: Giảm đến 2,000,000đ (Không kèm ưu đãi thanh toán qua cổng, mua kèm) Xem chi tiết";;https://www.thegioididong.com/dtdd/iphone-16-pro-max;DEBUG_OOS_iPhone 16 Pro Max 512GB_Titan trắng_093036.png
iPhone 15 Plus 512GB;Xanh lá nhạt;No;30990000;27990000;2026-01-10;"Khuyến mãi

Giá và khuyến mãi dự kiến áp dụng đến 23:59 | 11/01
1

Tặng phiếu mua hàng Apple Watch trị giá 1,000,000đ

2

Tặng phiếu mua hàng Macbook trị giá 700,000đ

3

Phiếu mua hàng Airpods trị giá 500.000đ

4

Tặng Phiếu mua hàng mua sạc dự phòng (trừ AVA+, Hydrus); đồng hồ thông minh (trừ Apple); Tai nghe bluetooth và Loa bluetooth các hãng JBL, Marshall,Harman Kardon; Ốp lưng (trừ Apple) trị giá 100.000đ

5

PMH Sim data 500GB 1 tháng trị giá 100.000đ

6

Thu cũ đổi mới: Giảm đến 2,000,000đ (Không kèm ưu đãi thanh toán qua cổng, mua kèm) Xem chi tiết";;https://www.thegioididong.com/dtdd/iphone-15-plus;DEBUG_OOS_iPhone 15 Plus 512GB_Xanh lá nhạt_093039.png
iPhone 15 256GB;Xanh dương nhạt;Yes;21990000;19990000;2026-01-10;"Khuyến mãi

Giá và khuyến mãi dự kiến áp dụng đến 23:59 | 11/01
1

Tặng phiếu mua hàng Apple Watch trị giá 1,000,000đ

2

Tặng phiếu mua hàng Macbook trị giá 700,000đ

3

Phiếu mua hàng Airpods trị giá 500.000đ

4

Tặng Phiếu mua hàng mua sạc dự phòng (trừ AVA+, Hydrus); đồng hồ thông minh (trừ Apple); Tai nghe bluetooth và Loa bluetooth các hãng JBL, Marshall,Harman Kardon; Ốp lưng (trừ Apple) trị giá 100.000đ

5

PMH Sim data 500GB 1 tháng trị giá 100.000đ

6

Thu cũ đổi mới: Giảm đến 2,000,000đ (Không kèm ưu đãi thanh toán qua cổng, mua kèm) Xem chi tiết";"Ưu đãi thanh toán Online (Click chọn để áp dụng)
Giảm 1.000.000đ
Áp dụng sản phẩm từ 10.000.000đ trở lên.
?
Giảm 250.000đ
Áp dụng sản phẩm từ 5.000.000đ trở lên.
?
Giảm 500.000đ
Áp dụng sản phẩm từ 5.000.000đ trở lên.
?";https://www.thegioididong.com/dtdd/iphone-15;Skipped
iPhone 16 Plus 256GB;Trắng;Yes;28990000;26990000;2026-01-10;"Khuyến mãi

Giá và khuyến mãi dự kiến áp dụng đến 23:59 | 11/01
1

Tặng phiếu mua hàng Apple Watch trị giá 1,000,000đ

2

Tặng phiếu mua hàng Macbook trị giá 700,000đ

3

Phiếu mua hàng Airpods trị giá 500.000đ

4

Tặng Phiếu mua hàng mua sạc dự phòng (trừ AVA+, Hydrus); đồng hồ thông minh (trừ Apple); Tai nghe bluetooth và Loa bluetooth các hãng JBL, Marshall,Harman Kardon; Ốp lưng (trừ Apple) trị giá 100.000đ

5

PMH Sim data 500GB 1 tháng trị giá 100.000đ

6

Thu cũ đổi mới: Giảm đến 2,000,000đ (Không kèm ưu đãi thanh toán qua cổng, mua kèm) Xem chi tiết";"Ưu đãi thanh toán Online (Click chọn để áp dụng)
Giảm 1.000.000đ
Áp dụng sản phẩm từ 10.000.000đ trở lên.
?
Giảm 250.000đ
Áp dụng sản phẩm từ 5.000.000đ trở lên.
?
Giảm 500.000đ
Áp dụng sản phẩm từ 5.000.000đ trở lên.
?";https://www.thegioididong.com/dtdd/iphone-16-plus;Skipped
iPhone 16e 128GB;Đen;Yes;16990000;15990000;2026-01-10;"Khuyến mãi

Giá và khuyến mãi dự kiến áp dụng đến 23:59 | 11/01
1

Tặng phiếu mua hàng Apple Watch trị giá 1,000,000đ

2

Tặng phiếu mua hàng Macbook trị giá 700,000đ

3

Phiếu mua hàng Airpods trị giá 500.000đ

4

Tặng Phiếu mua hàng mua sạc dự phòng (trừ AVA+, Hydrus); đồng hồ thông minh (trừ Apple); Tai nghe bluetooth và Loa bluetooth các hãng JBL, Marshall,Harman Kardon; Ốp lưng (trừ Apple) trị giá 100.000đ

5

PMH Sim data 500GB 1 tháng trị giá 100.000đ

6

Thu cũ đổi mới: Giảm đến 2,000,000đ (Không kèm ưu đãi thanh toán qua cổng, mua kèm) Xem chi tiết";"Ưu đãi thanh toán Online (Click chọn để áp dụng)
Giảm 1.000.000đ
Áp dụng sản phẩm từ 10.000.000đ trở lên.
?
Giảm 250.000đ
Áp dụng sản phẩm từ 5.000.000đ trở lên.
?
Giảm 500.000đ
Áp dụng sản phẩm từ 5.000.000đ trở lên.
?";https://www.thegioididong.com/dtdd/iphone-16e;Skipped
iPhone 16 Pro Max 512GB;Titan đen;No;39990000;37990000;2026-01-10;"Khuyến mãi

Giá và khuyến mãi dự kiến áp dụng đến 23:59 | 11/01
1

Tặng phiếu mua hàng Apple Watch trị giá 1,000,000đ

2

Tặng phiếu mua hàng Macbook trị giá 700,000đ

3

Phiếu mua hàng Airpods trị giá 500.000đ

4

Tặng Phiếu mua hàng mua sạc dự phòng (trừ AVA+, Hydrus); đồng hồ thông minh (trừ Apple); Tai nghe bluetooth và Loa bluetooth các hãng JBL, Marshall,Harman Kardon; Ốp lưng (trừ Apple) trị giá 100.000đ

5

PMH Sim data 500GB 1 tháng trị giá 100.000đ

6

Thu cũ đổi mới: Giảm đến 2,000,000đ (Không kèm ưu đãi thanh toán qua cổng, mua kèm) Xem chi tiết";;https://www.thegioididong.com/dtdd/iphone-16-pro-max;DEBUG_OOS_iPhone 16 Pro Max 512GB_Titan đen_093043.png
iPhone 16 128GB;Hồng;Yes;21990000;19990000;2026-01-10;"Khuyến mãi

Giá và khuyến mãi dự kiến áp dụng đến 23:59 | 11/01
1

Tặng phiếu mua hàng Apple Watch trị giá 1,000,000đ

2

Tặng phiếu mua hàng Macbook trị giá 700,000đ

3

Phiếu mua hàng Airpods trị giá 500.000đ

4

Tặng Phiếu mua hàng mua sạc dự phòng (trừ AVA+, Hydrus); đồng hồ thông minh (trừ Apple); Tai nghe bluetooth và Loa bluetooth các hãng JBL, Marshall,Harman Kardon; Ốp lưng (trừ Apple) trị giá 100.000đ

5

PMH Sim data 500GB 1 tháng trị giá 100.000đ

6

Thu cũ đổi mới: Giảm đến 2,000,000đ (Không kèm ưu đãi thanh toán qua cổng, mua kèm) Xem chi tiết";"Ưu đãi thanh toán Online (Click chọn để áp dụng)
Giảm 1.000.000đ
Áp dụng sản phẩm từ 10.000.000đ trở lên.
?
Giảm 250.000đ
Áp dụng sản phẩm từ 5.000.000đ trở lên.
?
Giảm 500.000đ
Áp dụng sản phẩm từ 5.000.000đ trở lên.
?";https://www.thegioididong.com/dtdd/iphone-16;Skipped
iPhone 15 Plus 512GB;Đen;Yes;30990000;27990000;2026-01-10;"Khuyến mãi

Giá và khuyến mãi dự kiến áp dụng đến 23:59 | 11/01
1

Tặng phiếu mua hàng Apple Watch trị giá 1,000,000đ

2

Tặng phiếu mua hàng Macbook trị giá 700,000đ

3

Phiếu mua hàng Airpods trị giá 500.000đ

4

Tặng Phiếu mua hàng mua sạc dự phòng (trừ AVA+, Hydrus); đồng hồ thông minh (trừ Apple); Tai nghe bluetooth và Loa bluetooth các hãng JBL, Marshall,Harman Kardon; Ốp lưng (trừ Apple) trị giá 100.000đ

5

PMH Sim data 500GB 1 tháng trị giá 100.000đ

6

Thu cũ đổi mới: Giảm đến 2,000,000đ (Không kèm ưu đãi thanh toán qua cổng, mua kèm) Xem chi tiết";"Ưu đãi thanh toán Online (Click chọn để áp dụng)
Giảm 1.000.000đ
Áp dụng sản phẩm từ 10.000.000đ trở lên.
?
Giảm 250.000đ
Áp dụng sản phẩm từ 5.000.000đ trở lên.
?
Giảm 500.000đ
Áp dụng sản phẩm từ 5.000.000đ trở lên.
?";https://www.thegioididong.com/dtdd/iphone-15-plus;Skipped
iPhone 15 256GB;Đen;Yes;21990000;19990000;2026-01-10;"Khuyến mãi

Giá và khuyến mãi dự kiến áp dụng đến 23:59 | 11/01
1

Tặng phiếu mua hàng Apple Watch trị giá 1,000,000đ

2

Tặng phiếu mua hàng Macbook trị giá 700,000đ

3

Phiếu mua hàng Airpods trị giá 500.000đ

4

Tặng Phiếu mua hàng mua sạc dự phòng (trừ AVA+, Hydrus); đồng hồ thông minh (trừ Apple); Tai nghe bluetooth và Loa bluetooth các hãng JBL, Marshall,Harman Kardon; Ốp lưng (trừ Apple) trị giá 100.000đ

5

PMH Sim data 500GB 1 tháng trị giá 100.000đ

6

Thu cũ đổi mới: Giảm đến 2,000,000đ (Không kèm ưu đãi thanh toán qua cổng, mua kèm) Xem chi tiết";"Ưu đãi thanh toán Online (Click chọn để áp dụng)
Giảm 1.000.000đ
Áp dụng sản phẩm từ 10.000.000đ trở lên.
?
Giảm 250.000đ
Áp dụng sản phẩm từ 5.000.000đ trở lên.
?
Giảm 500.000đ
Áp dụng sản phẩm từ 5.000.000đ trở lên.
?";https://www.thegioididong.com/dtdd/iphone-15;Skipped
iPhone 16 Plus 256GB;Hồng;Yes;28990000;26990000;2026-01-10;"Khuyến mãi

Giá và khuyến mãi dự kiến áp dụng đến 23:59 | 11/01
1

Tặng phiếu mua hàng Apple Watch trị giá 1,000,000đ

2

Tặng phiếu mua hàng Macbook trị giá 700,000đ

3

Phiếu mua hàng Airpods trị giá 500.000đ

4

Tặng Phiếu mua hàng mua sạc dự phòng (trừ AVA+, Hydrus); đồng hồ thông minh (trừ Apple); Tai nghe bluetooth và Loa bluetooth các hãng JBL, Marshall,Harman Kardon; Ốp lưng (trừ Apple) trị giá 100.000đ

5

PMH Sim data 500GB 1 tháng trị giá 100.000đ

6

Thu cũ đổi mới: Giảm đến 2,000,000đ (Không kèm ưu đãi thanh toán qua cổng, mua kèm) Xem chi tiết";"Ưu đãi thanh toán Online (Click chọn để áp dụng)
Giảm 1.000.000đ
Áp dụng sản phẩm từ 10.000.000đ trở lên.
?
Giảm 250.000đ
Áp dụng sản phẩm từ 5.000.000đ trở lên.
?
Giảm 500.000đ
Áp dụng sản phẩm từ 5.000.000đ trở lên.
?";https://www.thegioididong.com/dtdd/iphone-16-plus;Skipped
iPhone 16e 128GB;Trắng;Yes;16990000;15990000;2026-01-10;"Khuyến mãi

Giá và khuyến mãi dự kiến áp dụng đến 23:59 | 11/01
1

Tặng phiếu mua hàng Apple Watch trị giá 1,000,000đ

2

Tặng phiếu mua hàng Macbook trị giá 700,000đ

3

Phiếu mua hàng Airpods trị giá 500.000đ

4

Tặng Phiếu mua hàng mua sạc dự phòng (trừ AVA+, Hydrus); đồng hồ thông minh (trừ Apple); Tai nghe bluetooth và Loa bluetooth các hãng JBL, Marshall,Harman Kardon; Ốp lưng (trừ Apple) trị giá 100.000đ

5

PMH Sim data 500GB 1 tháng trị giá 100.000đ

6

Thu cũ đổi mới: Giảm đến 2,000,000đ (Không kèm ưu đãi thanh toán qua cổng, mua kèm) Xem chi tiết";"Ưu đãi thanh toán Online (Click chọn để áp dụng)
Giảm 1.000.000đ
Áp dụng sản phẩm từ 10.000.000đ trở lên.
?
Giảm 250.000đ
Áp dụng sản phẩm từ 5.000.000đ trở lên.
?
Giảm 500.000đ
Áp dụng sản phẩm từ 5.000.000đ trở lên.
?";https://www.thegioididong.com/dtdd/iphone-16e;Skipped
iPhone 16 128GB;Xanh Mòng Két;Yes;21990000;19990000;2026-01-10;"Khuyến mãi

Giá và khuyến mãi dự kiến áp dụng đến 23:59 | 11/01
1

Tặng phiếu mua hàng Apple Watch trị giá 1,000,000đ

2

Tặng phiếu mua hàng Macbook trị giá 700,000đ

3

Phiếu mua hàng Airpods trị giá 500.000đ

4

Tặng Phiếu mua hàng mua sạc dự phòng (trừ AVA+, Hydrus); đồng hồ thông minh (trừ Apple); Tai nghe bluetooth và Loa bluetooth các hãng JBL, Marshall,Harman Kardon; Ốp lưng (trừ Apple) trị giá 100.000đ

5

PMH Sim data 500GB 1 tháng trị giá 100.000đ

6

Thu cũ đổi mới: Giảm đến 2,000,000đ (Không kèm ưu đãi thanh toán qua cổng, mua kèm) Xem chi tiết";"Ưu đãi thanh toán Online (Click chọn để áp dụng)
Giảm 1.000.000đ
Áp dụng sản phẩm từ 10.000.000đ trở lên.
?
Giảm 250.000đ
Áp dụng sản phẩm từ 5.000.000đ trở lên.
?
Giảm 500.000đ
Áp dụng sản phẩm từ 5.000.000đ trở lên.
?";https://www.thegioididong.com/dtdd/iphone-16;Skipped
iPhone 16 Pro Max 512GB;Titan Sa Mạc;Yes;39990000;37990000;2026-01-10;"Khuyến mãi

Giá và khuyến mãi dự kiến áp dụng đến 23:59 | 11/01
1

Tặng phiếu mua hàng Apple Watch trị giá 1,000,000đ

2

Tặng phiếu mua hàng Macbook trị giá 700,000đ

3

Phiếu mua hàng Airpods trị giá 500.000đ

4

Tặng Phiếu mua hàng mua sạc dự phòng (trừ AVA+, Hydrus); đồng hồ thông minh (trừ Apple); Tai nghe bluetooth và Loa bluetooth các hãng JBL, Marshall,Harman Kardon; Ốp lưng (trừ Apple) trị giá 100.000đ

5

PMH Sim data 500GB 1 tháng trị giá 100.000đ

6

Thu cũ đổi mới: Giảm đến 2,000,000đ (Không kèm ưu đãi thanh toán qua cổng, mua kèm) Xem chi tiết";"Ưu đãi thanh toán Online (Click chọn để áp dụng)
Giảm 1.000.000đ
Áp dụng sản phẩm từ 10.000.000đ trở lên.
?
Giảm 250.000đ
Áp dụng sản phẩm từ 5.000.000đ trở lên.
?
Giảm 500.000đ
Áp dụng sản phẩm từ 5.000.000đ trở lên.
?";https://www.thegioididong.com/dtdd/iphone-16-pro-max;Skipped
iPhone 15 256GB;Xanh lá nhạt;Yes;21990000;19990000;2026-01-10;"Khuyến mãi

Giá và khuyến mãi dự kiến áp dụng đến 23:59 | 11/01
1

Tặng phiếu mua hàng Apple Watch trị giá 1,000,000đ

2

Tặng phiếu mua hàng Macbook trị giá 700,000đ

3

Phiếu mua hàng Airpods trị giá 500.000đ

4

Tặng Phiếu mua hàng mua sạc dự phòng (trừ AVA+, Hydrus); đồng hồ thông minh (trừ Apple); Tai nghe bluetooth và Loa bluetooth các hãng JBL, Marshall,Harman Kardon; Ốp lưng (trừ Apple) trị giá 100.000đ

5

PMH Sim data 500GB 1 tháng trị giá 100.000đ

6

Thu cũ đổi mới: Giảm đến 2,000,000đ (Không kèm ưu đãi thanh toán qua cổng, mua kèm) Xem chi tiết";"Ưu đãi thanh toán Online (Click chọn để áp dụng)
Giảm 1.000.000đ
Áp dụng sản phẩm từ 10.000.000đ trở lên.
?
Giảm 250.000đ
Áp dụng sản phẩm từ 5.000.000đ trở lên.
?
Giảm 500.000đ
Áp dụng sản phẩm từ 5.000.000đ trở lên.
?";https://www.thegioididong.com/dtdd/iphone-15;Skipped
iPhone 16 Plus 256GB;Xanh Mòng Két;Yes;28990000;26990000;2026-01-10;"Khuyến mãi

Giá và khuyến mãi dự kiến áp dụng đến 23:59 | 11/01
1

Tặng phiếu mua hàng Apple Watch trị giá 1,000,000đ

2

Tặng phiếu mua hàng Macbook trị giá 700,000đ

3

Phiếu mua hàng Airpods trị giá 500.000đ

4

Tặng Phiếu mua hàng mua sạc dự phòng (trừ AVA+, Hydrus); đồng hồ thông minh (trừ Apple); Tai nghe bluetooth và Loa bluetooth các hãng JBL, Marshall,Harman Kardon; Ốp lưng (trừ Apple) trị giá 100.000đ

5

PMH Sim data 500GB 1 tháng trị giá 100.000đ

6

Thu cũ đổi mới: Giảm đến 2,000,000đ (Không kèm ưu đãi thanh toán qua cổng, mua kèm) Xem chi tiết";"Ưu đãi thanh toán Online (Click chọn để áp dụng)
Giảm 1.000.000đ
Áp dụng sản phẩm từ 10.000.000đ trở lên.
?
Giảm 250.000đ
Áp dụng sản phẩm từ 5.000.000đ trở lên.
?
Giảm 500.000đ
Áp dụng sản phẩm từ 5.000.000đ trở lên.
?";https://www.thegioididong.com/dtdd/iphone-16-plus;Skipped
iPhone 16 Pro Max 512GB;Titan tự nhiên;No;39990000;37990000;2026-01-10;"Khuyến mãi

Giá và khuyến mãi dự kiến áp dụng đến 23:59 | 11/01
1

Tặng phiếu mua hàng Apple Watch trị giá 1,000,000đ

2

Tặng phiếu mua hàng Macbook trị giá 700,000đ

3

Phiếu mua hàng Airpods trị giá 500.000đ

4

Tặng Phiếu mua hàng mua sạc dự phòng (trừ AVA+, Hydrus); đồng hồ thông minh (trừ Apple); Tai nghe bluetooth và Loa bluetooth các hãng JBL, Marshall,Harman Kardon; Ốp lưng (trừ Apple) trị giá 100.000đ

5

PMH Sim data 500GB 1 tháng trị giá 100.000đ

6

Thu cũ đổi mới: Giảm đến 2,000,000đ (Không kèm ưu đãi thanh toán qua cổng, mua kèm) Xem chi tiết";;https://www.thegioididong.com/dtdd/iphone-16-pro-max;DEBUG_OOS_iPhone 16 Pro Max 512GB_Titan tự nhiên_093058.png
iPhone 15 Plus 512GB;Vàng nhạt;Yes;30990000;27990000;2026-01-10;"Khuyến mãi

Giá và khuyến mãi dự kiến áp dụng đến 23:59 | 11/01
1

Tặng phiếu mua hàng Apple Watch trị giá 1,000,000đ

2

Tặng phiếu mua hàng Macbook trị giá 700,000đ

3

Phiếu mua hàng Airpods trị giá 500.000đ

4

Tặng Phiếu mua hàng mua sạc dự phòng (trừ AVA+, Hydrus); đồng hồ thông minh (trừ Apple); Tai nghe bluetooth và Loa bluetooth các hãng JBL, Marshall,Harman Kardon; Ốp lưng (trừ Apple) trị giá 100.000đ

5

PMH Sim data 500GB 1 tháng trị giá 100.000đ

6

Thu cũ đổi mới: Giảm đến 2,000,000đ (Không kèm ưu đãi thanh toán qua cổng, mua kèm) Xem chi tiết";"Ưu đãi thanh toán Online (Click chọn để áp dụng)
Giảm 1.000.000đ
Áp dụng sản phẩm từ 10.000.000đ trở lên.
?
Giảm 250.000đ
Áp dụng sản phẩm từ 5.000.000đ trở lên.
?
Giảm 500.000đ
Áp dụng sản phẩm từ 5.000.000đ trở lên.
?";https://www.thegioididong.com/dtdd/iphone-15-plus;Skipped
iPhone 16e 512GB;Trắng;Yes;26490000;23990000;2026-01-10;"Khuyến mãi

Giá và khuyến mãi dự kiến áp dụng đến 23:59 | 11/01
1

Tặng phiếu mua hàng Apple Watch trị giá 1,000,000đ

2

Tặng phiếu mua hàng Macbook trị giá 700,000đ

3

Phiếu mua hàng Airpods trị giá 500.000đ

4

Tặng Phiếu mua hàng mua sạc dự phòng (trừ AVA+, Hydrus); đồng hồ thông minh (trừ Apple); Tai nghe bluetooth và Loa bluetooth các hãng JBL, Marshall,Harman Kardon; Ốp lưng (trừ Apple) trị giá 100.000đ

5

PMH Sim data 500GB 1 tháng trị giá 100.000đ

6

Thu cũ đổi mới: Giảm đến 2,000,000đ (Không kèm ưu đãi thanh toán qua cổng, mua kèm) Xem chi tiết";"Ưu đãi thanh toán Online (Click chọn để áp dụng)
Giảm 1.000.000đ
Áp dụng sản phẩm từ 10.000.000đ trở lên.
?
Giảm 250.000đ
Áp dụng sản phẩm từ 5.000.000đ trở lên.
?
Giảm 500.000đ
Áp dụng sản phẩm từ 5.000.000đ trở lên.
?";https://www.thegioididong.com/dtdd/iphone-16e;Skipped
iPhone 16 128GB;Trắng;Yes;21990000;19990000;2026-01-10;"Khuyến mãi

Giá và khuyến mãi dự kiến áp dụng đến 23:59 | 11/01
1

Tặng phiếu mua hàng Apple Watch trị giá 1,000,000đ

2

Tặng phiếu mua hàng Macbook trị giá 700,000đ

3

Phiếu mua hàng Airpods trị giá 500.000đ

4

Tặng Phiếu mua hàng mua sạc dự phòng (trừ AVA+, Hydrus); đồng hồ thông minh (trừ Apple); Tai nghe bluetooth và Loa bluetooth các hãng JBL, Marshall,Harman Kardon; Ốp lưng (trừ Apple) trị giá 100.000đ

5

PMH Sim data 500GB 1 tháng trị giá 100.000đ

6

Thu cũ đổi mới: Giảm đến 2,000,000đ (Không kèm ưu đãi thanh toán qua cổng, mua kèm) Xem chi tiết";"Ưu đãi thanh toán Online (Click chọn để áp dụng)
Giảm 1.000.000đ
Áp dụng sản phẩm từ 10.000.000đ trở lên.
?
Giảm 250.000đ
Áp dụng sản phẩm từ 5.000.000đ trở lên.
?
Giảm 500.000đ
Áp dụng sản phẩm từ 5.000.000đ trở lên.
?";https://www.thegioididong.com/dtdd/iphone-16;Skipped
iPhone 15 256GB;Vàng nhạt;No;21990000;19990000;2026-01-10;"Khuyến mãi

Giá và khuyến mãi dự kiến áp dụng đến 23:59 | 11/01
1

Tặng phiếu mua hàng Apple Watch trị giá 1,000,000đ

2

Tặng phiếu mua hàng Macbook trị giá 700,000đ

3

Phiếu mua hàng Airpods trị giá 500.000đ

4

Tặng Phiếu mua hàng mua sạc dự phòng (trừ AVA+, Hydrus); đồng hồ thông minh (trừ Apple); Tai nghe bluetooth và Loa bluetooth các hãng JBL, Marshall,Harman Kardon; Ốp lưng (trừ Apple) trị giá 100.000đ

5

PMH Sim data 500GB 1 tháng trị giá 100.000đ

6

Thu cũ đổi mới: Giảm đến 2,000,000đ (Không kèm ưu đãi thanh toán qua cổng, mua kèm) Xem chi tiết";;https://www.thegioididong.com/dtdd/iphone-15;DEBUG_OOS_iPhone 15 256GB_Vàng nhạt_093102.png
iPhone 16 Pro Max 512GB;Titan trắng;No;39990000;37990000;2026-01-10;"Khuyến mãi

Giá và khuyến mãi dự kiến áp dụng đến 23:59 | 11/01
1

Tặng phiếu mua hàng Apple Watch trị giá 1,000,000đ

2

Tặng phiếu mua hàng Macbook trị giá 700,000đ

3

Phiếu mua hàng Airpods trị giá 500.000đ

4

Tặng Phiếu mua hàng mua sạc dự phòng (trừ AVA+, Hydrus); đồng hồ thông minh (trừ Apple); Tai nghe bluetooth và Loa bluetooth các hãng JBL, Marshall,Harman Kardon; Ốp lưng (trừ Apple) trị giá 100.000đ

5

PMH Sim data 500GB 1 tháng trị giá 100.000đ

6

Thu cũ đổi mới: Giảm đến 2,000,000đ (Không kèm ưu đãi thanh toán qua cổng, mua kèm) Xem chi tiết";;https://www.thegioididong.com/dtdd/iphone-16-pro-max;DEBUG_OOS_iPhone 16 Pro Max 512GB_Titan trắng_093104.png
iPhone 16 Plus 256GB;Đen;Yes;28990000;26990000;2026-01-10;"Khuyến mãi

Giá và khuyến mãi dự kiến áp dụng đến 23:59 | 11/01
1

Tặng phiếu mua hàng Apple Watch trị giá 1,000,000đ

2

Tặng phiếu mua hàng Macbook trị giá 700,000đ

3

Phiếu mua hàng Airpods trị giá 500.000đ

4

Tặng Phiếu mua hàng mua sạc dự phòng (trừ AVA+, Hydrus); đồng hồ thông minh (trừ Apple); Tai nghe bluetooth và Loa bluetooth các hãng JBL, Marshall,Harman Kardon; Ốp lưng (trừ Apple) trị giá 100.000đ

5

PMH Sim data 500GB 1 tháng trị giá 100.000đ

6

Thu cũ đổi mới: Giảm đến 2,000,000đ (Không kèm ưu đãi thanh toán qua cổng, mua kèm) Xem chi tiết";"Ưu đãi thanh toán Online (Click chọn để áp dụng)
Giảm 1.000.000đ
Áp dụng sản phẩm từ 10.000.000đ trở lên.
?
Giảm 250.000đ
Áp dụng sản phẩm từ 5.000.000đ trở lên.
?
Giảm 500.000đ
Áp dụng sản phẩm từ 5.000.000đ trở lên.
?";https://www.thegioididong.com/dtdd/iphone-16-plus;Skipped
iPhone 15 Plus 512GB;Hồng nhạt;No;30990000;27990000;2026-01-10;"Khuyến mãi

Giá và khuyến mãi dự kiến áp dụng đến 23:59 | 11/01
1

Tặng phiếu mua hàng Apple Watch trị giá 1,000,000đ

2

Tặng phiếu mua hàng Macbook trị giá 700,000đ

3

Phiếu mua hàng Airpods trị giá 500.000đ

4

Tặng Phiếu mua hàng mua sạc dự phòng (trừ AVA+, Hydrus); đồng hồ thông minh (trừ Apple); Tai nghe bluetooth và Loa bluetooth các hãng JBL, Marshall,Harman Kardon; Ốp lưng (trừ Apple) trị giá 100.000đ

5

PMH Sim data 500GB 1 tháng trị giá 100.000đ

6

Thu cũ đổi mới: Giảm đến 2,000,000đ (Không kèm ưu đãi thanh toán qua cổng, mua kèm) Xem chi tiết";;https://www.thegioididong.com/dtdd/iphone-15-plus;DEBUG_OOS_iPhone 15 Plus 512GB_Hồng nhạt_093110.png
iPhone 16e 512GB;Đen;No;26490000;23990000;2026-01-10;"Khuyến mãi

Giá và khuyến mãi dự kiến áp dụng đến 23:59 | 11/01
1

Tặng phiếu mua hàng Apple Watch trị giá 1,000,000đ

2

Tặng phiếu mua hàng Macbook trị giá 700,000đ

3

Phiếu mua hàng Airpods trị giá 500.000đ

4

Tặng Phiếu mua hàng mua sạc dự phòng (trừ AVA+, Hydrus); đồng hồ thông minh (trừ Apple); Tai nghe bluetooth và Loa bluetooth các hãng JBL, Marshall,Harman Kardon; Ốp lưng (trừ Apple) trị giá 100.000đ

5

PMH Sim data 500GB 1 tháng trị giá 100.000đ

6

Thu cũ đổi mới: Giảm đến 2,000,000đ (Không kèm ưu đãi thanh toán qua cổng, mua kèm) Xem chi tiết";;https://www.thegioididong.com/dtdd/iphone-16e;DEBUG_OOS_iPhone 16e 512GB_Đen_093110.png
iPhone 16 Pro Max 512GB;Titan đen;No;39990000;37990000;2026-01-10;"Khuyến mãi

Giá và khuyến mãi dự kiến áp dụng đến 23:59 | 11/01
1

Tặng phiếu mua hàng Apple Watch trị giá 1,000,000đ

2

Tặng phiếu mua hàng Macbook trị giá 700,000đ

3

Phiếu mua hàng Airpods trị giá 500.000đ

4

Tặng Phiếu mua hàng mua sạc dự phòng (trừ AVA+, Hydrus); đồng hồ thông minh (trừ Apple); Tai nghe bluetooth và Loa bluetooth các hãng JBL, Marshall,Harman Kardon; Ốp lưng (trừ Apple) trị giá 100.000đ

5

PMH Sim data 500GB 1 tháng trị giá 100.000đ

6

Thu cũ đổi mới: Giảm đến 2,000,000đ (Không kèm ưu đãi thanh toán qua cổng, mua kèm) Xem chi tiết";;https://www.thegioididong.com/dtdd/iphone-16-pro-max;DEBUG_OOS_iPhone 16 Pro Max 512GB_Titan đen_093115.png
iPhone 15 Plus 512GB;Xanh dương nhạt;No;30990000;27990000;2026-01-10;"Khuyến mãi

Giá và khuyến mãi dự kiến áp dụng đến 23:59 | 11/01
1

Tặng phiếu mua hàng Apple Watch trị giá 1,000,000đ

2

Tặng phiếu mua hàng Macbook trị giá 700,000đ

3

Phiếu mua hàng Airpods trị giá 500.000đ

4

Tặng Phiếu mua hàng mua sạc dự phòng (trừ AVA+, Hydrus); đồng hồ thông minh (trừ Apple); Tai nghe bluetooth và Loa bluetooth các hãng JBL, Marshall,Harman Kardon; Ốp lưng (trừ Apple) trị giá 100.000đ

5

PMH Sim data 500GB 1 tháng trị giá 100.000đ

6

Thu cũ đổi mới: Giảm đến 2,000,000đ (Không kèm ưu đãi thanh toán qua cổng, mua kèm) Xem chi tiết";;https://www.thegioididong.com/dtdd/iphone-15-plus;DEBUG_OOS_iPhone 15 Plus 512GB_Xanh dương nhạt_093119.png
iPhone 15 256GB;Hồng nhạt;Yes;21990000;19990000;2026-01-10;"Khuyến mãi

Giá và khuyến mãi dự kiến áp dụng đến 23:59 | 11/01
1

Tặng phiếu mua hàng Apple Watch trị giá 1,000,000đ

2

Tặng phiếu mua hàng Macbook trị giá 700,000đ

3

Phiếu mua hàng Airpods trị giá 500.000đ

4

Tặng Phiếu mua hàng mua sạc dự phòng (trừ AVA+, Hydrus); đồng hồ thông minh (trừ Apple); Tai nghe bluetooth và Loa bluetooth các hãng JBL, Marshall,Harman Kardon; Ốp lưng (trừ Apple) trị giá 100.000đ

5

PMH Sim data 500GB 1 tháng trị giá 100.000đ

6

Thu cũ đổi mới: Giảm đến 2,000,000đ (Không kèm ưu đãi thanh toán qua cổng, mua kèm) Xem chi tiết";"Ưu đãi thanh toán Online (Click chọn để áp dụng)
Giảm 1.000.000đ
Áp dụng sản phẩm từ 10.000.000đ trở lên.
?
Giảm 250.000đ
Áp dụng sản phẩm từ 5.000.000đ trở lên.
?
Giảm 500.000đ
Áp dụng sản phẩm từ 5.000.000đ trở lên.
?";https://www.thegioididong.com/dtdd/iphone-15;Skipped
iPhone 16 Plus 256GB;Xanh Lưu Ly;Yes;28990000;26990000;2026-01-10;"Khuyến mãi

Giá và khuyến mãi dự kiến áp dụng đến 23:59 | 11/01
1

Tặng phiếu mua hàng Apple Watch trị giá 1,000,000đ

2

Tặng phiếu mua hàng Macbook trị giá 700,000đ

3

Phiếu mua hàng Airpods trị giá 500.000đ

4

Tặng Phiếu mua hàng mua sạc dự phòng (trừ AVA+, Hydrus); đồng hồ thông minh (trừ Apple); Tai nghe bluetooth và Loa bluetooth các hãng JBL, Marshall,Harman Kardon; Ốp lưng (trừ Apple) trị giá 100.000đ

5

PMH Sim data 500GB 1 tháng trị giá 100.000đ

6

Thu cũ đổi mới: Giảm đến 2,000,000đ (Không kèm ưu đãi thanh toán qua cổng, mua kèm) Xem chi tiết";"Ưu đãi thanh toán Online (Click chọn để áp dụng)
Giảm 1.000.000đ
Áp dụng sản phẩm từ 10.000.000đ trở lên.
?
Giảm 250.000đ
Áp dụng sản phẩm từ 5.000.000đ trở lên.
?
Giảm 500.000đ
Áp dụng sản phẩm từ 5.000.000đ trở lên.
?";https://www.thegioididong.com/dtdd/iphone-16-plus;Skipped
iPhone 17 256GB;Tím Oải Hương;Yes;100000;24990000;2026-01-10;"Khuyến mãi

Giá và khuyến mãi dự kiến áp dụng đến 23:59 | 31/01
1

Tặng phiếu mua hàng Apple Watch trị giá 1,000,000đ

2

Tặng phiếu mua hàng Macbook trị giá 700,000đ

3

Phiếu mua hàng Airpods trị giá 500.000đ

4

Tặng PMH Phụ kiện bảo vệ iPhone 17 (đơn trên 500.000đ, trừ hãng Apple/ Beats) trị giá 100.000đ

5

Thu cũ đổi mới: Giảm đến 2,000,000đ (Không kèm ưu đãi thanh toán qua cổng, mua kèm) Xem chi tiết";"Ưu đãi thanh toán Online (Click chọn để áp dụng)
Giảm 1.000.000đ
Áp dụng sản phẩm từ 10.000.000đ trở lên.
?
Giảm 250.000đ
Áp dụng sản phẩm từ 5.000.000đ trở lên.
?
Giảm 500.000đ
Áp dụng sản phẩm từ 5.000.000đ trở lên.
?";https://www.thegioididong.com/dtdd/iphone-17;Skipped
iPhone 15 Plus 512GB;Xanh lá nhạt;No;30990000;27990000;2026-01-10;"Khuyến mãi

Giá và khuyến mãi dự kiến áp dụng đến 23:59 | 11/01
1

Tặng phiếu mua hàng Apple Watch trị giá 1,000,000đ

2

Tặng phiếu mua hàng Macbook trị giá 700,000đ

3

Phiếu mua hàng Airpods trị giá 500.000đ

4

Tặng Phiếu mua hàng mua sạc dự phòng (trừ AVA+, Hydrus); đồng hồ thông minh (trừ Apple); Tai nghe bluetooth và Loa bluetooth các hãng JBL, Marshall,Harman Kardon; Ốp lưng (trừ Apple) trị giá 100.000đ

5

PMH Sim data 500GB 1 tháng trị giá 100.000đ

6

Thu cũ đổi mới: Giảm đến 2,000,000đ (Không kèm ưu đãi thanh toán qua cổng, mua kèm) Xem chi tiết";;https://www.thegioididong.com/dtdd/iphone-15-plus;DEBUG_OOS_iPhone 15 Plus 512GB_Xanh lá nhạt_093123.png
iPhone 16e 512GB;Trắng;Yes;26490000;23990000;2026-01-10;"Khuyến mãi

Giá và khuyến mãi dự kiến áp dụng đến 23:59 | 11/01
1

Tặng phiếu mua hàng Apple Watch trị giá 1,000,000đ

2

Tặng phiếu mua hàng Macbook trị giá 700,000đ

3

Phiếu mua hàng Airpods trị giá 500.000đ

4

Tặng Phiếu mua hàng mua sạc dự phòng (trừ AVA+, Hydrus); đồng hồ thông minh (trừ Apple); Tai nghe bluetooth và Loa bluetooth các hãng JBL, Marshall,Harman Kardon; Ốp lưng (trừ Apple) trị giá 100.000đ

5

PMH Sim data 500GB 1 tháng trị giá 100.000đ

6

Thu cũ đổi mới: Giảm đến 2,000,000đ (Không kèm ưu đãi thanh toán qua cổng, mua kèm) Xem chi tiết";"Ưu đãi thanh toán Online (Click chọn để áp dụng)
Giảm 1.000.000đ
Áp dụng sản phẩm từ 10.000.000đ trở lên.
?
Giảm 250.000đ
Áp dụng sản phẩm từ 5.000.000đ trở lên.
?
Giảm 500.000đ
Áp dụng sản phẩm từ 5.000.000đ trở lên.
?";https://www.thegioididong.com/dtdd/iphone-16e;Skipped
iPhone 17 Pro 256GB;Cam Vũ Trụ;Yes;34990000;34690000;2026-01-10;"Khuyến mãi

Giá và khuyến mãi có thể kết thúc sớm hơn dự kiến
1

Tặng phiếu mua hàng Apple Watch trị giá 1,000,000đ

2

Tặng phiếu mua hàng Macbook trị giá 700,000đ

3

Phiếu mua hàng Airpods trị giá 500.000đ

4

Tặng PMH Phụ kiện bảo vệ iPhone 17 (đơn trên 500.000đ, trừ hãng Apple/ Beats) trị giá 100.000đ";"Ưu đãi thanh toán Online (Click chọn để áp dụng)
Giảm 1.000.000đ
Áp dụng sản phẩm từ 10.000.000đ trở lên.
?
Giảm 250.000đ
Áp dụng sản phẩm từ 5.000.000đ trở lên.
?
Giảm 500.000đ
Áp dụng sản phẩm từ 5.000.000đ trở lên.
?";https://www.thegioididong.com/dtdd/iphone-17-pro;Skipped
iPhone 16e 512GB;Đen;No;26490000;23990000;2026-01-10;"Khuyến mãi

Giá và khuyến mãi dự kiến áp dụng đến 23:59 | 11/01
1

Tặng phiếu mua hàng Apple Watch trị giá 1,000,000đ

2

Tặng phiếu mua hàng Macbook trị giá 700,000đ

3

Phiếu mua hàng Airpods trị giá 500.000đ

4

Tặng Phiếu mua hàng mua sạc dự phòng (trừ AVA+, Hydrus); đồng hồ thông minh (trừ Apple); Tai nghe bluetooth và Loa bluetooth các hãng JBL, Marshall,Harman Kardon; Ốp lưng (trừ Apple) trị giá 100.000đ

5

PMH Sim data 500GB 1 tháng trị giá 100.000đ

6

Thu cũ đổi mới: Giảm đến 2,000,000đ (Không kèm ưu đãi thanh toán qua cổng, mua kèm) Xem chi tiết";;https://www.thegioididong.com/dtdd/iphone-16e;DEBUG_OOS_iPhone 16e 512GB_Đen_093131.png
iPhone 16 Plus 256GB;Trắng;Yes;28990000;26990000;2026-01-10;"Khuyến mãi

Giá và khuyến mãi dự kiến áp dụng đến 23:59 | 11/01
1

Tặng phiếu mua hàng Apple Watch trị giá 1,000,000đ

2

Tặng phiếu mua hàng Macbook trị giá 700,000đ

3

Phiếu mua hàng Airpods trị giá 500.000đ

4

Tặng Phiếu mua hàng mua sạc dự phòng (trừ AVA+, Hydrus); đồng hồ thông minh (trừ Apple); Tai nghe bluetooth và Loa bluetooth các hãng JBL, Marshall,Harman Kardon; Ốp lưng (trừ Apple) trị giá 100.000đ

5

PMH Sim data 500GB 1 tháng trị giá 100.000đ

6

Thu cũ đổi mới: Giảm đến 2,000,000đ (Không kèm ưu đãi thanh toán qua cổng, mua kèm) Xem chi tiết";"Ưu đãi thanh toán Online (Click chọn để áp dụng)
Giảm 1.000.000đ
Áp dụng sản phẩm từ 10.000.000đ trở lên.
?
Giảm 250.000đ
Áp dụng sản phẩm từ 5.000.000đ trở lên.
?
Giảm 500.000đ
Áp dụng sản phẩm từ 5.000.000đ trở lên.
?";https://www.thegioididong.com/dtdd/iphone-16-plus;Skipped
iPhone 15 256GB;Xanh dương nhạt;Yes;21990000;19990000;2026-01-10;"Khuyến mãi

Giá và khuyến mãi dự kiến áp dụng đến 23:59 | 11/01
1

Tặng phiếu mua hàng Apple Watch trị giá 1,000,000đ

2

Tặng phiếu mua hàng Macbook trị giá 700,000đ

3

Phiếu mua hàng Airpods trị giá 500.000đ

4

Tặng Phiếu mua hàng mua sạc dự phòng (trừ AVA+, Hydrus); đồng hồ thông minh (trừ Apple); Tai nghe bluetooth và Loa bluetooth các hãng JBL, Marshall,Harman Kardon; Ốp lưng (trừ Apple) trị giá 100.000đ

5

PMH Sim data 500GB 1 tháng trị giá 100.000đ

6

Thu cũ đổi mới: Giảm đến 2,000,000đ (Không kèm ưu đãi thanh toán qua cổng, mua kèm) Xem chi tiết";"Ưu đãi thanh toán Online (Click chọn để áp dụng)
Giảm 1.000.000đ
Áp dụng sản phẩm từ 10.000.000đ trở lên.
?
Giảm 250.000đ
Áp dụng sản phẩm từ 5.000.000đ trở lên.
?
Giảm 500.000đ
Áp dụng sản phẩm từ 5.000.000đ trở lên.
?";https://www.thegioididong.com/dtdd/iphone-15;Skipped
iPhone 17 256GB;Xanh Lá Xô Thơm;Yes;380000;24990000;2026-01-10;"Khuyến mãi

Giá và khuyến mãi dự kiến áp dụng đến 23:59 | 31/01
1

Tặng phiếu mua hàng Apple Watch trị giá 1,000,000đ

2

Tặng phiếu mua hàng Macbook trị giá 700,000đ

3

Phiếu mua hàng Airpods trị giá 500.000đ

4

Tặng PMH Phụ kiện bảo vệ iPhone 17 (đơn trên 500.000đ, trừ hãng Apple/ Beats) trị giá 100.000đ

5

Thu cũ đổi mới: Giảm đến 2,000,000đ (Không kèm ưu đãi thanh toán qua cổng, mua kèm) Xem chi tiết";"Ưu đãi thanh toán Online (Click chọn để áp dụng)
Giảm 1.000.000đ
Áp dụng sản phẩm từ 10.000.000đ trở lên.
?
Giảm 250.000đ
Áp dụng sản phẩm từ 5.000.000đ trở lên.
?
Giảm 500.000đ
Áp dụng sản phẩm từ 5.000.000đ trở lên.
?";https://www.thegioididong.com/dtdd/iphone-17;Skipped
iPhone 15 Plus 512GB;Đen;Yes;30990000;27990000;2026-01-10;"Khuyến mãi

Giá và khuyến mãi dự kiến áp dụng đến 23:59 | 11/01
1

Tặng phiếu mua hàng Apple Watch trị giá 1,000,000đ

2

Tặng phiếu mua hàng Macbook trị giá 700,000đ

3

Phiếu mua hàng Airpods trị giá 500.000đ

4

Tặng Phiếu mua hàng mua sạc dự phòng (trừ AVA+, Hydrus); đồng hồ thông minh (trừ Apple); Tai nghe bluetooth và Loa bluetooth các hãng JBL, Marshall,Harman Kardon; Ốp lưng (trừ Apple) trị giá 100.000đ

5

PMH Sim data 500GB 1 tháng trị giá 100.000đ

6

Thu cũ đổi mới: Giảm đến 2,000,000đ (Không kèm ưu đãi thanh toán qua cổng, mua kèm) Xem chi tiết";"Ưu đãi thanh toán Online (Click chọn để áp dụng)
Giảm 1.000.000đ
Áp dụng sản phẩm từ 10.000.000đ trở lên.
?
Giảm 250.000đ
Áp dụng sản phẩm từ 5.000.000đ trở lên.
?
Giảm 500.000đ
Áp dụng sản phẩm từ 5.000.000đ trở lên.
?";https://www.thegioididong.com/dtdd/iphone-15-plus;Skipped
iPhone 17 Pro 256GB;Bạc;Yes;100000;34990000;2026-01-10;"Khuyến mãi

Giá và khuyến mãi dự kiến áp dụng đến 23:59 | 31/01
1

Tặng phiếu mua hàng Apple Watch trị giá 1,000,000đ

2

Tặng phiếu mua hàng Macbook trị giá 700,000đ

3

Phiếu mua hàng Airpods trị giá 500.000đ

4

Tặng PMH Phụ kiện bảo vệ iPhone 17 (đơn trên 500.000đ, trừ hãng Apple/ Beats) trị giá 100.000đ

5

Thu cũ đổi mới: Giảm đến 2,000,000đ (Không kèm ưu đãi thanh toán qua cổng, mua kèm) Xem chi tiết";"Ưu đãi thanh toán Online (Click chọn để áp dụng)
Giảm 1.000.000đ
Áp dụng sản phẩm từ 10.000.000đ trở lên.
?
Giảm 250.000đ
Áp dụng sản phẩm từ 5.000.000đ trở lên.
?
Giảm 500.000đ
Áp dụng sản phẩm từ 5.000.000đ trở lên.
?";https://www.thegioididong.com/dtdd/iphone-17-pro;Skipped
iPhone 16 Plus 256GB;Hồng;Yes;28990000;26990000;2026-01-10;"Khuyến mãi

Giá và khuyến mãi dự kiến áp dụng đến 23:59 | 11/01
1

Tặng phiếu mua hàng Apple Watch trị giá 1,000,000đ

2

Tặng phiếu mua hàng Macbook trị giá 700,000đ

3

Phiếu mua hàng Airpods trị giá 500.000đ

4

Tặng Phiếu mua hàng mua sạc dự phòng (trừ AVA+, Hydrus); đồng hồ thông minh (trừ Apple); Tai nghe bluetooth và Loa bluetooth các hãng JBL, Marshall,Harman Kardon; Ốp lưng (trừ Apple) trị giá 100.000đ

5

PMH Sim data 500GB 1 tháng trị giá 100.000đ

6

Thu cũ đổi mới: Giảm đến 2,000,000đ (Không kèm ưu đãi thanh toán qua cổng, mua kèm) Xem chi tiết";"Ưu đãi thanh toán Online (Click chọn để áp dụng)
Giảm 1.000.000đ
Áp dụng sản phẩm từ 10.000.000đ trở lên.
?
Giảm 250.000đ
Áp dụng sản phẩm từ 5.000.000đ trở lên.
?
Giảm 500.000đ
Áp dụng sản phẩm từ 5.000.000đ trở lên.
?";https://www.thegioididong.com/dtdd/iphone-16-plus;Skipped
iPhone 15 256GB;Đen;Yes;21990000;19990000;2026-01-10;"Khuyến mãi

Giá và khuyến mãi dự kiến áp dụng đến 23:59 | 11/01
1

Tặng phiếu mua hàng Apple Watch trị giá 1,000,000đ

2

Tặng phiếu mua hàng Macbook trị giá 700,000đ

3

Phiếu mua hàng Airpods trị giá 500.000đ

4

Tặng Phiếu mua hàng mua sạc dự phòng (trừ AVA+, Hydrus); đồng hồ thông minh (trừ Apple); Tai nghe bluetooth và Loa bluetooth các hãng JBL, Marshall,Harman Kardon; Ốp lưng (trừ Apple) trị giá 100.000đ

5

PMH Sim data 500GB 1 tháng trị giá 100.000đ

6

Thu cũ đổi mới: Giảm đến 2,000,000đ (Không kèm ưu đãi thanh toán qua cổng, mua kèm) Xem chi tiết";"Ưu đãi thanh toán Online (Click chọn để áp dụng)
Giảm 1.000.000đ
Áp dụng sản phẩm từ 10.000.000đ trở lên.
?
Giảm 250.000đ
Áp dụng sản phẩm từ 5.000.000đ trở lên.
?
Giảm 500.000đ
Áp dụng sản phẩm từ 5.000.000đ trở lên.
?";https://www.thegioididong.com/dtdd/iphone-15;Skipped
iPhone 17 256GB;Xanh Lam Khói;Yes;380000;24990000;2026-01-10;"Khuyến mãi

Giá và khuyến mãi dự kiến áp dụng đến 23:59 | 31/01
1

Tặng phiếu mua hàng Apple Watch trị giá 1,000,000đ

2

Tặng phiếu mua hàng Macbook trị giá 700,000đ

3

Phiếu mua hàng Airpods trị giá 500.000đ

4

Tặng PMH Phụ kiện bảo vệ iPhone 17 (đơn trên 500.000đ, trừ hãng Apple/ Beats) trị giá 100.000đ

5

Thu cũ đổi mới: Giảm đến 2,000,000đ (Không kèm ưu đãi thanh toán qua cổng, mua kèm) Xem chi tiết";"Ưu đãi thanh toán Online (Click chọn để áp dụng)
Giảm 1.000.000đ
Áp dụng sản phẩm từ 10.000.000đ trở lên.
?
Giảm 250.000đ
Áp dụng sản phẩm từ 5.000.000đ trở lên.
?
Giảm 500.000đ
Áp dụng sản phẩm từ 5.000.000đ trở lên.
?";https://www.thegioididong.com/dtdd/iphone-17;Skipped
iPhone 16e 512GB;Trắng;Yes;26490000;23990000;2026-01-10;"Khuyến mãi

Giá và khuyến mãi dự kiến áp dụng đến 23:59 | 11/01
1

Tặng phiếu mua hàng Apple Watch trị giá 1,000,000đ

2

Tặng phiếu mua hàng Macbook trị giá 700,000đ

3

Phiếu mua hàng Airpods trị giá 500.000đ

4

Tặng Phiếu mua hàng mua sạc dự phòng (trừ AVA+, Hydrus); đồng hồ thông minh (trừ Apple); Tai nghe bluetooth và Loa bluetooth các hãng JBL, Marshall,Harman Kardon; Ốp lưng (trừ Apple) trị giá 100.000đ

5

PMH Sim data 500GB 1 tháng trị giá 100.000đ

6

Thu cũ đổi mới: Giảm đến 2,000,000đ (Không kèm ưu đãi thanh toán qua cổng, mua kèm) Xem chi tiết";"Ưu đãi thanh toán Online (Click chọn để áp dụng)
Giảm 1.000.000đ
Áp dụng sản phẩm từ 10.000.000đ trở lên.
?
Giảm 250.000đ
Áp dụng sản phẩm từ 5.000.000đ trở lên.
?
Giảm 500.000đ
Áp dụng sản phẩm từ 5.000.000đ trở lên.
?";https://www.thegioididong.com/dtdd/iphone-16e;Skipped
iPhone 15 Plus 512GB;Vàng nhạt;Yes;30990000;27990000;2026-01-10;"Khuyến mãi

Giá và khuyến mãi dự kiến áp dụng đến 23:59 | 11/01
1

Tặng phiếu mua hàng Apple Watch trị giá 1,000,000đ

2

Tặng phiếu mua hàng Macbook trị giá 700,000đ

3

Phiếu mua hàng Airpods trị giá 500.000đ

4

Tặng Phiếu mua hàng mua sạc dự phòng (trừ AVA+, Hydrus); đồng hồ thông minh (trừ Apple); Tai nghe bluetooth và Loa bluetooth các hãng JBL, Marshall,Harman Kardon; Ốp lưng (trừ Apple) trị giá 100.000đ

5

PMH Sim data 500GB 1 tháng trị giá 100.000đ

6

Thu cũ đổi mới: Giảm đến 2,000,000đ (Không kèm ưu đãi thanh toán qua cổng, mua kèm) Xem chi tiết";"Ưu đãi thanh toán Online (Click chọn để áp dụng)
Giảm 1.000.000đ
Áp dụng sản phẩm từ 10.000.000đ trở lên.
?
Giảm 250.000đ
Áp dụng sản phẩm từ 5.000.000đ trở lên.
?
Giảm 500.000đ
Áp dụng sản phẩm từ 5.000.000đ trở lên.
?";https://www.thegioididong.com/dtdd/iphone-15-plus;Skipped
iPhone 17 Pro 256GB;Xanh đậm;Yes;100000;34990000;2026-01-10;"Khuyến mãi

Giá và khuyến mãi dự kiến áp dụng đến 23:59 | 31/01
1

Tặng phiếu mua hàng Apple Watch trị giá 1,000,000đ

2

Tặng phiếu mua hàng Macbook trị giá 700,000đ

3

Phiếu mua hàng Airpods trị giá 500.000đ

4

Tặng PMH Phụ kiện bảo vệ iPhone 17 (đơn trên 500.000đ, trừ hãng Apple/ Beats) trị giá 100.000đ

5

Thu cũ đổi mới: Giảm đến 2,000,000đ (Không kèm ưu đãi thanh toán qua cổng, mua kèm) Xem chi tiết";"Ưu đãi thanh toán Online (Click chọn để áp dụng)
Giảm 1.000.000đ
Áp dụng sản phẩm từ 10.000.000đ trở lên.
?
Giảm 250.000đ
Áp dụng sản phẩm từ 5.000.000đ trở lên.
?
Giảm 500.000đ
Áp dụng sản phẩm từ 5.000.000đ trở lên.
?";https://www.thegioididong.com/dtdd/iphone-17-pro;Skipped
iPhone 16 Plus 256GB;Xanh Mòng Két;Yes;28990000;26990000;2026-01-10;"Khuyến mãi

Giá và khuyến mãi dự kiến áp dụng đến 23:59 | 11/01
1

Tặng phiếu mua hàng Apple Watch trị giá 1,000,000đ

2

Tặng phiếu mua hàng Macbook trị giá 700,000đ

3

Phiếu mua hàng Airpods trị giá 500.000đ

4

Tặng Phiếu mua hàng mua sạc dự phòng (trừ AVA+, Hydrus); đồng hồ thông minh (trừ Apple); Tai nghe bluetooth và Loa bluetooth các hãng JBL, Marshall,Harman Kardon; Ốp lưng (trừ Apple) trị giá 100.000đ

5

PMH Sim data 500GB 1 tháng trị giá 100.000đ

6

Thu cũ đổi mới: Giảm đến 2,000,000đ (Không kèm ưu đãi thanh toán qua cổng, mua kèm) Xem chi tiết";"Ưu đãi thanh toán Online (Click chọn để áp dụng)
Giảm 1.000.000đ
Áp dụng sản phẩm từ 10.000.000đ trở lên.
?
Giảm 250.000đ
Áp dụng sản phẩm từ 5.000.000đ trở lên.
?
Giảm 500.000đ
Áp dụng sản phẩm từ 5.000.000đ trở lên.
?";https://www.thegioididong.com/dtdd/iphone-16-plus;Skipped
iPhone 15 256GB;Xanh lá nhạt;Yes;21990000;19990000;2026-01-10;"Khuyến mãi

Giá và khuyến mãi dự kiến áp dụng đến 23:59 | 11/01
1

Tặng phiếu mua hàng Apple Watch trị giá 1,000,000đ

2

Tặng phiếu mua hàng Macbook trị giá 700,000đ

3

Phiếu mua hàng Airpods trị giá 500.000đ

4

Tặng Phiếu mua hàng mua sạc dự phòng (trừ AVA+, Hydrus); đồng hồ thông minh (trừ Apple); Tai nghe bluetooth và Loa bluetooth các hãng JBL, Marshall,Harman Kardon; Ốp lưng (trừ Apple) trị giá 100.000đ

5

PMH Sim data 500GB 1 tháng trị giá 100.000đ

6

Thu cũ đổi mới: Giảm đến 2,000,000đ (Không kèm ưu đãi thanh toán qua cổng, mua kèm) Xem chi tiết";"Ưu đãi thanh toán Online (Click chọn để áp dụng)
Giảm 1.000.000đ
Áp dụng sản phẩm từ 10.000.000đ trở lên.
?
Giảm 250.000đ
Áp dụng sản phẩm từ 5.000.000đ trở lên.
?
Giảm 500.000đ
Áp dụng sản phẩm từ 5.000.000đ trở lên.
?";https://www.thegioididong.com/dtdd/iphone-15;Skipped
iPhone 17 256GB;Đen;Yes;100000;24990000;2026-01-10;"Khuyến mãi

Giá và khuyến mãi dự kiến áp dụng đến 23:59 | 31/01
1

Tặng phiếu mua hàng Apple Watch trị giá 1,000,000đ

2

Tặng phiếu mua hàng Macbook trị giá 700,000đ

3

Phiếu mua hàng Airpods trị giá 500.000đ

4

Tặng PMH Phụ kiện bảo vệ iPhone 17 (đơn trên 500.000đ, trừ hãng Apple/ Beats) trị giá 100.000đ

5

Thu cũ đổi mới: Giảm đến 2,000,000đ (Không kèm ưu đãi thanh toán qua cổng, mua kèm) Xem chi tiết";"Ưu đãi thanh toán Online (Click chọn để áp dụng)
Giảm 1.000.000đ
Áp dụng sản phẩm từ 10.000.000đ trở lên.
?
Giảm 250.000đ
Áp dụng sản phẩm từ 5.000.000đ trở lên.
?
Giảm 500.000đ
Áp dụng sản phẩm từ 5.000.000đ trở lên.
?";https://www.thegioididong.com/dtdd/iphone-17;Skipped
iPhone 16e 512GB;Đen;No;26490000;23990000;2026-01-10;"Khuyến mãi

Giá và khuyến mãi dự kiến áp dụng đến 23:59 | 11/01
1

Tặng phiếu mua hàng Apple Watch trị giá 1,000,000đ

2

Tặng phiếu mua hàng Macbook trị giá 700,000đ

3

Phiếu mua hàng Airpods trị giá 500.000đ

4

Tặng Phiếu mua hàng mua sạc dự phòng (trừ AVA+, Hydrus); đồng hồ thông minh (trừ Apple); Tai nghe bluetooth và Loa bluetooth các hãng JBL, Marshall,Harman Kardon; Ốp lưng (trừ Apple) trị giá 100.000đ

5

PMH Sim data 500GB 1 tháng trị giá 100.000đ

6

Thu cũ đổi mới: Giảm đến 2,000,000đ (Không kèm ưu đãi thanh toán qua cổng, mua kèm) Xem chi tiết";;https://www.thegioididong.com/dtdd/iphone-16e;DEBUG_OOS_iPhone 16e 512GB_Đen_093148.png
iPhone 15 Plus 512GB;Hồng nhạt;No;30990000;27990000;2026-01-10;"Khuyến mãi

Giá và khuyến mãi dự kiến áp dụng đến 23:59 | 11/01
1

Tặng phiếu mua hàng Apple Watch trị giá 1,000,000đ

2

Tặng phiếu mua hàng Macbook trị giá 700,000đ

3

Phiếu mua hàng Airpods trị giá 500.000đ

4

Tặng Phiếu mua hàng mua sạc dự phòng (trừ AVA+, Hydrus); đồng hồ thông minh (trừ Apple); Tai nghe bluetooth và Loa bluetooth các hãng JBL, Marshall,Harman Kardon; Ốp lưng (trừ Apple) trị giá 100.000đ

5

PMH Sim data 500GB 1 tháng trị giá 100.000đ

6

Thu cũ đổi mới: Giảm đến 2,000,000đ (Không kèm ưu đãi thanh toán qua cổng, mua kèm) Xem chi tiết";;https://www.thegioididong.com/dtdd/iphone-15-plus;DEBUG_OOS_iPhone 15 Plus 512GB_Hồng nhạt_093148.png
iPhone 15 256GB;Vàng nhạt;No;21990000;19990000;2026-01-10;"Khuyến mãi

Giá và khuyến mãi dự kiến áp dụng đến 23:59 | 11/01
1

Tặng phiếu mua hàng Apple Watch trị giá 1,000,000đ

2

Tặng phiếu mua hàng Macbook trị giá 700,000đ

3

Phiếu mua hàng Airpods trị giá 500.000đ

4

Tặng Phiếu mua hàng mua sạc dự phòng (trừ AVA+, Hydrus); đồng hồ thông minh (trừ Apple); Tai nghe bluetooth và Loa bluetooth các hãng JBL, Marshall,Harman Kardon; Ốp lưng (trừ Apple) trị giá 100.000đ

5

PMH Sim data 500GB 1 tháng trị giá 100.000đ

6

Thu cũ đổi mới: Giảm đến 2,000,000đ (Không kèm ưu đãi thanh toán qua cổng, mua kèm) Xem chi tiết";;https://www.thegioididong.com/dtdd/iphone-15;DEBUG_OOS_iPhone 15 256GB_Vàng nhạt_093156.png
iPhone 15 Plus 512GB;Xanh dương nhạt;No;30990000;27990000;2026-01-10;"Khuyến mãi

Giá và khuyến mãi dự kiến áp dụng đến 23:59 | 11/01
1

Tặng phiếu mua hàng Apple Watch trị giá 1,000,000đ

2

Tặng phiếu mua hàng Macbook trị giá 700,000đ

3

Phiếu mua hàng Airpods trị giá 500.000đ

4

Tặng Phiếu mua hàng mua sạc dự phòng (trừ AVA+, Hydrus); đồng hồ thông minh (trừ Apple); Tai nghe bluetooth và Loa bluetooth các hãng JBL, Marshall,Harman Kardon; Ốp lưng (trừ Apple) trị giá 100.000đ

5

PMH Sim data 500GB 1 tháng trị giá 100.000đ

6

Thu cũ đổi mới: Giảm đến 2,000,000đ (Không kèm ưu đãi thanh toán qua cổng, mua kèm) Xem chi tiết";;https://www.thegioididong.com/dtdd/iphone-15-plus;DEBUG_OOS_iPhone 15 Plus 512GB_Xanh dương nhạt_093156.png
iPhone 17 Pro 512GB;Xanh đậm;Yes;100000;41490000;2026-01-10;"Khuyến mãi

Giá và khuyến mãi dự kiến áp dụng đến 23:59 | 31/01
1

Tặng phiếu mua hàng Apple Watch trị giá 1,000,000đ

2

Tặng phiếu mua hàng Macbook trị giá 700,000đ

3

Phiếu mua hàng Airpods trị giá 500.000đ

4

Tặng PMH Phụ kiện bảo vệ iPhone 17 (đơn trên 500.000đ, trừ hãng Apple/ Beats) trị giá 100.000đ

5

Thu cũ đổi mới: Giảm đến 2,000,000đ (Không kèm ưu đãi thanh toán qua cổng, mua kèm) Xem chi tiết";"Ưu đãi thanh toán Online (Click chọn để áp dụng)
Giảm 1.000.000đ
Áp dụng sản phẩm từ 10.000.000đ trở lên.
?
Giảm 250.000đ
Áp dụng sản phẩm từ 5.000.000đ trở lên.
?
Giảm 500.000đ
Áp dụng sản phẩm từ 5.000.000đ trở lên.
?";https://www.thegioididong.com/dtdd/iphone-17-pro;Skipped
iPhone 16 Plus 256GB;Đen;Yes;28990000;26990000;2026-01-10;"Khuyến mãi

Giá và khuyến mãi dự kiến áp dụng đến 23:59 | 11/01
1

Tặng phiếu mua hàng Apple Watch trị giá 1,000,000đ

2

Tặng phiếu mua hàng Macbook trị giá 700,000đ

3

Phiếu mua hàng Airpods trị giá 500.000đ

4

Tặng Phiếu mua hàng mua sạc dự phòng (trừ AVA+, Hydrus); đồng hồ thông minh (trừ Apple); Tai nghe bluetooth và Loa bluetooth các hãng JBL, Marshall,Harman Kardon; Ốp lưng (trừ Apple) trị giá 100.000đ

5

PMH Sim data 500GB 1 tháng trị giá 100.000đ

6

Thu cũ đổi mới: Giảm đến 2,000,000đ (Không kèm ưu đãi thanh toán qua cổng, mua kèm) Xem chi tiết";"Ưu đãi thanh toán Online (Click chọn để áp dụng)
Giảm 1.000.000đ
Áp dụng sản phẩm từ 10.000.000đ trở lên.
?
Giảm 250.000đ
Áp dụng sản phẩm từ 5.000.000đ trở lên.
?
Giảm 500.000đ
Áp dụng sản phẩm từ 5.000.000đ trở lên.
?";https://www.thegioididong.com/dtdd/iphone-16-plus;Skipped
iPhone 17 256GB;Trắng;Yes;380000;24990000;2026-01-10;"Khuyến mãi

Giá và khuyến mãi dự kiến áp dụng đến 23:59 | 31/01
1

Tặng phiếu mua hàng Apple Watch trị giá 1,000,000đ

2

Tặng phiếu mua hàng Macbook trị giá 700,000đ

3

Phiếu mua hàng Airpods trị giá 500.000đ

4

Tặng PMH Phụ kiện bảo vệ iPhone 17 (đơn trên 500.000đ, trừ hãng Apple/ Beats) trị giá 100.000đ

5

Thu cũ đổi mới: Giảm đến 2,000,000đ (Không kèm ưu đãi thanh toán qua cổng, mua kèm) Xem chi tiết";"Ưu đãi thanh toán Online (Click chọn để áp dụng)
Giảm 1.000.000đ
Áp dụng sản phẩm từ 10.000.000đ trở lên.
?
Giảm 250.000đ
Áp dụng sản phẩm từ 5.000.000đ trở lên.
?
Giảm 500.000đ
Áp dụng sản phẩm từ 5.000.000đ trở lên.
?";https://www.thegioididong.com/dtdd/iphone-17;Skipped
iPhone 15 Plus 512GB;Xanh lá nhạt;No;30990000;27990000;2026-01-10;"Khuyến mãi

Giá và khuyến mãi dự kiến áp dụng đến 23:59 | 11/01
1

Tặng phiếu mua hàng Apple Watch trị giá 1,000,000đ

2

Tặng phiếu mua hàng Macbook trị giá 700,000đ

3

Phiếu mua hàng Airpods trị giá 500.000đ

4

Tặng Phiếu mua hàng mua sạc dự phòng (trừ AVA+, Hydrus); đồng hồ thông minh (trừ Apple); Tai nghe bluetooth và Loa bluetooth các hãng JBL, Marshall,Harman Kardon; Ốp lưng (trừ Apple) trị giá 100.000đ

5

PMH Sim data 500GB 1 tháng trị giá 100.000đ

6

Thu cũ đổi mới: Giảm đến 2,000,000đ (Không kèm ưu đãi thanh toán qua cổng, mua kèm) Xem chi tiết";;https://www.thegioididong.com/dtdd/iphone-15-plus;DEBUG_OOS_iPhone 15 Plus 512GB_Xanh lá nhạt_093204.png
iPhone 17 Pro 512GB;Bạc;No;100000;41490000;2026-01-10;"Khuyến mãi

Giá và khuyến mãi dự kiến áp dụng đến 23:59 | 31/01
1

Tặng phiếu mua hàng Apple Watch trị giá 1,000,000đ

2

Tặng phiếu mua hàng Macbook trị giá 700,000đ

3

Phiếu mua hàng Airpods trị giá 500.000đ

4

Tặng PMH Phụ kiện bảo vệ iPhone 17 (đơn trên 500.000đ, trừ hãng Apple/ Beats) trị giá 100.000đ

5

Thu cũ đổi mới: Giảm đến 2,000,000đ (Không kèm ưu đãi thanh toán qua cổng, mua kèm) Xem chi tiết";;https://www.thegioididong.com/dtdd/iphone-17-pro;DEBUG_OOS_iPhone 17 Pro 512GB_Bạc_093205.png
iPhone 17 Pro Max 256GB;Cam Vũ Trụ;Yes;100000;37990000;2026-01-10;"Khuyến mãi

Giá và khuyến mãi dự kiến áp dụng đến 23:59 | 31/01
1

Tặng phiếu mua hàng Apple Watch trị giá 1,000,000đ

2

Tặng phiếu mua hàng Macbook trị giá 700,000đ

3

Phiếu mua hàng Airpods trị giá 500.000đ

4

Tặng PMH Phụ kiện bảo vệ iPhone 17 (đơn trên 500.000đ, trừ hãng Apple/ Beats) trị giá 100.000đ

5

Thu cũ đổi mới: Giảm đến 2,000,000đ (Không kèm ưu đãi thanh toán qua cổng, mua kèm) Xem chi tiết";"Ưu đãi thanh toán Online (Click chọn để áp dụng)
Giảm 1.000.000đ
Áp dụng sản phẩm từ 10.000.000đ trở lên.
?
Giảm 250.000đ
Áp dụng sản phẩm từ 5.000.000đ trở lên.
?
Giảm 500.000đ
Áp dụng sản phẩm từ 5.000.000đ trở lên.
?";https://www.thegioididong.com/dtdd/iphone-17-pro-max;Skipped
iPhone Air 256GB;Xanh da trời;Yes;31990000;26790000;2026-01-10;"Khuyến mãi

Giá và khuyến mãi có thể kết thúc sớm hơn dự kiến
1

Tặng phiếu mua hàng Apple Watch trị giá 1,000,000đ

2

Tặng phiếu mua hàng Macbook trị giá 700,000đ

3

Phiếu mua hàng Airpods trị giá 500.000đ

4

Tặng PMH Phụ kiện bảo vệ iPhone 17 (đơn trên 500.000đ, trừ hãng Apple/ Beats) trị giá 100.000đ";"Ưu đãi thanh toán Online (Click chọn để áp dụng)
Giảm 1.000.000đ
Áp dụng sản phẩm từ 10.000.000đ trở lên.
?
Giảm 250.000đ
Áp dụng sản phẩm từ 5.000.000đ trở lên.
?
Giảm 500.000đ
Áp dụng sản phẩm từ 5.000.000đ trở lên.
?";https://www.thegioididong.com/dtdd/iphone-air;Skipped
iPhone 17 Pro 512GB;Cam Vũ Trụ;Yes;41490000;40890000;2026-01-10;"Khuyến mãi

Giá và khuyến mãi có thể kết thúc sớm hơn dự kiến
1

Tặng phiếu mua hàng Apple Watch trị giá 1,000,000đ

2

Tặng phiếu mua hàng Macbook trị giá 700,000đ

3

Phiếu mua hàng Airpods trị giá 500.000đ

4

Tặng PMH Phụ kiện bảo vệ iPhone 17 (đơn trên 500.000đ, trừ hãng Apple/ Beats) trị giá 100.000đ";"Ưu đãi thanh toán Online (Click chọn để áp dụng)
Giảm 1.000.000đ
Áp dụng sản phẩm từ 10.000.000đ trở lên.
?
Giảm 250.000đ
Áp dụng sản phẩm từ 5.000.000đ trở lên.
?
Giảm 500.000đ
Áp dụng sản phẩm từ 5.000.000đ trở lên.
?";https://www.thegioididong.com/dtdd/iphone-17-pro;Skipped
iPhone 17 512GB;Xanh Lam Khói;Yes;100000;31490000;2026-01-10;;;https://www.thegioididong.com/dtdd/iphone-17;Skipped
iPhone 15 Plus 512GB;Đen;Yes;30990000;27990000;2026-01-10;"Khuyến mãi

Giá và khuyến mãi dự kiến áp dụng đến 23:59 | 11/01
1

Tặng phiếu mua hàng Apple Watch trị giá 1,000,000đ

2

Tặng phiếu mua hàng Macbook trị giá 700,000đ

3

Phiếu mua hàng Airpods trị giá 500.000đ

4

Tặng Phiếu mua hàng mua sạc dự phòng (trừ AVA+, Hydrus); đồng hồ thông minh (trừ Apple); Tai nghe bluetooth và Loa bluetooth các hãng JBL, Marshall,Harman Kardon; Ốp lưng (trừ Apple) trị giá 100.000đ

5

PMH Sim data 500GB 1 tháng trị giá 100.000đ

6

Thu cũ đổi mới: Giảm đến 2,000,000đ (Không kèm ưu đãi thanh toán qua cổng, mua kèm) Xem chi tiết";"Ưu đãi thanh toán Online (Click chọn để áp dụng)
Giảm 1.000.000đ
Áp dụng sản phẩm từ 10.000.000đ trở lên.
?
Giảm 250.000đ
Áp dụng sản phẩm từ 5.000.000đ trở lên.
?
Giảm 500.000đ
Áp dụng sản phẩm từ 5.000.000đ trở lên.
?";https://www.thegioididong.com/dtdd/iphone-15-plus;Skipped
iPhone 16 Plus 256GB;Xanh Lưu Ly;Yes;28990000;26990000;2026-01-10;"Khuyến mãi

Giá và khuyến mãi dự kiến áp dụng đến 23:59 | 11/01
1

Tặng phiếu mua hàng Apple Watch trị giá 1,000,000đ

2

Tặng phiếu mua hàng Macbook trị giá 700,000đ

3

Phiếu mua hàng Airpods trị giá 500.000đ

4

Tặng Phiếu mua hàng mua sạc dự phòng (trừ AVA+, Hydrus); đồng hồ thông minh (trừ Apple); Tai nghe bluetooth và Loa bluetooth các hãng JBL, Marshall,Harman Kardon; Ốp lưng (trừ Apple) trị giá 100.000đ

5

PMH Sim data 500GB 1 tháng trị giá 100.000đ

6

Thu cũ đổi mới: Giảm đến 2,000,000đ (Không kèm ưu đãi thanh toán qua cổng, mua kèm) Xem chi tiết";"Ưu đãi thanh toán Online (Click chọn để áp dụng)
Giảm 1.000.000đ
Áp dụng sản phẩm từ 10.000.000đ trở lên.
?
Giảm 250.000đ
Áp dụng sản phẩm từ 5.000.000đ trở lên.
?
Giảm 500.000đ
Áp dụng sản phẩm từ 5.000.000đ trở lên.
?";https://www.thegioididong.com/dtdd/iphone-16-plus;Skipped
iPhone Air 256GB;Trắng Mây;Yes;31990000;26790000;2026-01-10;"Khuyến mãi

Giá và khuyến mãi có thể kết thúc sớm hơn dự kiến
1

Tặng phiếu mua hàng Apple Watch trị giá 1,000,000đ

2

Tặng phiếu mua hàng Macbook trị giá 700,000đ

3

Phiếu mua hàng Airpods trị giá 500.000đ

4

Tặng PMH Phụ kiện bảo vệ iPhone 17 (đơn trên 500.000đ, trừ hãng Apple/ Beats) trị giá 100.000đ";"Ưu đãi thanh toán Online (Click chọn để áp dụng)
Giảm 1.000.000đ
Áp dụng sản phẩm từ 10.000.000đ trở lên.
?
Giảm 250.000đ
Áp dụng sản phẩm từ 5.000.000đ trở lên.
?
Giảm 500.000đ
Áp dụng sản phẩm từ 5.000.000đ trở lên.
?";https://www.thegioididong.com/dtdd/iphone-air;Skipped
iPhone 17 Pro Max 256GB;Xanh đậm;Yes;100000;37990000;2026-01-10;"Khuyến mãi

Giá và khuyến mãi dự kiến áp dụng đến 23:59 | 31/01
1

Tặng phiếu mua hàng Apple Watch trị giá 1,000,000đ

2

Tặng phiếu mua hàng Macbook trị giá 700,000đ

3

Phiếu mua hàng Airpods trị giá 500.000đ

4

Tặng PMH Phụ kiện bảo vệ iPhone 17 (đơn trên 500.000đ, trừ hãng Apple/ Beats) trị giá 100.000đ

5

Thu cũ đổi mới: Giảm đến 2,000,000đ (Không kèm ưu đãi thanh toán qua cổng, mua kèm) Xem chi tiết";"Ưu đãi thanh toán Online (Click chọn để áp dụng)
Giảm 1.000.000đ
Áp dụng sản phẩm từ 10.000.000đ trở lên.
?
Giảm 250.000đ
Áp dụng sản phẩm từ 5.000.000đ trở lên.
?
Giảm 500.000đ
Áp dụng sản phẩm từ 5.000.000đ trở lên.
?";https://www.thegioididong.com/dtdd/iphone-17-pro-max;Skipped
iPhone Air 256GB;Vàng Nhạt;Yes;31990000;26790000;2026-01-10;"Khuyến mãi

Giá và khuyến mãi có thể kết thúc sớm hơn dự kiến
1

Tặng phiếu mua hàng Apple Watch trị giá 1,000,000đ

2

Tặng phiếu mua hàng Macbook trị giá 700,000đ

3

Phiếu mua hàng Airpods trị giá 500.000đ

4

Tặng PMH Phụ kiện bảo vệ iPhone 17 (đơn trên 500.000đ, trừ hãng Apple/ Beats) trị giá 100.000đ";"Ưu đãi thanh toán Online (Click chọn để áp dụng)
Giảm 1.000.000đ
Áp dụng sản phẩm từ 10.000.000đ trở lên.
?
Giảm 250.000đ
Áp dụng sản phẩm từ 5.000.000đ trở lên.
?
Giảm 500.000đ
Áp dụng sản phẩm từ 5.000.000đ trở lên.
?";https://www.thegioididong.com/dtdd/iphone-air;Skipped
iPhone 17 512GB;Xanh Lá Xô Thơm;Yes;100000;31490000;2026-01-10;;;https://www.thegioididong.com/dtdd/iphone-17;Skipped
iPhone 17 Pro 1TB;Bạc;No;100000;47990000;2026-01-10;"Khuyến mãi

Giá và khuyến mãi dự kiến áp dụng đến 23:59 | 31/01
1

Tặng phiếu mua hàng Apple Watch trị giá 1,000,000đ

2

Tặng phiếu mua hàng Macbook trị giá 700,000đ

3

Phiếu mua hàng Airpods trị giá 500.000đ

4

Tặng PMH Phụ kiện bảo vệ iPhone 17 (đơn trên 500.000đ, trừ hãng Apple/ Beats) trị giá 100.000đ

5

Thu cũ đổi mới: Giảm đến 2,000,000đ (Không kèm ưu đãi thanh toán qua cổng, mua kèm) Xem chi tiết";;https://www.thegioididong.com/dtdd/iphone-17-pro;DEBUG_OOS_iPhone 17 Pro 1TB_Bạc_093221.png
iPhone 16 Plus 256GB;Trắng;Yes;28990000;26990000;2026-01-10;"Khuyến mãi

Giá và khuyến mãi dự kiến áp dụng đến 23:59 | 11/01
1

Tặng phiếu mua hàng Apple Watch trị giá 1,000,000đ

2

Tặng phiếu mua hàng Macbook trị giá 700,000đ

3

Phiếu mua hàng Airpods trị giá 500.000đ

4

Tặng Phiếu mua hàng mua sạc dự phòng (trừ AVA+, Hydrus); đồng hồ thông minh (trừ Apple); Tai nghe bluetooth và Loa bluetooth các hãng JBL, Marshall,Harman Kardon; Ốp lưng (trừ Apple) trị giá 100.000đ

5

PMH Sim data 500GB 1 tháng trị giá 100.000đ

6

Thu cũ đổi mới: Giảm đến 2,000,000đ (Không kèm ưu đãi thanh toán qua cổng, mua kèm) Xem chi tiết";"Ưu đãi thanh toán Online (Click chọn để áp dụng)
Giảm 1.000.000đ
Áp dụng sản phẩm từ 10.000.000đ trở lên.
?
Giảm 250.000đ
Áp dụng sản phẩm từ 5.000.000đ trở lên.
?
Giảm 500.000đ
Áp dụng sản phẩm từ 5.000.000đ trở lên.
?";https://www.thegioididong.com/dtdd/iphone-16-plus;Skipped
iPhone 17 Pro Max 256GB;Bạc;Yes;100000;37990000;2026-01-10;"Khuyến mãi

Giá và khuyến mãi dự kiến áp dụng đến 23:59 | 31/01
1

Tặng phiếu mua hàng Apple Watch trị giá 1,000,000đ

2

Tặng phiếu mua hàng Macbook trị giá 700,000đ

3

Phiếu mua hàng Airpods trị giá 500.000đ

4

Tặng PMH Phụ kiện bảo vệ iPhone 17 (đơn trên 500.000đ, trừ hãng Apple/ Beats) trị giá 100.000đ

5

Thu cũ đổi mới: Giảm đến 2,000,000đ (Không kèm ưu đãi thanh toán qua cổng, mua kèm) Xem chi tiết";"Ưu đãi thanh toán Online (Click chọn để áp dụng)
Giảm 1.000.000đ
Áp dụng sản phẩm từ 10.000.000đ trở lên.
?
Giảm 250.000đ
Áp dụng sản phẩm từ 5.000.000đ trở lên.
?
Giảm 500.000đ
Áp dụng sản phẩm từ 5.000.000đ trở lên.
?";https://www.thegioididong.com/dtdd/iphone-17-pro-max;Skipped
iPhone Air 256GB;Đen Không Gian;Yes;31990000;26790000;2026-01-10;"Khuyến mãi

Giá và khuyến mãi có thể kết thúc sớm hơn dự kiến
1

Tặng phiếu mua hàng Apple Watch trị giá 1,000,000đ

2

Tặng phiếu mua hàng Macbook trị giá 700,000đ

3

Phiếu mua hàng Airpods trị giá 500.000đ

4

Tặng PMH Phụ kiện bảo vệ iPhone 17 (đơn trên 500.000đ, trừ hãng Apple/ Beats) trị giá 100.000đ";"Ưu đãi thanh toán Online (Click chọn để áp dụng)
Giảm 1.000.000đ
Áp dụng sản phẩm từ 10.000.000đ trở lên.
?
Giảm 250.000đ
Áp dụng sản phẩm từ 5.000.000đ trở lên.
?
Giảm 500.000đ
Áp dụng sản phẩm từ 5.000.000đ trở lên.
?";https://www.thegioididong.com/dtdd/iphone-air;Skipped
MacBook Air 13 inch M2 16GB/256GB;Xanh đen;Yes;24490000;19690000;2026-01-10;"Khuyến mãi trị giá 800.000₫

Giá và khuyến mãi dự kiến áp dụng đến 23:59 | 31/01
1

Phiếu mua hàng Chuột, Bàn phím (Apple) trị giá 500,000đ

2

Tặng Phiếu mua hàng Balo, Túi chống sốc (giá trị trên 1,000,000đ) trị giá 300,000đ

3

Tặng Phiếu mua hàng trị giá 300.000đ Áp dụng mua Máy in

4

Tặng Phiếu mua hàng Màn hình máy tính trị giá 300.000đ";"Ưu đãi thanh toán Online (Click chọn để áp dụng)
Giảm 1.000.000đ
Áp dụng sản phẩm từ 10.000.000đ trở lên.
?
Giảm 250.000đ
Áp dụng sản phẩm từ 5.000.000đ trở lên.
?
Giảm 500.000đ
Áp dụng sản phẩm từ 5.000.000đ trở lên.
?";https://www.thegioididong.com/laptop/apple-macbook-air-m2-2022-16gb-256gb;Skipped
iPhone 17 Pro 1TB;Cam Vũ Trụ;Yes;47990000;47290000;2026-01-10;"Khuyến mãi

Giá và khuyến mãi có thể kết thúc sớm hơn dự kiến
1

Tặng phiếu mua hàng Apple Watch trị giá 1,000,000đ

2

Tặng phiếu mua hàng Macbook trị giá 700,000đ

3

Phiếu mua hàng Airpods trị giá 500.000đ

4

Tặng PMH Phụ kiện bảo vệ iPhone 17 (đơn trên 500.000đ, trừ hãng Apple/ Beats) trị giá 100.000đ";"Ưu đãi thanh toán Online (Click chọn để áp dụng)
Giảm 1.000.000đ
Áp dụng sản phẩm từ 10.000.000đ trở lên.
?
Giảm 250.000đ
Áp dụng sản phẩm từ 5.000.000đ trở lên.
?
Giảm 500.000đ
Áp dụng sản phẩm từ 5.000.000đ trở lên.
?";https://www.thegioididong.com/dtdd/iphone-17-pro;Skipped
iPhone 17 512GB;Trắng;Yes;100000;31490000;2026-01-10;;;https://www.thegioididong.com/dtdd/iphone-17;Skipped
iPhone 16 Plus 256GB;Hồng;Yes;28990000;26990000;2026-01-10;"Khuyến mãi

Giá và khuyến mãi dự kiến áp dụng đến 23:59 | 11/01
1

Tặng phiếu mua hàng Apple Watch trị giá 1,000,000đ

2

Tặng phiếu mua hàng Macbook trị giá 700,000đ

3

Phiếu mua hàng Airpods trị giá 500.000đ

4

Tặng Phiếu mua hàng mua sạc dự phòng (trừ AVA+, Hydrus); đồng hồ thông minh (trừ Apple); Tai nghe bluetooth và Loa bluetooth các hãng JBL, Marshall,Harman Kardon; Ốp lưng (trừ Apple) trị giá 100.000đ

5

PMH Sim data 500GB 1 tháng trị giá 100.000đ

6

Thu cũ đổi mới: Giảm đến 2,000,000đ (Không kèm ưu đãi thanh toán qua cổng, mua kèm) Xem chi tiết";"Ưu đãi thanh toán Online (Click chọn để áp dụng)
Giảm 1.000.000đ
Áp dụng sản phẩm từ 10.000.000đ trở lên.
?
Giảm 250.000đ
Áp dụng sản phẩm từ 5.000.000đ trở lên.
?
Giảm 500.000đ
Áp dụng sản phẩm từ 5.000.000đ trở lên.
?";https://www.thegioididong.com/dtdd/iphone-16-plus;Skipped
iPhone 17 Pro 1TB;Xanh đậm;Yes;47990000;47290000;2026-01-10;"Khuyến mãi

Giá và khuyến mãi có thể kết thúc sớm hơn dự kiến
1

Tặng phiếu mua hàng Apple Watch trị giá 1,000,000đ

2

Tặng phiếu mua hàng Macbook trị giá 700,000đ

3

Phiếu mua hàng Airpods trị giá 500.000đ

4

Tặng PMH Phụ kiện bảo vệ iPhone 17 (đơn trên 500.000đ, trừ hãng Apple/ Beats) trị giá 100.000đ";"Ưu đãi thanh toán Online (Click chọn để áp dụng)
Giảm 1.000.000đ
Áp dụng sản phẩm từ 10.000.000đ trở lên.
?
Giảm 250.000đ
Áp dụng sản phẩm từ 5.000.000đ trở lên.
?
Giảm 500.000đ
Áp dụng sản phẩm từ 5.000.000đ trở lên.
?";https://www.thegioididong.com/dtdd/iphone-17-pro;Skipped
iPhone 17 Pro Max 512GB;Bạc;Yes;100000;44490000;2026-01-10;"Khuyến mãi

Giá và khuyến mãi dự kiến áp dụng đến 23:59 | 31/01
1

Tặng phiếu mua hàng Apple Watch trị giá 1,000,000đ

2

Tặng phiếu mua hàng Macbook trị giá 700,000đ

3

Phiếu mua hàng Airpods trị giá 500.000đ

4

Tặng PMH Phụ kiện bảo vệ iPhone 17 (đơn trên 500.000đ, trừ hãng Apple/ Beats) trị giá 100.000đ

5

Thu cũ đổi mới: Giảm đến 2,000,000đ (Không kèm ưu đãi thanh toán qua cổng, mua kèm) Xem chi tiết";"Ưu đãi thanh toán Online (Click chọn để áp dụng)
Giảm 1.000.000đ
Áp dụng sản phẩm từ 10.000.000đ trở lên.
?
Giảm 250.000đ
Áp dụng sản phẩm từ 5.000.000đ trở lên.
?
Giảm 500.000đ
Áp dụng sản phẩm từ 5.000.000đ trở lên.
?";https://www.thegioididong.com/dtdd/iphone-17-pro-max;Skipped
iPhone 17 512GB;Tím Oải Hương;No;100000;31490000;2026-01-10;;;https://www.thegioididong.com/dtdd/iphone-17;DEBUG_OOS_iPhone 17 512GB_Tím Oải Hương_093232.png
iPhone Air 512GB;Xanh da trời;Yes;38490000;32990000;2026-01-10;"Khuyến mãi

Giá và khuyến mãi dự kiến áp dụng đến 23:59 | 11/01
1

Tặng phiếu mua hàng Apple Watch trị giá 1,000,000đ

2

Tặng phiếu mua hàng Macbook trị giá 700,000đ

3

Phiếu mua hàng Airpods trị giá 500.000đ

4

Tặng PMH Phụ kiện bảo vệ iPhone 17 (đơn trên 500.000đ, trừ hãng Apple/ Beats) trị giá 100.000đ

5

Thu cũ đổi mới: Giảm đến 2,000,000đ (Không kèm ưu đãi thanh toán qua cổng, mua kèm) Xem chi tiết";"Ưu đãi thanh toán Online (Click chọn để áp dụng)
Giảm 1.000.000đ
Áp dụng sản phẩm từ 10.000.000đ trở lên.
?
Giảm 250.000đ
Áp dụng sản phẩm từ 5.000.000đ trở lên.
?
Giảm 500.000đ
Áp dụng sản phẩm từ 5.000.000đ trở lên.
?";https://www.thegioididong.com/dtdd/iphone-air;Skipped
MacBook Air 13 inch M2 16GB/256GB;Vàng đồng;Yes;24490000;19790000;2026-01-10;"Khuyến mãi trị giá 800.000₫

Giá và khuyến mãi dự kiến áp dụng đến 23:59 | 31/01
1

Phiếu mua hàng Chuột, Bàn phím (Apple) trị giá 500,000đ

2

Tặng Phiếu mua hàng Balo, Túi chống sốc (giá trị trên 1,000,000đ) trị giá 300,000đ

3

Tặng Phiếu mua hàng trị giá 300.000đ Áp dụng mua Máy in

4

Tặng Phiếu mua hàng Màn hình máy tính trị giá 300.000đ";"Ưu đãi thanh toán Online (Click chọn để áp dụng)
Giảm 1.000.000đ
Áp dụng sản phẩm từ 10.000.000đ trở lên.
?
Giảm 250.000đ
Áp dụng sản phẩm từ 5.000.000đ trở lên.
?
Giảm 500.000đ
Áp dụng sản phẩm từ 5.000.000đ trở lên.
?";https://www.thegioididong.com/laptop/apple-macbook-air-m2-2022-16gb-256gb;Skipped
iPhone 16 Plus 256GB;Xanh Mòng Két;Yes;28990000;26990000;2026-01-10;"Khuyến mãi

Giá và khuyến mãi dự kiến áp dụng đến 23:59 | 11/01
1

Tặng phiếu mua hàng Apple Watch trị giá 1,000,000đ

2

Tặng phiếu mua hàng Macbook trị giá 700,000đ

3

Phiếu mua hàng Airpods trị giá 500.000đ

4

Tặng Phiếu mua hàng mua sạc dự phòng (trừ AVA+, Hydrus); đồng hồ thông minh (trừ Apple); Tai nghe bluetooth và Loa bluetooth các hãng JBL, Marshall,Harman Kardon; Ốp lưng (trừ Apple) trị giá 100.000đ

5

PMH Sim data 500GB 1 tháng trị giá 100.000đ

6

Thu cũ đổi mới: Giảm đến 2,000,000đ (Không kèm ưu đãi thanh toán qua cổng, mua kèm) Xem chi tiết";"Ưu đãi thanh toán Online (Click chọn để áp dụng)
Giảm 1.000.000đ
Áp dụng sản phẩm từ 10.000.000đ trở lên.
?
Giảm 250.000đ
Áp dụng sản phẩm từ 5.000.000đ trở lên.
?
Giảm 500.000đ
Áp dụng sản phẩm từ 5.000.000đ trở lên.
?";https://www.thegioididong.com/dtdd/iphone-16-plus;Skipped
iPhone 17 Pro 1TB;Bạc;No;100000;47990000;2026-01-10;"Khuyến mãi

Giá và khuyến mãi dự kiến áp dụng đến 23:59 | 31/01
1

Tặng phiếu mua hàng Apple Watch trị giá 1,000,000đ

2

Tặng phiếu mua hàng Macbook trị giá 700,000đ

3

Phiếu mua hàng Airpods trị giá 500.000đ

4

Tặng PMH Phụ kiện bảo vệ iPhone 17 (đơn trên 500.000đ, trừ hãng Apple/ Beats) trị giá 100.000đ

5

Thu cũ đổi mới: Giảm đến 2,000,000đ (Không kèm ưu đãi thanh toán qua cổng, mua kèm) Xem chi tiết";;https://www.thegioididong.com/dtdd/iphone-17-pro;DEBUG_OOS_iPhone 17 Pro 1TB_Bạc_093237.png
iPhone 17 Pro Max 512GB;Xanh đậm;Yes;100000;44490000;2026-01-10;"Khuyến mãi

Giá và khuyến mãi dự kiến áp dụng đến 23:59 | 31/01
1

Tặng phiếu mua hàng Apple Watch trị giá 1,000,000đ

2

Tặng phiếu mua hàng Macbook trị giá 700,000đ

3

Phiếu mua hàng Airpods trị giá 500.000đ

4

Tặng PMH Phụ kiện bảo vệ iPhone 17 (đơn trên 500.000đ, trừ hãng Apple/ Beats) trị giá 100.000đ

5

Thu cũ đổi mới: Giảm đến 2,000,000đ (Không kèm ưu đãi thanh toán qua cổng, mua kèm) Xem chi tiết";"Ưu đãi thanh toán Online (Click chọn để áp dụng)
Giảm 1.000.000đ
Áp dụng sản phẩm từ 10.000.000đ trở lên.
?
Giảm 250.000đ
Áp dụng sản phẩm từ 5.000.000đ trở lên.
?
Giảm 500.000đ
Áp dụng sản phẩm từ 5.000.000đ trở lên.
?";https://www.thegioididong.com/dtdd/iphone-17-pro-max;Skipped
iPhone 17 512GB;Đen;No;100000;31490000;2026-01-10;;;https://www.thegioididong.com/dtdd/iphone-17;DEBUG_OOS_iPhone 17 512GB_Đen_093242.png
iPhone Air 512GB;Vàng Nhạt;Yes;38490000;32990000;2026-01-10;"Khuyến mãi

Giá và khuyến mãi dự kiến áp dụng đến 23:59 | 11/01
1

Tặng phiếu mua hàng Apple Watch trị giá 1,000,000đ

2

Tặng phiếu mua hàng Macbook trị giá 700,000đ

3

Phiếu mua hàng Airpods trị giá 500.000đ

4

Tặng PMH Phụ kiện bảo vệ iPhone 17 (đơn trên 500.000đ, trừ hãng Apple/ Beats) trị giá 100.000đ

5

Thu cũ đổi mới: Giảm đến 2,000,000đ (Không kèm ưu đãi thanh toán qua cổng, mua kèm) Xem chi tiết";"Ưu đãi thanh toán Online (Click chọn để áp dụng)
Giảm 1.000.000đ
Áp dụng sản phẩm từ 10.000.000đ trở lên.
?
Giảm 250.000đ
Áp dụng sản phẩm từ 5.000.000đ trở lên.
?
Giảm 500.000đ
Áp dụng sản phẩm từ 5.000.000đ trở lên.
?";https://www.thegioididong.com/dtdd/iphone-air;Skipped
MacBook Air 13 inch M2 16GB/256GB;Xanh đen;Yes;24490000;19690000;2026-01-10;"Khuyến mãi trị giá 800.000₫

Giá và khuyến mãi dự kiến áp dụng đến 23:59 | 31/01
1

Phiếu mua hàng Chuột, Bàn phím (Apple) trị giá 500,000đ

2

Tặng Phiếu mua hàng Balo, Túi chống sốc (giá trị trên 1,000,000đ) trị giá 300,000đ

3

Tặng Phiếu mua hàng trị giá 300.000đ Áp dụng mua Máy in

4

Tặng Phiếu mua hàng Màn hình máy tính trị giá 300.000đ";"Ưu đãi thanh toán Online (Click chọn để áp dụng)
Giảm 1.000.000đ
Áp dụng sản phẩm từ 10.000.000đ trở lên.
?
Giảm 250.000đ
Áp dụng sản phẩm từ 5.000.000đ trở lên.
?
Giảm 500.000đ
Áp dụng sản phẩm từ 5.000.000đ trở lên.
?";https://www.thegioididong.com/laptop/apple-macbook-air-m2-2022-16gb-256gb;Skipped
iPhone 17 Pro 1TB;Cam Vũ Trụ;Yes;47990000;47290000;2026-01-10;"Khuyến mãi

Giá và khuyến mãi có thể kết thúc sớm hơn dự kiến
1

Tặng phiếu mua hàng Apple Watch trị giá 1,000,000đ

2

Tặng phiếu mua hàng Macbook trị giá 700,000đ

3

Phiếu mua hàng Airpods trị giá 500.000đ

4

Tặng PMH Phụ kiện bảo vệ iPhone 17 (đơn trên 500.000đ, trừ hãng Apple/ Beats) trị giá 100.000đ";"Ưu đãi thanh toán Online (Click chọn để áp dụng)
Giảm 1.000.000đ
Áp dụng sản phẩm từ 10.000.000đ trở lên.
?
Giảm 250.000đ
Áp dụng sản phẩm từ 5.000.000đ trở lên.
?
Giảm 500.000đ
Áp dụng sản phẩm từ 5.000.000đ trở lên.
?";https://www.thegioididong.com/dtdd/iphone-17-pro;Skipped
iPhone 16 Plus 256GB;Đen;Yes;28990000;26990000;2026-01-10;"Khuyến mãi

Giá và khuyến mãi dự kiến áp dụng đến 23:59 | 11/01
1

Tặng phiếu mua hàng Apple Watch trị giá 1,000,000đ

2

Tặng phiếu mua hàng Macbook trị giá 700,000đ

3

Phiếu mua hàng Airpods trị giá 500.000đ

4

Tặng Phiếu mua hàng mua sạc dự phòng (trừ AVA+, Hydrus); đồng hồ thông minh (trừ Apple); Tai nghe bluetooth và Loa bluetooth các hãng JBL, Marshall,Harman Kardon; Ốp lưng (trừ Apple) trị giá 100.000đ

5

PMH Sim data 500GB 1 tháng trị giá 100.000đ

6

Thu cũ đổi mới: Giảm đến 2,000,000đ (Không kèm ưu đãi thanh toán qua cổng, mua kèm) Xem chi tiết";"Ưu đãi thanh toán Online (Click chọn để áp dụng)
Giảm 1.000.000đ
Áp dụng sản phẩm từ 10.000.000đ trở lên.
?
Giảm 250.000đ
Áp dụng sản phẩm từ 5.000.000đ trở lên.
?
Giảm 500.000đ
Áp dụng sản phẩm từ 5.000.000đ trở lên.
?";https://www.thegioididong.com/dtdd/iphone-16-plus;Skipped
iPhone 17 Pro Max 512GB;Cam Vũ Trụ;Yes;44490000;44290000;2026-01-10;"Khuyến mãi

Giá và khuyến mãi có thể kết thúc sớm hơn dự kiến
1

Tặng phiếu mua hàng Apple Watch trị giá 1,000,000đ

2

Tặng phiếu mua hàng Macbook trị giá 700,000đ

3

Phiếu mua hàng Airpods trị giá 500.000đ

4

Tặng PMH Phụ kiện bảo vệ iPhone 17 (đơn trên 500.000đ, trừ hãng Apple/ Beats) trị giá 100.000đ";"Ưu đãi thanh toán Online (Click chọn để áp dụng)
Giảm 1.000.000đ
Áp dụng sản phẩm từ 10.000.000đ trở lên.
?
Giảm 250.000đ
Áp dụng sản phẩm từ 5.000.000đ trở lên.
?
Giảm 500.000đ
Áp dụng sản phẩm từ 5.000.000đ trở lên.
?";https://www.thegioididong.com/dtdd/iphone-17-pro-max;Skipped
iPhone 17 Pro 1TB;Xanh đậm;Yes;47990000;47290000;2026-01-10;"Khuyến mãi

Giá và khuyến mãi có thể kết thúc sớm hơn dự kiến
1

Tặng phiếu mua hàng Apple Watch trị giá 1,000,000đ

2

Tặng phiếu mua hàng Macbook trị giá 700,000đ

3

Phiếu mua hàng Airpods trị giá 500.000đ

4

Tặng PMH Phụ kiện bảo vệ iPhone 17 (đơn trên 500.000đ, trừ hãng Apple/ Beats) trị giá 100.000đ";"Ưu đãi thanh toán Online (Click chọn để áp dụng)
Giảm 1.000.000đ
Áp dụng sản phẩm từ 10.000.000đ trở lên.
?
Giảm 250.000đ
Áp dụng sản phẩm từ 5.000.000đ trở lên.
?
Giảm 500.000đ
Áp dụng sản phẩm từ 5.000.000đ trở lên.
?";https://www.thegioididong.com/dtdd/iphone-17-pro;Skipped
iPhone Air 512GB;Đen Không Gian;Yes;38490000;32990000;2026-01-10;"Khuyến mãi

Giá và khuyến mãi dự kiến áp dụng đến 23:59 | 11/01
1

Tặng phiếu mua hàng Apple Watch trị giá 1,000,000đ

2

Tặng phiếu mua hàng Macbook trị giá 700,000đ

3

Phiếu mua hàng Airpods trị giá 500.000đ

4

Tặng PMH Phụ kiện bảo vệ iPhone 17 (đơn trên 500.000đ, trừ hãng Apple/ Beats) trị giá 100.000đ

5

Thu cũ đổi mới: Giảm đến 2,000,000đ (Không kèm ưu đãi thanh toán qua cổng, mua kèm) Xem chi tiết";"Ưu đãi thanh toán Online (Click chọn để áp dụng)
Giảm 1.000.000đ
Áp dụng sản phẩm từ 10.000.000đ trở lên.
?
Giảm 250.000đ
Áp dụng sản phẩm từ 5.000.000đ trở lên.
?
Giảm 500.000đ
Áp dụng sản phẩm từ 5.000.000đ trở lên.
?";https://www.thegioididong.com/dtdd/iphone-air;Skipped
iPhone 17 512GB;Xanh Lam Khói;Yes;100000;31490000;2026-01-10;;;https://www.thegioididong.com/dtdd/iphone-17;Skipped
MacBook Air 13 inch M2 16GB/256GB;Vàng đồng;Yes;24490000;19790000;2026-01-10;"Khuyến mãi trị giá 800.000₫

Giá và khuyến mãi dự kiến áp dụng đến 23:59 | 31/01
1

Phiếu mua hàng Chuột, Bàn phím (Apple) trị giá 500,000đ

2

Tặng Phiếu mua hàng Balo, Túi chống sốc (giá trị trên 1,000,000đ) trị giá 300,000đ

3

Tặng Phiếu mua hàng trị giá 300.000đ Áp dụng mua Máy in

4

Tặng Phiếu mua hàng Màn hình máy tính trị giá 300.000đ";"Ưu đãi thanh toán Online (Click chọn để áp dụng)
Giảm 1.000.000đ
Áp dụng sản phẩm từ 10.000.000đ trở lên.
?
Giảm 250.000đ
Áp dụng sản phẩm từ 5.000.000đ trở lên.
?
Giảm 500.000đ
Áp dụng sản phẩm từ 5.000.000đ trở lên.
?";https://www.thegioididong.com/laptop/apple-macbook-air-m2-2022-16gb-256gb;Skipped
iPhone 17 Pro Max 1TB;Xanh đậm;Yes;100000;50990000;2026-01-10;"Khuyến mãi

Giá và khuyến mãi dự kiến áp dụng đến 23:59 | 31/01
1

Tặng phiếu mua hàng Apple Watch trị giá 1,000,000đ

2

Tặng phiếu mua hàng Macbook trị giá 700,000đ

3

Phiếu mua hàng Airpods trị giá 500.000đ

4

Tặng PMH Phụ kiện bảo vệ iPhone 17 (đơn trên 500.000đ, trừ hãng Apple/ Beats) trị giá 100.000đ

5

Thu cũ đổi mới: Giảm đến 2,000,000đ (Không kèm ưu đãi thanh toán qua cổng, mua kèm) Xem chi tiết";"Ưu đãi thanh toán Online (Click chọn để áp dụng)
Giảm 1.000.000đ
Áp dụng sản phẩm từ 10.000.000đ trở lên.
?
Giảm 250.000đ
Áp dụng sản phẩm từ 5.000.000đ trở lên.
?
Giảm 500.000đ
Áp dụng sản phẩm từ 5.000.000đ trở lên.
?";https://www.thegioididong.com/dtdd/iphone-17-pro-max;Skipped
iPhone Air 512GB;Trắng Mây;Yes;38490000;32990000;2026-01-10;"Khuyến mãi

Giá và khuyến mãi dự kiến áp dụng đến 23:59 | 11/01
1

Tặng phiếu mua hàng Apple Watch trị giá 1,000,000đ

2

Tặng phiếu mua hàng Macbook trị giá 700,000đ

3

Phiếu mua hàng Airpods trị giá 500.000đ

4

Tặng PMH Phụ kiện bảo vệ iPhone 17 (đơn trên 500.000đ, trừ hãng Apple/ Beats) trị giá 100.000đ

5

Thu cũ đổi mới: Giảm đến 2,000,000đ (Không kèm ưu đãi thanh toán qua cổng, mua kèm) Xem chi tiết";"Ưu đãi thanh toán Online (Click chọn để áp dụng)
Giảm 1.000.000đ
Áp dụng sản phẩm từ 10.000.000đ trở lên.
?
Giảm 250.000đ
Áp dụng sản phẩm từ 5.000.000đ trở lên.
?
Giảm 500.000đ
Áp dụng sản phẩm từ 5.000.000đ trở lên.
?";https://www.thegioididong.com/dtdd/iphone-air;Skipped
iPhone 17 512GB;Xanh Lá Xô Thơm;Yes;100000;31490000;2026-01-10;;;https://www.thegioididong.com/dtdd/iphone-17;Skipped
MacBook Air 13 inch M4 16GB/256GB;Xanh đen;Yes;26490000;23990000;2026-01-10;"Khuyến mãi trị giá 800.000₫

Giá và khuyến mãi dự kiến áp dụng đến 23:59 | 31/01
1

Phiếu mua hàng Chuột, Bàn phím (Apple) trị giá 500,000đ

2

Tặng Phiếu mua hàng Balo, Túi chống sốc (giá trị trên 1,000,000đ) trị giá 300,000đ

3

Tặng Phiếu mua hàng trị giá 300.000đ Áp dụng mua Máy in

4

Tặng Phiếu mua hàng Màn hình máy tính trị giá 300.000đ";"Ưu đãi thanh toán Online (Click chọn để áp dụng)
Giảm 1.000.000đ
Áp dụng sản phẩm từ 10.000.000đ trở lên.
?
Giảm 250.000đ
Áp dụng sản phẩm từ 5.000.000đ trở lên.
?
Giảm 500.000đ
Áp dụng sản phẩm từ 5.000.000đ trở lên.
?";https://www.thegioididong.com/laptop/macbook-air-13-inch-m4-16gb-256gb;Skipped
iPhone 17 Pro 1TB;Bạc;No;100000;47990000;2026-01-10;"Khuyến mãi

Giá và khuyến mãi dự kiến áp dụng đến 23:59 | 31/01
1

Tặng phiếu mua hàng Apple Watch trị giá 1,000,000đ

2

Tặng phiếu mua hàng Macbook trị giá 700,000đ

3

Phiếu mua hàng Airpods trị giá 500.000đ

4

Tặng PMH Phụ kiện bảo vệ iPhone 17 (đơn trên 500.000đ, trừ hãng Apple/ Beats) trị giá 100.000đ

5

Thu cũ đổi mới: Giảm đến 2,000,000đ (Không kèm ưu đãi thanh toán qua cổng, mua kèm) Xem chi tiết";;https://www.thegioididong.com/dtdd/iphone-17-pro;DEBUG_OOS_iPhone 17 Pro 1TB_Bạc_093305.png
MacBook Air 13 inch M4 16GB/256GB Sạc 70W;Xanh đen;Yes;27090000;25490000;2026-01-10;"Khuyến mãi trị giá 800.000₫

Giá và khuyến mãi dự kiến áp dụng đến 23:59 | 31/01
1

Phiếu mua hàng Chuột, Bàn phím (Apple) trị giá 500,000đ

2

Tặng Phiếu mua hàng Balo, Túi chống sốc (giá trị trên 1,000,000đ) trị giá 300,000đ

3

Tặng Phiếu mua hàng trị giá 300.000đ Áp dụng mua Máy in

4

Tặng Phiếu mua hàng Màn hình máy tính trị giá 300.000đ";"Ưu đãi thanh toán Online (Click chọn để áp dụng)
Giảm 1.000.000đ
Áp dụng sản phẩm từ 10.000.000đ trở lên.
?
Giảm 250.000đ
Áp dụng sản phẩm từ 5.000.000đ trở lên.
?
Giảm 500.000đ
Áp dụng sản phẩm từ 5.000.000đ trở lên.
?";https://www.thegioididong.com/laptop/macbook-air-13-inch-m4-16gb-256gb-sac-70w;Skipped
iPhone 17 Pro 1TB;Cam Vũ Trụ;Yes;47990000;47290000;2026-01-10;"Khuyến mãi

Giá và khuyến mãi có thể kết thúc sớm hơn dự kiến
1

Tặng phiếu mua hàng Apple Watch trị giá 1,000,000đ

2

Tặng phiếu mua hàng Macbook trị giá 700,000đ

3

Phiếu mua hàng Airpods trị giá 500.000đ

4

Tặng PMH Phụ kiện bảo vệ iPhone 17 (đơn trên 500.000đ, trừ hãng Apple/ Beats) trị giá 100.000đ";"Ưu đãi thanh toán Online (Click chọn để áp dụng)
Giảm 1.000.000đ
Áp dụng sản phẩm từ 10.000.000đ trở lên.
?
Giảm 250.000đ
Áp dụng sản phẩm từ 5.000.000đ trở lên.
?
Giảm 500.000đ
Áp dụng sản phẩm từ 5.000.000đ trở lên.
?";https://www.thegioididong.com/dtdd/iphone-17-pro;Skipped
MacBook Air 13 inch M4 16GB/256GB;Vàng;Yes;26490000;23990000;2026-01-10;"Khuyến mãi trị giá 800.000₫

Giá và khuyến mãi dự kiến áp dụng đến 23:59 | 31/01
1

Phiếu mua hàng Chuột, Bàn phím (Apple) trị giá 500,000đ

2

Tặng Phiếu mua hàng Balo, Túi chống sốc (giá trị trên 1,000,000đ) trị giá 300,000đ

3

Tặng Phiếu mua hàng trị giá 300.000đ Áp dụng mua Máy in

4

Tặng Phiếu mua hàng Màn hình máy tính trị giá 300.000đ";"Ưu đãi thanh toán Online (Click chọn để áp dụng)
Giảm 1.000.000đ
Áp dụng sản phẩm từ 10.000.000đ trở lên.
?
Giảm 250.000đ
Áp dụng sản phẩm từ 5.000.000đ trở lên.
?
Giảm 500.000đ
Áp dụng sản phẩm từ 5.000.000đ trở lên.
?";https://www.thegioididong.com/laptop/macbook-air-13-inch-m4-16gb-256gb;Skipped
iPhone Air 1TB;Xanh da trời;Yes;44990000;37990000;2026-01-10;"Khuyến mãi

Giá và khuyến mãi dự kiến áp dụng đến 23:59 | 11/01
1

Tặng phiếu mua hàng Apple Watch trị giá 1,000,000đ

2

Tặng phiếu mua hàng Macbook trị giá 700,000đ

3

Phiếu mua hàng Airpods trị giá 500.000đ

4

Tặng PMH Phụ kiện bảo vệ iPhone 17 (đơn trên 500.000đ, trừ hãng Apple/ Beats) trị giá 100.000đ

5

Thu cũ đổi mới: Giảm đến 2,000,000đ (Không kèm ưu đãi thanh toán qua cổng, mua kèm) Xem chi tiết";"Ưu đãi thanh toán Online (Click chọn để áp dụng)
Giảm 1.000.000đ
Áp dụng sản phẩm từ 10.000.000đ trở lên.
?
Giảm 250.000đ
Áp dụng sản phẩm từ 5.000.000đ trở lên.
?
Giảm 500.000đ
Áp dụng sản phẩm từ 5.000.000đ trở lên.
?";https://www.thegioididong.com/dtdd/iphone-air;Skipped
iPhone 17 512GB;Trắng;Yes;100000;31490000;2026-01-10;;;https://www.thegioididong.com/dtdd/iphone-17;Skipped
iPhone 17 Pro Max 1TB;Bạc;Yes;380000;50990000;2026-01-10;"Khuyến mãi

Giá và khuyến mãi dự kiến áp dụng đến 23:59 | 31/01
1

Tặng phiếu mua hàng Apple Watch trị giá 1,000,000đ

2

Tặng phiếu mua hàng Macbook trị giá 700,000đ

3

Phiếu mua hàng Airpods trị giá 500.000đ

4

Tặng PMH Phụ kiện bảo vệ iPhone 17 (đơn trên 500.000đ, trừ hãng Apple/ Beats) trị giá 100.000đ

5

Thu cũ đổi mới: Giảm đến 2,000,000đ (Không kèm ưu đãi thanh toán qua cổng, mua kèm) Xem chi tiết";"Ưu đãi thanh toán Online (Click chọn để áp dụng)
Giảm 1.000.000đ
Áp dụng sản phẩm từ 10.000.000đ trở lên.
?
Giảm 250.000đ
Áp dụng sản phẩm từ 5.000.000đ trở lên.
?
Giảm 500.000đ
Áp dụng sản phẩm từ 5.000.000đ trở lên.
?";https://www.thegioididong.com/dtdd/iphone-17-pro-max;Skipped
iPhone 17 Pro 1TB;Xanh đậm;Yes;47990000;47290000;2026-01-10;"Khuyến mãi

Giá và khuyến mãi có thể kết thúc sớm hơn dự kiến
1

Tặng phiếu mua hàng Apple Watch trị giá 1,000,000đ

2

Tặng phiếu mua hàng Macbook trị giá 700,000đ

3

Phiếu mua hàng Airpods trị giá 500.000đ

4

Tặng PMH Phụ kiện bảo vệ iPhone 17 (đơn trên 500.000đ, trừ hãng Apple/ Beats) trị giá 100.000đ";"Ưu đãi thanh toán Online (Click chọn để áp dụng)
Giảm 1.000.000đ
Áp dụng sản phẩm từ 10.000.000đ trở lên.
?
Giảm 250.000đ
Áp dụng sản phẩm từ 5.000.000đ trở lên.
?
Giảm 500.000đ
Áp dụng sản phẩm từ 5.000.000đ trở lên.
?";https://www.thegioididong.com/dtdd/iphone-17-pro;Skipped
iPhone 17 Pro Max 1TB;Cam Vũ Trụ;No;380000;50990000;2026-01-10;"Khuyến mãi

Giá và khuyến mãi dự kiến áp dụng đến 23:59 | 31/01
1

Tặng phiếu mua hàng Apple Watch trị giá 1,000,000đ

2

Tặng phiếu mua hàng Macbook trị giá 700,000đ

3

Phiếu mua hàng Airpods trị giá 500.000đ

4

Tặng PMH Phụ kiện bảo vệ iPhone 17 (đơn trên 500.000đ, trừ hãng Apple/ Beats) trị giá 100.000đ

5

Thu cũ đổi mới: Giảm đến 2,000,000đ (Không kèm ưu đãi thanh toán qua cổng, mua kèm) Xem chi tiết";;https://www.thegioididong.com/dtdd/iphone-17-pro-max;DEBUG_OOS_iPhone 17 Pro Max 1TB_Cam Vũ Trụ_093321.png
MacBook Air 13 inch M4 16GB/256GB Sạc 70W;Vàng;Yes;27090000;25490000;2026-01-10;"Khuyến mãi trị giá 800.000₫

Giá và khuyến mãi dự kiến áp dụng đến 23:59 | 31/01
1

Phiếu mua hàng Chuột, Bàn phím (Apple) trị giá 500,000đ

2

Tặng Phiếu mua hàng Balo, Túi chống sốc (giá trị trên 1,000,000đ) trị giá 300,000đ

3

Tặng Phiếu mua hàng trị giá 300.000đ Áp dụng mua Máy in

4

Tặng Phiếu mua hàng Màn hình máy tính trị giá 300.000đ";"Ưu đãi thanh toán Online (Click chọn để áp dụng)
Giảm 1.000.000đ
Áp dụng sản phẩm từ 10.000.000đ trở lên.
?
Giảm 250.000đ
Áp dụng sản phẩm từ 5.000.000đ trở lên.
?
Giảm 500.000đ
Áp dụng sản phẩm từ 5.000.000đ trở lên.
?";https://www.thegioididong.com/laptop/macbook-air-13-inch-m4-16gb-256gb-sac-70w;Skipped
iPhone 17 512GB;Tím Oải Hương;No;100000;31490000;2026-01-10;;;https://www.thegioididong.com/dtdd/iphone-17;DEBUG_OOS_iPhone 17 512GB_Tím Oải Hương_093321.png
iPhone Air 1TB;Vàng Nhạt;Yes;44990000;37990000;2026-01-10;"Khuyến mãi

Giá và khuyến mãi dự kiến áp dụng đến 23:59 | 11/01
1

Tặng phiếu mua hàng Apple Watch trị giá 1,000,000đ

2

Tặng phiếu mua hàng Macbook trị giá 700,000đ

3

Phiếu mua hàng Airpods trị giá 500.000đ

4

Tặng PMH Phụ kiện bảo vệ iPhone 17 (đơn trên 500.000đ, trừ hãng Apple/ Beats) trị giá 100.000đ

5

Thu cũ đổi mới: Giảm đến 2,000,000đ (Không kèm ưu đãi thanh toán qua cổng, mua kèm) Xem chi tiết";"Ưu đãi thanh toán Online (Click chọn để áp dụng)
Giảm 1.000.000đ
Áp dụng sản phẩm từ 10.000.000đ trở lên.
?
Giảm 250.000đ
Áp dụng sản phẩm từ 5.000.000đ trở lên.
?
Giảm 500.000đ
Áp dụng sản phẩm từ 5.000.000đ trở lên.
?";https://www.thegioididong.com/dtdd/iphone-air;Skipped
MacBook Air 13 inch M4 16GB/256GB;Xanh da trời nhạt;Yes;26490000;23990000;2026-01-10;"Khuyến mãi trị giá 800.000₫

Giá và khuyến mãi dự kiến áp dụng đến 23:59 | 31/01
1

Phiếu mua hàng Chuột, Bàn phím (Apple) trị giá 500,000đ

2

Tặng Phiếu mua hàng Balo, Túi chống sốc (giá trị trên 1,000,000đ) trị giá 300,000đ

3

Tặng Phiếu mua hàng trị giá 300.000đ Áp dụng mua Máy in

4

Tặng Phiếu mua hàng Màn hình máy tính trị giá 300.000đ";"Ưu đãi thanh toán Online (Click chọn để áp dụng)
Giảm 1.000.000đ
Áp dụng sản phẩm từ 10.000.000đ trở lên.
?
Giảm 250.000đ
Áp dụng sản phẩm từ 5.000.000đ trở lên.
?
Giảm 500.000đ
Áp dụng sản phẩm từ 5.000.000đ trở lên.
?";https://www.thegioididong.com/laptop/macbook-air-13-inch-m4-16gb-256gb;Skipped
iPhone 17 512GB;Đen;No;100000;31490000;2026-01-10;;;https://www.thegioididong.com/dtdd/iphone-17;DEBUG_OOS_iPhone 17 512GB_Đen_093332.png
iPhone 17 Pro 1TB;Bạc;No;100000;47990000;2026-01-10;"Khuyến mãi

Giá và khuyến mãi dự kiến áp dụng đến 23:59 | 31/01
1

Tặng phiếu mua hàng Apple Watch trị giá 1,000,000đ

2

Tặng phiếu mua hàng Macbook trị giá 700,000đ

3

Phiếu mua hàng Airpods trị giá 500.000đ

4

Tặng PMH Phụ kiện bảo vệ iPhone 17 (đơn trên 500.000đ, trừ hãng Apple/ Beats) trị giá 100.000đ

5

Thu cũ đổi mới: Giảm đến 2,000,000đ (Không kèm ưu đãi thanh toán qua cổng, mua kèm) Xem chi tiết";;https://www.thegioididong.com/dtdd/iphone-17-pro;DEBUG_OOS_iPhone 17 Pro 1TB_Bạc_093332.png
iPhone 17 Pro Max 2TB;Cam Vũ Trụ;Yes;63990000;63290000;2026-01-10;"Khuyến mãi

Giá và khuyến mãi có thể kết thúc sớm hơn dự kiến
1

Tặng phiếu mua hàng Apple Watch trị giá 1,000,000đ

2

Tặng phiếu mua hàng Macbook trị giá 700,000đ

3

Phiếu mua hàng Airpods trị giá 500.000đ

4

Tặng PMH Phụ kiện bảo vệ iPhone 17 (đơn trên 500.000đ, trừ hãng Apple/ Beats) trị giá 100.000đ";"Ưu đãi thanh toán Online (Click chọn để áp dụng)
Giảm 1.000.000đ
Áp dụng sản phẩm từ 10.000.000đ trở lên.
?
Giảm 250.000đ
Áp dụng sản phẩm từ 5.000.000đ trở lên.
?
Giảm 500.000đ
Áp dụng sản phẩm từ 5.000.000đ trở lên.
?";https://www.thegioididong.com/dtdd/iphone-17-pro-max;Skipped
iPhone Air 1TB;Trắng Mây;Yes;44990000;37990000;2026-01-10;"Khuyến mãi

Giá và khuyến mãi dự kiến áp dụng đến 23:59 | 11/01
1

Tặng phiếu mua hàng Apple Watch trị giá 1,000,000đ

2

Tặng phiếu mua hàng Macbook trị giá 700,000đ

3

Phiếu mua hàng Airpods trị giá 500.000đ

4

Tặng PMH Phụ kiện bảo vệ iPhone 17 (đơn trên 500.000đ, trừ hãng Apple/ Beats) trị giá 100.000đ

5

Thu cũ đổi mới: Giảm đến 2,000,000đ (Không kèm ưu đãi thanh toán qua cổng, mua kèm) Xem chi tiết";"Ưu đãi thanh toán Online (Click chọn để áp dụng)
Giảm 1.000.000đ
Áp dụng sản phẩm từ 10.000.000đ trở lên.
?
Giảm 250.000đ
Áp dụng sản phẩm từ 5.000.000đ trở lên.
?
Giảm 500.000đ
Áp dụng sản phẩm từ 5.000.000đ trở lên.
?";https://www.thegioididong.com/dtdd/iphone-air;Skipped
MacBook Air 13 inch M4 16GB/256GB;Bạc;Yes;26490000;23990000;2026-01-10;"Khuyến mãi trị giá 800.000₫

Giá và khuyến mãi dự kiến áp dụng đến 23:59 | 31/01
1

Phiếu mua hàng Chuột, Bàn phím (Apple) trị giá 500,000đ

2

Tặng Phiếu mua hàng Balo, Túi chống sốc (giá trị trên 1,000,000đ) trị giá 300,000đ

3

Tặng Phiếu mua hàng trị giá 300.000đ Áp dụng mua Máy in

4

Tặng Phiếu mua hàng Màn hình máy tính trị giá 300.000đ";"Ưu đãi thanh toán Online (Click chọn để áp dụng)
Giảm 1.000.000đ
Áp dụng sản phẩm từ 10.000.000đ trở lên.
?
Giảm 250.000đ
Áp dụng sản phẩm từ 5.000.000đ trở lên.
?
Giảm 500.000đ
Áp dụng sản phẩm từ 5.000.000đ trở lên.
?";https://www.thegioididong.com/laptop/macbook-air-13-inch-m4-16gb-256gb;Skipped
MacBook Air 13 inch M4 16GB/256GB Sạc 70W;Xanh đen;Yes;27090000;25490000;2026-01-10;"Khuyến mãi trị giá 800.000₫

Giá và khuyến mãi dự kiến áp dụng đến 23:59 | 31/01
1

Phiếu mua hàng Chuột, Bàn phím (Apple) trị giá 500,000đ

2

Tặng Phiếu mua hàng Balo, Túi chống sốc (giá trị trên 1,000,000đ) trị giá 300,000đ

3

Tặng Phiếu mua hàng trị giá 300.000đ Áp dụng mua Máy in

4

Tặng Phiếu mua hàng Màn hình máy tính trị giá 300.000đ";"Ưu đãi thanh toán Online (Click chọn để áp dụng)
Giảm 1.000.000đ
Áp dụng sản phẩm từ 10.000.000đ trở lên.
?
Giảm 250.000đ
Áp dụng sản phẩm từ 5.000.000đ trở lên.
?
Giảm 500.000đ
Áp dụng sản phẩm từ 5.000.000đ trở lên.
?";https://www.thegioididong.com/laptop/macbook-air-13-inch-m4-16gb-256gb-sac-70w;Skipped
iPhone 17 Pro 1TB;Cam Vũ Trụ;Yes;47990000;47290000;2026-01-10;"Khuyến mãi

Giá và khuyến mãi có thể kết thúc sớm hơn dự kiến
1

Tặng phiếu mua hàng Apple Watch trị giá 1,000,000đ

2

Tặng phiếu mua hàng Macbook trị giá 700,000đ

3

Phiếu mua hàng Airpods trị giá 500.000đ

4

Tặng PMH Phụ kiện bảo vệ iPhone 17 (đơn trên 500.000đ, trừ hãng Apple/ Beats) trị giá 100.000đ";"Ưu đãi thanh toán Online (Click chọn để áp dụng)
Giảm 1.000.000đ
Áp dụng sản phẩm từ 10.000.000đ trở lên.
?
Giảm 250.000đ
Áp dụng sản phẩm từ 5.000.000đ trở lên.
?
Giảm 500.000đ
Áp dụng sản phẩm từ 5.000.000đ trở lên.
?";https://www.thegioididong.com/dtdd/iphone-17-pro;Skipped
iPhone 17 Pro Max 2TB;Xanh đậm;Yes;100000;63990000;2026-01-10;"Khuyến mãi

Giá và khuyến mãi dự kiến áp dụng đến 23:59 | 31/01
1

Tặng phiếu mua hàng Apple Watch trị giá 1,000,000đ

2

Tặng phiếu mua hàng Macbook trị giá 700,000đ

3

Phiếu mua hàng Airpods trị giá 500.000đ

4

Tặng PMH Phụ kiện bảo vệ iPhone 17 (đơn trên 500.000đ, trừ hãng Apple/ Beats) trị giá 100.000đ

5

Thu cũ đổi mới: Giảm đến 2,000,000đ (Không kèm ưu đãi thanh toán qua cổng, mua kèm) Xem chi tiết";"Ưu đãi thanh toán Online (Click chọn để áp dụng)
Giảm 1.000.000đ
Áp dụng sản phẩm từ 10.000.000đ trở lên.
?
Giảm 250.000đ
Áp dụng sản phẩm từ 5.000.000đ trở lên.
?
Giảm 500.000đ
Áp dụng sản phẩm từ 5.000.000đ trở lên.
?";https://www.thegioididong.com/dtdd/iphone-17-pro-max;Skipped
iPhone 17 512GB;Xanh Lam Khói;Yes;100000;31490000;2026-01-10;;;https://www.thegioididong.com/dtdd/iphone-17;Skipped
MacBook Air 13 inch M4 16GB/256GB Sạc 70W;Vàng;Yes;27090000;25490000;2026-01-10;"Khuyến mãi trị giá 800.000₫

Giá và khuyến mãi dự kiến áp dụng đến 23:59 | 31/01
1

Phiếu mua hàng Chuột, Bàn phím (Apple) trị giá 500,000đ

2

Tặng Phiếu mua hàng Balo, Túi chống sốc (giá trị trên 1,000,000đ) trị giá 300,000đ

3

Tặng Phiếu mua hàng trị giá 300.000đ Áp dụng mua Máy in

4

Tặng Phiếu mua hàng Màn hình máy tính trị giá 300.000đ";"Ưu đãi thanh toán Online (Click chọn để áp dụng)
Giảm 1.000.000đ
Áp dụng sản phẩm từ 10.000.000đ trở lên.
?
Giảm 250.000đ
Áp dụng sản phẩm từ 5.000.000đ trở lên.
?
Giảm 500.000đ
Áp dụng sản phẩm từ 5.000.000đ trở lên.
?";https://www.thegioididong.com/laptop/macbook-air-13-inch-m4-16gb-256gb-sac-70w;Skipped
iPhone Air 1TB;Đen Không Gian;Yes;44990000;37990000;2026-01-10;"Khuyến mãi

Giá và khuyến mãi dự kiến áp dụng đến 23:59 | 11/01
1

Tặng phiếu mua hàng Apple Watch trị giá 1,000,000đ

2

Tặng phiếu mua hàng Macbook trị giá 700,000đ

3

Phiếu mua hàng Airpods trị giá 500.000đ

4

Tặng PMH Phụ kiện bảo vệ iPhone 17 (đơn trên 500.000đ, trừ hãng Apple/ Beats) trị giá 100.000đ

5

Thu cũ đổi mới: Giảm đến 2,000,000đ (Không kèm ưu đãi thanh toán qua cổng, mua kèm) Xem chi tiết";"Ưu đãi thanh toán Online (Click chọn để áp dụng)
Giảm 1.000.000đ
Áp dụng sản phẩm từ 10.000.000đ trở lên.
?
Giảm 250.000đ
Áp dụng sản phẩm từ 5.000.000đ trở lên.
?
Giảm 500.000đ
Áp dụng sản phẩm từ 5.000.000đ trở lên.
?";https://www.thegioididong.com/dtdd/iphone-air;Skipped
iPhone 17 Pro 1TB;Xanh đậm;Yes;47990000;47290000;2026-01-10;"Khuyến mãi

Giá và khuyến mãi có thể kết thúc sớm hơn dự kiến
1

Tặng phiếu mua hàng Apple Watch trị giá 1,000,000đ

2

Tặng phiếu mua hàng Macbook trị giá 700,000đ

3

Phiếu mua hàng Airpods trị giá 500.000đ

4

Tặng PMH Phụ kiện bảo vệ iPhone 17 (đơn trên 500.000đ, trừ hãng Apple/ Beats) trị giá 100.000đ";"Ưu đãi thanh toán Online (Click chọn để áp dụng)
Giảm 1.000.000đ
Áp dụng sản phẩm từ 10.000.000đ trở lên.
?
Giảm 250.000đ
Áp dụng sản phẩm từ 5.000.000đ trở lên.
?
Giảm 500.000đ
Áp dụng sản phẩm từ 5.000.000đ trở lên.
?";https://www.thegioididong.com/dtdd/iphone-17-pro;Skipped
MacBook Air 13 inch M4 16GB/256GB;Xanh đen;Yes;26490000;23990000;2026-01-10;"Khuyến mãi trị giá 800.000₫

Giá và khuyến mãi dự kiến áp dụng đến 23:59 | 31/01
1

Phiếu mua hàng Chuột, Bàn phím (Apple) trị giá 500,000đ

2

Tặng Phiếu mua hàng Balo, Túi chống sốc (giá trị trên 1,000,000đ) trị giá 300,000đ

3

Tặng Phiếu mua hàng trị giá 300.000đ Áp dụng mua Máy in

4

Tặng Phiếu mua hàng Màn hình máy tính trị giá 300.000đ";"Ưu đãi thanh toán Online (Click chọn để áp dụng)
Giảm 1.000.000đ
Áp dụng sản phẩm từ 10.000.000đ trở lên.
?
Giảm 250.000đ
Áp dụng sản phẩm từ 5.000.000đ trở lên.
?
Giảm 500.000đ
Áp dụng sản phẩm từ 5.000.000đ trở lên.
?";https://www.thegioididong.com/laptop/macbook-air-13-inch-m4-16gb-256gb;Skipped
iPhone 17 Pro Max 2TB;Bạc;Yes;380000;63990000;2026-01-10;"Khuyến mãi

Giá và khuyến mãi dự kiến áp dụng đến 23:59 | 31/01
1

Tặng phiếu mua hàng Apple Watch trị giá 1,000,000đ

2

Tặng phiếu mua hàng Macbook trị giá 700,000đ

3

Phiếu mua hàng Airpods trị giá 500.000đ

4

Tặng PMH Phụ kiện bảo vệ iPhone 17 (đơn trên 500.000đ, trừ hãng Apple/ Beats) trị giá 100.000đ

5

Thu cũ đổi mới: Giảm đến 2,000,000đ (Không kèm ưu đãi thanh toán qua cổng, mua kèm) Xem chi tiết";"Ưu đãi thanh toán Online (Click chọn để áp dụng)
Giảm 1.000.000đ
Áp dụng sản phẩm từ 10.000.000đ trở lên.
?
Giảm 250.000đ
Áp dụng sản phẩm từ 5.000.000đ trở lên.
?
Giảm 500.000đ
Áp dụng sản phẩm từ 5.000.000đ trở lên.
?";https://www.thegioididong.com/dtdd/iphone-17-pro-max;Skipped
iPhone 17 512GB;Xanh Lá Xô Thơm;Yes;100000;31490000;2026-01-10;;;https://www.thegioididong.com/dtdd/iphone-17;Skipped
iPhone Air 1TB;Xanh da trời;Yes;44990000;37990000;2026-01-10;"Khuyến mãi

Giá và khuyến mãi dự kiến áp dụng đến 23:59 | 11/01
1

Tặng phiếu mua hàng Apple Watch trị giá 1,000,000đ

2

Tặng phiếu mua hàng Macbook trị giá 700,000đ

3

Phiếu mua hàng Airpods trị giá 500.000đ

4

Tặng PMH Phụ kiện bảo vệ iPhone 17 (đơn trên 500.000đ, trừ hãng Apple/ Beats) trị giá 100.000đ

5

Thu cũ đổi mới: Giảm đến 2,000,000đ (Không kèm ưu đãi thanh toán qua cổng, mua kèm) Xem chi tiết";"Ưu đãi thanh toán Online (Click chọn để áp dụng)
Giảm 1.000.000đ
Áp dụng sản phẩm từ 10.000.000đ trở lên.
?
Giảm 250.000đ
Áp dụng sản phẩm từ 5.000.000đ trở lên.
?
Giảm 500.000đ
Áp dụng sản phẩm từ 5.000.000đ trở lên.
?";https://www.thegioididong.com/dtdd/iphone-air;Skipped
MacBook Air 13 inch M4 24GB/256GB;Xanh da trời nhạt;No;31390000;30390000;2026-01-10;"Khuyến mãi trị giá 800.000₫

Giá và khuyến mãi dự kiến áp dụng đến 23:59 | 31/01
1

Phiếu mua hàng Chuột, Bàn phím (Apple) trị giá 500,000đ

2

Tặng Phiếu mua hàng Balo, Túi chống sốc (giá trị trên 1,000,000đ) trị giá 300,000đ

3

Tặng Phiếu mua hàng trị giá 300.000đ Áp dụng mua Máy in

4

Tặng Phiếu mua hàng Màn hình máy tính trị giá 300.000đ";;https://www.thegioididong.com/laptop/macbook-air-13-inch-m4-24gb-256gb;DEBUG_OOS_MacBook Air 13 inch M4 24GB/256GB_Xanh da trời nhạt_093354.png
MacBook Air 13 inch M4 16GB/256GB;Vàng;Yes;26490000;23990000;2026-01-10;"Khuyến mãi trị giá 800.000₫

Giá và khuyến mãi dự kiến áp dụng đến 23:59 | 31/01
1

Phiếu mua hàng Chuột, Bàn phím (Apple) trị giá 500,000đ

2

Tặng Phiếu mua hàng Balo, Túi chống sốc (giá trị trên 1,000,000đ) trị giá 300,000đ

3

Tặng Phiếu mua hàng trị giá 300.000đ Áp dụng mua Máy in

4

Tặng Phiếu mua hàng Màn hình máy tính trị giá 300.000đ";"Ưu đãi thanh toán Online (Click chọn để áp dụng)
Giảm 1.000.000đ
Áp dụng sản phẩm từ 10.000.000đ trở lên.
?
Giảm 250.000đ
Áp dụng sản phẩm từ 5.000.000đ trở lên.
?
Giảm 500.000đ
Áp dụng sản phẩm từ 5.000.000đ trở lên.
?";https://www.thegioididong.com/laptop/macbook-air-13-inch-m4-16gb-256gb;Skipped
iPhone 17 Pro Max 2TB;Cam Vũ Trụ;Yes;63990000;63290000;2026-01-10;"Khuyến mãi

Giá và khuyến mãi có thể kết thúc sớm hơn dự kiến
1

Tặng phiếu mua hàng Apple Watch trị giá 1,000,000đ

2

Tặng phiếu mua hàng Macbook trị giá 700,000đ

3

Phiếu mua hàng Airpods trị giá 500.000đ

4

Tặng PMH Phụ kiện bảo vệ iPhone 17 (đơn trên 500.000đ, trừ hãng Apple/ Beats) trị giá 100.000đ";"Ưu đãi thanh toán Online (Click chọn để áp dụng)
Giảm 1.000.000đ
Áp dụng sản phẩm từ 10.000.000đ trở lên.
?
Giảm 250.000đ
Áp dụng sản phẩm từ 5.000.000đ trở lên.
?
Giảm 500.000đ
Áp dụng sản phẩm từ 5.000.000đ trở lên.
?";https://www.thegioididong.com/dtdd/iphone-17-pro-max;Skipped
MacBook Air 13 inch M4 32GB/256GB;Xanh da trời nhạt;Yes;36290000;33990000;2026-01-10;"Khuyến mãi trị giá 800.000₫

Giá và khuyến mãi dự kiến áp dụng đến 23:59 | 31/01
1

Phiếu mua hàng Chuột, Bàn phím (Apple) trị giá 500,000đ

2

Tặng Phiếu mua hàng Balo, Túi chống sốc (giá trị trên 1,000,000đ) trị giá 300,000đ

3

Tặng Phiếu mua hàng trị giá 300.000đ Áp dụng mua Máy in

4

Tặng Phiếu mua hàng Màn hình máy tính trị giá 300.000đ";"Ưu đãi thanh toán Online (Click chọn để áp dụng)
Giảm 1.000.000đ
Áp dụng sản phẩm từ 10.000.000đ trở lên.
?
Giảm 250.000đ
Áp dụng sản phẩm từ 5.000.000đ trở lên.
?
Giảm 500.000đ
Áp dụng sản phẩm từ 5.000.000đ trở lên.
?";https://www.thegioididong.com/laptop/macbook-air-13-inch-m4-32gb-256gb;Skipped
MacBook Air 13 inch M4 24GB/256GB;Xanh đen;No;31390000;30390000;2026-01-10;"Khuyến mãi trị giá 800.000₫

Giá và khuyến mãi dự kiến áp dụng đến 23:59 | 31/01
1

Phiếu mua hàng Chuột, Bàn phím (Apple) trị giá 500,000đ

2

Tặng Phiếu mua hàng Balo, Túi chống sốc (giá trị trên 1,000,000đ) trị giá 300,000đ

3

Tặng Phiếu mua hàng trị giá 300.000đ Áp dụng mua Máy in

4

Tặng Phiếu mua hàng Màn hình máy tính trị giá 300.000đ";;https://www.thegioididong.com/laptop/macbook-air-13-inch-m4-24gb-256gb;DEBUG_OOS_MacBook Air 13 inch M4 24GB/256GB_Xanh đen_093358.png
iPhone 17 512GB;Trắng;Yes;100000;31490000;2026-01-10;;;https://www.thegioididong.com/dtdd/iphone-17;Skipped
iPhone Air 1TB;Vàng Nhạt;Yes;44990000;37990000;2026-01-10;"Khuyến mãi

Giá và khuyến mãi dự kiến áp dụng đến 23:59 | 11/01
1

Tặng phiếu mua hàng Apple Watch trị giá 1,000,000đ

2

Tặng phiếu mua hàng Macbook trị giá 700,000đ

3

Phiếu mua hàng Airpods trị giá 500.000đ

4

Tặng PMH Phụ kiện bảo vệ iPhone 17 (đơn trên 500.000đ, trừ hãng Apple/ Beats) trị giá 100.000đ

5

Thu cũ đổi mới: Giảm đến 2,000,000đ (Không kèm ưu đãi thanh toán qua cổng, mua kèm) Xem chi tiết";"Ưu đãi thanh toán Online (Click chọn để áp dụng)
Giảm 1.000.000đ
Áp dụng sản phẩm từ 10.000.000đ trở lên.
?
Giảm 250.000đ
Áp dụng sản phẩm từ 5.000.000đ trở lên.
?
Giảm 500.000đ
Áp dụng sản phẩm từ 5.000.000đ trở lên.
?";https://www.thegioididong.com/dtdd/iphone-air;Skipped
MacBook Air 13 inch M4 16GB/256GB;Xanh da trời nhạt;Yes;26490000;23990000;2026-01-10;"Khuyến mãi trị giá 800.000₫

Giá và khuyến mãi dự kiến áp dụng đến 23:59 | 31/01
1

Phiếu mua hàng Chuột, Bàn phím (Apple) trị giá 500,000đ

2

Tặng Phiếu mua hàng Balo, Túi chống sốc (giá trị trên 1,000,000đ) trị giá 300,000đ

3

Tặng Phiếu mua hàng trị giá 300.000đ Áp dụng mua Máy in

4

Tặng Phiếu mua hàng Màn hình máy tính trị giá 300.000đ";"Ưu đãi thanh toán Online (Click chọn để áp dụng)
Giảm 1.000.000đ
Áp dụng sản phẩm từ 10.000.000đ trở lên.
?
Giảm 250.000đ
Áp dụng sản phẩm từ 5.000.000đ trở lên.
?
Giảm 500.000đ
Áp dụng sản phẩm từ 5.000.000đ trở lên.
?";https://www.thegioididong.com/laptop/macbook-air-13-inch-m4-16gb-256gb;Skipped
MacBook Air 13 inch M4 32GB/256GB;Xanh đen;No;36290000;34490000;2026-01-10;"Khuyến mãi trị giá 800.000₫

Giá và khuyến mãi dự kiến áp dụng đến 23:59 | 31/01
1

Phiếu mua hàng Chuột, Bàn phím (Apple) trị giá 500,000đ

2

Tặng Phiếu mua hàng Balo, Túi chống sốc (giá trị trên 1,000,000đ) trị giá 300,000đ

3

Tặng Phiếu mua hàng trị giá 300.000đ Áp dụng mua Máy in

4

Tặng Phiếu mua hàng Màn hình máy tính trị giá 300.000đ";;https://www.thegioididong.com/laptop/macbook-air-13-inch-m4-32gb-256gb;DEBUG_OOS_MacBook Air 13 inch M4 32GB/256GB_Xanh đen_093401.png
iPhone 17 Pro Max 2TB;Xanh đậm;Yes;100000;63990000;2026-01-10;"Khuyến mãi

Giá và khuyến mãi dự kiến áp dụng đến 23:59 | 31/01
1

Tặng phiếu mua hàng Apple Watch trị giá 1,000,000đ

2

Tặng phiếu mua hàng Macbook trị giá 700,000đ

3

Phiếu mua hàng Airpods trị giá 500.000đ

4

Tặng PMH Phụ kiện bảo vệ iPhone 17 (đơn trên 500.000đ, trừ hãng Apple/ Beats) trị giá 100.000đ

5

Thu cũ đổi mới: Giảm đến 2,000,000đ (Không kèm ưu đãi thanh toán qua cổng, mua kèm) Xem chi tiết";"Ưu đãi thanh toán Online (Click chọn để áp dụng)
Giảm 1.000.000đ
Áp dụng sản phẩm từ 10.000.000đ trở lên.
?
Giảm 250.000đ
Áp dụng sản phẩm từ 5.000.000đ trở lên.
?
Giảm 500.000đ
Áp dụng sản phẩm từ 5.000.000đ trở lên.
?";https://www.thegioididong.com/dtdd/iphone-17-pro-max;Skipped
iPhone 17 512GB;Tím Oải Hương;No;100000;31490000;2026-01-10;;;https://www.thegioididong.com/dtdd/iphone-17;DEBUG_OOS_iPhone 17 512GB_Tím Oải Hương_093401.png
MacBook Air 13 inch M4 24GB/256GB;Vàng;No;31390000;30390000;2026-01-10;"Khuyến mãi trị giá 800.000₫

Giá và khuyến mãi dự kiến áp dụng đến 23:59 | 31/01
1

Phiếu mua hàng Chuột, Bàn phím (Apple) trị giá 500,000đ

2

Tặng Phiếu mua hàng Balo, Túi chống sốc (giá trị trên 1,000,000đ) trị giá 300,000đ

3

Tặng Phiếu mua hàng trị giá 300.000đ Áp dụng mua Máy in

4

Tặng Phiếu mua hàng Màn hình máy tính trị giá 300.000đ";;https://www.thegioididong.com/laptop/macbook-air-13-inch-m4-24gb-256gb;DEBUG_OOS_MacBook Air 13 inch M4 24GB/256GB_Vàng_093401.png
iPhone 17 512GB;Đen;No;100000;31490000;2026-01-10;;;https://www.thegioididong.com/dtdd/iphone-17;DEBUG_OOS_iPhone 17 512GB_Đen_093405.png
iPhone Air 1TB;Trắng Mây;Yes;44990000;37990000;2026-01-10;"Khuyến mãi

Giá và khuyến mãi dự kiến áp dụng đến 23:59 | 11/01
1

Tặng phiếu mua hàng Apple Watch trị giá 1,000,000đ

2

Tặng phiếu mua hàng Macbook trị giá 700,000đ

3

Phiếu mua hàng Airpods trị giá 500.000đ

4

Tặng PMH Phụ kiện bảo vệ iPhone 17 (đơn trên 500.000đ, trừ hãng Apple/ Beats) trị giá 100.000đ

5

Thu cũ đổi mới: Giảm đến 2,000,000đ (Không kèm ưu đãi thanh toán qua cổng, mua kèm) Xem chi tiết";"Ưu đãi thanh toán Online (Click chọn để áp dụng)
Giảm 1.000.000đ
Áp dụng sản phẩm từ 10.000.000đ trở lên.
?
Giảm 250.000đ
Áp dụng sản phẩm từ 5.000.000đ trở lên.
?
Giảm 500.000đ
Áp dụng sản phẩm từ 5.000.000đ trở lên.
?";https://www.thegioididong.com/dtdd/iphone-air;Skipped
MacBook Air 13 inch M4 32GB/256GB;Vàng;No;36290000;34490000;2026-01-10;"Khuyến mãi trị giá 800.000₫

Giá và khuyến mãi dự kiến áp dụng đến 23:59 | 31/01
1

Phiếu mua hàng Chuột, Bàn phím (Apple) trị giá 500,000đ

2

Tặng Phiếu mua hàng Balo, Túi chống sốc (giá trị trên 1,000,000đ) trị giá 300,000đ

3

Tặng Phiếu mua hàng trị giá 300.000đ Áp dụng mua Máy in

4

Tặng Phiếu mua hàng Màn hình máy tính trị giá 300.000đ";;https://www.thegioididong.com/laptop/macbook-air-13-inch-m4-32gb-256gb;DEBUG_OOS_MacBook Air 13 inch M4 32GB/256GB_Vàng_093406.png
MacBook Air 13 inch M4 24GB/256GB;Bạc;No;31390000;30390000;2026-01-10;"Khuyến mãi trị giá 800.000₫

Giá và khuyến mãi dự kiến áp dụng đến 23:59 | 31/01
1

Phiếu mua hàng Chuột, Bàn phím (Apple) trị giá 500,000đ

2

Tặng Phiếu mua hàng Balo, Túi chống sốc (giá trị trên 1,000,000đ) trị giá 300,000đ

3

Tặng Phiếu mua hàng trị giá 300.000đ Áp dụng mua Máy in

4

Tặng Phiếu mua hàng Màn hình máy tính trị giá 300.000đ";;https://www.thegioididong.com/laptop/macbook-air-13-inch-m4-24gb-256gb;DEBUG_OOS_MacBook Air 13 inch M4 24GB/256GB_Bạc_093406.png
MacBook Air 13 inch M4 16GB/256GB;Bạc;Yes;26490000;23990000;2026-01-10;"Khuyến mãi trị giá 800.000₫

Giá và khuyến mãi dự kiến áp dụng đến 23:59 | 31/01
1

Phiếu mua hàng Chuột, Bàn phím (Apple) trị giá 500,000đ

2

Tặng Phiếu mua hàng Balo, Túi chống sốc (giá trị trên 1,000,000đ) trị giá 300,000đ

3

Tặng Phiếu mua hàng trị giá 300.000đ Áp dụng mua Máy in

4

Tặng Phiếu mua hàng Màn hình máy tính trị giá 300.000đ";"Ưu đãi thanh toán Online (Click chọn để áp dụng)
Giảm 1.000.000đ
Áp dụng sản phẩm từ 10.000.000đ trở lên.
?
Giảm 250.000đ
Áp dụng sản phẩm từ 5.000.000đ trở lên.
?
Giảm 500.000đ
Áp dụng sản phẩm từ 5.000.000đ trở lên.
?";https://www.thegioididong.com/laptop/macbook-air-13-inch-m4-16gb-256gb;Skipped
iPhone 17 Pro Max 2TB;Bạc;Yes;380000;63990000;2026-01-10;"Khuyến mãi

Giá và khuyến mãi dự kiến áp dụng đến 23:59 | 31/01
1

Tặng phiếu mua hàng Apple Watch trị giá 1,000,000đ

2

Tặng phiếu mua hàng Macbook trị giá 700,000đ

3

Phiếu mua hàng Airpods trị giá 500.000đ

4

Tặng PMH Phụ kiện bảo vệ iPhone 17 (đơn trên 500.000đ, trừ hãng Apple/ Beats) trị giá 100.000đ

5

Thu cũ đổi mới: Giảm đến 2,000,000đ (Không kèm ưu đãi thanh toán qua cổng, mua kèm) Xem chi tiết";"Ưu đãi thanh toán Online (Click chọn để áp dụng)
Giảm 1.000.000đ
Áp dụng sản phẩm từ 10.000.000đ trở lên.
?
Giảm 250.000đ
Áp dụng sản phẩm từ 5.000.000đ trở lên.
?
Giảm 500.000đ
Áp dụng sản phẩm từ 5.000.000đ trở lên.
?";https://www.thegioididong.com/dtdd/iphone-17-pro-max;Skipped
iPhone Air 1TB;Đen Không Gian;Yes;44990000;37990000;2026-01-10;"Khuyến mãi

Giá và khuyến mãi dự kiến áp dụng đến 23:59 | 11/01
1

Tặng phiếu mua hàng Apple Watch trị giá 1,000,000đ

2

Tặng phiếu mua hàng Macbook trị giá 700,000đ

3

Phiếu mua hàng Airpods trị giá 500.000đ

4

Tặng PMH Phụ kiện bảo vệ iPhone 17 (đơn trên 500.000đ, trừ hãng Apple/ Beats) trị giá 100.000đ

5

Thu cũ đổi mới: Giảm đến 2,000,000đ (Không kèm ưu đãi thanh toán qua cổng, mua kèm) Xem chi tiết";"Ưu đãi thanh toán Online (Click chọn để áp dụng)
Giảm 1.000.000đ
Áp dụng sản phẩm từ 10.000.000đ trở lên.
?
Giảm 250.000đ
Áp dụng sản phẩm từ 5.000.000đ trở lên.
?
Giảm 500.000đ
Áp dụng sản phẩm từ 5.000.000đ trở lên.
?";https://www.thegioididong.com/dtdd/iphone-air;Skipped
MacBook Air 13 inch M4 32GB/256GB;Bạc;No;36290000;34490000;2026-01-10;"Khuyến mãi trị giá 800.000₫

Giá và khuyến mãi dự kiến áp dụng đến 23:59 | 31/01
1

Phiếu mua hàng Chuột, Bàn phím (Apple) trị giá 500,000đ

2

Tặng Phiếu mua hàng Balo, Túi chống sốc (giá trị trên 1,000,000đ) trị giá 300,000đ

3

Tặng Phiếu mua hàng trị giá 300.000đ Áp dụng mua Máy in

4

Tặng Phiếu mua hàng Màn hình máy tính trị giá 300.000đ";;https://www.thegioididong.com/laptop/macbook-air-13-inch-m4-32gb-256gb;DEBUG_OOS_MacBook Air 13 inch M4 32GB/256GB_Bạc_093418.png
MacBook Air 13 inch M4 24GB/256GB;Xanh da trời nhạt;No;31390000;30390000;2026-01-10;"Khuyến mãi trị giá 800.000₫

Giá và khuyến mãi dự kiến áp dụng đến 23:59 | 31/01
1

Phiếu mua hàng Chuột, Bàn phím (Apple) trị giá 500,000đ

2

Tặng Phiếu mua hàng Balo, Túi chống sốc (giá trị trên 1,000,000đ) trị giá 300,000đ

3

Tặng Phiếu mua hàng trị giá 300.000đ Áp dụng mua Máy in

4

Tặng Phiếu mua hàng Màn hình máy tính trị giá 300.000đ";;https://www.thegioididong.com/laptop/macbook-air-13-inch-m4-24gb-256gb;DEBUG_OOS_MacBook Air 13 inch M4 24GB/256GB_Xanh da trời nhạt_093418.png
iPhone 17 512GB;Xanh Lam Khói;Yes;100000;31490000;2026-01-10;;;https://www.thegioididong.com/dtdd/iphone-17;Skipped
MacBook Air 13 inch M4 16GB/256GB;Xanh đen;Yes;26490000;23990000;2026-01-10;"Khuyến mãi trị giá 800.000₫

Giá và khuyến mãi dự kiến áp dụng đến 23:59 | 31/01
1

Phiếu mua hàng Chuột, Bàn phím (Apple) trị giá 500,000đ

2

Tặng Phiếu mua hàng Balo, Túi chống sốc (giá trị trên 1,000,000đ) trị giá 300,000đ

3

Tặng Phiếu mua hàng trị giá 300.000đ Áp dụng mua Máy in

4

Tặng Phiếu mua hàng Màn hình máy tính trị giá 300.000đ";"Ưu đãi thanh toán Online (Click chọn để áp dụng)
Giảm 1.000.000đ
Áp dụng sản phẩm từ 10.000.000đ trở lên.
?
Giảm 250.000đ
Áp dụng sản phẩm từ 5.000.000đ trở lên.
?
Giảm 500.000đ
Áp dụng sản phẩm từ 5.000.000đ trở lên.
?";https://www.thegioididong.com/laptop/macbook-air-13-inch-m4-16gb-256gb;Skipped
MacBook Air 13 inch M4 24GB/256GB;Xanh đen;No;31390000;30390000;2026-01-10;"Khuyến mãi trị giá 800.000₫

Giá và khuyến mãi dự kiến áp dụng đến 23:59 | 31/01
1

Phiếu mua hàng Chuột, Bàn phím (Apple) trị giá 500,000đ

2

Tặng Phiếu mua hàng Balo, Túi chống sốc (giá trị trên 1,000,000đ) trị giá 300,000đ

3

Tặng Phiếu mua hàng trị giá 300.000đ Áp dụng mua Máy in

4

Tặng Phiếu mua hàng Màn hình máy tính trị giá 300.000đ";;https://www.thegioididong.com/laptop/macbook-air-13-inch-m4-24gb-256gb;DEBUG_OOS_MacBook Air 13 inch M4 24GB/256GB_Xanh đen_093429.png
iPhone 17 Pro Max 2TB;Cam Vũ Trụ;Yes;63990000;63290000;2026-01-10;"Khuyến mãi

Giá và khuyến mãi có thể kết thúc sớm hơn dự kiến
1

Tặng phiếu mua hàng Apple Watch trị giá 1,000,000đ

2

Tặng phiếu mua hàng Macbook trị giá 700,000đ

3

Phiếu mua hàng Airpods trị giá 500.000đ

4

Tặng PMH Phụ kiện bảo vệ iPhone 17 (đơn trên 500.000đ, trừ hãng Apple/ Beats) trị giá 100.000đ";"Ưu đãi thanh toán Online (Click chọn để áp dụng)
Giảm 1.000.000đ
Áp dụng sản phẩm từ 10.000.000đ trở lên.
?
Giảm 250.000đ
Áp dụng sản phẩm từ 5.000.000đ trở lên.
?
Giảm 500.000đ
Áp dụng sản phẩm từ 5.000.000đ trở lên.
?";https://www.thegioididong.com/dtdd/iphone-17-pro-max;Skipped
MacBook Air 13 inch M4 32GB/256GB;Xanh da trời nhạt;Yes;36290000;33990000;2026-01-10;"Khuyến mãi trị giá 800.000₫

Giá và khuyến mãi dự kiến áp dụng đến 23:59 | 31/01
1

Phiếu mua hàng Chuột, Bàn phím (Apple) trị giá 500,000đ

2

Tặng Phiếu mua hàng Balo, Túi chống sốc (giá trị trên 1,000,000đ) trị giá 300,000đ

3

Tặng Phiếu mua hàng trị giá 300.000đ Áp dụng mua Máy in

4

Tặng Phiếu mua hàng Màn hình máy tính trị giá 300.000đ";"Ưu đãi thanh toán Online (Click chọn để áp dụng)
Giảm 1.000.000đ
Áp dụng sản phẩm từ 10.000.000đ trở lên.
?
Giảm 250.000đ
Áp dụng sản phẩm từ 5.000.000đ trở lên.
?
Giảm 500.000đ
Áp dụng sản phẩm từ 5.000.000đ trở lên.
?";https://www.thegioididong.com/laptop/macbook-air-13-inch-m4-32gb-256gb;Skipped
MacBook Air 13 inch M4 24GB/256GB;Vàng;No;31390000;30390000;2026-01-10;"Khuyến mãi trị giá 800.000₫

Giá và khuyến mãi dự kiến áp dụng đến 23:59 | 31/01
1

Phiếu mua hàng Chuột, Bàn phím (Apple) trị giá 500,000đ

2

Tặng Phiếu mua hàng Balo, Túi chống sốc (giá trị trên 1,000,000đ) trị giá 300,000đ

3

Tặng Phiếu mua hàng trị giá 300.000đ Áp dụng mua Máy in

4

Tặng Phiếu mua hàng Màn hình máy tính trị giá 300.000đ";;https://www.thegioididong.com/laptop/macbook-air-13-inch-m4-24gb-256gb;DEBUG_OOS_MacBook Air 13 inch M4 24GB/256GB_Vàng_093439.png
iPhone 17 512GB;Xanh Lá Xô Thơm;Yes;100000;31490000;2026-01-10;;;https://www.thegioididong.com/dtdd/iphone-17;Skipped
iPhone Air 1TB;Xanh da trời;Yes;44990000;37990000;2026-01-10;"Khuyến mãi

Giá và khuyến mãi dự kiến áp dụng đến 23:59 | 11/01
1

Tặng phiếu mua hàng Apple Watch trị giá 1,000,000đ

2

Tặng phiếu mua hàng Macbook trị giá 700,000đ

3

Phiếu mua hàng Airpods trị giá 500.000đ

4

Tặng PMH Phụ kiện bảo vệ iPhone 17 (đơn trên 500.000đ, trừ hãng Apple/ Beats) trị giá 100.000đ

5

Thu cũ đổi mới: Giảm đến 2,000,000đ (Không kèm ưu đãi thanh toán qua cổng, mua kèm) Xem chi tiết";"Ưu đãi thanh toán Online (Click chọn để áp dụng)
Giảm 1.000.000đ
Áp dụng sản phẩm từ 10.000.000đ trở lên.
?
Giảm 250.000đ
Áp dụng sản phẩm từ 5.000.000đ trở lên.
?
Giảm 500.000đ
Áp dụng sản phẩm từ 5.000.000đ trở lên.
?";https://www.thegioididong.com/dtdd/iphone-air;Skipped
MacBook Air 13 inch M4 32GB/256GB;Xanh đen;No;36290000;34490000;2026-01-10;"Khuyến mãi trị giá 800.000₫

Giá và khuyến mãi dự kiến áp dụng đến 23:59 | 31/01
1

Phiếu mua hàng Chuột, Bàn phím (Apple) trị giá 500,000đ

2

Tặng Phiếu mua hàng Balo, Túi chống sốc (giá trị trên 1,000,000đ) trị giá 300,000đ

3

Tặng Phiếu mua hàng trị giá 300.000đ Áp dụng mua Máy in

4

Tặng Phiếu mua hàng Màn hình máy tính trị giá 300.000đ";;https://www.thegioididong.com/laptop/macbook-air-13-inch-m4-32gb-256gb;DEBUG_OOS_MacBook Air 13 inch M4 32GB/256GB_Xanh đen_093440.png
iPhone 17 Pro Max 2TB;Xanh đậm;Yes;100000;63990000;2026-01-10;"Khuyến mãi

Giá và khuyến mãi dự kiến áp dụng đến 23:59 | 31/01
1

Tặng phiếu mua hàng Apple Watch trị giá 1,000,000đ

2

Tặng phiếu mua hàng Macbook trị giá 700,000đ

3

Phiếu mua hàng Airpods trị giá 500.000đ

4

Tặng PMH Phụ kiện bảo vệ iPhone 17 (đơn trên 500.000đ, trừ hãng Apple/ Beats) trị giá 100.000đ

5

Thu cũ đổi mới: Giảm đến 2,000,000đ (Không kèm ưu đãi thanh toán qua cổng, mua kèm) Xem chi tiết";"Ưu đãi thanh toán Online (Click chọn để áp dụng)
Giảm 1.000.000đ
Áp dụng sản phẩm từ 10.000.000đ trở lên.
?
Giảm 250.000đ
Áp dụng sản phẩm từ 5.000.000đ trở lên.
?
Giảm 500.000đ
Áp dụng sản phẩm từ 5.000.000đ trở lên.
?";https://www.thegioididong.com/dtdd/iphone-17-pro-max;Skipped
MacBook Air 13 inch M4 24GB/256GB;Bạc;No;31390000;30390000;2026-01-10;"Khuyến mãi trị giá 800.000₫

Giá và khuyến mãi dự kiến áp dụng đến 23:59 | 31/01
1

Phiếu mua hàng Chuột, Bàn phím (Apple) trị giá 500,000đ

2

Tặng Phiếu mua hàng Balo, Túi chống sốc (giá trị trên 1,000,000đ) trị giá 300,000đ

3

Tặng Phiếu mua hàng trị giá 300.000đ Áp dụng mua Máy in

4

Tặng Phiếu mua hàng Màn hình máy tính trị giá 300.000đ";;https://www.thegioididong.com/laptop/macbook-air-13-inch-m4-24gb-256gb;DEBUG_OOS_MacBook Air 13 inch M4 24GB/256GB_Bạc_093443.png
MacBook Air 13 inch M4 16GB/256GB;Vàng;Yes;26490000;23990000;2026-01-10;"Khuyến mãi trị giá 800.000₫

Giá và khuyến mãi dự kiến áp dụng đến 23:59 | 31/01
1

Phiếu mua hàng Chuột, Bàn phím (Apple) trị giá 500,000đ

2

Tặng Phiếu mua hàng Balo, Túi chống sốc (giá trị trên 1,000,000đ) trị giá 300,000đ

3

Tặng Phiếu mua hàng trị giá 300.000đ Áp dụng mua Máy in

4

Tặng Phiếu mua hàng Màn hình máy tính trị giá 300.000đ";"Ưu đãi thanh toán Online (Click chọn để áp dụng)
Giảm 1.000.000đ
Áp dụng sản phẩm từ 10.000.000đ trở lên.
?
Giảm 250.000đ
Áp dụng sản phẩm từ 5.000.000đ trở lên.
?
Giảm 500.000đ
Áp dụng sản phẩm từ 5.000.000đ trở lên.
?";https://www.thegioididong.com/laptop/macbook-air-13-inch-m4-16gb-256gb;Skipped
MacBook Air 13 inch M4 32GB/256GB;Vàng;No;36290000;34490000;2026-01-10;"Khuyến mãi trị giá 800.000₫

Giá và khuyến mãi dự kiến áp dụng đến 23:59 | 31/01
1

Phiếu mua hàng Chuột, Bàn phím (Apple) trị giá 500,000đ

2

Tặng Phiếu mua hàng Balo, Túi chống sốc (giá trị trên 1,000,000đ) trị giá 300,000đ

3

Tặng Phiếu mua hàng trị giá 300.000đ Áp dụng mua Máy in

4

Tặng Phiếu mua hàng Màn hình máy tính trị giá 300.000đ";;https://www.thegioididong.com/laptop/macbook-air-13-inch-m4-32gb-256gb;DEBUG_OOS_MacBook Air 13 inch M4 32GB/256GB_Vàng_093449.png
iPhone Air 1TB;Vàng Nhạt;Yes;44990000;37990000;2026-01-10;"Khuyến mãi

Giá và khuyến mãi dự kiến áp dụng đến 23:59 | 11/01
1

Tặng phiếu mua hàng Apple Watch trị giá 1,000,000đ

2

Tặng phiếu mua hàng Macbook trị giá 700,000đ

3

Phiếu mua hàng Airpods trị giá 500.000đ

4

Tặng PMH Phụ kiện bảo vệ iPhone 17 (đơn trên 500.000đ, trừ hãng Apple/ Beats) trị giá 100.000đ

5

Thu cũ đổi mới: Giảm đến 2,000,000đ (Không kèm ưu đãi thanh toán qua cổng, mua kèm) Xem chi tiết";"Ưu đãi thanh toán Online (Click chọn để áp dụng)
Giảm 1.000.000đ
Áp dụng sản phẩm từ 10.000.000đ trở lên.
?
Giảm 250.000đ
Áp dụng sản phẩm từ 5.000.000đ trở lên.
?
Giảm 500.000đ
Áp dụng sản phẩm từ 5.000.000đ trở lên.
?";https://www.thegioididong.com/dtdd/iphone-air;Skipped
iPhone 17 512GB;Trắng;Yes;100000;31490000;2026-01-10;;;https://www.thegioididong.com/dtdd/iphone-17;Skipped
MacBook Air 13 inch M4 32GB/256GB;Bạc;No;36290000;34490000;2026-01-10;"Khuyến mãi trị giá 800.000₫

Giá và khuyến mãi dự kiến áp dụng đến 23:59 | 31/01
1

Phiếu mua hàng Chuột, Bàn phím (Apple) trị giá 500,000đ

2

Tặng Phiếu mua hàng Balo, Túi chống sốc (giá trị trên 1,000,000đ) trị giá 300,000đ

3

Tặng Phiếu mua hàng trị giá 300.000đ Áp dụng mua Máy in

4

Tặng Phiếu mua hàng Màn hình máy tính trị giá 300.000đ";;https://www.thegioididong.com/laptop/macbook-air-13-inch-m4-32gb-256gb;DEBUG_OOS_MacBook Air 13 inch M4 32GB/256GB_Bạc_093453.png
MacBook Air 13 inch M4 24GB/256GB;Xanh da trời nhạt;No;31390000;30390000;2026-01-10;"Khuyến mãi trị giá 800.000₫

Giá và khuyến mãi dự kiến áp dụng đến 23:59 | 31/01
1

Phiếu mua hàng Chuột, Bàn phím (Apple) trị giá 500,000đ

2

Tặng Phiếu mua hàng Balo, Túi chống sốc (giá trị trên 1,000,000đ) trị giá 300,000đ

3

Tặng Phiếu mua hàng trị giá 300.000đ Áp dụng mua Máy in

4

Tặng Phiếu mua hàng Màn hình máy tính trị giá 300.000đ";;https://www.thegioididong.com/laptop/macbook-air-13-inch-m4-24gb-256gb;DEBUG_OOS_MacBook Air 13 inch M4 24GB/256GB_Xanh da trời nhạt_093453.png
iPhone 17 Pro Max 2TB;Bạc;Yes;380000;63990000;2026-01-10;"Khuyến mãi

Giá và khuyến mãi dự kiến áp dụng đến 23:59 | 31/01
1

Tặng phiếu mua hàng Apple Watch trị giá 1,000,000đ

2

Tặng phiếu mua hàng Macbook trị giá 700,000đ

3

Phiếu mua hàng Airpods trị giá 500.000đ

4

Tặng PMH Phụ kiện bảo vệ iPhone 17 (đơn trên 500.000đ, trừ hãng Apple/ Beats) trị giá 100.000đ

5

Thu cũ đổi mới: Giảm đến 2,000,000đ (Không kèm ưu đãi thanh toán qua cổng, mua kèm) Xem chi tiết";"Ưu đãi thanh toán Online (Click chọn để áp dụng)
Giảm 1.000.000đ
Áp dụng sản phẩm từ 10.000.000đ trở lên.
?
Giảm 250.000đ
Áp dụng sản phẩm từ 5.000.000đ trở lên.
?
Giảm 500.000đ
Áp dụng sản phẩm từ 5.000.000đ trở lên.
?";https://www.thegioididong.com/dtdd/iphone-17-pro-max;Skipped
MacBook Air 13 inch M4 16GB/256GB;Xanh da trời nhạt;Yes;26490000;23990000;2026-01-10;"Khuyến mãi trị giá 800.000₫

Giá và khuyến mãi dự kiến áp dụng đến 23:59 | 31/01
1

Phiếu mua hàng Chuột, Bàn phím (Apple) trị giá 500,000đ

2

Tặng Phiếu mua hàng Balo, Túi chống sốc (giá trị trên 1,000,000đ) trị giá 300,000đ

3

Tặng Phiếu mua hàng trị giá 300.000đ Áp dụng mua Máy in

4

Tặng Phiếu mua hàng Màn hình máy tính trị giá 300.000đ";"Ưu đãi thanh toán Online (Click chọn để áp dụng)
Giảm 1.000.000đ
Áp dụng sản phẩm từ 10.000.000đ trở lên.
?
Giảm 250.000đ
Áp dụng sản phẩm từ 5.000.000đ trở lên.
?
Giảm 500.000đ
Áp dụng sản phẩm từ 5.000.000đ trở lên.
?";https://www.thegioididong.com/laptop/macbook-air-13-inch-m4-16gb-256gb;Skipped
iPhone 17 512GB;Tím Oải Hương;No;100000;31490000;2026-01-10;;;https://www.thegioididong.com/dtdd/iphone-17;DEBUG_OOS_iPhone 17 512GB_Tím Oải Hương_093457.png
iPhone Air 1TB;Trắng Mây;Yes;44990000;37990000;2026-01-10;"Khuyến mãi

Giá và khuyến mãi dự kiến áp dụng đến 23:59 | 11/01
1

Tặng phiếu mua hàng Apple Watch trị giá 1,000,000đ

2

Tặng phiếu mua hàng Macbook trị giá 700,000đ

3

Phiếu mua hàng Airpods trị giá 500.000đ

4

Tặng PMH Phụ kiện bảo vệ iPhone 17 (đơn trên 500.000đ, trừ hãng Apple/ Beats) trị giá 100.000đ

5

Thu cũ đổi mới: Giảm đến 2,000,000đ (Không kèm ưu đãi thanh toán qua cổng, mua kèm) Xem chi tiết";"Ưu đãi thanh toán Online (Click chọn để áp dụng)
Giảm 1.000.000đ
Áp dụng sản phẩm từ 10.000.000đ trở lên.
?
Giảm 250.000đ
Áp dụng sản phẩm từ 5.000.000đ trở lên.
?
Giảm 500.000đ
Áp dụng sản phẩm từ 5.000.000đ trở lên.
?";https://www.thegioididong.com/dtdd/iphone-air;Skipped
MacBook Air 13 inch M4 24GB/256GB;Xanh đen;No;31390000;30390000;2026-01-10;"Khuyến mãi trị giá 800.000₫

Giá và khuyến mãi dự kiến áp dụng đến 23:59 | 31/01
1

Phiếu mua hàng Chuột, Bàn phím (Apple) trị giá 500,000đ

2

Tặng Phiếu mua hàng Balo, Túi chống sốc (giá trị trên 1,000,000đ) trị giá 300,000đ

3

Tặng Phiếu mua hàng trị giá 300.000đ Áp dụng mua Máy in

4

Tặng Phiếu mua hàng Màn hình máy tính trị giá 300.000đ";;https://www.thegioididong.com/laptop/macbook-air-13-inch-m4-24gb-256gb;DEBUG_OOS_MacBook Air 13 inch M4 24GB/256GB_Xanh đen_093503.png
iPhone 17 512GB;Đen;No;100000;31490000;2026-01-10;;;https://www.thegioididong.com/dtdd/iphone-17;DEBUG_OOS_iPhone 17 512GB_Đen_093504.png
iPhone 17 Pro Max 2TB;Cam Vũ Trụ;Yes;63990000;63290000;2026-01-10;"Khuyến mãi

Giá và khuyến mãi có thể kết thúc sớm hơn dự kiến
1

Tặng phiếu mua hàng Apple Watch trị giá 1,000,000đ

2

Tặng phiếu mua hàng Macbook trị giá 700,000đ

3

Phiếu mua hàng Airpods trị giá 500.000đ

4

Tặng PMH Phụ kiện bảo vệ iPhone 17 (đơn trên 500.000đ, trừ hãng Apple/ Beats) trị giá 100.000đ";"Ưu đãi thanh toán Online (Click chọn để áp dụng)
Giảm 1.000.000đ
Áp dụng sản phẩm từ 10.000.000đ trở lên.
?
Giảm 250.000đ
Áp dụng sản phẩm từ 5.000.000đ trở lên.
?
Giảm 500.000đ
Áp dụng sản phẩm từ 5.000.000đ trở lên.
?";https://www.thegioididong.com/dtdd/iphone-17-pro-max;Skipped
MacBook Air 13 inch M4 32GB/256GB;Xanh da trời nhạt;Yes;36290000;33990000;2026-01-10;"Khuyến mãi trị giá 800.000₫

Giá và khuyến mãi dự kiến áp dụng đến 23:59 | 31/01
1

Phiếu mua hàng Chuột, Bàn phím (Apple) trị giá 500,000đ

2

Tặng Phiếu mua hàng Balo, Túi chống sốc (giá trị trên 1,000,000đ) trị giá 300,000đ

3

Tặng Phiếu mua hàng trị giá 300.000đ Áp dụng mua Máy in

4

Tặng Phiếu mua hàng Màn hình máy tính trị giá 300.000đ";"Ưu đãi thanh toán Online (Click chọn để áp dụng)
Giảm 1.000.000đ
Áp dụng sản phẩm từ 10.000.000đ trở lên.
?
Giảm 250.000đ
Áp dụng sản phẩm từ 5.000.000đ trở lên.
?
Giảm 500.000đ
Áp dụng sản phẩm từ 5.000.000đ trở lên.
?";https://www.thegioididong.com/laptop/macbook-air-13-inch-m4-32gb-256gb;Skipped
MacBook Air 13 inch M4 16GB/256GB;Bạc;Yes;26490000;23990000;2026-01-10;"Khuyến mãi trị giá 800.000₫

Giá và khuyến mãi dự kiến áp dụng đến 23:59 | 31/01
1

Phiếu mua hàng Chuột, Bàn phím (Apple) trị giá 500,000đ

2

Tặng Phiếu mua hàng Balo, Túi chống sốc (giá trị trên 1,000,000đ) trị giá 300,000đ

3

Tặng Phiếu mua hàng trị giá 300.000đ Áp dụng mua Máy in

4

Tặng Phiếu mua hàng Màn hình máy tính trị giá 300.000đ";"Ưu đãi thanh toán Online (Click chọn để áp dụng)
Giảm 1.000.000đ
Áp dụng sản phẩm từ 10.000.000đ trở lên.
?
Giảm 250.000đ
Áp dụng sản phẩm từ 5.000.000đ trở lên.
?
Giảm 500.000đ
Áp dụng sản phẩm từ 5.000.000đ trở lên.
?";https://www.thegioididong.com/laptop/macbook-air-13-inch-m4-16gb-256gb;Skipped
MacBook Air 13 inch M4 24GB/256GB;Vàng;No;31390000;30390000;2026-01-10;"Khuyến mãi trị giá 800.000₫

Giá và khuyến mãi dự kiến áp dụng đến 23:59 | 31/01
1

Phiếu mua hàng Chuột, Bàn phím (Apple) trị giá 500,000đ

2

Tặng Phiếu mua hàng Balo, Túi chống sốc (giá trị trên 1,000,000đ) trị giá 300,000đ

3

Tặng Phiếu mua hàng trị giá 300.000đ Áp dụng mua Máy in

4

Tặng Phiếu mua hàng Màn hình máy tính trị giá 300.000đ";;https://www.thegioididong.com/laptop/macbook-air-13-inch-m4-24gb-256gb;DEBUG_OOS_MacBook Air 13 inch M4 24GB/256GB_Vàng_093508.png
MacBook Air 13 inch M4 32GB/256GB;Xanh đen;No;36290000;34490000;2026-01-10;"Khuyến mãi trị giá 800.000₫

Giá và khuyến mãi dự kiến áp dụng đến 23:59 | 31/01
1

Phiếu mua hàng Chuột, Bàn phím (Apple) trị giá 500,000đ

2

Tặng Phiếu mua hàng Balo, Túi chống sốc (giá trị trên 1,000,000đ) trị giá 300,000đ

3

Tặng Phiếu mua hàng trị giá 300.000đ Áp dụng mua Máy in

4

Tặng Phiếu mua hàng Màn hình máy tính trị giá 300.000đ";;https://www.thegioididong.com/laptop/macbook-air-13-inch-m4-32gb-256gb;DEBUG_OOS_MacBook Air 13 inch M4 32GB/256GB_Xanh đen_093510.png
iPhone Air 1TB;Đen Không Gian;Yes;44990000;37990000;2026-01-10;"Khuyến mãi

Giá và khuyến mãi dự kiến áp dụng đến 23:59 | 11/01
1

Tặng phiếu mua hàng Apple Watch trị giá 1,000,000đ

2

Tặng phiếu mua hàng Macbook trị giá 700,000đ

3

Phiếu mua hàng Airpods trị giá 500.000đ

4

Tặng PMH Phụ kiện bảo vệ iPhone 17 (đơn trên 500.000đ, trừ hãng Apple/ Beats) trị giá 100.000đ

5

Thu cũ đổi mới: Giảm đến 2,000,000đ (Không kèm ưu đãi thanh toán qua cổng, mua kèm) Xem chi tiết";"Ưu đãi thanh toán Online (Click chọn để áp dụng)
Giảm 1.000.000đ
Áp dụng sản phẩm từ 10.000.000đ trở lên.
?
Giảm 250.000đ
Áp dụng sản phẩm từ 5.000.000đ trở lên.
?
Giảm 500.000đ
Áp dụng sản phẩm từ 5.000.000đ trở lên.
?";https://www.thegioididong.com/dtdd/iphone-air;Skipped
MacBook Air 13 inch M4 24GB/256GB;Bạc;No;31390000;30390000;2026-01-10;"Khuyến mãi trị giá 800.000₫

Giá và khuyến mãi dự kiến áp dụng đến 23:59 | 31/01
1

Phiếu mua hàng Chuột, Bàn phím (Apple) trị giá 500,000đ

2

Tặng Phiếu mua hàng Balo, Túi chống sốc (giá trị trên 1,000,000đ) trị giá 300,000đ

3

Tặng Phiếu mua hàng trị giá 300.000đ Áp dụng mua Máy in

4

Tặng Phiếu mua hàng Màn hình máy tính trị giá 300.000đ";;https://www.thegioididong.com/laptop/macbook-air-13-inch-m4-24gb-256gb;DEBUG_OOS_MacBook Air 13 inch M4 24GB/256GB_Bạc_093511.png
iPhone 17 Pro Max 2TB;Xanh đậm;Yes;100000;63990000;2026-01-10;"Khuyến mãi

Giá và khuyến mãi dự kiến áp dụng đến 23:59 | 31/01
1

Tặng phiếu mua hàng Apple Watch trị giá 1,000,000đ

2

Tặng phiếu mua hàng Macbook trị giá 700,000đ

3

Phiếu mua hàng Airpods trị giá 500.000đ

4

Tặng PMH Phụ kiện bảo vệ iPhone 17 (đơn trên 500.000đ, trừ hãng Apple/ Beats) trị giá 100.000đ

5

Thu cũ đổi mới: Giảm đến 2,000,000đ (Không kèm ưu đãi thanh toán qua cổng, mua kèm) Xem chi tiết";"Ưu đãi thanh toán Online (Click chọn để áp dụng)
Giảm 1.000.000đ
Áp dụng sản phẩm từ 10.000.000đ trở lên.
?
Giảm 250.000đ
Áp dụng sản phẩm từ 5.000.000đ trở lên.
?
Giảm 500.000đ
Áp dụng sản phẩm từ 5.000.000đ trở lên.
?";https://www.thegioididong.com/dtdd/iphone-17-pro-max;Skipped
MacBook Air 13 inch M4 32GB/256GB;Vàng;No;36290000;34490000;2026-01-10;"Khuyến mãi trị giá 800.000₫

Giá và khuyến mãi dự kiến áp dụng đến 23:59 | 31/01
1

Phiếu mua hàng Chuột, Bàn phím (Apple) trị giá 500,000đ

2

Tặng Phiếu mua hàng Balo, Túi chống sốc (giá trị trên 1,000,000đ) trị giá 300,000đ

3

Tặng Phiếu mua hàng trị giá 300.000đ Áp dụng mua Máy in

4

Tặng Phiếu mua hàng Màn hình máy tính trị giá 300.000đ";;https://www.thegioididong.com/laptop/macbook-air-13-inch-m4-32gb-256gb;DEBUG_OOS_MacBook Air 13 inch M4 32GB/256GB_Vàng_093513.png
iPhone 17 512GB;Xanh Lam Khói;Yes;100000;31490000;2026-01-10;;;https://www.thegioididong.com/dtdd/iphone-17;Skipped
MacBook Air 13 inch M4 16GB/256GB;Xanh đen;Yes;26490000;23990000;2026-01-10;"Khuyến mãi trị giá 800.000₫

Giá và khuyến mãi dự kiến áp dụng đến 23:59 | 31/01
1

Phiếu mua hàng Chuột, Bàn phím (Apple) trị giá 500,000đ

2

Tặng Phiếu mua hàng Balo, Túi chống sốc (giá trị trên 1,000,000đ) trị giá 300,000đ

3

Tặng Phiếu mua hàng trị giá 300.000đ Áp dụng mua Máy in

4

Tặng Phiếu mua hàng Màn hình máy tính trị giá 300.000đ";"Ưu đãi thanh toán Online (Click chọn để áp dụng)
Giảm 1.000.000đ
Áp dụng sản phẩm từ 10.000.000đ trở lên.
?
Giảm 250.000đ
Áp dụng sản phẩm từ 5.000.000đ trở lên.
?
Giảm 500.000đ
Áp dụng sản phẩm từ 5.000.000đ trở lên.
?";https://www.thegioididong.com/laptop/macbook-air-13-inch-m4-16gb-256gb;Skipped
MacBook Air 13 inch M4 32GB/256GB;Bạc;No;36290000;34490000;2026-01-10;"Khuyến mãi trị giá 800.000₫

Giá và khuyến mãi dự kiến áp dụng đến 23:59 | 31/01
1

Phiếu mua hàng Chuột, Bàn phím (Apple) trị giá 500,000đ

2

Tặng Phiếu mua hàng Balo, Túi chống sốc (giá trị trên 1,000,000đ) trị giá 300,000đ

3

Tặng Phiếu mua hàng trị giá 300.000đ Áp dụng mua Máy in

4

Tặng Phiếu mua hàng Màn hình máy tính trị giá 300.000đ";;https://www.thegioididong.com/laptop/macbook-air-13-inch-m4-32gb-256gb;DEBUG_OOS_MacBook Air 13 inch M4 32GB/256GB_Bạc_093516.png
MacBook Air 13 inch M4 24GB/256GB;Xanh da trời nhạt;No;31390000;30390000;2026-01-10;"Khuyến mãi trị giá 800.000₫

Giá và khuyến mãi dự kiến áp dụng đến 23:59 | 31/01
1

Phiếu mua hàng Chuột, Bàn phím (Apple) trị giá 500,000đ

2

Tặng Phiếu mua hàng Balo, Túi chống sốc (giá trị trên 1,000,000đ) trị giá 300,000đ

3

Tặng Phiếu mua hàng trị giá 300.000đ Áp dụng mua Máy in

4

Tặng Phiếu mua hàng Màn hình máy tính trị giá 300.000đ";;https://www.thegioididong.com/laptop/macbook-air-13-inch-m4-24gb-256gb;DEBUG_OOS_MacBook Air 13 inch M4 24GB/256GB_Xanh da trời nhạt_093517.png
iPhone 17 Pro Max 2TB;Bạc;Yes;380000;63990000;2026-01-10;"Khuyến mãi

Giá và khuyến mãi dự kiến áp dụng đến 23:59 | 31/01
1

Tặng phiếu mua hàng Apple Watch trị giá 1,000,000đ

2

Tặng phiếu mua hàng Macbook trị giá 700,000đ

3

Phiếu mua hàng Airpods trị giá 500.000đ

4

Tặng PMH Phụ kiện bảo vệ iPhone 17 (đơn trên 500.000đ, trừ hãng Apple/ Beats) trị giá 100.000đ

5

Thu cũ đổi mới: Giảm đến 2,000,000đ (Không kèm ưu đãi thanh toán qua cổng, mua kèm) Xem chi tiết";"Ưu đãi thanh toán Online (Click chọn để áp dụng)
Giảm 1.000.000đ
Áp dụng sản phẩm từ 10.000.000đ trở lên.
?
Giảm 250.000đ
Áp dụng sản phẩm từ 5.000.000đ trở lên.
?
Giảm 500.000đ
Áp dụng sản phẩm từ 5.000.000đ trở lên.
?";https://www.thegioididong.com/dtdd/iphone-17-pro-max;Skipped
iPhone Air 1TB;Xanh da trời;Yes;44990000;37990000;2026-01-10;"Khuyến mãi

Giá và khuyến mãi dự kiến áp dụng đến 23:59 | 11/01
1

Tặng phiếu mua hàng Apple Watch trị giá 1,000,000đ

2

Tặng phiếu mua hàng Macbook trị giá 700,000đ

3

Phiếu mua hàng Airpods trị giá 500.000đ

4

Tặng PMH Phụ kiện bảo vệ iPhone 17 (đơn trên 500.000đ, trừ hãng Apple/ Beats) trị giá 100.000đ

5

Thu cũ đổi mới: Giảm đến 2,000,000đ (Không kèm ưu đãi thanh toán qua cổng, mua kèm) Xem chi tiết";"Ưu đãi thanh toán Online (Click chọn để áp dụng)
Giảm 1.000.000đ
Áp dụng sản phẩm từ 10.000.000đ trở lên.
?
Giảm 250.000đ
Áp dụng sản phẩm từ 5.000.000đ trở lên.
?
Giảm 500.000đ
Áp dụng sản phẩm từ 5.000.000đ trở lên.
?";https://www.thegioididong.com/dtdd/iphone-air;Skipped
MacBook Air 13 inch M4 24GB/256GB;Xanh đen;No;31390000;30390000;2026-01-10;"Khuyến mãi trị giá 800.000₫

Giá và khuyến mãi dự kiến áp dụng đến 23:59 | 31/01
1

Phiếu mua hàng Chuột, Bàn phím (Apple) trị giá 500,000đ

2

Tặng Phiếu mua hàng Balo, Túi chống sốc (giá trị trên 1,000,000đ) trị giá 300,000đ

3

Tặng Phiếu mua hàng trị giá 300.000đ Áp dụng mua Máy in

4

Tặng Phiếu mua hàng Màn hình máy tính trị giá 300.000đ";;https://www.thegioididong.com/laptop/macbook-air-13-inch-m4-24gb-256gb;DEBUG_OOS_MacBook Air 13 inch M4 24GB/256GB_Xanh đen_093520.png
iPhone 17 512GB;Xanh Lá Xô Thơm;Yes;100000;31490000;2026-01-10;;;https://www.thegioididong.com/dtdd/iphone-17;Skipped
MacBook Air 13 inch M4 16GB/256GB;Vàng;Yes;26490000;23990000;2026-01-10;"Khuyến mãi trị giá 800.000₫

Giá và khuyến mãi dự kiến áp dụng đến 23:59 | 31/01
1

Phiếu mua hàng Chuột, Bàn phím (Apple) trị giá 500,000đ

2

Tặng Phiếu mua hàng Balo, Túi chống sốc (giá trị trên 1,000,000đ) trị giá 300,000đ

3

Tặng Phiếu mua hàng trị giá 300.000đ Áp dụng mua Máy in

4

Tặng Phiếu mua hàng Màn hình máy tính trị giá 300.000đ";"Ưu đãi thanh toán Online (Click chọn để áp dụng)
Giảm 1.000.000đ
Áp dụng sản phẩm từ 10.000.000đ trở lên.
?
Giảm 250.000đ
Áp dụng sản phẩm từ 5.000.000đ trở lên.
?
Giảm 500.000đ
Áp dụng sản phẩm từ 5.000.000đ trở lên.
?";https://www.thegioididong.com/laptop/macbook-air-13-inch-m4-16gb-256gb;Skipped
MacBook Air 13 inch M4 24GB/256GB;Vàng;No;31390000;30390000;2026-01-10;"Khuyến mãi trị giá 800.000₫

Giá và khuyến mãi dự kiến áp dụng đến 23:59 | 31/01
1

Phiếu mua hàng Chuột, Bàn phím (Apple) trị giá 500,000đ

2

Tặng Phiếu mua hàng Balo, Túi chống sốc (giá trị trên 1,000,000đ) trị giá 300,000đ

3

Tặng Phiếu mua hàng trị giá 300.000đ Áp dụng mua Máy in

4

Tặng Phiếu mua hàng Màn hình máy tính trị giá 300.000đ";;https://www.thegioididong.com/laptop/macbook-air-13-inch-m4-24gb-256gb;DEBUG_OOS_MacBook Air 13 inch M4 24GB/256GB_Vàng_093524.png
MacBook Air 13 inch M4 32GB/256GB;Xanh da trời nhạt;Yes;36290000;33990000;2026-01-10;"Khuyến mãi trị giá 800.000₫

Giá và khuyến mãi dự kiến áp dụng đến 23:59 | 31/01
1

Phiếu mua hàng Chuột, Bàn phím (Apple) trị giá 500,000đ

2

Tặng Phiếu mua hàng Balo, Túi chống sốc (giá trị trên 1,000,000đ) trị giá 300,000đ

3

Tặng Phiếu mua hàng trị giá 300.000đ Áp dụng mua Máy in

4

Tặng Phiếu mua hàng Màn hình máy tính trị giá 300.000đ";"Ưu đãi thanh toán Online (Click chọn để áp dụng)
Giảm 1.000.000đ
Áp dụng sản phẩm từ 10.000.000đ trở lên.
?
Giảm 250.000đ
Áp dụng sản phẩm từ 5.000.000đ trở lên.
?
Giảm 500.000đ
Áp dụng sản phẩm từ 5.000.000đ trở lên.
?";https://www.thegioididong.com/laptop/macbook-air-13-inch-m4-32gb-256gb;Skipped
iPhone Air 1TB;Vàng Nhạt;Yes;44990000;37990000;2026-01-10;"Khuyến mãi

Giá và khuyến mãi dự kiến áp dụng đến 23:59 | 11/01
1

Tặng phiếu mua hàng Apple Watch trị giá 1,000,000đ

2

Tặng phiếu mua hàng Macbook trị giá 700,000đ

3

Phiếu mua hàng Airpods trị giá 500.000đ

4

Tặng PMH Phụ kiện bảo vệ iPhone 17 (đơn trên 500.000đ, trừ hãng Apple/ Beats) trị giá 100.000đ

5

Thu cũ đổi mới: Giảm đến 2,000,000đ (Không kèm ưu đãi thanh toán qua cổng, mua kèm) Xem chi tiết";"Ưu đãi thanh toán Online (Click chọn để áp dụng)
Giảm 1.000.000đ
Áp dụng sản phẩm từ 10.000.000đ trở lên.
?
Giảm 250.000đ
Áp dụng sản phẩm từ 5.000.000đ trở lên.
?
Giảm 500.000đ
Áp dụng sản phẩm từ 5.000.000đ trở lên.
?";https://www.thegioididong.com/dtdd/iphone-air;Skipped
MacBook Air 15 inch M4 16GB/256GB;16GB - 256 GB;Yes;31390000;28990000;2026-01-10;"Khuyến mãi trị giá 800.000₫

Giá và khuyến mãi dự kiến áp dụng đến 23:59 | 31/01
1

Phiếu mua hàng Chuột, Bàn phím (Apple) trị giá 500,000đ

2

Tặng Phiếu mua hàng Balo, Túi chống sốc (giá trị trên 1,000,000đ) trị giá 300,000đ

3

Tặng Phiếu mua hàng trị giá 300.000đ Áp dụng mua Máy in

4

Tặng Phiếu mua hàng Màn hình máy tính trị giá 300.000đ";"Ưu đãi thanh toán Online (Click chọn để áp dụng)
Giảm 1.000.000đ
Áp dụng sản phẩm từ 10.000.000đ trở lên.
?
Giảm 250.000đ
Áp dụng sản phẩm từ 5.000.000đ trở lên.
?
Giảm 500.000đ
Áp dụng sản phẩm từ 5.000.000đ trở lên.
?";https://www.thegioididong.com/laptop/macbook-air-15-inch-m4-16gb-256gb;Skipped
iPhone 17 512GB;Trắng;Yes;100000;31490000;2026-01-10;;;https://www.thegioididong.com/dtdd/iphone-17;Skipped
MacBook Air 13 inch M4 24GB/256GB;Bạc;No;31390000;30390000;2026-01-10;"Khuyến mãi trị giá 800.000₫

Giá và khuyến mãi dự kiến áp dụng đến 23:59 | 31/01
1

Phiếu mua hàng Chuột, Bàn phím (Apple) trị giá 500,000đ

2

Tặng Phiếu mua hàng Balo, Túi chống sốc (giá trị trên 1,000,000đ) trị giá 300,000đ

3

Tặng Phiếu mua hàng trị giá 300.000đ Áp dụng mua Máy in

4

Tặng Phiếu mua hàng Màn hình máy tính trị giá 300.000đ";;https://www.thegioididong.com/laptop/macbook-air-13-inch-m4-24gb-256gb;DEBUG_OOS_MacBook Air 13 inch M4 24GB/256GB_Bạc_093527.png
MacBook Air 13 inch M4 16GB/256GB;Xanh da trời nhạt;Yes;26490000;23990000;2026-01-10;"Khuyến mãi trị giá 800.000₫

Giá và khuyến mãi dự kiến áp dụng đến 23:59 | 31/01
1

Phiếu mua hàng Chuột, Bàn phím (Apple) trị giá 500,000đ

2

Tặng Phiếu mua hàng Balo, Túi chống sốc (giá trị trên 1,000,000đ) trị giá 300,000đ

3

Tặng Phiếu mua hàng trị giá 300.000đ Áp dụng mua Máy in

4

Tặng Phiếu mua hàng Màn hình máy tính trị giá 300.000đ";"Ưu đãi thanh toán Online (Click chọn để áp dụng)
Giảm 1.000.000đ
Áp dụng sản phẩm từ 10.000.000đ trở lên.
?
Giảm 250.000đ
Áp dụng sản phẩm từ 5.000.000đ trở lên.
?
Giảm 500.000đ
Áp dụng sản phẩm từ 5.000.000đ trở lên.
?";https://www.thegioididong.com/laptop/macbook-air-13-inch-m4-16gb-256gb;Skipped
MacBook Air 13 inch M4 32GB/256GB;Xanh đen;No;36290000;34490000;2026-01-10;"Khuyến mãi trị giá 800.000₫

Giá và khuyến mãi dự kiến áp dụng đến 23:59 | 31/01
1

Phiếu mua hàng Chuột, Bàn phím (Apple) trị giá 500,000đ

2

Tặng Phiếu mua hàng Balo, Túi chống sốc (giá trị trên 1,000,000đ) trị giá 300,000đ

3

Tặng Phiếu mua hàng trị giá 300.000đ Áp dụng mua Máy in

4

Tặng Phiếu mua hàng Màn hình máy tính trị giá 300.000đ";;https://www.thegioididong.com/laptop/macbook-air-13-inch-m4-32gb-256gb;DEBUG_OOS_MacBook Air 13 inch M4 32GB/256GB_Xanh đen_093529.png
iPhone 17 512GB;Tím Oải Hương;No;100000;31490000;2026-01-10;;;https://www.thegioididong.com/dtdd/iphone-17;DEBUG_OOS_iPhone 17 512GB_Tím Oải Hương_093530.png
iPhone Air 1TB;Trắng Mây;Yes;44990000;37990000;2026-01-10;"Khuyến mãi

Giá và khuyến mãi dự kiến áp dụng đến 23:59 | 11/01
1

Tặng phiếu mua hàng Apple Watch trị giá 1,000,000đ

2

Tặng phiếu mua hàng Macbook trị giá 700,000đ

3

Phiếu mua hàng Airpods trị giá 500.000đ

4

Tặng PMH Phụ kiện bảo vệ iPhone 17 (đơn trên 500.000đ, trừ hãng Apple/ Beats) trị giá 100.000đ

5

Thu cũ đổi mới: Giảm đến 2,000,000đ (Không kèm ưu đãi thanh toán qua cổng, mua kèm) Xem chi tiết";"Ưu đãi thanh toán Online (Click chọn để áp dụng)
Giảm 1.000.000đ
Áp dụng sản phẩm từ 10.000.000đ trở lên.
?
Giảm 250.000đ
Áp dụng sản phẩm từ 5.000.000đ trở lên.
?
Giảm 500.000đ
Áp dụng sản phẩm từ 5.000.000đ trở lên.
?";https://www.thegioididong.com/dtdd/iphone-air;Skipped
MacBook Air 13 inch M4 32GB/256GB;Vàng;No;36290000;34490000;2026-01-10;"Khuyến mãi trị giá 800.000₫

Giá và khuyến mãi dự kiến áp dụng đến 23:59 | 31/01
1

Phiếu mua hàng Chuột, Bàn phím (Apple) trị giá 500,000đ

2

Tặng Phiếu mua hàng Balo, Túi chống sốc (giá trị trên 1,000,000đ) trị giá 300,000đ

3

Tặng Phiếu mua hàng trị giá 300.000đ Áp dụng mua Máy in

4

Tặng Phiếu mua hàng Màn hình máy tính trị giá 300.000đ";;https://www.thegioididong.com/laptop/macbook-air-13-inch-m4-32gb-256gb;DEBUG_OOS_MacBook Air 13 inch M4 32GB/256GB_Vàng_093532.png
MacBook Air 15 inch M4 16GB/512GB;16GB - 512 GB;Yes;36290000;32990000;2026-01-10;"Khuyến mãi trị giá 800.000₫

Giá và khuyến mãi dự kiến áp dụng đến 23:59 | 31/01
1

Phiếu mua hàng Chuột, Bàn phím (Apple) trị giá 500,000đ

2

Tặng Phiếu mua hàng Balo, Túi chống sốc (giá trị trên 1,000,000đ) trị giá 300,000đ

3

Tặng Phiếu mua hàng trị giá 300.000đ Áp dụng mua Máy in

4

Tặng Phiếu mua hàng Màn hình máy tính trị giá 300.000đ";"Ưu đãi thanh toán Online (Click chọn để áp dụng)
Giảm 1.000.000đ
Áp dụng sản phẩm từ 10.000.000đ trở lên.
?
Giảm 250.000đ
Áp dụng sản phẩm từ 5.000.000đ trở lên.
?
Giảm 500.000đ
Áp dụng sản phẩm từ 5.000.000đ trở lên.
?";https://www.thegioididong.com/laptop/macbook-air-15-inch-m4-16gb-256gb;Skipped
MacBook Air 15 inch M4 24GB/512GB;Vàng;No;41190000;38490000;2026-01-10;"Khuyến mãi trị giá 800.000₫

Giá và khuyến mãi dự kiến áp dụng đến 23:59 | 31/01
1

Phiếu mua hàng Chuột, Bàn phím (Apple) trị giá 500,000đ

2

Tặng Phiếu mua hàng Balo, Túi chống sốc (giá trị trên 1,000,000đ) trị giá 300,000đ

3

Tặng Phiếu mua hàng trị giá 300.000đ Áp dụng mua Máy in

4

Tặng Phiếu mua hàng Màn hình máy tính trị giá 300.000đ";;https://www.thegioididong.com/laptop/macbook-air-15-inch-m4-24gb-512gb;DEBUG_OOS_MacBook Air 15 inch M4 24GB/512GB_Vàng_093534.png
iPhone 17 512GB;Đen;No;100000;31490000;2026-01-10;;;https://www.thegioididong.com/dtdd/iphone-17;DEBUG_OOS_iPhone 17 512GB_Đen_093534.png
MacBook Air 13 inch M4 16GB/256GB;Bạc;Yes;26490000;23990000;2026-01-10;"Khuyến mãi trị giá 800.000₫

Giá và khuyến mãi dự kiến áp dụng đến 23:59 | 31/01
1

Phiếu mua hàng Chuột, Bàn phím (Apple) trị giá 500,000đ

2

Tặng Phiếu mua hàng Balo, Túi chống sốc (giá trị trên 1,000,000đ) trị giá 300,000đ

3

Tặng Phiếu mua hàng trị giá 300.000đ Áp dụng mua Máy in

4

Tặng Phiếu mua hàng Màn hình máy tính trị giá 300.000đ";"Ưu đãi thanh toán Online (Click chọn để áp dụng)
Giảm 1.000.000đ
Áp dụng sản phẩm từ 10.000.000đ trở lên.
?
Giảm 250.000đ
Áp dụng sản phẩm từ 5.000.000đ trở lên.
?
Giảm 500.000đ
Áp dụng sản phẩm từ 5.000.000đ trở lên.
?";https://www.thegioididong.com/laptop/macbook-air-13-inch-m4-16gb-256gb;Skipped
MacBook Air 13 inch M4 32GB/256GB;Bạc;No;36290000;34490000;2026-01-10;"Khuyến mãi trị giá 800.000₫

Giá và khuyến mãi dự kiến áp dụng đến 23:59 | 31/01
1

Phiếu mua hàng Chuột, Bàn phím (Apple) trị giá 500,000đ

2

Tặng Phiếu mua hàng Balo, Túi chống sốc (giá trị trên 1,000,000đ) trị giá 300,000đ

3

Tặng Phiếu mua hàng trị giá 300.000đ Áp dụng mua Máy in

4

Tặng Phiếu mua hàng Màn hình máy tính trị giá 300.000đ";;https://www.thegioididong.com/laptop/macbook-air-13-inch-m4-32gb-256gb;DEBUG_OOS_MacBook Air 13 inch M4 32GB/256GB_Bạc_093536.png
MacBook Air 15 inch M4 16GB/512GB;Vàng;No;36290000;32990000;2026-01-10;"Khuyến mãi trị giá 800.000₫

Giá và khuyến mãi dự kiến áp dụng đến 23:59 | 31/01
1

Phiếu mua hàng Chuột, Bàn phím (Apple) trị giá 500,000đ

2

Tặng Phiếu mua hàng Balo, Túi chống sốc (giá trị trên 1,000,000đ) trị giá 300,000đ

3

Tặng Phiếu mua hàng trị giá 300.000đ Áp dụng mua Máy in

4

Tặng Phiếu mua hàng Màn hình máy tính trị giá 300.000đ";;https://www.thegioididong.com/laptop/macbook-air-15-inch-m4-16gb-256gb;DEBUG_OOS_MacBook Air 15 inch M4 16GB/512GB_Vàng_093537.png
MacBook Air 15 inch M4 24GB/512GB;Xanh đen;No;41190000;38490000;2026-01-10;"Khuyến mãi trị giá 800.000₫

Giá và khuyến mãi dự kiến áp dụng đến 23:59 | 31/01
1

Phiếu mua hàng Chuột, Bàn phím (Apple) trị giá 500,000đ

2

Tặng Phiếu mua hàng Balo, Túi chống sốc (giá trị trên 1,000,000đ) trị giá 300,000đ

3

Tặng Phiếu mua hàng trị giá 300.000đ Áp dụng mua Máy in

4

Tặng Phiếu mua hàng Màn hình máy tính trị giá 300.000đ";;https://www.thegioididong.com/laptop/macbook-air-15-inch-m4-24gb-512gb;DEBUG_OOS_MacBook Air 15 inch M4 24GB/512GB_Xanh đen_093537.png
iPhone Air 1TB;Đen Không Gian;Yes;44990000;37990000;2026-01-10;"Khuyến mãi

Giá và khuyến mãi dự kiến áp dụng đến 23:59 | 11/01
1

Tặng phiếu mua hàng Apple Watch trị giá 1,000,000đ

2

Tặng phiếu mua hàng Macbook trị giá 700,000đ

3

Phiếu mua hàng Airpods trị giá 500.000đ

4

Tặng PMH Phụ kiện bảo vệ iPhone 17 (đơn trên 500.000đ, trừ hãng Apple/ Beats) trị giá 100.000đ

5

Thu cũ đổi mới: Giảm đến 2,000,000đ (Không kèm ưu đãi thanh toán qua cổng, mua kèm) Xem chi tiết";"Ưu đãi thanh toán Online (Click chọn để áp dụng)
Giảm 1.000.000đ
Áp dụng sản phẩm từ 10.000.000đ trở lên.
?
Giảm 250.000đ
Áp dụng sản phẩm từ 5.000.000đ trở lên.
?
Giảm 500.000đ
Áp dụng sản phẩm từ 5.000.000đ trở lên.
?";https://www.thegioididong.com/dtdd/iphone-air;Skipped
MacBook Air 15 inch M4 24GB/512GB;Bạc;No;41190000;38490000;2026-01-10;"Khuyến mãi trị giá 800.000₫

Giá và khuyến mãi dự kiến áp dụng đến 23:59 | 31/01
1

Phiếu mua hàng Chuột, Bàn phím (Apple) trị giá 500,000đ

2

Tặng Phiếu mua hàng Balo, Túi chống sốc (giá trị trên 1,000,000đ) trị giá 300,000đ

3

Tặng Phiếu mua hàng trị giá 300.000đ Áp dụng mua Máy in

4

Tặng Phiếu mua hàng Màn hình máy tính trị giá 300.000đ";;https://www.thegioididong.com/laptop/macbook-air-15-inch-m4-24gb-512gb;DEBUG_OOS_MacBook Air 15 inch M4 24GB/512GB_Bạc_093541.png
MacBook Air 15 inch M4 16GB/512GB;Bạc;No;36290000;32990000;2026-01-10;"Khuyến mãi trị giá 800.000₫

Giá và khuyến mãi dự kiến áp dụng đến 23:59 | 31/01
1

Phiếu mua hàng Chuột, Bàn phím (Apple) trị giá 500,000đ

2

Tặng Phiếu mua hàng Balo, Túi chống sốc (giá trị trên 1,000,000đ) trị giá 300,000đ

3

Tặng Phiếu mua hàng trị giá 300.000đ Áp dụng mua Máy in

4

Tặng Phiếu mua hàng Màn hình máy tính trị giá 300.000đ";;https://www.thegioididong.com/laptop/macbook-air-15-inch-m4-16gb-256gb;DEBUG_OOS_MacBook Air 15 inch M4 16GB/512GB_Bạc_093541.png
MacBook Pro 14 inch M4 Pro 24GB/512GB;Đen;No;51990000;49990000;2026-01-10;"Khuyến mãi trị giá 800.000₫

Giá và khuyến mãi dự kiến áp dụng đến 23:59 | 31/01
1

Phiếu mua hàng Chuột, Bàn phím (Apple) trị giá 500,000đ

2

Tặng Phiếu mua hàng Balo, Túi chống sốc (giá trị trên 1,000,000đ) trị giá 300,000đ

3

Tặng Phiếu mua hàng trị giá 300.000đ Áp dụng mua Máy in

4

Tặng Phiếu mua hàng Màn hình máy tính trị giá 300.000đ";;https://www.thegioididong.com/laptop/macbook-pro-14-inch-m4-pro-24gb-512gb;DEBUG_OOS_MacBook Pro 14 inch M4 Pro 24GB/512GB_Đen_093542.png
iPhone 17 512GB;Xanh Lam Khói;Yes;100000;31490000;2026-01-10;;;https://www.thegioididong.com/dtdd/iphone-17;Skipped
MacBook Pro 14 inch M5 16GB/512GB;Đen;Yes;2990000;41990000;2026-01-10;"Khuyến mãi trị giá 800.000₫

Giá và khuyến mãi dự kiến áp dụng đến 23:59 | 31/01
1

Phiếu mua hàng Chuột, Bàn phím (Apple) trị giá 500,000đ

2

Tặng Phiếu mua hàng Balo, Túi chống sốc (giá trị trên 1,000,000đ) trị giá 300,000đ

3

Tặng Phiếu mua hàng trị giá 300.000đ Áp dụng mua Máy in

4

Tặng Phiếu mua hàng Màn hình máy tính trị giá 300.000đ";"Ưu đãi thanh toán Online (Click chọn để áp dụng)
Giảm 1.000.000đ
Áp dụng sản phẩm từ 10.000.000đ trở lên.
?
Giảm 250.000đ
Áp dụng sản phẩm từ 5.000.000đ trở lên.
?
Giảm 500.000đ
Áp dụng sản phẩm từ 5.000.000đ trở lên.
?";https://www.thegioididong.com/laptop/macbook-pro-14-inch-m5-16gb-512gb;Skipped
MacBook Air 15 inch M4 24GB/512GB;Xanh da trời nhạt;No;41190000;38490000;2026-01-10;"Khuyến mãi trị giá 800.000₫

Giá và khuyến mãi dự kiến áp dụng đến 23:59 | 31/01
1

Phiếu mua hàng Chuột, Bàn phím (Apple) trị giá 500,000đ

2

Tặng Phiếu mua hàng Balo, Túi chống sốc (giá trị trên 1,000,000đ) trị giá 300,000đ

3

Tặng Phiếu mua hàng trị giá 300.000đ Áp dụng mua Máy in

4

Tặng Phiếu mua hàng Màn hình máy tính trị giá 300.000đ";;https://www.thegioididong.com/laptop/macbook-air-15-inch-m4-24gb-512gb;DEBUG_OOS_MacBook Air 15 inch M4 24GB/512GB_Xanh da trời nhạt_093545.png
MacBook Air 15 inch M4 16GB/512GB;Xanh da trời nhạt;No;36290000;32990000;2026-01-10;"Khuyến mãi trị giá 800.000₫

Giá và khuyến mãi dự kiến áp dụng đến 23:59 | 31/01
1

Phiếu mua hàng Chuột, Bàn phím (Apple) trị giá 500,000đ

2

Tặng Phiếu mua hàng Balo, Túi chống sốc (giá trị trên 1,000,000đ) trị giá 300,000đ

3

Tặng Phiếu mua hàng trị giá 300.000đ Áp dụng mua Máy in

4

Tặng Phiếu mua hàng Màn hình máy tính trị giá 300.000đ";;https://www.thegioididong.com/laptop/macbook-air-15-inch-m4-16gb-256gb;DEBUG_OOS_MacBook Air 15 inch M4 16GB/512GB_Xanh da trời nhạt_093545.png
iPhone Air 1TB;Xanh da trời;Yes;44990000;37990000;2026-01-10;"Khuyến mãi

Giá và khuyến mãi dự kiến áp dụng đến 23:59 | 11/01
1

Tặng phiếu mua hàng Apple Watch trị giá 1,000,000đ

2

Tặng phiếu mua hàng Macbook trị giá 700,000đ

3

Phiếu mua hàng Airpods trị giá 500.000đ

4

Tặng PMH Phụ kiện bảo vệ iPhone 17 (đơn trên 500.000đ, trừ hãng Apple/ Beats) trị giá 100.000đ

5

Thu cũ đổi mới: Giảm đến 2,000,000đ (Không kèm ưu đãi thanh toán qua cổng, mua kèm) Xem chi tiết";"Ưu đãi thanh toán Online (Click chọn để áp dụng)
Giảm 1.000.000đ
Áp dụng sản phẩm từ 10.000.000đ trở lên.
?
Giảm 250.000đ
Áp dụng sản phẩm từ 5.000.000đ trở lên.
?
Giảm 500.000đ
Áp dụng sản phẩm từ 5.000.000đ trở lên.
?";https://www.thegioididong.com/dtdd/iphone-air;Skipped
MacBook Pro 14 inch M4 Pro 24GB/512GB;Bạc;Yes;51990000;49990000;2026-01-10;"Khuyến mãi trị giá 800.000₫

Giá và khuyến mãi dự kiến áp dụng đến 23:59 | 31/01
1

Phiếu mua hàng Chuột, Bàn phím (Apple) trị giá 500,000đ

2

Tặng Phiếu mua hàng Balo, Túi chống sốc (giá trị trên 1,000,000đ) trị giá 300,000đ

3

Tặng Phiếu mua hàng trị giá 300.000đ Áp dụng mua Máy in

4

Tặng Phiếu mua hàng Màn hình máy tính trị giá 300.000đ";"Ưu đãi thanh toán Online (Click chọn để áp dụng)
Giảm 1.000.000đ
Áp dụng sản phẩm từ 10.000.000đ trở lên.
?
Giảm 250.000đ
Áp dụng sản phẩm từ 5.000.000đ trở lên.
?
Giảm 500.000đ
Áp dụng sản phẩm từ 5.000.000đ trở lên.
?";https://www.thegioididong.com/laptop/macbook-pro-14-inch-m4-pro-24gb-512gb;Skipped
iPhone 17 512GB;Xanh Lá Xô Thơm;Yes;100000;31490000;2026-01-10;;;https://www.thegioididong.com/dtdd/iphone-17;Skipped
MacBook Air 15 inch M4 24GB/512GB;Vàng;No;41190000;38490000;2026-01-10;"Khuyến mãi trị giá 800.000₫

Giá và khuyến mãi dự kiến áp dụng đến 23:59 | 31/01
1

Phiếu mua hàng Chuột, Bàn phím (Apple) trị giá 500,000đ

2

Tặng Phiếu mua hàng Balo, Túi chống sốc (giá trị trên 1,000,000đ) trị giá 300,000đ

3

Tặng Phiếu mua hàng trị giá 300.000đ Áp dụng mua Máy in

4

Tặng Phiếu mua hàng Màn hình máy tính trị giá 300.000đ";;https://www.thegioididong.com/laptop/macbook-air-15-inch-m4-24gb-512gb;DEBUG_OOS_MacBook Air 15 inch M4 24GB/512GB_Vàng_093550.png
MacBook Pro 14 inch M5 16GB/512GB;Bạc;Yes;2990000;41990000;2026-01-10;"Khuyến mãi trị giá 800.000₫

Giá và khuyến mãi dự kiến áp dụng đến 23:59 | 31/01
1

Phiếu mua hàng Chuột, Bàn phím (Apple) trị giá 500,000đ

2

Tặng Phiếu mua hàng Balo, Túi chống sốc (giá trị trên 1,000,000đ) trị giá 300,000đ

3

Tặng Phiếu mua hàng trị giá 300.000đ Áp dụng mua Máy in

4

Tặng Phiếu mua hàng Màn hình máy tính trị giá 300.000đ";"Ưu đãi thanh toán Online (Click chọn để áp dụng)
Giảm 1.000.000đ
Áp dụng sản phẩm từ 10.000.000đ trở lên.
?
Giảm 250.000đ
Áp dụng sản phẩm từ 5.000.000đ trở lên.
?
Giảm 500.000đ
Áp dụng sản phẩm từ 5.000.000đ trở lên.
?";https://www.thegioididong.com/laptop/macbook-pro-14-inch-m5-16gb-512gb;Skipped
MacBook Air 15 inch M4 16GB/512GB;Xanh đen;Yes;36290000;32990000;2026-01-10;"Khuyến mãi trị giá 800.000₫

Giá và khuyến mãi dự kiến áp dụng đến 23:59 | 31/01
1

Phiếu mua hàng Chuột, Bàn phím (Apple) trị giá 500,000đ

2

Tặng Phiếu mua hàng Balo, Túi chống sốc (giá trị trên 1,000,000đ) trị giá 300,000đ

3

Tặng Phiếu mua hàng trị giá 300.000đ Áp dụng mua Máy in

4

Tặng Phiếu mua hàng Màn hình máy tính trị giá 300.000đ";"Ưu đãi thanh toán Online (Click chọn để áp dụng)
Giảm 1.000.000đ
Áp dụng sản phẩm từ 10.000.000đ trở lên.
?
Giảm 250.000đ
Áp dụng sản phẩm từ 5.000.000đ trở lên.
?
Giảm 500.000đ
Áp dụng sản phẩm từ 5.000.000đ trở lên.
?";https://www.thegioididong.com/laptop/macbook-air-15-inch-m4-16gb-256gb;Skipped
iPhone Air 1TB;Vàng Nhạt;Yes;44990000;37990000;2026-01-10;"Khuyến mãi

Giá và khuyến mãi dự kiến áp dụng đến 23:59 | 11/01
1

Tặng phiếu mua hàng Apple Watch trị giá 1,000,000đ

2

Tặng phiếu mua hàng Macbook trị giá 700,000đ

3

Phiếu mua hàng Airpods trị giá 500.000đ

4

Tặng PMH Phụ kiện bảo vệ iPhone 17 (đơn trên 500.000đ, trừ hãng Apple/ Beats) trị giá 100.000đ

5

Thu cũ đổi mới: Giảm đến 2,000,000đ (Không kèm ưu đãi thanh toán qua cổng, mua kèm) Xem chi tiết";"Ưu đãi thanh toán Online (Click chọn để áp dụng)
Giảm 1.000.000đ
Áp dụng sản phẩm từ 10.000.000đ trở lên.
?
Giảm 250.000đ
Áp dụng sản phẩm từ 5.000.000đ trở lên.
?
Giảm 500.000đ
Áp dụng sản phẩm từ 5.000.000đ trở lên.
?";https://www.thegioididong.com/dtdd/iphone-air;Skipped
MacBook Pro 14 inch M4 Pro 24GB/512GB;Đen;No;51990000;49990000;2026-01-10;"Khuyến mãi trị giá 800.000₫

Giá và khuyến mãi dự kiến áp dụng đến 23:59 | 31/01
1

Phiếu mua hàng Chuột, Bàn phím (Apple) trị giá 500,000đ

2

Tặng Phiếu mua hàng Balo, Túi chống sốc (giá trị trên 1,000,000đ) trị giá 300,000đ

3

Tặng Phiếu mua hàng trị giá 300.000đ Áp dụng mua Máy in

4

Tặng Phiếu mua hàng Màn hình máy tính trị giá 300.000đ";;https://www.thegioididong.com/laptop/macbook-pro-14-inch-m4-pro-24gb-512gb;DEBUG_OOS_MacBook Pro 14 inch M4 Pro 24GB/512GB_Đen_093553.png
MacBook Air 15 inch M4 24GB/512GB;Xanh đen;No;41190000;38490000;2026-01-10;"Khuyến mãi trị giá 800.000₫

Giá và khuyến mãi dự kiến áp dụng đến 23:59 | 31/01
1

Phiếu mua hàng Chuột, Bàn phím (Apple) trị giá 500,000đ

2

Tặng Phiếu mua hàng Balo, Túi chống sốc (giá trị trên 1,000,000đ) trị giá 300,000đ

3

Tặng Phiếu mua hàng trị giá 300.000đ Áp dụng mua Máy in

4

Tặng Phiếu mua hàng Màn hình máy tính trị giá 300.000đ";;https://www.thegioididong.com/laptop/macbook-air-15-inch-m4-24gb-512gb;DEBUG_OOS_MacBook Air 15 inch M4 24GB/512GB_Xanh đen_093554.png
iPhone 17 512GB;Trắng;Yes;100000;31490000;2026-01-10;;;https://www.thegioididong.com/dtdd/iphone-17;Skipped
MacBook Air 15 inch M4 24GB/512GB;Bạc;No;41190000;38490000;2026-01-10;"Khuyến mãi trị giá 800.000₫

Giá và khuyến mãi dự kiến áp dụng đến 23:59 | 31/01
1

Phiếu mua hàng Chuột, Bàn phím (Apple) trị giá 500,000đ

2

Tặng Phiếu mua hàng Balo, Túi chống sốc (giá trị trên 1,000,000đ) trị giá 300,000đ

3

Tặng Phiếu mua hàng trị giá 300.000đ Áp dụng mua Máy in

4

Tặng Phiếu mua hàng Màn hình máy tính trị giá 300.000đ";;https://www.thegioididong.com/laptop/macbook-air-15-inch-m4-24gb-512gb;DEBUG_OOS_MacBook Air 15 inch M4 24GB/512GB_Bạc_093557.png
iPhone 17 512GB;Tím Oải Hương;No;100000;31490000;2026-01-10;;;https://www.thegioididong.com/dtdd/iphone-17;DEBUG_OOS_iPhone 17 512GB_Tím Oải Hương_093558.png
iPhone Air 1TB;Trắng Mây;Yes;44990000;37990000;2026-01-10;"Khuyến mãi

Giá và khuyến mãi dự kiến áp dụng đến 23:59 | 11/01
1

Tặng phiếu mua hàng Apple Watch trị giá 1,000,000đ

2

Tặng phiếu mua hàng Macbook trị giá 700,000đ

3

Phiếu mua hàng Airpods trị giá 500.000đ

4

Tặng PMH Phụ kiện bảo vệ iPhone 17 (đơn trên 500.000đ, trừ hãng Apple/ Beats) trị giá 100.000đ

5

Thu cũ đổi mới: Giảm đến 2,000,000đ (Không kèm ưu đãi thanh toán qua cổng, mua kèm) Xem chi tiết";"Ưu đãi thanh toán Online (Click chọn để áp dụng)
Giảm 1.000.000đ
Áp dụng sản phẩm từ 10.000.000đ trở lên.
?
Giảm 250.000đ
Áp dụng sản phẩm từ 5.000.000đ trở lên.
?
Giảm 500.000đ
Áp dụng sản phẩm từ 5.000.000đ trở lên.
?";https://www.thegioididong.com/dtdd/iphone-air;Skipped
MacBook Pro 14 inch M5 16GB/512GB;Đen;Yes;2990000;41990000;2026-01-10;"Khuyến mãi trị giá 800.000₫

Giá và khuyến mãi dự kiến áp dụng đến 23:59 | 31/01
1

Phiếu mua hàng Chuột, Bàn phím (Apple) trị giá 500,000đ

2

Tặng Phiếu mua hàng Balo, Túi chống sốc (giá trị trên 1,000,000đ) trị giá 300,000đ

3

Tặng Phiếu mua hàng trị giá 300.000đ Áp dụng mua Máy in

4

Tặng Phiếu mua hàng Màn hình máy tính trị giá 300.000đ";"Ưu đãi thanh toán Online (Click chọn để áp dụng)
Giảm 1.000.000đ
Áp dụng sản phẩm từ 10.000.000đ trở lên.
?
Giảm 250.000đ
Áp dụng sản phẩm từ 5.000.000đ trở lên.
?
Giảm 500.000đ
Áp dụng sản phẩm từ 5.000.000đ trở lên.
?";https://www.thegioididong.com/laptop/macbook-pro-14-inch-m5-16gb-512gb;Skipped
MacBook Pro 14 inch M4 Pro 24GB/512GB;Bạc;Yes;51990000;49990000;2026-01-10;"Khuyến mãi trị giá 800.000₫

Giá và khuyến mãi dự kiến áp dụng đến 23:59 | 31/01
1

Phiếu mua hàng Chuột, Bàn phím (Apple) trị giá 500,000đ

2

Tặng Phiếu mua hàng Balo, Túi chống sốc (giá trị trên 1,000,000đ) trị giá 300,000đ

3

Tặng Phiếu mua hàng trị giá 300.000đ Áp dụng mua Máy in

4

Tặng Phiếu mua hàng Màn hình máy tính trị giá 300.000đ";"Ưu đãi thanh toán Online (Click chọn để áp dụng)
Giảm 1.000.000đ
Áp dụng sản phẩm từ 10.000.000đ trở lên.
?
Giảm 250.000đ
Áp dụng sản phẩm từ 5.000.000đ trở lên.
?
Giảm 500.000đ
Áp dụng sản phẩm từ 5.000.000đ trở lên.
?";https://www.thegioididong.com/laptop/macbook-pro-14-inch-m4-pro-24gb-512gb;Skipped
MacBook Air 15 inch M4 16GB/256GB;16GB - 256 GB;Yes;31390000;28990000;2026-01-10;"Khuyến mãi trị giá 800.000₫

Giá và khuyến mãi dự kiến áp dụng đến 23:59 | 31/01
1

Phiếu mua hàng Chuột, Bàn phím (Apple) trị giá 500,000đ

2

Tặng Phiếu mua hàng Balo, Túi chống sốc (giá trị trên 1,000,000đ) trị giá 300,000đ

3

Tặng Phiếu mua hàng trị giá 300.000đ Áp dụng mua Máy in

4

Tặng Phiếu mua hàng Màn hình máy tính trị giá 300.000đ";"Ưu đãi thanh toán Online (Click chọn để áp dụng)
Giảm 1.000.000đ
Áp dụng sản phẩm từ 10.000.000đ trở lên.
?
Giảm 250.000đ
Áp dụng sản phẩm từ 5.000.000đ trở lên.
?
Giảm 500.000đ
Áp dụng sản phẩm từ 5.000.000đ trở lên.
?";https://www.thegioididong.com/laptop/macbook-air-15-inch-m4-16gb-256gb;Skipped
MacBook Air 15 inch M4 24GB/512GB;Xanh da trời nhạt;No;41190000;38490000;2026-01-10;"Khuyến mãi trị giá 800.000₫

Giá và khuyến mãi dự kiến áp dụng đến 23:59 | 31/01
1

Phiếu mua hàng Chuột, Bàn phím (Apple) trị giá 500,000đ

2

Tặng Phiếu mua hàng Balo, Túi chống sốc (giá trị trên 1,000,000đ) trị giá 300,000đ

3

Tặng Phiếu mua hàng trị giá 300.000đ Áp dụng mua Máy in

4

Tặng Phiếu mua hàng Màn hình máy tính trị giá 300.000đ";;https://www.thegioididong.com/laptop/macbook-air-15-inch-m4-24gb-512gb;DEBUG_OOS_MacBook Air 15 inch M4 24GB/512GB_Xanh da trời nhạt_093600.png
iPhone 17 512GB;Đen;No;100000;31490000;2026-01-10;;;https://www.thegioididong.com/dtdd/iphone-17;DEBUG_OOS_iPhone 17 512GB_Đen_093601.png
MacBook Pro 16 inch M4 Pro 48GB/1TB;Đen;No;81690000;79090000;2026-01-10;"Khuyến mãi trị giá 800.000₫

Giá và khuyến mãi dự kiến áp dụng đến 23:59 | 31/01
1

Phiếu mua hàng Chuột, Bàn phím (Apple) trị giá 500,000đ

2

Tặng Phiếu mua hàng Balo, Túi chống sốc (giá trị trên 1,000,000đ) trị giá 300,000đ

3

Tặng Phiếu mua hàng trị giá 300.000đ Áp dụng mua Máy in

4

Tặng Phiếu mua hàng Màn hình máy tính trị giá 300.000đ";;https://www.thegioididong.com/laptop/macbook-pro-16-inch-m4-pro-48gb-1tb;DEBUG_OOS_MacBook Pro 16 inch M4 Pro 48GB/1TB_Đen_093605.png
MacBook Pro 14 inch M5 16GB/512GB;Bạc;Yes;2990000;41990000;2026-01-10;"Khuyến mãi trị giá 800.000₫

Giá và khuyến mãi dự kiến áp dụng đến 23:59 | 31/01
1

Phiếu mua hàng Chuột, Bàn phím (Apple) trị giá 500,000đ

2

Tặng Phiếu mua hàng Balo, Túi chống sốc (giá trị trên 1,000,000đ) trị giá 300,000đ

3

Tặng Phiếu mua hàng trị giá 300.000đ Áp dụng mua Máy in

4

Tặng Phiếu mua hàng Màn hình máy tính trị giá 300.000đ";"Ưu đãi thanh toán Online (Click chọn để áp dụng)
Giảm 1.000.000đ
Áp dụng sản phẩm từ 10.000.000đ trở lên.
?
Giảm 250.000đ
Áp dụng sản phẩm từ 5.000.000đ trở lên.
?
Giảm 500.000đ
Áp dụng sản phẩm từ 5.000.000đ trở lên.
?";https://www.thegioididong.com/laptop/macbook-pro-14-inch-m5-16gb-512gb;Skipped
iPhone Air 1TB;Đen Không Gian;Yes;44990000;37990000;2026-01-10;"Khuyến mãi

Giá và khuyến mãi dự kiến áp dụng đến 23:59 | 11/01
1

Tặng phiếu mua hàng Apple Watch trị giá 1,000,000đ

2

Tặng phiếu mua hàng Macbook trị giá 700,000đ

3

Phiếu mua hàng Airpods trị giá 500.000đ

4

Tặng PMH Phụ kiện bảo vệ iPhone 17 (đơn trên 500.000đ, trừ hãng Apple/ Beats) trị giá 100.000đ

5

Thu cũ đổi mới: Giảm đến 2,000,000đ (Không kèm ưu đãi thanh toán qua cổng, mua kèm) Xem chi tiết";"Ưu đãi thanh toán Online (Click chọn để áp dụng)
Giảm 1.000.000đ
Áp dụng sản phẩm từ 10.000.000đ trở lên.
?
Giảm 250.000đ
Áp dụng sản phẩm từ 5.000.000đ trở lên.
?
Giảm 500.000đ
Áp dụng sản phẩm từ 5.000.000đ trở lên.
?";https://www.thegioididong.com/dtdd/iphone-air;Skipped
MacBook Air 15 inch M4 24GB/512GB;Vàng;No;41190000;38490000;2026-01-10;"Khuyến mãi trị giá 800.000₫

Giá và khuyến mãi dự kiến áp dụng đến 23:59 | 31/01
1

Phiếu mua hàng Chuột, Bàn phím (Apple) trị giá 500,000đ

2

Tặng Phiếu mua hàng Balo, Túi chống sốc (giá trị trên 1,000,000đ) trị giá 300,000đ

3

Tặng Phiếu mua hàng trị giá 300.000đ Áp dụng mua Máy in

4

Tặng Phiếu mua hàng Màn hình máy tính trị giá 300.000đ";;https://www.thegioididong.com/laptop/macbook-air-15-inch-m4-24gb-512gb;DEBUG_OOS_MacBook Air 15 inch M4 24GB/512GB_Vàng_093606.png
MacBook Air 15 inch M4 16GB/512GB;16GB - 512 GB;Yes;36290000;32990000;2026-01-10;"Khuyến mãi trị giá 800.000₫

Giá và khuyến mãi dự kiến áp dụng đến 23:59 | 31/01
1

Phiếu mua hàng Chuột, Bàn phím (Apple) trị giá 500,000đ

2

Tặng Phiếu mua hàng Balo, Túi chống sốc (giá trị trên 1,000,000đ) trị giá 300,000đ

3

Tặng Phiếu mua hàng trị giá 300.000đ Áp dụng mua Máy in

4

Tặng Phiếu mua hàng Màn hình máy tính trị giá 300.000đ";"Ưu đãi thanh toán Online (Click chọn để áp dụng)
Giảm 1.000.000đ
Áp dụng sản phẩm từ 10.000.000đ trở lên.
?
Giảm 250.000đ
Áp dụng sản phẩm từ 5.000.000đ trở lên.
?
Giảm 500.000đ
Áp dụng sản phẩm từ 5.000.000đ trở lên.
?";https://www.thegioididong.com/laptop/macbook-air-15-inch-m4-16gb-256gb;Skipped
MacBook Pro 16 inch M4 Pro 48GB/1TB;Bạc;No;81690000;79090000;2026-01-10;"Khuyến mãi trị giá 800.000₫

Giá và khuyến mãi dự kiến áp dụng đến 23:59 | 31/01
1

Phiếu mua hàng Chuột, Bàn phím (Apple) trị giá 500,000đ

2

Tặng Phiếu mua hàng Balo, Túi chống sốc (giá trị trên 1,000,000đ) trị giá 300,000đ

3

Tặng Phiếu mua hàng trị giá 300.000đ Áp dụng mua Máy in

4

Tặng Phiếu mua hàng Màn hình máy tính trị giá 300.000đ";;https://www.thegioididong.com/laptop/macbook-pro-16-inch-m4-pro-48gb-1tb;DEBUG_OOS_MacBook Pro 16 inch M4 Pro 48GB/1TB_Bạc_093609.png
MacBook Air 15 inch M4 24GB/512GB;Xanh đen;No;41190000;38490000;2026-01-10;"Khuyến mãi trị giá 800.000₫

Giá và khuyến mãi dự kiến áp dụng đến 23:59 | 31/01
1

Phiếu mua hàng Chuột, Bàn phím (Apple) trị giá 500,000đ

2

Tặng Phiếu mua hàng Balo, Túi chống sốc (giá trị trên 1,000,000đ) trị giá 300,000đ

3

Tặng Phiếu mua hàng trị giá 300.000đ Áp dụng mua Máy in

4

Tặng Phiếu mua hàng Màn hình máy tính trị giá 300.000đ";;https://www.thegioididong.com/laptop/macbook-air-15-inch-m4-24gb-512gb;DEBUG_OOS_MacBook Air 15 inch M4 24GB/512GB_Xanh đen_093609.png
iPad A16 5G 128GB;Bạc;Yes;13990000;12990000;2026-01-10;"Khuyến mãi trị giá 400.000₫

Giá và khuyến mãi dự kiến áp dụng đến 23:59 | 10/01
1

Phiếu mua hàng Apple Pencil trị giá 400,000đ

2

Tặng Phiếu mua hàng mua Balo; Túi Chống sốc; Ốp lưng; KBV Camera; Sạc dự phòng (trừ AVA+, Hydrus); nhóm Tai nghe bluetooth, Loa Bluetooth các hãng JBL, Marshall,Harman Kardon; đồng hồ thông minh (trừ Apple) trị giá 100.000đ

3

PMH Sim data 500GB 1 tháng trị giá 100.000đ

4

Thu cũ đổi mới: Giảm đến 2,000,000đ (Không kèm ưu đãi thanh toán qua cổng, mua kèm) Xem chi tiết";"Ưu đãi thanh toán Online (Click chọn để áp dụng)
Giảm 1.000.000đ
Áp dụng sản phẩm từ 10.000.000đ trở lên.
?
Giảm 250.000đ
Áp dụng sản phẩm từ 5.000.000đ trở lên.
?
Giảm 500.000đ
Áp dụng sản phẩm từ 5.000.000đ trở lên.
?";https://www.thegioididong.com/may-tinh-bang/ipad-11-5g-128gb;Skipped
MacBook Air 15 inch M4 16GB/512GB;Vàng;No;36290000;32990000;2026-01-10;"Khuyến mãi trị giá 800.000₫

Giá và khuyến mãi dự kiến áp dụng đến 23:59 | 31/01
1

Phiếu mua hàng Chuột, Bàn phím (Apple) trị giá 500,000đ

2

Tặng Phiếu mua hàng Balo, Túi chống sốc (giá trị trên 1,000,000đ) trị giá 300,000đ

3

Tặng Phiếu mua hàng trị giá 300.000đ Áp dụng mua Máy in

4

Tặng Phiếu mua hàng Màn hình máy tính trị giá 300.000đ";;https://www.thegioididong.com/laptop/macbook-air-15-inch-m4-16gb-256gb;DEBUG_OOS_MacBook Air 15 inch M4 16GB/512GB_Vàng_093610.png
iPad A16 WiFi 128GB;Bạc;Yes;9790000;8490000;2026-01-10;"Khuyến mãi trị giá 400.000₫

Giá và khuyến mãi có thể kết thúc sớm hơn dự kiến
1

Phiếu mua hàng Apple Pencil trị giá 400,000đ

2

PMH Sim data 500GB 1 tháng trị giá 100.000đ";"Ưu đãi thanh toán Online (Click chọn để áp dụng)
Giảm 250.000đ
Áp dụng sản phẩm từ 5.000.000đ trở lên.
?
Giảm 500.000đ
Áp dụng sản phẩm từ 5.000.000đ trở lên.
?";https://www.thegioididong.com/may-tinh-bang/ipad-11-wifi-128gb;Skipped
iPad Air M3 11 inch 5G 128GB;Đen - Xám;No;20790000;17790000;2026-01-10;"Khuyến mãi trị giá 400.000₫

Giá và khuyến mãi dự kiến áp dụng đến 23:59 | 11/01
1

Phiếu mua hàng Apple Pencil trị giá 400,000đ

2

Tặng Phiếu mua hàng mua Balo; Túi Chống sốc; Ốp lưng; KBV Camera; Sạc dự phòng (trừ AVA+, Hydrus); nhóm Tai nghe bluetooth, Loa Bluetooth các hãng JBL, Marshall,Harman Kardon; đồng hồ thông minh (trừ Apple) trị giá 100.000đ

3

PMH Sim data 500GB 1 tháng trị giá 100.000đ

4

Thu cũ đổi mới: Giảm đến 2,000,000đ (Không kèm ưu đãi thanh toán qua cổng, mua kèm) Xem chi tiết";;https://www.thegioididong.com/may-tinh-bang/ipad-air-m3-11-inch-5g-128gb;DEBUG_OOS_iPad Air M3 11 inch 5G 128GB_Đen - Xám_093611.png
MacBook Air 15 inch M4 24GB/512GB;Bạc;No;41190000;38490000;2026-01-10;"Khuyến mãi trị giá 800.000₫

Giá và khuyến mãi dự kiến áp dụng đến 23:59 | 31/01
1

Phiếu mua hàng Chuột, Bàn phím (Apple) trị giá 500,000đ

2

Tặng Phiếu mua hàng Balo, Túi chống sốc (giá trị trên 1,000,000đ) trị giá 300,000đ

3

Tặng Phiếu mua hàng trị giá 300.000đ Áp dụng mua Máy in

4

Tặng Phiếu mua hàng Màn hình máy tính trị giá 300.000đ";;https://www.thegioididong.com/laptop/macbook-air-15-inch-m4-24gb-512gb;DEBUG_OOS_MacBook Air 15 inch M4 24GB/512GB_Bạc_093612.png
MacBook Air 15 inch M4 16GB/512GB;Bạc;No;36290000;32990000;2026-01-10;"Khuyến mãi trị giá 800.000₫

Giá và khuyến mãi dự kiến áp dụng đến 23:59 | 31/01
1

Phiếu mua hàng Chuột, Bàn phím (Apple) trị giá 500,000đ

2

Tặng Phiếu mua hàng Balo, Túi chống sốc (giá trị trên 1,000,000đ) trị giá 300,000đ

3

Tặng Phiếu mua hàng trị giá 300.000đ Áp dụng mua Máy in

4

Tặng Phiếu mua hàng Màn hình máy tính trị giá 300.000đ";;https://www.thegioididong.com/laptop/macbook-air-15-inch-m4-16gb-256gb;DEBUG_OOS_MacBook Air 15 inch M4 16GB/512GB_Bạc_093613.png
iPad A16 5G 128GB;Xanh Dương;No;13990000;12990000;2026-01-10;"Khuyến mãi trị giá 400.000₫

Giá và khuyến mãi dự kiến áp dụng đến 23:59 | 10/01
1

Phiếu mua hàng Apple Pencil trị giá 400,000đ

2

Tặng Phiếu mua hàng mua Balo; Túi Chống sốc; Ốp lưng; KBV Camera; Sạc dự phòng (trừ AVA+, Hydrus); nhóm Tai nghe bluetooth, Loa Bluetooth các hãng JBL, Marshall,Harman Kardon; đồng hồ thông minh (trừ Apple) trị giá 100.000đ

3

PMH Sim data 500GB 1 tháng trị giá 100.000đ

4

Thu cũ đổi mới: Giảm đến 2,000,000đ (Không kèm ưu đãi thanh toán qua cổng, mua kèm) Xem chi tiết";;https://www.thegioididong.com/may-tinh-bang/ipad-11-5g-128gb;DEBUG_OOS_iPad A16 5G 128GB_Xanh Dương_093614.png
MacBook Pro 16 inch M4 Pro 48GB/1TB;Đen;No;81690000;79090000;2026-01-10;"Khuyến mãi trị giá 800.000₫

Giá và khuyến mãi dự kiến áp dụng đến 23:59 | 31/01
1

Phiếu mua hàng Chuột, Bàn phím (Apple) trị giá 500,000đ

2

Tặng Phiếu mua hàng Balo, Túi chống sốc (giá trị trên 1,000,000đ) trị giá 300,000đ

3

Tặng Phiếu mua hàng trị giá 300.000đ Áp dụng mua Máy in

4

Tặng Phiếu mua hàng Màn hình máy tính trị giá 300.000đ";;https://www.thegioididong.com/laptop/macbook-pro-16-inch-m4-pro-48gb-1tb;DEBUG_OOS_MacBook Pro 16 inch M4 Pro 48GB/1TB_Đen_093614.png
iPad A16 WiFi 128GB;Xanh Dương;Yes;9790000;8490000;2026-01-10;"Khuyến mãi trị giá 400.000₫

Giá và khuyến mãi có thể kết thúc sớm hơn dự kiến
1

Phiếu mua hàng Apple Pencil trị giá 400,000đ

2

PMH Sim data 500GB 1 tháng trị giá 100.000đ";"Ưu đãi thanh toán Online (Click chọn để áp dụng)
Giảm 250.000đ
Áp dụng sản phẩm từ 5.000.000đ trở lên.
?
Giảm 500.000đ
Áp dụng sản phẩm từ 5.000.000đ trở lên.
?";https://www.thegioididong.com/may-tinh-bang/ipad-11-wifi-128gb;Skipped
iPad Air M3 11 inch 5G 128GB;Trắng Starlight;No;20790000;17790000;2026-01-10;"Khuyến mãi trị giá 400.000₫

Giá và khuyến mãi dự kiến áp dụng đến 23:59 | 11/01
1

Phiếu mua hàng Apple Pencil trị giá 400,000đ

2

Tặng Phiếu mua hàng mua Balo; Túi Chống sốc; Ốp lưng; KBV Camera; Sạc dự phòng (trừ AVA+, Hydrus); nhóm Tai nghe bluetooth, Loa Bluetooth các hãng JBL, Marshall,Harman Kardon; đồng hồ thông minh (trừ Apple) trị giá 100.000đ

3

PMH Sim data 500GB 1 tháng trị giá 100.000đ

4

Thu cũ đổi mới: Giảm đến 2,000,000đ (Không kèm ưu đãi thanh toán qua cổng, mua kèm) Xem chi tiết";;https://www.thegioididong.com/may-tinh-bang/ipad-air-m3-11-inch-5g-128gb;DEBUG_OOS_iPad Air M3 11 inch 5G 128GB_Trắng Starlight_093615.png
MacBook Air 15 inch M4 24GB/512GB;Xanh da trời nhạt;No;41190000;38490000;2026-01-10;"Khuyến mãi trị giá 800.000₫

Giá và khuyến mãi dự kiến áp dụng đến 23:59 | 31/01
1

Phiếu mua hàng Chuột, Bàn phím (Apple) trị giá 500,000đ

2

Tặng Phiếu mua hàng Balo, Túi chống sốc (giá trị trên 1,000,000đ) trị giá 300,000đ

3

Tặng Phiếu mua hàng trị giá 300.000đ Áp dụng mua Máy in

4

Tặng Phiếu mua hàng Màn hình máy tính trị giá 300.000đ";;https://www.thegioididong.com/laptop/macbook-air-15-inch-m4-24gb-512gb;DEBUG_OOS_MacBook Air 15 inch M4 24GB/512GB_Xanh da trời nhạt_093616.png
MacBook Air 15 inch M4 16GB/512GB;Xanh da trời nhạt;No;36290000;32990000;2026-01-10;"Khuyến mãi trị giá 800.000₫

Giá và khuyến mãi dự kiến áp dụng đến 23:59 | 31/01
1

Phiếu mua hàng Chuột, Bàn phím (Apple) trị giá 500,000đ

2

Tặng Phiếu mua hàng Balo, Túi chống sốc (giá trị trên 1,000,000đ) trị giá 300,000đ

3

Tặng Phiếu mua hàng trị giá 300.000đ Áp dụng mua Máy in

4

Tặng Phiếu mua hàng Màn hình máy tính trị giá 300.000đ";;https://www.thegioididong.com/laptop/macbook-air-15-inch-m4-16gb-256gb;DEBUG_OOS_MacBook Air 15 inch M4 16GB/512GB_Xanh da trời nhạt_093617.png
MacBook Pro 16 inch M4 Pro 48GB/1TB;Bạc;No;81690000;79090000;2026-01-10;"Khuyến mãi trị giá 800.000₫

Giá và khuyến mãi dự kiến áp dụng đến 23:59 | 31/01
1

Phiếu mua hàng Chuột, Bàn phím (Apple) trị giá 500,000đ

2

Tặng Phiếu mua hàng Balo, Túi chống sốc (giá trị trên 1,000,000đ) trị giá 300,000đ

3

Tặng Phiếu mua hàng trị giá 300.000đ Áp dụng mua Máy in

4

Tặng Phiếu mua hàng Màn hình máy tính trị giá 300.000đ";;https://www.thegioididong.com/laptop/macbook-pro-16-inch-m4-pro-48gb-1tb;DEBUG_OOS_MacBook Pro 16 inch M4 Pro 48GB/1TB_Bạc_093617.png
iPad A16 5G 128GB;Vàng;Yes;13990000;12990000;2026-01-10;"Khuyến mãi trị giá 400.000₫

Giá và khuyến mãi dự kiến áp dụng đến 23:59 | 10/01
1

Phiếu mua hàng Apple Pencil trị giá 400,000đ

2

Tặng Phiếu mua hàng mua Balo; Túi Chống sốc; Ốp lưng; KBV Camera; Sạc dự phòng (trừ AVA+, Hydrus); nhóm Tai nghe bluetooth, Loa Bluetooth các hãng JBL, Marshall,Harman Kardon; đồng hồ thông minh (trừ Apple) trị giá 100.000đ

3

PMH Sim data 500GB 1 tháng trị giá 100.000đ

4

Thu cũ đổi mới: Giảm đến 2,000,000đ (Không kèm ưu đãi thanh toán qua cổng, mua kèm) Xem chi tiết";"Ưu đãi thanh toán Online (Click chọn để áp dụng)
Giảm 1.000.000đ
Áp dụng sản phẩm từ 10.000.000đ trở lên.
?
Giảm 250.000đ
Áp dụng sản phẩm từ 5.000.000đ trở lên.
?
Giảm 500.000đ
Áp dụng sản phẩm từ 5.000.000đ trở lên.
?";https://www.thegioididong.com/may-tinh-bang/ipad-11-5g-128gb;Skipped
iPad A16 WiFi 128GB;Hồng;Yes;9790000;8690000;2026-01-10;"Khuyến mãi trị giá 400.000₫

Giá và khuyến mãi dự kiến áp dụng đến 23:59 | 10/01
1

Phiếu mua hàng Apple Pencil trị giá 400,000đ

2

Tặng Phiếu mua hàng mua Balo; Túi Chống sốc; Ốp lưng; KBV Camera; Sạc dự phòng (trừ AVA+, Hydrus); nhóm Tai nghe bluetooth, Loa Bluetooth các hãng JBL, Marshall,Harman Kardon; đồng hồ thông minh (trừ Apple) trị giá 100.000đ

3

PMH Sim data 500GB 1 tháng trị giá 100.000đ

4

Thu cũ đổi mới: Giảm đến 2,000,000đ (Không kèm ưu đãi thanh toán qua cổng, mua kèm) Xem chi tiết";"Ưu đãi thanh toán Online (Click chọn để áp dụng)
Giảm 250.000đ
Áp dụng sản phẩm từ 5.000.000đ trở lên.
?
Giảm 500.000đ
Áp dụng sản phẩm từ 5.000.000đ trở lên.
?";https://www.thegioididong.com/may-tinh-bang/ipad-11-wifi-128gb;Skipped
MacBook Air 15 inch M4 24GB/512GB;Vàng;No;41190000;38490000;2026-01-10;"Khuyến mãi trị giá 800.000₫

Giá và khuyến mãi dự kiến áp dụng đến 23:59 | 31/01
1

Phiếu mua hàng Chuột, Bàn phím (Apple) trị giá 500,000đ

2

Tặng Phiếu mua hàng Balo, Túi chống sốc (giá trị trên 1,000,000đ) trị giá 300,000đ

3

Tặng Phiếu mua hàng trị giá 300.000đ Áp dụng mua Máy in

4

Tặng Phiếu mua hàng Màn hình máy tính trị giá 300.000đ";;https://www.thegioididong.com/laptop/macbook-air-15-inch-m4-24gb-512gb;DEBUG_OOS_MacBook Air 15 inch M4 24GB/512GB_Vàng_093621.png
iPad Air M3 11 inch 5G 128GB;Tím;Yes;20790000;17790000;2026-01-10;"Khuyến mãi trị giá 400.000₫

Giá và khuyến mãi dự kiến áp dụng đến 23:59 | 11/01
1

Phiếu mua hàng Apple Pencil trị giá 400,000đ

2

Tặng Phiếu mua hàng mua Balo; Túi Chống sốc; Ốp lưng; KBV Camera; Sạc dự phòng (trừ AVA+, Hydrus); nhóm Tai nghe bluetooth, Loa Bluetooth các hãng JBL, Marshall,Harman Kardon; đồng hồ thông minh (trừ Apple) trị giá 100.000đ

3

PMH Sim data 500GB 1 tháng trị giá 100.000đ

4

Thu cũ đổi mới: Giảm đến 2,000,000đ (Không kèm ưu đãi thanh toán qua cổng, mua kèm) Xem chi tiết";"Ưu đãi thanh toán Online (Click chọn để áp dụng)
Giảm 1.000.000đ
Áp dụng sản phẩm từ 10.000.000đ trở lên.
?
Giảm 250.000đ
Áp dụng sản phẩm từ 5.000.000đ trở lên.
?
Giảm 500.000đ
Áp dụng sản phẩm từ 5.000.000đ trở lên.
?";https://www.thegioididong.com/may-tinh-bang/ipad-air-m3-11-inch-5g-128gb;Skipped
MacBook Air 15 inch M4 16GB/512GB;Xanh đen;Yes;36290000;32990000;2026-01-10;"Khuyến mãi trị giá 800.000₫

Giá và khuyến mãi dự kiến áp dụng đến 23:59 | 31/01
1

Phiếu mua hàng Chuột, Bàn phím (Apple) trị giá 500,000đ

2

Tặng Phiếu mua hàng Balo, Túi chống sốc (giá trị trên 1,000,000đ) trị giá 300,000đ

3

Tặng Phiếu mua hàng trị giá 300.000đ Áp dụng mua Máy in

4

Tặng Phiếu mua hàng Màn hình máy tính trị giá 300.000đ";"Ưu đãi thanh toán Online (Click chọn để áp dụng)
Giảm 1.000.000đ
Áp dụng sản phẩm từ 10.000.000đ trở lên.
?
Giảm 250.000đ
Áp dụng sản phẩm từ 5.000.000đ trở lên.
?
Giảm 500.000đ
Áp dụng sản phẩm từ 5.000.000đ trở lên.
?";https://www.thegioididong.com/laptop/macbook-air-15-inch-m4-16gb-256gb;Skipped
MacBook Air 15 inch M4 24GB/512GB;Xanh đen;No;41190000;38490000;2026-01-10;"Khuyến mãi trị giá 800.000₫

Giá và khuyến mãi dự kiến áp dụng đến 23:59 | 31/01
1

Phiếu mua hàng Chuột, Bàn phím (Apple) trị giá 500,000đ

2

Tặng Phiếu mua hàng Balo, Túi chống sốc (giá trị trên 1,000,000đ) trị giá 300,000đ

3

Tặng Phiếu mua hàng trị giá 300.000đ Áp dụng mua Máy in

4

Tặng Phiếu mua hàng Màn hình máy tính trị giá 300.000đ";;https://www.thegioididong.com/laptop/macbook-air-15-inch-m4-24gb-512gb;DEBUG_OOS_MacBook Air 15 inch M4 24GB/512GB_Xanh đen_093624.png
iPad Air M3 11 inch WiFi 128GB;Xanh Dương;Yes;16690000;13690000;2026-01-10;"Khuyến mãi trị giá 400.000₫

Giá và khuyến mãi dự kiến áp dụng đến 23:59 | 10/01
1

Phiếu mua hàng Apple Pencil trị giá 400,000đ

2

Tặng Phiếu mua hàng mua Balo; Túi Chống sốc; Ốp lưng; KBV Camera; Sạc dự phòng (trừ AVA+, Hydrus); nhóm Tai nghe bluetooth, Loa Bluetooth các hãng JBL, Marshall,Harman Kardon; đồng hồ thông minh (trừ Apple) trị giá 100.000đ

3

PMH Sim data 500GB 1 tháng trị giá 100.000đ

4

Thu cũ đổi mới: Giảm đến 2,000,000đ (Không kèm ưu đãi thanh toán qua cổng, mua kèm) Xem chi tiết";"Ưu đãi thanh toán Online (Click chọn để áp dụng)
Giảm 1.000.000đ
Áp dụng sản phẩm từ 10.000.000đ trở lên.
?
Giảm 250.000đ
Áp dụng sản phẩm từ 5.000.000đ trở lên.
?
Giảm 500.000đ
Áp dụng sản phẩm từ 5.000.000đ trở lên.
?";https://www.thegioididong.com/may-tinh-bang/ipad-air-m3-11-inch-wifi-128gb;Skipped
iPad A16 5G 128GB;Hồng;Yes;13990000;12990000;2026-01-10;"Khuyến mãi trị giá 400.000₫

Giá và khuyến mãi dự kiến áp dụng đến 23:59 | 10/01
1

Phiếu mua hàng Apple Pencil trị giá 400,000đ

2

Tặng Phiếu mua hàng mua Balo; Túi Chống sốc; Ốp lưng; KBV Camera; Sạc dự phòng (trừ AVA+, Hydrus); nhóm Tai nghe bluetooth, Loa Bluetooth các hãng JBL, Marshall,Harman Kardon; đồng hồ thông minh (trừ Apple) trị giá 100.000đ

3

PMH Sim data 500GB 1 tháng trị giá 100.000đ

4

Thu cũ đổi mới: Giảm đến 2,000,000đ (Không kèm ưu đãi thanh toán qua cổng, mua kèm) Xem chi tiết";"Ưu đãi thanh toán Online (Click chọn để áp dụng)
Giảm 1.000.000đ
Áp dụng sản phẩm từ 10.000.000đ trở lên.
?
Giảm 250.000đ
Áp dụng sản phẩm từ 5.000.000đ trở lên.
?
Giảm 500.000đ
Áp dụng sản phẩm từ 5.000.000đ trở lên.
?";https://www.thegioididong.com/may-tinh-bang/ipad-11-5g-128gb;Skipped
MacBook Air 15 inch M4 24GB/512GB;Bạc;No;41190000;38490000;2026-01-10;"Khuyến mãi trị giá 800.000₫

Giá và khuyến mãi dự kiến áp dụng đến 23:59 | 31/01
1

Phiếu mua hàng Chuột, Bàn phím (Apple) trị giá 500,000đ

2

Tặng Phiếu mua hàng Balo, Túi chống sốc (giá trị trên 1,000,000đ) trị giá 300,000đ

3

Tặng Phiếu mua hàng trị giá 300.000đ Áp dụng mua Máy in

4

Tặng Phiếu mua hàng Màn hình máy tính trị giá 300.000đ";;https://www.thegioididong.com/laptop/macbook-air-15-inch-m4-24gb-512gb;DEBUG_OOS_MacBook Air 15 inch M4 24GB/512GB_Bạc_093628.png
iPad A16 WiFi 128GB;Vàng;Yes;9790000;8690000;2026-01-10;"Khuyến mãi trị giá 400.000₫

Giá và khuyến mãi dự kiến áp dụng đến 23:59 | 10/01
1

Phiếu mua hàng Apple Pencil trị giá 400,000đ

2

Tặng Phiếu mua hàng mua Balo; Túi Chống sốc; Ốp lưng; KBV Camera; Sạc dự phòng (trừ AVA+, Hydrus); nhóm Tai nghe bluetooth, Loa Bluetooth các hãng JBL, Marshall,Harman Kardon; đồng hồ thông minh (trừ Apple) trị giá 100.000đ

3

PMH Sim data 500GB 1 tháng trị giá 100.000đ

4

Thu cũ đổi mới: Giảm đến 2,000,000đ (Không kèm ưu đãi thanh toán qua cổng, mua kèm) Xem chi tiết";"Ưu đãi thanh toán Online (Click chọn để áp dụng)
Giảm 250.000đ
Áp dụng sản phẩm từ 5.000.000đ trở lên.
?
Giảm 500.000đ
Áp dụng sản phẩm từ 5.000.000đ trở lên.
?";https://www.thegioididong.com/may-tinh-bang/ipad-11-wifi-128gb;Skipped
iPad Air M3 11 inch 5G 128GB;Xanh Dương;Yes;20790000;17790000;2026-01-10;"Khuyến mãi trị giá 400.000₫

Giá và khuyến mãi dự kiến áp dụng đến 23:59 | 11/01
1

Phiếu mua hàng Apple Pencil trị giá 400,000đ

2

PMH Sim data 500GB 1 tháng trị giá 100.000đ

3

Thu cũ đổi mới: Giảm đến 2,000,000đ (Không kèm ưu đãi thanh toán qua cổng, mua kèm) Xem chi tiết";"Ưu đãi thanh toán Online (Click chọn để áp dụng)
Giảm 1.000.000đ
Áp dụng sản phẩm từ 10.000.000đ trở lên.
?
Giảm 250.000đ
Áp dụng sản phẩm từ 5.000.000đ trở lên.
?
Giảm 500.000đ
Áp dụng sản phẩm từ 5.000.000đ trở lên.
?";https://www.thegioididong.com/may-tinh-bang/ipad-air-m3-11-inch-5g-128gb;Skipped
MacBook Air 15 inch M4 24GB/512GB;Xanh da trời nhạt;No;41190000;38490000;2026-01-10;"Khuyến mãi trị giá 800.000₫

Giá và khuyến mãi dự kiến áp dụng đến 23:59 | 31/01
1

Phiếu mua hàng Chuột, Bàn phím (Apple) trị giá 500,000đ

2

Tặng Phiếu mua hàng Balo, Túi chống sốc (giá trị trên 1,000,000đ) trị giá 300,000đ

3

Tặng Phiếu mua hàng trị giá 300.000đ Áp dụng mua Máy in

4

Tặng Phiếu mua hàng Màn hình máy tính trị giá 300.000đ";;https://www.thegioididong.com/laptop/macbook-air-15-inch-m4-24gb-512gb;DEBUG_OOS_MacBook Air 15 inch M4 24GB/512GB_Xanh da trời nhạt_093631.png
MacBook Air 15 inch M4 16GB/256GB;16GB - 256 GB;Yes;31390000;28990000;2026-01-10;"Khuyến mãi trị giá 800.000₫

Giá và khuyến mãi dự kiến áp dụng đến 23:59 | 31/01
1

Phiếu mua hàng Chuột, Bàn phím (Apple) trị giá 500,000đ

2

Tặng Phiếu mua hàng Balo, Túi chống sốc (giá trị trên 1,000,000đ) trị giá 300,000đ

3

Tặng Phiếu mua hàng trị giá 300.000đ Áp dụng mua Máy in

4

Tặng Phiếu mua hàng Màn hình máy tính trị giá 300.000đ";"Ưu đãi thanh toán Online (Click chọn để áp dụng)
Giảm 1.000.000đ
Áp dụng sản phẩm từ 10.000.000đ trở lên.
?
Giảm 250.000đ
Áp dụng sản phẩm từ 5.000.000đ trở lên.
?
Giảm 500.000đ
Áp dụng sản phẩm từ 5.000.000đ trở lên.
?";https://www.thegioididong.com/laptop/macbook-air-15-inch-m4-16gb-256gb;Skipped
iPad Air M3 11 inch WiFi 128GB;Đen - Xám;Yes;16690000;13690000;2026-01-10;"Khuyến mãi trị giá 400.000₫

Giá và khuyến mãi dự kiến áp dụng đến 23:59 | 11/01
1

Phiếu mua hàng Apple Pencil trị giá 400,000đ

2

Tặng Phiếu mua hàng mua Balo; Túi Chống sốc; Ốp lưng; KBV Camera; Sạc dự phòng (trừ AVA+, Hydrus); nhóm Tai nghe bluetooth, Loa Bluetooth các hãng JBL, Marshall,Harman Kardon; đồng hồ thông minh (trừ Apple) trị giá 100.000đ

3

PMH Sim data 500GB 1 tháng trị giá 100.000đ

4

Thu cũ đổi mới: Giảm đến 2,000,000đ (Không kèm ưu đãi thanh toán qua cổng, mua kèm) Xem chi tiết";"Ưu đãi thanh toán Online (Click chọn để áp dụng)
Giảm 1.000.000đ
Áp dụng sản phẩm từ 10.000.000đ trở lên.
?
Giảm 250.000đ
Áp dụng sản phẩm từ 5.000.000đ trở lên.
?
Giảm 500.000đ
Áp dụng sản phẩm từ 5.000.000đ trở lên.
?";https://www.thegioididong.com/may-tinh-bang/ipad-air-m3-11-inch-wifi-128gb;Skipped
iPad Air M3 11 inch 5G 128GB;Đen - Xám;No;20790000;17790000;2026-01-10;"Khuyến mãi trị giá 400.000₫

Giá và khuyến mãi dự kiến áp dụng đến 23:59 | 11/01
1

Phiếu mua hàng Apple Pencil trị giá 400,000đ

2

Tặng Phiếu mua hàng mua Balo; Túi Chống sốc; Ốp lưng; KBV Camera; Sạc dự phòng (trừ AVA+, Hydrus); nhóm Tai nghe bluetooth, Loa Bluetooth các hãng JBL, Marshall,Harman Kardon; đồng hồ thông minh (trừ Apple) trị giá 100.000đ

3

PMH Sim data 500GB 1 tháng trị giá 100.000đ

4

Thu cũ đổi mới: Giảm đến 2,000,000đ (Không kèm ưu đãi thanh toán qua cổng, mua kèm) Xem chi tiết";;https://www.thegioididong.com/may-tinh-bang/ipad-air-m3-11-inch-5g-128gb;DEBUG_OOS_iPad Air M3 11 inch 5G 128GB_Đen - Xám_093633.png
iPad A16 WiFi 256GB;Xanh Dương;Yes;12590000;11590000;2026-01-10;"Khuyến mãi trị giá 400.000₫

Giá và khuyến mãi dự kiến áp dụng đến 23:59 | 10/01
1

Phiếu mua hàng Apple Pencil trị giá 400,000đ

2

Tặng Phiếu mua hàng mua Balo; Túi Chống sốc; Ốp lưng; KBV Camera; Sạc dự phòng (trừ AVA+, Hydrus); nhóm Tai nghe bluetooth, Loa Bluetooth các hãng JBL, Marshall,Harman Kardon; đồng hồ thông minh (trừ Apple) trị giá 100.000đ

3

PMH Sim data 500GB 1 tháng trị giá 100.000đ

4

Thu cũ đổi mới: Giảm đến 2,000,000đ (Không kèm ưu đãi thanh toán qua cổng, mua kèm) Xem chi tiết";"Ưu đãi thanh toán Online (Click chọn để áp dụng)
Giảm 1.000.000đ
Áp dụng sản phẩm từ 10.000.000đ trở lên.
?
Giảm 250.000đ
Áp dụng sản phẩm từ 5.000.000đ trở lên.
?
Giảm 500.000đ
Áp dụng sản phẩm từ 5.000.000đ trở lên.
?";https://www.thegioididong.com/may-tinh-bang/ipad-11-wifi-128gb;Skipped
iPad A16 5G 128GB;Bạc;Yes;13990000;12990000;2026-01-10;"Khuyến mãi trị giá 400.000₫

Giá và khuyến mãi dự kiến áp dụng đến 23:59 | 10/01
1

Phiếu mua hàng Apple Pencil trị giá 400,000đ

2

Tặng Phiếu mua hàng mua Balo; Túi Chống sốc; Ốp lưng; KBV Camera; Sạc dự phòng (trừ AVA+, Hydrus); nhóm Tai nghe bluetooth, Loa Bluetooth các hãng JBL, Marshall,Harman Kardon; đồng hồ thông minh (trừ Apple) trị giá 100.000đ

3

PMH Sim data 500GB 1 tháng trị giá 100.000đ

4

Thu cũ đổi mới: Giảm đến 2,000,000đ (Không kèm ưu đãi thanh toán qua cổng, mua kèm) Xem chi tiết";"Ưu đãi thanh toán Online (Click chọn để áp dụng)
Giảm 1.000.000đ
Áp dụng sản phẩm từ 10.000.000đ trở lên.
?
Giảm 250.000đ
Áp dụng sản phẩm từ 5.000.000đ trở lên.
?
Giảm 500.000đ
Áp dụng sản phẩm từ 5.000.000đ trở lên.
?";https://www.thegioididong.com/may-tinh-bang/ipad-11-5g-128gb;Skipped
iPad Air M3 13 inch 5G 128GB;Tím;No;26190000;23590000;2026-01-10;"Khuyến mãi trị giá 400.000₫

Giá và khuyến mãi dự kiến áp dụng đến 23:59 | 11/01
1

Phiếu mua hàng Apple Pencil trị giá 400,000đ

2

Tặng Phiếu mua hàng mua Balo; Túi Chống sốc; Ốp lưng; KBV Camera; Sạc dự phòng (trừ AVA+, Hydrus); nhóm Tai nghe bluetooth, Loa Bluetooth các hãng JBL, Marshall,Harman Kardon; đồng hồ thông minh (trừ Apple) trị giá 100.000đ

3

PMH Sim data 500GB 1 tháng trị giá 100.000đ

4

Thu cũ đổi mới: Giảm đến 2,000,000đ (Không kèm ưu đãi thanh toán qua cổng, mua kèm) Xem chi tiết";;https://www.thegioididong.com/may-tinh-bang/ipad-air-m3-13-inch-5g-128gb;DEBUG_OOS_iPad Air M3 13 inch 5G 128GB_Tím_093636.png
iPad Air M3 11 inch 5G 128GB;Trắng Starlight;No;20790000;17790000;2026-01-10;"Khuyến mãi trị giá 400.000₫

Giá và khuyến mãi dự kiến áp dụng đến 23:59 | 11/01
1

Phiếu mua hàng Apple Pencil trị giá 400,000đ

2

Tặng Phiếu mua hàng mua Balo; Túi Chống sốc; Ốp lưng; KBV Camera; Sạc dự phòng (trừ AVA+, Hydrus); nhóm Tai nghe bluetooth, Loa Bluetooth các hãng JBL, Marshall,Harman Kardon; đồng hồ thông minh (trừ Apple) trị giá 100.000đ

3

PMH Sim data 500GB 1 tháng trị giá 100.000đ

4

Thu cũ đổi mới: Giảm đến 2,000,000đ (Không kèm ưu đãi thanh toán qua cổng, mua kèm) Xem chi tiết";;https://www.thegioididong.com/may-tinh-bang/ipad-air-m3-11-inch-5g-128gb;DEBUG_OOS_iPad Air M3 11 inch 5G 128GB_Trắng Starlight_093637.png
MacBook Air 15 inch M4 16GB/512GB;16GB - 512 GB;Yes;36290000;32990000;2026-01-10;"Khuyến mãi trị giá 800.000₫

Giá và khuyến mãi dự kiến áp dụng đến 23:59 | 31/01
1

Phiếu mua hàng Chuột, Bàn phím (Apple) trị giá 500,000đ

2

Tặng Phiếu mua hàng Balo, Túi chống sốc (giá trị trên 1,000,000đ) trị giá 300,000đ

3

Tặng Phiếu mua hàng trị giá 300.000đ Áp dụng mua Máy in

4

Tặng Phiếu mua hàng Màn hình máy tính trị giá 300.000đ";"Ưu đãi thanh toán Online (Click chọn để áp dụng)
Giảm 1.000.000đ
Áp dụng sản phẩm từ 10.000.000đ trở lên.
?
Giảm 250.000đ
Áp dụng sản phẩm từ 5.000.000đ trở lên.
?
Giảm 500.000đ
Áp dụng sản phẩm từ 5.000.000đ trở lên.
?";https://www.thegioididong.com/laptop/macbook-air-15-inch-m4-16gb-256gb;Skipped
iPad A16 5G 128GB;Xanh Dương;No;13990000;12990000;2026-01-10;"Khuyến mãi trị giá 400.000₫

Giá và khuyến mãi dự kiến áp dụng đến 23:59 | 10/01
1

Phiếu mua hàng Apple Pencil trị giá 400,000đ

2

Tặng Phiếu mua hàng mua Balo; Túi Chống sốc; Ốp lưng; KBV Camera; Sạc dự phòng (trừ AVA+, Hydrus); nhóm Tai nghe bluetooth, Loa Bluetooth các hãng JBL, Marshall,Harman Kardon; đồng hồ thông minh (trừ Apple) trị giá 100.000đ

3

PMH Sim data 500GB 1 tháng trị giá 100.000đ

4

Thu cũ đổi mới: Giảm đến 2,000,000đ (Không kèm ưu đãi thanh toán qua cổng, mua kèm) Xem chi tiết";;https://www.thegioididong.com/may-tinh-bang/ipad-11-5g-128gb;DEBUG_OOS_iPad A16 5G 128GB_Xanh Dương_093638.png
iPad Air M3 11 inch WiFi 128GB;Trắng Starlight;Yes;16690000;13690000;2026-01-10;"Khuyến mãi trị giá 400.000₫

Giá và khuyến mãi dự kiến áp dụng đến 23:59 | 11/01
1

Phiếu mua hàng Apple Pencil trị giá 400,000đ

2

Tặng Phiếu mua hàng mua Balo; Túi Chống sốc; Ốp lưng; KBV Camera; Sạc dự phòng (trừ AVA+, Hydrus); nhóm Tai nghe bluetooth, Loa Bluetooth các hãng JBL, Marshall,Harman Kardon; đồng hồ thông minh (trừ Apple) trị giá 100.000đ

3

PMH Sim data 500GB 1 tháng trị giá 100.000đ

4

Thu cũ đổi mới: Giảm đến 2,000,000đ (Không kèm ưu đãi thanh toán qua cổng, mua kèm) Xem chi tiết";"Ưu đãi thanh toán Online (Click chọn để áp dụng)
Giảm 1.000.000đ
Áp dụng sản phẩm từ 10.000.000đ trở lên.
?
Giảm 250.000đ
Áp dụng sản phẩm từ 5.000.000đ trở lên.
?
Giảm 500.000đ
Áp dụng sản phẩm từ 5.000.000đ trở lên.
?";https://www.thegioididong.com/may-tinh-bang/ipad-air-m3-11-inch-wifi-128gb;Skipped
iPad Air M3 13 inch 5G 128GB;Xanh Dương;No;26190000;23590000;2026-01-10;"Khuyến mãi trị giá 400.000₫

Giá và khuyến mãi dự kiến áp dụng đến 23:59 | 11/01
1

Phiếu mua hàng Apple Pencil trị giá 400,000đ

2

Tặng Phiếu mua hàng mua Balo; Túi Chống sốc; Ốp lưng; KBV Camera; Sạc dự phòng (trừ AVA+, Hydrus); nhóm Tai nghe bluetooth, Loa Bluetooth các hãng JBL, Marshall,Harman Kardon; đồng hồ thông minh (trừ Apple) trị giá 100.000đ

3

PMH Sim data 500GB 1 tháng trị giá 100.000đ

4

Thu cũ đổi mới: Giảm đến 2,000,000đ (Không kèm ưu đãi thanh toán qua cổng, mua kèm) Xem chi tiết";;https://www.thegioididong.com/may-tinh-bang/ipad-air-m3-13-inch-5g-128gb;DEBUG_OOS_iPad Air M3 13 inch 5G 128GB_Xanh Dương_093640.png
MacBook Air 15 inch M4 16GB/512GB;Vàng;No;36290000;32990000;2026-01-10;"Khuyến mãi trị giá 800.000₫

Giá và khuyến mãi dự kiến áp dụng đến 23:59 | 31/01
1

Phiếu mua hàng Chuột, Bàn phím (Apple) trị giá 500,000đ

2

Tặng Phiếu mua hàng Balo, Túi chống sốc (giá trị trên 1,000,000đ) trị giá 300,000đ

3

Tặng Phiếu mua hàng trị giá 300.000đ Áp dụng mua Máy in

4

Tặng Phiếu mua hàng Màn hình máy tính trị giá 300.000đ";;https://www.thegioididong.com/laptop/macbook-air-15-inch-m4-16gb-256gb;DEBUG_OOS_MacBook Air 15 inch M4 16GB/512GB_Vàng_093641.png
iPad A16 WiFi 256GB;Bạc;Yes;12590000;11590000;2026-01-10;"Khuyến mãi trị giá 400.000₫

Giá và khuyến mãi dự kiến áp dụng đến 23:59 | 10/01
1

Phiếu mua hàng Apple Pencil trị giá 400,000đ

2

Tặng Phiếu mua hàng mua Balo; Túi Chống sốc; Ốp lưng; KBV Camera; Sạc dự phòng (trừ AVA+, Hydrus); nhóm Tai nghe bluetooth, Loa Bluetooth các hãng JBL, Marshall,Harman Kardon; đồng hồ thông minh (trừ Apple) trị giá 100.000đ

3

PMH Sim data 500GB 1 tháng trị giá 100.000đ

4

Thu cũ đổi mới: Giảm đến 2,000,000đ (Không kèm ưu đãi thanh toán qua cổng, mua kèm) Xem chi tiết";"Ưu đãi thanh toán Online (Click chọn để áp dụng)
Giảm 1.000.000đ
Áp dụng sản phẩm từ 10.000.000đ trở lên.
?
Giảm 250.000đ
Áp dụng sản phẩm từ 5.000.000đ trở lên.
?
Giảm 500.000đ
Áp dụng sản phẩm từ 5.000.000đ trở lên.
?";https://www.thegioididong.com/may-tinh-bang/ipad-11-wifi-128gb;Skipped
iPad Air M3 13 inch 5G 128GB;Đen - Xám;No;26190000;23590000;2026-01-10;"Khuyến mãi trị giá 400.000₫

Giá và khuyến mãi dự kiến áp dụng đến 23:59 | 11/01
1

Phiếu mua hàng Apple Pencil trị giá 400,000đ

2

Tặng Phiếu mua hàng mua Balo; Túi Chống sốc; Ốp lưng; KBV Camera; Sạc dự phòng (trừ AVA+, Hydrus); nhóm Tai nghe bluetooth, Loa Bluetooth các hãng JBL, Marshall,Harman Kardon; đồng hồ thông minh (trừ Apple) trị giá 100.000đ

3

PMH Sim data 500GB 1 tháng trị giá 100.000đ

4

Thu cũ đổi mới: Giảm đến 2,000,000đ (Không kèm ưu đãi thanh toán qua cổng, mua kèm) Xem chi tiết";;https://www.thegioididong.com/may-tinh-bang/ipad-air-m3-13-inch-5g-128gb;DEBUG_OOS_iPad Air M3 13 inch 5G 128GB_Đen - Xám_093643.png
iPad Air M3 11 inch 5G 128GB;Tím;Yes;20790000;17790000;2026-01-10;"Khuyến mãi trị giá 400.000₫

Giá và khuyến mãi dự kiến áp dụng đến 23:59 | 11/01
1

Phiếu mua hàng Apple Pencil trị giá 400,000đ

2

Tặng Phiếu mua hàng mua Balo; Túi Chống sốc; Ốp lưng; KBV Camera; Sạc dự phòng (trừ AVA+, Hydrus); nhóm Tai nghe bluetooth, Loa Bluetooth các hãng JBL, Marshall,Harman Kardon; đồng hồ thông minh (trừ Apple) trị giá 100.000đ

3

PMH Sim data 500GB 1 tháng trị giá 100.000đ

4

Thu cũ đổi mới: Giảm đến 2,000,000đ (Không kèm ưu đãi thanh toán qua cổng, mua kèm) Xem chi tiết";"Ưu đãi thanh toán Online (Click chọn để áp dụng)
Giảm 1.000.000đ
Áp dụng sản phẩm từ 10.000.000đ trở lên.
?
Giảm 250.000đ
Áp dụng sản phẩm từ 5.000.000đ trở lên.
?
Giảm 500.000đ
Áp dụng sản phẩm từ 5.000.000đ trở lên.
?";https://www.thegioididong.com/may-tinh-bang/ipad-air-m3-11-inch-5g-128gb;Skipped
MacBook Air 15 inch M4 16GB/512GB;Bạc;No;36290000;32990000;2026-01-10;"Khuyến mãi trị giá 800.000₫

Giá và khuyến mãi dự kiến áp dụng đến 23:59 | 31/01
1

Phiếu mua hàng Chuột, Bàn phím (Apple) trị giá 500,000đ

2

Tặng Phiếu mua hàng Balo, Túi chống sốc (giá trị trên 1,000,000đ) trị giá 300,000đ

3

Tặng Phiếu mua hàng trị giá 300.000đ Áp dụng mua Máy in

4

Tặng Phiếu mua hàng Màn hình máy tính trị giá 300.000đ";;https://www.thegioididong.com/laptop/macbook-air-15-inch-m4-16gb-256gb;DEBUG_OOS_MacBook Air 15 inch M4 16GB/512GB_Bạc_093644.png
iPad A16 5G 128GB;Vàng;Yes;13990000;12990000;2026-01-10;"Khuyến mãi trị giá 400.000₫

Giá và khuyến mãi dự kiến áp dụng đến 23:59 | 10/01
1

Phiếu mua hàng Apple Pencil trị giá 400,000đ

2

Tặng Phiếu mua hàng mua Balo; Túi Chống sốc; Ốp lưng; KBV Camera; Sạc dự phòng (trừ AVA+, Hydrus); nhóm Tai nghe bluetooth, Loa Bluetooth các hãng JBL, Marshall,Harman Kardon; đồng hồ thông minh (trừ Apple) trị giá 100.000đ

3

PMH Sim data 500GB 1 tháng trị giá 100.000đ

4

Thu cũ đổi mới: Giảm đến 2,000,000đ (Không kèm ưu đãi thanh toán qua cổng, mua kèm) Xem chi tiết";"Ưu đãi thanh toán Online (Click chọn để áp dụng)
Giảm 1.000.000đ
Áp dụng sản phẩm từ 10.000.000đ trở lên.
?
Giảm 250.000đ
Áp dụng sản phẩm từ 5.000.000đ trở lên.
?
Giảm 500.000đ
Áp dụng sản phẩm từ 5.000.000đ trở lên.
?";https://www.thegioididong.com/may-tinh-bang/ipad-11-5g-128gb;Skipped
iPad Air M3 11 inch WiFi 128GB;Tím;Yes;16690000;13690000;2026-01-10;"Khuyến mãi trị giá 400.000₫

Giá và khuyến mãi dự kiến áp dụng đến 23:59 | 10/01
1

Phiếu mua hàng Apple Pencil trị giá 400,000đ

2

Tặng Phiếu mua hàng mua Balo; Túi Chống sốc; Ốp lưng; KBV Camera; Sạc dự phòng (trừ AVA+, Hydrus); nhóm Tai nghe bluetooth, Loa Bluetooth các hãng JBL, Marshall,Harman Kardon; đồng hồ thông minh (trừ Apple) trị giá 100.000đ

3

PMH Sim data 500GB 1 tháng trị giá 100.000đ

4

Thu cũ đổi mới: Giảm đến 2,000,000đ (Không kèm ưu đãi thanh toán qua cổng, mua kèm) Xem chi tiết";"Ưu đãi thanh toán Online (Click chọn để áp dụng)
Giảm 1.000.000đ
Áp dụng sản phẩm từ 10.000.000đ trở lên.
?
Giảm 250.000đ
Áp dụng sản phẩm từ 5.000.000đ trở lên.
?
Giảm 500.000đ
Áp dụng sản phẩm từ 5.000.000đ trở lên.
?";https://www.thegioididong.com/may-tinh-bang/ipad-air-m3-11-inch-wifi-128gb;Skipped
iPad Air M3 13 inch 5G 128GB;Trắng Starlight;No;26190000;23590000;2026-01-10;"Khuyến mãi trị giá 400.000₫

Giá và khuyến mãi dự kiến áp dụng đến 23:59 | 11/01
1

Phiếu mua hàng Apple Pencil trị giá 400,000đ

2

Tặng Phiếu mua hàng mua Balo; Túi Chống sốc; Ốp lưng; KBV Camera; Sạc dự phòng (trừ AVA+, Hydrus); nhóm Tai nghe bluetooth, Loa Bluetooth các hãng JBL, Marshall,Harman Kardon; đồng hồ thông minh (trừ Apple) trị giá 100.000đ

3

PMH Sim data 500GB 1 tháng trị giá 100.000đ

4

Thu cũ đổi mới: Giảm đến 2,000,000đ (Không kèm ưu đãi thanh toán qua cổng, mua kèm) Xem chi tiết";;https://www.thegioididong.com/may-tinh-bang/ipad-air-m3-13-inch-5g-128gb;DEBUG_OOS_iPad Air M3 13 inch 5G 128GB_Trắng Starlight_093647.png
MacBook Air 15 inch M4 16GB/512GB;Xanh da trời nhạt;No;36290000;32990000;2026-01-10;"Khuyến mãi trị giá 800.000₫

Giá và khuyến mãi dự kiến áp dụng đến 23:59 | 31/01
1

Phiếu mua hàng Chuột, Bàn phím (Apple) trị giá 500,000đ

2

Tặng Phiếu mua hàng Balo, Túi chống sốc (giá trị trên 1,000,000đ) trị giá 300,000đ

3

Tặng Phiếu mua hàng trị giá 300.000đ Áp dụng mua Máy in

4

Tặng Phiếu mua hàng Màn hình máy tính trị giá 300.000đ";;https://www.thegioididong.com/laptop/macbook-air-15-inch-m4-16gb-256gb;DEBUG_OOS_MacBook Air 15 inch M4 16GB/512GB_Xanh da trời nhạt_093647.png
iPad A16 WiFi 256GB;Vàng;Yes;12590000;11590000;2026-01-10;"Khuyến mãi trị giá 400.000₫

Giá và khuyến mãi dự kiến áp dụng đến 23:59 | 10/01
1

Phiếu mua hàng Apple Pencil trị giá 400,000đ

2

Tặng Phiếu mua hàng mua Balo; Túi Chống sốc; Ốp lưng; KBV Camera; Sạc dự phòng (trừ AVA+, Hydrus); nhóm Tai nghe bluetooth, Loa Bluetooth các hãng JBL, Marshall,Harman Kardon; đồng hồ thông minh (trừ Apple) trị giá 100.000đ

3

PMH Sim data 500GB 1 tháng trị giá 100.000đ

4

Thu cũ đổi mới: Giảm đến 2,000,000đ (Không kèm ưu đãi thanh toán qua cổng, mua kèm) Xem chi tiết";"Ưu đãi thanh toán Online (Click chọn để áp dụng)
Giảm 1.000.000đ
Áp dụng sản phẩm từ 10.000.000đ trở lên.
?
Giảm 250.000đ
Áp dụng sản phẩm từ 5.000.000đ trở lên.
?
Giảm 500.000đ
Áp dụng sản phẩm từ 5.000.000đ trở lên.
?";https://www.thegioididong.com/may-tinh-bang/ipad-11-wifi-128gb;Skipped
iPad Air M3 11 inch 5G 128GB;Xanh Dương;Yes;20790000;17790000;2026-01-10;"Khuyến mãi trị giá 400.000₫

Giá và khuyến mãi dự kiến áp dụng đến 23:59 | 11/01
1

Phiếu mua hàng Apple Pencil trị giá 400,000đ

2

PMH Sim data 500GB 1 tháng trị giá 100.000đ

3

Thu cũ đổi mới: Giảm đến 2,000,000đ (Không kèm ưu đãi thanh toán qua cổng, mua kèm) Xem chi tiết";"Ưu đãi thanh toán Online (Click chọn để áp dụng)
Giảm 1.000.000đ
Áp dụng sản phẩm từ 10.000.000đ trở lên.
?
Giảm 250.000đ
Áp dụng sản phẩm từ 5.000.000đ trở lên.
?
Giảm 500.000đ
Áp dụng sản phẩm từ 5.000.000đ trở lên.
?";https://www.thegioididong.com/may-tinh-bang/ipad-air-m3-11-inch-5g-128gb;Skipped
iPad A16 5G 128GB;Hồng;Yes;13990000;12990000;2026-01-10;"Khuyến mãi trị giá 400.000₫

Giá và khuyến mãi dự kiến áp dụng đến 23:59 | 10/01
1

Phiếu mua hàng Apple Pencil trị giá 400,000đ

2

Tặng Phiếu mua hàng mua Balo; Túi Chống sốc; Ốp lưng; KBV Camera; Sạc dự phòng (trừ AVA+, Hydrus); nhóm Tai nghe bluetooth, Loa Bluetooth các hãng JBL, Marshall,Harman Kardon; đồng hồ thông minh (trừ Apple) trị giá 100.000đ

3

PMH Sim data 500GB 1 tháng trị giá 100.000đ

4

Thu cũ đổi mới: Giảm đến 2,000,000đ (Không kèm ưu đãi thanh toán qua cổng, mua kèm) Xem chi tiết";"Ưu đãi thanh toán Online (Click chọn để áp dụng)
Giảm 1.000.000đ
Áp dụng sản phẩm từ 10.000.000đ trở lên.
?
Giảm 250.000đ
Áp dụng sản phẩm từ 5.000.000đ trở lên.
?
Giảm 500.000đ
Áp dụng sản phẩm từ 5.000.000đ trở lên.
?";https://www.thegioididong.com/may-tinh-bang/ipad-11-5g-128gb;Skipped
iPad Air M3 11 inch WiFi 256GB;Đen - Xám;No;19390000;16390000;2026-01-10;"Khuyến mãi trị giá 400.000₫

Giá và khuyến mãi dự kiến áp dụng đến 23:59 | 11/01
1

Phiếu mua hàng Apple Pencil trị giá 400,000đ

2

Tặng Phiếu mua hàng mua Balo; Túi Chống sốc; Ốp lưng; KBV Camera; Sạc dự phòng (trừ AVA+, Hydrus); nhóm Tai nghe bluetooth, Loa Bluetooth các hãng JBL, Marshall,Harman Kardon; đồng hồ thông minh (trừ Apple) trị giá 100.000đ

3

PMH Sim data 500GB 1 tháng trị giá 100.000đ

4

Thu cũ đổi mới: Giảm đến 2,000,000đ (Không kèm ưu đãi thanh toán qua cổng, mua kèm) Xem chi tiết";;https://www.thegioididong.com/may-tinh-bang/ipad-air-m3-11-inch-wifi-128gb;DEBUG_OOS_iPad Air M3 11 inch WiFi 256GB_Đen - Xám_093651.png
iPad Air M3 13 inch 5G 128GB;Tím;No;26190000;23590000;2026-01-10;"Khuyến mãi trị giá 400.000₫

Giá và khuyến mãi dự kiến áp dụng đến 23:59 | 11/01
1

Phiếu mua hàng Apple Pencil trị giá 400,000đ

2

Tặng Phiếu mua hàng mua Balo; Túi Chống sốc; Ốp lưng; KBV Camera; Sạc dự phòng (trừ AVA+, Hydrus); nhóm Tai nghe bluetooth, Loa Bluetooth các hãng JBL, Marshall,Harman Kardon; đồng hồ thông minh (trừ Apple) trị giá 100.000đ

3

PMH Sim data 500GB 1 tháng trị giá 100.000đ

4

Thu cũ đổi mới: Giảm đến 2,000,000đ (Không kèm ưu đãi thanh toán qua cổng, mua kèm) Xem chi tiết";;https://www.thegioididong.com/may-tinh-bang/ipad-air-m3-13-inch-5g-128gb;DEBUG_OOS_iPad Air M3 13 inch 5G 128GB_Tím_093652.png
MacBook Air 15 inch M4 16GB/512GB;Xanh đen;Yes;36290000;32990000;2026-01-10;"Khuyến mãi trị giá 800.000₫

Giá và khuyến mãi dự kiến áp dụng đến 23:59 | 31/01
1

Phiếu mua hàng Chuột, Bàn phím (Apple) trị giá 500,000đ

2

Tặng Phiếu mua hàng Balo, Túi chống sốc (giá trị trên 1,000,000đ) trị giá 300,000đ

3

Tặng Phiếu mua hàng trị giá 300.000đ Áp dụng mua Máy in

4

Tặng Phiếu mua hàng Màn hình máy tính trị giá 300.000đ";"Ưu đãi thanh toán Online (Click chọn để áp dụng)
Giảm 1.000.000đ
Áp dụng sản phẩm từ 10.000.000đ trở lên.
?
Giảm 250.000đ
Áp dụng sản phẩm từ 5.000.000đ trở lên.
?
Giảm 500.000đ
Áp dụng sản phẩm từ 5.000.000đ trở lên.
?";https://www.thegioididong.com/laptop/macbook-air-15-inch-m4-16gb-256gb;Skipped
iPad Air M3 11 inch 5G 128GB;Đen - Xám;No;20790000;17790000;2026-01-10;"Khuyến mãi trị giá 400.000₫

Giá và khuyến mãi dự kiến áp dụng đến 23:59 | 11/01
1

Phiếu mua hàng Apple Pencil trị giá 400,000đ

2

Tặng Phiếu mua hàng mua Balo; Túi Chống sốc; Ốp lưng; KBV Camera; Sạc dự phòng (trừ AVA+, Hydrus); nhóm Tai nghe bluetooth, Loa Bluetooth các hãng JBL, Marshall,Harman Kardon; đồng hồ thông minh (trừ Apple) trị giá 100.000đ

3

PMH Sim data 500GB 1 tháng trị giá 100.000đ

4

Thu cũ đổi mới: Giảm đến 2,000,000đ (Không kèm ưu đãi thanh toán qua cổng, mua kèm) Xem chi tiết";;https://www.thegioididong.com/may-tinh-bang/ipad-air-m3-11-inch-5g-128gb;DEBUG_OOS_iPad Air M3 11 inch 5G 128GB_Đen - Xám_093655.png
iPad Air M3 11 inch WiFi 256GB;Trắng Starlight;No;19390000;16390000;2026-01-10;"Khuyến mãi trị giá 400.000₫

Giá và khuyến mãi dự kiến áp dụng đến 23:59 | 11/01
1

Phiếu mua hàng Apple Pencil trị giá 400,000đ

2

PMH Sim data 500GB 1 tháng trị giá 100.000đ

3

Thu cũ đổi mới: Giảm đến 2,000,000đ (Không kèm ưu đãi thanh toán qua cổng, mua kèm) Xem chi tiết";;https://www.thegioididong.com/may-tinh-bang/ipad-air-m3-11-inch-wifi-128gb;DEBUG_OOS_iPad Air M3 11 inch WiFi 256GB_Trắng Starlight_093655.png
iPad Air M3 13 inch 5G 128GB;Xanh Dương;No;26190000;23590000;2026-01-10;"Khuyến mãi trị giá 400.000₫

Giá và khuyến mãi dự kiến áp dụng đến 23:59 | 11/01
1

Phiếu mua hàng Apple Pencil trị giá 400,000đ

2

Tặng Phiếu mua hàng mua Balo; Túi Chống sốc; Ốp lưng; KBV Camera; Sạc dự phòng (trừ AVA+, Hydrus); nhóm Tai nghe bluetooth, Loa Bluetooth các hãng JBL, Marshall,Harman Kardon; đồng hồ thông minh (trừ Apple) trị giá 100.000đ

3

PMH Sim data 500GB 1 tháng trị giá 100.000đ

4

Thu cũ đổi mới: Giảm đến 2,000,000đ (Không kèm ưu đãi thanh toán qua cổng, mua kèm) Xem chi tiết";;https://www.thegioididong.com/may-tinh-bang/ipad-air-m3-13-inch-5g-128gb;DEBUG_OOS_iPad Air M3 13 inch 5G 128GB_Xanh Dương_093655.png
iPad A16 WiFi 256GB;Hồng;Yes;12590000;11590000;2026-01-10;"Khuyến mãi trị giá 400.000₫

Giá và khuyến mãi dự kiến áp dụng đến 23:59 | 10/01
1

Phiếu mua hàng Apple Pencil trị giá 400,000đ

2

Tặng Phiếu mua hàng mua Balo; Túi Chống sốc; Ốp lưng; KBV Camera; Sạc dự phòng (trừ AVA+, Hydrus); nhóm Tai nghe bluetooth, Loa Bluetooth các hãng JBL, Marshall,Harman Kardon; đồng hồ thông minh (trừ Apple) trị giá 100.000đ

3

PMH Sim data 500GB 1 tháng trị giá 100.000đ

4

Thu cũ đổi mới: Giảm đến 2,000,000đ (Không kèm ưu đãi thanh toán qua cổng, mua kèm) Xem chi tiết";"Ưu đãi thanh toán Online (Click chọn để áp dụng)
Giảm 1.000.000đ
Áp dụng sản phẩm từ 10.000.000đ trở lên.
?
Giảm 250.000đ
Áp dụng sản phẩm từ 5.000.000đ trở lên.
?
Giảm 500.000đ
Áp dụng sản phẩm từ 5.000.000đ trở lên.
?";https://www.thegioididong.com/may-tinh-bang/ipad-11-wifi-128gb;Skipped
iPad Air M3 11 inch 5G 128GB;Trắng Starlight;No;20790000;17790000;2026-01-10;"Khuyến mãi trị giá 400.000₫

Giá và khuyến mãi dự kiến áp dụng đến 23:59 | 11/01
1

Phiếu mua hàng Apple Pencil trị giá 400,000đ

2

Tặng Phiếu mua hàng mua Balo; Túi Chống sốc; Ốp lưng; KBV Camera; Sạc dự phòng (trừ AVA+, Hydrus); nhóm Tai nghe bluetooth, Loa Bluetooth các hãng JBL, Marshall,Harman Kardon; đồng hồ thông minh (trừ Apple) trị giá 100.000đ

3

PMH Sim data 500GB 1 tháng trị giá 100.000đ

4

Thu cũ đổi mới: Giảm đến 2,000,000đ (Không kèm ưu đãi thanh toán qua cổng, mua kèm) Xem chi tiết";;https://www.thegioididong.com/may-tinh-bang/ipad-air-m3-11-inch-5g-128gb;DEBUG_OOS_iPad Air M3 11 inch 5G 128GB_Trắng Starlight_093658.png
iPad Air M3 13 inch 5G 128GB;Đen - Xám;No;26190000;23590000;2026-01-10;"Khuyến mãi trị giá 400.000₫

Giá và khuyến mãi dự kiến áp dụng đến 23:59 | 11/01
1

Phiếu mua hàng Apple Pencil trị giá 400,000đ

2

Tặng Phiếu mua hàng mua Balo; Túi Chống sốc; Ốp lưng; KBV Camera; Sạc dự phòng (trừ AVA+, Hydrus); nhóm Tai nghe bluetooth, Loa Bluetooth các hãng JBL, Marshall,Harman Kardon; đồng hồ thông minh (trừ Apple) trị giá 100.000đ

3

PMH Sim data 500GB 1 tháng trị giá 100.000đ

4

Thu cũ đổi mới: Giảm đến 2,000,000đ (Không kèm ưu đãi thanh toán qua cổng, mua kèm) Xem chi tiết";;https://www.thegioididong.com/may-tinh-bang/ipad-air-m3-13-inch-5g-128gb;DEBUG_OOS_iPad Air M3 13 inch 5G 128GB_Đen - Xám_093659.png
iPad A16 5G 128GB;Bạc;Yes;13990000;12990000;2026-01-10;"Khuyến mãi trị giá 400.000₫

Giá và khuyến mãi dự kiến áp dụng đến 23:59 | 10/01
1

Phiếu mua hàng Apple Pencil trị giá 400,000đ

2

Tặng Phiếu mua hàng mua Balo; Túi Chống sốc; Ốp lưng; KBV Camera; Sạc dự phòng (trừ AVA+, Hydrus); nhóm Tai nghe bluetooth, Loa Bluetooth các hãng JBL, Marshall,Harman Kardon; đồng hồ thông minh (trừ Apple) trị giá 100.000đ

3

PMH Sim data 500GB 1 tháng trị giá 100.000đ

4

Thu cũ đổi mới: Giảm đến 2,000,000đ (Không kèm ưu đãi thanh toán qua cổng, mua kèm) Xem chi tiết";"Ưu đãi thanh toán Online (Click chọn để áp dụng)
Giảm 1.000.000đ
Áp dụng sản phẩm từ 10.000.000đ trở lên.
?
Giảm 250.000đ
Áp dụng sản phẩm từ 5.000.000đ trở lên.
?
Giảm 500.000đ
Áp dụng sản phẩm từ 5.000.000đ trở lên.
?";https://www.thegioididong.com/may-tinh-bang/ipad-11-5g-128gb;Skipped
iPad Air M3 11 inch WiFi 256GB;Xanh Dương;Yes;19390000;16390000;2026-01-10;"Khuyến mãi trị giá 400.000₫

Giá và khuyến mãi dự kiến áp dụng đến 23:59 | 11/01
1

Phiếu mua hàng Apple Pencil trị giá 400,000đ

2

Tặng Phiếu mua hàng mua Balo; Túi Chống sốc; Ốp lưng; KBV Camera; Sạc dự phòng (trừ AVA+, Hydrus); nhóm Tai nghe bluetooth, Loa Bluetooth các hãng JBL, Marshall,Harman Kardon; đồng hồ thông minh (trừ Apple) trị giá 100.000đ

3

PMH Sim data 500GB 1 tháng trị giá 100.000đ

4

Thu cũ đổi mới: Giảm đến 2,000,000đ (Không kèm ưu đãi thanh toán qua cổng, mua kèm) Xem chi tiết";"Ưu đãi thanh toán Online (Click chọn để áp dụng)
Giảm 1.000.000đ
Áp dụng sản phẩm từ 10.000.000đ trở lên.
?
Giảm 250.000đ
Áp dụng sản phẩm từ 5.000.000đ trở lên.
?
Giảm 500.000đ
Áp dụng sản phẩm từ 5.000.000đ trở lên.
?";https://www.thegioididong.com/may-tinh-bang/ipad-air-m3-11-inch-wifi-128gb;Skipped
MacBook Air 15 inch M4 16GB/256GB;16GB - 256 GB;Yes;31390000;28990000;2026-01-10;"Khuyến mãi trị giá 800.000₫

Giá và khuyến mãi dự kiến áp dụng đến 23:59 | 31/01
1

Phiếu mua hàng Chuột, Bàn phím (Apple) trị giá 500,000đ

2

Tặng Phiếu mua hàng Balo, Túi chống sốc (giá trị trên 1,000,000đ) trị giá 300,000đ

3

Tặng Phiếu mua hàng trị giá 300.000đ Áp dụng mua Máy in

4

Tặng Phiếu mua hàng Màn hình máy tính trị giá 300.000đ";"Ưu đãi thanh toán Online (Click chọn để áp dụng)
Giảm 1.000.000đ
Áp dụng sản phẩm từ 10.000.000đ trở lên.
?
Giảm 250.000đ
Áp dụng sản phẩm từ 5.000.000đ trở lên.
?
Giảm 500.000đ
Áp dụng sản phẩm từ 5.000.000đ trở lên.
?";https://www.thegioididong.com/laptop/macbook-air-15-inch-m4-16gb-256gb;Skipped
iPad Air M3 13 inch 5G 128GB;Trắng Starlight;No;26190000;23590000;2026-01-10;"Khuyến mãi trị giá 400.000₫

Giá và khuyến mãi dự kiến áp dụng đến 23:59 | 11/01
1

Phiếu mua hàng Apple Pencil trị giá 400,000đ

2

Tặng Phiếu mua hàng mua Balo; Túi Chống sốc; Ốp lưng; KBV Camera; Sạc dự phòng (trừ AVA+, Hydrus); nhóm Tai nghe bluetooth, Loa Bluetooth các hãng JBL, Marshall,Harman Kardon; đồng hồ thông minh (trừ Apple) trị giá 100.000đ

3

PMH Sim data 500GB 1 tháng trị giá 100.000đ

4

Thu cũ đổi mới: Giảm đến 2,000,000đ (Không kèm ưu đãi thanh toán qua cổng, mua kèm) Xem chi tiết";;https://www.thegioididong.com/may-tinh-bang/ipad-air-m3-13-inch-5g-128gb;DEBUG_OOS_iPad Air M3 13 inch 5G 128GB_Trắng Starlight_093702.png
iPad A16 5G 128GB;Xanh Dương;No;13990000;12990000;2026-01-10;"Khuyến mãi trị giá 400.000₫

Giá và khuyến mãi dự kiến áp dụng đến 23:59 | 10/01
1

Phiếu mua hàng Apple Pencil trị giá 400,000đ

2

Tặng Phiếu mua hàng mua Balo; Túi Chống sốc; Ốp lưng; KBV Camera; Sạc dự phòng (trừ AVA+, Hydrus); nhóm Tai nghe bluetooth, Loa Bluetooth các hãng JBL, Marshall,Harman Kardon; đồng hồ thông minh (trừ Apple) trị giá 100.000đ

3

PMH Sim data 500GB 1 tháng trị giá 100.000đ

4

Thu cũ đổi mới: Giảm đến 2,000,000đ (Không kèm ưu đãi thanh toán qua cổng, mua kèm) Xem chi tiết";;https://www.thegioididong.com/may-tinh-bang/ipad-11-5g-128gb;DEBUG_OOS_iPad A16 5G 128GB_Xanh Dương_093702.png
iPad A16 WiFi 256GB;Xanh Dương;Yes;12590000;11590000;2026-01-10;"Khuyến mãi trị giá 400.000₫

Giá và khuyến mãi dự kiến áp dụng đến 23:59 | 10/01
1

Phiếu mua hàng Apple Pencil trị giá 400,000đ

2

Tặng Phiếu mua hàng mua Balo; Túi Chống sốc; Ốp lưng; KBV Camera; Sạc dự phòng (trừ AVA+, Hydrus); nhóm Tai nghe bluetooth, Loa Bluetooth các hãng JBL, Marshall,Harman Kardon; đồng hồ thông minh (trừ Apple) trị giá 100.000đ

3

PMH Sim data 500GB 1 tháng trị giá 100.000đ

4

Thu cũ đổi mới: Giảm đến 2,000,000đ (Không kèm ưu đãi thanh toán qua cổng, mua kèm) Xem chi tiết";"Ưu đãi thanh toán Online (Click chọn để áp dụng)
Giảm 1.000.000đ
Áp dụng sản phẩm từ 10.000.000đ trở lên.
?
Giảm 250.000đ
Áp dụng sản phẩm từ 5.000.000đ trở lên.
?
Giảm 500.000đ
Áp dụng sản phẩm từ 5.000.000đ trở lên.
?";https://www.thegioididong.com/may-tinh-bang/ipad-11-wifi-128gb;Skipped
iPad Air M3 11 inch 5G 128GB;Tím;Yes;20790000;17790000;2026-01-10;"Khuyến mãi trị giá 400.000₫

Giá và khuyến mãi dự kiến áp dụng đến 23:59 | 11/01
1

Phiếu mua hàng Apple Pencil trị giá 400,000đ

2

Tặng Phiếu mua hàng mua Balo; Túi Chống sốc; Ốp lưng; KBV Camera; Sạc dự phòng (trừ AVA+, Hydrus); nhóm Tai nghe bluetooth, Loa Bluetooth các hãng JBL, Marshall,Harman Kardon; đồng hồ thông minh (trừ Apple) trị giá 100.000đ

3

PMH Sim data 500GB 1 tháng trị giá 100.000đ

4

Thu cũ đổi mới: Giảm đến 2,000,000đ (Không kèm ưu đãi thanh toán qua cổng, mua kèm) Xem chi tiết";"Ưu đãi thanh toán Online (Click chọn để áp dụng)
Giảm 1.000.000đ
Áp dụng sản phẩm từ 10.000.000đ trở lên.
?
Giảm 250.000đ
Áp dụng sản phẩm từ 5.000.000đ trở lên.
?
Giảm 500.000đ
Áp dụng sản phẩm từ 5.000.000đ trở lên.
?";https://www.thegioididong.com/may-tinh-bang/ipad-air-m3-11-inch-5g-128gb;Skipped
iPad Air M3 13 inch 5G 128GB;Tím;No;26190000;23590000;2026-01-10;"Khuyến mãi trị giá 400.000₫

Giá và khuyến mãi dự kiến áp dụng đến 23:59 | 11/01
1

Phiếu mua hàng Apple Pencil trị giá 400,000đ

2

Tặng Phiếu mua hàng mua Balo; Túi Chống sốc; Ốp lưng; KBV Camera; Sạc dự phòng (trừ AVA+, Hydrus); nhóm Tai nghe bluetooth, Loa Bluetooth các hãng JBL, Marshall,Harman Kardon; đồng hồ thông minh (trừ Apple) trị giá 100.000đ

3

PMH Sim data 500GB 1 tháng trị giá 100.000đ

4

Thu cũ đổi mới: Giảm đến 2,000,000đ (Không kèm ưu đãi thanh toán qua cổng, mua kèm) Xem chi tiết";;https://www.thegioididong.com/may-tinh-bang/ipad-air-m3-13-inch-5g-128gb;DEBUG_OOS_iPad Air M3 13 inch 5G 128GB_Tím_093708.png
iPad Air M3 11 inch WiFi 256GB;Tím;Yes;19390000;16390000;2026-01-10;"Khuyến mãi trị giá 400.000₫

Giá và khuyến mãi dự kiến áp dụng đến 23:59 | 11/01
1

Phiếu mua hàng Apple Pencil trị giá 400,000đ

2

Tặng Phiếu mua hàng mua Balo; Túi Chống sốc; Ốp lưng; KBV Camera; Sạc dự phòng (trừ AVA+, Hydrus); nhóm Tai nghe bluetooth, Loa Bluetooth các hãng JBL, Marshall,Harman Kardon; đồng hồ thông minh (trừ Apple) trị giá 100.000đ

3

PMH Sim data 500GB 1 tháng trị giá 100.000đ

4

Thu cũ đổi mới: Giảm đến 2,000,000đ (Không kèm ưu đãi thanh toán qua cổng, mua kèm) Xem chi tiết";"Ưu đãi thanh toán Online (Click chọn để áp dụng)
Giảm 1.000.000đ
Áp dụng sản phẩm từ 10.000.000đ trở lên.
?
Giảm 250.000đ
Áp dụng sản phẩm từ 5.000.000đ trở lên.
?
Giảm 500.000đ
Áp dụng sản phẩm từ 5.000.000đ trở lên.
?";https://www.thegioididong.com/may-tinh-bang/ipad-air-m3-11-inch-wifi-128gb;Skipped
MacBook Air 15 inch M4 16GB/512GB;16GB - 512 GB;Yes;36290000;32990000;2026-01-10;"Khuyến mãi trị giá 800.000₫

Giá và khuyến mãi dự kiến áp dụng đến 23:59 | 31/01
1

Phiếu mua hàng Chuột, Bàn phím (Apple) trị giá 500,000đ

2

Tặng Phiếu mua hàng Balo, Túi chống sốc (giá trị trên 1,000,000đ) trị giá 300,000đ

3

Tặng Phiếu mua hàng trị giá 300.000đ Áp dụng mua Máy in

4

Tặng Phiếu mua hàng Màn hình máy tính trị giá 300.000đ";"Ưu đãi thanh toán Online (Click chọn để áp dụng)
Giảm 1.000.000đ
Áp dụng sản phẩm từ 10.000.000đ trở lên.
?
Giảm 250.000đ
Áp dụng sản phẩm từ 5.000.000đ trở lên.
?
Giảm 500.000đ
Áp dụng sản phẩm từ 5.000.000đ trở lên.
?";https://www.thegioididong.com/laptop/macbook-air-15-inch-m4-16gb-256gb;Skipped
iPad A16 5G 128GB;Vàng;Yes;13990000;12990000;2026-01-10;"Khuyến mãi trị giá 400.000₫

Giá và khuyến mãi dự kiến áp dụng đến 23:59 | 10/01
1

Phiếu mua hàng Apple Pencil trị giá 400,000đ

2

Tặng Phiếu mua hàng mua Balo; Túi Chống sốc; Ốp lưng; KBV Camera; Sạc dự phòng (trừ AVA+, Hydrus); nhóm Tai nghe bluetooth, Loa Bluetooth các hãng JBL, Marshall,Harman Kardon; đồng hồ thông minh (trừ Apple) trị giá 100.000đ

3

PMH Sim data 500GB 1 tháng trị giá 100.000đ

4

Thu cũ đổi mới: Giảm đến 2,000,000đ (Không kèm ưu đãi thanh toán qua cổng, mua kèm) Xem chi tiết";"Ưu đãi thanh toán Online (Click chọn để áp dụng)
Giảm 1.000.000đ
Áp dụng sản phẩm từ 10.000.000đ trở lên.
?
Giảm 250.000đ
Áp dụng sản phẩm từ 5.000.000đ trở lên.
?
Giảm 500.000đ
Áp dụng sản phẩm từ 5.000.000đ trở lên.
?";https://www.thegioididong.com/may-tinh-bang/ipad-11-5g-128gb;Skipped
iPad A16 WiFi 256GB;Bạc;Yes;12590000;11590000;2026-01-10;"Khuyến mãi trị giá 400.000₫

Giá và khuyến mãi dự kiến áp dụng đến 23:59 | 10/01
1

Phiếu mua hàng Apple Pencil trị giá 400,000đ

2

Tặng Phiếu mua hàng mua Balo; Túi Chống sốc; Ốp lưng; KBV Camera; Sạc dự phòng (trừ AVA+, Hydrus); nhóm Tai nghe bluetooth, Loa Bluetooth các hãng JBL, Marshall,Harman Kardon; đồng hồ thông minh (trừ Apple) trị giá 100.000đ

3

PMH Sim data 500GB 1 tháng trị giá 100.000đ

4

Thu cũ đổi mới: Giảm đến 2,000,000đ (Không kèm ưu đãi thanh toán qua cổng, mua kèm) Xem chi tiết";"Ưu đãi thanh toán Online (Click chọn để áp dụng)
Giảm 1.000.000đ
Áp dụng sản phẩm từ 10.000.000đ trở lên.
?
Giảm 250.000đ
Áp dụng sản phẩm từ 5.000.000đ trở lên.
?
Giảm 500.000đ
Áp dụng sản phẩm từ 5.000.000đ trở lên.
?";https://www.thegioididong.com/may-tinh-bang/ipad-11-wifi-128gb;Skipped
iPad Air M3 13 inch 5G 128GB;Xanh Dương;No;26190000;23590000;2026-01-10;"Khuyến mãi trị giá 400.000₫

Giá và khuyến mãi dự kiến áp dụng đến 23:59 | 11/01
1

Phiếu mua hàng Apple Pencil trị giá 400,000đ

2

Tặng Phiếu mua hàng mua Balo; Túi Chống sốc; Ốp lưng; KBV Camera; Sạc dự phòng (trừ AVA+, Hydrus); nhóm Tai nghe bluetooth, Loa Bluetooth các hãng JBL, Marshall,Harman Kardon; đồng hồ thông minh (trừ Apple) trị giá 100.000đ

3

PMH Sim data 500GB 1 tháng trị giá 100.000đ

4

Thu cũ đổi mới: Giảm đến 2,000,000đ (Không kèm ưu đãi thanh toán qua cổng, mua kèm) Xem chi tiết";;https://www.thegioididong.com/may-tinh-bang/ipad-air-m3-13-inch-5g-128gb;DEBUG_OOS_iPad Air M3 13 inch 5G 128GB_Xanh Dương_093711.png
iPad Air M3 11 inch 5G 128GB;Xanh Dương;Yes;20790000;17790000;2026-01-10;"Khuyến mãi trị giá 400.000₫

Giá và khuyến mãi dự kiến áp dụng đến 23:59 | 11/01
1

Phiếu mua hàng Apple Pencil trị giá 400,000đ

2

PMH Sim data 500GB 1 tháng trị giá 100.000đ

3

Thu cũ đổi mới: Giảm đến 2,000,000đ (Không kèm ưu đãi thanh toán qua cổng, mua kèm) Xem chi tiết";"Ưu đãi thanh toán Online (Click chọn để áp dụng)
Giảm 1.000.000đ
Áp dụng sản phẩm từ 10.000.000đ trở lên.
?
Giảm 250.000đ
Áp dụng sản phẩm từ 5.000.000đ trở lên.
?
Giảm 500.000đ
Áp dụng sản phẩm từ 5.000.000đ trở lên.
?";https://www.thegioididong.com/may-tinh-bang/ipad-air-m3-11-inch-5g-128gb;Skipped
MacBook Air 15 inch M4 16GB/512GB;Vàng;No;36290000;32990000;2026-01-10;"Khuyến mãi trị giá 800.000₫

Giá và khuyến mãi dự kiến áp dụng đến 23:59 | 31/01
1

Phiếu mua hàng Chuột, Bàn phím (Apple) trị giá 500,000đ

2

Tặng Phiếu mua hàng Balo, Túi chống sốc (giá trị trên 1,000,000đ) trị giá 300,000đ

3

Tặng Phiếu mua hàng trị giá 300.000đ Áp dụng mua Máy in

4

Tặng Phiếu mua hàng Màn hình máy tính trị giá 300.000đ";;https://www.thegioididong.com/laptop/macbook-air-15-inch-m4-16gb-256gb;DEBUG_OOS_MacBook Air 15 inch M4 16GB/512GB_Vàng_093711.png
iPad Air M3 11 inch WiFi 256GB;Đen - Xám;No;19390000;16390000;2026-01-10;"Khuyến mãi trị giá 400.000₫

Giá và khuyến mãi dự kiến áp dụng đến 23:59 | 11/01
1

Phiếu mua hàng Apple Pencil trị giá 400,000đ

2

Tặng Phiếu mua hàng mua Balo; Túi Chống sốc; Ốp lưng; KBV Camera; Sạc dự phòng (trừ AVA+, Hydrus); nhóm Tai nghe bluetooth, Loa Bluetooth các hãng JBL, Marshall,Harman Kardon; đồng hồ thông minh (trừ Apple) trị giá 100.000đ

3

PMH Sim data 500GB 1 tháng trị giá 100.000đ

4

Thu cũ đổi mới: Giảm đến 2,000,000đ (Không kèm ưu đãi thanh toán qua cổng, mua kèm) Xem chi tiết";;https://www.thegioididong.com/may-tinh-bang/ipad-air-m3-11-inch-wifi-128gb;DEBUG_OOS_iPad Air M3 11 inch WiFi 256GB_Đen - Xám_093712.png
iPad Air M3 13 inch 5G 128GB;Đen - Xám;No;26190000;23590000;2026-01-10;"Khuyến mãi trị giá 400.000₫

Giá và khuyến mãi dự kiến áp dụng đến 23:59 | 11/01
1

Phiếu mua hàng Apple Pencil trị giá 400,000đ

2

Tặng Phiếu mua hàng mua Balo; Túi Chống sốc; Ốp lưng; KBV Camera; Sạc dự phòng (trừ AVA+, Hydrus); nhóm Tai nghe bluetooth, Loa Bluetooth các hãng JBL, Marshall,Harman Kardon; đồng hồ thông minh (trừ Apple) trị giá 100.000đ

3

PMH Sim data 500GB 1 tháng trị giá 100.000đ

4

Thu cũ đổi mới: Giảm đến 2,000,000đ (Không kèm ưu đãi thanh toán qua cổng, mua kèm) Xem chi tiết";;https://www.thegioididong.com/may-tinh-bang/ipad-air-m3-13-inch-5g-128gb;DEBUG_OOS_iPad Air M3 13 inch 5G 128GB_Đen - Xám_093714.png
MacBook Air 15 inch M4 16GB/512GB;Bạc;No;36290000;32990000;2026-01-10;"Khuyến mãi trị giá 800.000₫

Giá và khuyến mãi dự kiến áp dụng đến 23:59 | 31/01
1

Phiếu mua hàng Chuột, Bàn phím (Apple) trị giá 500,000đ

2

Tặng Phiếu mua hàng Balo, Túi chống sốc (giá trị trên 1,000,000đ) trị giá 300,000đ

3

Tặng Phiếu mua hàng trị giá 300.000đ Áp dụng mua Máy in

4

Tặng Phiếu mua hàng Màn hình máy tính trị giá 300.000đ";;https://www.thegioididong.com/laptop/macbook-air-15-inch-m4-16gb-256gb;DEBUG_OOS_MacBook Air 15 inch M4 16GB/512GB_Bạc_093715.png
iPad A16 5G 128GB;Hồng;Yes;13990000;12990000;2026-01-10;"Khuyến mãi trị giá 400.000₫

Giá và khuyến mãi dự kiến áp dụng đến 23:59 | 10/01
1

Phiếu mua hàng Apple Pencil trị giá 400,000đ

2

Tặng Phiếu mua hàng mua Balo; Túi Chống sốc; Ốp lưng; KBV Camera; Sạc dự phòng (trừ AVA+, Hydrus); nhóm Tai nghe bluetooth, Loa Bluetooth các hãng JBL, Marshall,Harman Kardon; đồng hồ thông minh (trừ Apple) trị giá 100.000đ

3

PMH Sim data 500GB 1 tháng trị giá 100.000đ

4

Thu cũ đổi mới: Giảm đến 2,000,000đ (Không kèm ưu đãi thanh toán qua cổng, mua kèm) Xem chi tiết";"Ưu đãi thanh toán Online (Click chọn để áp dụng)
Giảm 1.000.000đ
Áp dụng sản phẩm từ 10.000.000đ trở lên.
?
Giảm 250.000đ
Áp dụng sản phẩm từ 5.000.000đ trở lên.
?
Giảm 500.000đ
Áp dụng sản phẩm từ 5.000.000đ trở lên.
?";https://www.thegioididong.com/may-tinh-bang/ipad-11-5g-128gb;Skipped
iPad Air M3 11 inch WiFi 256GB;Trắng Starlight;No;19390000;16390000;2026-01-10;"Khuyến mãi trị giá 400.000₫

Giá và khuyến mãi dự kiến áp dụng đến 23:59 | 11/01
1

Phiếu mua hàng Apple Pencil trị giá 400,000đ

2

PMH Sim data 500GB 1 tháng trị giá 100.000đ

3

Thu cũ đổi mới: Giảm đến 2,000,000đ (Không kèm ưu đãi thanh toán qua cổng, mua kèm) Xem chi tiết";;https://www.thegioididong.com/may-tinh-bang/ipad-air-m3-11-inch-wifi-128gb;DEBUG_OOS_iPad Air M3 11 inch WiFi 256GB_Trắng Starlight_093715.png
iPad A16 WiFi 256GB;Vàng;Yes;12590000;11590000;2026-01-10;"Khuyến mãi trị giá 400.000₫

Giá và khuyến mãi dự kiến áp dụng đến 23:59 | 10/01
1

Phiếu mua hàng Apple Pencil trị giá 400,000đ

2

Tặng Phiếu mua hàng mua Balo; Túi Chống sốc; Ốp lưng; KBV Camera; Sạc dự phòng (trừ AVA+, Hydrus); nhóm Tai nghe bluetooth, Loa Bluetooth các hãng JBL, Marshall,Harman Kardon; đồng hồ thông minh (trừ Apple) trị giá 100.000đ

3

PMH Sim data 500GB 1 tháng trị giá 100.000đ

4

Thu cũ đổi mới: Giảm đến 2,000,000đ (Không kèm ưu đãi thanh toán qua cổng, mua kèm) Xem chi tiết";"Ưu đãi thanh toán Online (Click chọn để áp dụng)
Giảm 1.000.000đ
Áp dụng sản phẩm từ 10.000.000đ trở lên.
?
Giảm 250.000đ
Áp dụng sản phẩm từ 5.000.000đ trở lên.
?
Giảm 500.000đ
Áp dụng sản phẩm từ 5.000.000đ trở lên.
?";https://www.thegioididong.com/may-tinh-bang/ipad-11-wifi-128gb;Skipped
iPad Air M3 11 inch 5G 128GB;Đen - Xám;No;20790000;17790000;2026-01-10;"Khuyến mãi trị giá 400.000₫

Giá và khuyến mãi dự kiến áp dụng đến 23:59 | 11/01
1

Phiếu mua hàng Apple Pencil trị giá 400,000đ

2

Tặng Phiếu mua hàng mua Balo; Túi Chống sốc; Ốp lưng; KBV Camera; Sạc dự phòng (trừ AVA+, Hydrus); nhóm Tai nghe bluetooth, Loa Bluetooth các hãng JBL, Marshall,Harman Kardon; đồng hồ thông minh (trừ Apple) trị giá 100.000đ

3

PMH Sim data 500GB 1 tháng trị giá 100.000đ

4

Thu cũ đổi mới: Giảm đến 2,000,000đ (Không kèm ưu đãi thanh toán qua cổng, mua kèm) Xem chi tiết";;https://www.thegioididong.com/may-tinh-bang/ipad-air-m3-11-inch-5g-128gb;DEBUG_OOS_iPad Air M3 11 inch 5G 128GB_Đen - Xám_093716.png
iPad Air M3 13 inch 5G 128GB;Trắng Starlight;No;26190000;23590000;2026-01-10;"Khuyến mãi trị giá 400.000₫

Giá và khuyến mãi dự kiến áp dụng đến 23:59 | 11/01
1

Phiếu mua hàng Apple Pencil trị giá 400,000đ

2

Tặng Phiếu mua hàng mua Balo; Túi Chống sốc; Ốp lưng; KBV Camera; Sạc dự phòng (trừ AVA+, Hydrus); nhóm Tai nghe bluetooth, Loa Bluetooth các hãng JBL, Marshall,Harman Kardon; đồng hồ thông minh (trừ Apple) trị giá 100.000đ

3

PMH Sim data 500GB 1 tháng trị giá 100.000đ

4

Thu cũ đổi mới: Giảm đến 2,000,000đ (Không kèm ưu đãi thanh toán qua cổng, mua kèm) Xem chi tiết";;https://www.thegioididong.com/may-tinh-bang/ipad-air-m3-13-inch-5g-128gb;DEBUG_OOS_iPad Air M3 13 inch 5G 128GB_Trắng Starlight_093717.png
MacBook Air 15 inch M4 16GB/512GB;Xanh da trời nhạt;No;36290000;32990000;2026-01-10;"Khuyến mãi trị giá 800.000₫

Giá và khuyến mãi dự kiến áp dụng đến 23:59 | 31/01
1

Phiếu mua hàng Chuột, Bàn phím (Apple) trị giá 500,000đ

2

Tặng Phiếu mua hàng Balo, Túi chống sốc (giá trị trên 1,000,000đ) trị giá 300,000đ

3

Tặng Phiếu mua hàng trị giá 300.000đ Áp dụng mua Máy in

4

Tặng Phiếu mua hàng Màn hình máy tính trị giá 300.000đ";;https://www.thegioididong.com/laptop/macbook-air-15-inch-m4-16gb-256gb;DEBUG_OOS_MacBook Air 15 inch M4 16GB/512GB_Xanh da trời nhạt_093718.png
iPad Air M3 11 inch 5G 128GB;Trắng Starlight;No;20790000;17790000;2026-01-10;"Khuyến mãi trị giá 400.000₫

Giá và khuyến mãi dự kiến áp dụng đến 23:59 | 11/01
1

Phiếu mua hàng Apple Pencil trị giá 400,000đ

2

Tặng Phiếu mua hàng mua Balo; Túi Chống sốc; Ốp lưng; KBV Camera; Sạc dự phòng (trừ AVA+, Hydrus); nhóm Tai nghe bluetooth, Loa Bluetooth các hãng JBL, Marshall,Harman Kardon; đồng hồ thông minh (trừ Apple) trị giá 100.000đ

3

PMH Sim data 500GB 1 tháng trị giá 100.000đ

4

Thu cũ đổi mới: Giảm đến 2,000,000đ (Không kèm ưu đãi thanh toán qua cổng, mua kèm) Xem chi tiết";;https://www.thegioididong.com/may-tinh-bang/ipad-air-m3-11-inch-5g-128gb;DEBUG_OOS_iPad Air M3 11 inch 5G 128GB_Trắng Starlight_093720.png
iPad Air M3 11 inch WiFi 256GB;Xanh Dương;Yes;19390000;16390000;2026-01-10;"Khuyến mãi trị giá 400.000₫

Giá và khuyến mãi dự kiến áp dụng đến 23:59 | 11/01
1

Phiếu mua hàng Apple Pencil trị giá 400,000đ

2

Tặng Phiếu mua hàng mua Balo; Túi Chống sốc; Ốp lưng; KBV Camera; Sạc dự phòng (trừ AVA+, Hydrus); nhóm Tai nghe bluetooth, Loa Bluetooth các hãng JBL, Marshall,Harman Kardon; đồng hồ thông minh (trừ Apple) trị giá 100.000đ

3

PMH Sim data 500GB 1 tháng trị giá 100.000đ

4

Thu cũ đổi mới: Giảm đến 2,000,000đ (Không kèm ưu đãi thanh toán qua cổng, mua kèm) Xem chi tiết";"Ưu đãi thanh toán Online (Click chọn để áp dụng)
Giảm 1.000.000đ
Áp dụng sản phẩm từ 10.000.000đ trở lên.
?
Giảm 250.000đ
Áp dụng sản phẩm từ 5.000.000đ trở lên.
?
Giảm 500.000đ
Áp dụng sản phẩm từ 5.000.000đ trở lên.
?";https://www.thegioididong.com/may-tinh-bang/ipad-air-m3-11-inch-wifi-128gb;Skipped
iPad A16 WiFi 256GB;Hồng;Yes;12590000;11590000;2026-01-10;"Khuyến mãi trị giá 400.000₫

Giá và khuyến mãi dự kiến áp dụng đến 23:59 | 10/01
1

Phiếu mua hàng Apple Pencil trị giá 400,000đ

2

Tặng Phiếu mua hàng mua Balo; Túi Chống sốc; Ốp lưng; KBV Camera; Sạc dự phòng (trừ AVA+, Hydrus); nhóm Tai nghe bluetooth, Loa Bluetooth các hãng JBL, Marshall,Harman Kardon; đồng hồ thông minh (trừ Apple) trị giá 100.000đ

3

PMH Sim data 500GB 1 tháng trị giá 100.000đ

4

Thu cũ đổi mới: Giảm đến 2,000,000đ (Không kèm ưu đãi thanh toán qua cổng, mua kèm) Xem chi tiết";"Ưu đãi thanh toán Online (Click chọn để áp dụng)
Giảm 1.000.000đ
Áp dụng sản phẩm từ 10.000.000đ trở lên.
?
Giảm 250.000đ
Áp dụng sản phẩm từ 5.000.000đ trở lên.
?
Giảm 500.000đ
Áp dụng sản phẩm từ 5.000.000đ trở lên.
?";https://www.thegioididong.com/may-tinh-bang/ipad-11-wifi-128gb;Skipped
iPad Air M3 13 inch 5G 128GB;Tím;No;26190000;23590000;2026-01-10;"Khuyến mãi trị giá 400.000₫

Giá và khuyến mãi dự kiến áp dụng đến 23:59 | 11/01
1

Phiếu mua hàng Apple Pencil trị giá 400,000đ

2

Tặng Phiếu mua hàng mua Balo; Túi Chống sốc; Ốp lưng; KBV Camera; Sạc dự phòng (trừ AVA+, Hydrus); nhóm Tai nghe bluetooth, Loa Bluetooth các hãng JBL, Marshall,Harman Kardon; đồng hồ thông minh (trừ Apple) trị giá 100.000đ

3

PMH Sim data 500GB 1 tháng trị giá 100.000đ

4

Thu cũ đổi mới: Giảm đến 2,000,000đ (Không kèm ưu đãi thanh toán qua cổng, mua kèm) Xem chi tiết";;https://www.thegioididong.com/may-tinh-bang/ipad-air-m3-13-inch-5g-128gb;DEBUG_OOS_iPad Air M3 13 inch 5G 128GB_Tím_093723.png
iPad A16 5G 128GB;Bạc;Yes;13990000;12990000;2026-01-10;"Khuyến mãi trị giá 400.000₫

Giá và khuyến mãi dự kiến áp dụng đến 23:59 | 10/01
1

Phiếu mua hàng Apple Pencil trị giá 400,000đ

2

Tặng Phiếu mua hàng mua Balo; Túi Chống sốc; Ốp lưng; KBV Camera; Sạc dự phòng (trừ AVA+, Hydrus); nhóm Tai nghe bluetooth, Loa Bluetooth các hãng JBL, Marshall,Harman Kardon; đồng hồ thông minh (trừ Apple) trị giá 100.000đ

3

PMH Sim data 500GB 1 tháng trị giá 100.000đ

4

Thu cũ đổi mới: Giảm đến 2,000,000đ (Không kèm ưu đãi thanh toán qua cổng, mua kèm) Xem chi tiết";"Ưu đãi thanh toán Online (Click chọn để áp dụng)
Giảm 1.000.000đ
Áp dụng sản phẩm từ 10.000.000đ trở lên.
?
Giảm 250.000đ
Áp dụng sản phẩm từ 5.000.000đ trở lên.
?
Giảm 500.000đ
Áp dụng sản phẩm từ 5.000.000đ trở lên.
?";https://www.thegioididong.com/may-tinh-bang/ipad-11-5g-128gb;Skipped
MacBook Air 15 inch M4 16GB/512GB;Xanh đen;Yes;36290000;32990000;2026-01-10;"Khuyến mãi trị giá 800.000₫

Giá và khuyến mãi dự kiến áp dụng đến 23:59 | 31/01
1

Phiếu mua hàng Chuột, Bàn phím (Apple) trị giá 500,000đ

2

Tặng Phiếu mua hàng Balo, Túi chống sốc (giá trị trên 1,000,000đ) trị giá 300,000đ

3

Tặng Phiếu mua hàng trị giá 300.000đ Áp dụng mua Máy in

4

Tặng Phiếu mua hàng Màn hình máy tính trị giá 300.000đ";"Ưu đãi thanh toán Online (Click chọn để áp dụng)
Giảm 1.000.000đ
Áp dụng sản phẩm từ 10.000.000đ trở lên.
?
Giảm 250.000đ
Áp dụng sản phẩm từ 5.000.000đ trở lên.
?
Giảm 500.000đ
Áp dụng sản phẩm từ 5.000.000đ trở lên.
?";https://www.thegioididong.com/laptop/macbook-air-15-inch-m4-16gb-256gb;Skipped
iPad Air M3 11 inch 5G 128GB;Tím;Yes;20790000;17790000;2026-01-10;"Khuyến mãi trị giá 400.000₫

Giá và khuyến mãi dự kiến áp dụng đến 23:59 | 11/01
1

Phiếu mua hàng Apple Pencil trị giá 400,000đ

2

Tặng Phiếu mua hàng mua Balo; Túi Chống sốc; Ốp lưng; KBV Camera; Sạc dự phòng (trừ AVA+, Hydrus); nhóm Tai nghe bluetooth, Loa Bluetooth các hãng JBL, Marshall,Harman Kardon; đồng hồ thông minh (trừ Apple) trị giá 100.000đ

3

PMH Sim data 500GB 1 tháng trị giá 100.000đ

4

Thu cũ đổi mới: Giảm đến 2,000,000đ (Không kèm ưu đãi thanh toán qua cổng, mua kèm) Xem chi tiết";"Ưu đãi thanh toán Online (Click chọn để áp dụng)
Giảm 1.000.000đ
Áp dụng sản phẩm từ 10.000.000đ trở lên.
?
Giảm 250.000đ
Áp dụng sản phẩm từ 5.000.000đ trở lên.
?
Giảm 500.000đ
Áp dụng sản phẩm từ 5.000.000đ trở lên.
?";https://www.thegioididong.com/may-tinh-bang/ipad-air-m3-11-inch-5g-128gb;Skipped
iPad Air M3 13 inch 5G 128GB;Xanh Dương;No;26190000;23590000;2026-01-10;"Khuyến mãi trị giá 400.000₫

Giá và khuyến mãi dự kiến áp dụng đến 23:59 | 11/01
1

Phiếu mua hàng Apple Pencil trị giá 400,000đ

2

Tặng Phiếu mua hàng mua Balo; Túi Chống sốc; Ốp lưng; KBV Camera; Sạc dự phòng (trừ AVA+, Hydrus); nhóm Tai nghe bluetooth, Loa Bluetooth các hãng JBL, Marshall,Harman Kardon; đồng hồ thông minh (trừ Apple) trị giá 100.000đ

3

PMH Sim data 500GB 1 tháng trị giá 100.000đ

4

Thu cũ đổi mới: Giảm đến 2,000,000đ (Không kèm ưu đãi thanh toán qua cổng, mua kèm) Xem chi tiết";;https://www.thegioididong.com/may-tinh-bang/ipad-air-m3-13-inch-5g-128gb;DEBUG_OOS_iPad Air M3 13 inch 5G 128GB_Xanh Dương_093726.png
iPad A16 5G 128GB;Xanh Dương;No;13990000;12990000;2026-01-10;"Khuyến mãi trị giá 400.000₫

Giá và khuyến mãi dự kiến áp dụng đến 23:59 | 10/01
1

Phiếu mua hàng Apple Pencil trị giá 400,000đ

2

Tặng Phiếu mua hàng mua Balo; Túi Chống sốc; Ốp lưng; KBV Camera; Sạc dự phòng (trừ AVA+, Hydrus); nhóm Tai nghe bluetooth, Loa Bluetooth các hãng JBL, Marshall,Harman Kardon; đồng hồ thông minh (trừ Apple) trị giá 100.000đ

3

PMH Sim data 500GB 1 tháng trị giá 100.000đ

4

Thu cũ đổi mới: Giảm đến 2,000,000đ (Không kèm ưu đãi thanh toán qua cổng, mua kèm) Xem chi tiết";;https://www.thegioididong.com/may-tinh-bang/ipad-11-5g-128gb;DEBUG_OOS_iPad A16 5G 128GB_Xanh Dương_093727.png
iPad Air M3 11 inch WiFi 256GB;Tím;Yes;19390000;16390000;2026-01-10;"Khuyến mãi trị giá 400.000₫

Giá và khuyến mãi dự kiến áp dụng đến 23:59 | 11/01
1

Phiếu mua hàng Apple Pencil trị giá 400,000đ

2

Tặng Phiếu mua hàng mua Balo; Túi Chống sốc; Ốp lưng; KBV Camera; Sạc dự phòng (trừ AVA+, Hydrus); nhóm Tai nghe bluetooth, Loa Bluetooth các hãng JBL, Marshall,Harman Kardon; đồng hồ thông minh (trừ Apple) trị giá 100.000đ

3

PMH Sim data 500GB 1 tháng trị giá 100.000đ

4

Thu cũ đổi mới: Giảm đến 2,000,000đ (Không kèm ưu đãi thanh toán qua cổng, mua kèm) Xem chi tiết";"Ưu đãi thanh toán Online (Click chọn để áp dụng)
Giảm 1.000.000đ
Áp dụng sản phẩm từ 10.000.000đ trở lên.
?
Giảm 250.000đ
Áp dụng sản phẩm từ 5.000.000đ trở lên.
?
Giảm 500.000đ
Áp dụng sản phẩm từ 5.000.000đ trở lên.
?";https://www.thegioididong.com/may-tinh-bang/ipad-air-m3-11-inch-wifi-128gb;Skipped
iPad Air M3 13 inch 5G 128GB;Đen - Xám;No;26190000;23590000;2026-01-10;"Khuyến mãi trị giá 400.000₫

Giá và khuyến mãi dự kiến áp dụng đến 23:59 | 11/01
1

Phiếu mua hàng Apple Pencil trị giá 400,000đ

2

Tặng Phiếu mua hàng mua Balo; Túi Chống sốc; Ốp lưng; KBV Camera; Sạc dự phòng (trừ AVA+, Hydrus); nhóm Tai nghe bluetooth, Loa Bluetooth các hãng JBL, Marshall,Harman Kardon; đồng hồ thông minh (trừ Apple) trị giá 100.000đ

3

PMH Sim data 500GB 1 tháng trị giá 100.000đ

4

Thu cũ đổi mới: Giảm đến 2,000,000đ (Không kèm ưu đãi thanh toán qua cổng, mua kèm) Xem chi tiết";;https://www.thegioididong.com/may-tinh-bang/ipad-air-m3-13-inch-5g-128gb;DEBUG_OOS_iPad Air M3 13 inch 5G 128GB_Đen - Xám_093730.png
iPad A16 WiFi 256GB;Xanh Dương;Yes;12590000;11590000;2026-01-10;"Khuyến mãi trị giá 400.000₫

Giá và khuyến mãi dự kiến áp dụng đến 23:59 | 10/01
1

Phiếu mua hàng Apple Pencil trị giá 400,000đ

2

Tặng Phiếu mua hàng mua Balo; Túi Chống sốc; Ốp lưng; KBV Camera; Sạc dự phòng (trừ AVA+, Hydrus); nhóm Tai nghe bluetooth, Loa Bluetooth các hãng JBL, Marshall,Harman Kardon; đồng hồ thông minh (trừ Apple) trị giá 100.000đ

3

PMH Sim data 500GB 1 tháng trị giá 100.000đ

4

Thu cũ đổi mới: Giảm đến 2,000,000đ (Không kèm ưu đãi thanh toán qua cổng, mua kèm) Xem chi tiết";"Ưu đãi thanh toán Online (Click chọn để áp dụng)
Giảm 1.000.000đ
Áp dụng sản phẩm từ 10.000.000đ trở lên.
?
Giảm 250.000đ
Áp dụng sản phẩm từ 5.000.000đ trở lên.
?
Giảm 500.000đ
Áp dụng sản phẩm từ 5.000.000đ trở lên.
?";https://www.thegioididong.com/may-tinh-bang/ipad-11-wifi-128gb;Skipped
iPad Air M3 11 inch 5G 128GB;Xanh Dương;Yes;20790000;17790000;2026-01-10;"Khuyến mãi trị giá 400.000₫

Giá và khuyến mãi dự kiến áp dụng đến 23:59 | 11/01
1

Phiếu mua hàng Apple Pencil trị giá 400,000đ

2

PMH Sim data 500GB 1 tháng trị giá 100.000đ

3

Thu cũ đổi mới: Giảm đến 2,000,000đ (Không kèm ưu đãi thanh toán qua cổng, mua kèm) Xem chi tiết";"Ưu đãi thanh toán Online (Click chọn để áp dụng)
Giảm 1.000.000đ
Áp dụng sản phẩm từ 10.000.000đ trở lên.
?
Giảm 250.000đ
Áp dụng sản phẩm từ 5.000.000đ trở lên.
?
Giảm 500.000đ
Áp dụng sản phẩm từ 5.000.000đ trở lên.
?";https://www.thegioididong.com/may-tinh-bang/ipad-air-m3-11-inch-5g-128gb;Skipped
MacBook Air 15 inch M4 16GB/256GB;16GB - 256 GB;Yes;31390000;28990000;2026-01-10;"Khuyến mãi trị giá 800.000₫

Giá và khuyến mãi dự kiến áp dụng đến 23:59 | 31/01
1

Phiếu mua hàng Chuột, Bàn phím (Apple) trị giá 500,000đ

2

Tặng Phiếu mua hàng Balo, Túi chống sốc (giá trị trên 1,000,000đ) trị giá 300,000đ

3

Tặng Phiếu mua hàng trị giá 300.000đ Áp dụng mua Máy in

4

Tặng Phiếu mua hàng Màn hình máy tính trị giá 300.000đ";"Ưu đãi thanh toán Online (Click chọn để áp dụng)
Giảm 1.000.000đ
Áp dụng sản phẩm từ 10.000.000đ trở lên.
?
Giảm 250.000đ
Áp dụng sản phẩm từ 5.000.000đ trở lên.
?
Giảm 500.000đ
Áp dụng sản phẩm từ 5.000.000đ trở lên.
?";https://www.thegioididong.com/laptop/macbook-air-15-inch-m4-16gb-256gb;Skipped
iPad Air M3 13 inch 5G 128GB;Trắng Starlight;No;26190000;23590000;2026-01-10;"Khuyến mãi trị giá 400.000₫

Giá và khuyến mãi dự kiến áp dụng đến 23:59 | 11/01
1

Phiếu mua hàng Apple Pencil trị giá 400,000đ

2

Tặng Phiếu mua hàng mua Balo; Túi Chống sốc; Ốp lưng; KBV Camera; Sạc dự phòng (trừ AVA+, Hydrus); nhóm Tai nghe bluetooth, Loa Bluetooth các hãng JBL, Marshall,Harman Kardon; đồng hồ thông minh (trừ Apple) trị giá 100.000đ

3

PMH Sim data 500GB 1 tháng trị giá 100.000đ

4

Thu cũ đổi mới: Giảm đến 2,000,000đ (Không kèm ưu đãi thanh toán qua cổng, mua kèm) Xem chi tiết";;https://www.thegioididong.com/may-tinh-bang/ipad-air-m3-13-inch-5g-128gb;DEBUG_OOS_iPad Air M3 13 inch 5G 128GB_Trắng Starlight_093733.png
iPad A16 5G 128GB;Vàng;Yes;13990000;12990000;2026-01-10;"Khuyến mãi trị giá 400.000₫

Giá và khuyến mãi dự kiến áp dụng đến 23:59 | 10/01
1

Phiếu mua hàng Apple Pencil trị giá 400,000đ

2

Tặng Phiếu mua hàng mua Balo; Túi Chống sốc; Ốp lưng; KBV Camera; Sạc dự phòng (trừ AVA+, Hydrus); nhóm Tai nghe bluetooth, Loa Bluetooth các hãng JBL, Marshall,Harman Kardon; đồng hồ thông minh (trừ Apple) trị giá 100.000đ

3

PMH Sim data 500GB 1 tháng trị giá 100.000đ

4

Thu cũ đổi mới: Giảm đến 2,000,000đ (Không kèm ưu đãi thanh toán qua cổng, mua kèm) Xem chi tiết";"Ưu đãi thanh toán Online (Click chọn để áp dụng)
Giảm 1.000.000đ
Áp dụng sản phẩm từ 10.000.000đ trở lên.
?
Giảm 250.000đ
Áp dụng sản phẩm từ 5.000.000đ trở lên.
?
Giảm 500.000đ
Áp dụng sản phẩm từ 5.000.000đ trở lên.
?";https://www.thegioididong.com/may-tinh-bang/ipad-11-5g-128gb;Skipped
iPad Air M3 11 inch WiFi 256GB;Đen - Xám;No;19390000;16390000;2026-01-10;"Khuyến mãi trị giá 400.000₫

Giá và khuyến mãi dự kiến áp dụng đến 23:59 | 11/01
1

Phiếu mua hàng Apple Pencil trị giá 400,000đ

2

Tặng Phiếu mua hàng mua Balo; Túi Chống sốc; Ốp lưng; KBV Camera; Sạc dự phòng (trừ AVA+, Hydrus); nhóm Tai nghe bluetooth, Loa Bluetooth các hãng JBL, Marshall,Harman Kardon; đồng hồ thông minh (trừ Apple) trị giá 100.000đ

3

PMH Sim data 500GB 1 tháng trị giá 100.000đ

4

Thu cũ đổi mới: Giảm đến 2,000,000đ (Không kèm ưu đãi thanh toán qua cổng, mua kèm) Xem chi tiết";;https://www.thegioididong.com/may-tinh-bang/ipad-air-m3-11-inch-wifi-128gb;DEBUG_OOS_iPad Air M3 11 inch WiFi 256GB_Đen - Xám_093733.png
iPad Air M3 11 inch WiFi 256GB;Trắng Starlight;No;19390000;16390000;2026-01-10;"Khuyến mãi trị giá 400.000₫

Giá và khuyến mãi dự kiến áp dụng đến 23:59 | 11/01
1

Phiếu mua hàng Apple Pencil trị giá 400,000đ

2

PMH Sim data 500GB 1 tháng trị giá 100.000đ

3

Thu cũ đổi mới: Giảm đến 2,000,000đ (Không kèm ưu đãi thanh toán qua cổng, mua kèm) Xem chi tiết";;https://www.thegioididong.com/may-tinh-bang/ipad-air-m3-11-inch-wifi-128gb;DEBUG_OOS_iPad Air M3 11 inch WiFi 256GB_Trắng Starlight_093736.png
iPad A16 WiFi 256GB;Bạc;Yes;12590000;11590000;2026-01-10;"Khuyến mãi trị giá 400.000₫

Giá và khuyến mãi dự kiến áp dụng đến 23:59 | 10/01
1

Phiếu mua hàng Apple Pencil trị giá 400,000đ

2

Tặng Phiếu mua hàng mua Balo; Túi Chống sốc; Ốp lưng; KBV Camera; Sạc dự phòng (trừ AVA+, Hydrus); nhóm Tai nghe bluetooth, Loa Bluetooth các hãng JBL, Marshall,Harman Kardon; đồng hồ thông minh (trừ Apple) trị giá 100.000đ

3

PMH Sim data 500GB 1 tháng trị giá 100.000đ

4

Thu cũ đổi mới: Giảm đến 2,000,000đ (Không kèm ưu đãi thanh toán qua cổng, mua kèm) Xem chi tiết";"Ưu đãi thanh toán Online (Click chọn để áp dụng)
Giảm 1.000.000đ
Áp dụng sản phẩm từ 10.000.000đ trở lên.
?
Giảm 250.000đ
Áp dụng sản phẩm từ 5.000.000đ trở lên.
?
Giảm 500.000đ
Áp dụng sản phẩm từ 5.000.000đ trở lên.
?";https://www.thegioididong.com/may-tinh-bang/ipad-11-wifi-128gb;Skipped
MacBook Air 15 inch M4 16GB/512GB;16GB - 512 GB;Yes;36290000;32990000;2026-01-10;"Khuyến mãi trị giá 800.000₫

Giá và khuyến mãi dự kiến áp dụng đến 23:59 | 31/01
1

Phiếu mua hàng Chuột, Bàn phím (Apple) trị giá 500,000đ

2

Tặng Phiếu mua hàng Balo, Túi chống sốc (giá trị trên 1,000,000đ) trị giá 300,000đ

3

Tặng Phiếu mua hàng trị giá 300.000đ Áp dụng mua Máy in

4

Tặng Phiếu mua hàng Màn hình máy tính trị giá 300.000đ";"Ưu đãi thanh toán Online (Click chọn để áp dụng)
Giảm 1.000.000đ
Áp dụng sản phẩm từ 10.000.000đ trở lên.
?
Giảm 250.000đ
Áp dụng sản phẩm từ 5.000.000đ trở lên.
?
Giảm 500.000đ
Áp dụng sản phẩm từ 5.000.000đ trở lên.
?";https://www.thegioididong.com/laptop/macbook-air-15-inch-m4-16gb-256gb;Skipped
iPad A16 5G 128GB;Hồng;Yes;13990000;12990000;2026-01-10;"Khuyến mãi trị giá 400.000₫

Giá và khuyến mãi dự kiến áp dụng đến 23:59 | 10/01
1

Phiếu mua hàng Apple Pencil trị giá 400,000đ

2

Tặng Phiếu mua hàng mua Balo; Túi Chống sốc; Ốp lưng; KBV Camera; Sạc dự phòng (trừ AVA+, Hydrus); nhóm Tai nghe bluetooth, Loa Bluetooth các hãng JBL, Marshall,Harman Kardon; đồng hồ thông minh (trừ Apple) trị giá 100.000đ

3

PMH Sim data 500GB 1 tháng trị giá 100.000đ

4

Thu cũ đổi mới: Giảm đến 2,000,000đ (Không kèm ưu đãi thanh toán qua cổng, mua kèm) Xem chi tiết";"Ưu đãi thanh toán Online (Click chọn để áp dụng)
Giảm 1.000.000đ
Áp dụng sản phẩm từ 10.000.000đ trở lên.
?
Giảm 250.000đ
Áp dụng sản phẩm từ 5.000.000đ trở lên.
?
Giảm 500.000đ
Áp dụng sản phẩm từ 5.000.000đ trở lên.
?";https://www.thegioididong.com/may-tinh-bang/ipad-11-5g-128gb;Skipped
iPad Air M3 13 inch WiFi 128GB;Tím;Yes;22090000;19490000;2026-01-10;"Khuyến mãi trị giá 400.000₫

Giá và khuyến mãi dự kiến áp dụng đến 23:59 | 11/01
1

Phiếu mua hàng Apple Pencil trị giá 400,000đ

2

Tặng Phiếu mua hàng mua Balo; Túi Chống sốc; Ốp lưng; KBV Camera; Sạc dự phòng (trừ AVA+, Hydrus); nhóm Tai nghe bluetooth, Loa Bluetooth các hãng JBL, Marshall,Harman Kardon; đồng hồ thông minh (trừ Apple) trị giá 100.000đ

3

PMH Sim data 500GB 1 tháng trị giá 100.000đ

4

Thu cũ đổi mới: Giảm đến 2,000,000đ (Không kèm ưu đãi thanh toán qua cổng, mua kèm) Xem chi tiết";"Ưu đãi thanh toán Online (Click chọn để áp dụng)
Giảm 1.000.000đ
Áp dụng sản phẩm từ 10.000.000đ trở lên.
?
Giảm 250.000đ
Áp dụng sản phẩm từ 5.000.000đ trở lên.
?
Giảm 500.000đ
Áp dụng sản phẩm từ 5.000.000đ trở lên.
?";https://www.thegioididong.com/may-tinh-bang/ipad-air-m3-13-inch-wifi-128gb?utm_flashsale=1;Skipped
iPad mini 7 5G 128GB;Xanh Dương;Yes;17890000;15890000;2026-01-10;"Khuyến mãi trị giá 400.000₫

Giá và khuyến mãi dự kiến áp dụng đến 23:59 | 10/01
1

Phiếu mua hàng Apple Pencil trị giá 400,000đ

2

Tặng Phiếu mua hàng mua Balo; Túi Chống sốc; Ốp lưng; KBV Camera; Sạc dự phòng (trừ AVA+, Hydrus); nhóm Tai nghe bluetooth, Loa Bluetooth các hãng JBL, Marshall,Harman Kardon; đồng hồ thông minh (trừ Apple) trị giá 100.000đ

3

PMH Sim data 500GB 1 tháng trị giá 100.000đ

4

Thu cũ đổi mới: Giảm đến 2,000,000đ (Không kèm ưu đãi thanh toán qua cổng, mua kèm) Xem chi tiết";"Ưu đãi thanh toán Online (Click chọn để áp dụng)
Giảm 1.000.000đ
Áp dụng sản phẩm từ 10.000.000đ trở lên.
?
Giảm 250.000đ
Áp dụng sản phẩm từ 5.000.000đ trở lên.
?
Giảm 500.000đ
Áp dụng sản phẩm từ 5.000.000đ trở lên.
?";https://www.thegioididong.com/may-tinh-bang/ipad-mini-7-5g;Skipped
MacBook Air 15 inch M4 16GB/512GB;Vàng;No;36290000;32990000;2026-01-10;"Khuyến mãi trị giá 800.000₫

Giá và khuyến mãi dự kiến áp dụng đến 23:59 | 31/01
1

Phiếu mua hàng Chuột, Bàn phím (Apple) trị giá 500,000đ

2

Tặng Phiếu mua hàng Balo, Túi chống sốc (giá trị trên 1,000,000đ) trị giá 300,000đ

3

Tặng Phiếu mua hàng trị giá 300.000đ Áp dụng mua Máy in

4

Tặng Phiếu mua hàng Màn hình máy tính trị giá 300.000đ";;https://www.thegioididong.com/laptop/macbook-air-15-inch-m4-16gb-256gb;DEBUG_OOS_MacBook Air 15 inch M4 16GB/512GB_Vàng_093742.png
iPad A16 WiFi 256GB;Vàng;Yes;12590000;11590000;2026-01-10;"Khuyến mãi trị giá 400.000₫

Giá và khuyến mãi dự kiến áp dụng đến 23:59 | 10/01
1

Phiếu mua hàng Apple Pencil trị giá 400,000đ

2

Tặng Phiếu mua hàng mua Balo; Túi Chống sốc; Ốp lưng; KBV Camera; Sạc dự phòng (trừ AVA+, Hydrus); nhóm Tai nghe bluetooth, Loa Bluetooth các hãng JBL, Marshall,Harman Kardon; đồng hồ thông minh (trừ Apple) trị giá 100.000đ

3

PMH Sim data 500GB 1 tháng trị giá 100.000đ

4

Thu cũ đổi mới: Giảm đến 2,000,000đ (Không kèm ưu đãi thanh toán qua cổng, mua kèm) Xem chi tiết";"Ưu đãi thanh toán Online (Click chọn để áp dụng)
Giảm 1.000.000đ
Áp dụng sản phẩm từ 10.000.000đ trở lên.
?
Giảm 250.000đ
Áp dụng sản phẩm từ 5.000.000đ trở lên.
?
Giảm 500.000đ
Áp dụng sản phẩm từ 5.000.000đ trở lên.
?";https://www.thegioididong.com/may-tinh-bang/ipad-11-wifi-128gb;Skipped
iPad Air M3 11 inch WiFi 256GB;Xanh Dương;Yes;19390000;16390000;2026-01-10;"Khuyến mãi trị giá 400.000₫

Giá và khuyến mãi dự kiến áp dụng đến 23:59 | 11/01
1

Phiếu mua hàng Apple Pencil trị giá 400,000đ

2

Tặng Phiếu mua hàng mua Balo; Túi Chống sốc; Ốp lưng; KBV Camera; Sạc dự phòng (trừ AVA+, Hydrus); nhóm Tai nghe bluetooth, Loa Bluetooth các hãng JBL, Marshall,Harman Kardon; đồng hồ thông minh (trừ Apple) trị giá 100.000đ

3

PMH Sim data 500GB 1 tháng trị giá 100.000đ

4

Thu cũ đổi mới: Giảm đến 2,000,000đ (Không kèm ưu đãi thanh toán qua cổng, mua kèm) Xem chi tiết";"Ưu đãi thanh toán Online (Click chọn để áp dụng)
Giảm 1.000.000đ
Áp dụng sản phẩm từ 10.000.000đ trở lên.
?
Giảm 250.000đ
Áp dụng sản phẩm từ 5.000.000đ trở lên.
?
Giảm 500.000đ
Áp dụng sản phẩm từ 5.000.000đ trở lên.
?";https://www.thegioididong.com/may-tinh-bang/ipad-air-m3-11-inch-wifi-128gb;Skipped
MacBook Air 15 inch M4 16GB/512GB;Bạc;No;36290000;32990000;2026-01-10;"Khuyến mãi trị giá 800.000₫

Giá và khuyến mãi dự kiến áp dụng đến 23:59 | 31/01
1

Phiếu mua hàng Chuột, Bàn phím (Apple) trị giá 500,000đ

2

Tặng Phiếu mua hàng Balo, Túi chống sốc (giá trị trên 1,000,000đ) trị giá 300,000đ

3

Tặng Phiếu mua hàng trị giá 300.000đ Áp dụng mua Máy in

4

Tặng Phiếu mua hàng Màn hình máy tính trị giá 300.000đ";;https://www.thegioididong.com/laptop/macbook-air-15-inch-m4-16gb-256gb;DEBUG_OOS_MacBook Air 15 inch M4 16GB/512GB_Bạc_093745.png
iPad Air M3 13 inch WiFi 128GB;Đen - Xám;Yes;22090000;19490000;2026-01-10;"Khuyến mãi trị giá 400.000₫

Giá và khuyến mãi dự kiến áp dụng đến 23:59 | 11/01
1

Phiếu mua hàng Apple Pencil trị giá 400,000đ

2

Tặng Phiếu mua hàng mua Balo; Túi Chống sốc; Ốp lưng; KBV Camera; Sạc dự phòng (trừ AVA+, Hydrus); nhóm Tai nghe bluetooth, Loa Bluetooth các hãng JBL, Marshall,Harman Kardon; đồng hồ thông minh (trừ Apple) trị giá 100.000đ

3

PMH Sim data 500GB 1 tháng trị giá 100.000đ

4

Thu cũ đổi mới: Giảm đến 2,000,000đ (Không kèm ưu đãi thanh toán qua cổng, mua kèm) Xem chi tiết";"Ưu đãi thanh toán Online (Click chọn để áp dụng)
Giảm 1.000.000đ
Áp dụng sản phẩm từ 10.000.000đ trở lên.
?
Giảm 250.000đ
Áp dụng sản phẩm từ 5.000.000đ trở lên.
?
Giảm 500.000đ
Áp dụng sản phẩm từ 5.000.000đ trở lên.
?";https://www.thegioididong.com/may-tinh-bang/ipad-air-m3-13-inch-wifi-128gb?utm_flashsale=1;Skipped
iPad mini 7 5G 128GB;Tím;Yes;17890000;15890000;2026-01-10;"Khuyến mãi trị giá 400.000₫

Giá và khuyến mãi dự kiến áp dụng đến 23:59 | 10/01
1

Phiếu mua hàng Apple Pencil trị giá 400,000đ

2

Tặng Phiếu mua hàng mua Balo; Túi Chống sốc; Ốp lưng; KBV Camera; Sạc dự phòng (trừ AVA+, Hydrus); nhóm Tai nghe bluetooth, Loa Bluetooth các hãng JBL, Marshall,Harman Kardon; đồng hồ thông minh (trừ Apple) trị giá 100.000đ

3

PMH Sim data 500GB 1 tháng trị giá 100.000đ

4

Thu cũ đổi mới: Giảm đến 2,000,000đ (Không kèm ưu đãi thanh toán qua cổng, mua kèm) Xem chi tiết";"Ưu đãi thanh toán Online (Click chọn để áp dụng)
Giảm 1.000.000đ
Áp dụng sản phẩm từ 10.000.000đ trở lên.
?
Giảm 250.000đ
Áp dụng sản phẩm từ 5.000.000đ trở lên.
?
Giảm 500.000đ
Áp dụng sản phẩm từ 5.000.000đ trở lên.
?";https://www.thegioididong.com/may-tinh-bang/ipad-mini-7-5g;Skipped
iPad mini 7 WiFi 128GB;Tím;Yes;13790000;11790000;2026-01-10;"Khuyến mãi trị giá 400.000₫

Giá và khuyến mãi dự kiến áp dụng đến 23:59 | 10/01
1

Phiếu mua hàng Apple Pencil trị giá 400,000đ

2

Tặng Phiếu mua hàng mua Balo; Túi Chống sốc; Ốp lưng; KBV Camera; Sạc dự phòng (trừ AVA+, Hydrus); nhóm Tai nghe bluetooth, Loa Bluetooth các hãng JBL, Marshall,Harman Kardon; đồng hồ thông minh (trừ Apple) trị giá 100.000đ

3

PMH Sim data 500GB 1 tháng trị giá 100.000đ

4

Thu cũ đổi mới: Giảm đến 2,000,000đ (Không kèm ưu đãi thanh toán qua cổng, mua kèm) Xem chi tiết";"Ưu đãi thanh toán Online (Click chọn để áp dụng)
Giảm 1.000.000đ
Áp dụng sản phẩm từ 10.000.000đ trở lên.
?
Giảm 250.000đ
Áp dụng sản phẩm từ 5.000.000đ trở lên.
?
Giảm 500.000đ
Áp dụng sản phẩm từ 5.000.000đ trở lên.
?";https://www.thegioididong.com/may-tinh-bang/ipad-mini-7-wifi;Skipped
MacBook Air 15 inch M4 16GB/512GB;Xanh da trời nhạt;No;36290000;32990000;2026-01-10;"Khuyến mãi trị giá 800.000₫

Giá và khuyến mãi dự kiến áp dụng đến 23:59 | 31/01
1

Phiếu mua hàng Chuột, Bàn phím (Apple) trị giá 500,000đ

2

Tặng Phiếu mua hàng Balo, Túi chống sốc (giá trị trên 1,000,000đ) trị giá 300,000đ

3

Tặng Phiếu mua hàng trị giá 300.000đ Áp dụng mua Máy in

4

Tặng Phiếu mua hàng Màn hình máy tính trị giá 300.000đ";;https://www.thegioididong.com/laptop/macbook-air-15-inch-m4-16gb-256gb;DEBUG_OOS_MacBook Air 15 inch M4 16GB/512GB_Xanh da trời nhạt_093749.png
iPad A16 WiFi 256GB;Hồng;Yes;12590000;11590000;2026-01-10;"Khuyến mãi trị giá 400.000₫

Giá và khuyến mãi dự kiến áp dụng đến 23:59 | 10/01
1

Phiếu mua hàng Apple Pencil trị giá 400,000đ

2

Tặng Phiếu mua hàng mua Balo; Túi Chống sốc; Ốp lưng; KBV Camera; Sạc dự phòng (trừ AVA+, Hydrus); nhóm Tai nghe bluetooth, Loa Bluetooth các hãng JBL, Marshall,Harman Kardon; đồng hồ thông minh (trừ Apple) trị giá 100.000đ

3

PMH Sim data 500GB 1 tháng trị giá 100.000đ

4

Thu cũ đổi mới: Giảm đến 2,000,000đ (Không kèm ưu đãi thanh toán qua cổng, mua kèm) Xem chi tiết";"Ưu đãi thanh toán Online (Click chọn để áp dụng)
Giảm 1.000.000đ
Áp dụng sản phẩm từ 10.000.000đ trở lên.
?
Giảm 250.000đ
Áp dụng sản phẩm từ 5.000.000đ trở lên.
?
Giảm 500.000đ
Áp dụng sản phẩm từ 5.000.000đ trở lên.
?";https://www.thegioididong.com/may-tinh-bang/ipad-11-wifi-128gb;Skipped
iPad Air M3 11 inch WiFi 256GB;Tím;Yes;19390000;16390000;2026-01-10;"Khuyến mãi trị giá 400.000₫

Giá và khuyến mãi dự kiến áp dụng đến 23:59 | 11/01
1

Phiếu mua hàng Apple Pencil trị giá 400,000đ

2

Tặng Phiếu mua hàng mua Balo; Túi Chống sốc; Ốp lưng; KBV Camera; Sạc dự phòng (trừ AVA+, Hydrus); nhóm Tai nghe bluetooth, Loa Bluetooth các hãng JBL, Marshall,Harman Kardon; đồng hồ thông minh (trừ Apple) trị giá 100.000đ

3

PMH Sim data 500GB 1 tháng trị giá 100.000đ

4

Thu cũ đổi mới: Giảm đến 2,000,000đ (Không kèm ưu đãi thanh toán qua cổng, mua kèm) Xem chi tiết";"Ưu đãi thanh toán Online (Click chọn để áp dụng)
Giảm 1.000.000đ
Áp dụng sản phẩm từ 10.000.000đ trở lên.
?
Giảm 250.000đ
Áp dụng sản phẩm từ 5.000.000đ trở lên.
?
Giảm 500.000đ
Áp dụng sản phẩm từ 5.000.000đ trở lên.
?";https://www.thegioididong.com/may-tinh-bang/ipad-air-m3-11-inch-wifi-128gb;Skipped
iPad Air M3 13 inch WiFi 128GB;Trắng Starlight;Yes;22090000;19490000;2026-01-10;"Khuyến mãi trị giá 400.000₫

Giá và khuyến mãi dự kiến áp dụng đến 23:59 | 11/01
1

Phiếu mua hàng Apple Pencil trị giá 400,000đ

2

Tặng Phiếu mua hàng mua Balo; Túi Chống sốc; Ốp lưng; KBV Camera; Sạc dự phòng (trừ AVA+, Hydrus); nhóm Tai nghe bluetooth, Loa Bluetooth các hãng JBL, Marshall,Harman Kardon; đồng hồ thông minh (trừ Apple) trị giá 100.000đ

3

PMH Sim data 500GB 1 tháng trị giá 100.000đ

4

Thu cũ đổi mới: Giảm đến 2,000,000đ (Không kèm ưu đãi thanh toán qua cổng, mua kèm) Xem chi tiết";"Ưu đãi thanh toán Online (Click chọn để áp dụng)
Giảm 1.000.000đ
Áp dụng sản phẩm từ 10.000.000đ trở lên.
?
Giảm 250.000đ
Áp dụng sản phẩm từ 5.000.000đ trở lên.
?
Giảm 500.000đ
Áp dụng sản phẩm từ 5.000.000đ trở lên.
?";https://www.thegioididong.com/may-tinh-bang/ipad-air-m3-13-inch-wifi-128gb?utm_flashsale=1;Skipped
iPad Air M3 11 inch WiFi 256GB;Đen - Xám;No;19390000;16390000;2026-01-10;"Khuyến mãi trị giá 400.000₫

Giá và khuyến mãi dự kiến áp dụng đến 23:59 | 11/01
1

Phiếu mua hàng Apple Pencil trị giá 400,000đ

2

Tặng Phiếu mua hàng mua Balo; Túi Chống sốc; Ốp lưng; KBV Camera; Sạc dự phòng (trừ AVA+, Hydrus); nhóm Tai nghe bluetooth, Loa Bluetooth các hãng JBL, Marshall,Harman Kardon; đồng hồ thông minh (trừ Apple) trị giá 100.000đ

3

PMH Sim data 500GB 1 tháng trị giá 100.000đ

4

Thu cũ đổi mới: Giảm đến 2,000,000đ (Không kèm ưu đãi thanh toán qua cổng, mua kèm) Xem chi tiết";;https://www.thegioididong.com/may-tinh-bang/ipad-air-m3-11-inch-wifi-128gb;DEBUG_OOS_iPad Air M3 11 inch WiFi 256GB_Đen - Xám_093754.png
iPad mini 7 5G 128GB;Trắng Starlight;Yes;17890000;15890000;2026-01-10;"Khuyến mãi trị giá 400.000₫

Giá và khuyến mãi dự kiến áp dụng đến 23:59 | 10/01
1

Phiếu mua hàng Apple Pencil trị giá 400,000đ

2

Tặng Phiếu mua hàng mua Balo; Túi Chống sốc; Ốp lưng; KBV Camera; Sạc dự phòng (trừ AVA+, Hydrus); nhóm Tai nghe bluetooth, Loa Bluetooth các hãng JBL, Marshall,Harman Kardon; đồng hồ thông minh (trừ Apple) trị giá 100.000đ

3

PMH Sim data 500GB 1 tháng trị giá 100.000đ

4

Thu cũ đổi mới: Giảm đến 2,000,000đ (Không kèm ưu đãi thanh toán qua cổng, mua kèm) Xem chi tiết";"Ưu đãi thanh toán Online (Click chọn để áp dụng)
Giảm 1.000.000đ
Áp dụng sản phẩm từ 10.000.000đ trở lên.
?
Giảm 250.000đ
Áp dụng sản phẩm từ 5.000.000đ trở lên.
?
Giảm 500.000đ
Áp dụng sản phẩm từ 5.000.000đ trở lên.
?";https://www.thegioididong.com/may-tinh-bang/ipad-mini-7-5g;Skipped
MacBook Air 15 inch M4 16GB/512GB;Xanh đen;Yes;36290000;32990000;2026-01-10;"Khuyến mãi trị giá 800.000₫

Giá và khuyến mãi dự kiến áp dụng đến 23:59 | 31/01
1

Phiếu mua hàng Chuột, Bàn phím (Apple) trị giá 500,000đ

2

Tặng Phiếu mua hàng Balo, Túi chống sốc (giá trị trên 1,000,000đ) trị giá 300,000đ

3

Tặng Phiếu mua hàng trị giá 300.000đ Áp dụng mua Máy in

4

Tặng Phiếu mua hàng Màn hình máy tính trị giá 300.000đ";"Ưu đãi thanh toán Online (Click chọn để áp dụng)
Giảm 1.000.000đ
Áp dụng sản phẩm từ 10.000.000đ trở lên.
?
Giảm 250.000đ
Áp dụng sản phẩm từ 5.000.000đ trở lên.
?
Giảm 500.000đ
Áp dụng sản phẩm từ 5.000.000đ trở lên.
?";https://www.thegioididong.com/laptop/macbook-air-15-inch-m4-16gb-256gb;Skipped
iPad mini 7 WiFi 128GB;Đen - Xám;Yes;13790000;11790000;2026-01-10;"Khuyến mãi trị giá 400.000₫

Giá và khuyến mãi dự kiến áp dụng đến 23:59 | 10/01
1

Phiếu mua hàng Apple Pencil trị giá 400,000đ

2

Tặng Phiếu mua hàng mua Balo; Túi Chống sốc; Ốp lưng; KBV Camera; Sạc dự phòng (trừ AVA+, Hydrus); nhóm Tai nghe bluetooth, Loa Bluetooth các hãng JBL, Marshall,Harman Kardon; đồng hồ thông minh (trừ Apple) trị giá 100.000đ

3

PMH Sim data 500GB 1 tháng trị giá 100.000đ

4

Thu cũ đổi mới: Giảm đến 2,000,000đ (Không kèm ưu đãi thanh toán qua cổng, mua kèm) Xem chi tiết";"Ưu đãi thanh toán Online (Click chọn để áp dụng)
Giảm 1.000.000đ
Áp dụng sản phẩm từ 10.000.000đ trở lên.
?
Giảm 250.000đ
Áp dụng sản phẩm từ 5.000.000đ trở lên.
?
Giảm 500.000đ
Áp dụng sản phẩm từ 5.000.000đ trở lên.
?";https://www.thegioididong.com/may-tinh-bang/ipad-mini-7-wifi;Skipped
iPad A16 WiFi 256GB;Xanh Dương;Yes;12590000;11590000;2026-01-10;"Khuyến mãi trị giá 400.000₫

Giá và khuyến mãi dự kiến áp dụng đến 23:59 | 10/01
1

Phiếu mua hàng Apple Pencil trị giá 400,000đ

2

Tặng Phiếu mua hàng mua Balo; Túi Chống sốc; Ốp lưng; KBV Camera; Sạc dự phòng (trừ AVA+, Hydrus); nhóm Tai nghe bluetooth, Loa Bluetooth các hãng JBL, Marshall,Harman Kardon; đồng hồ thông minh (trừ Apple) trị giá 100.000đ

3

PMH Sim data 500GB 1 tháng trị giá 100.000đ

4

Thu cũ đổi mới: Giảm đến 2,000,000đ (Không kèm ưu đãi thanh toán qua cổng, mua kèm) Xem chi tiết";"Ưu đãi thanh toán Online (Click chọn để áp dụng)
Giảm 1.000.000đ
Áp dụng sản phẩm từ 10.000.000đ trở lên.
?
Giảm 250.000đ
Áp dụng sản phẩm từ 5.000.000đ trở lên.
?
Giảm 500.000đ
Áp dụng sản phẩm từ 5.000.000đ trở lên.
?";https://www.thegioididong.com/may-tinh-bang/ipad-11-wifi-128gb;Skipped
iPad Air M3 11 inch WiFi 256GB;Trắng Starlight;No;19390000;16390000;2026-01-10;"Khuyến mãi trị giá 400.000₫

Giá và khuyến mãi dự kiến áp dụng đến 23:59 | 11/01
1

Phiếu mua hàng Apple Pencil trị giá 400,000đ

2

PMH Sim data 500GB 1 tháng trị giá 100.000đ

3

Thu cũ đổi mới: Giảm đến 2,000,000đ (Không kèm ưu đãi thanh toán qua cổng, mua kèm) Xem chi tiết";;https://www.thegioididong.com/may-tinh-bang/ipad-air-m3-11-inch-wifi-128gb;DEBUG_OOS_iPad Air M3 11 inch WiFi 256GB_Trắng Starlight_093758.png
iPad Air M3 13 inch WiFi 128GB;Xanh Dương;Yes;22090000;19490000;2026-01-10;"Khuyến mãi trị giá 400.000₫

Giá và khuyến mãi dự kiến áp dụng đến 23:59 | 11/01
1

Phiếu mua hàng Apple Pencil trị giá 400,000đ

2

Tặng Phiếu mua hàng mua Balo; Túi Chống sốc; Ốp lưng; KBV Camera; Sạc dự phòng (trừ AVA+, Hydrus); nhóm Tai nghe bluetooth, Loa Bluetooth các hãng JBL, Marshall,Harman Kardon; đồng hồ thông minh (trừ Apple) trị giá 100.000đ

3

PMH Sim data 500GB 1 tháng trị giá 100.000đ

4

Thu cũ đổi mới: Giảm đến 2,000,000đ (Không kèm ưu đãi thanh toán qua cổng, mua kèm) Xem chi tiết";"Ưu đãi thanh toán Online (Click chọn để áp dụng)
Giảm 1.000.000đ
Áp dụng sản phẩm từ 10.000.000đ trở lên.
?
Giảm 250.000đ
Áp dụng sản phẩm từ 5.000.000đ trở lên.
?
Giảm 500.000đ
Áp dụng sản phẩm từ 5.000.000đ trở lên.
?";https://www.thegioididong.com/may-tinh-bang/ipad-air-m3-13-inch-wifi-128gb?utm_flashsale=1;Skipped
iPad mini 7 5G 128GB;Đen - Xám;Yes;17890000;15890000;2026-01-10;"Khuyến mãi trị giá 400.000₫

Giá và khuyến mãi dự kiến áp dụng đến 23:59 | 10/01
1

Phiếu mua hàng Apple Pencil trị giá 400,000đ

2

Tặng Phiếu mua hàng mua Balo; Túi Chống sốc; Ốp lưng; KBV Camera; Sạc dự phòng (trừ AVA+, Hydrus); nhóm Tai nghe bluetooth, Loa Bluetooth các hãng JBL, Marshall,Harman Kardon; đồng hồ thông minh (trừ Apple) trị giá 100.000đ

3

PMH Sim data 500GB 1 tháng trị giá 100.000đ

4

Thu cũ đổi mới: Giảm đến 2,000,000đ (Không kèm ưu đãi thanh toán qua cổng, mua kèm) Xem chi tiết";"Ưu đãi thanh toán Online (Click chọn để áp dụng)
Giảm 1.000.000đ
Áp dụng sản phẩm từ 10.000.000đ trở lên.
?
Giảm 250.000đ
Áp dụng sản phẩm từ 5.000.000đ trở lên.
?
Giảm 500.000đ
Áp dụng sản phẩm từ 5.000.000đ trở lên.
?";https://www.thegioididong.com/may-tinh-bang/ipad-mini-7-5g;Skipped
iPad mini 7 WiFi 128GB;Trắng Starlight;Yes;13790000;11790000;2026-01-10;"Khuyến mãi trị giá 400.000₫

Giá và khuyến mãi dự kiến áp dụng đến 23:59 | 10/01
1

Phiếu mua hàng Apple Pencil trị giá 400,000đ

2

Tặng Phiếu mua hàng mua Balo; Túi Chống sốc; Ốp lưng; KBV Camera; Sạc dự phòng (trừ AVA+, Hydrus); nhóm Tai nghe bluetooth, Loa Bluetooth các hãng JBL, Marshall,Harman Kardon; đồng hồ thông minh (trừ Apple) trị giá 100.000đ

3

PMH Sim data 500GB 1 tháng trị giá 100.000đ

4

Thu cũ đổi mới: Giảm đến 2,000,000đ (Không kèm ưu đãi thanh toán qua cổng, mua kèm) Xem chi tiết";"Ưu đãi thanh toán Online (Click chọn để áp dụng)
Giảm 1.000.000đ
Áp dụng sản phẩm từ 10.000.000đ trở lên.
?
Giảm 250.000đ
Áp dụng sản phẩm từ 5.000.000đ trở lên.
?
Giảm 500.000đ
Áp dụng sản phẩm từ 5.000.000đ trở lên.
?";https://www.thegioididong.com/may-tinh-bang/ipad-mini-7-wifi;Skipped
iPad A16 WiFi 256GB;Bạc;Yes;12590000;11590000;2026-01-10;"Khuyến mãi trị giá 400.000₫

Giá và khuyến mãi dự kiến áp dụng đến 23:59 | 10/01
1

Phiếu mua hàng Apple Pencil trị giá 400,000đ

2

Tặng Phiếu mua hàng mua Balo; Túi Chống sốc; Ốp lưng; KBV Camera; Sạc dự phòng (trừ AVA+, Hydrus); nhóm Tai nghe bluetooth, Loa Bluetooth các hãng JBL, Marshall,Harman Kardon; đồng hồ thông minh (trừ Apple) trị giá 100.000đ

3

PMH Sim data 500GB 1 tháng trị giá 100.000đ

4

Thu cũ đổi mới: Giảm đến 2,000,000đ (Không kèm ưu đãi thanh toán qua cổng, mua kèm) Xem chi tiết";"Ưu đãi thanh toán Online (Click chọn để áp dụng)
Giảm 1.000.000đ
Áp dụng sản phẩm từ 10.000.000đ trở lên.
?
Giảm 250.000đ
Áp dụng sản phẩm từ 5.000.000đ trở lên.
?
Giảm 500.000đ
Áp dụng sản phẩm từ 5.000.000đ trở lên.
?";https://www.thegioididong.com/may-tinh-bang/ipad-11-wifi-128gb;Skipped
MacBook Air 15 inch M4 16GB/256GB;16GB - 256 GB;Yes;31390000;28990000;2026-01-10;"Khuyến mãi trị giá 800.000₫

Giá và khuyến mãi dự kiến áp dụng đến 23:59 | 31/01
1

Phiếu mua hàng Chuột, Bàn phím (Apple) trị giá 500,000đ

2

Tặng Phiếu mua hàng Balo, Túi chống sốc (giá trị trên 1,000,000đ) trị giá 300,000đ

3

Tặng Phiếu mua hàng trị giá 300.000đ Áp dụng mua Máy in

4

Tặng Phiếu mua hàng Màn hình máy tính trị giá 300.000đ";"Ưu đãi thanh toán Online (Click chọn để áp dụng)
Giảm 1.000.000đ
Áp dụng sản phẩm từ 10.000.000đ trở lên.
?
Giảm 250.000đ
Áp dụng sản phẩm từ 5.000.000đ trở lên.
?
Giảm 500.000đ
Áp dụng sản phẩm từ 5.000.000đ trở lên.
?";https://www.thegioididong.com/laptop/macbook-air-15-inch-m4-16gb-256gb;Skipped
iPad Air M3 11 inch WiFi 256GB;Xanh Dương;Yes;19390000;16390000;2026-01-10;"Khuyến mãi trị giá 400.000₫

Giá và khuyến mãi dự kiến áp dụng đến 23:59 | 11/01
1

Phiếu mua hàng Apple Pencil trị giá 400,000đ

2

Tặng Phiếu mua hàng mua Balo; Túi Chống sốc; Ốp lưng; KBV Camera; Sạc dự phòng (trừ AVA+, Hydrus); nhóm Tai nghe bluetooth, Loa Bluetooth các hãng JBL, Marshall,Harman Kardon; đồng hồ thông minh (trừ Apple) trị giá 100.000đ

3

PMH Sim data 500GB 1 tháng trị giá 100.000đ

4

Thu cũ đổi mới: Giảm đến 2,000,000đ (Không kèm ưu đãi thanh toán qua cổng, mua kèm) Xem chi tiết";"Ưu đãi thanh toán Online (Click chọn để áp dụng)
Giảm 1.000.000đ
Áp dụng sản phẩm từ 10.000.000đ trở lên.
?
Giảm 250.000đ
Áp dụng sản phẩm từ 5.000.000đ trở lên.
?
Giảm 500.000đ
Áp dụng sản phẩm từ 5.000.000đ trở lên.
?";https://www.thegioididong.com/may-tinh-bang/ipad-air-m3-11-inch-wifi-128gb;Skipped
iPad mini 7 5G 256GB;Tím;No;20690000;18690000;2026-01-10;"Khuyến mãi trị giá 400.000₫

Giá và khuyến mãi dự kiến áp dụng đến 23:59 | 10/01
1

Phiếu mua hàng Apple Pencil trị giá 400,000đ

2

Tặng Phiếu mua hàng mua Balo; Túi Chống sốc; Ốp lưng; KBV Camera; Sạc dự phòng (trừ AVA+, Hydrus); nhóm Tai nghe bluetooth, Loa Bluetooth các hãng JBL, Marshall,Harman Kardon; đồng hồ thông minh (trừ Apple) trị giá 100.000đ

3

PMH Sim data 500GB 1 tháng trị giá 100.000đ

4

Thu cũ đổi mới: Giảm đến 2,000,000đ (Không kèm ưu đãi thanh toán qua cổng, mua kèm) Xem chi tiết";;https://www.thegioididong.com/may-tinh-bang/ipad-mini-7-5g;DEBUG_OOS_iPad mini 7 5G 256GB_Tím_093808.png
iPad mini 7 WiFi 128GB;Xanh Dương;Yes;13790000;11790000;2026-01-10;"Khuyến mãi trị giá 400.000₫

Giá và khuyến mãi dự kiến áp dụng đến 23:59 | 10/01
1

Phiếu mua hàng Apple Pencil trị giá 400,000đ

2

Tặng Phiếu mua hàng mua Balo; Túi Chống sốc; Ốp lưng; KBV Camera; Sạc dự phòng (trừ AVA+, Hydrus); nhóm Tai nghe bluetooth, Loa Bluetooth các hãng JBL, Marshall,Harman Kardon; đồng hồ thông minh (trừ Apple) trị giá 100.000đ

3

PMH Sim data 500GB 1 tháng trị giá 100.000đ

4

Thu cũ đổi mới: Giảm đến 2,000,000đ (Không kèm ưu đãi thanh toán qua cổng, mua kèm) Xem chi tiết";"Ưu đãi thanh toán Online (Click chọn để áp dụng)
Giảm 1.000.000đ
Áp dụng sản phẩm từ 10.000.000đ trở lên.
?
Giảm 250.000đ
Áp dụng sản phẩm từ 5.000.000đ trở lên.
?
Giảm 500.000đ
Áp dụng sản phẩm từ 5.000.000đ trở lên.
?";https://www.thegioididong.com/may-tinh-bang/ipad-mini-7-wifi;Skipped
iPad Air M3 13 inch WiFi 128GB;Tím;Yes;22090000;19490000;2026-01-10;"Khuyến mãi trị giá 400.000₫

Giá và khuyến mãi dự kiến áp dụng đến 23:59 | 11/01
1

Phiếu mua hàng Apple Pencil trị giá 400,000đ

2

Tặng Phiếu mua hàng mua Balo; Túi Chống sốc; Ốp lưng; KBV Camera; Sạc dự phòng (trừ AVA+, Hydrus); nhóm Tai nghe bluetooth, Loa Bluetooth các hãng JBL, Marshall,Harman Kardon; đồng hồ thông minh (trừ Apple) trị giá 100.000đ

3

PMH Sim data 500GB 1 tháng trị giá 100.000đ

4

Thu cũ đổi mới: Giảm đến 2,000,000đ (Không kèm ưu đãi thanh toán qua cổng, mua kèm) Xem chi tiết";"Ưu đãi thanh toán Online (Click chọn để áp dụng)
Giảm 1.000.000đ
Áp dụng sản phẩm từ 10.000.000đ trở lên.
?
Giảm 250.000đ
Áp dụng sản phẩm từ 5.000.000đ trở lên.
?
Giảm 500.000đ
Áp dụng sản phẩm từ 5.000.000đ trở lên.
?";https://www.thegioididong.com/may-tinh-bang/ipad-air-m3-13-inch-wifi-128gb?utm_flashsale=1;Skipped
iPad A16 WiFi 256GB;Vàng;Yes;12590000;11590000;2026-01-10;"Khuyến mãi trị giá 400.000₫

Giá và khuyến mãi dự kiến áp dụng đến 23:59 | 10/01
1

Phiếu mua hàng Apple Pencil trị giá 400,000đ

2

Tặng Phiếu mua hàng mua Balo; Túi Chống sốc; Ốp lưng; KBV Camera; Sạc dự phòng (trừ AVA+, Hydrus); nhóm Tai nghe bluetooth, Loa Bluetooth các hãng JBL, Marshall,Harman Kardon; đồng hồ thông minh (trừ Apple) trị giá 100.000đ

3

PMH Sim data 500GB 1 tháng trị giá 100.000đ

4

Thu cũ đổi mới: Giảm đến 2,000,000đ (Không kèm ưu đãi thanh toán qua cổng, mua kèm) Xem chi tiết";"Ưu đãi thanh toán Online (Click chọn để áp dụng)
Giảm 1.000.000đ
Áp dụng sản phẩm từ 10.000.000đ trở lên.
?
Giảm 250.000đ
Áp dụng sản phẩm từ 5.000.000đ trở lên.
?
Giảm 500.000đ
Áp dụng sản phẩm từ 5.000.000đ trở lên.
?";https://www.thegioididong.com/may-tinh-bang/ipad-11-wifi-128gb;Skipped
MacBook Air 15 inch M4 16GB/512GB;16GB - 512 GB;Yes;36290000;32990000;2026-01-10;"Khuyến mãi trị giá 800.000₫

Giá và khuyến mãi dự kiến áp dụng đến 23:59 | 31/01
1

Phiếu mua hàng Chuột, Bàn phím (Apple) trị giá 500,000đ

2

Tặng Phiếu mua hàng Balo, Túi chống sốc (giá trị trên 1,000,000đ) trị giá 300,000đ

3

Tặng Phiếu mua hàng trị giá 300.000đ Áp dụng mua Máy in

4

Tặng Phiếu mua hàng Màn hình máy tính trị giá 300.000đ";"Ưu đãi thanh toán Online (Click chọn để áp dụng)
Giảm 1.000.000đ
Áp dụng sản phẩm từ 10.000.000đ trở lên.
?
Giảm 250.000đ
Áp dụng sản phẩm từ 5.000.000đ trở lên.
?
Giảm 500.000đ
Áp dụng sản phẩm từ 5.000.000đ trở lên.
?";https://www.thegioididong.com/laptop/macbook-air-15-inch-m4-16gb-256gb;Skipped
iPad Air M3 11 inch WiFi 256GB;Tím;Yes;19390000;16390000;2026-01-10;"Khuyến mãi trị giá 400.000₫

Giá và khuyến mãi dự kiến áp dụng đến 23:59 | 11/01
1

Phiếu mua hàng Apple Pencil trị giá 400,000đ

2

Tặng Phiếu mua hàng mua Balo; Túi Chống sốc; Ốp lưng; KBV Camera; Sạc dự phòng (trừ AVA+, Hydrus); nhóm Tai nghe bluetooth, Loa Bluetooth các hãng JBL, Marshall,Harman Kardon; đồng hồ thông minh (trừ Apple) trị giá 100.000đ

3

PMH Sim data 500GB 1 tháng trị giá 100.000đ

4

Thu cũ đổi mới: Giảm đến 2,000,000đ (Không kèm ưu đãi thanh toán qua cổng, mua kèm) Xem chi tiết";"Ưu đãi thanh toán Online (Click chọn để áp dụng)
Giảm 1.000.000đ
Áp dụng sản phẩm từ 10.000.000đ trở lên.
?
Giảm 250.000đ
Áp dụng sản phẩm từ 5.000.000đ trở lên.
?
Giảm 500.000đ
Áp dụng sản phẩm từ 5.000.000đ trở lên.
?";https://www.thegioididong.com/may-tinh-bang/ipad-air-m3-11-inch-wifi-128gb;Skipped
iPad mini 7 5G 256GB;Xanh Dương;No;20690000;18690000;2026-01-10;"Khuyến mãi trị giá 400.000₫

Giá và khuyến mãi dự kiến áp dụng đến 23:59 | 10/01
1

Phiếu mua hàng Apple Pencil trị giá 400,000đ

2

Tặng Phiếu mua hàng mua Balo; Túi Chống sốc; Ốp lưng; KBV Camera; Sạc dự phòng (trừ AVA+, Hydrus); nhóm Tai nghe bluetooth, Loa Bluetooth các hãng JBL, Marshall,Harman Kardon; đồng hồ thông minh (trừ Apple) trị giá 100.000đ

3

PMH Sim data 500GB 1 tháng trị giá 100.000đ

4

Thu cũ đổi mới: Giảm đến 2,000,000đ (Không kèm ưu đãi thanh toán qua cổng, mua kèm) Xem chi tiết";;https://www.thegioididong.com/may-tinh-bang/ipad-mini-7-5g;DEBUG_OOS_iPad mini 7 5G 256GB_Xanh Dương_093812.png
MacBook Air 15 inch M4 16GB/512GB;Vàng;No;36290000;32990000;2026-01-10;"Khuyến mãi trị giá 800.000₫

Giá và khuyến mãi dự kiến áp dụng đến 23:59 | 31/01
1

Phiếu mua hàng Chuột, Bàn phím (Apple) trị giá 500,000đ

2

Tặng Phiếu mua hàng Balo, Túi chống sốc (giá trị trên 1,000,000đ) trị giá 300,000đ

3

Tặng Phiếu mua hàng trị giá 300.000đ Áp dụng mua Máy in

4

Tặng Phiếu mua hàng Màn hình máy tính trị giá 300.000đ";;https://www.thegioididong.com/laptop/macbook-air-15-inch-m4-16gb-256gb;DEBUG_OOS_MacBook Air 15 inch M4 16GB/512GB_Vàng_093813.png
iPad Air M3 13 inch WiFi 128GB;Đen - Xám;Yes;22090000;19490000;2026-01-10;"Khuyến mãi trị giá 400.000₫

Giá và khuyến mãi dự kiến áp dụng đến 23:59 | 11/01
1

Phiếu mua hàng Apple Pencil trị giá 400,000đ

2

Tặng Phiếu mua hàng mua Balo; Túi Chống sốc; Ốp lưng; KBV Camera; Sạc dự phòng (trừ AVA+, Hydrus); nhóm Tai nghe bluetooth, Loa Bluetooth các hãng JBL, Marshall,Harman Kardon; đồng hồ thông minh (trừ Apple) trị giá 100.000đ

3

PMH Sim data 500GB 1 tháng trị giá 100.000đ

4

Thu cũ đổi mới: Giảm đến 2,000,000đ (Không kèm ưu đãi thanh toán qua cổng, mua kèm) Xem chi tiết";"Ưu đãi thanh toán Online (Click chọn để áp dụng)
Giảm 1.000.000đ
Áp dụng sản phẩm từ 10.000.000đ trở lên.
?
Giảm 250.000đ
Áp dụng sản phẩm từ 5.000.000đ trở lên.
?
Giảm 500.000đ
Áp dụng sản phẩm từ 5.000.000đ trở lên.
?";https://www.thegioididong.com/may-tinh-bang/ipad-air-m3-13-inch-wifi-128gb?utm_flashsale=1;Skipped
iPad Air M3 11 inch WiFi 256GB;Đen - Xám;No;19390000;16390000;2026-01-10;"Khuyến mãi trị giá 400.000₫

Giá và khuyến mãi dự kiến áp dụng đến 23:59 | 11/01
1

Phiếu mua hàng Apple Pencil trị giá 400,000đ

2

Tặng Phiếu mua hàng mua Balo; Túi Chống sốc; Ốp lưng; KBV Camera; Sạc dự phòng (trừ AVA+, Hydrus); nhóm Tai nghe bluetooth, Loa Bluetooth các hãng JBL, Marshall,Harman Kardon; đồng hồ thông minh (trừ Apple) trị giá 100.000đ

3

PMH Sim data 500GB 1 tháng trị giá 100.000đ

4

Thu cũ đổi mới: Giảm đến 2,000,000đ (Không kèm ưu đãi thanh toán qua cổng, mua kèm) Xem chi tiết";;https://www.thegioididong.com/may-tinh-bang/ipad-air-m3-11-inch-wifi-128gb;DEBUG_OOS_iPad Air M3 11 inch WiFi 256GB_Đen - Xám_093816.png
iPad mini 7 WiFi 256GB;Trắng Starlight;Yes;16490000;14490000;2026-01-10;"Khuyến mãi trị giá 400.000₫

Giá và khuyến mãi dự kiến áp dụng đến 23:59 | 10/01
1

Phiếu mua hàng Apple Pencil trị giá 400,000đ

2

Tặng Phiếu mua hàng mua Balo; Túi Chống sốc; Ốp lưng; KBV Camera; Sạc dự phòng (trừ AVA+, Hydrus); nhóm Tai nghe bluetooth, Loa Bluetooth các hãng JBL, Marshall,Harman Kardon; đồng hồ thông minh (trừ Apple) trị giá 100.000đ

3

PMH Sim data 500GB 1 tháng trị giá 100.000đ

4

Thu cũ đổi mới: Giảm đến 2,000,000đ (Không kèm ưu đãi thanh toán qua cổng, mua kèm) Xem chi tiết";"Ưu đãi thanh toán Online (Click chọn để áp dụng)
Giảm 1.000.000đ
Áp dụng sản phẩm từ 10.000.000đ trở lên.
?
Giảm 250.000đ
Áp dụng sản phẩm từ 5.000.000đ trở lên.
?
Giảm 500.000đ
Áp dụng sản phẩm từ 5.000.000đ trở lên.
?";https://www.thegioididong.com/may-tinh-bang/ipad-mini-7-wifi;Skipped
iPad A16 WiFi 256GB;Hồng;Yes;12590000;11590000;2026-01-10;"Khuyến mãi trị giá 400.000₫

Giá và khuyến mãi dự kiến áp dụng đến 23:59 | 10/01
1

Phiếu mua hàng Apple Pencil trị giá 400,000đ

2

Tặng Phiếu mua hàng mua Balo; Túi Chống sốc; Ốp lưng; KBV Camera; Sạc dự phòng (trừ AVA+, Hydrus); nhóm Tai nghe bluetooth, Loa Bluetooth các hãng JBL, Marshall,Harman Kardon; đồng hồ thông minh (trừ Apple) trị giá 100.000đ

3

PMH Sim data 500GB 1 tháng trị giá 100.000đ

4

Thu cũ đổi mới: Giảm đến 2,000,000đ (Không kèm ưu đãi thanh toán qua cổng, mua kèm) Xem chi tiết";"Ưu đãi thanh toán Online (Click chọn để áp dụng)
Giảm 1.000.000đ
Áp dụng sản phẩm từ 10.000.000đ trở lên.
?
Giảm 250.000đ
Áp dụng sản phẩm từ 5.000.000đ trở lên.
?
Giảm 500.000đ
Áp dụng sản phẩm từ 5.000.000đ trở lên.
?";https://www.thegioididong.com/may-tinh-bang/ipad-11-wifi-128gb;Skipped
MacBook Air 15 inch M4 16GB/512GB;Bạc;No;36290000;32990000;2026-01-10;"Khuyến mãi trị giá 800.000₫

Giá và khuyến mãi dự kiến áp dụng đến 23:59 | 31/01
1

Phiếu mua hàng Chuột, Bàn phím (Apple) trị giá 500,000đ

2

Tặng Phiếu mua hàng Balo, Túi chống sốc (giá trị trên 1,000,000đ) trị giá 300,000đ

3

Tặng Phiếu mua hàng trị giá 300.000đ Áp dụng mua Máy in

4

Tặng Phiếu mua hàng Màn hình máy tính trị giá 300.000đ";;https://www.thegioididong.com/laptop/macbook-air-15-inch-m4-16gb-256gb;DEBUG_OOS_MacBook Air 15 inch M4 16GB/512GB_Bạc_093816.png
iPad mini 7 5G 256GB;Trắng Starlight;No;20690000;18690000;2026-01-10;"Khuyến mãi trị giá 400.000₫

Giá và khuyến mãi dự kiến áp dụng đến 23:59 | 10/01
1

Phiếu mua hàng Apple Pencil trị giá 400,000đ

2

Tặng Phiếu mua hàng mua Balo; Túi Chống sốc; Ốp lưng; KBV Camera; Sạc dự phòng (trừ AVA+, Hydrus); nhóm Tai nghe bluetooth, Loa Bluetooth các hãng JBL, Marshall,Harman Kardon; đồng hồ thông minh (trừ Apple) trị giá 100.000đ

3

PMH Sim data 500GB 1 tháng trị giá 100.000đ

4

Thu cũ đổi mới: Giảm đến 2,000,000đ (Không kèm ưu đãi thanh toán qua cổng, mua kèm) Xem chi tiết";;https://www.thegioididong.com/may-tinh-bang/ipad-mini-7-5g;DEBUG_OOS_iPad mini 7 5G 256GB_Trắng Starlight_093817.png
iPad Air M3 11 inch WiFi 256GB;Trắng Starlight;No;19390000;16390000;2026-01-10;"Khuyến mãi trị giá 400.000₫

Giá và khuyến mãi dự kiến áp dụng đến 23:59 | 11/01
1

Phiếu mua hàng Apple Pencil trị giá 400,000đ

2

PMH Sim data 500GB 1 tháng trị giá 100.000đ

3

Thu cũ đổi mới: Giảm đến 2,000,000đ (Không kèm ưu đãi thanh toán qua cổng, mua kèm) Xem chi tiết";;https://www.thegioididong.com/may-tinh-bang/ipad-air-m3-11-inch-wifi-128gb;DEBUG_OOS_iPad Air M3 11 inch WiFi 256GB_Trắng Starlight_093819.png
MacBook Air 15 inch M4 16GB/512GB;Xanh da trời nhạt;No;36290000;32990000;2026-01-10;"Khuyến mãi trị giá 800.000₫

Giá và khuyến mãi dự kiến áp dụng đến 23:59 | 31/01
1

Phiếu mua hàng Chuột, Bàn phím (Apple) trị giá 500,000đ

2

Tặng Phiếu mua hàng Balo, Túi chống sốc (giá trị trên 1,000,000đ) trị giá 300,000đ

3

Tặng Phiếu mua hàng trị giá 300.000đ Áp dụng mua Máy in

4

Tặng Phiếu mua hàng Màn hình máy tính trị giá 300.000đ";;https://www.thegioididong.com/laptop/macbook-air-15-inch-m4-16gb-256gb;DEBUG_OOS_MacBook Air 15 inch M4 16GB/512GB_Xanh da trời nhạt_093820.png
iPad Air M3 13 inch WiFi 128GB;Trắng Starlight;Yes;22090000;19490000;2026-01-10;"Khuyến mãi trị giá 400.000₫

Giá và khuyến mãi dự kiến áp dụng đến 23:59 | 11/01
1

Phiếu mua hàng Apple Pencil trị giá 400,000đ

2

Tặng Phiếu mua hàng mua Balo; Túi Chống sốc; Ốp lưng; KBV Camera; Sạc dự phòng (trừ AVA+, Hydrus); nhóm Tai nghe bluetooth, Loa Bluetooth các hãng JBL, Marshall,Harman Kardon; đồng hồ thông minh (trừ Apple) trị giá 100.000đ

3

PMH Sim data 500GB 1 tháng trị giá 100.000đ

4

Thu cũ đổi mới: Giảm đến 2,000,000đ (Không kèm ưu đãi thanh toán qua cổng, mua kèm) Xem chi tiết";"Ưu đãi thanh toán Online (Click chọn để áp dụng)
Giảm 1.000.000đ
Áp dụng sản phẩm từ 10.000.000đ trở lên.
?
Giảm 250.000đ
Áp dụng sản phẩm từ 5.000.000đ trở lên.
?
Giảm 500.000đ
Áp dụng sản phẩm từ 5.000.000đ trở lên.
?";https://www.thegioididong.com/may-tinh-bang/ipad-air-m3-13-inch-wifi-128gb?utm_flashsale=1;Skipped
iPad mini 7 WiFi 256GB;Đen - Xám;Yes;16490000;14490000;2026-01-10;"Khuyến mãi trị giá 400.000₫

Giá và khuyến mãi dự kiến áp dụng đến 23:59 | 10/01
1

Phiếu mua hàng Apple Pencil trị giá 400,000đ

2

Tặng Phiếu mua hàng mua Balo; Túi Chống sốc; Ốp lưng; KBV Camera; Sạc dự phòng (trừ AVA+, Hydrus); nhóm Tai nghe bluetooth, Loa Bluetooth các hãng JBL, Marshall,Harman Kardon; đồng hồ thông minh (trừ Apple) trị giá 100.000đ

3

PMH Sim data 500GB 1 tháng trị giá 100.000đ

4

Thu cũ đổi mới: Giảm đến 2,000,000đ (Không kèm ưu đãi thanh toán qua cổng, mua kèm) Xem chi tiết";"Ưu đãi thanh toán Online (Click chọn để áp dụng)
Giảm 1.000.000đ
Áp dụng sản phẩm từ 10.000.000đ trở lên.
?
Giảm 250.000đ
Áp dụng sản phẩm từ 5.000.000đ trở lên.
?
Giảm 500.000đ
Áp dụng sản phẩm từ 5.000.000đ trở lên.
?";https://www.thegioididong.com/may-tinh-bang/ipad-mini-7-wifi;Skipped
iPad mini 7 5G 256GB;Đen - Xám;Yes;20690000;18690000;2026-01-10;"Khuyến mãi trị giá 400.000₫

Giá và khuyến mãi dự kiến áp dụng đến 23:59 | 10/01
1

Phiếu mua hàng Apple Pencil trị giá 400,000đ

2

Tặng Phiếu mua hàng mua Balo; Túi Chống sốc; Ốp lưng; KBV Camera; Sạc dự phòng (trừ AVA+, Hydrus); nhóm Tai nghe bluetooth, Loa Bluetooth các hãng JBL, Marshall,Harman Kardon; đồng hồ thông minh (trừ Apple) trị giá 100.000đ

3

PMH Sim data 500GB 1 tháng trị giá 100.000đ

4

Thu cũ đổi mới: Giảm đến 2,000,000đ (Không kèm ưu đãi thanh toán qua cổng, mua kèm) Xem chi tiết";"Ưu đãi thanh toán Online (Click chọn để áp dụng)
Giảm 1.000.000đ
Áp dụng sản phẩm từ 10.000.000đ trở lên.
?
Giảm 250.000đ
Áp dụng sản phẩm từ 5.000.000đ trở lên.
?
Giảm 500.000đ
Áp dụng sản phẩm từ 5.000.000đ trở lên.
?";https://www.thegioididong.com/may-tinh-bang/ipad-mini-7-5g;Skipped
iPad A16 WiFi 256GB;Xanh Dương;Yes;12590000;11590000;2026-01-10;"Khuyến mãi trị giá 400.000₫

Giá và khuyến mãi dự kiến áp dụng đến 23:59 | 10/01
1

Phiếu mua hàng Apple Pencil trị giá 400,000đ

2

Tặng Phiếu mua hàng mua Balo; Túi Chống sốc; Ốp lưng; KBV Camera; Sạc dự phòng (trừ AVA+, Hydrus); nhóm Tai nghe bluetooth, Loa Bluetooth các hãng JBL, Marshall,Harman Kardon; đồng hồ thông minh (trừ Apple) trị giá 100.000đ

3

PMH Sim data 500GB 1 tháng trị giá 100.000đ

4

Thu cũ đổi mới: Giảm đến 2,000,000đ (Không kèm ưu đãi thanh toán qua cổng, mua kèm) Xem chi tiết";"Ưu đãi thanh toán Online (Click chọn để áp dụng)
Giảm 1.000.000đ
Áp dụng sản phẩm từ 10.000.000đ trở lên.
?
Giảm 250.000đ
Áp dụng sản phẩm từ 5.000.000đ trở lên.
?
Giảm 500.000đ
Áp dụng sản phẩm từ 5.000.000đ trở lên.
?";https://www.thegioididong.com/may-tinh-bang/ipad-11-wifi-128gb;Skipped
iPad Air M3 11 inch WiFi 256GB;Xanh Dương;Yes;19390000;16390000;2026-01-10;"Khuyến mãi trị giá 400.000₫

Giá và khuyến mãi dự kiến áp dụng đến 23:59 | 11/01
1

Phiếu mua hàng Apple Pencil trị giá 400,000đ

2

Tặng Phiếu mua hàng mua Balo; Túi Chống sốc; Ốp lưng; KBV Camera; Sạc dự phòng (trừ AVA+, Hydrus); nhóm Tai nghe bluetooth, Loa Bluetooth các hãng JBL, Marshall,Harman Kardon; đồng hồ thông minh (trừ Apple) trị giá 100.000đ

3

PMH Sim data 500GB 1 tháng trị giá 100.000đ

4

Thu cũ đổi mới: Giảm đến 2,000,000đ (Không kèm ưu đãi thanh toán qua cổng, mua kèm) Xem chi tiết";"Ưu đãi thanh toán Online (Click chọn để áp dụng)
Giảm 1.000.000đ
Áp dụng sản phẩm từ 10.000.000đ trở lên.
?
Giảm 250.000đ
Áp dụng sản phẩm từ 5.000.000đ trở lên.
?
Giảm 500.000đ
Áp dụng sản phẩm từ 5.000.000đ trở lên.
?";https://www.thegioididong.com/may-tinh-bang/ipad-air-m3-11-inch-wifi-128gb;Skipped
MacBook Air 15 inch M4 16GB/512GB;Xanh đen;Yes;36290000;32990000;2026-01-10;"Khuyến mãi trị giá 800.000₫

Giá và khuyến mãi dự kiến áp dụng đến 23:59 | 31/01
1

Phiếu mua hàng Chuột, Bàn phím (Apple) trị giá 500,000đ

2

Tặng Phiếu mua hàng Balo, Túi chống sốc (giá trị trên 1,000,000đ) trị giá 300,000đ

3

Tặng Phiếu mua hàng trị giá 300.000đ Áp dụng mua Máy in

4

Tặng Phiếu mua hàng Màn hình máy tính trị giá 300.000đ";"Ưu đãi thanh toán Online (Click chọn để áp dụng)
Giảm 1.000.000đ
Áp dụng sản phẩm từ 10.000.000đ trở lên.
?
Giảm 250.000đ
Áp dụng sản phẩm từ 5.000.000đ trở lên.
?
Giảm 500.000đ
Áp dụng sản phẩm từ 5.000.000đ trở lên.
?";https://www.thegioididong.com/laptop/macbook-air-15-inch-m4-16gb-256gb;Skipped
iPad mini 7 5G 256GB;Tím;No;20690000;18690000;2026-01-10;"Khuyến mãi trị giá 400.000₫

Giá và khuyến mãi dự kiến áp dụng đến 23:59 | 10/01
1

Phiếu mua hàng Apple Pencil trị giá 400,000đ

2

Tặng Phiếu mua hàng mua Balo; Túi Chống sốc; Ốp lưng; KBV Camera; Sạc dự phòng (trừ AVA+, Hydrus); nhóm Tai nghe bluetooth, Loa Bluetooth các hãng JBL, Marshall,Harman Kardon; đồng hồ thông minh (trừ Apple) trị giá 100.000đ

3

PMH Sim data 500GB 1 tháng trị giá 100.000đ

4

Thu cũ đổi mới: Giảm đến 2,000,000đ (Không kèm ưu đãi thanh toán qua cổng, mua kèm) Xem chi tiết";;https://www.thegioididong.com/may-tinh-bang/ipad-mini-7-5g;DEBUG_OOS_iPad mini 7 5G 256GB_Tím_093827.png
iPad Air M3 13 inch WiFi 128GB;Xanh Dương;Yes;22090000;19490000;2026-01-10;"Khuyến mãi trị giá 400.000₫

Giá và khuyến mãi dự kiến áp dụng đến 23:59 | 11/01
1

Phiếu mua hàng Apple Pencil trị giá 400,000đ

2

Tặng Phiếu mua hàng mua Balo; Túi Chống sốc; Ốp lưng; KBV Camera; Sạc dự phòng (trừ AVA+, Hydrus); nhóm Tai nghe bluetooth, Loa Bluetooth các hãng JBL, Marshall,Harman Kardon; đồng hồ thông minh (trừ Apple) trị giá 100.000đ

3

PMH Sim data 500GB 1 tháng trị giá 100.000đ

4

Thu cũ đổi mới: Giảm đến 2,000,000đ (Không kèm ưu đãi thanh toán qua cổng, mua kèm) Xem chi tiết";"Ưu đãi thanh toán Online (Click chọn để áp dụng)
Giảm 1.000.000đ
Áp dụng sản phẩm từ 10.000.000đ trở lên.
?
Giảm 250.000đ
Áp dụng sản phẩm từ 5.000.000đ trở lên.
?
Giảm 500.000đ
Áp dụng sản phẩm từ 5.000.000đ trở lên.
?";https://www.thegioididong.com/may-tinh-bang/ipad-air-m3-13-inch-wifi-128gb?utm_flashsale=1;Skipped
iPad mini 7 WiFi 256GB;Xanh Dương;Yes;16490000;14490000;2026-01-10;"Khuyến mãi trị giá 400.000₫

Giá và khuyến mãi dự kiến áp dụng đến 23:59 | 10/01
1

Phiếu mua hàng Apple Pencil trị giá 400,000đ

2

Tặng Phiếu mua hàng mua Balo; Túi Chống sốc; Ốp lưng; KBV Camera; Sạc dự phòng (trừ AVA+, Hydrus); nhóm Tai nghe bluetooth, Loa Bluetooth các hãng JBL, Marshall,Harman Kardon; đồng hồ thông minh (trừ Apple) trị giá 100.000đ

3

PMH Sim data 500GB 1 tháng trị giá 100.000đ

4

Thu cũ đổi mới: Giảm đến 2,000,000đ (Không kèm ưu đãi thanh toán qua cổng, mua kèm) Xem chi tiết";"Ưu đãi thanh toán Online (Click chọn để áp dụng)
Giảm 1.000.000đ
Áp dụng sản phẩm từ 10.000.000đ trở lên.
?
Giảm 250.000đ
Áp dụng sản phẩm từ 5.000.000đ trở lên.
?
Giảm 500.000đ
Áp dụng sản phẩm từ 5.000.000đ trở lên.
?";https://www.thegioididong.com/may-tinh-bang/ipad-mini-7-wifi;Skipped
iPad A16 WiFi 256GB;Bạc;Yes;12590000;11590000;2026-01-10;"Khuyến mãi trị giá 400.000₫

Giá và khuyến mãi dự kiến áp dụng đến 23:59 | 10/01
1

Phiếu mua hàng Apple Pencil trị giá 400,000đ

2

Tặng Phiếu mua hàng mua Balo; Túi Chống sốc; Ốp lưng; KBV Camera; Sạc dự phòng (trừ AVA+, Hydrus); nhóm Tai nghe bluetooth, Loa Bluetooth các hãng JBL, Marshall,Harman Kardon; đồng hồ thông minh (trừ Apple) trị giá 100.000đ

3

PMH Sim data 500GB 1 tháng trị giá 100.000đ

4

Thu cũ đổi mới: Giảm đến 2,000,000đ (Không kèm ưu đãi thanh toán qua cổng, mua kèm) Xem chi tiết";"Ưu đãi thanh toán Online (Click chọn để áp dụng)
Giảm 1.000.000đ
Áp dụng sản phẩm từ 10.000.000đ trở lên.
?
Giảm 250.000đ
Áp dụng sản phẩm từ 5.000.000đ trở lên.
?
Giảm 500.000đ
Áp dụng sản phẩm từ 5.000.000đ trở lên.
?";https://www.thegioididong.com/may-tinh-bang/ipad-11-wifi-128gb;Skipped
iPad mini 7 5G 256GB;Xanh Dương;No;20690000;18690000;2026-01-10;"Khuyến mãi trị giá 400.000₫

Giá và khuyến mãi dự kiến áp dụng đến 23:59 | 10/01
1

Phiếu mua hàng Apple Pencil trị giá 400,000đ

2

Tặng Phiếu mua hàng mua Balo; Túi Chống sốc; Ốp lưng; KBV Camera; Sạc dự phòng (trừ AVA+, Hydrus); nhóm Tai nghe bluetooth, Loa Bluetooth các hãng JBL, Marshall,Harman Kardon; đồng hồ thông minh (trừ Apple) trị giá 100.000đ

3

PMH Sim data 500GB 1 tháng trị giá 100.000đ

4

Thu cũ đổi mới: Giảm đến 2,000,000đ (Không kèm ưu đãi thanh toán qua cổng, mua kèm) Xem chi tiết";;https://www.thegioididong.com/may-tinh-bang/ipad-mini-7-5g;DEBUG_OOS_iPad mini 7 5G 256GB_Xanh Dương_093831.png
iPad Air M3 11 inch WiFi 256GB;Tím;Yes;19390000;16390000;2026-01-10;"Khuyến mãi trị giá 400.000₫

Giá và khuyến mãi dự kiến áp dụng đến 23:59 | 11/01
1

Phiếu mua hàng Apple Pencil trị giá 400,000đ

2

Tặng Phiếu mua hàng mua Balo; Túi Chống sốc; Ốp lưng; KBV Camera; Sạc dự phòng (trừ AVA+, Hydrus); nhóm Tai nghe bluetooth, Loa Bluetooth các hãng JBL, Marshall,Harman Kardon; đồng hồ thông minh (trừ Apple) trị giá 100.000đ

3

PMH Sim data 500GB 1 tháng trị giá 100.000đ

4

Thu cũ đổi mới: Giảm đến 2,000,000đ (Không kèm ưu đãi thanh toán qua cổng, mua kèm) Xem chi tiết";"Ưu đãi thanh toán Online (Click chọn để áp dụng)
Giảm 1.000.000đ
Áp dụng sản phẩm từ 10.000.000đ trở lên.
?
Giảm 250.000đ
Áp dụng sản phẩm từ 5.000.000đ trở lên.
?
Giảm 500.000đ
Áp dụng sản phẩm từ 5.000.000đ trở lên.
?";https://www.thegioididong.com/may-tinh-bang/ipad-air-m3-11-inch-wifi-128gb;Skipped
iPad Pro M4 13 inch 5G 256GB;Đen;No;42690000;39990000;2026-01-10;"Khuyến mãi trị giá 400.000₫

Giá và khuyến mãi dự kiến áp dụng đến 23:59 | 11/01
1

Phiếu mua hàng Apple Pencil trị giá 400,000đ

2

Tặng Phiếu mua hàng mua Balo; Túi Chống sốc; Ốp lưng; KBV Camera; Sạc dự phòng (trừ AVA+, Hydrus); nhóm Tai nghe bluetooth, Loa Bluetooth các hãng JBL, Marshall,Harman Kardon; đồng hồ thông minh (trừ Apple) trị giá 100.000đ

3

PMH Sim data 500GB 1 tháng trị giá 100.000đ

4

Thu cũ đổi mới: Giảm đến 2,000,000đ (Không kèm ưu đãi thanh toán qua cổng, mua kèm) Xem chi tiết";;https://www.thegioididong.com/may-tinh-bang/ipad-pro-m4-13-inch-wifi-cellular-256gb?utm_flashsale=1;DEBUG_OOS_iPad Pro M4 13 inch 5G 256GB_Đen_093834.png
iPad mini 7 5G 256GB;Trắng Starlight;No;20690000;18690000;2026-01-10;"Khuyến mãi trị giá 400.000₫

Giá và khuyến mãi dự kiến áp dụng đến 23:59 | 10/01
1

Phiếu mua hàng Apple Pencil trị giá 400,000đ

2

Tặng Phiếu mua hàng mua Balo; Túi Chống sốc; Ốp lưng; KBV Camera; Sạc dự phòng (trừ AVA+, Hydrus); nhóm Tai nghe bluetooth, Loa Bluetooth các hãng JBL, Marshall,Harman Kardon; đồng hồ thông minh (trừ Apple) trị giá 100.000đ

3

PMH Sim data 500GB 1 tháng trị giá 100.000đ

4

Thu cũ đổi mới: Giảm đến 2,000,000đ (Không kèm ưu đãi thanh toán qua cổng, mua kèm) Xem chi tiết";;https://www.thegioididong.com/may-tinh-bang/ipad-mini-7-5g;DEBUG_OOS_iPad mini 7 5G 256GB_Trắng Starlight_093834.png
iPad mini 7 WiFi 256GB;Tím;Yes;16490000;14490000;2026-01-10;"Khuyến mãi trị giá 400.000₫

Giá và khuyến mãi dự kiến áp dụng đến 23:59 | 10/01
1

Phiếu mua hàng Apple Pencil trị giá 400,000đ

2

Tặng Phiếu mua hàng mua Balo; Túi Chống sốc; Ốp lưng; KBV Camera; Sạc dự phòng (trừ AVA+, Hydrus); nhóm Tai nghe bluetooth, Loa Bluetooth các hãng JBL, Marshall,Harman Kardon; đồng hồ thông minh (trừ Apple) trị giá 100.000đ

3

PMH Sim data 500GB 1 tháng trị giá 100.000đ

4

Thu cũ đổi mới: Giảm đến 2,000,000đ (Không kèm ưu đãi thanh toán qua cổng, mua kèm) Xem chi tiết";"Ưu đãi thanh toán Online (Click chọn để áp dụng)
Giảm 1.000.000đ
Áp dụng sản phẩm từ 10.000.000đ trở lên.
?
Giảm 250.000đ
Áp dụng sản phẩm từ 5.000.000đ trở lên.
?
Giảm 500.000đ
Áp dụng sản phẩm từ 5.000.000đ trở lên.
?";https://www.thegioididong.com/may-tinh-bang/ipad-mini-7-wifi;Skipped
iPad Air M3 13 inch WiFi 128GB;Tím;Yes;22090000;19490000;2026-01-10;"Khuyến mãi trị giá 400.000₫

Giá và khuyến mãi dự kiến áp dụng đến 23:59 | 11/01
1

Phiếu mua hàng Apple Pencil trị giá 400,000đ

2

Tặng Phiếu mua hàng mua Balo; Túi Chống sốc; Ốp lưng; KBV Camera; Sạc dự phòng (trừ AVA+, Hydrus); nhóm Tai nghe bluetooth, Loa Bluetooth các hãng JBL, Marshall,Harman Kardon; đồng hồ thông minh (trừ Apple) trị giá 100.000đ

3

PMH Sim data 500GB 1 tháng trị giá 100.000đ

4

Thu cũ đổi mới: Giảm đến 2,000,000đ (Không kèm ưu đãi thanh toán qua cổng, mua kèm) Xem chi tiết";"Ưu đãi thanh toán Online (Click chọn để áp dụng)
Giảm 1.000.000đ
Áp dụng sản phẩm từ 10.000.000đ trở lên.
?
Giảm 250.000đ
Áp dụng sản phẩm từ 5.000.000đ trở lên.
?
Giảm 500.000đ
Áp dụng sản phẩm từ 5.000.000đ trở lên.
?";https://www.thegioididong.com/may-tinh-bang/ipad-air-m3-13-inch-wifi-128gb?utm_flashsale=1;Skipped
iPad A16 WiFi 256GB;Vàng;Yes;12590000;11590000;2026-01-10;"Khuyến mãi trị giá 400.000₫

Giá và khuyến mãi dự kiến áp dụng đến 23:59 | 10/01
1

Phiếu mua hàng Apple Pencil trị giá 400,000đ

2

Tặng Phiếu mua hàng mua Balo; Túi Chống sốc; Ốp lưng; KBV Camera; Sạc dự phòng (trừ AVA+, Hydrus); nhóm Tai nghe bluetooth, Loa Bluetooth các hãng JBL, Marshall,Harman Kardon; đồng hồ thông minh (trừ Apple) trị giá 100.000đ

3

PMH Sim data 500GB 1 tháng trị giá 100.000đ

4

Thu cũ đổi mới: Giảm đến 2,000,000đ (Không kèm ưu đãi thanh toán qua cổng, mua kèm) Xem chi tiết";"Ưu đãi thanh toán Online (Click chọn để áp dụng)
Giảm 1.000.000đ
Áp dụng sản phẩm từ 10.000.000đ trở lên.
?
Giảm 250.000đ
Áp dụng sản phẩm từ 5.000.000đ trở lên.
?
Giảm 500.000đ
Áp dụng sản phẩm từ 5.000.000đ trở lên.
?";https://www.thegioididong.com/may-tinh-bang/ipad-11-wifi-128gb;Skipped
iPad Pro M4 13 inch 5G 256GB;Bạc;No;42690000;39990000;2026-01-10;"Khuyến mãi trị giá 400.000₫

Giá và khuyến mãi dự kiến áp dụng đến 23:59 | 11/01
1

Phiếu mua hàng Apple Pencil trị giá 400,000đ

2

Tặng Phiếu mua hàng mua Balo; Túi Chống sốc; Ốp lưng; KBV Camera; Sạc dự phòng (trừ AVA+, Hydrus); nhóm Tai nghe bluetooth, Loa Bluetooth các hãng JBL, Marshall,Harman Kardon; đồng hồ thông minh (trừ Apple) trị giá 100.000đ

3

PMH Sim data 500GB 1 tháng trị giá 100.000đ

4

Thu cũ đổi mới: Giảm đến 2,000,000đ (Không kèm ưu đãi thanh toán qua cổng, mua kèm) Xem chi tiết";;https://www.thegioididong.com/may-tinh-bang/ipad-pro-m4-13-inch-wifi-cellular-256gb?utm_flashsale=1;DEBUG_OOS_iPad Pro M4 13 inch 5G 256GB_Bạc_093837.png
iPad Pro M5 11 inch WiFi 256GB;12GB - 256GB;Yes;3790000;29990000;2026-01-10;"Khuyến mãi trị giá 400.000₫

Giá và khuyến mãi dự kiến áp dụng đến 23:59 | 31/01
1

Phiếu mua hàng Apple Pencil trị giá 400,000đ

2

PMH Sim data 500GB 1 tháng trị giá 100.000đ

3

Thu cũ đổi mới: Giảm đến 2,000,000đ (Không kèm ưu đãi thanh toán qua cổng, mua kèm) Xem chi tiết";"Ưu đãi thanh toán Online (Click chọn để áp dụng)
Giảm 1.000.000đ
Áp dụng sản phẩm từ 10.000.000đ trở lên.
?
Giảm 250.000đ
Áp dụng sản phẩm từ 5.000.000đ trở lên.
?
Giảm 500.000đ
Áp dụng sản phẩm từ 5.000.000đ trở lên.
?";https://www.thegioididong.com/may-tinh-bang/ipad-pro-m5-11-inch-wifi-256gb;Skipped
iPad mini 7 5G 256GB;Đen - Xám;Yes;20690000;18690000;2026-01-10;"Khuyến mãi trị giá 400.000₫

Giá và khuyến mãi dự kiến áp dụng đến 23:59 | 10/01
1

Phiếu mua hàng Apple Pencil trị giá 400,000đ

2

Tặng Phiếu mua hàng mua Balo; Túi Chống sốc; Ốp lưng; KBV Camera; Sạc dự phòng (trừ AVA+, Hydrus); nhóm Tai nghe bluetooth, Loa Bluetooth các hãng JBL, Marshall,Harman Kardon; đồng hồ thông minh (trừ Apple) trị giá 100.000đ

3

PMH Sim data 500GB 1 tháng trị giá 100.000đ

4

Thu cũ đổi mới: Giảm đến 2,000,000đ (Không kèm ưu đãi thanh toán qua cổng, mua kèm) Xem chi tiết";"Ưu đãi thanh toán Online (Click chọn để áp dụng)
Giảm 1.000.000đ
Áp dụng sản phẩm từ 10.000.000đ trở lên.
?
Giảm 250.000đ
Áp dụng sản phẩm từ 5.000.000đ trở lên.
?
Giảm 500.000đ
Áp dụng sản phẩm từ 5.000.000đ trở lên.
?";https://www.thegioididong.com/may-tinh-bang/ipad-mini-7-5g;Skipped
iPad mini 7 WiFi 512GB;Tím;Yes;22090000;19990000;2026-01-10;"Khuyến mãi trị giá 400.000₫

Giá và khuyến mãi dự kiến áp dụng đến 23:59 | 10/01
1

Phiếu mua hàng Apple Pencil trị giá 400,000đ

2

Tặng Phiếu mua hàng mua Balo; Túi Chống sốc; Ốp lưng; KBV Camera; Sạc dự phòng (trừ AVA+, Hydrus); nhóm Tai nghe bluetooth, Loa Bluetooth các hãng JBL, Marshall,Harman Kardon; đồng hồ thông minh (trừ Apple) trị giá 100.000đ

3

PMH Sim data 500GB 1 tháng trị giá 100.000đ

4

Thu cũ đổi mới: Giảm đến 2,000,000đ (Không kèm ưu đãi thanh toán qua cổng, mua kèm) Xem chi tiết";"Ưu đãi thanh toán Online (Click chọn để áp dụng)
Giảm 1.000.000đ
Áp dụng sản phẩm từ 10.000.000đ trở lên.
?
Giảm 250.000đ
Áp dụng sản phẩm từ 5.000.000đ trở lên.
?
Giảm 500.000đ
Áp dụng sản phẩm từ 5.000.000đ trở lên.
?";https://www.thegioididong.com/may-tinh-bang/ipad-mini-7-wifi;Skipped
iPad Air M3 13 inch WiFi 128GB;Đen - Xám;Yes;22090000;19490000;2026-01-10;"Khuyến mãi trị giá 400.000₫

Giá và khuyến mãi dự kiến áp dụng đến 23:59 | 11/01
1

Phiếu mua hàng Apple Pencil trị giá 400,000đ

2

Tặng Phiếu mua hàng mua Balo; Túi Chống sốc; Ốp lưng; KBV Camera; Sạc dự phòng (trừ AVA+, Hydrus); nhóm Tai nghe bluetooth, Loa Bluetooth các hãng JBL, Marshall,Harman Kardon; đồng hồ thông minh (trừ Apple) trị giá 100.000đ

3

PMH Sim data 500GB 1 tháng trị giá 100.000đ

4

Thu cũ đổi mới: Giảm đến 2,000,000đ (Không kèm ưu đãi thanh toán qua cổng, mua kèm) Xem chi tiết";"Ưu đãi thanh toán Online (Click chọn để áp dụng)
Giảm 1.000.000đ
Áp dụng sản phẩm từ 10.000.000đ trở lên.
?
Giảm 250.000đ
Áp dụng sản phẩm từ 5.000.000đ trở lên.
?
Giảm 500.000đ
Áp dụng sản phẩm từ 5.000.000đ trở lên.
?";https://www.thegioididong.com/may-tinh-bang/ipad-air-m3-13-inch-wifi-128gb?utm_flashsale=1;Skipped
iPad A16 WiFi 256GB;Hồng;Yes;12590000;11590000;2026-01-10;"Khuyến mãi trị giá 400.000₫

Giá và khuyến mãi dự kiến áp dụng đến 23:59 | 10/01
1

Phiếu mua hàng Apple Pencil trị giá 400,000đ

2

Tặng Phiếu mua hàng mua Balo; Túi Chống sốc; Ốp lưng; KBV Camera; Sạc dự phòng (trừ AVA+, Hydrus); nhóm Tai nghe bluetooth, Loa Bluetooth các hãng JBL, Marshall,Harman Kardon; đồng hồ thông minh (trừ Apple) trị giá 100.000đ

3

PMH Sim data 500GB 1 tháng trị giá 100.000đ

4

Thu cũ đổi mới: Giảm đến 2,000,000đ (Không kèm ưu đãi thanh toán qua cổng, mua kèm) Xem chi tiết";"Ưu đãi thanh toán Online (Click chọn để áp dụng)
Giảm 1.000.000đ
Áp dụng sản phẩm từ 10.000.000đ trở lên.
?
Giảm 250.000đ
Áp dụng sản phẩm từ 5.000.000đ trở lên.
?
Giảm 500.000đ
Áp dụng sản phẩm từ 5.000.000đ trở lên.
?";https://www.thegioididong.com/may-tinh-bang/ipad-11-wifi-128gb;Skipped
iPad Pro M4 13 inch 5G 256GB;Đen;No;42690000;39990000;2026-01-10;"Khuyến mãi trị giá 400.000₫

Giá và khuyến mãi dự kiến áp dụng đến 23:59 | 11/01
1

Phiếu mua hàng Apple Pencil trị giá 400,000đ

2

Tặng Phiếu mua hàng mua Balo; Túi Chống sốc; Ốp lưng; KBV Camera; Sạc dự phòng (trừ AVA+, Hydrus); nhóm Tai nghe bluetooth, Loa Bluetooth các hãng JBL, Marshall,Harman Kardon; đồng hồ thông minh (trừ Apple) trị giá 100.000đ

3

PMH Sim data 500GB 1 tháng trị giá 100.000đ

4

Thu cũ đổi mới: Giảm đến 2,000,000đ (Không kèm ưu đãi thanh toán qua cổng, mua kèm) Xem chi tiết";;https://www.thegioididong.com/may-tinh-bang/ipad-pro-m4-13-inch-wifi-cellular-256gb?utm_flashsale=1;DEBUG_OOS_iPad Pro M4 13 inch 5G 256GB_Đen_093843.png
iPad mini 7 5G 256GB;Tím;No;20690000;18690000;2026-01-10;"Khuyến mãi trị giá 400.000₫

Giá và khuyến mãi dự kiến áp dụng đến 23:59 | 10/01
1

Phiếu mua hàng Apple Pencil trị giá 400,000đ

2

Tặng Phiếu mua hàng mua Balo; Túi Chống sốc; Ốp lưng; KBV Camera; Sạc dự phòng (trừ AVA+, Hydrus); nhóm Tai nghe bluetooth, Loa Bluetooth các hãng JBL, Marshall,Harman Kardon; đồng hồ thông minh (trừ Apple) trị giá 100.000đ

3

PMH Sim data 500GB 1 tháng trị giá 100.000đ

4

Thu cũ đổi mới: Giảm đến 2,000,000đ (Không kèm ưu đãi thanh toán qua cổng, mua kèm) Xem chi tiết";;https://www.thegioididong.com/may-tinh-bang/ipad-mini-7-5g;DEBUG_OOS_iPad mini 7 5G 256GB_Tím_093846.png
iPad Pro M4 13 inch 5G 256GB;Bạc;No;42690000;39990000;2026-01-10;"Khuyến mãi trị giá 400.000₫

Giá và khuyến mãi dự kiến áp dụng đến 23:59 | 11/01
1

Phiếu mua hàng Apple Pencil trị giá 400,000đ

2

Tặng Phiếu mua hàng mua Balo; Túi Chống sốc; Ốp lưng; KBV Camera; Sạc dự phòng (trừ AVA+, Hydrus); nhóm Tai nghe bluetooth, Loa Bluetooth các hãng JBL, Marshall,Harman Kardon; đồng hồ thông minh (trừ Apple) trị giá 100.000đ

3

PMH Sim data 500GB 1 tháng trị giá 100.000đ

4

Thu cũ đổi mới: Giảm đến 2,000,000đ (Không kèm ưu đãi thanh toán qua cổng, mua kèm) Xem chi tiết";;https://www.thegioididong.com/may-tinh-bang/ipad-pro-m4-13-inch-wifi-cellular-256gb?utm_flashsale=1;DEBUG_OOS_iPad Pro M4 13 inch 5G 256GB_Bạc_093846.png
iPad Pro M5 11 inch WiFi 512GB;12GB - 512GB;Yes;3790000;35590000;2026-01-10;"Khuyến mãi trị giá 400.000₫

Giá và khuyến mãi dự kiến áp dụng đến 23:59 | 31/01
1

Phiếu mua hàng Apple Pencil trị giá 400,000đ

2

PMH Sim data 500GB 1 tháng trị giá 100.000đ

3

Thu cũ đổi mới: Giảm đến 2,000,000đ (Không kèm ưu đãi thanh toán qua cổng, mua kèm) Xem chi tiết";"Ưu đãi thanh toán Online (Click chọn để áp dụng)
Giảm 1.000.000đ
Áp dụng sản phẩm từ 10.000.000đ trở lên.
?
Giảm 250.000đ
Áp dụng sản phẩm từ 5.000.000đ trở lên.
?
Giảm 500.000đ
Áp dụng sản phẩm từ 5.000.000đ trở lên.
?";https://www.thegioididong.com/may-tinh-bang/ipad-pro-m5-11-inch-wifi-256gb;Skipped
iPad Air M3 13 inch WiFi 128GB;Trắng Starlight;Yes;22090000;19490000;2026-01-10;"Khuyến mãi trị giá 400.000₫

Giá và khuyến mãi dự kiến áp dụng đến 23:59 | 11/01
1

Phiếu mua hàng Apple Pencil trị giá 400,000đ

2

Tặng Phiếu mua hàng mua Balo; Túi Chống sốc; Ốp lưng; KBV Camera; Sạc dự phòng (trừ AVA+, Hydrus); nhóm Tai nghe bluetooth, Loa Bluetooth các hãng JBL, Marshall,Harman Kardon; đồng hồ thông minh (trừ Apple) trị giá 100.000đ

3

PMH Sim data 500GB 1 tháng trị giá 100.000đ

4

Thu cũ đổi mới: Giảm đến 2,000,000đ (Không kèm ưu đãi thanh toán qua cổng, mua kèm) Xem chi tiết";"Ưu đãi thanh toán Online (Click chọn để áp dụng)
Giảm 1.000.000đ
Áp dụng sản phẩm từ 10.000.000đ trở lên.
?
Giảm 250.000đ
Áp dụng sản phẩm từ 5.000.000đ trở lên.
?
Giảm 500.000đ
Áp dụng sản phẩm từ 5.000.000đ trở lên.
?";https://www.thegioididong.com/may-tinh-bang/ipad-air-m3-13-inch-wifi-128gb?utm_flashsale=1;Skipped
iPad mini 7 WiFi 512GB;Trắng Starlight;Yes;22090000;19990000;2026-01-10;"Khuyến mãi trị giá 400.000₫

Giá và khuyến mãi dự kiến áp dụng đến 23:59 | 10/01
1

Phiếu mua hàng Apple Pencil trị giá 400,000đ

2

Tặng Phiếu mua hàng mua Balo; Túi Chống sốc; Ốp lưng; KBV Camera; Sạc dự phòng (trừ AVA+, Hydrus); nhóm Tai nghe bluetooth, Loa Bluetooth các hãng JBL, Marshall,Harman Kardon; đồng hồ thông minh (trừ Apple) trị giá 100.000đ

3

PMH Sim data 500GB 1 tháng trị giá 100.000đ

4

Thu cũ đổi mới: Giảm đến 2,000,000đ (Không kèm ưu đãi thanh toán qua cổng, mua kèm) Xem chi tiết";"Ưu đãi thanh toán Online (Click chọn để áp dụng)
Giảm 1.000.000đ
Áp dụng sản phẩm từ 10.000.000đ trở lên.
?
Giảm 250.000đ
Áp dụng sản phẩm từ 5.000.000đ trở lên.
?
Giảm 500.000đ
Áp dụng sản phẩm từ 5.000.000đ trở lên.
?";https://www.thegioididong.com/may-tinh-bang/ipad-mini-7-wifi;Skipped
iPad mini 7 5G 256GB;Xanh Dương;No;20690000;18690000;2026-01-10;"Khuyến mãi trị giá 400.000₫

Giá và khuyến mãi dự kiến áp dụng đến 23:59 | 10/01
1

Phiếu mua hàng Apple Pencil trị giá 400,000đ

2

Tặng Phiếu mua hàng mua Balo; Túi Chống sốc; Ốp lưng; KBV Camera; Sạc dự phòng (trừ AVA+, Hydrus); nhóm Tai nghe bluetooth, Loa Bluetooth các hãng JBL, Marshall,Harman Kardon; đồng hồ thông minh (trừ Apple) trị giá 100.000đ

3

PMH Sim data 500GB 1 tháng trị giá 100.000đ

4

Thu cũ đổi mới: Giảm đến 2,000,000đ (Không kèm ưu đãi thanh toán qua cổng, mua kèm) Xem chi tiết";;https://www.thegioididong.com/may-tinh-bang/ipad-mini-7-5g;DEBUG_OOS_iPad mini 7 5G 256GB_Xanh Dương_093849.png
iPad Pro M5 11 inch 5G 256GB;Đen;No;3790000;35590000;2026-01-10;"Khuyến mãi trị giá 400.000₫

Giá và khuyến mãi dự kiến áp dụng đến 23:59 | 31/01
1

Phiếu mua hàng Apple Pencil trị giá 400,000đ

2

PMH Sim data 500GB 1 tháng trị giá 100.000đ

3

Thu cũ đổi mới: Giảm đến 2,000,000đ (Không kèm ưu đãi thanh toán qua cổng, mua kèm) Xem chi tiết";;https://www.thegioididong.com/may-tinh-bang/ipad-pro-m5-11-inch-wifi-cellular-256gb;DEBUG_OOS_iPad Pro M5 11 inch 5G 256GB_Đen_093851.png
iPad Pro M5 11 inch WiFi 512GB;Đen;Yes;3790000;35590000;2026-01-10;"Khuyến mãi trị giá 400.000₫

Giá và khuyến mãi dự kiến áp dụng đến 23:59 | 31/01
1

Phiếu mua hàng Apple Pencil trị giá 400,000đ

2

PMH Sim data 500GB 1 tháng trị giá 100.000đ

3

Thu cũ đổi mới: Giảm đến 2,000,000đ (Không kèm ưu đãi thanh toán qua cổng, mua kèm) Xem chi tiết";"Ưu đãi thanh toán Online (Click chọn để áp dụng)
Giảm 1.000.000đ
Áp dụng sản phẩm từ 10.000.000đ trở lên.
?
Giảm 250.000đ
Áp dụng sản phẩm từ 5.000.000đ trở lên.
?
Giảm 500.000đ
Áp dụng sản phẩm từ 5.000.000đ trở lên.
?";https://www.thegioididong.com/may-tinh-bang/ipad-pro-m5-11-inch-wifi-256gb;Skipped
iPad mini 7 5G 256GB;Trắng Starlight;No;20690000;18690000;2026-01-10;"Khuyến mãi trị giá 400.000₫

Giá và khuyến mãi dự kiến áp dụng đến 23:59 | 10/01
1

Phiếu mua hàng Apple Pencil trị giá 400,000đ

2

Tặng Phiếu mua hàng mua Balo; Túi Chống sốc; Ốp lưng; KBV Camera; Sạc dự phòng (trừ AVA+, Hydrus); nhóm Tai nghe bluetooth, Loa Bluetooth các hãng JBL, Marshall,Harman Kardon; đồng hồ thông minh (trừ Apple) trị giá 100.000đ

3

PMH Sim data 500GB 1 tháng trị giá 100.000đ

4

Thu cũ đổi mới: Giảm đến 2,000,000đ (Không kèm ưu đãi thanh toán qua cổng, mua kèm) Xem chi tiết";;https://www.thegioididong.com/may-tinh-bang/ipad-mini-7-5g;DEBUG_OOS_iPad mini 7 5G 256GB_Trắng Starlight_093852.png
iPad Pro M5 11 inch 5G 256GB;Bạc;No;3790000;35590000;2026-01-10;"Khuyến mãi trị giá 400.000₫

Giá và khuyến mãi dự kiến áp dụng đến 23:59 | 31/01
1

Phiếu mua hàng Apple Pencil trị giá 400,000đ

2

PMH Sim data 500GB 1 tháng trị giá 100.000đ

3

Thu cũ đổi mới: Giảm đến 2,000,000đ (Không kèm ưu đãi thanh toán qua cổng, mua kèm) Xem chi tiết";;https://www.thegioididong.com/may-tinh-bang/ipad-pro-m5-11-inch-wifi-cellular-256gb;DEBUG_OOS_iPad Pro M5 11 inch 5G 256GB_Bạc_093855.png
iPad Air M3 13 inch WiFi 128GB;Xanh Dương;Yes;22090000;19490000;2026-01-10;"Khuyến mãi trị giá 400.000₫

Giá và khuyến mãi dự kiến áp dụng đến 23:59 | 11/01
1

Phiếu mua hàng Apple Pencil trị giá 400,000đ

2

Tặng Phiếu mua hàng mua Balo; Túi Chống sốc; Ốp lưng; KBV Camera; Sạc dự phòng (trừ AVA+, Hydrus); nhóm Tai nghe bluetooth, Loa Bluetooth các hãng JBL, Marshall,Harman Kardon; đồng hồ thông minh (trừ Apple) trị giá 100.000đ

3

PMH Sim data 500GB 1 tháng trị giá 100.000đ

4

Thu cũ đổi mới: Giảm đến 2,000,000đ (Không kèm ưu đãi thanh toán qua cổng, mua kèm) Xem chi tiết";"Ưu đãi thanh toán Online (Click chọn để áp dụng)
Giảm 1.000.000đ
Áp dụng sản phẩm từ 10.000.000đ trở lên.
?
Giảm 250.000đ
Áp dụng sản phẩm từ 5.000.000đ trở lên.
?
Giảm 500.000đ
Áp dụng sản phẩm từ 5.000.000đ trở lên.
?";https://www.thegioididong.com/may-tinh-bang/ipad-air-m3-13-inch-wifi-128gb?utm_flashsale=1;Skipped
iPad mini 7 WiFi 512GB;Đen - Xám;Yes;22090000;19990000;2026-01-10;"Khuyến mãi trị giá 400.000₫

Giá và khuyến mãi dự kiến áp dụng đến 23:59 | 10/01
1

Phiếu mua hàng Apple Pencil trị giá 400,000đ

2

Tặng Phiếu mua hàng mua Balo; Túi Chống sốc; Ốp lưng; KBV Camera; Sạc dự phòng (trừ AVA+, Hydrus); nhóm Tai nghe bluetooth, Loa Bluetooth các hãng JBL, Marshall,Harman Kardon; đồng hồ thông minh (trừ Apple) trị giá 100.000đ

3

PMH Sim data 500GB 1 tháng trị giá 100.000đ

4

Thu cũ đổi mới: Giảm đến 2,000,000đ (Không kèm ưu đãi thanh toán qua cổng, mua kèm) Xem chi tiết";"Ưu đãi thanh toán Online (Click chọn để áp dụng)
Giảm 1.000.000đ
Áp dụng sản phẩm từ 10.000.000đ trở lên.
?
Giảm 250.000đ
Áp dụng sản phẩm từ 5.000.000đ trở lên.
?
Giảm 500.000đ
Áp dụng sản phẩm từ 5.000.000đ trở lên.
?";https://www.thegioididong.com/may-tinh-bang/ipad-mini-7-wifi;Skipped
iPad Pro M5 13 inch WiFi 256GB;12GB - 256GB;Yes;3790000;39990000;2026-01-10;"Khuyến mãi trị giá 400.000₫

Giá và khuyến mãi dự kiến áp dụng đến 23:59 | 31/01
1

Phiếu mua hàng Apple Pencil trị giá 400,000đ

2

PMH Sim data 500GB 1 tháng trị giá 100.000đ

3

Thu cũ đổi mới: Giảm đến 2,000,000đ (Không kèm ưu đãi thanh toán qua cổng, mua kèm) Xem chi tiết";"Ưu đãi thanh toán Online (Click chọn để áp dụng)
Giảm 1.000.000đ
Áp dụng sản phẩm từ 10.000.000đ trở lên.
?
Giảm 250.000đ
Áp dụng sản phẩm từ 5.000.000đ trở lên.
?
Giảm 500.000đ
Áp dụng sản phẩm từ 5.000.000đ trở lên.
?";https://www.thegioididong.com/may-tinh-bang/ipad-pro-m5-13-inch-wifi-256gb;Skipped
iPad Pro M5 11 inch WiFi 512GB;Bạc;Yes;3790000;35590000;2026-01-10;"Khuyến mãi trị giá 400.000₫

Giá và khuyến mãi dự kiến áp dụng đến 23:59 | 31/01
1

Phiếu mua hàng Apple Pencil trị giá 400,000đ

2

PMH Sim data 500GB 1 tháng trị giá 100.000đ

3

Thu cũ đổi mới: Giảm đến 2,000,000đ (Không kèm ưu đãi thanh toán qua cổng, mua kèm) Xem chi tiết";"Ưu đãi thanh toán Online (Click chọn để áp dụng)
Giảm 1.000.000đ
Áp dụng sản phẩm từ 10.000.000đ trở lên.
?
Giảm 250.000đ
Áp dụng sản phẩm từ 5.000.000đ trở lên.
?
Giảm 500.000đ
Áp dụng sản phẩm từ 5.000.000đ trở lên.
?";https://www.thegioididong.com/may-tinh-bang/ipad-pro-m5-11-inch-wifi-256gb;Skipped
iPad mini 7 5G 256GB;Đen - Xám;Yes;20690000;18690000;2026-01-10;"Khuyến mãi trị giá 400.000₫

Giá và khuyến mãi dự kiến áp dụng đến 23:59 | 10/01
1

Phiếu mua hàng Apple Pencil trị giá 400,000đ

2

Tặng Phiếu mua hàng mua Balo; Túi Chống sốc; Ốp lưng; KBV Camera; Sạc dự phòng (trừ AVA+, Hydrus); nhóm Tai nghe bluetooth, Loa Bluetooth các hãng JBL, Marshall,Harman Kardon; đồng hồ thông minh (trừ Apple) trị giá 100.000đ

3

PMH Sim data 500GB 1 tháng trị giá 100.000đ

4

Thu cũ đổi mới: Giảm đến 2,000,000đ (Không kèm ưu đãi thanh toán qua cổng, mua kèm) Xem chi tiết";"Ưu đãi thanh toán Online (Click chọn để áp dụng)
Giảm 1.000.000đ
Áp dụng sản phẩm từ 10.000.000đ trở lên.
?
Giảm 250.000đ
Áp dụng sản phẩm từ 5.000.000đ trở lên.
?
Giảm 500.000đ
Áp dụng sản phẩm từ 5.000.000đ trở lên.
?";https://www.thegioididong.com/may-tinh-bang/ipad-mini-7-5g;Skipped
iPad Pro M5 11 inch 5G 256GB;Đen;No;3790000;35590000;2026-01-10;"Khuyến mãi trị giá 400.000₫

Giá và khuyến mãi dự kiến áp dụng đến 23:59 | 31/01
1

Phiếu mua hàng Apple Pencil trị giá 400,000đ

2

PMH Sim data 500GB 1 tháng trị giá 100.000đ

3

Thu cũ đổi mới: Giảm đến 2,000,000đ (Không kèm ưu đãi thanh toán qua cổng, mua kèm) Xem chi tiết";;https://www.thegioididong.com/may-tinh-bang/ipad-pro-m5-11-inch-wifi-cellular-256gb;DEBUG_OOS_iPad Pro M5 11 inch 5G 256GB_Đen_093900.png
iPad mini 7 WiFi 512GB;Xanh Dương;Yes;22090000;19990000;2026-01-10;"Khuyến mãi trị giá 400.000₫

Giá và khuyến mãi dự kiến áp dụng đến 23:59 | 10/01
1

Phiếu mua hàng Apple Pencil trị giá 400,000đ

2

Tặng Phiếu mua hàng mua Balo; Túi Chống sốc; Ốp lưng; KBV Camera; Sạc dự phòng (trừ AVA+, Hydrus); nhóm Tai nghe bluetooth, Loa Bluetooth các hãng JBL, Marshall,Harman Kardon; đồng hồ thông minh (trừ Apple) trị giá 100.000đ

3

PMH Sim data 500GB 1 tháng trị giá 100.000đ

4

Thu cũ đổi mới: Giảm đến 2,000,000đ (Không kèm ưu đãi thanh toán qua cổng, mua kèm) Xem chi tiết";"Ưu đãi thanh toán Online (Click chọn để áp dụng)
Giảm 1.000.000đ
Áp dụng sản phẩm từ 10.000.000đ trở lên.
?
Giảm 250.000đ
Áp dụng sản phẩm từ 5.000.000đ trở lên.
?
Giảm 500.000đ
Áp dụng sản phẩm từ 5.000.000đ trở lên.
?";https://www.thegioididong.com/may-tinh-bang/ipad-mini-7-wifi;Skipped
iPad Pro M5 13 inch WiFi 512GB;12GB - 512GB;Yes;3790000;45590000;2026-01-10;"Khuyến mãi trị giá 400.000₫

Giá và khuyến mãi dự kiến áp dụng đến 23:59 | 31/01
1

Phiếu mua hàng Apple Pencil trị giá 400,000đ

2

PMH Sim data 500GB 1 tháng trị giá 100.000đ

3

Thu cũ đổi mới: Giảm đến 2,000,000đ (Không kèm ưu đãi thanh toán qua cổng, mua kèm) Xem chi tiết";"Ưu đãi thanh toán Online (Click chọn để áp dụng)
Giảm 1.000.000đ
Áp dụng sản phẩm từ 10.000.000đ trở lên.
?
Giảm 250.000đ
Áp dụng sản phẩm từ 5.000.000đ trở lên.
?
Giảm 500.000đ
Áp dụng sản phẩm từ 5.000.000đ trở lên.
?";https://www.thegioididong.com/may-tinh-bang/ipad-pro-m5-13-inch-wifi-256gb;Skipped
iPad Air M3 13 inch WiFi 128GB;Tím;Yes;22090000;19490000;2026-01-10;"Khuyến mãi trị giá 400.000₫

Giá và khuyến mãi dự kiến áp dụng đến 23:59 | 11/01
1

Phiếu mua hàng Apple Pencil trị giá 400,000đ

2

Tặng Phiếu mua hàng mua Balo; Túi Chống sốc; Ốp lưng; KBV Camera; Sạc dự phòng (trừ AVA+, Hydrus); nhóm Tai nghe bluetooth, Loa Bluetooth các hãng JBL, Marshall,Harman Kardon; đồng hồ thông minh (trừ Apple) trị giá 100.000đ

3

PMH Sim data 500GB 1 tháng trị giá 100.000đ

4

Thu cũ đổi mới: Giảm đến 2,000,000đ (Không kèm ưu đãi thanh toán qua cổng, mua kèm) Xem chi tiết";"Ưu đãi thanh toán Online (Click chọn để áp dụng)
Giảm 1.000.000đ
Áp dụng sản phẩm từ 10.000.000đ trở lên.
?
Giảm 250.000đ
Áp dụng sản phẩm từ 5.000.000đ trở lên.
?
Giảm 500.000đ
Áp dụng sản phẩm từ 5.000.000đ trở lên.
?";https://www.thegioididong.com/may-tinh-bang/ipad-air-m3-13-inch-wifi-128gb?utm_flashsale=1;Skipped
iPad Pro M5 11 inch 5G 256GB;Bạc;No;3790000;35590000;2026-01-10;"Khuyến mãi trị giá 400.000₫

Giá và khuyến mãi dự kiến áp dụng đến 23:59 | 31/01
1

Phiếu mua hàng Apple Pencil trị giá 400,000đ

2

PMH Sim data 500GB 1 tháng trị giá 100.000đ

3

Thu cũ đổi mới: Giảm đến 2,000,000đ (Không kèm ưu đãi thanh toán qua cổng, mua kèm) Xem chi tiết";;https://www.thegioididong.com/may-tinh-bang/ipad-pro-m5-11-inch-wifi-cellular-256gb;DEBUG_OOS_iPad Pro M5 11 inch 5G 256GB_Bạc_093903.png
iPad mini 7 5G 256GB;Tím;No;20690000;18690000;2026-01-10;"Khuyến mãi trị giá 400.000₫

Giá và khuyến mãi dự kiến áp dụng đến 23:59 | 10/01
1

Phiếu mua hàng Apple Pencil trị giá 400,000đ

2

Tặng Phiếu mua hàng mua Balo; Túi Chống sốc; Ốp lưng; KBV Camera; Sạc dự phòng (trừ AVA+, Hydrus); nhóm Tai nghe bluetooth, Loa Bluetooth các hãng JBL, Marshall,Harman Kardon; đồng hồ thông minh (trừ Apple) trị giá 100.000đ

3

PMH Sim data 500GB 1 tháng trị giá 100.000đ

4

Thu cũ đổi mới: Giảm đến 2,000,000đ (Không kèm ưu đãi thanh toán qua cổng, mua kèm) Xem chi tiết";;https://www.thegioididong.com/may-tinh-bang/ipad-mini-7-5g;DEBUG_OOS_iPad mini 7 5G 256GB_Tím_093904.png
AirPods 4 MXP63;Default/Unknown;Yes;3790000;3090000;2026-01-10;;;https://www.thegioididong.com/tai-nghe/airpods-4-mxp63;Skipped
iPad Pro M5 13 inch WiFi 512GB;Đen;Yes;3790000;45590000;2026-01-10;"Khuyến mãi trị giá 400.000₫

Giá và khuyến mãi dự kiến áp dụng đến 23:59 | 31/01
1

Phiếu mua hàng Apple Pencil trị giá 400,000đ

2

PMH Sim data 500GB 1 tháng trị giá 100.000đ

3

Thu cũ đổi mới: Giảm đến 2,000,000đ (Không kèm ưu đãi thanh toán qua cổng, mua kèm) Xem chi tiết";"Ưu đãi thanh toán Online (Click chọn để áp dụng)
Giảm 1.000.000đ
Áp dụng sản phẩm từ 10.000.000đ trở lên.
?
Giảm 250.000đ
Áp dụng sản phẩm từ 5.000.000đ trở lên.
?
Giảm 500.000đ
Áp dụng sản phẩm từ 5.000.000đ trở lên.
?";https://www.thegioididong.com/may-tinh-bang/ipad-pro-m5-13-inch-wifi-256gb;Skipped
iPad Pro M5 11 inch WiFi 256GB;12GB - 256GB;Yes;3790000;29990000;2026-01-10;"Khuyến mãi trị giá 400.000₫

Giá và khuyến mãi dự kiến áp dụng đến 23:59 | 31/01
1

Phiếu mua hàng Apple Pencil trị giá 400,000đ

2

PMH Sim data 500GB 1 tháng trị giá 100.000đ

3

Thu cũ đổi mới: Giảm đến 2,000,000đ (Không kèm ưu đãi thanh toán qua cổng, mua kèm) Xem chi tiết";"Ưu đãi thanh toán Online (Click chọn để áp dụng)
Giảm 1.000.000đ
Áp dụng sản phẩm từ 10.000.000đ trở lên.
?
Giảm 250.000đ
Áp dụng sản phẩm từ 5.000.000đ trở lên.
?
Giảm 500.000đ
Áp dụng sản phẩm từ 5.000.000đ trở lên.
?";https://www.thegioididong.com/may-tinh-bang/ipad-pro-m5-11-inch-wifi-256gb;Skipped
iPad mini 7 5G 256GB;Xanh Dương;No;20690000;18690000;2026-01-10;"Khuyến mãi trị giá 400.000₫

Giá và khuyến mãi dự kiến áp dụng đến 23:59 | 10/01
1

Phiếu mua hàng Apple Pencil trị giá 400,000đ

2

Tặng Phiếu mua hàng mua Balo; Túi Chống sốc; Ốp lưng; KBV Camera; Sạc dự phòng (trừ AVA+, Hydrus); nhóm Tai nghe bluetooth, Loa Bluetooth các hãng JBL, Marshall,Harman Kardon; đồng hồ thông minh (trừ Apple) trị giá 100.000đ

3

PMH Sim data 500GB 1 tháng trị giá 100.000đ

4

Thu cũ đổi mới: Giảm đến 2,000,000đ (Không kèm ưu đãi thanh toán qua cổng, mua kèm) Xem chi tiết";;https://www.thegioididong.com/may-tinh-bang/ipad-mini-7-5g;DEBUG_OOS_iPad mini 7 5G 256GB_Xanh Dương_093908.png
iPad mini 7 WiFi 512GB;Tím;Yes;22090000;19990000;2026-01-10;"Khuyến mãi trị giá 400.000₫

Giá và khuyến mãi dự kiến áp dụng đến 23:59 | 10/01
1

Phiếu mua hàng Apple Pencil trị giá 400,000đ

2

Tặng Phiếu mua hàng mua Balo; Túi Chống sốc; Ốp lưng; KBV Camera; Sạc dự phòng (trừ AVA+, Hydrus); nhóm Tai nghe bluetooth, Loa Bluetooth các hãng JBL, Marshall,Harman Kardon; đồng hồ thông minh (trừ Apple) trị giá 100.000đ

3

PMH Sim data 500GB 1 tháng trị giá 100.000đ

4

Thu cũ đổi mới: Giảm đến 2,000,000đ (Không kèm ưu đãi thanh toán qua cổng, mua kèm) Xem chi tiết";"Ưu đãi thanh toán Online (Click chọn để áp dụng)
Giảm 1.000.000đ
Áp dụng sản phẩm từ 10.000.000đ trở lên.
?
Giảm 250.000đ
Áp dụng sản phẩm từ 5.000.000đ trở lên.
?
Giảm 500.000đ
Áp dụng sản phẩm từ 5.000.000đ trở lên.
?";https://www.thegioididong.com/may-tinh-bang/ipad-mini-7-wifi;Skipped
iPad Air M3 13 inch WiFi 128GB;Đen - Xám;Yes;22090000;19490000;2026-01-10;"Khuyến mãi trị giá 400.000₫

Giá và khuyến mãi dự kiến áp dụng đến 23:59 | 11/01
1

Phiếu mua hàng Apple Pencil trị giá 400,000đ

2

Tặng Phiếu mua hàng mua Balo; Túi Chống sốc; Ốp lưng; KBV Camera; Sạc dự phòng (trừ AVA+, Hydrus); nhóm Tai nghe bluetooth, Loa Bluetooth các hãng JBL, Marshall,Harman Kardon; đồng hồ thông minh (trừ Apple) trị giá 100.000đ

3

PMH Sim data 500GB 1 tháng trị giá 100.000đ

4

Thu cũ đổi mới: Giảm đến 2,000,000đ (Không kèm ưu đãi thanh toán qua cổng, mua kèm) Xem chi tiết";"Ưu đãi thanh toán Online (Click chọn để áp dụng)
Giảm 1.000.000đ
Áp dụng sản phẩm từ 10.000.000đ trở lên.
?
Giảm 250.000đ
Áp dụng sản phẩm từ 5.000.000đ trở lên.
?
Giảm 500.000đ
Áp dụng sản phẩm từ 5.000.000đ trở lên.
?";https://www.thegioididong.com/may-tinh-bang/ipad-air-m3-13-inch-wifi-128gb?utm_flashsale=1;Skipped
Tai nghe Bluetooth Apple AirPods Pro 3 Trắng MFHP4;Default/Unknown;Yes;0;6790000;2026-01-10;;;https://www.thegioididong.com/tai-nghe/tai-nghe-bluetooth-apple-airpods-pro-3-trang-mfhp4;Skipped
iPad mini 7 5G 256GB;Trắng Starlight;No;20690000;18690000;2026-01-10;"Khuyến mãi trị giá 400.000₫

Giá và khuyến mãi dự kiến áp dụng đến 23:59 | 10/01
1

Phiếu mua hàng Apple Pencil trị giá 400,000đ

2

Tặng Phiếu mua hàng mua Balo; Túi Chống sốc; Ốp lưng; KBV Camera; Sạc dự phòng (trừ AVA+, Hydrus); nhóm Tai nghe bluetooth, Loa Bluetooth các hãng JBL, Marshall,Harman Kardon; đồng hồ thông minh (trừ Apple) trị giá 100.000đ

3

PMH Sim data 500GB 1 tháng trị giá 100.000đ

4

Thu cũ đổi mới: Giảm đến 2,000,000đ (Không kèm ưu đãi thanh toán qua cổng, mua kèm) Xem chi tiết";;https://www.thegioididong.com/may-tinh-bang/ipad-mini-7-5g;DEBUG_OOS_iPad mini 7 5G 256GB_Trắng Starlight_093911.png
iPad Pro M5 11 inch WiFi 512GB;12GB - 512GB;Yes;3790000;35590000;2026-01-10;"Khuyến mãi trị giá 400.000₫

Giá và khuyến mãi dự kiến áp dụng đến 23:59 | 31/01
1

Phiếu mua hàng Apple Pencil trị giá 400,000đ

2

PMH Sim data 500GB 1 tháng trị giá 100.000đ

3

Thu cũ đổi mới: Giảm đến 2,000,000đ (Không kèm ưu đãi thanh toán qua cổng, mua kèm) Xem chi tiết";"Ưu đãi thanh toán Online (Click chọn để áp dụng)
Giảm 1.000.000đ
Áp dụng sản phẩm từ 10.000.000đ trở lên.
?
Giảm 250.000đ
Áp dụng sản phẩm từ 5.000.000đ trở lên.
?
Giảm 500.000đ
Áp dụng sản phẩm từ 5.000.000đ trở lên.
?";https://www.thegioididong.com/may-tinh-bang/ipad-pro-m5-11-inch-wifi-256gb;Skipped
iPad Pro M5 13 inch WiFi 512GB;Bạc;Yes;3790000;45590000;2026-01-10;"Khuyến mãi trị giá 400.000₫

Giá và khuyến mãi dự kiến áp dụng đến 23:59 | 31/01
1

Phiếu mua hàng Apple Pencil trị giá 400,000đ

2

PMH Sim data 500GB 1 tháng trị giá 100.000đ

3

Thu cũ đổi mới: Giảm đến 2,000,000đ (Không kèm ưu đãi thanh toán qua cổng, mua kèm) Xem chi tiết";"Ưu đãi thanh toán Online (Click chọn để áp dụng)
Giảm 1.000.000đ
Áp dụng sản phẩm từ 10.000.000đ trở lên.
?
Giảm 250.000đ
Áp dụng sản phẩm từ 5.000.000đ trở lên.
?
Giảm 500.000đ
Áp dụng sản phẩm từ 5.000.000đ trở lên.
?";https://www.thegioididong.com/may-tinh-bang/ipad-pro-m5-13-inch-wifi-256gb;Skipped
AirPods 4 (chống ồn);Default/Unknown;Yes;4990000;4490000;2026-01-10;;;https://www.thegioididong.com/tai-nghe/airpods-4-chong-on-mxp93;Skipped
iPad mini 7 WiFi 512GB;Trắng Starlight;Yes;22090000;19990000;2026-01-10;"Khuyến mãi trị giá 400.000₫

Giá và khuyến mãi dự kiến áp dụng đến 23:59 | 10/01
1

Phiếu mua hàng Apple Pencil trị giá 400,000đ

2

Tặng Phiếu mua hàng mua Balo; Túi Chống sốc; Ốp lưng; KBV Camera; Sạc dự phòng (trừ AVA+, Hydrus); nhóm Tai nghe bluetooth, Loa Bluetooth các hãng JBL, Marshall,Harman Kardon; đồng hồ thông minh (trừ Apple) trị giá 100.000đ

3

PMH Sim data 500GB 1 tháng trị giá 100.000đ

4

Thu cũ đổi mới: Giảm đến 2,000,000đ (Không kèm ưu đãi thanh toán qua cổng, mua kèm) Xem chi tiết";"Ưu đãi thanh toán Online (Click chọn để áp dụng)
Giảm 1.000.000đ
Áp dụng sản phẩm từ 10.000.000đ trở lên.
?
Giảm 250.000đ
Áp dụng sản phẩm từ 5.000.000đ trở lên.
?
Giảm 500.000đ
Áp dụng sản phẩm từ 5.000.000đ trở lên.
?";https://www.thegioididong.com/may-tinh-bang/ipad-mini-7-wifi;Skipped
iPad Air M3 13 inch WiFi 128GB;Trắng Starlight;Yes;22090000;19490000;2026-01-10;"Khuyến mãi trị giá 400.000₫

Giá và khuyến mãi dự kiến áp dụng đến 23:59 | 11/01
1

Phiếu mua hàng Apple Pencil trị giá 400,000đ

2

Tặng Phiếu mua hàng mua Balo; Túi Chống sốc; Ốp lưng; KBV Camera; Sạc dự phòng (trừ AVA+, Hydrus); nhóm Tai nghe bluetooth, Loa Bluetooth các hãng JBL, Marshall,Harman Kardon; đồng hồ thông minh (trừ Apple) trị giá 100.000đ

3

PMH Sim data 500GB 1 tháng trị giá 100.000đ

4

Thu cũ đổi mới: Giảm đến 2,000,000đ (Không kèm ưu đãi thanh toán qua cổng, mua kèm) Xem chi tiết";"Ưu đãi thanh toán Online (Click chọn để áp dụng)
Giảm 1.000.000đ
Áp dụng sản phẩm từ 10.000.000đ trở lên.
?
Giảm 250.000đ
Áp dụng sản phẩm từ 5.000.000đ trở lên.
?
Giảm 500.000đ
Áp dụng sản phẩm từ 5.000.000đ trở lên.
?";https://www.thegioididong.com/may-tinh-bang/ipad-air-m3-13-inch-wifi-128gb?utm_flashsale=1;Skipped
Tai nghe Bluetooth AirPods Pro Gen 2 MagSafe Charge (USB-C) Apple MTJV3;Default/Unknown;Yes;6090000;4990000;2026-01-10;;;https://www.thegioididong.com/tai-nghe/tai-nghe-bluetooth-airpods-pro-gen-2-magsafe-charge-usb-c-apple-mtjv3;Skipped
iPad mini 7 5G 256GB;Đen - Xám;Yes;20690000;18690000;2026-01-10;"Khuyến mãi trị giá 400.000₫

Giá và khuyến mãi dự kiến áp dụng đến 23:59 | 10/01
1

Phiếu mua hàng Apple Pencil trị giá 400,000đ

2

Tặng Phiếu mua hàng mua Balo; Túi Chống sốc; Ốp lưng; KBV Camera; Sạc dự phòng (trừ AVA+, Hydrus); nhóm Tai nghe bluetooth, Loa Bluetooth các hãng JBL, Marshall,Harman Kardon; đồng hồ thông minh (trừ Apple) trị giá 100.000đ

3

PMH Sim data 500GB 1 tháng trị giá 100.000đ

4

Thu cũ đổi mới: Giảm đến 2,000,000đ (Không kèm ưu đãi thanh toán qua cổng, mua kèm) Xem chi tiết";"Ưu đãi thanh toán Online (Click chọn để áp dụng)
Giảm 1.000.000đ
Áp dụng sản phẩm từ 10.000.000đ trở lên.
?
Giảm 250.000đ
Áp dụng sản phẩm từ 5.000.000đ trở lên.
?
Giảm 500.000đ
Áp dụng sản phẩm từ 5.000.000đ trở lên.
?";https://www.thegioididong.com/may-tinh-bang/ipad-mini-7-5g;Skipped
iPad Pro M5 11 inch WiFi 512GB;Đen;Yes;3790000;35590000;2026-01-10;"Khuyến mãi trị giá 400.000₫

Giá và khuyến mãi dự kiến áp dụng đến 23:59 | 31/01
1

Phiếu mua hàng Apple Pencil trị giá 400,000đ

2

PMH Sim data 500GB 1 tháng trị giá 100.000đ

3

Thu cũ đổi mới: Giảm đến 2,000,000đ (Không kèm ưu đãi thanh toán qua cổng, mua kèm) Xem chi tiết";"Ưu đãi thanh toán Online (Click chọn để áp dụng)
Giảm 1.000.000đ
Áp dụng sản phẩm từ 10.000.000đ trở lên.
?
Giảm 250.000đ
Áp dụng sản phẩm từ 5.000.000đ trở lên.
?
Giảm 500.000đ
Áp dụng sản phẩm từ 5.000.000đ trở lên.
?";https://www.thegioididong.com/may-tinh-bang/ipad-pro-m5-11-inch-wifi-256gb;Skipped
iPad mini 7 WiFi 512GB;Đen - Xám;Yes;22090000;19990000;2026-01-10;"Khuyến mãi trị giá 400.000₫

Giá và khuyến mãi dự kiến áp dụng đến 23:59 | 10/01
1

Phiếu mua hàng Apple Pencil trị giá 400,000đ

2

Tặng Phiếu mua hàng mua Balo; Túi Chống sốc; Ốp lưng; KBV Camera; Sạc dự phòng (trừ AVA+, Hydrus); nhóm Tai nghe bluetooth, Loa Bluetooth các hãng JBL, Marshall,Harman Kardon; đồng hồ thông minh (trừ Apple) trị giá 100.000đ

3

PMH Sim data 500GB 1 tháng trị giá 100.000đ

4

Thu cũ đổi mới: Giảm đến 2,000,000đ (Không kèm ưu đãi thanh toán qua cổng, mua kèm) Xem chi tiết";"Ưu đãi thanh toán Online (Click chọn để áp dụng)
Giảm 1.000.000đ
Áp dụng sản phẩm từ 10.000.000đ trở lên.
?
Giảm 250.000đ
Áp dụng sản phẩm từ 5.000.000đ trở lên.
?
Giảm 500.000đ
Áp dụng sản phẩm từ 5.000.000đ trở lên.
?";https://www.thegioididong.com/may-tinh-bang/ipad-mini-7-wifi;Skipped
iPad Pro M5 13 inch WiFi 256GB;12GB - 256GB;Yes;3790000;39990000;2026-01-10;"Khuyến mãi trị giá 400.000₫

Giá và khuyến mãi dự kiến áp dụng đến 23:59 | 31/01
1

Phiếu mua hàng Apple Pencil trị giá 400,000đ

2

PMH Sim data 500GB 1 tháng trị giá 100.000đ

3

Thu cũ đổi mới: Giảm đến 2,000,000đ (Không kèm ưu đãi thanh toán qua cổng, mua kèm) Xem chi tiết";"Ưu đãi thanh toán Online (Click chọn để áp dụng)
Giảm 1.000.000đ
Áp dụng sản phẩm từ 10.000.000đ trở lên.
?
Giảm 250.000đ
Áp dụng sản phẩm từ 5.000.000đ trở lên.
?
Giảm 500.000đ
Áp dụng sản phẩm từ 5.000.000đ trở lên.
?";https://www.thegioididong.com/may-tinh-bang/ipad-pro-m5-13-inch-wifi-256gb;Skipped
iPad Air M3 13 inch WiFi 128GB;Xanh Dương;Yes;22090000;19490000;2026-01-10;"Khuyến mãi trị giá 400.000₫

Giá và khuyến mãi dự kiến áp dụng đến 23:59 | 11/01
1

Phiếu mua hàng Apple Pencil trị giá 400,000đ

2

Tặng Phiếu mua hàng mua Balo; Túi Chống sốc; Ốp lưng; KBV Camera; Sạc dự phòng (trừ AVA+, Hydrus); nhóm Tai nghe bluetooth, Loa Bluetooth các hãng JBL, Marshall,Harman Kardon; đồng hồ thông minh (trừ Apple) trị giá 100.000đ

3

PMH Sim data 500GB 1 tháng trị giá 100.000đ

4

Thu cũ đổi mới: Giảm đến 2,000,000đ (Không kèm ưu đãi thanh toán qua cổng, mua kèm) Xem chi tiết";"Ưu đãi thanh toán Online (Click chọn để áp dụng)
Giảm 1.000.000đ
Áp dụng sản phẩm từ 10.000.000đ trở lên.
?
Giảm 250.000đ
Áp dụng sản phẩm từ 5.000.000đ trở lên.
?
Giảm 500.000đ
Áp dụng sản phẩm từ 5.000.000đ trở lên.
?";https://www.thegioididong.com/may-tinh-bang/ipad-air-m3-13-inch-wifi-128gb?utm_flashsale=1;Skipped
iPad mini 7 5G 256GB;Tím;No;20690000;18690000;2026-01-10;"Khuyến mãi trị giá 400.000₫

Giá và khuyến mãi dự kiến áp dụng đến 23:59 | 10/01
1

Phiếu mua hàng Apple Pencil trị giá 400,000đ

2

Tặng Phiếu mua hàng mua Balo; Túi Chống sốc; Ốp lưng; KBV Camera; Sạc dự phòng (trừ AVA+, Hydrus); nhóm Tai nghe bluetooth, Loa Bluetooth các hãng JBL, Marshall,Harman Kardon; đồng hồ thông minh (trừ Apple) trị giá 100.000đ

3

PMH Sim data 500GB 1 tháng trị giá 100.000đ

4

Thu cũ đổi mới: Giảm đến 2,000,000đ (Không kèm ưu đãi thanh toán qua cổng, mua kèm) Xem chi tiết";;https://www.thegioididong.com/may-tinh-bang/ipad-mini-7-5g;DEBUG_OOS_iPad mini 7 5G 256GB_Tím_093923.png
iPad Pro M5 11 inch WiFi 512GB;Bạc;Yes;3790000;35590000;2026-01-10;"Khuyến mãi trị giá 400.000₫

Giá và khuyến mãi dự kiến áp dụng đến 23:59 | 31/01
1

Phiếu mua hàng Apple Pencil trị giá 400,000đ

2

PMH Sim data 500GB 1 tháng trị giá 100.000đ

3

Thu cũ đổi mới: Giảm đến 2,000,000đ (Không kèm ưu đãi thanh toán qua cổng, mua kèm) Xem chi tiết";"Ưu đãi thanh toán Online (Click chọn để áp dụng)
Giảm 1.000.000đ
Áp dụng sản phẩm từ 10.000.000đ trở lên.
?
Giảm 250.000đ
Áp dụng sản phẩm từ 5.000.000đ trở lên.
?
Giảm 500.000đ
Áp dụng sản phẩm từ 5.000.000đ trở lên.
?";https://www.thegioididong.com/may-tinh-bang/ipad-pro-m5-11-inch-wifi-256gb;Skipped
iPad mini 7 5G 256GB;Xanh Dương;No;20690000;18690000;2026-01-10;"Khuyến mãi trị giá 400.000₫

Giá và khuyến mãi dự kiến áp dụng đến 23:59 | 10/01
1

Phiếu mua hàng Apple Pencil trị giá 400,000đ

2

Tặng Phiếu mua hàng mua Balo; Túi Chống sốc; Ốp lưng; KBV Camera; Sạc dự phòng (trừ AVA+, Hydrus); nhóm Tai nghe bluetooth, Loa Bluetooth các hãng JBL, Marshall,Harman Kardon; đồng hồ thông minh (trừ Apple) trị giá 100.000đ

3

PMH Sim data 500GB 1 tháng trị giá 100.000đ

4

Thu cũ đổi mới: Giảm đến 2,000,000đ (Không kèm ưu đãi thanh toán qua cổng, mua kèm) Xem chi tiết";;https://www.thegioididong.com/may-tinh-bang/ipad-mini-7-5g;DEBUG_OOS_iPad mini 7 5G 256GB_Xanh Dương_093926.png
iPad mini 7 WiFi 512GB;Xanh Dương;Yes;22090000;19990000;2026-01-10;"Khuyến mãi trị giá 400.000₫

Giá và khuyến mãi dự kiến áp dụng đến 23:59 | 10/01
1

Phiếu mua hàng Apple Pencil trị giá 400,000đ

2

Tặng Phiếu mua hàng mua Balo; Túi Chống sốc; Ốp lưng; KBV Camera; Sạc dự phòng (trừ AVA+, Hydrus); nhóm Tai nghe bluetooth, Loa Bluetooth các hãng JBL, Marshall,Harman Kardon; đồng hồ thông minh (trừ Apple) trị giá 100.000đ

3

PMH Sim data 500GB 1 tháng trị giá 100.000đ

4

Thu cũ đổi mới: Giảm đến 2,000,000đ (Không kèm ưu đãi thanh toán qua cổng, mua kèm) Xem chi tiết";"Ưu đãi thanh toán Online (Click chọn để áp dụng)
Giảm 1.000.000đ
Áp dụng sản phẩm từ 10.000.000đ trở lên.
?
Giảm 250.000đ
Áp dụng sản phẩm từ 5.000.000đ trở lên.
?
Giảm 500.000đ
Áp dụng sản phẩm từ 5.000.000đ trở lên.
?";https://www.thegioididong.com/may-tinh-bang/ipad-mini-7-wifi;Skipped
iPad Pro M5 13 inch WiFi 512GB;12GB - 512GB;Yes;3790000;45590000;2026-01-10;"Khuyến mãi trị giá 400.000₫

Giá và khuyến mãi dự kiến áp dụng đến 23:59 | 31/01
1

Phiếu mua hàng Apple Pencil trị giá 400,000đ

2

PMH Sim data 500GB 1 tháng trị giá 100.000đ

3

Thu cũ đổi mới: Giảm đến 2,000,000đ (Không kèm ưu đãi thanh toán qua cổng, mua kèm) Xem chi tiết";"Ưu đãi thanh toán Online (Click chọn để áp dụng)
Giảm 1.000.000đ
Áp dụng sản phẩm từ 10.000.000đ trở lên.
?
Giảm 250.000đ
Áp dụng sản phẩm từ 5.000.000đ trở lên.
?
Giảm 500.000đ
Áp dụng sản phẩm từ 5.000.000đ trở lên.
?";https://www.thegioididong.com/may-tinh-bang/ipad-pro-m5-13-inch-wifi-256gb;Skipped
iPad mini 7 5G 256GB;Trắng Starlight;No;20690000;18690000;2026-01-10;"Khuyến mãi trị giá 400.000₫

Giá và khuyến mãi dự kiến áp dụng đến 23:59 | 10/01
1

Phiếu mua hàng Apple Pencil trị giá 400,000đ

2

Tặng Phiếu mua hàng mua Balo; Túi Chống sốc; Ốp lưng; KBV Camera; Sạc dự phòng (trừ AVA+, Hydrus); nhóm Tai nghe bluetooth, Loa Bluetooth các hãng JBL, Marshall,Harman Kardon; đồng hồ thông minh (trừ Apple) trị giá 100.000đ

3

PMH Sim data 500GB 1 tháng trị giá 100.000đ

4

Thu cũ đổi mới: Giảm đến 2,000,000đ (Không kèm ưu đãi thanh toán qua cổng, mua kèm) Xem chi tiết";;https://www.thegioididong.com/may-tinh-bang/ipad-mini-7-5g;DEBUG_OOS_iPad mini 7 5G 256GB_Trắng Starlight_093929.png
iPad Pro M5 13 inch WiFi 512GB;Đen;Yes;3790000;45590000;2026-01-10;"Khuyến mãi trị giá 400.000₫

Giá và khuyến mãi dự kiến áp dụng đến 23:59 | 31/01
1

Phiếu mua hàng Apple Pencil trị giá 400,000đ

2

PMH Sim data 500GB 1 tháng trị giá 100.000đ

3

Thu cũ đổi mới: Giảm đến 2,000,000đ (Không kèm ưu đãi thanh toán qua cổng, mua kèm) Xem chi tiết";"Ưu đãi thanh toán Online (Click chọn để áp dụng)
Giảm 1.000.000đ
Áp dụng sản phẩm từ 10.000.000đ trở lên.
?
Giảm 250.000đ
Áp dụng sản phẩm từ 5.000.000đ trở lên.
?
Giảm 500.000đ
Áp dụng sản phẩm từ 5.000.000đ trở lên.
?";https://www.thegioididong.com/may-tinh-bang/ipad-pro-m5-13-inch-wifi-256gb;Skipped
iPad Pro M5 11 inch WiFi 256GB;12GB - 256GB;Yes;3790000;29990000;2026-01-10;"Khuyến mãi trị giá 400.000₫

Giá và khuyến mãi dự kiến áp dụng đến 23:59 | 31/01
1

Phiếu mua hàng Apple Pencil trị giá 400,000đ

2

PMH Sim data 500GB 1 tháng trị giá 100.000đ

3

Thu cũ đổi mới: Giảm đến 2,000,000đ (Không kèm ưu đãi thanh toán qua cổng, mua kèm) Xem chi tiết";"Ưu đãi thanh toán Online (Click chọn để áp dụng)
Giảm 1.000.000đ
Áp dụng sản phẩm từ 10.000.000đ trở lên.
?
Giảm 250.000đ
Áp dụng sản phẩm từ 5.000.000đ trở lên.
?
Giảm 500.000đ
Áp dụng sản phẩm từ 5.000.000đ trở lên.
?";https://www.thegioididong.com/may-tinh-bang/ipad-pro-m5-11-inch-wifi-256gb;Skipped
iPad mini 7 WiFi 512GB;Tím;Yes;22090000;19990000;2026-01-10;"Khuyến mãi trị giá 400.000₫

Giá và khuyến mãi dự kiến áp dụng đến 23:59 | 10/01
1

Phiếu mua hàng Apple Pencil trị giá 400,000đ

2

Tặng Phiếu mua hàng mua Balo; Túi Chống sốc; Ốp lưng; KBV Camera; Sạc dự phòng (trừ AVA+, Hydrus); nhóm Tai nghe bluetooth, Loa Bluetooth các hãng JBL, Marshall,Harman Kardon; đồng hồ thông minh (trừ Apple) trị giá 100.000đ

3

PMH Sim data 500GB 1 tháng trị giá 100.000đ

4

Thu cũ đổi mới: Giảm đến 2,000,000đ (Không kèm ưu đãi thanh toán qua cổng, mua kèm) Xem chi tiết";"Ưu đãi thanh toán Online (Click chọn để áp dụng)
Giảm 1.000.000đ
Áp dụng sản phẩm từ 10.000.000đ trở lên.
?
Giảm 250.000đ
Áp dụng sản phẩm từ 5.000.000đ trở lên.
?
Giảm 500.000đ
Áp dụng sản phẩm từ 5.000.000đ trở lên.
?";https://www.thegioididong.com/may-tinh-bang/ipad-mini-7-wifi;Skipped
iPad mini 7 5G 256GB;Đen - Xám;Yes;20690000;18690000;2026-01-10;"Khuyến mãi trị giá 400.000₫

Giá và khuyến mãi dự kiến áp dụng đến 23:59 | 10/01
1

Phiếu mua hàng Apple Pencil trị giá 400,000đ

2

Tặng Phiếu mua hàng mua Balo; Túi Chống sốc; Ốp lưng; KBV Camera; Sạc dự phòng (trừ AVA+, Hydrus); nhóm Tai nghe bluetooth, Loa Bluetooth các hãng JBL, Marshall,Harman Kardon; đồng hồ thông minh (trừ Apple) trị giá 100.000đ

3

PMH Sim data 500GB 1 tháng trị giá 100.000đ

4

Thu cũ đổi mới: Giảm đến 2,000,000đ (Không kèm ưu đãi thanh toán qua cổng, mua kèm) Xem chi tiết";"Ưu đãi thanh toán Online (Click chọn để áp dụng)
Giảm 1.000.000đ
Áp dụng sản phẩm từ 10.000.000đ trở lên.
?
Giảm 250.000đ
Áp dụng sản phẩm từ 5.000.000đ trở lên.
?
Giảm 500.000đ
Áp dụng sản phẩm từ 5.000.000đ trở lên.
?";https://www.thegioididong.com/may-tinh-bang/ipad-mini-7-5g;Skipped
iPad Pro M5 11 inch WiFi 512GB;12GB - 512GB;Yes;3790000;35590000;2026-01-10;"Khuyến mãi trị giá 400.000₫

Giá và khuyến mãi dự kiến áp dụng đến 23:59 | 31/01
1

Phiếu mua hàng Apple Pencil trị giá 400,000đ

2

PMH Sim data 500GB 1 tháng trị giá 100.000đ

3

Thu cũ đổi mới: Giảm đến 2,000,000đ (Không kèm ưu đãi thanh toán qua cổng, mua kèm) Xem chi tiết";"Ưu đãi thanh toán Online (Click chọn để áp dụng)
Giảm 1.000.000đ
Áp dụng sản phẩm từ 10.000.000đ trở lên.
?
Giảm 250.000đ
Áp dụng sản phẩm từ 5.000.000đ trở lên.
?
Giảm 500.000đ
Áp dụng sản phẩm từ 5.000.000đ trở lên.
?";https://www.thegioididong.com/may-tinh-bang/ipad-pro-m5-11-inch-wifi-256gb;Skipped
iPad Pro M5 13 inch WiFi 512GB;Bạc;Yes;3790000;45590000;2026-01-10;"Khuyến mãi trị giá 400.000₫

Giá và khuyến mãi dự kiến áp dụng đến 23:59 | 31/01
1

Phiếu mua hàng Apple Pencil trị giá 400,000đ

2

PMH Sim data 500GB 1 tháng trị giá 100.000đ

3

Thu cũ đổi mới: Giảm đến 2,000,000đ (Không kèm ưu đãi thanh toán qua cổng, mua kèm) Xem chi tiết";"Ưu đãi thanh toán Online (Click chọn để áp dụng)
Giảm 1.000.000đ
Áp dụng sản phẩm từ 10.000.000đ trở lên.
?
Giảm 250.000đ
Áp dụng sản phẩm từ 5.000.000đ trở lên.
?
Giảm 500.000đ
Áp dụng sản phẩm từ 5.000.000đ trở lên.
?";https://www.thegioididong.com/may-tinh-bang/ipad-pro-m5-13-inch-wifi-256gb;Skipped
iPad mini 7 WiFi 512GB;Trắng Starlight;Yes;22090000;19990000;2026-01-10;"Khuyến mãi trị giá 400.000₫

Giá và khuyến mãi dự kiến áp dụng đến 23:59 | 10/01
1

Phiếu mua hàng Apple Pencil trị giá 400,000đ

2

Tặng Phiếu mua hàng mua Balo; Túi Chống sốc; Ốp lưng; KBV Camera; Sạc dự phòng (trừ AVA+, Hydrus); nhóm Tai nghe bluetooth, Loa Bluetooth các hãng JBL, Marshall,Harman Kardon; đồng hồ thông minh (trừ Apple) trị giá 100.000đ

3

PMH Sim data 500GB 1 tháng trị giá 100.000đ

4

Thu cũ đổi mới: Giảm đến 2,000,000đ (Không kèm ưu đãi thanh toán qua cổng, mua kèm) Xem chi tiết";"Ưu đãi thanh toán Online (Click chọn để áp dụng)
Giảm 1.000.000đ
Áp dụng sản phẩm từ 10.000.000đ trở lên.
?
Giảm 250.000đ
Áp dụng sản phẩm từ 5.000.000đ trở lên.
?
Giảm 500.000đ
Áp dụng sản phẩm từ 5.000.000đ trở lên.
?";https://www.thegioididong.com/may-tinh-bang/ipad-mini-7-wifi;Skipped
iPad Pro M5 11 inch WiFi 512GB;Đen;Yes;3790000;35590000;2026-01-10;"Khuyến mãi trị giá 400.000₫

Giá và khuyến mãi dự kiến áp dụng đến 23:59 | 31/01
1

Phiếu mua hàng Apple Pencil trị giá 400,000đ

2

PMH Sim data 500GB 1 tháng trị giá 100.000đ

3

Thu cũ đổi mới: Giảm đến 2,000,000đ (Không kèm ưu đãi thanh toán qua cổng, mua kèm) Xem chi tiết";"Ưu đãi thanh toán Online (Click chọn để áp dụng)
Giảm 1.000.000đ
Áp dụng sản phẩm từ 10.000.000đ trở lên.
?
Giảm 250.000đ
Áp dụng sản phẩm từ 5.000.000đ trở lên.
?
Giảm 500.000đ
Áp dụng sản phẩm từ 5.000.000đ trở lên.
?";https://www.thegioididong.com/may-tinh-bang/ipad-pro-m5-11-inch-wifi-256gb;Skipped
iPad mini 7 WiFi 512GB;Đen - Xám;Yes;22090000;19990000;2026-01-10;"Khuyến mãi trị giá 400.000₫

Giá và khuyến mãi dự kiến áp dụng đến 23:59 | 10/01
1

Phiếu mua hàng Apple Pencil trị giá 400,000đ

2

Tặng Phiếu mua hàng mua Balo; Túi Chống sốc; Ốp lưng; KBV Camera; Sạc dự phòng (trừ AVA+, Hydrus); nhóm Tai nghe bluetooth, Loa Bluetooth các hãng JBL, Marshall,Harman Kardon; đồng hồ thông minh (trừ Apple) trị giá 100.000đ

3

PMH Sim data 500GB 1 tháng trị giá 100.000đ

4

Thu cũ đổi mới: Giảm đến 2,000,000đ (Không kèm ưu đãi thanh toán qua cổng, mua kèm) Xem chi tiết";"Ưu đãi thanh toán Online (Click chọn để áp dụng)
Giảm 1.000.000đ
Áp dụng sản phẩm từ 10.000.000đ trở lên.
?
Giảm 250.000đ
Áp dụng sản phẩm từ 5.000.000đ trở lên.
?
Giảm 500.000đ
Áp dụng sản phẩm từ 5.000.000đ trở lên.
?";https://www.thegioididong.com/may-tinh-bang/ipad-mini-7-wifi;Skipped
iPad Pro M5 13 inch WiFi 256GB;12GB - 256GB;Yes;3790000;39990000;2026-01-10;"Khuyến mãi trị giá 400.000₫

Giá và khuyến mãi dự kiến áp dụng đến 23:59 | 31/01
1

Phiếu mua hàng Apple Pencil trị giá 400,000đ

2

PMH Sim data 500GB 1 tháng trị giá 100.000đ

3

Thu cũ đổi mới: Giảm đến 2,000,000đ (Không kèm ưu đãi thanh toán qua cổng, mua kèm) Xem chi tiết";"Ưu đãi thanh toán Online (Click chọn để áp dụng)
Giảm 1.000.000đ
Áp dụng sản phẩm từ 10.000.000đ trở lên.
?
Giảm 250.000đ
Áp dụng sản phẩm từ 5.000.000đ trở lên.
?
Giảm 500.000đ
Áp dụng sản phẩm từ 5.000.000đ trở lên.
?";https://www.thegioididong.com/may-tinh-bang/ipad-pro-m5-13-inch-wifi-256gb;Skipped
iPad Pro M5 11 inch WiFi 512GB;Bạc;Yes;3790000;35590000;2026-01-10;"Khuyến mãi trị giá 400.000₫

Giá và khuyến mãi dự kiến áp dụng đến 23:59 | 31/01
1

Phiếu mua hàng Apple Pencil trị giá 400,000đ

2

PMH Sim data 500GB 1 tháng trị giá 100.000đ

3

Thu cũ đổi mới: Giảm đến 2,000,000đ (Không kèm ưu đãi thanh toán qua cổng, mua kèm) Xem chi tiết";"Ưu đãi thanh toán Online (Click chọn để áp dụng)
Giảm 1.000.000đ
Áp dụng sản phẩm từ 10.000.000đ trở lên.
?
Giảm 250.000đ
Áp dụng sản phẩm từ 5.000.000đ trở lên.
?
Giảm 500.000đ
Áp dụng sản phẩm từ 5.000.000đ trở lên.
?";https://www.thegioididong.com/may-tinh-bang/ipad-pro-m5-11-inch-wifi-256gb;Skipped
iPad mini 7 WiFi 512GB;Xanh Dương;Yes;22090000;19990000;2026-01-10;"Khuyến mãi trị giá 400.000₫

Giá và khuyến mãi dự kiến áp dụng đến 23:59 | 10/01
1

Phiếu mua hàng Apple Pencil trị giá 400,000đ

2

Tặng Phiếu mua hàng mua Balo; Túi Chống sốc; Ốp lưng; KBV Camera; Sạc dự phòng (trừ AVA+, Hydrus); nhóm Tai nghe bluetooth, Loa Bluetooth các hãng JBL, Marshall,Harman Kardon; đồng hồ thông minh (trừ Apple) trị giá 100.000đ

3

PMH Sim data 500GB 1 tháng trị giá 100.000đ

4

Thu cũ đổi mới: Giảm đến 2,000,000đ (Không kèm ưu đãi thanh toán qua cổng, mua kèm) Xem chi tiết";"Ưu đãi thanh toán Online (Click chọn để áp dụng)
Giảm 1.000.000đ
Áp dụng sản phẩm từ 10.000.000đ trở lên.
?
Giảm 250.000đ
Áp dụng sản phẩm từ 5.000.000đ trở lên.
?
Giảm 500.000đ
Áp dụng sản phẩm từ 5.000.000đ trở lên.
?";https://www.thegioididong.com/may-tinh-bang/ipad-mini-7-wifi;Skipped
iPad Pro M5 13 inch WiFi 512GB;12GB - 512GB;Yes;3790000;45590000;2026-01-10;"Khuyến mãi trị giá 400.000₫

Giá và khuyến mãi dự kiến áp dụng đến 23:59 | 31/01
1

Phiếu mua hàng Apple Pencil trị giá 400,000đ

2

PMH Sim data 500GB 1 tháng trị giá 100.000đ

3

Thu cũ đổi mới: Giảm đến 2,000,000đ (Không kèm ưu đãi thanh toán qua cổng, mua kèm) Xem chi tiết";"Ưu đãi thanh toán Online (Click chọn để áp dụng)
Giảm 1.000.000đ
Áp dụng sản phẩm từ 10.000.000đ trở lên.
?
Giảm 250.000đ
Áp dụng sản phẩm từ 5.000.000đ trở lên.
?
Giảm 500.000đ
Áp dụng sản phẩm từ 5.000.000đ trở lên.
?";https://www.thegioididong.com/may-tinh-bang/ipad-pro-m5-13-inch-wifi-256gb;Skipped
iPad Pro M5 11 inch WiFi 256GB;12GB - 256GB;Yes;3790000;29990000;2026-01-10;"Khuyến mãi trị giá 400.000₫

Giá và khuyến mãi dự kiến áp dụng đến 23:59 | 31/01
1

Phiếu mua hàng Apple Pencil trị giá 400,000đ

2

PMH Sim data 500GB 1 tháng trị giá 100.000đ

3

Thu cũ đổi mới: Giảm đến 2,000,000đ (Không kèm ưu đãi thanh toán qua cổng, mua kèm) Xem chi tiết";"Ưu đãi thanh toán Online (Click chọn để áp dụng)
Giảm 1.000.000đ
Áp dụng sản phẩm từ 10.000.000đ trở lên.
?
Giảm 250.000đ
Áp dụng sản phẩm từ 5.000.000đ trở lên.
?
Giảm 500.000đ
Áp dụng sản phẩm từ 5.000.000đ trở lên.
?";https://www.thegioididong.com/may-tinh-bang/ipad-pro-m5-11-inch-wifi-256gb;Skipped
iPad Pro M5 13 inch WiFi 512GB;Đen;Yes;3790000;45590000;2026-01-10;"Khuyến mãi trị giá 400.000₫

Giá và khuyến mãi dự kiến áp dụng đến 23:59 | 31/01
1

Phiếu mua hàng Apple Pencil trị giá 400,000đ

2

PMH Sim data 500GB 1 tháng trị giá 100.000đ

3

Thu cũ đổi mới: Giảm đến 2,000,000đ (Không kèm ưu đãi thanh toán qua cổng, mua kèm) Xem chi tiết";"Ưu đãi thanh toán Online (Click chọn để áp dụng)
Giảm 1.000.000đ
Áp dụng sản phẩm từ 10.000.000đ trở lên.
?
Giảm 250.000đ
Áp dụng sản phẩm từ 5.000.000đ trở lên.
?
Giảm 500.000đ
Áp dụng sản phẩm từ 5.000.000đ trở lên.
?";https://www.thegioididong.com/may-tinh-bang/ipad-pro-m5-13-inch-wifi-256gb;Skipped
iPad mini 7 WiFi 512GB;Tím;Yes;22090000;19990000;2026-01-10;"Khuyến mãi trị giá 400.000₫

Giá và khuyến mãi dự kiến áp dụng đến 23:59 | 10/01
1

Phiếu mua hàng Apple Pencil trị giá 400,000đ

2

Tặng Phiếu mua hàng mua Balo; Túi Chống sốc; Ốp lưng; KBV Camera; Sạc dự phòng (trừ AVA+, Hydrus); nhóm Tai nghe bluetooth, Loa Bluetooth các hãng JBL, Marshall,Harman Kardon; đồng hồ thông minh (trừ Apple) trị giá 100.000đ

3

PMH Sim data 500GB 1 tháng trị giá 100.000đ

4

Thu cũ đổi mới: Giảm đến 2,000,000đ (Không kèm ưu đãi thanh toán qua cổng, mua kèm) Xem chi tiết";"Ưu đãi thanh toán Online (Click chọn để áp dụng)
Giảm 1.000.000đ
Áp dụng sản phẩm từ 10.000.000đ trở lên.
?
Giảm 250.000đ
Áp dụng sản phẩm từ 5.000.000đ trở lên.
?
Giảm 500.000đ
Áp dụng sản phẩm từ 5.000.000đ trở lên.
?";https://www.thegioididong.com/may-tinh-bang/ipad-mini-7-wifi;Skipped
iPad Pro M5 11 inch WiFi 512GB;12GB - 512GB;Yes;3790000;35590000;2026-01-10;"Khuyến mãi trị giá 400.000₫

Giá và khuyến mãi dự kiến áp dụng đến 23:59 | 31/01
1

Phiếu mua hàng Apple Pencil trị giá 400,000đ

2

PMH Sim data 500GB 1 tháng trị giá 100.000đ

3

Thu cũ đổi mới: Giảm đến 2,000,000đ (Không kèm ưu đãi thanh toán qua cổng, mua kèm) Xem chi tiết";"Ưu đãi thanh toán Online (Click chọn để áp dụng)
Giảm 1.000.000đ
Áp dụng sản phẩm từ 10.000.000đ trở lên.
?
Giảm 250.000đ
Áp dụng sản phẩm từ 5.000.000đ trở lên.
?
Giảm 500.000đ
Áp dụng sản phẩm từ 5.000.000đ trở lên.
?";https://www.thegioididong.com/may-tinh-bang/ipad-pro-m5-11-inch-wifi-256gb;Skipped
iPad Pro M5 13 inch WiFi 512GB;Bạc;Yes;3790000;45590000;2026-01-10;"Khuyến mãi trị giá 400.000₫

Giá và khuyến mãi dự kiến áp dụng đến 23:59 | 31/01
1

Phiếu mua hàng Apple Pencil trị giá 400,000đ

2

PMH Sim data 500GB 1 tháng trị giá 100.000đ

3

Thu cũ đổi mới: Giảm đến 2,000,000đ (Không kèm ưu đãi thanh toán qua cổng, mua kèm) Xem chi tiết";"Ưu đãi thanh toán Online (Click chọn để áp dụng)
Giảm 1.000.000đ
Áp dụng sản phẩm từ 10.000.000đ trở lên.
?
Giảm 250.000đ
Áp dụng sản phẩm từ 5.000.000đ trở lên.
?
Giảm 500.000đ
Áp dụng sản phẩm từ 5.000.000đ trở lên.
?";https://www.thegioididong.com/may-tinh-bang/ipad-pro-m5-13-inch-wifi-256gb;Skipped
iPad mini 7 WiFi 512GB;Trắng Starlight;Yes;22090000;19990000;2026-01-10;"Khuyến mãi trị giá 400.000₫

Giá và khuyến mãi dự kiến áp dụng đến 23:59 | 10/01
1

Phiếu mua hàng Apple Pencil trị giá 400,000đ

2

Tặng Phiếu mua hàng mua Balo; Túi Chống sốc; Ốp lưng; KBV Camera; Sạc dự phòng (trừ AVA+, Hydrus); nhóm Tai nghe bluetooth, Loa Bluetooth các hãng JBL, Marshall,Harman Kardon; đồng hồ thông minh (trừ Apple) trị giá 100.000đ

3

PMH Sim data 500GB 1 tháng trị giá 100.000đ

4

Thu cũ đổi mới: Giảm đến 2,000,000đ (Không kèm ưu đãi thanh toán qua cổng, mua kèm) Xem chi tiết";"Ưu đãi thanh toán Online (Click chọn để áp dụng)
Giảm 1.000.000đ
Áp dụng sản phẩm từ 10.000.000đ trở lên.
?
Giảm 250.000đ
Áp dụng sản phẩm từ 5.000.000đ trở lên.
?
Giảm 500.000đ
Áp dụng sản phẩm từ 5.000.000đ trở lên.
?";https://www.thegioididong.com/may-tinh-bang/ipad-mini-7-wifi;Skipped
iPad Pro M5 11 inch WiFi 512GB;Đen;Yes;3790000;35590000;2026-01-10;"Khuyến mãi trị giá 400.000₫

Giá và khuyến mãi dự kiến áp dụng đến 23:59 | 31/01
1

Phiếu mua hàng Apple Pencil trị giá 400,000đ

2

PMH Sim data 500GB 1 tháng trị giá 100.000đ

3

Thu cũ đổi mới: Giảm đến 2,000,000đ (Không kèm ưu đãi thanh toán qua cổng, mua kèm) Xem chi tiết";"Ưu đãi thanh toán Online (Click chọn để áp dụng)
Giảm 1.000.000đ
Áp dụng sản phẩm từ 10.000.000đ trở lên.
?
Giảm 250.000đ
Áp dụng sản phẩm từ 5.000.000đ trở lên.
?
Giảm 500.000đ
Áp dụng sản phẩm từ 5.000.000đ trở lên.
?";https://www.thegioididong.com/may-tinh-bang/ipad-pro-m5-11-inch-wifi-256gb;Skipped
iPad Pro M5 13 inch WiFi 256GB;12GB - 256GB;Yes;3790000;39990000;2026-01-10;"Khuyến mãi trị giá 400.000₫

Giá và khuyến mãi dự kiến áp dụng đến 23:59 | 31/01
1

Phiếu mua hàng Apple Pencil trị giá 400,000đ

2

PMH Sim data 500GB 1 tháng trị giá 100.000đ

3

Thu cũ đổi mới: Giảm đến 2,000,000đ (Không kèm ưu đãi thanh toán qua cổng, mua kèm) Xem chi tiết";"Ưu đãi thanh toán Online (Click chọn để áp dụng)
Giảm 1.000.000đ
Áp dụng sản phẩm từ 10.000.000đ trở lên.
?
Giảm 250.000đ
Áp dụng sản phẩm từ 5.000.000đ trở lên.
?
Giảm 500.000đ
Áp dụng sản phẩm từ 5.000.000đ trở lên.
?";https://www.thegioididong.com/may-tinh-bang/ipad-pro-m5-13-inch-wifi-256gb;Skipped
iPad mini 7 WiFi 512GB;Đen - Xám;Yes;22090000;19990000;2026-01-10;"Khuyến mãi trị giá 400.000₫

Giá và khuyến mãi dự kiến áp dụng đến 23:59 | 10/01
1

Phiếu mua hàng Apple Pencil trị giá 400,000đ

2

Tặng Phiếu mua hàng mua Balo; Túi Chống sốc; Ốp lưng; KBV Camera; Sạc dự phòng (trừ AVA+, Hydrus); nhóm Tai nghe bluetooth, Loa Bluetooth các hãng JBL, Marshall,Harman Kardon; đồng hồ thông minh (trừ Apple) trị giá 100.000đ

3

PMH Sim data 500GB 1 tháng trị giá 100.000đ

4

Thu cũ đổi mới: Giảm đến 2,000,000đ (Không kèm ưu đãi thanh toán qua cổng, mua kèm) Xem chi tiết";"Ưu đãi thanh toán Online (Click chọn để áp dụng)
Giảm 1.000.000đ
Áp dụng sản phẩm từ 10.000.000đ trở lên.
?
Giảm 250.000đ
Áp dụng sản phẩm từ 5.000.000đ trở lên.
?
Giảm 500.000đ
Áp dụng sản phẩm từ 5.000.000đ trở lên.
?";https://www.thegioididong.com/may-tinh-bang/ipad-mini-7-wifi;Skipped
iPad Pro M5 11 inch WiFi 512GB;Bạc;Yes;3790000;35590000;2026-01-10;"Khuyến mãi trị giá 400.000₫

Giá và khuyến mãi dự kiến áp dụng đến 23:59 | 31/01
1

Phiếu mua hàng Apple Pencil trị giá 400,000đ

2

PMH Sim data 500GB 1 tháng trị giá 100.000đ

3

Thu cũ đổi mới: Giảm đến 2,000,000đ (Không kèm ưu đãi thanh toán qua cổng, mua kèm) Xem chi tiết";"Ưu đãi thanh toán Online (Click chọn để áp dụng)
Giảm 1.000.000đ
Áp dụng sản phẩm từ 10.000.000đ trở lên.
?
Giảm 250.000đ
Áp dụng sản phẩm từ 5.000.000đ trở lên.
?
Giảm 500.000đ
Áp dụng sản phẩm từ 5.000.000đ trở lên.
?";https://www.thegioididong.com/may-tinh-bang/ipad-pro-m5-11-inch-wifi-256gb;Skipped
iPad Pro M5 13 inch WiFi 512GB;12GB - 512GB;Yes;3790000;45590000;2026-01-10;"Khuyến mãi trị giá 400.000₫

Giá và khuyến mãi dự kiến áp dụng đến 23:59 | 31/01
1

Phiếu mua hàng Apple Pencil trị giá 400,000đ

2

PMH Sim data 500GB 1 tháng trị giá 100.000đ

3

Thu cũ đổi mới: Giảm đến 2,000,000đ (Không kèm ưu đãi thanh toán qua cổng, mua kèm) Xem chi tiết";"Ưu đãi thanh toán Online (Click chọn để áp dụng)
Giảm 1.000.000đ
Áp dụng sản phẩm từ 10.000.000đ trở lên.
?
Giảm 250.000đ
Áp dụng sản phẩm từ 5.000.000đ trở lên.
?
Giảm 500.000đ
Áp dụng sản phẩm từ 5.000.000đ trở lên.
?";https://www.thegioididong.com/may-tinh-bang/ipad-pro-m5-13-inch-wifi-256gb;Skipped
iPad mini 7 WiFi 512GB;Xanh Dương;Yes;22090000;19990000;2026-01-10;"Khuyến mãi trị giá 400.000₫

Giá và khuyến mãi dự kiến áp dụng đến 23:59 | 10/01
1

Phiếu mua hàng Apple Pencil trị giá 400,000đ

2

Tặng Phiếu mua hàng mua Balo; Túi Chống sốc; Ốp lưng; KBV Camera; Sạc dự phòng (trừ AVA+, Hydrus); nhóm Tai nghe bluetooth, Loa Bluetooth các hãng JBL, Marshall,Harman Kardon; đồng hồ thông minh (trừ Apple) trị giá 100.000đ

3

PMH Sim data 500GB 1 tháng trị giá 100.000đ

4

Thu cũ đổi mới: Giảm đến 2,000,000đ (Không kèm ưu đãi thanh toán qua cổng, mua kèm) Xem chi tiết";"Ưu đãi thanh toán Online (Click chọn để áp dụng)
Giảm 1.000.000đ
Áp dụng sản phẩm từ 10.000.000đ trở lên.
?
Giảm 250.000đ
Áp dụng sản phẩm từ 5.000.000đ trở lên.
?
Giảm 500.000đ
Áp dụng sản phẩm từ 5.000.000đ trở lên.
?";https://www.thegioididong.com/may-tinh-bang/ipad-mini-7-wifi;Skipped
iPad Pro M5 13 inch WiFi 512GB;Đen;Yes;3790000;45590000;2026-01-10;"Khuyến mãi trị giá 400.000₫

Giá và khuyến mãi dự kiến áp dụng đến 23:59 | 31/01
1

Phiếu mua hàng Apple Pencil trị giá 400,000đ

2

PMH Sim data 500GB 1 tháng trị giá 100.000đ

3

Thu cũ đổi mới: Giảm đến 2,000,000đ (Không kèm ưu đãi thanh toán qua cổng, mua kèm) Xem chi tiết";"Ưu đãi thanh toán Online (Click chọn để áp dụng)
Giảm 1.000.000đ
Áp dụng sản phẩm từ 10.000.000đ trở lên.
?
Giảm 250.000đ
Áp dụng sản phẩm từ 5.000.000đ trở lên.
?
Giảm 500.000đ
Áp dụng sản phẩm từ 5.000.000đ trở lên.
?";https://www.thegioididong.com/may-tinh-bang/ipad-pro-m5-13-inch-wifi-256gb;Skipped
iPad mini 7 WiFi 512GB;Tím;Yes;22090000;19990000;2026-01-10;"Khuyến mãi trị giá 400.000₫

Giá và khuyến mãi dự kiến áp dụng đến 23:59 | 10/01
1

Phiếu mua hàng Apple Pencil trị giá 400,000đ

2

Tặng Phiếu mua hàng mua Balo; Túi Chống sốc; Ốp lưng; KBV Camera; Sạc dự phòng (trừ AVA+, Hydrus); nhóm Tai nghe bluetooth, Loa Bluetooth các hãng JBL, Marshall,Harman Kardon; đồng hồ thông minh (trừ Apple) trị giá 100.000đ

3

PMH Sim data 500GB 1 tháng trị giá 100.000đ

4

Thu cũ đổi mới: Giảm đến 2,000,000đ (Không kèm ưu đãi thanh toán qua cổng, mua kèm) Xem chi tiết";"Ưu đãi thanh toán Online (Click chọn để áp dụng)
Giảm 1.000.000đ
Áp dụng sản phẩm từ 10.000.000đ trở lên.
?
Giảm 250.000đ
Áp dụng sản phẩm từ 5.000.000đ trở lên.
?
Giảm 500.000đ
Áp dụng sản phẩm từ 5.000.000đ trở lên.
?";https://www.thegioididong.com/may-tinh-bang/ipad-mini-7-wifi;Skipped
iPad Pro M5 13 inch WiFi 512GB;Bạc;Yes;3790000;45590000;2026-01-10;"Khuyến mãi trị giá 400.000₫

Giá và khuyến mãi dự kiến áp dụng đến 23:59 | 31/01
1

Phiếu mua hàng Apple Pencil trị giá 400,000đ

2

PMH Sim data 500GB 1 tháng trị giá 100.000đ

3

Thu cũ đổi mới: Giảm đến 2,000,000đ (Không kèm ưu đãi thanh toán qua cổng, mua kèm) Xem chi tiết";"Ưu đãi thanh toán Online (Click chọn để áp dụng)
Giảm 1.000.000đ
Áp dụng sản phẩm từ 10.000.000đ trở lên.
?
Giảm 250.000đ
Áp dụng sản phẩm từ 5.000.000đ trở lên.
?
Giảm 500.000đ
Áp dụng sản phẩm từ 5.000.000đ trở lên.
?";https://www.thegioididong.com/may-tinh-bang/ipad-pro-m5-13-inch-wifi-256gb;Skipped
iPad mini 7 WiFi 512GB;Trắng Starlight;Yes;22090000;19990000;2026-01-10;"Khuyến mãi trị giá 400.000₫

Giá và khuyến mãi dự kiến áp dụng đến 23:59 | 10/01
1

Phiếu mua hàng Apple Pencil trị giá 400,000đ

2

Tặng Phiếu mua hàng mua Balo; Túi Chống sốc; Ốp lưng; KBV Camera; Sạc dự phòng (trừ AVA+, Hydrus); nhóm Tai nghe bluetooth, Loa Bluetooth các hãng JBL, Marshall,Harman Kardon; đồng hồ thông minh (trừ Apple) trị giá 100.000đ

3

PMH Sim data 500GB 1 tháng trị giá 100.000đ

4

Thu cũ đổi mới: Giảm đến 2,000,000đ (Không kèm ưu đãi thanh toán qua cổng, mua kèm) Xem chi tiết";"Ưu đãi thanh toán Online (Click chọn để áp dụng)
Giảm 1.000.000đ
Áp dụng sản phẩm từ 10.000.000đ trở lên.
?
Giảm 250.000đ
Áp dụng sản phẩm từ 5.000.000đ trở lên.
?
Giảm 500.000đ
Áp dụng sản phẩm từ 5.000.000đ trở lên.
?";https://www.thegioididong.com/may-tinh-bang/ipad-mini-7-wifi;Skipped
iPad mini 7 WiFi 512GB;Đen - Xám;Yes;22090000;19990000;2026-01-10;"Khuyến mãi trị giá 400.000₫

Giá và khuyến mãi dự kiến áp dụng đến 23:59 | 10/01
1

Phiếu mua hàng Apple Pencil trị giá 400,000đ

2

Tặng Phiếu mua hàng mua Balo; Túi Chống sốc; Ốp lưng; KBV Camera; Sạc dự phòng (trừ AVA+, Hydrus); nhóm Tai nghe bluetooth, Loa Bluetooth các hãng JBL, Marshall,Harman Kardon; đồng hồ thông minh (trừ Apple) trị giá 100.000đ

3

PMH Sim data 500GB 1 tháng trị giá 100.000đ

4

Thu cũ đổi mới: Giảm đến 2,000,000đ (Không kèm ưu đãi thanh toán qua cổng, mua kèm) Xem chi tiết";"Ưu đãi thanh toán Online (Click chọn để áp dụng)
Giảm 1.000.000đ
Áp dụng sản phẩm từ 10.000.000đ trở lên.
?
Giảm 250.000đ
Áp dụng sản phẩm từ 5.000.000đ trở lên.
?
Giảm 500.000đ
Áp dụng sản phẩm từ 5.000.000đ trở lên.
?";https://www.thegioididong.com/may-tinh-bang/ipad-mini-7-wifi;Skipped
iPad mini 7 WiFi 512GB;Xanh Dương;Yes;22090000;19990000;2026-01-10;"Khuyến mãi trị giá 400.000₫

Giá và khuyến mãi dự kiến áp dụng đến 23:59 | 10/01
1

Phiếu mua hàng Apple Pencil trị giá 400,000đ

2

Tặng Phiếu mua hàng mua Balo; Túi Chống sốc; Ốp lưng; KBV Camera; Sạc dự phòng (trừ AVA+, Hydrus); nhóm Tai nghe bluetooth, Loa Bluetooth các hãng JBL, Marshall,Harman Kardon; đồng hồ thông minh (trừ Apple) trị giá 100.000đ

3

PMH Sim data 500GB 1 tháng trị giá 100.000đ

4

Thu cũ đổi mới: Giảm đến 2,000,000đ (Không kèm ưu đãi thanh toán qua cổng, mua kèm) Xem chi tiết";"Ưu đãi thanh toán Online (Click chọn để áp dụng)
Giảm 1.000.000đ
Áp dụng sản phẩm từ 10.000.000đ trở lên.
?
Giảm 250.000đ
Áp dụng sản phẩm từ 5.000.000đ trở lên.
?
Giảm 500.000đ
Áp dụng sản phẩm từ 5.000.000đ trở lên.
?";https://www.thegioididong.com/may-tinh-bang/ipad-mini-7-wifi;Skipped
