Product_Name;Color;Ton_Kho;Gia_Niem_Yet;Gia_Khuyen_Mai;Date;Khuyen_Mai;Thanh_Toan;Link;screenshot_name
Apple Watch Series 10 GPS + Cellular 46mm viền Titanium dây Milan;Default/Unknown;Yes;22190000;17990000;2026-04-17;"Khuyến mãi
Giá và khuyến mãi dự kiến áp dụng đến 23:59 | 30/04
1 Tặng Phiếu mua hàng Đồng hồ Định vị trẻ em trị giá 100.000đ
2 Giảm thêm 500,000đ từ phiếu mua hàng được tặng khi mua iPhone
3 NHẬN HOÀN NGAY ĐẾN 800.000đ khi mở thẻ tín dụng VPBANK MWG (Xem chi tiết tại đây)";;https://www.thegioididong.com/dong-ho-thong-minh/apple-watch-s10-lte-46mm-vien-titanium-day-thep;Skipped
Apple Watch Series 10 GPS + Cellular 42mm viền nhôm dây vải;42mm;Yes;13290000;11290000;2026-04-17;"Khuyến mãi
Giá và khuyến mãi dự kiến áp dụng đến 23:59 | 30/04
1 Tặng Phiếu mua hàng Đồng hồ Định vị trẻ em trị giá 100.000đ
2 Giảm thêm 500,000đ từ phiếu mua hàng được tặng khi mua iPhone
3 NHẬN HOÀN NGAY ĐẾN 800.000đ khi mở thẻ tín dụng VPBANK MWG (Xem chi tiết tại đây)";;https://www.thegioididong.com/dong-ho-thong-minh/apple-watch-series-10-lte-42mm-day-vai;Skipped
Apple Watch SE 3 GPS + Cellular 40mm viền nhôm dây thể thao;40mm;Yes;8490000;8390000;2026-04-17;"Khuyến mãi
Giá và khuyến mãi dự kiến áp dụng đến 23:59 | 30/04
1 Tặng Phiếu mua hàng Đồng hồ Định vị trẻ em trị giá 100.000đ
2 Giảm thêm 500,000đ từ phiếu mua hàng được tặng khi mua iPhone
3 NHẬN HOÀN NGAY ĐẾN 800.000đ khi mở thẻ tín dụng VPBANK MWG (Xem chi tiết tại đây)";;https://www.thegioididong.com/dong-ho-thong-minh/apple-watch-se-3-gps-cellular-40mm-vien-nhom-day-the-thao;Skipped
Apple Watch Series 11 GPS 42mm viền nhôm dây thể thao;42mm;Yes;11490000;11190000;2026-04-17;"Khuyến mãi
Giá và khuyến mãi dự kiến áp dụng đến 23:59 | 30/04
1 Tặng Phiếu mua hàng Đồng hồ Định vị trẻ em trị giá 100.000đ
2 Giảm thêm 500,000đ từ phiếu mua hàng được tặng khi mua iPhone
3 NHẬN HOÀN NGAY ĐẾN 800.000đ khi mở thẻ tín dụng VPBANK MWG (Xem chi tiết tại đây)";;https://www.thegioididong.com/dong-ho-thong-minh/apple-watch-series-11-42mm-vien-nhom-day-the-thao;Skipped
Apple Watch SE 3 GPS 40mm viền nhôm dây thể thao;40mm;Yes;6990000;6790000;2026-04-17;"Khuyến mãi
Giá và khuyến mãi dự kiến áp dụng đến 23:59 | 30/04
1 Tặng Phiếu mua hàng Đồng hồ Định vị trẻ em trị giá 100.000đ
2 Giảm thêm 500,000đ từ phiếu mua hàng được tặng khi mua iPhone
3 NHẬN HOÀN NGAY ĐẾN 800.000đ khi mở thẻ tín dụng VPBANK MWG (Xem chi tiết tại đây)";;https://www.thegioididong.com/dong-ho-thong-minh/apple-watch-se-3-40mm-vien-nhom-day-the-thao;Skipped
Apple Watch Series 10 GPS + Cellular 46mm viền nhôm dây vải;46mm;Yes;14090000;12590000;2026-04-17;"Khuyến mãi
Giá và khuyến mãi dự kiến áp dụng đến 23:59 | 30/04
1 Tặng Phiếu mua hàng Đồng hồ Định vị trẻ em trị giá 100.000đ
2 Giảm thêm 500,000đ từ phiếu mua hàng được tặng khi mua iPhone
3 NHẬN HOÀN NGAY ĐẾN 800.000đ khi mở thẻ tín dụng VPBANK MWG (Xem chi tiết tại đây)";;https://www.thegioididong.com/dong-ho-thong-minh/apple-watch-series-10-lte-42mm-day-vai;Skipped
Apple Watch Series 11 GPS + Cellular 42m viền Titanium dây thể thao;42mm;Yes;20990000;20490000;2026-04-17;"Khuyến mãi
Giá và khuyến mãi dự kiến áp dụng đến 23:59 | 30/04
1 Tặng Phiếu mua hàng Đồng hồ Định vị trẻ em trị giá 100.000đ
2 Giảm thêm 500,000đ từ phiếu mua hàng được tặng khi mua iPhone
3 NHẬN HOÀN NGAY ĐẾN 800.000đ khi mở thẻ tín dụng VPBANK MWG (Xem chi tiết tại đây)";;https://www.thegioididong.com/dong-ho-thong-minh/apple-watch-series-11-gps-cellular-42m-vien-titanium-day-the-thao;Skipped
Apple Watch Series 10 GPS + Cellular 46mm viền nhôm dây vải;Vàng Hồng;Yes;14090000;12590000;2026-04-17;"Khuyến mãi
Giá và khuyến mãi dự kiến áp dụng đến 23:59 | 30/04
1 Tặng Phiếu mua hàng Đồng hồ Định vị trẻ em trị giá 100.000đ
2 Giảm thêm 500,000đ từ phiếu mua hàng được tặng khi mua iPhone
3 NHẬN HOÀN NGAY ĐẾN 800.000đ khi mở thẻ tín dụng VPBANK MWG (Xem chi tiết tại đây)";;https://www.thegioididong.com/dong-ho-thong-minh/apple-watch-series-10-lte-42mm-day-vai;Skipped
Apple Watch SE 3 GPS 44mm viền nhôm dây thể thao;44mm;Yes;7850000;7690000;2026-04-17;"Khuyến mãi
Giá và khuyến mãi dự kiến áp dụng đến 23:59 | 30/04
1 Tặng Phiếu mua hàng Đồng hồ Định vị trẻ em trị giá 100.000đ
2 Giảm thêm 500,000đ từ phiếu mua hàng được tặng khi mua iPhone
3 NHẬN HOÀN NGAY ĐẾN 800.000đ khi mở thẻ tín dụng VPBANK MWG (Xem chi tiết tại đây)";;https://www.thegioididong.com/dong-ho-thong-minh/apple-watch-se-3-40mm-vien-nhom-day-the-thao;Skipped
"Apple Watch SE 3 GPS + Cellular 44mm viền nhôm dây thể thao
Đã bán 117
5 So sánh
Thông số";44mm;Yes;9350000;9190000;2026-04-17;"Khuyến mãi
Giá và khuyến mãi dự kiến áp dụng đến 23:59 | 30/04
1 Tặng Phiếu mua hàng Đồng hồ Định vị trẻ em trị giá 100.000đ
2 Giảm thêm 500,000đ từ phiếu mua hàng được tặng khi mua iPhone
3 NHẬN HOÀN NGAY ĐẾN 800.000đ khi mở thẻ tín dụng VPBANK MWG (Xem chi tiết tại đây)";;https://www.thegioididong.com/dong-ho-thong-minh/apple-watch-se-3-gps-cellular-40mm-vien-nhom-day-the-thao;Skipped
Apple Watch Series 11 GPS + Cellular 46mm viền Titanium dây thể thao;46mm;Yes;22490000;22190000;2026-04-17;"Khuyến mãi
Giá và khuyến mãi dự kiến áp dụng đến 23:59 | 30/04
1 Tặng Phiếu mua hàng Đồng hồ Định vị trẻ em trị giá 100.000đ
2 Giảm thêm 500,000đ từ phiếu mua hàng được tặng khi mua iPhone
3 NHẬN HOÀN NGAY ĐẾN 800.000đ khi mở thẻ tín dụng VPBANK MWG (Xem chi tiết tại đây)";;https://www.thegioididong.com/dong-ho-thong-minh/apple-watch-series-11-gps-cellular-42m-vien-titanium-day-the-thao;Skipped
Apple Watch SE 3 GPS 44mm viền nhôm dây thể thao;Trắng Starlight;Yes;7850000;7690000;2026-04-17;"Khuyến mãi
Giá và khuyến mãi dự kiến áp dụng đến 23:59 | 30/04
1 Tặng Phiếu mua hàng Đồng hồ Định vị trẻ em trị giá 100.000đ
2 Giảm thêm 500,000đ từ phiếu mua hàng được tặng khi mua iPhone
3 NHẬN HOÀN NGAY ĐẾN 800.000đ khi mở thẻ tín dụng VPBANK MWG (Xem chi tiết tại đây)";;https://www.thegioididong.com/dong-ho-thong-minh/apple-watch-se-3-40mm-vien-nhom-day-the-thao;Skipped
"Apple Watch Series 11 GPS 46mm viền nhôm dây thể thao
Đã bán 1,5k
5 So sánh
Thông số";46mm;Yes;12350000;11990000;2026-04-17;"Khuyến mãi
Giá và khuyến mãi dự kiến áp dụng đến 23:59 | 30/04
1 Tặng Phiếu mua hàng Đồng hồ Định vị trẻ em trị giá 100.000đ
2 Giảm thêm 500,000đ từ phiếu mua hàng được tặng khi mua iPhone
3 NHẬN HOÀN NGAY ĐẾN 800.000đ khi mở thẻ tín dụng VPBANK MWG (Xem chi tiết tại đây)";;https://www.thegioididong.com/dong-ho-thong-minh/apple-watch-series-11-42mm-vien-nhom-day-the-thao;Skipped
Apple Watch Series 10 GPS + Cellular 46mm viền nhôm dây vải;Đen bóng;Yes;14090000;12590000;2026-04-17;"Khuyến mãi
Giá và khuyến mãi dự kiến áp dụng đến 23:59 | 30/04
1 Tặng Phiếu mua hàng Đồng hồ Định vị trẻ em trị giá 100.000đ
2 Giảm thêm 500,000đ từ phiếu mua hàng được tặng khi mua iPhone
3 NHẬN HOÀN NGAY ĐẾN 800.000đ khi mở thẻ tín dụng VPBANK MWG (Xem chi tiết tại đây)";;https://www.thegioididong.com/dong-ho-thong-minh/apple-watch-series-10-lte-42mm-day-vai;Skipped
Apple Watch SE 3 GPS + Cellular 44mm viền nhôm dây thể thao;Trắng Starlight;Yes;9350000;9190000;2026-04-17;"Khuyến mãi
Giá và khuyến mãi dự kiến áp dụng đến 23:59 | 30/04
1 Tặng Phiếu mua hàng Đồng hồ Định vị trẻ em trị giá 100.000đ
2 Giảm thêm 500,000đ từ phiếu mua hàng được tặng khi mua iPhone
3 NHẬN HOÀN NGAY ĐẾN 800.000đ khi mở thẻ tín dụng VPBANK MWG (Xem chi tiết tại đây)";;https://www.thegioididong.com/dong-ho-thong-minh/apple-watch-se-3-gps-cellular-40mm-vien-nhom-day-the-thao;Skipped
Apple Watch Series 11 GPS 46mm viền nhôm dây thể thao;Xám;Yes;12350000;11990000;2026-04-17;"Khuyến mãi
Giá và khuyến mãi dự kiến áp dụng đến 23:59 | 30/04
1 Tặng Phiếu mua hàng Đồng hồ Định vị trẻ em trị giá 100.000đ
2 Giảm thêm 500,000đ từ phiếu mua hàng được tặng khi mua iPhone
3 NHẬN HOÀN NGAY ĐẾN 800.000đ khi mở thẻ tín dụng VPBANK MWG (Xem chi tiết tại đây)";;https://www.thegioididong.com/dong-ho-thong-minh/apple-watch-series-11-42mm-vien-nhom-day-the-thao;Skipped
Apple Watch SE 3 GPS 44mm viền nhôm dây thể thao;Xanh đen;Yes;7850000;7690000;2026-04-17;"Khuyến mãi
Giá và khuyến mãi dự kiến áp dụng đến 23:59 | 30/04
1 Tặng Phiếu mua hàng Đồng hồ Định vị trẻ em trị giá 100.000đ
2 Giảm thêm 500,000đ từ phiếu mua hàng được tặng khi mua iPhone
3 NHẬN HOÀN NGAY ĐẾN 800.000đ khi mở thẻ tín dụng VPBANK MWG (Xem chi tiết tại đây)";;https://www.thegioididong.com/dong-ho-thong-minh/apple-watch-se-3-40mm-vien-nhom-day-the-thao;Skipped
Apple Watch Series 11 GPS + Cellular 42m viền Titanium dây thể thao;42mm;Yes;20990000;20490000;2026-04-17;"Khuyến mãi
Giá và khuyến mãi dự kiến áp dụng đến 23:59 | 30/04
1 Tặng Phiếu mua hàng Đồng hồ Định vị trẻ em trị giá 100.000đ
2 Giảm thêm 500,000đ từ phiếu mua hàng được tặng khi mua iPhone
3 NHẬN HOÀN NGAY ĐẾN 800.000đ khi mở thẻ tín dụng VPBANK MWG (Xem chi tiết tại đây)";;https://www.thegioididong.com/dong-ho-thong-minh/apple-watch-series-11-gps-cellular-42m-vien-titanium-day-the-thao;Skipped
Apple Watch Series 10 GPS + Cellular 42mm viền nhôm dây vải;42mm;Yes;13290000;11290000;2026-04-17;"Khuyến mãi
Giá và khuyến mãi dự kiến áp dụng đến 23:59 | 30/04
1 Tặng Phiếu mua hàng Đồng hồ Định vị trẻ em trị giá 100.000đ
2 Giảm thêm 500,000đ từ phiếu mua hàng được tặng khi mua iPhone
3 NHẬN HOÀN NGAY ĐẾN 800.000đ khi mở thẻ tín dụng VPBANK MWG (Xem chi tiết tại đây)";;https://www.thegioididong.com/dong-ho-thong-minh/apple-watch-series-10-lte-42mm-day-vai;Skipped
Apple Watch Series 11 GPS 46mm viền nhôm dây thể thao;Vàng Hồng;Yes;12350000;11990000;2026-04-17;"Khuyến mãi
Giá và khuyến mãi dự kiến áp dụng đến 23:59 | 30/04
1 Tặng Phiếu mua hàng Đồng hồ Định vị trẻ em trị giá 100.000đ
2 Giảm thêm 500,000đ từ phiếu mua hàng được tặng khi mua iPhone
3 NHẬN HOÀN NGAY ĐẾN 800.000đ khi mở thẻ tín dụng VPBANK MWG (Xem chi tiết tại đây)";;https://www.thegioididong.com/dong-ho-thong-minh/apple-watch-series-11-42mm-vien-nhom-day-the-thao;Skipped
Apple Watch SE 3 GPS + Cellular 44mm viền nhôm dây thể thao;Xanh đen;Yes;9350000;9190000;2026-04-17;"Khuyến mãi
Giá và khuyến mãi dự kiến áp dụng đến 23:59 | 30/04
1 Tặng Phiếu mua hàng Đồng hồ Định vị trẻ em trị giá 100.000đ
2 Giảm thêm 500,000đ từ phiếu mua hàng được tặng khi mua iPhone
3 NHẬN HOÀN NGAY ĐẾN 800.000đ khi mở thẻ tín dụng VPBANK MWG (Xem chi tiết tại đây)";;https://www.thegioididong.com/dong-ho-thong-minh/apple-watch-se-3-gps-cellular-40mm-vien-nhom-day-the-thao;Skipped
Apple Watch SE 3 GPS 40mm viền nhôm dây thể thao;40mm;Yes;6990000;6790000;2026-04-17;"Khuyến mãi
Giá và khuyến mãi dự kiến áp dụng đến 23:59 | 30/04
1 Tặng Phiếu mua hàng Đồng hồ Định vị trẻ em trị giá 100.000đ
2 Giảm thêm 500,000đ từ phiếu mua hàng được tặng khi mua iPhone
3 NHẬN HOÀN NGAY ĐẾN 800.000đ khi mở thẻ tín dụng VPBANK MWG (Xem chi tiết tại đây)";;https://www.thegioididong.com/dong-ho-thong-minh/apple-watch-se-3-40mm-vien-nhom-day-the-thao;Skipped
Apple Watch Series 11 GPS + Cellular 46mm viền Titanium dây thể thao;46mm;Yes;22490000;22190000;2026-04-17;"Khuyến mãi
Giá và khuyến mãi dự kiến áp dụng đến 23:59 | 30/04
1 Tặng Phiếu mua hàng Đồng hồ Định vị trẻ em trị giá 100.000đ
2 Giảm thêm 500,000đ từ phiếu mua hàng được tặng khi mua iPhone
3 NHẬN HOÀN NGAY ĐẾN 800.000đ khi mở thẻ tín dụng VPBANK MWG (Xem chi tiết tại đây)";;https://www.thegioididong.com/dong-ho-thong-minh/apple-watch-series-11-gps-cellular-42m-vien-titanium-day-the-thao;Skipped
Apple Watch Series 10 GPS + Cellular 46mm viền nhôm dây vải;46mm;Yes;14090000;12590000;2026-04-17;"Khuyến mãi
Giá và khuyến mãi dự kiến áp dụng đến 23:59 | 30/04
1 Tặng Phiếu mua hàng Đồng hồ Định vị trẻ em trị giá 100.000đ
2 Giảm thêm 500,000đ từ phiếu mua hàng được tặng khi mua iPhone
3 NHẬN HOÀN NGAY ĐẾN 800.000đ khi mở thẻ tín dụng VPBANK MWG (Xem chi tiết tại đây)";;https://www.thegioididong.com/dong-ho-thong-minh/apple-watch-series-10-lte-42mm-day-vai;Skipped
Apple Watch Series 11 GPS 46mm viền nhôm dây thể thao;Đen bóng;Yes;12350000;11990000;2026-04-17;"Khuyến mãi
Giá và khuyến mãi dự kiến áp dụng đến 23:59 | 30/04
1 Tặng Phiếu mua hàng Đồng hồ Định vị trẻ em trị giá 100.000đ
2 Giảm thêm 500,000đ từ phiếu mua hàng được tặng khi mua iPhone
3 NHẬN HOÀN NGAY ĐẾN 800.000đ khi mở thẻ tín dụng VPBANK MWG (Xem chi tiết tại đây)";;https://www.thegioididong.com/dong-ho-thong-minh/apple-watch-series-11-42mm-vien-nhom-day-the-thao;Skipped
Apple Watch Series 11 GPS + Cellular 46mm viền Titanium dây thể thao;Titan vàng;Yes;22490000;22190000;2026-04-17;"Khuyến mãi
Giá và khuyến mãi dự kiến áp dụng đến 23:59 | 30/04
1 Tặng Phiếu mua hàng Đồng hồ Định vị trẻ em trị giá 100.000đ
2 Giảm thêm 500,000đ từ phiếu mua hàng được tặng khi mua iPhone
3 NHẬN HOÀN NGAY ĐẾN 800.000đ khi mở thẻ tín dụng VPBANK MWG (Xem chi tiết tại đây)";;https://www.thegioididong.com/dong-ho-thong-minh/apple-watch-series-11-gps-cellular-42m-vien-titanium-day-the-thao;Skipped
Apple Watch Series 10 GPS + Cellular 46mm viền nhôm dây vải;Vàng Hồng;Yes;14090000;12590000;2026-04-17;"Khuyến mãi
Giá và khuyến mãi dự kiến áp dụng đến 23:59 | 30/04
1 Tặng Phiếu mua hàng Đồng hồ Định vị trẻ em trị giá 100.000đ
2 Giảm thêm 500,000đ từ phiếu mua hàng được tặng khi mua iPhone
3 NHẬN HOÀN NGAY ĐẾN 800.000đ khi mở thẻ tín dụng VPBANK MWG (Xem chi tiết tại đây)";;https://www.thegioididong.com/dong-ho-thong-minh/apple-watch-series-10-lte-42mm-day-vai;Skipped
Apple Watch SE 3 GPS + Cellular 40mm viền nhôm dây thể thao;40mm;Yes;8490000;8390000;2026-04-17;"Khuyến mãi
Giá và khuyến mãi dự kiến áp dụng đến 23:59 | 30/04
1 Tặng Phiếu mua hàng Đồng hồ Định vị trẻ em trị giá 100.000đ
2 Giảm thêm 500,000đ từ phiếu mua hàng được tặng khi mua iPhone
3 NHẬN HOÀN NGAY ĐẾN 800.000đ khi mở thẻ tín dụng VPBANK MWG (Xem chi tiết tại đây)";;https://www.thegioididong.com/dong-ho-thong-minh/apple-watch-se-3-gps-cellular-40mm-vien-nhom-day-the-thao;Skipped
Apple Watch SE 3 GPS 44mm viền nhôm dây thể thao;44mm;Yes;7850000;7690000;2026-04-17;"Khuyến mãi
Giá và khuyến mãi dự kiến áp dụng đến 23:59 | 30/04
1 Tặng Phiếu mua hàng Đồng hồ Định vị trẻ em trị giá 100.000đ
2 Giảm thêm 500,000đ từ phiếu mua hàng được tặng khi mua iPhone
3 NHẬN HOÀN NGAY ĐẾN 800.000đ khi mở thẻ tín dụng VPBANK MWG (Xem chi tiết tại đây)";;https://www.thegioididong.com/dong-ho-thong-minh/apple-watch-se-3-40mm-vien-nhom-day-the-thao;Skipped
Apple Watch Series 10 GPS + Cellular 46mm viền nhôm dây vải;Đen bóng;Yes;14090000;12590000;2026-04-17;"Khuyến mãi
Giá và khuyến mãi dự kiến áp dụng đến 23:59 | 30/04
1 Tặng Phiếu mua hàng Đồng hồ Định vị trẻ em trị giá 100.000đ
2 Giảm thêm 500,000đ từ phiếu mua hàng được tặng khi mua iPhone
3 NHẬN HOÀN NGAY ĐẾN 800.000đ khi mở thẻ tín dụng VPBANK MWG (Xem chi tiết tại đây)";;https://www.thegioididong.com/dong-ho-thong-minh/apple-watch-series-10-lte-42mm-day-vai;Skipped
Apple Watch SE 3 GPS + Cellular 44mm viền nhôm dây thể thao;44mm;Yes;9350000;9190000;2026-04-17;"Khuyến mãi
Giá và khuyến mãi dự kiến áp dụng đến 23:59 | 30/04
1 Tặng Phiếu mua hàng Đồng hồ Định vị trẻ em trị giá 100.000đ
2 Giảm thêm 500,000đ từ phiếu mua hàng được tặng khi mua iPhone
3 NHẬN HOÀN NGAY ĐẾN 800.000đ khi mở thẻ tín dụng VPBANK MWG (Xem chi tiết tại đây)";;https://www.thegioididong.com/dong-ho-thong-minh/apple-watch-se-3-gps-cellular-40mm-vien-nhom-day-the-thao;Skipped
Apple Watch SE 3 GPS 44mm viền nhôm dây thể thao;Trắng Starlight;Yes;7850000;7690000;2026-04-17;"Khuyến mãi
Giá và khuyến mãi dự kiến áp dụng đến 23:59 | 30/04
1 Tặng Phiếu mua hàng Đồng hồ Định vị trẻ em trị giá 100.000đ
2 Giảm thêm 500,000đ từ phiếu mua hàng được tặng khi mua iPhone
3 NHẬN HOÀN NGAY ĐẾN 800.000đ khi mở thẻ tín dụng VPBANK MWG (Xem chi tiết tại đây)";;https://www.thegioididong.com/dong-ho-thong-minh/apple-watch-se-3-40mm-vien-nhom-day-the-thao;Skipped
Apple Watch Series 11 GPS 42mm viền nhôm dây thể thao;42mm;Yes;11490000;11190000;2026-04-17;"Khuyến mãi
Giá và khuyến mãi dự kiến áp dụng đến 23:59 | 30/04
1 Tặng Phiếu mua hàng Đồng hồ Định vị trẻ em trị giá 100.000đ
2 Giảm thêm 500,000đ từ phiếu mua hàng được tặng khi mua iPhone
3 NHẬN HOÀN NGAY ĐẾN 800.000đ khi mở thẻ tín dụng VPBANK MWG (Xem chi tiết tại đây)";;https://www.thegioididong.com/dong-ho-thong-minh/apple-watch-series-11-42mm-vien-nhom-day-the-thao;Skipped
Apple Watch Series 11 GPS + Cellular 46mm viền Titanium dây thể thao;Titan tự nhiên;Yes;22490000;22190000;2026-04-17;"Khuyến mãi
Giá và khuyến mãi dự kiến áp dụng đến 23:59 | 30/04
1 Tặng Phiếu mua hàng Đồng hồ Định vị trẻ em trị giá 100.000đ
2 Giảm thêm 500,000đ từ phiếu mua hàng được tặng khi mua iPhone
3 NHẬN HOÀN NGAY ĐẾN 800.000đ khi mở thẻ tín dụng VPBANK MWG (Xem chi tiết tại đây)";;https://www.thegioididong.com/dong-ho-thong-minh/apple-watch-series-11-gps-cellular-42m-vien-titanium-day-the-thao;Skipped
Apple Watch SE 3 GPS + Cellular 44mm viền nhôm dây thể thao;Trắng Starlight;Yes;9350000;9190000;2026-04-17;"Khuyến mãi
Giá và khuyến mãi dự kiến áp dụng đến 23:59 | 30/04
1 Tặng Phiếu mua hàng Đồng hồ Định vị trẻ em trị giá 100.000đ
2 Giảm thêm 500,000đ từ phiếu mua hàng được tặng khi mua iPhone
3 NHẬN HOÀN NGAY ĐẾN 800.000đ khi mở thẻ tín dụng VPBANK MWG (Xem chi tiết tại đây)";;https://www.thegioididong.com/dong-ho-thong-minh/apple-watch-se-3-gps-cellular-40mm-vien-nhom-day-the-thao;Skipped
Apple Watch SE 3 GPS 44mm viền nhôm dây thể thao;Xanh đen;Yes;7850000;7690000;2026-04-17;"Khuyến mãi
Giá và khuyến mãi dự kiến áp dụng đến 23:59 | 30/04
1 Tặng Phiếu mua hàng Đồng hồ Định vị trẻ em trị giá 100.000đ
2 Giảm thêm 500,000đ từ phiếu mua hàng được tặng khi mua iPhone
3 NHẬN HOÀN NGAY ĐẾN 800.000đ khi mở thẻ tín dụng VPBANK MWG (Xem chi tiết tại đây)";;https://www.thegioididong.com/dong-ho-thong-minh/apple-watch-se-3-40mm-vien-nhom-day-the-thao;Skipped
Apple Watch Series 11 GPS 46mm viền nhôm dây thể thao;46mm;Yes;12350000;11990000;2026-04-17;"Khuyến mãi
Giá và khuyến mãi dự kiến áp dụng đến 23:59 | 30/04
1 Tặng Phiếu mua hàng Đồng hồ Định vị trẻ em trị giá 100.000đ
2 Giảm thêm 500,000đ từ phiếu mua hàng được tặng khi mua iPhone
3 NHẬN HOÀN NGAY ĐẾN 800.000đ khi mở thẻ tín dụng VPBANK MWG (Xem chi tiết tại đây)";;https://www.thegioididong.com/dong-ho-thong-minh/apple-watch-series-11-42mm-vien-nhom-day-the-thao;Skipped
Apple Watch Series 11 GPS + Cellular 46mm viền Titanium dây thể thao;Titan xám;Yes;22490000;22190000;2026-04-17;"Khuyến mãi
Giá và khuyến mãi dự kiến áp dụng đến 23:59 | 30/04
1 Tặng Phiếu mua hàng Đồng hồ Định vị trẻ em trị giá 100.000đ
2 Giảm thêm 500,000đ từ phiếu mua hàng được tặng khi mua iPhone
3 NHẬN HOÀN NGAY ĐẾN 800.000đ khi mở thẻ tín dụng VPBANK MWG (Xem chi tiết tại đây)";;https://www.thegioididong.com/dong-ho-thong-minh/apple-watch-series-11-gps-cellular-42m-vien-titanium-day-the-thao;Skipped
Apple Watch Series 10 GPS + Cellular 42mm viền nhôm dây vải;42mm;Yes;13290000;11290000;2026-04-17;"Khuyến mãi
Giá và khuyến mãi dự kiến áp dụng đến 23:59 | 30/04
1 Tặng Phiếu mua hàng Đồng hồ Định vị trẻ em trị giá 100.000đ
2 Giảm thêm 500,000đ từ phiếu mua hàng được tặng khi mua iPhone
3 NHẬN HOÀN NGAY ĐẾN 800.000đ khi mở thẻ tín dụng VPBANK MWG (Xem chi tiết tại đây)";;https://www.thegioididong.com/dong-ho-thong-minh/apple-watch-series-10-lte-42mm-day-vai;Skipped
Apple Watch SE 3 GPS + Cellular 44mm viền nhôm dây thể thao;Xanh đen;Yes;9350000;9190000;2026-04-17;"Khuyến mãi
Giá và khuyến mãi dự kiến áp dụng đến 23:59 | 30/04
1 Tặng Phiếu mua hàng Đồng hồ Định vị trẻ em trị giá 100.000đ
2 Giảm thêm 500,000đ từ phiếu mua hàng được tặng khi mua iPhone
3 NHẬN HOÀN NGAY ĐẾN 800.000đ khi mở thẻ tín dụng VPBANK MWG (Xem chi tiết tại đây)";;https://www.thegioididong.com/dong-ho-thong-minh/apple-watch-se-3-gps-cellular-40mm-vien-nhom-day-the-thao;Skipped
Apple Watch Series 11 GPS 46mm viền nhôm dây thể thao;Xám;Yes;12350000;11990000;2026-04-17;"Khuyến mãi
Giá và khuyến mãi dự kiến áp dụng đến 23:59 | 30/04
1 Tặng Phiếu mua hàng Đồng hồ Định vị trẻ em trị giá 100.000đ
2 Giảm thêm 500,000đ từ phiếu mua hàng được tặng khi mua iPhone
3 NHẬN HOÀN NGAY ĐẾN 800.000đ khi mở thẻ tín dụng VPBANK MWG (Xem chi tiết tại đây)";;https://www.thegioididong.com/dong-ho-thong-minh/apple-watch-series-11-42mm-vien-nhom-day-the-thao;Skipped
Apple Watch SE 3 GPS 40mm viền nhôm dây thể thao;40mm;Yes;6990000;6790000;2026-04-17;"Khuyến mãi
Giá và khuyến mãi dự kiến áp dụng đến 23:59 | 30/04
1 Tặng Phiếu mua hàng Đồng hồ Định vị trẻ em trị giá 100.000đ
2 Giảm thêm 500,000đ từ phiếu mua hàng được tặng khi mua iPhone
3 NHẬN HOÀN NGAY ĐẾN 800.000đ khi mở thẻ tín dụng VPBANK MWG (Xem chi tiết tại đây)";;https://www.thegioididong.com/dong-ho-thong-minh/apple-watch-se-3-40mm-vien-nhom-day-the-thao;Skipped
Apple Watch Series 10 GPS + Cellular 46mm viền nhôm dây vải;46mm;Yes;14090000;12590000;2026-04-17;"Khuyến mãi
Giá và khuyến mãi dự kiến áp dụng đến 23:59 | 30/04
1 Tặng Phiếu mua hàng Đồng hồ Định vị trẻ em trị giá 100.000đ
2 Giảm thêm 500,000đ từ phiếu mua hàng được tặng khi mua iPhone
3 NHẬN HOÀN NGAY ĐẾN 800.000đ khi mở thẻ tín dụng VPBANK MWG (Xem chi tiết tại đây)";;https://www.thegioididong.com/dong-ho-thong-minh/apple-watch-series-10-lte-42mm-day-vai;Skipped
Apple Watch Series 11 GPS 46mm viền nhôm dây thể thao;Vàng Hồng;Yes;12350000;11990000;2026-04-17;"Khuyến mãi
Giá và khuyến mãi dự kiến áp dụng đến 23:59 | 30/04
1 Tặng Phiếu mua hàng Đồng hồ Định vị trẻ em trị giá 100.000đ
2 Giảm thêm 500,000đ từ phiếu mua hàng được tặng khi mua iPhone
3 NHẬN HOÀN NGAY ĐẾN 800.000đ khi mở thẻ tín dụng VPBANK MWG (Xem chi tiết tại đây)";;https://www.thegioididong.com/dong-ho-thong-minh/apple-watch-series-11-42mm-vien-nhom-day-the-thao;Skipped
Apple Watch SE 3 GPS + Cellular 40mm viền nhôm dây thể thao;40mm;Yes;8490000;8390000;2026-04-17;"Khuyến mãi
Giá và khuyến mãi dự kiến áp dụng đến 23:59 | 30/04
1 Tặng Phiếu mua hàng Đồng hồ Định vị trẻ em trị giá 100.000đ
2 Giảm thêm 500,000đ từ phiếu mua hàng được tặng khi mua iPhone
3 NHẬN HOÀN NGAY ĐẾN 800.000đ khi mở thẻ tín dụng VPBANK MWG (Xem chi tiết tại đây)";;https://www.thegioididong.com/dong-ho-thong-minh/apple-watch-se-3-gps-cellular-40mm-vien-nhom-day-the-thao;Skipped
Apple Watch SE 3 GPS 44mm viền nhôm dây thể thao;44mm;Yes;7850000;7690000;2026-04-17;"Khuyến mãi
Giá và khuyến mãi dự kiến áp dụng đến 23:59 | 30/04
1 Tặng Phiếu mua hàng Đồng hồ Định vị trẻ em trị giá 100.000đ
2 Giảm thêm 500,000đ từ phiếu mua hàng được tặng khi mua iPhone
3 NHẬN HOÀN NGAY ĐẾN 800.000đ khi mở thẻ tín dụng VPBANK MWG (Xem chi tiết tại đây)";;https://www.thegioididong.com/dong-ho-thong-minh/apple-watch-se-3-40mm-vien-nhom-day-the-thao;Skipped
Apple Watch Series 10 GPS + Cellular 46mm viền nhôm dây vải;Vàng Hồng;Yes;14090000;12590000;2026-04-17;"Khuyến mãi
Giá và khuyến mãi dự kiến áp dụng đến 23:59 | 30/04
1 Tặng Phiếu mua hàng Đồng hồ Định vị trẻ em trị giá 100.000đ
2 Giảm thêm 500,000đ từ phiếu mua hàng được tặng khi mua iPhone
3 NHẬN HOÀN NGAY ĐẾN 800.000đ khi mở thẻ tín dụng VPBANK MWG (Xem chi tiết tại đây)";;https://www.thegioididong.com/dong-ho-thong-minh/apple-watch-series-10-lte-42mm-day-vai;Skipped
Apple Watch Series 11 GPS + Cellular 42mm viền nhôm dây thể thao;42mm;Yes;14490000;14090000;2026-04-17;"Khuyến mãi
Giá và khuyến mãi dự kiến áp dụng đến 23:59 | 30/04
1 Tặng Phiếu mua hàng Đồng hồ Định vị trẻ em trị giá 100.000đ
2 Giảm thêm 500,000đ từ phiếu mua hàng được tặng khi mua iPhone
3 NHẬN HOÀN NGAY ĐẾN 800.000đ khi mở thẻ tín dụng VPBANK MWG (Xem chi tiết tại đây)";;https://www.thegioididong.com/dong-ho-thong-minh/apple-watch-series-11-gps-cellular-42mm-vien-nhom-day-the-thao;Skipped
Apple Watch Series 11 GPS 46mm viền nhôm dây thể thao;Đen bóng;Yes;12350000;11990000;2026-04-17;"Khuyến mãi
Giá và khuyến mãi dự kiến áp dụng đến 23:59 | 30/04
1 Tặng Phiếu mua hàng Đồng hồ Định vị trẻ em trị giá 100.000đ
2 Giảm thêm 500,000đ từ phiếu mua hàng được tặng khi mua iPhone
3 NHẬN HOÀN NGAY ĐẾN 800.000đ khi mở thẻ tín dụng VPBANK MWG (Xem chi tiết tại đây)";;https://www.thegioididong.com/dong-ho-thong-minh/apple-watch-series-11-42mm-vien-nhom-day-the-thao;Skipped
Apple Watch SE 3 GPS 44mm viền nhôm dây thể thao;Trắng Starlight;Yes;7850000;7690000;2026-04-17;"Khuyến mãi
Giá và khuyến mãi dự kiến áp dụng đến 23:59 | 30/04
1 Tặng Phiếu mua hàng Đồng hồ Định vị trẻ em trị giá 100.000đ
2 Giảm thêm 500,000đ từ phiếu mua hàng được tặng khi mua iPhone
3 NHẬN HOÀN NGAY ĐẾN 800.000đ khi mở thẻ tín dụng VPBANK MWG (Xem chi tiết tại đây)";;https://www.thegioididong.com/dong-ho-thong-minh/apple-watch-se-3-40mm-vien-nhom-day-the-thao;Skipped
Apple Watch SE 3 GPS + Cellular 44mm viền nhôm dây thể thao;44mm;Yes;9350000;9190000;2026-04-17;"Khuyến mãi
Giá và khuyến mãi dự kiến áp dụng đến 23:59 | 30/04
1 Tặng Phiếu mua hàng Đồng hồ Định vị trẻ em trị giá 100.000đ
2 Giảm thêm 500,000đ từ phiếu mua hàng được tặng khi mua iPhone
3 NHẬN HOÀN NGAY ĐẾN 800.000đ khi mở thẻ tín dụng VPBANK MWG (Xem chi tiết tại đây)";;https://www.thegioididong.com/dong-ho-thong-minh/apple-watch-se-3-gps-cellular-40mm-vien-nhom-day-the-thao;Skipped
Apple Watch Series 10 GPS + Cellular 46mm viền nhôm dây vải;Đen bóng;Yes;14090000;12590000;2026-04-17;"Khuyến mãi
Giá và khuyến mãi dự kiến áp dụng đến 23:59 | 30/04
1 Tặng Phiếu mua hàng Đồng hồ Định vị trẻ em trị giá 100.000đ
2 Giảm thêm 500,000đ từ phiếu mua hàng được tặng khi mua iPhone
3 NHẬN HOÀN NGAY ĐẾN 800.000đ khi mở thẻ tín dụng VPBANK MWG (Xem chi tiết tại đây)";;https://www.thegioididong.com/dong-ho-thong-minh/apple-watch-series-10-lte-42mm-day-vai;Skipped
Apple Watch SE 3 GPS + Cellular 44mm viền nhôm dây thể thao;Trắng Starlight;Yes;9350000;9190000;2026-04-17;"Khuyến mãi
Giá và khuyến mãi dự kiến áp dụng đến 23:59 | 30/04
1 Tặng Phiếu mua hàng Đồng hồ Định vị trẻ em trị giá 100.000đ
2 Giảm thêm 500,000đ từ phiếu mua hàng được tặng khi mua iPhone
3 NHẬN HOÀN NGAY ĐẾN 800.000đ khi mở thẻ tín dụng VPBANK MWG (Xem chi tiết tại đây)";;https://www.thegioididong.com/dong-ho-thong-minh/apple-watch-se-3-gps-cellular-40mm-vien-nhom-day-the-thao;Skipped
Apple Watch SE 3 GPS 44mm viền nhôm dây thể thao;Xanh đen;Yes;7850000;7690000;2026-04-17;"Khuyến mãi
Giá và khuyến mãi dự kiến áp dụng đến 23:59 | 30/04
1 Tặng Phiếu mua hàng Đồng hồ Định vị trẻ em trị giá 100.000đ
2 Giảm thêm 500,000đ từ phiếu mua hàng được tặng khi mua iPhone
3 NHẬN HOÀN NGAY ĐẾN 800.000đ khi mở thẻ tín dụng VPBANK MWG (Xem chi tiết tại đây)";;https://www.thegioididong.com/dong-ho-thong-minh/apple-watch-se-3-40mm-vien-nhom-day-the-thao;Skipped
Apple Watch Series 11 GPS + Cellular 46mm viền nhôm dây thể thao;46mm;Yes;15350000;14990000;2026-04-17;"Khuyến mãi
Giá và khuyến mãi dự kiến áp dụng đến 23:59 | 30/04
1 Tặng Phiếu mua hàng Đồng hồ Định vị trẻ em trị giá 100.000đ
2 Giảm thêm 500,000đ từ phiếu mua hàng được tặng khi mua iPhone
3 NHẬN HOÀN NGAY ĐẾN 800.000đ khi mở thẻ tín dụng VPBANK MWG (Xem chi tiết tại đây)";;https://www.thegioididong.com/dong-ho-thong-minh/apple-watch-series-11-gps-cellular-42mm-vien-nhom-day-the-thao;Skipped
Apple Watch Series 11 GPS + Cellular 42mm viền nhôm dây thể thao;42mm;Yes;14490000;14090000;2026-04-17;"Khuyến mãi
Giá và khuyến mãi dự kiến áp dụng đến 23:59 | 30/04
1 Tặng Phiếu mua hàng Đồng hồ Định vị trẻ em trị giá 100.000đ
2 Giảm thêm 500,000đ từ phiếu mua hàng được tặng khi mua iPhone
3 NHẬN HOÀN NGAY ĐẾN 800.000đ khi mở thẻ tín dụng VPBANK MWG (Xem chi tiết tại đây)";;https://www.thegioididong.com/dong-ho-thong-minh/apple-watch-series-11-gps-cellular-42mm-vien-nhom-day-the-thao;Skipped
Apple Watch Series 11 GPS + Cellular 42mm viền Titanium dây Milan;42mm;Yes;22490000;21790000;2026-04-17;"Khuyến mãi
Giá và khuyến mãi dự kiến áp dụng đến 23:59 | 30/04
1 Tặng Phiếu mua hàng Đồng hồ Định vị trẻ em trị giá 100.000đ
2 Giảm thêm 500,000đ từ phiếu mua hàng được tặng khi mua iPhone
3 NHẬN HOÀN NGAY ĐẾN 800.000đ khi mở thẻ tín dụng VPBANK MWG (Xem chi tiết tại đây)";;https://www.thegioididong.com/dong-ho-thong-minh/apple-watch-series-11-gps-cellular-42mm-vien-titanium-day-milan;Skipped
Apple Watch Series 11 GPS + Cellular 46mm viền nhôm dây thể thao;46mm;Yes;15350000;14990000;2026-04-17;"Khuyến mãi
Giá và khuyến mãi dự kiến áp dụng đến 23:59 | 30/04
1 Tặng Phiếu mua hàng Đồng hồ Định vị trẻ em trị giá 100.000đ
2 Giảm thêm 500,000đ từ phiếu mua hàng được tặng khi mua iPhone
3 NHẬN HOÀN NGAY ĐẾN 800.000đ khi mở thẻ tín dụng VPBANK MWG (Xem chi tiết tại đây)";;https://www.thegioididong.com/dong-ho-thong-minh/apple-watch-series-11-gps-cellular-42mm-vien-nhom-day-the-thao;Skipped
Apple Watch Series 11 GPS + Cellular 46mm viền Titanium dây Milan;46mm;Yes;23990000;23590000;2026-04-17;"Khuyến mãi
Giá và khuyến mãi dự kiến áp dụng đến 23:59 | 30/04
1 Tặng Phiếu mua hàng Đồng hồ Định vị trẻ em trị giá 100.000đ
2 Giảm thêm 500,000đ từ phiếu mua hàng được tặng khi mua iPhone
3 NHẬN HOÀN NGAY ĐẾN 800.000đ khi mở thẻ tín dụng VPBANK MWG (Xem chi tiết tại đây)";;https://www.thegioididong.com/dong-ho-thong-minh/apple-watch-series-11-gps-cellular-42mm-vien-titanium-day-milan;Skipped
Apple Watch Series 11 GPS + Cellular 46mm viền nhôm dây thể thao;Xám;Yes;15350000;14990000;2026-04-17;"Khuyến mãi
Giá và khuyến mãi dự kiến áp dụng đến 23:59 | 30/04
1 Tặng Phiếu mua hàng Đồng hồ Định vị trẻ em trị giá 100.000đ
2 Giảm thêm 500,000đ từ phiếu mua hàng được tặng khi mua iPhone
3 NHẬN HOÀN NGAY ĐẾN 800.000đ khi mở thẻ tín dụng VPBANK MWG (Xem chi tiết tại đây)";;https://www.thegioididong.com/dong-ho-thong-minh/apple-watch-series-11-gps-cellular-42mm-vien-nhom-day-the-thao;Skipped
Apple Watch Series 11 GPS + Cellular 46mm viền Titanium dây Milan;Titan xám;Yes;23990000;23590000;2026-04-17;"Khuyến mãi
Giá và khuyến mãi dự kiến áp dụng đến 23:59 | 30/04
1 Tặng Phiếu mua hàng Đồng hồ Định vị trẻ em trị giá 100.000đ
2 Giảm thêm 500,000đ từ phiếu mua hàng được tặng khi mua iPhone
3 NHẬN HOÀN NGAY ĐẾN 800.000đ khi mở thẻ tín dụng VPBANK MWG (Xem chi tiết tại đây)";;https://www.thegioididong.com/dong-ho-thong-minh/apple-watch-series-11-gps-cellular-42mm-vien-titanium-day-milan;Skipped
Apple Watch Series 11 GPS + Cellular 46mm viền nhôm dây thể thao;Bạc;Yes;15350000;14990000;2026-04-17;"Khuyến mãi
Giá và khuyến mãi dự kiến áp dụng đến 23:59 | 30/04
1 Tặng Phiếu mua hàng Đồng hồ Định vị trẻ em trị giá 100.000đ
2 Giảm thêm 500,000đ từ phiếu mua hàng được tặng khi mua iPhone
3 NHẬN HOÀN NGAY ĐẾN 800.000đ khi mở thẻ tín dụng VPBANK MWG (Xem chi tiết tại đây)";;https://www.thegioididong.com/dong-ho-thong-minh/apple-watch-series-11-gps-cellular-42mm-vien-nhom-day-the-thao;Skipped
Apple Watch Series 11 GPS + Cellular 46mm viền Titanium dây Milan;Titan vàng;Yes;23990000;23590000;2026-04-17;"Khuyến mãi
Giá và khuyến mãi dự kiến áp dụng đến 23:59 | 30/04
1 Tặng Phiếu mua hàng Đồng hồ Định vị trẻ em trị giá 100.000đ
2 Giảm thêm 500,000đ từ phiếu mua hàng được tặng khi mua iPhone
3 NHẬN HOÀN NGAY ĐẾN 800.000đ khi mở thẻ tín dụng VPBANK MWG (Xem chi tiết tại đây)";;https://www.thegioididong.com/dong-ho-thong-minh/apple-watch-series-11-gps-cellular-42mm-vien-titanium-day-milan;Skipped
Apple Watch Series 11 GPS + Cellular 42mm viền Titanium dây Milan;42mm;Yes;22490000;21790000;2026-04-17;"Khuyến mãi
Giá và khuyến mãi dự kiến áp dụng đến 23:59 | 30/04
1 Tặng Phiếu mua hàng Đồng hồ Định vị trẻ em trị giá 100.000đ
2 Giảm thêm 500,000đ từ phiếu mua hàng được tặng khi mua iPhone
3 NHẬN HOÀN NGAY ĐẾN 800.000đ khi mở thẻ tín dụng VPBANK MWG (Xem chi tiết tại đây)";;https://www.thegioididong.com/dong-ho-thong-minh/apple-watch-series-11-gps-cellular-42mm-vien-titanium-day-milan;Skipped
Apple Watch Ultra 2 GPS + Cellular 49mm viền Titanium dây Ocean;Dây Ocean;Yes;22590000;19590000;2026-04-17;"Khuyến mãi
Giá và khuyến mãi dự kiến áp dụng đến 23:59 | 30/04
1 Tặng Phiếu mua hàng Đồng hồ Định vị trẻ em trị giá 100.000đ
2 Giảm thêm 500,000đ từ phiếu mua hàng được tặng khi mua iPhone
3 NHẬN HOÀN NGAY ĐẾN 800.000đ khi mở thẻ tín dụng VPBANK MWG (Xem chi tiết tại đây)";;https://www.thegioididong.com/dong-ho-thong-minh/apple-watch-ultra-2-lte-49mm-vien-titanium-day-alpine-size-l;Skipped
Apple Watch Series 11 GPS + Cellular 46mm viền Titanium dây Milan;46mm;Yes;23990000;23590000;2026-04-17;"Khuyến mãi
Giá và khuyến mãi dự kiến áp dụng đến 23:59 | 30/04
1 Tặng Phiếu mua hàng Đồng hồ Định vị trẻ em trị giá 100.000đ
2 Giảm thêm 500,000đ từ phiếu mua hàng được tặng khi mua iPhone
3 NHẬN HOÀN NGAY ĐẾN 800.000đ khi mở thẻ tín dụng VPBANK MWG (Xem chi tiết tại đây)";;https://www.thegioididong.com/dong-ho-thong-minh/apple-watch-series-11-gps-cellular-42mm-vien-titanium-day-milan;Skipped
Apple Watch Series 11 GPS + Cellular 46mm viền Titanium dây Milan;Titan xám;Yes;23990000;23590000;2026-04-17;"Khuyến mãi
Giá và khuyến mãi dự kiến áp dụng đến 23:59 | 30/04
1 Tặng Phiếu mua hàng Đồng hồ Định vị trẻ em trị giá 100.000đ
2 Giảm thêm 500,000đ từ phiếu mua hàng được tặng khi mua iPhone
3 NHẬN HOÀN NGAY ĐẾN 800.000đ khi mở thẻ tín dụng VPBANK MWG (Xem chi tiết tại đây)";;https://www.thegioididong.com/dong-ho-thong-minh/apple-watch-series-11-gps-cellular-42mm-vien-titanium-day-milan;Skipped
Đồng hồ thông minh Apple Watch Ultra 2 GPS + Cellular 49mm viền Titanium dây Alpine;Dây Alpine;Yes;22590000;19590000;2026-04-17;"Khuyến mãi
Giá và khuyến mãi dự kiến áp dụng đến 23:59 | 30/04
1 Tặng Phiếu mua hàng Đồng hồ Định vị trẻ em trị giá 100.000đ
2 Giảm thêm 500,000đ từ phiếu mua hàng được tặng khi mua iPhone
3 NHẬN HOÀN NGAY ĐẾN 800.000đ khi mở thẻ tín dụng VPBANK MWG (Xem chi tiết tại đây)";;https://www.thegioididong.com/dong-ho-thong-minh/apple-watch-ultra-2-lte-49mm-vien-titanium-day-alpine-size-l;Skipped
Error getting name;42mm;No;0;0;2026-04-17;;;https://www.thegioididong.com/dong-ho-thong-minh/apple-watch-series-11-42mm-vien-nhom-day-the-thao;DEBUG_OOS_Error getting name_42mm_073022.png
Apple Watch Ultra 3 GPS + Cellular 49mm viền Titanium dây Milan;Default/Unknown;Yes;26990000;26490000;2026-04-17;"Khuyến mãi
Giá và khuyến mãi dự kiến áp dụng đến 23:59 | 30/04
1 Tặng Phiếu mua hàng Đồng hồ Định vị trẻ em trị giá 100.000đ
2 Giảm thêm 500,000đ từ phiếu mua hàng được tặng khi mua iPhone
3 NHẬN HOÀN NGAY ĐẾN 800.000đ khi mở thẻ tín dụng VPBANK MWG (Xem chi tiết tại đây)";;https://www.thegioididong.com/dong-ho-thong-minh/apple-watch-ultra-3-gps-cellular-49mm-vien-titanium-day-milan;Skipped
Apple Watch Series 11 GPS + Cellular 46mm viền Titanium dây Milan;Titan vàng;Yes;23990000;23590000;2026-04-17;"Khuyến mãi
Giá và khuyến mãi dự kiến áp dụng đến 23:59 | 30/04
1 Tặng Phiếu mua hàng Đồng hồ Định vị trẻ em trị giá 100.000đ
2 Giảm thêm 500,000đ từ phiếu mua hàng được tặng khi mua iPhone
3 NHẬN HOÀN NGAY ĐẾN 800.000đ khi mở thẻ tín dụng VPBANK MWG (Xem chi tiết tại đây)";;https://www.thegioididong.com/dong-ho-thong-minh/apple-watch-series-11-gps-cellular-42mm-vien-titanium-day-milan;Skipped
Apple Watch Ultra 2 GPS + Cellular 49mm viền Titanium dây Ocean;Dây Ocean;Yes;22590000;19590000;2026-04-17;"Khuyến mãi
Giá và khuyến mãi dự kiến áp dụng đến 23:59 | 30/04
1 Tặng Phiếu mua hàng Đồng hồ Định vị trẻ em trị giá 100.000đ
2 Giảm thêm 500,000đ từ phiếu mua hàng được tặng khi mua iPhone
3 NHẬN HOÀN NGAY ĐẾN 800.000đ khi mở thẻ tín dụng VPBANK MWG (Xem chi tiết tại đây)";;https://www.thegioididong.com/dong-ho-thong-minh/apple-watch-ultra-2-lte-49mm-vien-titanium-day-alpine-size-l;Skipped
Đồng hồ thông minh Apple Watch Ultra 2 GPS + Cellular 49mm viền Titanium dây Alpine;Dây Alpine;Yes;22590000;19590000;2026-04-17;"Khuyến mãi
Giá và khuyến mãi dự kiến áp dụng đến 23:59 | 30/04
1 Tặng Phiếu mua hàng Đồng hồ Định vị trẻ em trị giá 100.000đ
2 Giảm thêm 500,000đ từ phiếu mua hàng được tặng khi mua iPhone
3 NHẬN HOÀN NGAY ĐẾN 800.000đ khi mở thẻ tín dụng VPBANK MWG (Xem chi tiết tại đây)";;https://www.thegioididong.com/dong-ho-thong-minh/apple-watch-ultra-2-lte-49mm-vien-titanium-day-alpine-size-l;Skipped
Apple Watch Series 11 GPS + Cellular 42mm viền Titanium dây Milan;42mm;Yes;22490000;21790000;2026-04-17;"Khuyến mãi
Giá và khuyến mãi dự kiến áp dụng đến 23:59 | 30/04
1 Tặng Phiếu mua hàng Đồng hồ Định vị trẻ em trị giá 100.000đ
2 Giảm thêm 500,000đ từ phiếu mua hàng được tặng khi mua iPhone
3 NHẬN HOÀN NGAY ĐẾN 800.000đ khi mở thẻ tín dụng VPBANK MWG (Xem chi tiết tại đây)";;https://www.thegioididong.com/dong-ho-thong-minh/apple-watch-series-11-gps-cellular-42mm-vien-titanium-day-milan;Skipped
Apple Watch Ultra 3 GPS + Cellular 49mm viền Titanium dây Ocean;Titan tự nhiên;Yes;23990000;23490000;2026-04-17;"Khuyến mãi
Giá và khuyến mãi dự kiến áp dụng đến 23:59 | 30/04
1 Tặng Phiếu mua hàng Đồng hồ Định vị trẻ em trị giá 100.000đ
2 Giảm thêm 500,000đ từ phiếu mua hàng được tặng khi mua iPhone
3 NHẬN HOÀN NGAY ĐẾN 800.000đ khi mở thẻ tín dụng VPBANK MWG (Xem chi tiết tại đây)";;https://www.thegioididong.com/dong-ho-thong-minh/apple-watch-ultra-3-gps-cellular-49mm-vien-titanium-day-ocean;Skipped
Apple Watch Series 11 GPS + Cellular 46mm viền Titanium dây Milan;46mm;Yes;23990000;23590000;2026-04-17;"Khuyến mãi
Giá và khuyến mãi dự kiến áp dụng đến 23:59 | 30/04
1 Tặng Phiếu mua hàng Đồng hồ Định vị trẻ em trị giá 100.000đ
2 Giảm thêm 500,000đ từ phiếu mua hàng được tặng khi mua iPhone
3 NHẬN HOÀN NGAY ĐẾN 800.000đ khi mở thẻ tín dụng VPBANK MWG (Xem chi tiết tại đây)";;https://www.thegioididong.com/dong-ho-thong-minh/apple-watch-series-11-gps-cellular-42mm-vien-titanium-day-milan;Skipped
Apple Watch Ultra 3 GPS + Cellular 49mm viền Titanium dây Trail;Default/Unknown;Yes;23990000;23490000;2026-04-17;"Khuyến mãi
Giá và khuyến mãi dự kiến áp dụng đến 23:59 | 30/04
1 Tặng Phiếu mua hàng Đồng hồ Định vị trẻ em trị giá 100.000đ
2 Giảm thêm 500,000đ từ phiếu mua hàng được tặng khi mua iPhone
3 NHẬN HOÀN NGAY ĐẾN 800.000đ khi mở thẻ tín dụng VPBANK MWG (Xem chi tiết tại đây)";;https://www.thegioididong.com/dong-ho-thong-minh/apple-watch-ultra-3-gps-cellular-49mm-vien-titanium-day-trail;Skipped
Apple Watch Ultra 3 GPS + Cellular 49mm viền Titanium dây Ocean;Titan đen;Yes;23990000;23490000;2026-04-17;"Khuyến mãi
Giá và khuyến mãi dự kiến áp dụng đến 23:59 | 30/04
1 Tặng Phiếu mua hàng Đồng hồ Định vị trẻ em trị giá 100.000đ
2 Giảm thêm 500,000đ từ phiếu mua hàng được tặng khi mua iPhone
3 NHẬN HOÀN NGAY ĐẾN 800.000đ khi mở thẻ tín dụng VPBANK MWG (Xem chi tiết tại đây)";;https://www.thegioididong.com/dong-ho-thong-minh/apple-watch-ultra-3-gps-cellular-49mm-vien-titanium-day-ocean;Skipped
Apple Watch Series 11 GPS + Cellular 46mm viền Titanium dây Milan;Titan xám;Yes;23990000;23590000;2026-04-17;"Khuyến mãi
Giá và khuyến mãi dự kiến áp dụng đến 23:59 | 30/04
1 Tặng Phiếu mua hàng Đồng hồ Định vị trẻ em trị giá 100.000đ
2 Giảm thêm 500,000đ từ phiếu mua hàng được tặng khi mua iPhone
3 NHẬN HOÀN NGAY ĐẾN 800.000đ khi mở thẻ tín dụng VPBANK MWG (Xem chi tiết tại đây)";;https://www.thegioididong.com/dong-ho-thong-minh/apple-watch-series-11-gps-cellular-42mm-vien-titanium-day-milan;Skipped
Error getting name;Xanh đen;No;0;0;2026-04-17;;;https://www.thegioididong.com/dong-ho-thong-minh/apple-watch-se-3-gps-cellular-40mm-vien-nhom-day-the-thao;DEBUG_OOS_Error getting name_Xanh đen_073044.png
Apple Watch Ultra 3 GPS + Cellular 49mm viền Titanium dây Ocean;Titan tự nhiên;Yes;23990000;23490000;2026-04-17;"Khuyến mãi
Giá và khuyến mãi dự kiến áp dụng đến 23:59 | 30/04
1 Tặng Phiếu mua hàng Đồng hồ Định vị trẻ em trị giá 100.000đ
2 Giảm thêm 500,000đ từ phiếu mua hàng được tặng khi mua iPhone
3 NHẬN HOÀN NGAY ĐẾN 800.000đ khi mở thẻ tín dụng VPBANK MWG (Xem chi tiết tại đây)";;https://www.thegioididong.com/dong-ho-thong-minh/apple-watch-ultra-3-gps-cellular-49mm-vien-titanium-day-ocean;Skipped
Apple Watch Ultra 3 GPS + Cellular 49mm viền Titanium dây Ocean;Titan đen;Yes;23990000;23490000;2026-04-17;"Khuyến mãi
Giá và khuyến mãi dự kiến áp dụng đến 23:59 | 30/04
1 Tặng Phiếu mua hàng Đồng hồ Định vị trẻ em trị giá 100.000đ
2 Giảm thêm 500,000đ từ phiếu mua hàng được tặng khi mua iPhone
3 NHẬN HOÀN NGAY ĐẾN 800.000đ khi mở thẻ tín dụng VPBANK MWG (Xem chi tiết tại đây)";;https://www.thegioididong.com/dong-ho-thong-minh/apple-watch-ultra-3-gps-cellular-49mm-vien-titanium-day-ocean;Skipped
Apple Watch Series 11 GPS + Cellular 46mm viền Titanium dây Milan - giá rẻ;Titan vàng;Yes;23990000;23590000;2026-04-17;"Khuyến mãi
Giá và khuyến mãi dự kiến áp dụng đến 23:59 | 30/04
1 Tặng Phiếu mua hàng Đồng hồ Định vị trẻ em trị giá 100.000đ
2 Giảm thêm 500,000đ từ phiếu mua hàng được tặng khi mua iPhone
3 NHẬN HOÀN NGAY ĐẾN 800.000đ khi mở thẻ tín dụng VPBANK MWG (Xem chi tiết tại đây)";;https://www.thegioididong.com/dong-ho-thong-minh/apple-watch-series-11-gps-cellular-42mm-vien-titanium-day-milan;Skipped
iPhone 13 128GB;Đen;Yes;220000;13990000;2026-04-17;"Khuyến mãi
Giá và khuyến mãi dự kiến áp dụng đến 23:59 | 30/04
1 Chọn 1 trong các khuyến mãi:
Giảm giá 2,000,000đ (đã giảm vào giá sản phẩm)
Tặng phiếu mua hàng Phụ Kiện, Smartwatch, đồng hồ thời trang (trừ Apple, Beats) trị giá 2,500,000đ
2 Phiếu mua hàng Apple Watch trị giá 500,000đ
3 Tặng phiếu mua hàng Macbook (trừ Macbook Air M5 và Macbook Neo) trị giá 1,000,000đ
4 Phiếu mua hàng Airpods trị giá 500.000đ
5 Tặng Phiếu mua hàng mua Smartwatch (trừ Apple, giá trên 5.000.000đ) trị giá 500.000đ
6 Tặng Phiếu mua hàng Máy lạnh (sản phẩm trên 10tr) trị giá 300.000đ
7 Thu cũ đổi mới: Giảm đến 2,000,000đ (Không kèm ưu đãi thanh toán qua cổng, mua kèm) Xem chi tiết
8 NHẬN HOÀN NGAY ĐẾN 800.000đ khi mở thẻ tín dụng VPBANK MWG (Xem chi tiết tại đây)";;https://www.thegioididong.com/dtdd/iphone-13;Skipped
Apple Watch Series 11 GPS + Cellular 42mm viền Titanium dây Milan;42mm;Yes;22490000;21790000;2026-04-17;"Khuyến mãi
Giá và khuyến mãi dự kiến áp dụng đến 23:59 | 30/04
1 Tặng Phiếu mua hàng Đồng hồ Định vị trẻ em trị giá 100.000đ
2 Giảm thêm 500,000đ từ phiếu mua hàng được tặng khi mua iPhone
3 NHẬN HOÀN NGAY ĐẾN 800.000đ khi mở thẻ tín dụng VPBANK MWG (Xem chi tiết tại đây)";;https://www.thegioididong.com/dong-ho-thong-minh/apple-watch-series-11-gps-cellular-42mm-vien-titanium-day-milan;Skipped
iPhone 13 128GB;Trắng;Yes;220000;13990000;2026-04-17;"Khuyến mãi
Giá và khuyến mãi dự kiến áp dụng đến 23:59 | 30/04
1 Chọn 1 trong các khuyến mãi:
Giảm giá 2,000,000đ (đã giảm vào giá sản phẩm)
Tặng phiếu mua hàng Phụ Kiện, Smartwatch, đồng hồ thời trang (trừ Apple, Beats) trị giá 2,500,000đ
2 Phiếu mua hàng Apple Watch trị giá 500,000đ
3 Tặng phiếu mua hàng Macbook (trừ Macbook Air M5 và Macbook Neo) trị giá 1,000,000đ
4 Phiếu mua hàng Airpods trị giá 500.000đ
5 Tặng Phiếu mua hàng mua Smartwatch (trừ Apple, giá trên 5.000.000đ) trị giá 500.000đ
6 Tặng Phiếu mua hàng Máy lạnh (sản phẩm trên 10tr) trị giá 300.000đ
7 Thu cũ đổi mới: Giảm đến 2,000,000đ (Không kèm ưu đãi thanh toán qua cổng, mua kèm) Xem chi tiết
8 NHẬN HOÀN NGAY ĐẾN 800.000đ khi mở thẻ tín dụng VPBANK MWG (Xem chi tiết tại đây)";;https://www.thegioididong.com/dtdd/iphone-13;Skipped
Apple Watch Series 11 GPS + Cellular 46mm viền Titanium dây Milan;46mm;Yes;23990000;23590000;2026-04-17;"Khuyến mãi
Giá và khuyến mãi dự kiến áp dụng đến 23:59 | 30/04
1 Tặng Phiếu mua hàng Đồng hồ Định vị trẻ em trị giá 100.000đ
2 Giảm thêm 500,000đ từ phiếu mua hàng được tặng khi mua iPhone
3 NHẬN HOÀN NGAY ĐẾN 800.000đ khi mở thẻ tín dụng VPBANK MWG (Xem chi tiết tại đây)";;https://www.thegioididong.com/dong-ho-thong-minh/apple-watch-series-11-gps-cellular-42mm-vien-titanium-day-milan;Skipped
iPhone 14 128GB;Xanh Dương;Yes;770000;16990000;2026-04-17;"Khuyến mãi
Giá và khuyến mãi dự kiến áp dụng đến 23:59 | 30/04
1 Chọn 1 trong các khuyến mãi:
Giảm giá 3,000,000đ (đã giảm vào giá sản phẩm)
Tặng phiếu mua hàng Phụ Kiện, Smartwatch, đồng hồ thời trang (trừ Apple, Beats) trị giá 3,600,000đ
2 Phiếu mua hàng Apple Watch trị giá 500,000đ
3 Tặng phiếu mua hàng Macbook (trừ Macbook Air M5 và Macbook Neo) trị giá 1,000,000đ
4 Phiếu mua hàng Airpods trị giá 500.000đ
5 Tặng Phiếu mua hàng mua Smartwatch (trừ Apple, giá trên 5.000.000đ) trị giá 500.000đ
6 Tặng Phiếu mua hàng Máy lạnh (sản phẩm trên 10tr) trị giá 300.000đ
7 Thu cũ đổi mới: Giảm đến 2,000,000đ (Không kèm ưu đãi thanh toán qua cổng, mua kèm) Xem chi tiết
8 NHẬN HOÀN NGAY ĐẾN 800.000đ khi mở thẻ tín dụng VPBANK MWG (Xem chi tiết tại đây)";;https://www.thegioididong.com/dtdd/iphone-14;Skipped
Apple Watch Series 11 GPS + Cellular 46mm viền Titanium dây Milan;Titan xám;Yes;23990000;23590000;2026-04-17;"Khuyến mãi
Giá và khuyến mãi dự kiến áp dụng đến 23:59 | 30/04
1 Tặng Phiếu mua hàng Đồng hồ Định vị trẻ em trị giá 100.000đ
2 Giảm thêm 500,000đ từ phiếu mua hàng được tặng khi mua iPhone
3 NHẬN HOÀN NGAY ĐẾN 800.000đ khi mở thẻ tín dụng VPBANK MWG (Xem chi tiết tại đây)";;https://www.thegioididong.com/dong-ho-thong-minh/apple-watch-series-11-gps-cellular-42mm-vien-titanium-day-milan;Skipped
Apple Watch Series 11 GPS + Cellular 46mm viền Titanium dây Milan;Titan vàng;Yes;23990000;23590000;2026-04-17;"Khuyến mãi
Giá và khuyến mãi dự kiến áp dụng đến 23:59 | 30/04
1 Tặng Phiếu mua hàng Đồng hồ Định vị trẻ em trị giá 100.000đ
2 Giảm thêm 500,000đ từ phiếu mua hàng được tặng khi mua iPhone
3 NHẬN HOÀN NGAY ĐẾN 800.000đ khi mở thẻ tín dụng VPBANK MWG (Xem chi tiết tại đây)";;https://www.thegioididong.com/dong-ho-thong-minh/apple-watch-series-11-gps-cellular-42mm-vien-titanium-day-milan;Skipped
iPhone 14 128GB;Trắng;Yes;770000;16990000;2026-04-17;"Khuyến mãi
Giá và khuyến mãi dự kiến áp dụng đến 23:59 | 30/04
1 Chọn 1 trong các khuyến mãi:
Giảm giá 3,000,000đ (đã giảm vào giá sản phẩm)
Tặng phiếu mua hàng Phụ Kiện, Smartwatch, đồng hồ thời trang (trừ Apple, Beats) trị giá 3,600,000đ
2 Phiếu mua hàng Apple Watch trị giá 500,000đ
3 Tặng phiếu mua hàng Macbook (trừ Macbook Air M5 và Macbook Neo) trị giá 1,000,000đ
4 Phiếu mua hàng Airpods trị giá 500.000đ
5 Tặng Phiếu mua hàng mua Smartwatch (trừ Apple, giá trên 5.000.000đ) trị giá 500.000đ
6 Tặng Phiếu mua hàng Máy lạnh (sản phẩm trên 10tr) trị giá 300.000đ
7 Thu cũ đổi mới: Giảm đến 2,000,000đ (Không kèm ưu đãi thanh toán qua cổng, mua kèm) Xem chi tiết
8 NHẬN HOÀN NGAY ĐẾN 800.000đ khi mở thẻ tín dụng VPBANK MWG (Xem chi tiết tại đây)";;https://www.thegioididong.com/dtdd/iphone-14;Skipped
iPhone 14 128GB;Đen;Yes;770000;16990000;2026-04-17;"Khuyến mãi
Giá và khuyến mãi dự kiến áp dụng đến 23:59 | 30/04
1 Chọn 1 trong các khuyến mãi:
Giảm giá 3,000,000đ (đã giảm vào giá sản phẩm)
Tặng phiếu mua hàng Phụ Kiện, Smartwatch, đồng hồ thời trang (trừ Apple, Beats) trị giá 3,600,000đ
2 Phiếu mua hàng Apple Watch trị giá 500,000đ
3 Tặng phiếu mua hàng Macbook (trừ Macbook Air M5 và Macbook Neo) trị giá 1,000,000đ
4 Phiếu mua hàng Airpods trị giá 500.000đ
5 Tặng Phiếu mua hàng mua Smartwatch (trừ Apple, giá trên 5.000.000đ) trị giá 500.000đ
6 Tặng Phiếu mua hàng Máy lạnh (sản phẩm trên 10tr) trị giá 300.000đ
7 Thu cũ đổi mới: Giảm đến 2,000,000đ (Không kèm ưu đãi thanh toán qua cổng, mua kèm) Xem chi tiết
8 NHẬN HOÀN NGAY ĐẾN 800.000đ khi mở thẻ tín dụng VPBANK MWG (Xem chi tiết tại đây)";;https://www.thegioididong.com/dtdd/iphone-14;Skipped
iPhone 15 128GB;Xanh dương nhạt;Yes;340000;18990000;2026-04-17;"Khuyến mãi
Giá và khuyến mãi dự kiến áp dụng đến 23:59 | 30/04
1 Chọn 1 trong các khuyến mãi:
Giảm giá 1,400,000đ (đã giảm vào giá sản phẩm)
Tặng phiếu mua hàng Phụ Kiện, Smartwatch, đồng hồ thời trang (trừ Apple, Beats) trị giá 1,700,000đ
2 Phiếu mua hàng Apple Watch trị giá 500,000đ
3 Tặng phiếu mua hàng Macbook (trừ Macbook Air M5 và Macbook Neo) trị giá 1,000,000đ
4 Phiếu mua hàng Airpods trị giá 500.000đ
5 Tặng Phiếu mua hàng mua Smartwatch (trừ Apple, giá trên 5.000.000đ) trị giá 500.000đ
6 Tặng Phiếu mua hàng Máy lạnh (sản phẩm trên 10tr) trị giá 300.000đ
7 Thu cũ đổi mới: Giảm đến 2,000,000đ (Không kèm ưu đãi thanh toán qua cổng, mua kèm) Xem chi tiết
8 NHẬN HOÀN NGAY ĐẾN 800.000đ khi mở thẻ tín dụng VPBANK MWG (Xem chi tiết tại đây)";;https://www.thegioididong.com/dtdd/iphone-15;Skipped
iPhone 14 128GB;Xanh Dương;Yes;770000;16990000;2026-04-17;"Khuyến mãi
Giá và khuyến mãi dự kiến áp dụng đến 23:59 | 30/04
1 Chọn 1 trong các khuyến mãi:
Giảm giá 3,000,000đ (đã giảm vào giá sản phẩm)
Tặng phiếu mua hàng Phụ Kiện, Smartwatch, đồng hồ thời trang (trừ Apple, Beats) trị giá 3,600,000đ
2 Phiếu mua hàng Apple Watch trị giá 500,000đ
3 Tặng phiếu mua hàng Macbook (trừ Macbook Air M5 và Macbook Neo) trị giá 1,000,000đ
4 Phiếu mua hàng Airpods trị giá 500.000đ
5 Tặng Phiếu mua hàng mua Smartwatch (trừ Apple, giá trên 5.000.000đ) trị giá 500.000đ
6 Tặng Phiếu mua hàng Máy lạnh (sản phẩm trên 10tr) trị giá 300.000đ
7 Thu cũ đổi mới: Giảm đến 2,000,000đ (Không kèm ưu đãi thanh toán qua cổng, mua kèm) Xem chi tiết
8 NHẬN HOÀN NGAY ĐẾN 800.000đ khi mở thẻ tín dụng VPBANK MWG (Xem chi tiết tại đây)";;https://www.thegioididong.com/dtdd/iphone-14;Skipped
iPhone 15 128GB;Xanh lá nhạt;Yes;340000;18990000;2026-04-17;"Khuyến mãi
Giá và khuyến mãi dự kiến áp dụng đến 23:59 | 30/04
1 Chọn 1 trong các khuyến mãi:
Giảm giá 1,400,000đ (đã giảm vào giá sản phẩm)
Tặng phiếu mua hàng Phụ Kiện, Smartwatch, đồng hồ thời trang (trừ Apple, Beats) trị giá 1,700,000đ
2 Phiếu mua hàng Apple Watch trị giá 500,000đ
3 Tặng phiếu mua hàng Macbook (trừ Macbook Air M5 và Macbook Neo) trị giá 1,000,000đ
4 Phiếu mua hàng Airpods trị giá 500.000đ
5 Tặng Phiếu mua hàng mua Smartwatch (trừ Apple, giá trên 5.000.000đ) trị giá 500.000đ
6 Tặng Phiếu mua hàng Máy lạnh (sản phẩm trên 10tr) trị giá 300.000đ
7 Thu cũ đổi mới: Giảm đến 2,000,000đ (Không kèm ưu đãi thanh toán qua cổng, mua kèm) Xem chi tiết
8 NHẬN HOÀN NGAY ĐẾN 800.000đ khi mở thẻ tín dụng VPBANK MWG (Xem chi tiết tại đây)";;https://www.thegioididong.com/dtdd/iphone-15;Skipped
iPhone 14 128GB;Trắng;Yes;770000;16990000;2026-04-17;"Khuyến mãi
Giá và khuyến mãi dự kiến áp dụng đến 23:59 | 30/04
1 Chọn 1 trong các khuyến mãi:
Giảm giá 3,000,000đ (đã giảm vào giá sản phẩm)
Tặng phiếu mua hàng Phụ Kiện, Smartwatch, đồng hồ thời trang (trừ Apple, Beats) trị giá 3,600,000đ
2 Phiếu mua hàng Apple Watch trị giá 500,000đ
3 Tặng phiếu mua hàng Macbook (trừ Macbook Air M5 và Macbook Neo) trị giá 1,000,000đ
4 Phiếu mua hàng Airpods trị giá 500.000đ
5 Tặng Phiếu mua hàng mua Smartwatch (trừ Apple, giá trên 5.000.000đ) trị giá 500.000đ
6 Tặng Phiếu mua hàng Máy lạnh (sản phẩm trên 10tr) trị giá 300.000đ
7 Thu cũ đổi mới: Giảm đến 2,000,000đ (Không kèm ưu đãi thanh toán qua cổng, mua kèm) Xem chi tiết
8 NHẬN HOÀN NGAY ĐẾN 800.000đ khi mở thẻ tín dụng VPBANK MWG (Xem chi tiết tại đây)";;https://www.thegioididong.com/dtdd/iphone-14;Skipped
iPhone 14 128GB;Đen;Yes;770000;16990000;2026-04-17;"Khuyến mãi
Giá và khuyến mãi dự kiến áp dụng đến 23:59 | 30/04
1 Chọn 1 trong các khuyến mãi:
Giảm giá 3,000,000đ (đã giảm vào giá sản phẩm)
Tặng phiếu mua hàng Phụ Kiện, Smartwatch, đồng hồ thời trang (trừ Apple, Beats) trị giá 3,600,000đ
2 Phiếu mua hàng Apple Watch trị giá 500,000đ
3 Tặng phiếu mua hàng Macbook (trừ Macbook Air M5 và Macbook Neo) trị giá 1,000,000đ
4 Phiếu mua hàng Airpods trị giá 500.000đ
5 Tặng Phiếu mua hàng mua Smartwatch (trừ Apple, giá trên 5.000.000đ) trị giá 500.000đ
6 Tặng Phiếu mua hàng Máy lạnh (sản phẩm trên 10tr) trị giá 300.000đ
7 Thu cũ đổi mới: Giảm đến 2,000,000đ (Không kèm ưu đãi thanh toán qua cổng, mua kèm) Xem chi tiết
8 NHẬN HOÀN NGAY ĐẾN 800.000đ khi mở thẻ tín dụng VPBANK MWG (Xem chi tiết tại đây)";;https://www.thegioididong.com/dtdd/iphone-14;Skipped
"iPhone 15 128GB
Đã bán 130k
4.9 So sánh
Thông số";Hồng nhạt;Yes;340000;18990000;2026-04-17;"Khuyến mãi
Giá và khuyến mãi dự kiến áp dụng đến 23:59 | 30/04
1 Chọn 1 trong các khuyến mãi:
Giảm giá 1,400,000đ (đã giảm vào giá sản phẩm)
Tặng phiếu mua hàng Phụ Kiện, Smartwatch, đồng hồ thời trang (trừ Apple, Beats) trị giá 1,700,000đ
2 Phiếu mua hàng Apple Watch trị giá 500,000đ
3 Tặng phiếu mua hàng Macbook (trừ Macbook Air M5 và Macbook Neo) trị giá 1,000,000đ
4 Phiếu mua hàng Airpods trị giá 500.000đ
5 Tặng Phiếu mua hàng mua Smartwatch (trừ Apple, giá trên 5.000.000đ) trị giá 500.000đ
6 Tặng Phiếu mua hàng Máy lạnh (sản phẩm trên 10tr) trị giá 300.000đ
7 Thu cũ đổi mới: Giảm đến 2,000,000đ (Không kèm ưu đãi thanh toán qua cổng, mua kèm) Xem chi tiết
8 NHẬN HOÀN NGAY ĐẾN 800.000đ khi mở thẻ tín dụng VPBANK MWG (Xem chi tiết tại đây)";;https://www.thegioididong.com/dtdd/iphone-15;Skipped
iPhone 15 Plus 128GB;Đen;Yes;340000;21990000;2026-04-17;"Khuyến mãi
Giá và khuyến mãi dự kiến áp dụng đến 23:59 | 30/04
1 Chọn 1 trong các khuyến mãi:
Giảm giá 4,000,000đ (đã giảm vào giá sản phẩm)
Tặng phiếu mua hàng Phụ Kiện, Smartwatch, đồng hồ thời trang (trừ Apple, Beats) trị giá 4,800,000đ
2 Phiếu mua hàng Apple Watch trị giá 500,000đ
3 Tặng phiếu mua hàng Macbook (trừ Macbook Air M5 và Macbook Neo) trị giá 1,000,000đ
4 Phiếu mua hàng Airpods trị giá 500.000đ
5 Tặng Phiếu mua hàng mua Smartwatch (trừ Apple, giá trên 5.000.000đ) trị giá 500.000đ
6 Tặng Phiếu mua hàng Máy lạnh (sản phẩm trên 10tr) trị giá 300.000đ
7 Thu cũ đổi mới: Giảm đến 2,000,000đ (Không kèm ưu đãi thanh toán qua cổng, mua kèm) Xem chi tiết
8 NHẬN HOÀN NGAY ĐẾN 800.000đ khi mở thẻ tín dụng VPBANK MWG (Xem chi tiết tại đây)";;https://www.thegioididong.com/dtdd/iphone-15-plus;Skipped
iPhone 14 128GB;Xanh Dương;Yes;770000;16990000;2026-04-17;"Khuyến mãi
Giá và khuyến mãi dự kiến áp dụng đến 23:59 | 30/04
1 Chọn 1 trong các khuyến mãi:
Giảm giá 3,000,000đ (đã giảm vào giá sản phẩm)
Tặng phiếu mua hàng Phụ Kiện, Smartwatch, đồng hồ thời trang (trừ Apple, Beats) trị giá 3,600,000đ
2 Phiếu mua hàng Apple Watch trị giá 500,000đ
3 Tặng phiếu mua hàng Macbook (trừ Macbook Air M5 và Macbook Neo) trị giá 1,000,000đ
4 Phiếu mua hàng Airpods trị giá 500.000đ
5 Tặng Phiếu mua hàng mua Smartwatch (trừ Apple, giá trên 5.000.000đ) trị giá 500.000đ
6 Tặng Phiếu mua hàng Máy lạnh (sản phẩm trên 10tr) trị giá 300.000đ
7 Thu cũ đổi mới: Giảm đến 2,000,000đ (Không kèm ưu đãi thanh toán qua cổng, mua kèm) Xem chi tiết
8 NHẬN HOÀN NGAY ĐẾN 800.000đ khi mở thẻ tín dụng VPBANK MWG (Xem chi tiết tại đây)";;https://www.thegioididong.com/dtdd/iphone-14;Skipped
iPhone 15 128GB;Đen;Yes;340000;18990000;2026-04-17;"Khuyến mãi
Giá và khuyến mãi dự kiến áp dụng đến 23:59 | 30/04
1 Chọn 1 trong các khuyến mãi:
Giảm giá 1,400,000đ (đã giảm vào giá sản phẩm)
Tặng phiếu mua hàng Phụ Kiện, Smartwatch, đồng hồ thời trang (trừ Apple, Beats) trị giá 1,700,000đ
2 Phiếu mua hàng Apple Watch trị giá 500,000đ
3 Tặng phiếu mua hàng Macbook (trừ Macbook Air M5 và Macbook Neo) trị giá 1,000,000đ
4 Phiếu mua hàng Airpods trị giá 500.000đ
5 Tặng Phiếu mua hàng mua Smartwatch (trừ Apple, giá trên 5.000.000đ) trị giá 500.000đ
6 Tặng Phiếu mua hàng Máy lạnh (sản phẩm trên 10tr) trị giá 300.000đ
7 Thu cũ đổi mới: Giảm đến 2,000,000đ (Không kèm ưu đãi thanh toán qua cổng, mua kèm) Xem chi tiết
8 NHẬN HOÀN NGAY ĐẾN 800.000đ khi mở thẻ tín dụng VPBANK MWG (Xem chi tiết tại đây)";;https://www.thegioididong.com/dtdd/iphone-15;Skipped
iPhone 15 Plus 128GB;Xanh dương nhạt;Yes;340000;21990000;2026-04-17;"Khuyến mãi
Giá và khuyến mãi dự kiến áp dụng đến 23:59 | 30/04
1 Chọn 1 trong các khuyến mãi:
Giảm giá 4,000,000đ (đã giảm vào giá sản phẩm)
Tặng phiếu mua hàng Phụ Kiện, Smartwatch, đồng hồ thời trang (trừ Apple, Beats) trị giá 4,800,000đ
2 Phiếu mua hàng Apple Watch trị giá 500,000đ
3 Tặng phiếu mua hàng Macbook (trừ Macbook Air M5 và Macbook Neo) trị giá 1,000,000đ
4 Phiếu mua hàng Airpods trị giá 500.000đ
5 Tặng Phiếu mua hàng mua Smartwatch (trừ Apple, giá trên 5.000.000đ) trị giá 500.000đ
6 Tặng Phiếu mua hàng Máy lạnh (sản phẩm trên 10tr) trị giá 300.000đ
7 Thu cũ đổi mới: Giảm đến 2,000,000đ (Không kèm ưu đãi thanh toán qua cổng, mua kèm) Xem chi tiết
8 NHẬN HOÀN NGAY ĐẾN 800.000đ khi mở thẻ tín dụng VPBANK MWG (Xem chi tiết tại đây)";;https://www.thegioididong.com/dtdd/iphone-15-plus;Skipped
iPhone 15 256GB;Hồng nhạt;Yes;21990000;20890000;2026-04-17;"Khuyến mãi
Giá và khuyến mãi có thể kết thúc sớm hơn dự kiến
1 Chọn 1 trong các khuyến mãi:
Giảm giá 1,000,000đ (đã giảm vào giá sản phẩm)
Tặng phiếu mua hàng Phụ Kiện, Smartwatch, đồng hồ thời trang (trừ Apple, Beats) trị giá 1,300,000đ
2 Phiếu mua hàng Apple Watch trị giá 500,000đ
3 Tặng phiếu mua hàng Macbook (trừ Macbook Air M5 và Macbook Neo) trị giá 1,000,000đ
4 Phiếu mua hàng Airpods trị giá 500.000đ
5 Tặng Phiếu mua hàng mua Smartwatch (trừ Apple, giá trên 5.000.000đ) trị giá 500.000đ
6 Tặng Phiếu mua hàng Máy lạnh (sản phẩm trên 10tr) trị giá 300.000đ
7 NHẬN HOÀN NGAY ĐẾN 800.000đ khi mở thẻ tín dụng VPBANK MWG (Xem chi tiết tại đây)";;https://www.thegioididong.com/dtdd/iphone-15;Skipped
iPhone 14 128GB;Trắng;Yes;770000;16990000;2026-04-17;"Khuyến mãi
Giá và khuyến mãi dự kiến áp dụng đến 23:59 | 30/04
1 Chọn 1 trong các khuyến mãi:
Giảm giá 3,000,000đ (đã giảm vào giá sản phẩm)
Tặng phiếu mua hàng Phụ Kiện, Smartwatch, đồng hồ thời trang (trừ Apple, Beats) trị giá 3,600,000đ
2 Phiếu mua hàng Apple Watch trị giá 500,000đ
3 Tặng phiếu mua hàng Macbook (trừ Macbook Air M5 và Macbook Neo) trị giá 1,000,000đ
4 Phiếu mua hàng Airpods trị giá 500.000đ
5 Tặng Phiếu mua hàng mua Smartwatch (trừ Apple, giá trên 5.000.000đ) trị giá 500.000đ
6 Tặng Phiếu mua hàng Máy lạnh (sản phẩm trên 10tr) trị giá 300.000đ
7 Thu cũ đổi mới: Giảm đến 2,000,000đ (Không kèm ưu đãi thanh toán qua cổng, mua kèm) Xem chi tiết
8 NHẬN HOÀN NGAY ĐẾN 800.000đ khi mở thẻ tín dụng VPBANK MWG (Xem chi tiết tại đây)";;https://www.thegioididong.com/dtdd/iphone-14;Skipped
iPhone 15 256GB;Xanh dương nhạt;Yes;21990000;20890000;2026-04-17;"Khuyến mãi
Giá và khuyến mãi có thể kết thúc sớm hơn dự kiến
1 Chọn 1 trong các khuyến mãi:
Giảm giá 1,000,000đ (đã giảm vào giá sản phẩm)
Tặng phiếu mua hàng Phụ Kiện, Smartwatch, đồng hồ thời trang (trừ Apple, Beats) trị giá 1,300,000đ
2 Phiếu mua hàng Apple Watch trị giá 500,000đ
3 Tặng phiếu mua hàng Macbook (trừ Macbook Air M5 và Macbook Neo) trị giá 1,000,000đ
4 Phiếu mua hàng Airpods trị giá 500.000đ
5 Tặng Phiếu mua hàng mua Smartwatch (trừ Apple, giá trên 5.000.000đ) trị giá 500.000đ
6 Tặng Phiếu mua hàng Máy lạnh (sản phẩm trên 10tr) trị giá 300.000đ
7 NHẬN HOÀN NGAY ĐẾN 800.000đ khi mở thẻ tín dụng VPBANK MWG (Xem chi tiết tại đây)";;https://www.thegioididong.com/dtdd/iphone-15;Skipped
iPhone 16 128GB;Xanh Lưu Ly;Yes;190000;21990000;2026-04-17;"Khuyến mãi
Giá và khuyến mãi dự kiến áp dụng đến 23:59 | 30/04
1 Chọn 1 trong các khuyến mãi:
Giảm giá 2,000,000đ (đã giảm vào giá sản phẩm)
Tặng phiếu mua hàng Phụ Kiện, Smartwatch, đồng hồ thời trang (trừ Apple, Beats) trị giá 2,500,000đ
2 Phiếu mua hàng Apple Watch trị giá 500,000đ
3 Tặng phiếu mua hàng Macbook (trừ Macbook Air M5 và Macbook Neo) trị giá 1,000,000đ
4 Phiếu mua hàng Airpods trị giá 500.000đ
5 Tặng Phiếu mua hàng mua Smartwatch (trừ Apple, giá trên 5.000.000đ) trị giá 500.000đ
6 Tặng Phiếu mua hàng Máy lạnh (sản phẩm trên 10tr) trị giá 300.000đ
7 Thu cũ đổi mới: Giảm đến 2,000,000đ (Không kèm ưu đãi thanh toán qua cổng, mua kèm) Xem chi tiết
8 NHẬN HOÀN NGAY ĐẾN 800.000đ khi mở thẻ tín dụng VPBANK MWG (Xem chi tiết tại đây)";;https://www.thegioididong.com/dtdd/iphone-16;Skipped
iPhone 14 128GB;Đen;Yes;770000;16990000;2026-04-17;"Khuyến mãi
Giá và khuyến mãi dự kiến áp dụng đến 23:59 | 30/04
1 Chọn 1 trong các khuyến mãi:
Giảm giá 3,000,000đ (đã giảm vào giá sản phẩm)
Tặng phiếu mua hàng Phụ Kiện, Smartwatch, đồng hồ thời trang (trừ Apple, Beats) trị giá 3,600,000đ
2 Phiếu mua hàng Apple Watch trị giá 500,000đ
3 Tặng phiếu mua hàng Macbook (trừ Macbook Air M5 và Macbook Neo) trị giá 1,000,000đ
4 Phiếu mua hàng Airpods trị giá 500.000đ
5 Tặng Phiếu mua hàng mua Smartwatch (trừ Apple, giá trên 5.000.000đ) trị giá 500.000đ
6 Tặng Phiếu mua hàng Máy lạnh (sản phẩm trên 10tr) trị giá 300.000đ
7 Thu cũ đổi mới: Giảm đến 2,000,000đ (Không kèm ưu đãi thanh toán qua cổng, mua kèm) Xem chi tiết
8 NHẬN HOÀN NGAY ĐẾN 800.000đ khi mở thẻ tín dụng VPBANK MWG (Xem chi tiết tại đây)";;https://www.thegioididong.com/dtdd/iphone-14;Skipped
iPhone 15 256GB;Đen;Yes;21990000;20890000;2026-04-17;"Khuyến mãi
Giá và khuyến mãi có thể kết thúc sớm hơn dự kiến
1 Chọn 1 trong các khuyến mãi:
Giảm giá 1,000,000đ (đã giảm vào giá sản phẩm)
Tặng phiếu mua hàng Phụ Kiện, Smartwatch, đồng hồ thời trang (trừ Apple, Beats) trị giá 1,300,000đ
2 Phiếu mua hàng Apple Watch trị giá 500,000đ
3 Tặng phiếu mua hàng Macbook (trừ Macbook Air M5 và Macbook Neo) trị giá 1,000,000đ
4 Phiếu mua hàng Airpods trị giá 500.000đ
5 Tặng Phiếu mua hàng mua Smartwatch (trừ Apple, giá trên 5.000.000đ) trị giá 500.000đ
6 Tặng Phiếu mua hàng Máy lạnh (sản phẩm trên 10tr) trị giá 300.000đ
7 NHẬN HOÀN NGAY ĐẾN 800.000đ khi mở thẻ tín dụng VPBANK MWG (Xem chi tiết tại đây)";;https://www.thegioididong.com/dtdd/iphone-15;Skipped
iPhone 16 128GB;Đen;Yes;190000;21990000;2026-04-17;"Khuyến mãi
Giá và khuyến mãi dự kiến áp dụng đến 23:59 | 30/04
1 Chọn 1 trong các khuyến mãi:
Giảm giá 2,000,000đ (đã giảm vào giá sản phẩm)
Tặng phiếu mua hàng Phụ Kiện, Smartwatch, đồng hồ thời trang (trừ Apple, Beats) trị giá 2,500,000đ
2 Phiếu mua hàng Apple Watch trị giá 500,000đ
3 Tặng phiếu mua hàng Macbook (trừ Macbook Air M5 và Macbook Neo) trị giá 1,000,000đ
4 Phiếu mua hàng Airpods trị giá 500.000đ
5 Tặng Phiếu mua hàng mua Smartwatch (trừ Apple, giá trên 5.000.000đ) trị giá 500.000đ
6 Tặng Phiếu mua hàng Máy lạnh (sản phẩm trên 10tr) trị giá 300.000đ
7 Thu cũ đổi mới: Giảm đến 2,000,000đ (Không kèm ưu đãi thanh toán qua cổng, mua kèm) Xem chi tiết
8 NHẬN HOÀN NGAY ĐẾN 800.000đ khi mở thẻ tín dụng VPBANK MWG (Xem chi tiết tại đây)";;https://www.thegioididong.com/dtdd/iphone-16;Skipped
iPhone 15 256GB;Xanh lá nhạt;Yes;340000;21990000;2026-04-17;"Khuyến mãi
Giá và khuyến mãi dự kiến áp dụng đến 23:59 | 30/04
1 Chọn 1 trong các khuyến mãi:
Giảm giá 1,000,000đ (đã giảm vào giá sản phẩm)
Tặng phiếu mua hàng Phụ Kiện, Smartwatch, đồng hồ thời trang (trừ Apple, Beats) trị giá 1,300,000đ
2 Phiếu mua hàng Apple Watch trị giá 500,000đ
3 Tặng phiếu mua hàng Macbook (trừ Macbook Air M5 và Macbook Neo) trị giá 1,000,000đ
4 Phiếu mua hàng Airpods trị giá 500.000đ
5 Tặng Phiếu mua hàng mua Smartwatch (trừ Apple, giá trên 5.000.000đ) trị giá 500.000đ
6 Tặng Phiếu mua hàng Máy lạnh (sản phẩm trên 10tr) trị giá 300.000đ
7 Thu cũ đổi mới: Giảm đến 2,000,000đ (Không kèm ưu đãi thanh toán qua cổng, mua kèm) Xem chi tiết
8 NHẬN HOÀN NGAY ĐẾN 800.000đ khi mở thẻ tín dụng VPBANK MWG (Xem chi tiết tại đây)";;https://www.thegioididong.com/dtdd/iphone-15;Skipped
iPhone 16e 128GB;Trắng;No;190000;16990000;2026-04-17;"Khuyến mãi
Giá và khuyến mãi dự kiến áp dụng đến 23:59 | 30/04
1 Chọn 1 trong các khuyến mãi:
Giảm giá 1,000,000đ
Tặng phiếu mua hàng Phụ Kiện, Smartwatch, đồng hồ thời trang (trừ Apple, Beats) trị giá 1,300,000đ
2 Phiếu mua hàng Apple Watch trị giá 500,000đ
3 Tặng phiếu mua hàng Macbook (trừ Macbook Air M5 và Macbook Neo) trị giá 1,000,000đ
4 Phiếu mua hàng Airpods trị giá 500.000đ
5 Tặng Phiếu mua hàng mua Smartwatch (trừ Apple, giá trên 5.000.000đ) trị giá 500.000đ
6 Tặng Phiếu mua hàng Máy lạnh (sản phẩm trên 10tr) trị giá 300.000đ
7 Thu cũ đổi mới: Giảm đến 2,000,000đ (Không kèm ưu đãi thanh toán qua cổng, mua kèm) Xem chi tiết
8 NHẬN HOÀN NGAY ĐẾN 800.000đ khi mở thẻ tín dụng VPBANK MWG (Xem chi tiết tại đây)";;https://www.thegioididong.com/dtdd/iphone-16e;DEBUG_OOS_iPhone 16e 128GB_Trắng_073216.png
iPhone 16 Plus 128GB;Xanh Lưu Ly;Yes;190000;25990000;2026-04-17;"Khuyến mãi
Giá và khuyến mãi dự kiến áp dụng đến 23:59 | 30/04
1 Chọn 1 trong các khuyến mãi:
Giảm giá 2,000,000đ (đã giảm vào giá sản phẩm)
Tặng phiếu mua hàng Phụ Kiện, Smartwatch, đồng hồ thời trang (trừ Apple, Beats) trị giá 2,500,000đ
2 Phiếu mua hàng Apple Watch trị giá 500,000đ
3 Tặng phiếu mua hàng Macbook (trừ Macbook Air M5 và Macbook Neo) trị giá 1,000,000đ
4 Phiếu mua hàng Airpods trị giá 500.000đ
5 Tặng Phiếu mua hàng mua Smartwatch (trừ Apple, giá trên 5.000.000đ) trị giá 500.000đ
6 Tặng Phiếu mua hàng Máy lạnh (sản phẩm trên 10tr) trị giá 300.000đ
7 Thu cũ đổi mới: Giảm đến 2,000,000đ (Không kèm ưu đãi thanh toán qua cổng, mua kèm) Xem chi tiết
8 NHẬN HOÀN NGAY ĐẾN 800.000đ khi mở thẻ tín dụng VPBANK MWG (Xem chi tiết tại đây)";;https://www.thegioididong.com/dtdd/iphone-16-plus;Skipped
iPhone 16 128GB;Hồng;Yes;190000;21990000;2026-04-17;"Khuyến mãi
Giá và khuyến mãi dự kiến áp dụng đến 23:59 | 30/04
1 Chọn 1 trong các khuyến mãi:
Giảm giá 2,000,000đ (đã giảm vào giá sản phẩm)
Tặng phiếu mua hàng Phụ Kiện, Smartwatch, đồng hồ thời trang (trừ Apple, Beats) trị giá 2,500,000đ
2 Phiếu mua hàng Apple Watch trị giá 500,000đ
3 Tặng phiếu mua hàng Macbook (trừ Macbook Air M5 và Macbook Neo) trị giá 1,000,000đ
4 Phiếu mua hàng Airpods trị giá 500.000đ
5 Tặng Phiếu mua hàng mua Smartwatch (trừ Apple, giá trên 5.000.000đ) trị giá 500.000đ
6 Tặng Phiếu mua hàng Máy lạnh (sản phẩm trên 10tr) trị giá 300.000đ
7 Thu cũ đổi mới: Giảm đến 2,000,000đ (Không kèm ưu đãi thanh toán qua cổng, mua kèm) Xem chi tiết
8 NHẬN HOÀN NGAY ĐẾN 800.000đ khi mở thẻ tín dụng VPBANK MWG (Xem chi tiết tại đây)";;https://www.thegioididong.com/dtdd/iphone-16;Skipped
iPhone 15 256GB;Hồng nhạt;Yes;21990000;20890000;2026-04-17;"Khuyến mãi
Giá và khuyến mãi có thể kết thúc sớm hơn dự kiến
1 Chọn 1 trong các khuyến mãi:
Giảm giá 1,000,000đ (đã giảm vào giá sản phẩm)
Tặng phiếu mua hàng Phụ Kiện, Smartwatch, đồng hồ thời trang (trừ Apple, Beats) trị giá 1,300,000đ
2 Phiếu mua hàng Apple Watch trị giá 500,000đ
3 Tặng phiếu mua hàng Macbook (trừ Macbook Air M5 và Macbook Neo) trị giá 1,000,000đ
4 Phiếu mua hàng Airpods trị giá 500.000đ
5 Tặng Phiếu mua hàng mua Smartwatch (trừ Apple, giá trên 5.000.000đ) trị giá 500.000đ
6 Tặng Phiếu mua hàng Máy lạnh (sản phẩm trên 10tr) trị giá 300.000đ
7 NHẬN HOÀN NGAY ĐẾN 800.000đ khi mở thẻ tín dụng VPBANK MWG (Xem chi tiết tại đây)";;https://www.thegioididong.com/dtdd/iphone-15;Skipped
iPhone 16 Plus 128GB;Hồng;Yes;190000;25990000;2026-04-17;"Khuyến mãi
Giá và khuyến mãi dự kiến áp dụng đến 23:59 | 30/04
1 Chọn 1 trong các khuyến mãi:
Giảm giá 2,000,000đ (đã giảm vào giá sản phẩm)
Tặng phiếu mua hàng Phụ Kiện, Smartwatch, đồng hồ thời trang (trừ Apple, Beats) trị giá 2,500,000đ
2 Phiếu mua hàng Apple Watch trị giá 500,000đ
3 Tặng phiếu mua hàng Macbook (trừ Macbook Air M5 và Macbook Neo) trị giá 1,000,000đ
4 Phiếu mua hàng Airpods trị giá 500.000đ
5 Tặng Phiếu mua hàng mua Smartwatch (trừ Apple, giá trên 5.000.000đ) trị giá 500.000đ
6 Tặng Phiếu mua hàng Máy lạnh (sản phẩm trên 10tr) trị giá 300.000đ
7 Thu cũ đổi mới: Giảm đến 2,000,000đ (Không kèm ưu đãi thanh toán qua cổng, mua kèm) Xem chi tiết
8 NHẬN HOÀN NGAY ĐẾN 800.000đ khi mở thẻ tín dụng VPBANK MWG (Xem chi tiết tại đây)";;https://www.thegioididong.com/dtdd/iphone-16-plus;Skipped
iPhone 16e 128GB;Đen;Yes;190000;16990000;2026-04-17;"Khuyến mãi
Giá và khuyến mãi dự kiến áp dụng đến 23:59 | 30/04
1 Chọn 1 trong các khuyến mãi:
Giảm giá 1,000,000đ (đã giảm vào giá sản phẩm)
Tặng phiếu mua hàng Phụ Kiện, Smartwatch, đồng hồ thời trang (trừ Apple, Beats) trị giá 1,300,000đ
2 Phiếu mua hàng Apple Watch trị giá 500,000đ
3 Tặng phiếu mua hàng Macbook (trừ Macbook Air M5 và Macbook Neo) trị giá 1,000,000đ
4 Phiếu mua hàng Airpods trị giá 500.000đ
5 Tặng Phiếu mua hàng mua Smartwatch (trừ Apple, giá trên 5.000.000đ) trị giá 500.000đ
6 Tặng Phiếu mua hàng Máy lạnh (sản phẩm trên 10tr) trị giá 300.000đ
7 Thu cũ đổi mới: Giảm đến 2,000,000đ (Không kèm ưu đãi thanh toán qua cổng, mua kèm) Xem chi tiết
8 NHẬN HOÀN NGAY ĐẾN 800.000đ khi mở thẻ tín dụng VPBANK MWG (Xem chi tiết tại đây)";;https://www.thegioididong.com/dtdd/iphone-16e;Skipped
iPhone 16 128GB;Xanh Mòng Két;Yes;190000;21990000;2026-04-17;"Khuyến mãi
Giá và khuyến mãi dự kiến áp dụng đến 23:59 | 30/04
1 Chọn 1 trong các khuyến mãi:
Giảm giá 2,000,000đ (đã giảm vào giá sản phẩm)
Tặng phiếu mua hàng Phụ Kiện, Smartwatch, đồng hồ thời trang (trừ Apple, Beats) trị giá 2,500,000đ
2 Phiếu mua hàng Apple Watch trị giá 500,000đ
3 Tặng phiếu mua hàng Macbook (trừ Macbook Air M5 và Macbook Neo) trị giá 1,000,000đ
4 Phiếu mua hàng Airpods trị giá 500.000đ
5 Tặng Phiếu mua hàng mua Smartwatch (trừ Apple, giá trên 5.000.000đ) trị giá 500.000đ
6 Tặng Phiếu mua hàng Máy lạnh (sản phẩm trên 10tr) trị giá 300.000đ
7 Thu cũ đổi mới: Giảm đến 2,000,000đ (Không kèm ưu đãi thanh toán qua cổng, mua kèm) Xem chi tiết
8 NHẬN HOÀN NGAY ĐẾN 800.000đ khi mở thẻ tín dụng VPBANK MWG (Xem chi tiết tại đây)";;https://www.thegioididong.com/dtdd/iphone-16;Skipped
iPhone 15 256GB;Xanh dương nhạt;Yes;21990000;21890000;2026-04-17;"Khuyến mãi
Giá và khuyến mãi có thể kết thúc sớm hơn dự kiến
1 Chọn 1 trong các khuyến mãi:
Giảm giá 1,000,000đ
Tặng phiếu mua hàng Phụ Kiện, Smartwatch, đồng hồ thời trang (trừ Apple, Beats) trị giá 1,300,000đ
2 Phiếu mua hàng Apple Watch trị giá 500,000đ
3 Tặng phiếu mua hàng Macbook (trừ Macbook Air M5 và Macbook Neo) trị giá 1,000,000đ
4 Phiếu mua hàng Airpods trị giá 500.000đ
5 Tặng Phiếu mua hàng mua Smartwatch (trừ Apple, giá trên 5.000.000đ) trị giá 500.000đ
6 Tặng Phiếu mua hàng Máy lạnh (sản phẩm trên 10tr) trị giá 300.000đ
7 NHẬN HOÀN NGAY ĐẾN 800.000đ khi mở thẻ tín dụng VPBANK MWG (Xem chi tiết tại đây)";;https://www.thegioididong.com/dtdd/iphone-15;Skipped
iPhone 16 Plus 128GB;Đen;Yes;190000;25990000;2026-04-17;"Khuyến mãi
Giá và khuyến mãi dự kiến áp dụng đến 23:59 | 30/04
1 Chọn 1 trong các khuyến mãi:
Giảm giá 2,000,000đ (đã giảm vào giá sản phẩm)
Tặng phiếu mua hàng Phụ Kiện, Smartwatch, đồng hồ thời trang (trừ Apple, Beats) trị giá 2,500,000đ
2 Phiếu mua hàng Apple Watch trị giá 500,000đ
3 Tặng phiếu mua hàng Macbook (trừ Macbook Air M5 và Macbook Neo) trị giá 1,000,000đ
4 Phiếu mua hàng Airpods trị giá 500.000đ
5 Tặng Phiếu mua hàng mua Smartwatch (trừ Apple, giá trên 5.000.000đ) trị giá 500.000đ
6 Tặng Phiếu mua hàng Máy lạnh (sản phẩm trên 10tr) trị giá 300.000đ
7 Thu cũ đổi mới: Giảm đến 2,000,000đ (Không kèm ưu đãi thanh toán qua cổng, mua kèm) Xem chi tiết
8 NHẬN HOÀN NGAY ĐẾN 800.000đ khi mở thẻ tín dụng VPBANK MWG (Xem chi tiết tại đây)";;https://www.thegioididong.com/dtdd/iphone-16-plus;Skipped
iPhone 15 256GB;Đen;Yes;21990000;20890000;2026-04-17;"Khuyến mãi
Giá và khuyến mãi có thể kết thúc sớm hơn dự kiến
1 Chọn 1 trong các khuyến mãi:
Giảm giá 1,000,000đ (đã giảm vào giá sản phẩm)
Tặng phiếu mua hàng Phụ Kiện, Smartwatch, đồng hồ thời trang (trừ Apple, Beats) trị giá 1,300,000đ
2 Phiếu mua hàng Apple Watch trị giá 500,000đ
3 Tặng phiếu mua hàng Macbook (trừ Macbook Air M5 và Macbook Neo) trị giá 1,000,000đ
4 Phiếu mua hàng Airpods trị giá 500.000đ
5 Tặng Phiếu mua hàng mua Smartwatch (trừ Apple, giá trên 5.000.000đ) trị giá 500.000đ
6 Tặng Phiếu mua hàng Máy lạnh (sản phẩm trên 10tr) trị giá 300.000đ
7 NHẬN HOÀN NGAY ĐẾN 800.000đ khi mở thẻ tín dụng VPBANK MWG (Xem chi tiết tại đây)";;https://www.thegioididong.com/dtdd/iphone-15;Skipped
iPhone 16 128GB;Trắng;Yes;190000;21990000;2026-04-17;"Khuyến mãi
Giá và khuyến mãi dự kiến áp dụng đến 23:59 | 30/04
1 Chọn 1 trong các khuyến mãi:
Giảm giá 2,000,000đ (đã giảm vào giá sản phẩm)
Tặng phiếu mua hàng Phụ Kiện, Smartwatch, đồng hồ thời trang (trừ Apple, Beats) trị giá 2,500,000đ
2 Phiếu mua hàng Apple Watch trị giá 500,000đ
3 Tặng phiếu mua hàng Macbook (trừ Macbook Air M5 và Macbook Neo) trị giá 1,000,000đ
4 Phiếu mua hàng Airpods trị giá 500.000đ
5 Tặng Phiếu mua hàng mua Smartwatch (trừ Apple, giá trên 5.000.000đ) trị giá 500.000đ
6 Tặng Phiếu mua hàng Máy lạnh (sản phẩm trên 10tr) trị giá 300.000đ
7 Thu cũ đổi mới: Giảm đến 2,000,000đ (Không kèm ưu đãi thanh toán qua cổng, mua kèm) Xem chi tiết
8 NHẬN HOÀN NGAY ĐẾN 800.000đ khi mở thẻ tín dụng VPBANK MWG (Xem chi tiết tại đây)";;https://www.thegioididong.com/dtdd/iphone-16;Skipped
iPhone 15 256GB;Xanh lá nhạt;Yes;340000;21990000;2026-04-17;"Khuyến mãi
Giá và khuyến mãi dự kiến áp dụng đến 23:59 | 30/04
1 Chọn 1 trong các khuyến mãi:
Giảm giá 1,000,000đ (đã giảm vào giá sản phẩm)
Tặng phiếu mua hàng Phụ Kiện, Smartwatch, đồng hồ thời trang (trừ Apple, Beats) trị giá 1,300,000đ
2 Phiếu mua hàng Apple Watch trị giá 500,000đ
3 Tặng phiếu mua hàng Macbook (trừ Macbook Air M5 và Macbook Neo) trị giá 1,000,000đ
4 Phiếu mua hàng Airpods trị giá 500.000đ
5 Tặng Phiếu mua hàng mua Smartwatch (trừ Apple, giá trên 5.000.000đ) trị giá 500.000đ
6 Tặng Phiếu mua hàng Máy lạnh (sản phẩm trên 10tr) trị giá 300.000đ
7 Thu cũ đổi mới: Giảm đến 2,000,000đ (Không kèm ưu đãi thanh toán qua cổng, mua kèm) Xem chi tiết
8 NHẬN HOÀN NGAY ĐẾN 800.000đ khi mở thẻ tín dụng VPBANK MWG (Xem chi tiết tại đây)";;https://www.thegioididong.com/dtdd/iphone-15;Skipped
iPhone 16 256GB;Xanh Lưu Ly;Yes;24990000;22790000;2026-04-17;"Khuyến mãi
Giá và khuyến mãi có thể kết thúc sớm hơn dự kiến
1 Chọn 1 trong các khuyến mãi:
Giảm giá 1,000,000đ (đã giảm vào giá sản phẩm)
Tặng phiếu mua hàng Phụ Kiện, Smartwatch, đồng hồ thời trang (trừ Apple, Beats) trị giá 1,300,000đ
2 Phiếu mua hàng Apple Watch trị giá 500,000đ
3 Tặng phiếu mua hàng Macbook (trừ Macbook Air M5 và Macbook Neo) trị giá 1,000,000đ
4 Phiếu mua hàng Airpods trị giá 500.000đ
5 Tặng Phiếu mua hàng mua Smartwatch (trừ Apple, giá trên 5.000.000đ) trị giá 500.000đ
6 Tặng Phiếu mua hàng Máy lạnh (sản phẩm trên 10tr) trị giá 300.000đ
7 NHẬN HOÀN NGAY ĐẾN 800.000đ khi mở thẻ tín dụng VPBANK MWG (Xem chi tiết tại đây)";;https://www.thegioididong.com/dtdd/iphone-16;Skipped
iPhone 16 Plus 128GB;Xanh Mòng Két;Yes;190000;25990000;2026-04-17;"Khuyến mãi
Giá và khuyến mãi dự kiến áp dụng đến 23:59 | 30/04
1 Chọn 1 trong các khuyến mãi:
Giảm giá 2,000,000đ (đã giảm vào giá sản phẩm)
Tặng phiếu mua hàng Phụ Kiện, Smartwatch, đồng hồ thời trang (trừ Apple, Beats) trị giá 2,500,000đ
2 Phiếu mua hàng Apple Watch trị giá 500,000đ
3 Tặng phiếu mua hàng Macbook (trừ Macbook Air M5 và Macbook Neo) trị giá 1,000,000đ
4 Phiếu mua hàng Airpods trị giá 500.000đ
5 Tặng Phiếu mua hàng mua Smartwatch (trừ Apple, giá trên 5.000.000đ) trị giá 500.000đ
6 Tặng Phiếu mua hàng Máy lạnh (sản phẩm trên 10tr) trị giá 300.000đ
7 Thu cũ đổi mới: Giảm đến 2,000,000đ (Không kèm ưu đãi thanh toán qua cổng, mua kèm) Xem chi tiết
8 NHẬN HOÀN NGAY ĐẾN 800.000đ khi mở thẻ tín dụng VPBANK MWG (Xem chi tiết tại đây)";;https://www.thegioididong.com/dtdd/iphone-16-plus;Skipped
iPhone 16e 512GB;Trắng;Yes;190000;26490000;2026-04-17;"Khuyến mãi
Giá và khuyến mãi dự kiến áp dụng đến 23:59 | 30/04
1 Chọn 1 trong các khuyến mãi:
Giảm giá 1,000,000đ (đã giảm vào giá sản phẩm)
Tặng phiếu mua hàng Phụ Kiện, Smartwatch, đồng hồ thời trang (trừ Apple, Beats) trị giá 1,300,000đ
2 Phiếu mua hàng Apple Watch trị giá 500,000đ
3 Tặng phiếu mua hàng Macbook (trừ Macbook Air M5 và Macbook Neo) trị giá 1,000,000đ
4 Phiếu mua hàng Airpods trị giá 500.000đ
5 Tặng Phiếu mua hàng mua Smartwatch (trừ Apple, giá trên 5.000.000đ) trị giá 500.000đ
6 Tặng Phiếu mua hàng Máy lạnh (sản phẩm trên 10tr) trị giá 300.000đ
7 Thu cũ đổi mới: Giảm đến 2,000,000đ (Không kèm ưu đãi thanh toán qua cổng, mua kèm) Xem chi tiết
8 NHẬN HOÀN NGAY ĐẾN 800.000đ khi mở thẻ tín dụng VPBANK MWG (Xem chi tiết tại đây)";;https://www.thegioididong.com/dtdd/iphone-16e;Skipped
iPhone 16 256GB;Đen;Yes;24990000;22790000;2026-04-17;"Khuyến mãi
Giá và khuyến mãi có thể kết thúc sớm hơn dự kiến
1 Chọn 1 trong các khuyến mãi:
Giảm giá 1,000,000đ (đã giảm vào giá sản phẩm)
Tặng phiếu mua hàng Phụ Kiện, Smartwatch, đồng hồ thời trang (trừ Apple, Beats) trị giá 1,300,000đ
2 Phiếu mua hàng Apple Watch trị giá 500,000đ
3 Tặng phiếu mua hàng Macbook (trừ Macbook Air M5 và Macbook Neo) trị giá 1,000,000đ
4 Phiếu mua hàng Airpods trị giá 500.000đ
5 Tặng Phiếu mua hàng mua Smartwatch (trừ Apple, giá trên 5.000.000đ) trị giá 500.000đ
6 Tặng Phiếu mua hàng Máy lạnh (sản phẩm trên 10tr) trị giá 300.000đ
7 NHẬN HOÀN NGAY ĐẾN 800.000đ khi mở thẻ tín dụng VPBANK MWG (Xem chi tiết tại đây)";;https://www.thegioididong.com/dtdd/iphone-16;Skipped
iPhone 16 Plus 128GB;Trắng;Yes;190000;25990000;2026-04-17;"Khuyến mãi
Giá và khuyến mãi dự kiến áp dụng đến 23:59 | 30/04
1 Chọn 1 trong các khuyến mãi:
Giảm giá 2,000,000đ (đã giảm vào giá sản phẩm)
Tặng phiếu mua hàng Phụ Kiện, Smartwatch, đồng hồ thời trang (trừ Apple, Beats) trị giá 2,500,000đ
2 Phiếu mua hàng Apple Watch trị giá 500,000đ
3 Tặng phiếu mua hàng Macbook (trừ Macbook Air M5 và Macbook Neo) trị giá 1,000,000đ
4 Phiếu mua hàng Airpods trị giá 500.000đ
5 Tặng Phiếu mua hàng mua Smartwatch (trừ Apple, giá trên 5.000.000đ) trị giá 500.000đ
6 Tặng Phiếu mua hàng Máy lạnh (sản phẩm trên 10tr) trị giá 300.000đ
7 Thu cũ đổi mới: Giảm đến 2,000,000đ (Không kèm ưu đãi thanh toán qua cổng, mua kèm) Xem chi tiết
8 NHẬN HOÀN NGAY ĐẾN 800.000đ khi mở thẻ tín dụng VPBANK MWG (Xem chi tiết tại đây)";;https://www.thegioididong.com/dtdd/iphone-16-plus;Skipped
iPhone 16 256GB;Xanh Mòng Két;Yes;24990000;22790000;2026-04-17;"Khuyến mãi
Giá và khuyến mãi có thể kết thúc sớm hơn dự kiến
1 Chọn 1 trong các khuyến mãi:
Giảm giá 1,000,000đ (đã giảm vào giá sản phẩm)
Tặng phiếu mua hàng Phụ Kiện, Smartwatch, đồng hồ thời trang (trừ Apple, Beats) trị giá 1,300,000đ
2 Phiếu mua hàng Apple Watch trị giá 500,000đ
3 Tặng phiếu mua hàng Macbook (trừ Macbook Air M5 và Macbook Neo) trị giá 1,000,000đ
4 Phiếu mua hàng Airpods trị giá 500.000đ
5 Tặng Phiếu mua hàng mua Smartwatch (trừ Apple, giá trên 5.000.000đ) trị giá 500.000đ
6 Tặng Phiếu mua hàng Máy lạnh (sản phẩm trên 10tr) trị giá 300.000đ
7 NHẬN HOÀN NGAY ĐẾN 800.000đ khi mở thẻ tín dụng VPBANK MWG (Xem chi tiết tại đây)";;https://www.thegioididong.com/dtdd/iphone-16;Skipped
iPhone 16e 512GB;Đen;Yes;190000;26490000;2026-04-17;"Khuyến mãi
Giá và khuyến mãi dự kiến áp dụng đến 23:59 | 30/04
1 Chọn 1 trong các khuyến mãi:
Giảm giá 1,000,000đ (đã giảm vào giá sản phẩm)
Tặng phiếu mua hàng Phụ Kiện, Smartwatch, đồng hồ thời trang (trừ Apple, Beats) trị giá 1,300,000đ
2 Phiếu mua hàng Apple Watch trị giá 500,000đ
3 Tặng phiếu mua hàng Macbook (trừ Macbook Air M5 và Macbook Neo) trị giá 1,000,000đ
4 Phiếu mua hàng Airpods trị giá 500.000đ
5 Tặng Phiếu mua hàng mua Smartwatch (trừ Apple, giá trên 5.000.000đ) trị giá 500.000đ
6 Tặng Phiếu mua hàng Máy lạnh (sản phẩm trên 10tr) trị giá 300.000đ
7 Thu cũ đổi mới: Giảm đến 2,000,000đ (Không kèm ưu đãi thanh toán qua cổng, mua kèm) Xem chi tiết
8 NHẬN HOÀN NGAY ĐẾN 800.000đ khi mở thẻ tín dụng VPBANK MWG (Xem chi tiết tại đây)";;https://www.thegioididong.com/dtdd/iphone-16e;Skipped
iPhone 16 256GB;Trắng;Yes;24990000;22790000;2026-04-17;"Khuyến mãi
Giá và khuyến mãi có thể kết thúc sớm hơn dự kiến
1 Chọn 1 trong các khuyến mãi:
Giảm giá 1,000,000đ (đã giảm vào giá sản phẩm)
Tặng phiếu mua hàng Phụ Kiện, Smartwatch, đồng hồ thời trang (trừ Apple, Beats) trị giá 1,300,000đ
2 Phiếu mua hàng Apple Watch trị giá 500,000đ
3 Tặng phiếu mua hàng Macbook (trừ Macbook Air M5 và Macbook Neo) trị giá 1,000,000đ
4 Phiếu mua hàng Airpods trị giá 500.000đ
5 Tặng Phiếu mua hàng mua Smartwatch (trừ Apple, giá trên 5.000.000đ) trị giá 500.000đ
6 Tặng Phiếu mua hàng Máy lạnh (sản phẩm trên 10tr) trị giá 300.000đ
7 NHẬN HOÀN NGAY ĐẾN 800.000đ khi mở thẻ tín dụng VPBANK MWG (Xem chi tiết tại đây)";;https://www.thegioididong.com/dtdd/iphone-16;Skipped
iPhone 16 Plus 256GB;Xanh Lưu Ly;Yes;28990000;27590000;2026-04-17;"Khuyến mãi
Giá và khuyến mãi có thể kết thúc sớm hơn dự kiến
1 Chọn 1 trong các khuyến mãi:
Giảm giá 1,000,000đ (đã giảm vào giá sản phẩm)
Tặng phiếu mua hàng Phụ Kiện, Smartwatch, đồng hồ thời trang (trừ Apple, Beats) trị giá 1,300,000đ
2 Phiếu mua hàng Apple Watch trị giá 500,000đ
3 Tặng phiếu mua hàng Macbook (trừ Macbook Air M5 và Macbook Neo) trị giá 1,000,000đ
4 Phiếu mua hàng Airpods trị giá 500.000đ
5 Tặng Phiếu mua hàng mua Smartwatch (trừ Apple, giá trên 5.000.000đ) trị giá 500.000đ
6 Tặng Phiếu mua hàng Máy lạnh (sản phẩm trên 10tr) trị giá 300.000đ
7 NHẬN HOÀN NGAY ĐẾN 800.000đ khi mở thẻ tín dụng VPBANK MWG (Xem chi tiết tại đây)";;https://www.thegioididong.com/dtdd/iphone-16-plus;Skipped
iPhone 16 Plus 256GB;Trắng;Yes;28990000;27590000;2026-04-17;"Khuyến mãi
Giá và khuyến mãi có thể kết thúc sớm hơn dự kiến
1 Chọn 1 trong các khuyến mãi:
Giảm giá 1,000,000đ (đã giảm vào giá sản phẩm)
Tặng phiếu mua hàng Phụ Kiện, Smartwatch, đồng hồ thời trang (trừ Apple, Beats) trị giá 1,300,000đ
2 Phiếu mua hàng Apple Watch trị giá 500,000đ
3 Tặng phiếu mua hàng Macbook (trừ Macbook Air M5 và Macbook Neo) trị giá 1,000,000đ
4 Phiếu mua hàng Airpods trị giá 500.000đ
5 Tặng Phiếu mua hàng mua Smartwatch (trừ Apple, giá trên 5.000.000đ) trị giá 500.000đ
6 Tặng Phiếu mua hàng Máy lạnh (sản phẩm trên 10tr) trị giá 300.000đ
7 NHẬN HOÀN NGAY ĐẾN 800.000đ khi mở thẻ tín dụng VPBANK MWG (Xem chi tiết tại đây)";;https://www.thegioididong.com/dtdd/iphone-16-plus;Skipped
iPhone 15 256GB;Hồng nhạt;Yes;21990000;20890000;2026-04-17;"Khuyến mãi
Giá và khuyến mãi có thể kết thúc sớm hơn dự kiến
1 Chọn 1 trong các khuyến mãi:
Giảm giá 1,000,000đ (đã giảm vào giá sản phẩm)
Tặng phiếu mua hàng Phụ Kiện, Smartwatch, đồng hồ thời trang (trừ Apple, Beats) trị giá 1,300,000đ
2 Phiếu mua hàng Apple Watch trị giá 500,000đ
3 Tặng phiếu mua hàng Macbook (trừ Macbook Air M5 và Macbook Neo) trị giá 1,000,000đ
4 Phiếu mua hàng Airpods trị giá 500.000đ
5 Tặng Phiếu mua hàng mua Smartwatch (trừ Apple, giá trên 5.000.000đ) trị giá 500.000đ
6 Tặng Phiếu mua hàng Máy lạnh (sản phẩm trên 10tr) trị giá 300.000đ
7 NHẬN HOÀN NGAY ĐẾN 800.000đ khi mở thẻ tín dụng VPBANK MWG (Xem chi tiết tại đây)";;https://www.thegioididong.com/dtdd/iphone-15;Skipped
iPhone 16 Plus 256GB;Hồng;Yes;28990000;27590000;2026-04-17;"Khuyến mãi
Giá và khuyến mãi có thể kết thúc sớm hơn dự kiến
1 Chọn 1 trong các khuyến mãi:
Giảm giá 1,000,000đ (đã giảm vào giá sản phẩm)
Tặng phiếu mua hàng Phụ Kiện, Smartwatch, đồng hồ thời trang (trừ Apple, Beats) trị giá 1,300,000đ
2 Phiếu mua hàng Apple Watch trị giá 500,000đ
3 Tặng phiếu mua hàng Macbook (trừ Macbook Air M5 và Macbook Neo) trị giá 1,000,000đ
4 Phiếu mua hàng Airpods trị giá 500.000đ
5 Tặng Phiếu mua hàng mua Smartwatch (trừ Apple, giá trên 5.000.000đ) trị giá 500.000đ
6 Tặng Phiếu mua hàng Máy lạnh (sản phẩm trên 10tr) trị giá 300.000đ
7 NHẬN HOÀN NGAY ĐẾN 800.000đ khi mở thẻ tín dụng VPBANK MWG (Xem chi tiết tại đây)";;https://www.thegioididong.com/dtdd/iphone-16-plus;Skipped
iPhone 16e 512GB;Trắng;Yes;190000;26490000;2026-04-17;"Khuyến mãi
Giá và khuyến mãi dự kiến áp dụng đến 23:59 | 30/04
1 Chọn 1 trong các khuyến mãi:
Giảm giá 1,000,000đ (đã giảm vào giá sản phẩm)
Tặng phiếu mua hàng Phụ Kiện, Smartwatch, đồng hồ thời trang (trừ Apple, Beats) trị giá 1,300,000đ
2 Phiếu mua hàng Apple Watch trị giá 500,000đ
3 Tặng phiếu mua hàng Macbook (trừ Macbook Air M5 và Macbook Neo) trị giá 1,000,000đ
4 Phiếu mua hàng Airpods trị giá 500.000đ
5 Tặng Phiếu mua hàng mua Smartwatch (trừ Apple, giá trên 5.000.000đ) trị giá 500.000đ
6 Tặng Phiếu mua hàng Máy lạnh (sản phẩm trên 10tr) trị giá 300.000đ
7 Thu cũ đổi mới: Giảm đến 2,000,000đ (Không kèm ưu đãi thanh toán qua cổng, mua kèm) Xem chi tiết
8 NHẬN HOÀN NGAY ĐẾN 800.000đ khi mở thẻ tín dụng VPBANK MWG (Xem chi tiết tại đây)";;https://www.thegioididong.com/dtdd/iphone-16e;Skipped
iPhone 15 256GB;Xanh dương nhạt;Yes;21990000;20890000;2026-04-17;"Khuyến mãi
Giá và khuyến mãi có thể kết thúc sớm hơn dự kiến
1 Chọn 1 trong các khuyến mãi:
Giảm giá 1,000,000đ (đã giảm vào giá sản phẩm)
Tặng phiếu mua hàng Phụ Kiện, Smartwatch, đồng hồ thời trang (trừ Apple, Beats) trị giá 1,300,000đ
2 Phiếu mua hàng Apple Watch trị giá 500,000đ
3 Tặng phiếu mua hàng Macbook (trừ Macbook Air M5 và Macbook Neo) trị giá 1,000,000đ
4 Phiếu mua hàng Airpods trị giá 500.000đ
5 Tặng Phiếu mua hàng mua Smartwatch (trừ Apple, giá trên 5.000.000đ) trị giá 500.000đ
6 Tặng Phiếu mua hàng Máy lạnh (sản phẩm trên 10tr) trị giá 300.000đ
7 NHẬN HOÀN NGAY ĐẾN 800.000đ khi mở thẻ tín dụng VPBANK MWG (Xem chi tiết tại đây)";;https://www.thegioididong.com/dtdd/iphone-15;Skipped
iPhone 16 Plus 256GB;Xanh Mòng Két;Yes;28990000;27590000;2026-04-17;"Khuyến mãi
Giá và khuyến mãi có thể kết thúc sớm hơn dự kiến
1 Chọn 1 trong các khuyến mãi:
Giảm giá 1,000,000đ (đã giảm vào giá sản phẩm)
Tặng phiếu mua hàng Phụ Kiện, Smartwatch, đồng hồ thời trang (trừ Apple, Beats) trị giá 1,300,000đ
2 Phiếu mua hàng Apple Watch trị giá 500,000đ
3 Tặng phiếu mua hàng Macbook (trừ Macbook Air M5 và Macbook Neo) trị giá 1,000,000đ
4 Phiếu mua hàng Airpods trị giá 500.000đ
5 Tặng Phiếu mua hàng mua Smartwatch (trừ Apple, giá trên 5.000.000đ) trị giá 500.000đ
6 Tặng Phiếu mua hàng Máy lạnh (sản phẩm trên 10tr) trị giá 300.000đ
7 NHẬN HOÀN NGAY ĐẾN 800.000đ khi mở thẻ tín dụng VPBANK MWG (Xem chi tiết tại đây)";;https://www.thegioididong.com/dtdd/iphone-16-plus;Skipped
iPhone 15 256GB;Đen;Yes;21990000;20890000;2026-04-17;"Khuyến mãi
Giá và khuyến mãi có thể kết thúc sớm hơn dự kiến
1 Chọn 1 trong các khuyến mãi:
Giảm giá 1,000,000đ (đã giảm vào giá sản phẩm)
Tặng phiếu mua hàng Phụ Kiện, Smartwatch, đồng hồ thời trang (trừ Apple, Beats) trị giá 1,300,000đ
2 Phiếu mua hàng Apple Watch trị giá 500,000đ
3 Tặng phiếu mua hàng Macbook (trừ Macbook Air M5 và Macbook Neo) trị giá 1,000,000đ
4 Phiếu mua hàng Airpods trị giá 500.000đ
5 Tặng Phiếu mua hàng mua Smartwatch (trừ Apple, giá trên 5.000.000đ) trị giá 500.000đ
6 Tặng Phiếu mua hàng Máy lạnh (sản phẩm trên 10tr) trị giá 300.000đ
7 NHẬN HOÀN NGAY ĐẾN 800.000đ khi mở thẻ tín dụng VPBANK MWG (Xem chi tiết tại đây)";;https://www.thegioididong.com/dtdd/iphone-15;Skipped
iPhone 16 Plus 256GB;Đen;Yes;28990000;27590000;2026-04-17;"Khuyến mãi
Giá và khuyến mãi có thể kết thúc sớm hơn dự kiến
1 Chọn 1 trong các khuyến mãi:
Giảm giá 1,000,000đ (đã giảm vào giá sản phẩm)
Tặng phiếu mua hàng Phụ Kiện, Smartwatch, đồng hồ thời trang (trừ Apple, Beats) trị giá 1,300,000đ
2 Phiếu mua hàng Apple Watch trị giá 500,000đ
3 Tặng phiếu mua hàng Macbook (trừ Macbook Air M5 và Macbook Neo) trị giá 1,000,000đ
4 Phiếu mua hàng Airpods trị giá 500.000đ
5 Tặng Phiếu mua hàng mua Smartwatch (trừ Apple, giá trên 5.000.000đ) trị giá 500.000đ
6 Tặng Phiếu mua hàng Máy lạnh (sản phẩm trên 10tr) trị giá 300.000đ
7 NHẬN HOÀN NGAY ĐẾN 800.000đ khi mở thẻ tín dụng VPBANK MWG (Xem chi tiết tại đây)";;https://www.thegioididong.com/dtdd/iphone-16-plus;Skipped
iPhone 16e 512GB;Đen;Yes;190000;26490000;2026-04-17;"Khuyến mãi
Giá và khuyến mãi dự kiến áp dụng đến 23:59 | 30/04
1 Chọn 1 trong các khuyến mãi:
Giảm giá 1,000,000đ (đã giảm vào giá sản phẩm)
Tặng phiếu mua hàng Phụ Kiện, Smartwatch, đồng hồ thời trang (trừ Apple, Beats) trị giá 1,300,000đ
2 Phiếu mua hàng Apple Watch trị giá 500,000đ
3 Tặng phiếu mua hàng Macbook (trừ Macbook Air M5 và Macbook Neo) trị giá 1,000,000đ
4 Phiếu mua hàng Airpods trị giá 500.000đ
5 Tặng Phiếu mua hàng mua Smartwatch (trừ Apple, giá trên 5.000.000đ) trị giá 500.000đ
6 Tặng Phiếu mua hàng Máy lạnh (sản phẩm trên 10tr) trị giá 300.000đ
7 Thu cũ đổi mới: Giảm đến 2,000,000đ (Không kèm ưu đãi thanh toán qua cổng, mua kèm) Xem chi tiết
8 NHẬN HOÀN NGAY ĐẾN 800.000đ khi mở thẻ tín dụng VPBANK MWG (Xem chi tiết tại đây)";;https://www.thegioididong.com/dtdd/iphone-16e;Skipped
iPhone 17 256GB;Xanh Lam Khói;Yes;24990000;24490000;2026-04-17;"Khuyến mãi
Giá và khuyến mãi có thể kết thúc sớm hơn dự kiến
1 Chọn 1 trong các khuyến mãi:
Giảm giá 400,000đ (đã giảm vào giá sản phẩm)
Tặng phiếu mua hàng Phụ Kiện, Smartwatch, đồng hồ thời trang (trừ Apple, Beats) trị giá 500,000đ
2 Phiếu mua hàng Apple Watch trị giá 500,000đ
3 Tặng phiếu mua hàng Macbook (trừ Macbook Air M5 và Macbook Neo) trị giá 1,000,000đ
4 Phiếu mua hàng Airpods trị giá 500.000đ
5 Tặng Phiếu mua hàng mua Smartwatch (trừ Apple, giá trên 5.000.000đ) trị giá 500.000đ
6 Tặng Phiếu mua hàng Máy lạnh (sản phẩm trên 10tr) trị giá 300.000đ
7 NHẬN HOÀN NGAY ĐẾN 800.000đ khi mở thẻ tín dụng VPBANK MWG (Xem chi tiết tại đây)";;https://www.thegioididong.com/dtdd/iphone-17;Skipped
iPhone 15 256GB;Xanh lá nhạt;Yes;340000;21990000;2026-04-17;"Khuyến mãi
Giá và khuyến mãi dự kiến áp dụng đến 23:59 | 30/04
1 Chọn 1 trong các khuyến mãi:
Giảm giá 1,000,000đ (đã giảm vào giá sản phẩm)
Tặng phiếu mua hàng Phụ Kiện, Smartwatch, đồng hồ thời trang (trừ Apple, Beats) trị giá 1,300,000đ
2 Phiếu mua hàng Apple Watch trị giá 500,000đ
3 Tặng phiếu mua hàng Macbook (trừ Macbook Air M5 và Macbook Neo) trị giá 1,000,000đ
4 Phiếu mua hàng Airpods trị giá 500.000đ
5 Tặng Phiếu mua hàng mua Smartwatch (trừ Apple, giá trên 5.000.000đ) trị giá 500.000đ
6 Tặng Phiếu mua hàng Máy lạnh (sản phẩm trên 10tr) trị giá 300.000đ
7 Thu cũ đổi mới: Giảm đến 2,000,000đ (Không kèm ưu đãi thanh toán qua cổng, mua kèm) Xem chi tiết
8 NHẬN HOÀN NGAY ĐẾN 800.000đ khi mở thẻ tín dụng VPBANK MWG (Xem chi tiết tại đây)";;https://www.thegioididong.com/dtdd/iphone-15;Skipped
iPhone 17 256GB;Xanh Lá Xô Thơm;Yes;24990000;24490000;2026-04-17;"Khuyến mãi
Giá và khuyến mãi có thể kết thúc sớm hơn dự kiến
1 Chọn 1 trong các khuyến mãi:
Giảm giá 400,000đ (đã giảm vào giá sản phẩm)
Tặng phiếu mua hàng Phụ Kiện, Smartwatch, đồng hồ thời trang (trừ Apple, Beats) trị giá 500,000đ
2 Phiếu mua hàng Apple Watch trị giá 500,000đ
3 Tặng phiếu mua hàng Macbook (trừ Macbook Air M5 và Macbook Neo) trị giá 1,000,000đ
4 Phiếu mua hàng Airpods trị giá 500.000đ
5 Tặng Phiếu mua hàng mua Smartwatch (trừ Apple, giá trên 5.000.000đ) trị giá 500.000đ
6 Tặng Phiếu mua hàng Máy lạnh (sản phẩm trên 10tr) trị giá 300.000đ
7 NHẬN HOÀN NGAY ĐẾN 800.000đ khi mở thẻ tín dụng VPBANK MWG (Xem chi tiết tại đây)";;https://www.thegioididong.com/dtdd/iphone-17;Skipped
iPhone 16 Plus 512GB;Trắng;Yes;190000;33990000;2026-04-17;"Khuyến mãi
Giá và khuyến mãi dự kiến áp dụng đến 23:59 | 30/04
1 Chọn 1 trong các khuyến mãi:
Giảm giá 4,000,000đ (đã giảm vào giá sản phẩm)
Tặng phiếu mua hàng Phụ Kiện, Smartwatch, đồng hồ thời trang (trừ Apple, Beats) trị giá 4,800,000đ
2 Phiếu mua hàng Apple Watch trị giá 500,000đ
3 Tặng phiếu mua hàng Macbook (trừ Macbook Air M5 và Macbook Neo) trị giá 1,000,000đ
4 Phiếu mua hàng Airpods trị giá 500.000đ
5 Tặng Phiếu mua hàng mua Smartwatch (trừ Apple, giá trên 5.000.000đ) trị giá 500.000đ
6 Tặng Phiếu mua hàng Máy lạnh (sản phẩm trên 10tr) trị giá 300.000đ
7 Thu cũ đổi mới: Giảm đến 2,000,000đ (Không kèm ưu đãi thanh toán qua cổng, mua kèm) Xem chi tiết
8 NHẬN HOÀN NGAY ĐẾN 800.000đ khi mở thẻ tín dụng VPBANK MWG (Xem chi tiết tại đây)";;https://www.thegioididong.com/dtdd/iphone-16-plus;Skipped
iPhone 16e 512GB;Trắng;Yes;190000;26490000;2026-04-17;"Khuyến mãi
Giá và khuyến mãi dự kiến áp dụng đến 23:59 | 30/04
1 Chọn 1 trong các khuyến mãi:
Giảm giá 1,000,000đ (đã giảm vào giá sản phẩm)
Tặng phiếu mua hàng Phụ Kiện, Smartwatch, đồng hồ thời trang (trừ Apple, Beats) trị giá 1,300,000đ
2 Phiếu mua hàng Apple Watch trị giá 500,000đ
3 Tặng phiếu mua hàng Macbook (trừ Macbook Air M5 và Macbook Neo) trị giá 1,000,000đ
4 Phiếu mua hàng Airpods trị giá 500.000đ
5 Tặng Phiếu mua hàng mua Smartwatch (trừ Apple, giá trên 5.000.000đ) trị giá 500.000đ
6 Tặng Phiếu mua hàng Máy lạnh (sản phẩm trên 10tr) trị giá 300.000đ
7 Thu cũ đổi mới: Giảm đến 2,000,000đ (Không kèm ưu đãi thanh toán qua cổng, mua kèm) Xem chi tiết
8 NHẬN HOÀN NGAY ĐẾN 800.000đ khi mở thẻ tín dụng VPBANK MWG (Xem chi tiết tại đây)";;https://www.thegioididong.com/dtdd/iphone-16e;Skipped
iPhone 15 256GB;Hồng nhạt;Yes;21990000;20890000;2026-04-17;"Khuyến mãi
Giá và khuyến mãi có thể kết thúc sớm hơn dự kiến
1 Chọn 1 trong các khuyến mãi:
Giảm giá 1,000,000đ (đã giảm vào giá sản phẩm)
Tặng phiếu mua hàng Phụ Kiện, Smartwatch, đồng hồ thời trang (trừ Apple, Beats) trị giá 1,300,000đ
2 Phiếu mua hàng Apple Watch trị giá 500,000đ
3 Tặng phiếu mua hàng Macbook (trừ Macbook Air M5 và Macbook Neo) trị giá 1,000,000đ
4 Phiếu mua hàng Airpods trị giá 500.000đ
5 Tặng Phiếu mua hàng mua Smartwatch (trừ Apple, giá trên 5.000.000đ) trị giá 500.000đ
6 Tặng Phiếu mua hàng Máy lạnh (sản phẩm trên 10tr) trị giá 300.000đ
7 NHẬN HOÀN NGAY ĐẾN 800.000đ khi mở thẻ tín dụng VPBANK MWG (Xem chi tiết tại đây)";;https://www.thegioididong.com/dtdd/iphone-15;Skipped
iPhone 17 256GB;Tím Oải Hương;Yes;24990000;24490000;2026-04-17;"Khuyến mãi
Giá và khuyến mãi có thể kết thúc sớm hơn dự kiến
1 Chọn 1 trong các khuyến mãi:
Giảm giá 400,000đ (đã giảm vào giá sản phẩm)
Tặng phiếu mua hàng Phụ Kiện, Smartwatch, đồng hồ thời trang (trừ Apple, Beats) trị giá 500,000đ
2 Phiếu mua hàng Apple Watch trị giá 500,000đ
3 Tặng phiếu mua hàng Macbook (trừ Macbook Air M5 và Macbook Neo) trị giá 1,000,000đ
4 Phiếu mua hàng Airpods trị giá 500.000đ
5 Tặng Phiếu mua hàng mua Smartwatch (trừ Apple, giá trên 5.000.000đ) trị giá 500.000đ
6 Tặng Phiếu mua hàng Máy lạnh (sản phẩm trên 10tr) trị giá 300.000đ
7 NHẬN HOÀN NGAY ĐẾN 800.000đ khi mở thẻ tín dụng VPBANK MWG (Xem chi tiết tại đây)";;https://www.thegioididong.com/dtdd/iphone-17;Skipped
iPhone 15 256GB;Xanh dương nhạt;Yes;21990000;20890000;2026-04-17;"Khuyến mãi
Giá và khuyến mãi có thể kết thúc sớm hơn dự kiến
1 Chọn 1 trong các khuyến mãi:
Giảm giá 1,000,000đ (đã giảm vào giá sản phẩm)
Tặng phiếu mua hàng Phụ Kiện, Smartwatch, đồng hồ thời trang (trừ Apple, Beats) trị giá 1,300,000đ
2 Phiếu mua hàng Apple Watch trị giá 500,000đ
3 Tặng phiếu mua hàng Macbook (trừ Macbook Air M5 và Macbook Neo) trị giá 1,000,000đ
4 Phiếu mua hàng Airpods trị giá 500.000đ
5 Tặng Phiếu mua hàng mua Smartwatch (trừ Apple, giá trên 5.000.000đ) trị giá 500.000đ
6 Tặng Phiếu mua hàng Máy lạnh (sản phẩm trên 10tr) trị giá 300.000đ
7 NHẬN HOÀN NGAY ĐẾN 800.000đ khi mở thẻ tín dụng VPBANK MWG (Xem chi tiết tại đây)";;https://www.thegioididong.com/dtdd/iphone-15;Skipped
iPhone 17 256GB;Trắng;Yes;24990000;24490000;2026-04-17;"Khuyến mãi
Giá và khuyến mãi có thể kết thúc sớm hơn dự kiến
1 Chọn 1 trong các khuyến mãi:
Giảm giá 400,000đ (đã giảm vào giá sản phẩm)
Tặng phiếu mua hàng Phụ Kiện, Smartwatch, đồng hồ thời trang (trừ Apple, Beats) trị giá 500,000đ
2 Phiếu mua hàng Apple Watch trị giá 500,000đ
3 Tặng phiếu mua hàng Macbook (trừ Macbook Air M5 và Macbook Neo) trị giá 1,000,000đ
4 Phiếu mua hàng Airpods trị giá 500.000đ
5 Tặng Phiếu mua hàng mua Smartwatch (trừ Apple, giá trên 5.000.000đ) trị giá 500.000đ
6 Tặng Phiếu mua hàng Máy lạnh (sản phẩm trên 10tr) trị giá 300.000đ
7 NHẬN HOÀN NGAY ĐẾN 800.000đ khi mở thẻ tín dụng VPBANK MWG (Xem chi tiết tại đây)";;https://www.thegioididong.com/dtdd/iphone-17;Skipped
iPhone 16 Plus 512GB;Đen;Yes;190000;33990000;2026-04-17;"Khuyến mãi
Giá và khuyến mãi dự kiến áp dụng đến 23:59 | 30/04
1 Chọn 1 trong các khuyến mãi:
Giảm giá 4,000,000đ (đã giảm vào giá sản phẩm)
Tặng phiếu mua hàng Phụ Kiện, Smartwatch, đồng hồ thời trang (trừ Apple, Beats) trị giá 4,800,000đ
2 Phiếu mua hàng Apple Watch trị giá 500,000đ
3 Tặng phiếu mua hàng Macbook (trừ Macbook Air M5 và Macbook Neo) trị giá 1,000,000đ
4 Phiếu mua hàng Airpods trị giá 500.000đ
5 Tặng Phiếu mua hàng mua Smartwatch (trừ Apple, giá trên 5.000.000đ) trị giá 500.000đ
6 Tặng Phiếu mua hàng Máy lạnh (sản phẩm trên 10tr) trị giá 300.000đ
7 Thu cũ đổi mới: Giảm đến 2,000,000đ (Không kèm ưu đãi thanh toán qua cổng, mua kèm) Xem chi tiết
8 NHẬN HOÀN NGAY ĐẾN 800.000đ khi mở thẻ tín dụng VPBANK MWG (Xem chi tiết tại đây)";;https://www.thegioididong.com/dtdd/iphone-16-plus;Skipped
iPhone 15 256GB;Đen;Yes;21990000;20890000;2026-04-17;"Khuyến mãi
Giá và khuyến mãi có thể kết thúc sớm hơn dự kiến
1 Chọn 1 trong các khuyến mãi:
Giảm giá 1,000,000đ (đã giảm vào giá sản phẩm)
Tặng phiếu mua hàng Phụ Kiện, Smartwatch, đồng hồ thời trang (trừ Apple, Beats) trị giá 1,300,000đ
2 Phiếu mua hàng Apple Watch trị giá 500,000đ
3 Tặng phiếu mua hàng Macbook (trừ Macbook Air M5 và Macbook Neo) trị giá 1,000,000đ
4 Phiếu mua hàng Airpods trị giá 500.000đ
5 Tặng Phiếu mua hàng mua Smartwatch (trừ Apple, giá trên 5.000.000đ) trị giá 500.000đ
6 Tặng Phiếu mua hàng Máy lạnh (sản phẩm trên 10tr) trị giá 300.000đ
7 NHẬN HOÀN NGAY ĐẾN 800.000đ khi mở thẻ tín dụng VPBANK MWG (Xem chi tiết tại đây)";;https://www.thegioididong.com/dtdd/iphone-15;Skipped
iPhone 16e 512GB;Đen;Yes;190000;26490000;2026-04-17;"Khuyến mãi
Giá và khuyến mãi dự kiến áp dụng đến 23:59 | 30/04
1 Chọn 1 trong các khuyến mãi:
Giảm giá 1,000,000đ (đã giảm vào giá sản phẩm)
Tặng phiếu mua hàng Phụ Kiện, Smartwatch, đồng hồ thời trang (trừ Apple, Beats) trị giá 1,300,000đ
2 Phiếu mua hàng Apple Watch trị giá 500,000đ
3 Tặng phiếu mua hàng Macbook (trừ Macbook Air M5 và Macbook Neo) trị giá 1,000,000đ
4 Phiếu mua hàng Airpods trị giá 500.000đ
5 Tặng Phiếu mua hàng mua Smartwatch (trừ Apple, giá trên 5.000.000đ) trị giá 500.000đ
6 Tặng Phiếu mua hàng Máy lạnh (sản phẩm trên 10tr) trị giá 300.000đ
7 Thu cũ đổi mới: Giảm đến 2,000,000đ (Không kèm ưu đãi thanh toán qua cổng, mua kèm) Xem chi tiết
8 NHẬN HOÀN NGAY ĐẾN 800.000đ khi mở thẻ tín dụng VPBANK MWG (Xem chi tiết tại đây)";;https://www.thegioididong.com/dtdd/iphone-16e;Skipped
iPhone 17 256GB;Đen;Yes;190000;24990000;2026-04-17;"Khuyến mãi
Giá và khuyến mãi dự kiến áp dụng đến 23:59 | 30/04
1 Chọn 1 trong các khuyến mãi:
Giảm giá 400,000đ (đã giảm vào giá sản phẩm)
Tặng phiếu mua hàng Phụ Kiện, Smartwatch, đồng hồ thời trang (trừ Apple, Beats) trị giá 500,000đ
2 Phiếu mua hàng Apple Watch trị giá 500,000đ
3 Tặng phiếu mua hàng Macbook (trừ Macbook Air M5 và Macbook Neo) trị giá 1,000,000đ
4 Phiếu mua hàng Airpods trị giá 500.000đ
5 Tặng Phiếu mua hàng mua Smartwatch (trừ Apple, giá trên 5.000.000đ) trị giá 500.000đ
6 Tặng Phiếu mua hàng Máy lạnh (sản phẩm trên 10tr) trị giá 300.000đ
7 Thu cũ đổi mới: Giảm đến 2,000,000đ (Không kèm ưu đãi thanh toán qua cổng, mua kèm) Xem chi tiết
8 NHẬN HOÀN NGAY ĐẾN 800.000đ khi mở thẻ tín dụng VPBANK MWG (Xem chi tiết tại đây)";;https://www.thegioididong.com/dtdd/iphone-17;Skipped
iPhone 15 256GB;Xanh lá nhạt;Yes;340000;21990000;2026-04-17;"Khuyến mãi
Giá và khuyến mãi dự kiến áp dụng đến 23:59 | 30/04
1 Chọn 1 trong các khuyến mãi:
Giảm giá 1,000,000đ (đã giảm vào giá sản phẩm)
Tặng phiếu mua hàng Phụ Kiện, Smartwatch, đồng hồ thời trang (trừ Apple, Beats) trị giá 1,300,000đ
2 Phiếu mua hàng Apple Watch trị giá 500,000đ
3 Tặng phiếu mua hàng Macbook (trừ Macbook Air M5 và Macbook Neo) trị giá 1,000,000đ
4 Phiếu mua hàng Airpods trị giá 500.000đ
5 Tặng Phiếu mua hàng mua Smartwatch (trừ Apple, giá trên 5.000.000đ) trị giá 500.000đ
6 Tặng Phiếu mua hàng Máy lạnh (sản phẩm trên 10tr) trị giá 300.000đ
7 Thu cũ đổi mới: Giảm đến 2,000,000đ (Không kèm ưu đãi thanh toán qua cổng, mua kèm) Xem chi tiết
8 NHẬN HOÀN NGAY ĐẾN 800.000đ khi mở thẻ tín dụng VPBANK MWG (Xem chi tiết tại đây)";;https://www.thegioididong.com/dtdd/iphone-15;Skipped
iPhone 16 Plus 512GB;Xanh Mòng Két;Yes;190000;33990000;2026-04-17;"Khuyến mãi
Giá và khuyến mãi dự kiến áp dụng đến 23:59 | 30/04
1 Chọn 1 trong các khuyến mãi:
Giảm giá 4,000,000đ (đã giảm vào giá sản phẩm)
Tặng phiếu mua hàng Phụ Kiện, Smartwatch, đồng hồ thời trang (trừ Apple, Beats) trị giá 4,800,000đ
2 Phiếu mua hàng Apple Watch trị giá 500,000đ
3 Tặng phiếu mua hàng Macbook (trừ Macbook Air M5 và Macbook Neo) trị giá 1,000,000đ
4 Phiếu mua hàng Airpods trị giá 500.000đ
5 Tặng Phiếu mua hàng mua Smartwatch (trừ Apple, giá trên 5.000.000đ) trị giá 500.000đ
6 Tặng Phiếu mua hàng Máy lạnh (sản phẩm trên 10tr) trị giá 300.000đ
7 Thu cũ đổi mới: Giảm đến 2,000,000đ (Không kèm ưu đãi thanh toán qua cổng, mua kèm) Xem chi tiết
8 NHẬN HOÀN NGAY ĐẾN 800.000đ khi mở thẻ tín dụng VPBANK MWG (Xem chi tiết tại đây)";;https://www.thegioididong.com/dtdd/iphone-16-plus;Skipped
iPhone 17 Pro 256GB;Cam Vũ Trụ;Yes;34990000;34790000;2026-04-17;"Khuyến mãi trị giá 50.000₫
Giá và khuyến mãi có thể kết thúc sớm hơn dự kiến
1 Tặng phiếu mua hàng Phụ Kiện, Smartwatch, Đồng hồ thời trang từ 250,000đ (trừ Apple, Beats) trị giá 50,000đ
2 Phiếu mua hàng Apple Watch trị giá 500,000đ
3 Tặng phiếu mua hàng Macbook (trừ Macbook Air M5 và Macbook Neo) trị giá 1,000,000đ
4 Phiếu mua hàng Airpods trị giá 500.000đ
5 Tặng Phiếu mua hàng mua Smartwatch (trừ Apple, giá trên 5.000.000đ) trị giá 500.000đ
6 Tặng Phiếu mua hàng Máy lạnh (sản phẩm trên 10tr) trị giá 300.000đ
7 NHẬN HOÀN NGAY ĐẾN 800.000đ khi mở thẻ tín dụng VPBANK MWG (Xem chi tiết tại đây)";;https://www.thegioididong.com/dtdd/iphone-17-pro;Skipped
iPhone 17 512GB;Tím Oải Hương;Yes;31490000;30790000;2026-04-17;"Khuyến mãi trị giá 50.000₫
Giá và khuyến mãi có thể kết thúc sớm hơn dự kiến
1 Tặng phiếu mua hàng Phụ Kiện, Smartwatch, Đồng hồ thời trang từ 250,000đ (trừ Apple, Beats) trị giá 50,000đ
2 Phiếu mua hàng Apple Watch trị giá 500,000đ
3 Tặng phiếu mua hàng Macbook (trừ Macbook Air M5 và Macbook Neo) trị giá 1,000,000đ
4 Phiếu mua hàng Airpods trị giá 500.000đ
5 Tặng Phiếu mua hàng mua Smartwatch (trừ Apple, giá trên 5.000.000đ) trị giá 500.000đ
6 Tặng Phiếu mua hàng Máy lạnh (sản phẩm trên 10tr) trị giá 300.000đ
7 NHẬN HOÀN NGAY ĐẾN 800.000đ khi mở thẻ tín dụng VPBANK MWG (Xem chi tiết tại đây)";;https://www.thegioididong.com/dtdd/iphone-17;Skipped
iPhone 15 256GB;Hồng nhạt;Yes;21990000;20890000;2026-04-17;"Khuyến mãi
Giá và khuyến mãi có thể kết thúc sớm hơn dự kiến
1 Chọn 1 trong các khuyến mãi:
Giảm giá 1,000,000đ (đã giảm vào giá sản phẩm)
Tặng phiếu mua hàng Phụ Kiện, Smartwatch, đồng hồ thời trang (trừ Apple, Beats) trị giá 1,300,000đ
2 Phiếu mua hàng Apple Watch trị giá 500,000đ
3 Tặng phiếu mua hàng Macbook (trừ Macbook Air M5 và Macbook Neo) trị giá 1,000,000đ
4 Phiếu mua hàng Airpods trị giá 500.000đ
5 Tặng Phiếu mua hàng mua Smartwatch (trừ Apple, giá trên 5.000.000đ) trị giá 500.000đ
6 Tặng Phiếu mua hàng Máy lạnh (sản phẩm trên 10tr) trị giá 300.000đ
7 NHẬN HOÀN NGAY ĐẾN 800.000đ khi mở thẻ tín dụng VPBANK MWG (Xem chi tiết tại đây)";;https://www.thegioididong.com/dtdd/iphone-15;Skipped
iPhone 17 512GB;Xanh Lam Khói;Yes;31490000;30790000;2026-04-17;"Khuyến mãi trị giá 50.000₫
Giá và khuyến mãi có thể kết thúc sớm hơn dự kiến
1 Tặng phiếu mua hàng Phụ Kiện, Smartwatch, Đồng hồ thời trang từ 250,000đ (trừ Apple, Beats) trị giá 50,000đ
2 Phiếu mua hàng Apple Watch trị giá 500,000đ
3 Tặng phiếu mua hàng Macbook (trừ Macbook Air M5 và Macbook Neo) trị giá 1,000,000đ
4 Phiếu mua hàng Airpods trị giá 500.000đ
5 Tặng Phiếu mua hàng mua Smartwatch (trừ Apple, giá trên 5.000.000đ) trị giá 500.000đ
6 Tặng Phiếu mua hàng Máy lạnh (sản phẩm trên 10tr) trị giá 300.000đ
7 NHẬN HOÀN NGAY ĐẾN 800.000đ khi mở thẻ tín dụng VPBANK MWG (Xem chi tiết tại đây)";;https://www.thegioididong.com/dtdd/iphone-17;Skipped
iPhone 17 Pro 256GB;Bạc;Yes;34990000;34890000;2026-04-17;"Khuyến mãi trị giá 50.000₫
Giá và khuyến mãi có thể kết thúc sớm hơn dự kiến
1 Tặng phiếu mua hàng Phụ Kiện, Smartwatch, Đồng hồ thời trang từ 250,000đ (trừ Apple, Beats) trị giá 50,000đ
2 Phiếu mua hàng Apple Watch trị giá 500,000đ
3 Tặng phiếu mua hàng Macbook (trừ Macbook Air M5 và Macbook Neo) trị giá 1,000,000đ
4 Phiếu mua hàng Airpods trị giá 500.000đ
5 Tặng Phiếu mua hàng mua Smartwatch (trừ Apple, giá trên 5.000.000đ) trị giá 500.000đ
6 Tặng Phiếu mua hàng Máy lạnh (sản phẩm trên 10tr) trị giá 300.000đ
7 NHẬN HOÀN NGAY ĐẾN 800.000đ khi mở thẻ tín dụng VPBANK MWG (Xem chi tiết tại đây)";;https://www.thegioididong.com/dtdd/iphone-17-pro;Skipped
iPhone 16 Plus 512GB;Xanh Lưu Ly;Yes;190000;33990000;2026-04-17;"Khuyến mãi
Giá và khuyến mãi dự kiến áp dụng đến 23:59 | 30/04
1 Chọn 1 trong các khuyến mãi:
Giảm giá 4,000,000đ (đã giảm vào giá sản phẩm)
Tặng phiếu mua hàng Phụ Kiện, Smartwatch, đồng hồ thời trang (trừ Apple, Beats) trị giá 4,800,000đ
2 Phiếu mua hàng Apple Watch trị giá 500,000đ
3 Tặng phiếu mua hàng Macbook (trừ Macbook Air M5 và Macbook Neo) trị giá 1,000,000đ
4 Phiếu mua hàng Airpods trị giá 500.000đ
5 Tặng Phiếu mua hàng mua Smartwatch (trừ Apple, giá trên 5.000.000đ) trị giá 500.000đ
6 Tặng Phiếu mua hàng Máy lạnh (sản phẩm trên 10tr) trị giá 300.000đ
7 Thu cũ đổi mới: Giảm đến 2,000,000đ (Không kèm ưu đãi thanh toán qua cổng, mua kèm) Xem chi tiết
8 NHẬN HOÀN NGAY ĐẾN 800.000đ khi mở thẻ tín dụng VPBANK MWG (Xem chi tiết tại đây)";;https://www.thegioididong.com/dtdd/iphone-16-plus;Skipped
iPhone 15 256GB;Xanh dương nhạt;Yes;21990000;20890000;2026-04-17;"Khuyến mãi
Giá và khuyến mãi có thể kết thúc sớm hơn dự kiến
1 Chọn 1 trong các khuyến mãi:
Giảm giá 1,000,000đ (đã giảm vào giá sản phẩm)
Tặng phiếu mua hàng Phụ Kiện, Smartwatch, đồng hồ thời trang (trừ Apple, Beats) trị giá 1,300,000đ
2 Phiếu mua hàng Apple Watch trị giá 500,000đ
3 Tặng phiếu mua hàng Macbook (trừ Macbook Air M5 và Macbook Neo) trị giá 1,000,000đ
4 Phiếu mua hàng Airpods trị giá 500.000đ
5 Tặng Phiếu mua hàng mua Smartwatch (trừ Apple, giá trên 5.000.000đ) trị giá 500.000đ
6 Tặng Phiếu mua hàng Máy lạnh (sản phẩm trên 10tr) trị giá 300.000đ
7 NHẬN HOÀN NGAY ĐẾN 800.000đ khi mở thẻ tín dụng VPBANK MWG (Xem chi tiết tại đây)";;https://www.thegioididong.com/dtdd/iphone-15;Skipped
iPhone 17 512GB;Xanh Lá Xô Thơm;Yes;31490000;30790000;2026-04-17;"Khuyến mãi trị giá 50.000₫
Giá và khuyến mãi có thể kết thúc sớm hơn dự kiến
1 Tặng phiếu mua hàng Phụ Kiện, Smartwatch, Đồng hồ thời trang từ 250,000đ (trừ Apple, Beats) trị giá 50,000đ
2 Phiếu mua hàng Apple Watch trị giá 500,000đ
3 Tặng phiếu mua hàng Macbook (trừ Macbook Air M5 và Macbook Neo) trị giá 1,000,000đ
4 Phiếu mua hàng Airpods trị giá 500.000đ
5 Tặng Phiếu mua hàng mua Smartwatch (trừ Apple, giá trên 5.000.000đ) trị giá 500.000đ
6 Tặng Phiếu mua hàng Máy lạnh (sản phẩm trên 10tr) trị giá 300.000đ
7 NHẬN HOÀN NGAY ĐẾN 800.000đ khi mở thẻ tín dụng VPBANK MWG (Xem chi tiết tại đây)";;https://www.thegioididong.com/dtdd/iphone-17;Skipped
iPhone 15 256GB;Đen;Yes;21990000;20890000;2026-04-17;"Khuyến mãi
Giá và khuyến mãi có thể kết thúc sớm hơn dự kiến
1 Chọn 1 trong các khuyến mãi:
Giảm giá 1,000,000đ (đã giảm vào giá sản phẩm)
Tặng phiếu mua hàng Phụ Kiện, Smartwatch, đồng hồ thời trang (trừ Apple, Beats) trị giá 1,300,000đ
2 Phiếu mua hàng Apple Watch trị giá 500,000đ
3 Tặng phiếu mua hàng Macbook (trừ Macbook Air M5 và Macbook Neo) trị giá 1,000,000đ
4 Phiếu mua hàng Airpods trị giá 500.000đ
5 Tặng Phiếu mua hàng mua Smartwatch (trừ Apple, giá trên 5.000.000đ) trị giá 500.000đ
6 Tặng Phiếu mua hàng Máy lạnh (sản phẩm trên 10tr) trị giá 300.000đ
7 NHẬN HOÀN NGAY ĐẾN 800.000đ khi mở thẻ tín dụng VPBANK MWG (Xem chi tiết tại đây)";;https://www.thegioididong.com/dtdd/iphone-15;Skipped
iPhone 17 512GB;Trắng;Yes;31490000;30790000;2026-04-17;"Khuyến mãi trị giá 50.000₫
Giá và khuyến mãi có thể kết thúc sớm hơn dự kiến
1 Tặng phiếu mua hàng Phụ Kiện, Smartwatch, Đồng hồ thời trang từ 250,000đ (trừ Apple, Beats) trị giá 50,000đ
2 Phiếu mua hàng Apple Watch trị giá 500,000đ
3 Tặng phiếu mua hàng Macbook (trừ Macbook Air M5 và Macbook Neo) trị giá 1,000,000đ
4 Phiếu mua hàng Airpods trị giá 500.000đ
5 Tặng Phiếu mua hàng mua Smartwatch (trừ Apple, giá trên 5.000.000đ) trị giá 500.000đ
6 Tặng Phiếu mua hàng Máy lạnh (sản phẩm trên 10tr) trị giá 300.000đ
7 NHẬN HOÀN NGAY ĐẾN 800.000đ khi mở thẻ tín dụng VPBANK MWG (Xem chi tiết tại đây)";;https://www.thegioididong.com/dtdd/iphone-17;Skipped
iPhone 16 Plus 512GB;Trắng;Yes;190000;33990000;2026-04-17;"Khuyến mãi
Giá và khuyến mãi dự kiến áp dụng đến 23:59 | 30/04
1 Chọn 1 trong các khuyến mãi:
Giảm giá 4,000,000đ (đã giảm vào giá sản phẩm)
Tặng phiếu mua hàng Phụ Kiện, Smartwatch, đồng hồ thời trang (trừ Apple, Beats) trị giá 4,800,000đ
2 Phiếu mua hàng Apple Watch trị giá 500,000đ
3 Tặng phiếu mua hàng Macbook (trừ Macbook Air M5 và Macbook Neo) trị giá 1,000,000đ
4 Phiếu mua hàng Airpods trị giá 500.000đ
5 Tặng Phiếu mua hàng mua Smartwatch (trừ Apple, giá trên 5.000.000đ) trị giá 500.000đ
6 Tặng Phiếu mua hàng Máy lạnh (sản phẩm trên 10tr) trị giá 300.000đ
7 Thu cũ đổi mới: Giảm đến 2,000,000đ (Không kèm ưu đãi thanh toán qua cổng, mua kèm) Xem chi tiết
8 NHẬN HOÀN NGAY ĐẾN 800.000đ khi mở thẻ tín dụng VPBANK MWG (Xem chi tiết tại đây)";;https://www.thegioididong.com/dtdd/iphone-16-plus;Skipped
iPhone 17 Pro 256GB;Xanh đậm;Yes;190000;34990000;2026-04-17;"Khuyến mãi trị giá 50.000₫
Giá và khuyến mãi dự kiến áp dụng đến 23:59 | 30/04
1 Tặng phiếu mua hàng Phụ Kiện, Smartwatch, Đồng hồ thời trang từ 250,000đ (trừ Apple, Beats) trị giá 50,000đ
2 Phiếu mua hàng Apple Watch trị giá 500,000đ
3 Tặng phiếu mua hàng Macbook (trừ Macbook Air M5 và Macbook Neo) trị giá 1,000,000đ
4 Phiếu mua hàng Airpods trị giá 500.000đ
5 Tặng Phiếu mua hàng mua Smartwatch (trừ Apple, giá trên 5.000.000đ) trị giá 500.000đ
6 Tặng Phiếu mua hàng Máy lạnh (sản phẩm trên 10tr) trị giá 300.000đ
7 Thu cũ đổi mới: Giảm đến 2,000,000đ (Không kèm ưu đãi thanh toán qua cổng, mua kèm) Xem chi tiết
8 NHẬN HOÀN NGAY ĐẾN 800.000đ khi mở thẻ tín dụng VPBANK MWG (Xem chi tiết tại đây)";;https://www.thegioididong.com/dtdd/iphone-17-pro;Skipped
iPhone 15 256GB;Xanh lá nhạt;Yes;340000;21990000;2026-04-17;"Khuyến mãi
Giá và khuyến mãi dự kiến áp dụng đến 23:59 | 30/04
1 Chọn 1 trong các khuyến mãi:
Giảm giá 1,000,000đ (đã giảm vào giá sản phẩm)
Tặng phiếu mua hàng Phụ Kiện, Smartwatch, đồng hồ thời trang (trừ Apple, Beats) trị giá 1,300,000đ
2 Phiếu mua hàng Apple Watch trị giá 500,000đ
3 Tặng phiếu mua hàng Macbook (trừ Macbook Air M5 và Macbook Neo) trị giá 1,000,000đ
4 Phiếu mua hàng Airpods trị giá 500.000đ
5 Tặng Phiếu mua hàng mua Smartwatch (trừ Apple, giá trên 5.000.000đ) trị giá 500.000đ
6 Tặng Phiếu mua hàng Máy lạnh (sản phẩm trên 10tr) trị giá 300.000đ
7 Thu cũ đổi mới: Giảm đến 2,000,000đ (Không kèm ưu đãi thanh toán qua cổng, mua kèm) Xem chi tiết
8 NHẬN HOÀN NGAY ĐẾN 800.000đ khi mở thẻ tín dụng VPBANK MWG (Xem chi tiết tại đây)";;https://www.thegioididong.com/dtdd/iphone-15;Skipped
iPhone 17 Pro Max 256GB;Cam Vũ Trụ;Yes;190000;37990000;2026-04-17;"Khuyến mãi
Giá và khuyến mãi dự kiến áp dụng đến 23:59 | 30/04
1 Chọn 1 trong các khuyến mãi:
Giảm giá 1,000,000đ (đã giảm vào giá sản phẩm)
Tặng phiếu mua hàng Phụ Kiện, Smartwatch, đồng hồ thời trang (trừ Apple, Beats) trị giá 1,300,000đ
2 Phiếu mua hàng Apple Watch trị giá 500,000đ
3 Tặng phiếu mua hàng Macbook (trừ Macbook Air M5 và Macbook Neo) trị giá 1,000,000đ
4 Phiếu mua hàng Airpods trị giá 500.000đ
5 Tặng Phiếu mua hàng mua Smartwatch (trừ Apple, giá trên 5.000.000đ) trị giá 500.000đ
6 Tặng Phiếu mua hàng Máy lạnh (sản phẩm trên 10tr) trị giá 300.000đ
7 Thu cũ đổi mới: Giảm đến 2,000,000đ (Không kèm ưu đãi thanh toán qua cổng, mua kèm) Xem chi tiết
8 NHẬN HOÀN NGAY ĐẾN 800.000đ khi mở thẻ tín dụng VPBANK MWG (Xem chi tiết tại đây)";;https://www.thegioididong.com/dtdd/iphone-17-pro-max;Skipped
iPhone 17 Pro Max 256GB;Xanh đậm;Yes;190000;37990000;2026-04-17;"Khuyến mãi
Giá và khuyến mãi dự kiến áp dụng đến 23:59 | 30/04
1 Chọn 1 trong các khuyến mãi:
Giảm giá 1,000,000đ (đã giảm vào giá sản phẩm)
Tặng phiếu mua hàng Phụ Kiện, Smartwatch, đồng hồ thời trang (trừ Apple, Beats) trị giá 1,300,000đ
2 Phiếu mua hàng Apple Watch trị giá 500,000đ
3 Tặng phiếu mua hàng Macbook (trừ Macbook Air M5 và Macbook Neo) trị giá 1,000,000đ
4 Phiếu mua hàng Airpods trị giá 500.000đ
5 Tặng Phiếu mua hàng mua Smartwatch (trừ Apple, giá trên 5.000.000đ) trị giá 500.000đ
6 Tặng Phiếu mua hàng Máy lạnh (sản phẩm trên 10tr) trị giá 300.000đ
7 Thu cũ đổi mới: Giảm đến 2,000,000đ (Không kèm ưu đãi thanh toán qua cổng, mua kèm) Xem chi tiết
8 NHẬN HOÀN NGAY ĐẾN 800.000đ khi mở thẻ tín dụng VPBANK MWG (Xem chi tiết tại đây)";;https://www.thegioididong.com/dtdd/iphone-17-pro-max;Skipped
Error getting name;Đen;No;0;0;2026-04-17;;;https://www.thegioididong.com/dtdd/iphone-16-plus;DEBUG_OOS_Error getting name_Đen_073703.png
iPhone 17 Pro Max 256GB;Bạc;Yes;190000;37990000;2026-04-17;"Khuyến mãi
Giá và khuyến mãi dự kiến áp dụng đến 23:59 | 30/04
1 Chọn 1 trong các khuyến mãi:
Giảm giá 1,000,000đ (đã giảm vào giá sản phẩm)
Tặng phiếu mua hàng Phụ Kiện, Smartwatch, đồng hồ thời trang (trừ Apple, Beats) trị giá 1,300,000đ
2 Phiếu mua hàng Apple Watch trị giá 500,000đ
3 Tặng phiếu mua hàng Macbook (trừ Macbook Air M5 và Macbook Neo) trị giá 1,000,000đ
4 Phiếu mua hàng Airpods trị giá 500.000đ
5 Tặng Phiếu mua hàng mua Smartwatch (trừ Apple, giá trên 5.000.000đ) trị giá 500.000đ
6 Tặng Phiếu mua hàng Máy lạnh (sản phẩm trên 10tr) trị giá 300.000đ
7 Thu cũ đổi mới: Giảm đến 2,000,000đ (Không kèm ưu đãi thanh toán qua cổng, mua kèm) Xem chi tiết
8 NHẬN HOÀN NGAY ĐẾN 800.000đ khi mở thẻ tín dụng VPBANK MWG (Xem chi tiết tại đây)";;https://www.thegioididong.com/dtdd/iphone-17-pro-max;Skipped
iPhone 17 Pro 512GB;Default/Unknown;Yes;190000;41490000;2026-04-17;"Khuyến mãi trị giá 50.000₫
Giá và khuyến mãi dự kiến áp dụng đến 23:59 | 30/04
1 Tặng phiếu mua hàng Phụ Kiện, Smartwatch, Đồng hồ thời trang từ 250,000đ (trừ Apple, Beats) trị giá 50,000đ
2 Phiếu mua hàng Apple Watch trị giá 500,000đ
3 Tặng phiếu mua hàng Macbook (trừ Macbook Air M5 và Macbook Neo) trị giá 1,000,000đ
4 Phiếu mua hàng Airpods trị giá 500.000đ
5 Tặng Phiếu mua hàng mua Smartwatch (trừ Apple, giá trên 5.000.000đ) trị giá 500.000đ
6 Tặng Phiếu mua hàng Máy lạnh (sản phẩm trên 10tr) trị giá 300.000đ
7 Thu cũ đổi mới: Giảm đến 2,000,000đ (Không kèm ưu đãi thanh toán qua cổng, mua kèm) Xem chi tiết
8 NHẬN HOÀN NGAY ĐẾN 800.000đ khi mở thẻ tín dụng VPBANK MWG (Xem chi tiết tại đây)";;https://www.thegioididong.com/dtdd/iphone-17-pro;Skipped
iPhone 17 512GB giá tốt, có đủ màu mới, trả góp 0%,;Đen;No;0;0;2026-04-17;"Khuyến mãi trị giá 50.000₫
Giá và khuyến mãi có thể kết thúc sớm hơn dự kiến
1 Tặng phiếu mua hàng Phụ Kiện, Smartwatch, Đồng hồ thời trang từ 250,000đ (trừ Apple, Beats) trị giá 50,000đ
2 Phiếu mua hàng Apple Watch trị giá 500,000đ
3 Tặng phiếu mua hàng Macbook (trừ Macbook Air M5 và Macbook Neo) trị giá 1,000,000đ
4 Phiếu mua hàng Airpods trị giá 500.000đ
5 Tặng Phiếu mua hàng mua Smartwatch (trừ Apple, giá trên 5.000.000đ) trị giá 500.000đ
6 Tặng Phiếu mua hàng Máy lạnh (sản phẩm trên 10tr) trị giá 300.000đ
7 NHẬN HOÀN NGAY ĐẾN 800.000đ khi mở thẻ tín dụng VPBANK MWG (Xem chi tiết tại đây)";;https://www.thegioididong.com/dtdd/iphone-17;DEBUG_OOS_iPhone 17 512GB giá tốt, có đủ màu mới, trả góp 0%,_Đen_073656.png
iPhone 17 Pro Max 512GB;Cam Vũ Trụ;Yes;44490000;43090000;2026-04-17;"Khuyến mãi
Giá và khuyến mãi có thể kết thúc sớm hơn dự kiến
1 Chọn 1 trong các khuyến mãi:
Giảm giá 500,000đ (đã giảm vào giá sản phẩm)
Tặng phiếu mua hàng Phụ Kiện, Smartwatch, đồng hồ thời trang (trừ Apple, Beats) trị giá 600,000đ
2 Phiếu mua hàng Apple Watch trị giá 500,000đ
3 Tặng phiếu mua hàng Macbook (trừ Macbook Air M5 và Macbook Neo) trị giá 1,000,000đ
4 Phiếu mua hàng Airpods trị giá 500.000đ
5 Tặng Phiếu mua hàng mua Smartwatch (trừ Apple, giá trên 5.000.000đ) trị giá 500.000đ
6 Tặng Phiếu mua hàng Máy lạnh (sản phẩm trên 10tr) trị giá 300.000đ
7 NHẬN HOÀN NGAY ĐẾN 800.000đ khi mở thẻ tín dụng VPBANK MWG (Xem chi tiết tại đây)";;https://www.thegioididong.com/dtdd/iphone-17-pro-max;Skipped
iPhone 17 Pro 1TB;Cam Vũ Trụ;Yes;47990000;46390000;2026-04-17;"Khuyến mãi trị giá 50.000₫
Giá và khuyến mãi có thể kết thúc sớm hơn dự kiến
1 Tặng phiếu mua hàng Phụ Kiện, Smartwatch, Đồng hồ thời trang từ 250,000đ (trừ Apple, Beats) trị giá 50,000đ
2 Phiếu mua hàng Apple Watch trị giá 500,000đ
3 Tặng phiếu mua hàng Macbook (trừ Macbook Air M5 và Macbook Neo) trị giá 1,000,000đ
4 Phiếu mua hàng Airpods trị giá 500.000đ
5 Tặng Phiếu mua hàng mua Smartwatch (trừ Apple, giá trên 5.000.000đ) trị giá 500.000đ
6 Tặng Phiếu mua hàng Máy lạnh (sản phẩm trên 10tr) trị giá 300.000đ
7 NHẬN HOÀN NGAY ĐẾN 800.000đ khi mở thẻ tín dụng VPBANK MWG (Xem chi tiết tại đây)";;https://www.thegioididong.com/dtdd/iphone-17-pro;Skipped
iPhone 17 512GB;Tím Oải Hương;Yes;31490000;30790000;2026-04-17;"Khuyến mãi trị giá 50.000₫
Giá và khuyến mãi có thể kết thúc sớm hơn dự kiến
1 Tặng phiếu mua hàng Phụ Kiện, Smartwatch, Đồng hồ thời trang từ 250,000đ (trừ Apple, Beats) trị giá 50,000đ
2 Phiếu mua hàng Apple Watch trị giá 500,000đ
3 Tặng phiếu mua hàng Macbook (trừ Macbook Air M5 và Macbook Neo) trị giá 1,000,000đ
4 Phiếu mua hàng Airpods trị giá 500.000đ
5 Tặng Phiếu mua hàng mua Smartwatch (trừ Apple, giá trên 5.000.000đ) trị giá 500.000đ
6 Tặng Phiếu mua hàng Máy lạnh (sản phẩm trên 10tr) trị giá 300.000đ
7 NHẬN HOÀN NGAY ĐẾN 800.000đ khi mở thẻ tín dụng VPBANK MWG (Xem chi tiết tại đây)";;https://www.thegioididong.com/dtdd/iphone-17;Skipped
iPhone 17 Pro Max 512GB;Bạc;Yes;190000;44490000;2026-04-17;"Khuyến mãi
Giá và khuyến mãi dự kiến áp dụng đến 23:59 | 30/04
1 Chọn 1 trong các khuyến mãi:
Giảm giá 500,000đ (đã giảm vào giá sản phẩm)
Tặng phiếu mua hàng Phụ Kiện, Smartwatch, đồng hồ thời trang (trừ Apple, Beats) trị giá 600,000đ
2 Phiếu mua hàng Apple Watch trị giá 500,000đ
3 Tặng phiếu mua hàng Macbook (trừ Macbook Air M5 và Macbook Neo) trị giá 1,000,000đ
4 Phiếu mua hàng Airpods trị giá 500.000đ
5 Tặng Phiếu mua hàng mua Smartwatch (trừ Apple, giá trên 5.000.000đ) trị giá 500.000đ
6 Tặng Phiếu mua hàng Máy lạnh (sản phẩm trên 10tr) trị giá 300.000đ
7 Thu cũ đổi mới: Giảm đến 2,000,000đ (Không kèm ưu đãi thanh toán qua cổng, mua kèm) Xem chi tiết
8 NHẬN HOÀN NGAY ĐẾN 800.000đ khi mở thẻ tín dụng VPBANK MWG (Xem chi tiết tại đây)";;https://www.thegioididong.com/dtdd/iphone-17-pro-max;Skipped
iPhone 17 Pro 1TB;Bạc;Yes;47990000;46390000;2026-04-17;"Khuyến mãi trị giá 50.000₫
Giá và khuyến mãi có thể kết thúc sớm hơn dự kiến
1 Tặng phiếu mua hàng Phụ Kiện, Smartwatch, Đồng hồ thời trang từ 250,000đ (trừ Apple, Beats) trị giá 50,000đ
2 Phiếu mua hàng Apple Watch trị giá 500,000đ
3 Tặng phiếu mua hàng Macbook (trừ Macbook Air M5 và Macbook Neo) trị giá 1,000,000đ
4 Phiếu mua hàng Airpods trị giá 500.000đ
5 Tặng Phiếu mua hàng mua Smartwatch (trừ Apple, giá trên 5.000.000đ) trị giá 500.000đ
6 Tặng Phiếu mua hàng Máy lạnh (sản phẩm trên 10tr) trị giá 300.000đ
7 NHẬN HOÀN NGAY ĐẾN 800.000đ khi mở thẻ tín dụng VPBANK MWG (Xem chi tiết tại đây)";;https://www.thegioididong.com/dtdd/iphone-17-pro;Skipped
iPhone 17 512GB;Xanh Lam Khói;Yes;31490000;30790000;2026-04-17;"Khuyến mãi trị giá 50.000₫
Giá và khuyến mãi có thể kết thúc sớm hơn dự kiến
1 Tặng phiếu mua hàng Phụ Kiện, Smartwatch, Đồng hồ thời trang từ 250,000đ (trừ Apple, Beats) trị giá 50,000đ
2 Phiếu mua hàng Apple Watch trị giá 500,000đ
3 Tặng phiếu mua hàng Macbook (trừ Macbook Air M5 và Macbook Neo) trị giá 1,000,000đ
4 Phiếu mua hàng Airpods trị giá 500.000đ
5 Tặng Phiếu mua hàng mua Smartwatch (trừ Apple, giá trên 5.000.000đ) trị giá 500.000đ
6 Tặng Phiếu mua hàng Máy lạnh (sản phẩm trên 10tr) trị giá 300.000đ
7 NHẬN HOÀN NGAY ĐẾN 800.000đ khi mở thẻ tín dụng VPBANK MWG (Xem chi tiết tại đây)";;https://www.thegioididong.com/dtdd/iphone-17;Skipped
iPhone 17 Pro Max 512GB;Xanh đậm;Yes;190000;44490000;2026-04-17;"Khuyến mãi
Giá và khuyến mãi dự kiến áp dụng đến 23:59 | 30/04
1 Chọn 1 trong các khuyến mãi:
Giảm giá 500,000đ (đã giảm vào giá sản phẩm)
Tặng phiếu mua hàng Phụ Kiện, Smartwatch, đồng hồ thời trang (trừ Apple, Beats) trị giá 600,000đ
2 Phiếu mua hàng Apple Watch trị giá 500,000đ
3 Tặng phiếu mua hàng Macbook (trừ Macbook Air M5 và Macbook Neo) trị giá 1,000,000đ
4 Phiếu mua hàng Airpods trị giá 500.000đ
5 Tặng Phiếu mua hàng mua Smartwatch (trừ Apple, giá trên 5.000.000đ) trị giá 500.000đ
6 Tặng Phiếu mua hàng Máy lạnh (sản phẩm trên 10tr) trị giá 300.000đ
7 Thu cũ đổi mới: Giảm đến 2,000,000đ (Không kèm ưu đãi thanh toán qua cổng, mua kèm) Xem chi tiết
8 NHẬN HOÀN NGAY ĐẾN 800.000đ khi mở thẻ tín dụng VPBANK MWG (Xem chi tiết tại đây)";;https://www.thegioididong.com/dtdd/iphone-17-pro-max;Skipped
iPhone 17 Pro 1TB;Xanh đậm;Yes;47990000;46390000;2026-04-17;"Khuyến mãi trị giá 50.000₫
Giá và khuyến mãi có thể kết thúc sớm hơn dự kiến
1 Tặng phiếu mua hàng Phụ Kiện, Smartwatch, Đồng hồ thời trang từ 250,000đ (trừ Apple, Beats) trị giá 50,000đ
2 Phiếu mua hàng Apple Watch trị giá 500,000đ
3 Tặng phiếu mua hàng Macbook (trừ Macbook Air M5 và Macbook Neo) trị giá 1,000,000đ
4 Phiếu mua hàng Airpods trị giá 500.000đ
5 Tặng Phiếu mua hàng mua Smartwatch (trừ Apple, giá trên 5.000.000đ) trị giá 500.000đ
6 Tặng Phiếu mua hàng Máy lạnh (sản phẩm trên 10tr) trị giá 300.000đ
7 NHẬN HOÀN NGAY ĐẾN 800.000đ khi mở thẻ tín dụng VPBANK MWG (Xem chi tiết tại đây)";;https://www.thegioididong.com/dtdd/iphone-17-pro;Skipped
iPhone 17 512GB;Xanh Lá Xô Thơm;Yes;31490000;30790000;2026-04-17;"Khuyến mãi trị giá 50.000₫
Giá và khuyến mãi có thể kết thúc sớm hơn dự kiến
1 Tặng phiếu mua hàng Phụ Kiện, Smartwatch, Đồng hồ thời trang từ 250,000đ (trừ Apple, Beats) trị giá 50,000đ
2 Phiếu mua hàng Apple Watch trị giá 500,000đ
3 Tặng phiếu mua hàng Macbook (trừ Macbook Air M5 và Macbook Neo) trị giá 1,000,000đ
4 Phiếu mua hàng Airpods trị giá 500.000đ
5 Tặng Phiếu mua hàng mua Smartwatch (trừ Apple, giá trên 5.000.000đ) trị giá 500.000đ
6 Tặng Phiếu mua hàng Máy lạnh (sản phẩm trên 10tr) trị giá 300.000đ
7 NHẬN HOÀN NGAY ĐẾN 800.000đ khi mở thẻ tín dụng VPBANK MWG (Xem chi tiết tại đây)";;https://www.thegioididong.com/dtdd/iphone-17;Skipped
iPhone 17 512GB;Trắng;Yes;31490000;30790000;2026-04-17;"Khuyến mãi trị giá 50.000₫
Giá và khuyến mãi có thể kết thúc sớm hơn dự kiến
1 Tặng phiếu mua hàng Phụ Kiện, Smartwatch, Đồng hồ thời trang từ 250,000đ (trừ Apple, Beats) trị giá 50,000đ
2 Phiếu mua hàng Apple Watch trị giá 500,000đ
3 Tặng phiếu mua hàng Macbook (trừ Macbook Air M5 và Macbook Neo) trị giá 1,000,000đ
4 Phiếu mua hàng Airpods trị giá 500.000đ
5 Tặng Phiếu mua hàng mua Smartwatch (trừ Apple, giá trên 5.000.000đ) trị giá 500.000đ
6 Tặng Phiếu mua hàng Máy lạnh (sản phẩm trên 10tr) trị giá 300.000đ
7 NHẬN HOÀN NGAY ĐẾN 800.000đ khi mở thẻ tín dụng VPBANK MWG (Xem chi tiết tại đây)";;https://www.thegioididong.com/dtdd/iphone-17;Skipped
iPhone 17 Pro Max 1TB;Bạc;Yes;50990000;50090000;2026-04-17;"Khuyến mãi trị giá 50.000₫
Giá và khuyến mãi có thể kết thúc sớm hơn dự kiến
1 Tặng phiếu mua hàng Phụ Kiện, Smartwatch, Đồng hồ thời trang từ 250,000đ (trừ Apple, Beats) trị giá 50,000đ
2 Phiếu mua hàng Apple Watch trị giá 500,000đ
3 Tặng phiếu mua hàng Macbook (trừ Macbook Air M5 và Macbook Neo) trị giá 1,000,000đ
4 Phiếu mua hàng Airpods trị giá 500.000đ
5 Tặng Phiếu mua hàng mua Smartwatch (trừ Apple, giá trên 5.000.000đ) trị giá 500.000đ
6 Tặng Phiếu mua hàng Máy lạnh (sản phẩm trên 10tr) trị giá 300.000đ
7 NHẬN HOÀN NGAY ĐẾN 800.000đ khi mở thẻ tín dụng VPBANK MWG (Xem chi tiết tại đây)";;https://www.thegioididong.com/dtdd/iphone-17-pro-max;Skipped
iPhone 17e 256GB;Hồng nhạt;Yes;17990000;17490000;2026-04-17;"Khuyến mãi trị giá 50.000₫
Giá và khuyến mãi có thể kết thúc sớm hơn dự kiến
1 Tặng phiếu mua hàng Phụ Kiện, Smartwatch, Đồng hồ thời trang từ 250,000đ (trừ Apple, Beats) trị giá 50,000đ
2 Phiếu mua hàng Apple Watch trị giá 500,000đ
3 Phiếu mua hàng Airpods trị giá 500.000đ
4 Tặng Phiếu mua hàng mua Smartwatch (trừ Apple, giá trên 5.000.000đ) trị giá 500.000đ
5 Tặng Phiếu mua hàng Máy lạnh (sản phẩm trên 10tr) trị giá 300.000đ
6 NHẬN HOÀN NGAY ĐẾN 800.000đ khi mở thẻ tín dụng VPBANK MWG (Xem chi tiết tại đây)";;https://www.thegioididong.com/dtdd/iphone-17e-256gb?utm_flashsale=1;Skipped
iPhone 17 512GB;Đen;Yes;31490000;30990000;2026-04-17;"Khuyến mãi trị giá 50.000₫
Giá và khuyến mãi có thể kết thúc sớm hơn dự kiến
1 Tặng phiếu mua hàng Phụ Kiện, Smartwatch, Đồng hồ thời trang từ 250,000đ (trừ Apple, Beats) trị giá 50,000đ
2 Phiếu mua hàng Apple Watch trị giá 500,000đ
3 Tặng phiếu mua hàng Macbook (trừ Macbook Air M5 và Macbook Neo) trị giá 1,000,000đ
4 Phiếu mua hàng Airpods trị giá 500.000đ
5 Tặng Phiếu mua hàng mua Smartwatch (trừ Apple, giá trên 5.000.000đ) trị giá 500.000đ
6 Tặng Phiếu mua hàng Máy lạnh (sản phẩm trên 10tr) trị giá 300.000đ
7 NHẬN HOÀN NGAY ĐẾN 800.000đ khi mở thẻ tín dụng VPBANK MWG (Xem chi tiết tại đây)";;https://www.thegioididong.com/dtdd/iphone-17;Skipped
iPhone 17 Pro Max 1TB;Cam Vũ Trụ;Yes;50990000;50090000;2026-04-17;"Khuyến mãi trị giá 50.000₫
Giá và khuyến mãi có thể kết thúc sớm hơn dự kiến
1 Tặng phiếu mua hàng Phụ Kiện, Smartwatch, Đồng hồ thời trang từ 250,000đ (trừ Apple, Beats) trị giá 50,000đ
2 Phiếu mua hàng Apple Watch trị giá 500,000đ
3 Tặng phiếu mua hàng Macbook (trừ Macbook Air M5 và Macbook Neo) trị giá 1,000,000đ
4 Phiếu mua hàng Airpods trị giá 500.000đ
5 Tặng Phiếu mua hàng mua Smartwatch (trừ Apple, giá trên 5.000.000đ) trị giá 500.000đ
6 Tặng Phiếu mua hàng Máy lạnh (sản phẩm trên 10tr) trị giá 300.000đ
7 NHẬN HOÀN NGAY ĐẾN 800.000đ khi mở thẻ tín dụng VPBANK MWG (Xem chi tiết tại đây)";;https://www.thegioididong.com/dtdd/iphone-17-pro-max;Skipped
iPhone 17 Pro 1TB;Cam Vũ Trụ;Yes;47990000;46390000;2026-04-17;"Khuyến mãi trị giá 50.000₫
Giá và khuyến mãi có thể kết thúc sớm hơn dự kiến
1 Tặng phiếu mua hàng Phụ Kiện, Smartwatch, Đồng hồ thời trang từ 250,000đ (trừ Apple, Beats) trị giá 50,000đ
2 Phiếu mua hàng Apple Watch trị giá 500,000đ
3 Tặng phiếu mua hàng Macbook (trừ Macbook Air M5 và Macbook Neo) trị giá 1,000,000đ
4 Phiếu mua hàng Airpods trị giá 500.000đ
5 Tặng Phiếu mua hàng mua Smartwatch (trừ Apple, giá trên 5.000.000đ) trị giá 500.000đ
6 Tặng Phiếu mua hàng Máy lạnh (sản phẩm trên 10tr) trị giá 300.000đ
7 NHẬN HOÀN NGAY ĐẾN 800.000đ khi mở thẻ tín dụng VPBANK MWG (Xem chi tiết tại đây)";;https://www.thegioididong.com/dtdd/iphone-17-pro;Skipped
iPhone 17 Pro 1TB;Bạc;Yes;47990000;46390000;2026-04-17;"Khuyến mãi trị giá 50.000₫
Giá và khuyến mãi có thể kết thúc sớm hơn dự kiến
1 Tặng phiếu mua hàng Phụ Kiện, Smartwatch, Đồng hồ thời trang từ 250,000đ (trừ Apple, Beats) trị giá 50,000đ
2 Phiếu mua hàng Apple Watch trị giá 500,000đ
3 Tặng phiếu mua hàng Macbook (trừ Macbook Air M5 và Macbook Neo) trị giá 1,000,000đ
4 Phiếu mua hàng Airpods trị giá 500.000đ
5 Tặng Phiếu mua hàng mua Smartwatch (trừ Apple, giá trên 5.000.000đ) trị giá 500.000đ
6 Tặng Phiếu mua hàng Máy lạnh (sản phẩm trên 10tr) trị giá 300.000đ
7 NHẬN HOÀN NGAY ĐẾN 800.000đ khi mở thẻ tín dụng VPBANK MWG (Xem chi tiết tại đây)";;https://www.thegioididong.com/dtdd/iphone-17-pro;Skipped
iPhone 17 Pro Max 1TB;Xanh đậm;Yes;50990000;50090000;2026-04-17;"Khuyến mãi trị giá 50.000₫
Giá và khuyến mãi có thể kết thúc sớm hơn dự kiến
1 Tặng phiếu mua hàng Phụ Kiện, Smartwatch, Đồng hồ thời trang từ 250,000đ (trừ Apple, Beats) trị giá 50,000đ
2 Phiếu mua hàng Apple Watch trị giá 500,000đ
3 Tặng phiếu mua hàng Macbook (trừ Macbook Air M5 và Macbook Neo) trị giá 1,000,000đ
4 Phiếu mua hàng Airpods trị giá 500.000đ
5 Tặng Phiếu mua hàng mua Smartwatch (trừ Apple, giá trên 5.000.000đ) trị giá 500.000đ
6 Tặng Phiếu mua hàng Máy lạnh (sản phẩm trên 10tr) trị giá 300.000đ
7 NHẬN HOÀN NGAY ĐẾN 800.000đ khi mở thẻ tín dụng VPBANK MWG (Xem chi tiết tại đây)";;https://www.thegioididong.com/dtdd/iphone-17-pro-max;Skipped
iPhone 17 512GB;Tím Oải Hương;Yes;31490000;30790000;2026-04-17;"Khuyến mãi trị giá 50.000₫
Giá và khuyến mãi có thể kết thúc sớm hơn dự kiến
1 Tặng phiếu mua hàng Phụ Kiện, Smartwatch, Đồng hồ thời trang từ 250,000đ (trừ Apple, Beats) trị giá 50,000đ
2 Phiếu mua hàng Apple Watch trị giá 500,000đ
3 Tặng phiếu mua hàng Macbook (trừ Macbook Air M5 và Macbook Neo) trị giá 1,000,000đ
4 Phiếu mua hàng Airpods trị giá 500.000đ
5 Tặng Phiếu mua hàng mua Smartwatch (trừ Apple, giá trên 5.000.000đ) trị giá 500.000đ
6 Tặng Phiếu mua hàng Máy lạnh (sản phẩm trên 10tr) trị giá 300.000đ
7 NHẬN HOÀN NGAY ĐẾN 800.000đ khi mở thẻ tín dụng VPBANK MWG (Xem chi tiết tại đây)";;https://www.thegioididong.com/dtdd/iphone-17;Skipped
iPhone 17 Pro 1TB;Xanh đậm;Yes;47990000;46390000;2026-04-17;"Khuyến mãi trị giá 50.000₫
Giá và khuyến mãi có thể kết thúc sớm hơn dự kiến
1 Tặng phiếu mua hàng Phụ Kiện, Smartwatch, Đồng hồ thời trang từ 250,000đ (trừ Apple, Beats) trị giá 50,000đ
2 Phiếu mua hàng Apple Watch trị giá 500,000đ
3 Tặng phiếu mua hàng Macbook (trừ Macbook Air M5 và Macbook Neo) trị giá 1,000,000đ
4 Phiếu mua hàng Airpods trị giá 500.000đ
5 Tặng Phiếu mua hàng mua Smartwatch (trừ Apple, giá trên 5.000.000đ) trị giá 500.000đ
6 Tặng Phiếu mua hàng Máy lạnh (sản phẩm trên 10tr) trị giá 300.000đ
7 NHẬN HOÀN NGAY ĐẾN 800.000đ khi mở thẻ tín dụng VPBANK MWG (Xem chi tiết tại đây)";;https://www.thegioididong.com/dtdd/iphone-17-pro;Skipped
iPhone 17 512GB;Xanh Lam Khói;Yes;31490000;30790000;2026-04-17;"Khuyến mãi trị giá 50.000₫
Giá và khuyến mãi có thể kết thúc sớm hơn dự kiến
1 Tặng phiếu mua hàng Phụ Kiện, Smartwatch, Đồng hồ thời trang từ 250,000đ (trừ Apple, Beats) trị giá 50,000đ
2 Phiếu mua hàng Apple Watch trị giá 500,000đ
3 Tặng phiếu mua hàng Macbook (trừ Macbook Air M5 và Macbook Neo) trị giá 1,000,000đ
4 Phiếu mua hàng Airpods trị giá 500.000đ
5 Tặng Phiếu mua hàng mua Smartwatch (trừ Apple, giá trên 5.000.000đ) trị giá 500.000đ
6 Tặng Phiếu mua hàng Máy lạnh (sản phẩm trên 10tr) trị giá 300.000đ
7 NHẬN HOÀN NGAY ĐẾN 800.000đ khi mở thẻ tín dụng VPBANK MWG (Xem chi tiết tại đây)";;https://www.thegioididong.com/dtdd/iphone-17;Skipped
iPhone 17 512GB;Xanh Lá Xô Thơm;Yes;31490000;30790000;2026-04-17;"Khuyến mãi trị giá 50.000₫
Giá và khuyến mãi có thể kết thúc sớm hơn dự kiến
1 Tặng phiếu mua hàng Phụ Kiện, Smartwatch, Đồng hồ thời trang từ 250,000đ (trừ Apple, Beats) trị giá 50,000đ
2 Phiếu mua hàng Apple Watch trị giá 500,000đ
3 Tặng phiếu mua hàng Macbook (trừ Macbook Air M5 và Macbook Neo) trị giá 1,000,000đ
4 Phiếu mua hàng Airpods trị giá 500.000đ
5 Tặng Phiếu mua hàng mua Smartwatch (trừ Apple, giá trên 5.000.000đ) trị giá 500.000đ
6 Tặng Phiếu mua hàng Máy lạnh (sản phẩm trên 10tr) trị giá 300.000đ
7 NHẬN HOÀN NGAY ĐẾN 800.000đ khi mở thẻ tín dụng VPBANK MWG (Xem chi tiết tại đây)";;https://www.thegioididong.com/dtdd/iphone-17;Skipped
iPhone 17 Pro Max 2TB;Xanh đậm;Yes;190000;63990000;2026-04-17;"Khuyến mãi trị giá 50.000₫
Giá và khuyến mãi dự kiến áp dụng đến 23:59 | 30/04
1 Tặng phiếu mua hàng Phụ Kiện, Smartwatch, Đồng hồ thời trang từ 250,000đ (trừ Apple, Beats) trị giá 50,000đ
2 Phiếu mua hàng Apple Watch trị giá 500,000đ
3 Tặng phiếu mua hàng Macbook (trừ Macbook Air M5 và Macbook Neo) trị giá 1,000,000đ
4 Phiếu mua hàng Airpods trị giá 500.000đ
5 Tặng Phiếu mua hàng mua Smartwatch (trừ Apple, giá trên 5.000.000đ) trị giá 500.000đ
6 Tặng Phiếu mua hàng Máy lạnh (sản phẩm trên 10tr) trị giá 300.000đ
7 Thu cũ đổi mới: Giảm đến 2,000,000đ (Không kèm ưu đãi thanh toán qua cổng, mua kèm) Xem chi tiết
8 NHẬN HOÀN NGAY ĐẾN 800.000đ khi mở thẻ tín dụng VPBANK MWG (Xem chi tiết tại đây)";;https://www.thegioididong.com/dtdd/iphone-17-pro-max;Skipped
iPhone 17 Pro 1TB;Cam Vũ Trụ;Yes;47990000;46390000;2026-04-17;"Khuyến mãi trị giá 50.000₫
Giá và khuyến mãi có thể kết thúc sớm hơn dự kiến
1 Tặng phiếu mua hàng Phụ Kiện, Smartwatch, Đồng hồ thời trang từ 250,000đ (trừ Apple, Beats) trị giá 50,000đ
2 Phiếu mua hàng Apple Watch trị giá 500,000đ
3 Tặng phiếu mua hàng Macbook (trừ Macbook Air M5 và Macbook Neo) trị giá 1,000,000đ
4 Phiếu mua hàng Airpods trị giá 500.000đ
5 Tặng Phiếu mua hàng mua Smartwatch (trừ Apple, giá trên 5.000.000đ) trị giá 500.000đ
6 Tặng Phiếu mua hàng Máy lạnh (sản phẩm trên 10tr) trị giá 300.000đ
7 NHẬN HOÀN NGAY ĐẾN 800.000đ khi mở thẻ tín dụng VPBANK MWG (Xem chi tiết tại đây)";;https://www.thegioididong.com/dtdd/iphone-17-pro;Skipped
iPhone 17 512GB;Trắng;Yes;31490000;30790000;2026-04-17;"Khuyến mãi trị giá 50.000₫
Giá và khuyến mãi có thể kết thúc sớm hơn dự kiến
1 Tặng phiếu mua hàng Phụ Kiện, Smartwatch, Đồng hồ thời trang từ 250,000đ (trừ Apple, Beats) trị giá 50,000đ
2 Phiếu mua hàng Apple Watch trị giá 500,000đ
3 Tặng phiếu mua hàng Macbook (trừ Macbook Air M5 và Macbook Neo) trị giá 1,000,000đ
4 Phiếu mua hàng Airpods trị giá 500.000đ
5 Tặng Phiếu mua hàng mua Smartwatch (trừ Apple, giá trên 5.000.000đ) trị giá 500.000đ
6 Tặng Phiếu mua hàng Máy lạnh (sản phẩm trên 10tr) trị giá 300.000đ
7 NHẬN HOÀN NGAY ĐẾN 800.000đ khi mở thẻ tín dụng VPBANK MWG (Xem chi tiết tại đây)";;https://www.thegioididong.com/dtdd/iphone-17;Skipped
iPhone 17 Pro 1TB;Bạc;Yes;47990000;46390000;2026-04-17;"Khuyến mãi trị giá 50.000₫
Giá và khuyến mãi có thể kết thúc sớm hơn dự kiến
1 Tặng phiếu mua hàng Phụ Kiện, Smartwatch, Đồng hồ thời trang từ 250,000đ (trừ Apple, Beats) trị giá 50,000đ
2 Phiếu mua hàng Apple Watch trị giá 500,000đ
3 Tặng phiếu mua hàng Macbook (trừ Macbook Air M5 và Macbook Neo) trị giá 1,000,000đ
4 Phiếu mua hàng Airpods trị giá 500.000đ
5 Tặng Phiếu mua hàng mua Smartwatch (trừ Apple, giá trên 5.000.000đ) trị giá 500.000đ
6 Tặng Phiếu mua hàng Máy lạnh (sản phẩm trên 10tr) trị giá 300.000đ
7 NHẬN HOÀN NGAY ĐẾN 800.000đ khi mở thẻ tín dụng VPBANK MWG (Xem chi tiết tại đây)";;https://www.thegioididong.com/dtdd/iphone-17-pro;Skipped
iPhone 17 Pro Max 2TB;Bạc;Yes;63990000;63690000;2026-04-17;"Khuyến mãi trị giá 50.000₫
Giá và khuyến mãi có thể kết thúc sớm hơn dự kiến
1 Tặng phiếu mua hàng Phụ Kiện, Smartwatch, Đồng hồ thời trang từ 250,000đ (trừ Apple, Beats) trị giá 50,000đ
2 Phiếu mua hàng Apple Watch trị giá 500,000đ
3 Tặng phiếu mua hàng Macbook (trừ Macbook Air M5 và Macbook Neo) trị giá 1,000,000đ
4 Phiếu mua hàng Airpods trị giá 500.000đ
5 Tặng Phiếu mua hàng mua Smartwatch (trừ Apple, giá trên 5.000.000đ) trị giá 500.000đ
6 Tặng Phiếu mua hàng Máy lạnh (sản phẩm trên 10tr) trị giá 300.000đ
7 NHẬN HOÀN NGAY ĐẾN 800.000đ khi mở thẻ tín dụng VPBANK MWG (Xem chi tiết tại đây)";;https://www.thegioididong.com/dtdd/iphone-17-pro-max;Skipped
iPhone 17 512GB;Đen;Yes;31490000;30990000;2026-04-17;"Khuyến mãi trị giá 50.000₫
Giá và khuyến mãi có thể kết thúc sớm hơn dự kiến
1 Tặng phiếu mua hàng Phụ Kiện, Smartwatch, Đồng hồ thời trang từ 250,000đ (trừ Apple, Beats) trị giá 50,000đ
2 Phiếu mua hàng Apple Watch trị giá 500,000đ
3 Tặng phiếu mua hàng Macbook (trừ Macbook Air M5 và Macbook Neo) trị giá 1,000,000đ
4 Phiếu mua hàng Airpods trị giá 500.000đ
5 Tặng Phiếu mua hàng mua Smartwatch (trừ Apple, giá trên 5.000.000đ) trị giá 500.000đ
6 Tặng Phiếu mua hàng Máy lạnh (sản phẩm trên 10tr) trị giá 300.000đ
7 NHẬN HOÀN NGAY ĐẾN 800.000đ khi mở thẻ tín dụng VPBANK MWG (Xem chi tiết tại đây)";;https://www.thegioididong.com/dtdd/iphone-17;Skipped
iPhone 17 Pro 1TB;Xanh đậm;Yes;47990000;46390000;2026-04-17;"Khuyến mãi trị giá 50.000₫
Giá và khuyến mãi có thể kết thúc sớm hơn dự kiến
1 Tặng phiếu mua hàng Phụ Kiện, Smartwatch, Đồng hồ thời trang từ 250,000đ (trừ Apple, Beats) trị giá 50,000đ
2 Phiếu mua hàng Apple Watch trị giá 500,000đ
3 Tặng phiếu mua hàng Macbook (trừ Macbook Air M5 và Macbook Neo) trị giá 1,000,000đ
4 Phiếu mua hàng Airpods trị giá 500.000đ
5 Tặng Phiếu mua hàng mua Smartwatch (trừ Apple, giá trên 5.000.000đ) trị giá 500.000đ
6 Tặng Phiếu mua hàng Máy lạnh (sản phẩm trên 10tr) trị giá 300.000đ
7 NHẬN HOÀN NGAY ĐẾN 800.000đ khi mở thẻ tín dụng VPBANK MWG (Xem chi tiết tại đây)";;https://www.thegioididong.com/dtdd/iphone-17-pro;Skipped
iPhone 17 Pro Max 2TB;Cam Vũ Trụ;Yes;63990000;63090000;2026-04-17;"Khuyến mãi trị giá 50.000₫
Giá và khuyến mãi có thể kết thúc sớm hơn dự kiến
1 Tặng phiếu mua hàng Phụ Kiện, Smartwatch, Đồng hồ thời trang từ 250,000đ (trừ Apple, Beats) trị giá 50,000đ
2 Phiếu mua hàng Apple Watch trị giá 500,000đ
3 Tặng phiếu mua hàng Macbook (trừ Macbook Air M5 và Macbook Neo) trị giá 1,000,000đ
4 Phiếu mua hàng Airpods trị giá 500.000đ
5 Tặng Phiếu mua hàng mua Smartwatch (trừ Apple, giá trên 5.000.000đ) trị giá 500.000đ
6 Tặng Phiếu mua hàng Máy lạnh (sản phẩm trên 10tr) trị giá 300.000đ
7 NHẬN HOÀN NGAY ĐẾN 800.000đ khi mở thẻ tín dụng VPBANK MWG (Xem chi tiết tại đây)";;https://www.thegioididong.com/dtdd/iphone-17-pro-max;Skipped
iPhone 17 512GB;Tím Oải Hương;Yes;31490000;30790000;2026-04-17;"Khuyến mãi trị giá 50.000₫
Giá và khuyến mãi có thể kết thúc sớm hơn dự kiến
1 Tặng phiếu mua hàng Phụ Kiện, Smartwatch, Đồng hồ thời trang từ 250,000đ (trừ Apple, Beats) trị giá 50,000đ
2 Phiếu mua hàng Apple Watch trị giá 500,000đ
3 Tặng phiếu mua hàng Macbook (trừ Macbook Air M5 và Macbook Neo) trị giá 1,000,000đ
4 Phiếu mua hàng Airpods trị giá 500.000đ
5 Tặng Phiếu mua hàng mua Smartwatch (trừ Apple, giá trên 5.000.000đ) trị giá 500.000đ
6 Tặng Phiếu mua hàng Máy lạnh (sản phẩm trên 10tr) trị giá 300.000đ
7 NHẬN HOÀN NGAY ĐẾN 800.000đ khi mở thẻ tín dụng VPBANK MWG (Xem chi tiết tại đây)";;https://www.thegioididong.com/dtdd/iphone-17;Skipped
iPhone 17e 256GB;Đen;Yes;17990000;17490000;2026-04-17;"Khuyến mãi trị giá 50.000₫
Giá và khuyến mãi có thể kết thúc sớm hơn dự kiến
1 Tặng phiếu mua hàng Phụ Kiện, Smartwatch, Đồng hồ thời trang từ 250,000đ (trừ Apple, Beats) trị giá 50,000đ
2 Phiếu mua hàng Apple Watch trị giá 500,000đ
3 Phiếu mua hàng Airpods trị giá 500.000đ
4 Tặng Phiếu mua hàng mua Smartwatch (trừ Apple, giá trên 5.000.000đ) trị giá 500.000đ
5 Tặng Phiếu mua hàng Máy lạnh (sản phẩm trên 10tr) trị giá 300.000đ
6 NHẬN HOÀN NGAY ĐẾN 800.000đ khi mở thẻ tín dụng VPBANK MWG (Xem chi tiết tại đây)";;https://www.thegioididong.com/dtdd/iphone-17e-256gb?utm_flashsale=1;Skipped
iPhone 17 Pro 1TB;Cam Vũ Trụ;Yes;47990000;46390000;2026-04-17;"Khuyến mãi trị giá 50.000₫
Giá và khuyến mãi có thể kết thúc sớm hơn dự kiến
1 Tặng phiếu mua hàng Phụ Kiện, Smartwatch, Đồng hồ thời trang từ 250,000đ (trừ Apple, Beats) trị giá 50,000đ
2 Phiếu mua hàng Apple Watch trị giá 500,000đ
3 Tặng phiếu mua hàng Macbook (trừ Macbook Air M5 và Macbook Neo) trị giá 1,000,000đ
4 Phiếu mua hàng Airpods trị giá 500.000đ
5 Tặng Phiếu mua hàng mua Smartwatch (trừ Apple, giá trên 5.000.000đ) trị giá 500.000đ
6 Tặng Phiếu mua hàng Máy lạnh (sản phẩm trên 10tr) trị giá 300.000đ
7 NHẬN HOÀN NGAY ĐẾN 800.000đ khi mở thẻ tín dụng VPBANK MWG (Xem chi tiết tại đây)";;https://www.thegioididong.com/dtdd/iphone-17-pro;Skipped
iPhone 17 512GB;Xanh Lam Khói;Yes;31490000;30790000;2026-04-17;"Khuyến mãi trị giá 50.000₫
Giá và khuyến mãi có thể kết thúc sớm hơn dự kiến
1 Tặng phiếu mua hàng Phụ Kiện, Smartwatch, Đồng hồ thời trang từ 250,000đ (trừ Apple, Beats) trị giá 50,000đ
2 Phiếu mua hàng Apple Watch trị giá 500,000đ
3 Tặng phiếu mua hàng Macbook (trừ Macbook Air M5 và Macbook Neo) trị giá 1,000,000đ
4 Phiếu mua hàng Airpods trị giá 500.000đ
5 Tặng Phiếu mua hàng mua Smartwatch (trừ Apple, giá trên 5.000.000đ) trị giá 500.000đ
6 Tặng Phiếu mua hàng Máy lạnh (sản phẩm trên 10tr) trị giá 300.000đ
7 NHẬN HOÀN NGAY ĐẾN 800.000đ khi mở thẻ tín dụng VPBANK MWG (Xem chi tiết tại đây)";;https://www.thegioididong.com/dtdd/iphone-17;Skipped
iPhone 17 Pro Max 2TB;Xanh đậm;Yes;190000;63990000;2026-04-17;"Khuyến mãi trị giá 50.000₫
Giá và khuyến mãi dự kiến áp dụng đến 23:59 | 30/04
1 Tặng phiếu mua hàng Phụ Kiện, Smartwatch, Đồng hồ thời trang từ 250,000đ (trừ Apple, Beats) trị giá 50,000đ
2 Phiếu mua hàng Apple Watch trị giá 500,000đ
3 Tặng phiếu mua hàng Macbook (trừ Macbook Air M5 và Macbook Neo) trị giá 1,000,000đ
4 Phiếu mua hàng Airpods trị giá 500.000đ
5 Tặng Phiếu mua hàng mua Smartwatch (trừ Apple, giá trên 5.000.000đ) trị giá 500.000đ
6 Tặng Phiếu mua hàng Máy lạnh (sản phẩm trên 10tr) trị giá 300.000đ
7 Thu cũ đổi mới: Giảm đến 2,000,000đ (Không kèm ưu đãi thanh toán qua cổng, mua kèm) Xem chi tiết
8 NHẬN HOÀN NGAY ĐẾN 800.000đ khi mở thẻ tín dụng VPBANK MWG (Xem chi tiết tại đây)";;https://www.thegioididong.com/dtdd/iphone-17-pro-max;Skipped
iPhone 17e 256GB;Trắng;Yes;17990000;17490000;2026-04-17;"Khuyến mãi trị giá 50.000₫
Giá và khuyến mãi có thể kết thúc sớm hơn dự kiến
1 Tặng phiếu mua hàng Phụ Kiện, Smartwatch, Đồng hồ thời trang từ 250,000đ (trừ Apple, Beats) trị giá 50,000đ
2 Phiếu mua hàng Apple Watch trị giá 500,000đ
3 Phiếu mua hàng Airpods trị giá 500.000đ
4 Tặng Phiếu mua hàng mua Smartwatch (trừ Apple, giá trên 5.000.000đ) trị giá 500.000đ
5 Tặng Phiếu mua hàng Máy lạnh (sản phẩm trên 10tr) trị giá 300.000đ
6 NHẬN HOÀN NGAY ĐẾN 800.000đ khi mở thẻ tín dụng VPBANK MWG (Xem chi tiết tại đây)";;https://www.thegioididong.com/dtdd/iphone-17e-256gb?utm_flashsale=1;Skipped
iPhone 17 Pro 1TB;Bạc;Yes;47990000;46390000;2026-04-17;"Khuyến mãi trị giá 50.000₫
Giá và khuyến mãi có thể kết thúc sớm hơn dự kiến
1 Tặng phiếu mua hàng Phụ Kiện, Smartwatch, Đồng hồ thời trang từ 250,000đ (trừ Apple, Beats) trị giá 50,000đ
2 Phiếu mua hàng Apple Watch trị giá 500,000đ
3 Tặng phiếu mua hàng Macbook (trừ Macbook Air M5 và Macbook Neo) trị giá 1,000,000đ
4 Phiếu mua hàng Airpods trị giá 500.000đ
5 Tặng Phiếu mua hàng mua Smartwatch (trừ Apple, giá trên 5.000.000đ) trị giá 500.000đ
6 Tặng Phiếu mua hàng Máy lạnh (sản phẩm trên 10tr) trị giá 300.000đ
7 NHẬN HOÀN NGAY ĐẾN 800.000đ khi mở thẻ tín dụng VPBANK MWG (Xem chi tiết tại đây)";;https://www.thegioididong.com/dtdd/iphone-17-pro;Skipped
iPhone 17 512GB;Xanh Lá Xô Thơm;Yes;31490000;30790000;2026-04-17;"Khuyến mãi trị giá 50.000₫
Giá và khuyến mãi có thể kết thúc sớm hơn dự kiến
1 Tặng phiếu mua hàng Phụ Kiện, Smartwatch, Đồng hồ thời trang từ 250,000đ (trừ Apple, Beats) trị giá 50,000đ
2 Phiếu mua hàng Apple Watch trị giá 500,000đ
3 Tặng phiếu mua hàng Macbook (trừ Macbook Air M5 và Macbook Neo) trị giá 1,000,000đ
4 Phiếu mua hàng Airpods trị giá 500.000đ
5 Tặng Phiếu mua hàng mua Smartwatch (trừ Apple, giá trên 5.000.000đ) trị giá 500.000đ
6 Tặng Phiếu mua hàng Máy lạnh (sản phẩm trên 10tr) trị giá 300.000đ
7 NHẬN HOÀN NGAY ĐẾN 800.000đ khi mở thẻ tín dụng VPBANK MWG (Xem chi tiết tại đây)";;https://www.thegioididong.com/dtdd/iphone-17;Skipped
iPhone 17 Pro Max 2TB;Bạc;Yes;63990000;63690000;2026-04-17;"Khuyến mãi trị giá 50.000₫
Giá và khuyến mãi có thể kết thúc sớm hơn dự kiến
1 Tặng phiếu mua hàng Phụ Kiện, Smartwatch, Đồng hồ thời trang từ 250,000đ (trừ Apple, Beats) trị giá 50,000đ
2 Phiếu mua hàng Apple Watch trị giá 500,000đ
3 Tặng phiếu mua hàng Macbook (trừ Macbook Air M5 và Macbook Neo) trị giá 1,000,000đ
4 Phiếu mua hàng Airpods trị giá 500.000đ
5 Tặng Phiếu mua hàng mua Smartwatch (trừ Apple, giá trên 5.000.000đ) trị giá 500.000đ
6 Tặng Phiếu mua hàng Máy lạnh (sản phẩm trên 10tr) trị giá 300.000đ
7 NHẬN HOÀN NGAY ĐẾN 800.000đ khi mở thẻ tín dụng VPBANK MWG (Xem chi tiết tại đây)";;https://www.thegioididong.com/dtdd/iphone-17-pro-max;Skipped
iPhone 17 Pro 1TB;Xanh đậm;Yes;47990000;46390000;2026-04-17;"Khuyến mãi trị giá 50.000₫
Giá và khuyến mãi có thể kết thúc sớm hơn dự kiến
1 Tặng phiếu mua hàng Phụ Kiện, Smartwatch, Đồng hồ thời trang từ 250,000đ (trừ Apple, Beats) trị giá 50,000đ
2 Phiếu mua hàng Apple Watch trị giá 500,000đ
3 Tặng phiếu mua hàng Macbook (trừ Macbook Air M5 và Macbook Neo) trị giá 1,000,000đ
4 Phiếu mua hàng Airpods trị giá 500.000đ
5 Tặng Phiếu mua hàng mua Smartwatch (trừ Apple, giá trên 5.000.000đ) trị giá 500.000đ
6 Tặng Phiếu mua hàng Máy lạnh (sản phẩm trên 10tr) trị giá 300.000đ
7 NHẬN HOÀN NGAY ĐẾN 800.000đ khi mở thẻ tín dụng VPBANK MWG (Xem chi tiết tại đây)";;https://www.thegioididong.com/dtdd/iphone-17-pro;Skipped
iPhone 17 512GB;Trắng;Yes;31490000;30790000;2026-04-17;"Khuyến mãi trị giá 50.000₫
Giá và khuyến mãi có thể kết thúc sớm hơn dự kiến
1 Tặng phiếu mua hàng Phụ Kiện, Smartwatch, Đồng hồ thời trang từ 250,000đ (trừ Apple, Beats) trị giá 50,000đ
2 Phiếu mua hàng Apple Watch trị giá 500,000đ
3 Tặng phiếu mua hàng Macbook (trừ Macbook Air M5 và Macbook Neo) trị giá 1,000,000đ
4 Phiếu mua hàng Airpods trị giá 500.000đ
5 Tặng Phiếu mua hàng mua Smartwatch (trừ Apple, giá trên 5.000.000đ) trị giá 500.000đ
6 Tặng Phiếu mua hàng Máy lạnh (sản phẩm trên 10tr) trị giá 300.000đ
7 NHẬN HOÀN NGAY ĐẾN 800.000đ khi mở thẻ tín dụng VPBANK MWG (Xem chi tiết tại đây)";;https://www.thegioididong.com/dtdd/iphone-17;Skipped
iPhone 17e 512GB;Đen;Yes;24490000;23990000;2026-04-17;"Khuyến mãi trị giá 50.000₫
Giá và khuyến mãi có thể kết thúc sớm hơn dự kiến
1 Tặng phiếu mua hàng Phụ Kiện, Smartwatch, Đồng hồ thời trang từ 250,000đ (trừ Apple, Beats) trị giá 50,000đ
2 Phiếu mua hàng Apple Watch trị giá 500,000đ
3 Phiếu mua hàng Airpods trị giá 500.000đ
4 Tặng Phiếu mua hàng mua Smartwatch (trừ Apple, giá trên 5.000.000đ) trị giá 500.000đ
5 Tặng Phiếu mua hàng Máy lạnh (sản phẩm trên 10tr) trị giá 300.000đ
6 NHẬN HOÀN NGAY ĐẾN 800.000đ khi mở thẻ tín dụng VPBANK MWG (Xem chi tiết tại đây)";;https://www.thegioididong.com/dtdd/iphone-17e-256gb?utm_flashsale=1;Skipped
iPhone 17 Pro Max 2TB;Cam Vũ Trụ;Yes;63990000;63090000;2026-04-17;"Khuyến mãi trị giá 50.000₫
Giá và khuyến mãi có thể kết thúc sớm hơn dự kiến
1 Tặng phiếu mua hàng Phụ Kiện, Smartwatch, Đồng hồ thời trang từ 250,000đ (trừ Apple, Beats) trị giá 50,000đ
2 Phiếu mua hàng Apple Watch trị giá 500,000đ
3 Tặng phiếu mua hàng Macbook (trừ Macbook Air M5 và Macbook Neo) trị giá 1,000,000đ
4 Phiếu mua hàng Airpods trị giá 500.000đ
5 Tặng Phiếu mua hàng mua Smartwatch (trừ Apple, giá trên 5.000.000đ) trị giá 500.000đ
6 Tặng Phiếu mua hàng Máy lạnh (sản phẩm trên 10tr) trị giá 300.000đ
7 NHẬN HOÀN NGAY ĐẾN 800.000đ khi mở thẻ tín dụng VPBANK MWG (Xem chi tiết tại đây)";;https://www.thegioididong.com/dtdd/iphone-17-pro-max;Skipped
iPhone 17 512GB;Đen;Yes;31490000;30990000;2026-04-17;"Khuyến mãi trị giá 50.000₫
Giá và khuyến mãi có thể kết thúc sớm hơn dự kiến
1 Tặng phiếu mua hàng Phụ Kiện, Smartwatch, Đồng hồ thời trang từ 250,000đ (trừ Apple, Beats) trị giá 50,000đ
2 Phiếu mua hàng Apple Watch trị giá 500,000đ
3 Tặng phiếu mua hàng Macbook (trừ Macbook Air M5 và Macbook Neo) trị giá 1,000,000đ
4 Phiếu mua hàng Airpods trị giá 500.000đ
5 Tặng Phiếu mua hàng mua Smartwatch (trừ Apple, giá trên 5.000.000đ) trị giá 500.000đ
6 Tặng Phiếu mua hàng Máy lạnh (sản phẩm trên 10tr) trị giá 300.000đ
7 NHẬN HOÀN NGAY ĐẾN 800.000đ khi mở thẻ tín dụng VPBANK MWG (Xem chi tiết tại đây)";;https://www.thegioididong.com/dtdd/iphone-17;Skipped
iPhone 17e 512GB;Trắng;Yes;24490000;23990000;2026-04-17;"Khuyến mãi trị giá 50.000₫
Giá và khuyến mãi có thể kết thúc sớm hơn dự kiến
1 Tặng phiếu mua hàng Phụ Kiện, Smartwatch, Đồng hồ thời trang từ 250,000đ (trừ Apple, Beats) trị giá 50,000đ
2 Phiếu mua hàng Apple Watch trị giá 500,000đ
3 Phiếu mua hàng Airpods trị giá 500.000đ
4 Tặng Phiếu mua hàng mua Smartwatch (trừ Apple, giá trên 5.000.000đ) trị giá 500.000đ
5 Tặng Phiếu mua hàng Máy lạnh (sản phẩm trên 10tr) trị giá 300.000đ
6 NHẬN HOÀN NGAY ĐẾN 800.000đ khi mở thẻ tín dụng VPBANK MWG (Xem chi tiết tại đây)";;https://www.thegioididong.com/dtdd/iphone-17e-256gb?utm_flashsale=1;Skipped
iPhone 17e 512GB;Hồng nhạt;Yes;24490000;23990000;2026-04-17;"Khuyến mãi trị giá 50.000₫
Giá và khuyến mãi có thể kết thúc sớm hơn dự kiến
1 Tặng phiếu mua hàng Phụ Kiện, Smartwatch, Đồng hồ thời trang từ 250,000đ (trừ Apple, Beats) trị giá 50,000đ
2 Phiếu mua hàng Apple Watch trị giá 500,000đ
3 Phiếu mua hàng Airpods trị giá 500.000đ
4 Tặng Phiếu mua hàng mua Smartwatch (trừ Apple, giá trên 5.000.000đ) trị giá 500.000đ
5 Tặng Phiếu mua hàng Máy lạnh (sản phẩm trên 10tr) trị giá 300.000đ
6 NHẬN HOÀN NGAY ĐẾN 800.000đ khi mở thẻ tín dụng VPBANK MWG (Xem chi tiết tại đây)";;https://www.thegioididong.com/dtdd/iphone-17e-256gb?utm_flashsale=1;Skipped
iPhone 17 512GB;Tím Oải Hương;Yes;31490000;30790000;2026-04-17;"Khuyến mãi trị giá 50.000₫
Giá và khuyến mãi có thể kết thúc sớm hơn dự kiến
1 Tặng phiếu mua hàng Phụ Kiện, Smartwatch, Đồng hồ thời trang từ 250,000đ (trừ Apple, Beats) trị giá 50,000đ
2 Phiếu mua hàng Apple Watch trị giá 500,000đ
3 Tặng phiếu mua hàng Macbook (trừ Macbook Air M5 và Macbook Neo) trị giá 1,000,000đ
4 Phiếu mua hàng Airpods trị giá 500.000đ
5 Tặng Phiếu mua hàng mua Smartwatch (trừ Apple, giá trên 5.000.000đ) trị giá 500.000đ
6 Tặng Phiếu mua hàng Máy lạnh (sản phẩm trên 10tr) trị giá 300.000đ
7 NHẬN HOÀN NGAY ĐẾN 800.000đ khi mở thẻ tín dụng VPBANK MWG (Xem chi tiết tại đây)";;https://www.thegioididong.com/dtdd/iphone-17;Skipped
iPhone Air 256GB;Trắng Mây;Yes;190000;31990000;2026-04-17;"Khuyến mãi
Giá và khuyến mãi dự kiến áp dụng đến 23:59 | 30/04
1 Chọn 1 trong các khuyến mãi:
Giảm giá 9,000,000đ (đã giảm vào giá sản phẩm)
Tặng phiếu mua hàng Phụ Kiện, Smartwatch, đồng hồ thời trang (trừ Apple, Beats) trị giá 9,800,000đ
2 Phiếu mua hàng Apple Watch trị giá 500,000đ
3 Tặng phiếu mua hàng Macbook (trừ Macbook Air M5 và Macbook Neo) trị giá 1,000,000đ
4 Phiếu mua hàng Airpods trị giá 500.000đ
5 Tặng Phiếu mua hàng mua Smartwatch (trừ Apple, giá trên 5.000.000đ) trị giá 500.000đ
6 Tặng Phiếu mua hàng Máy lạnh (sản phẩm trên 10tr) trị giá 300.000đ
7 Thu cũ đổi mới: Giảm đến 2,000,000đ (Không kèm ưu đãi thanh toán qua cổng, mua kèm) Xem chi tiết
8 NHẬN HOÀN NGAY ĐẾN 800.000đ khi mở thẻ tín dụng VPBANK MWG (Xem chi tiết tại đây)";;https://www.thegioididong.com/dtdd/iphone-air?utm_flashsale=1;Skipped
iPhone 17 Pro Max 2TB;Xanh đậm;Yes;190000;63990000;2026-04-17;"Khuyến mãi trị giá 50.000₫
Giá và khuyến mãi dự kiến áp dụng đến 23:59 | 30/04
1 Tặng phiếu mua hàng Phụ Kiện, Smartwatch, Đồng hồ thời trang từ 250,000đ (trừ Apple, Beats) trị giá 50,000đ
2 Phiếu mua hàng Apple Watch trị giá 500,000đ
3 Tặng phiếu mua hàng Macbook (trừ Macbook Air M5 và Macbook Neo) trị giá 1,000,000đ
4 Phiếu mua hàng Airpods trị giá 500.000đ
5 Tặng Phiếu mua hàng mua Smartwatch (trừ Apple, giá trên 5.000.000đ) trị giá 500.000đ
6 Tặng Phiếu mua hàng Máy lạnh (sản phẩm trên 10tr) trị giá 300.000đ
7 Thu cũ đổi mới: Giảm đến 2,000,000đ (Không kèm ưu đãi thanh toán qua cổng, mua kèm) Xem chi tiết
8 NHẬN HOÀN NGAY ĐẾN 800.000đ khi mở thẻ tín dụng VPBANK MWG (Xem chi tiết tại đây)";;https://www.thegioididong.com/dtdd/iphone-17-pro-max;Skipped
iPhone 17 512GB;Xanh Lam Khói;Yes;31490000;30790000;2026-04-17;"Khuyến mãi trị giá 50.000₫
Giá và khuyến mãi có thể kết thúc sớm hơn dự kiến
1 Tặng phiếu mua hàng Phụ Kiện, Smartwatch, Đồng hồ thời trang từ 250,000đ (trừ Apple, Beats) trị giá 50,000đ
2 Phiếu mua hàng Apple Watch trị giá 500,000đ
3 Tặng phiếu mua hàng Macbook (trừ Macbook Air M5 và Macbook Neo) trị giá 1,000,000đ
4 Phiếu mua hàng Airpods trị giá 500.000đ
5 Tặng Phiếu mua hàng mua Smartwatch (trừ Apple, giá trên 5.000.000đ) trị giá 500.000đ
6 Tặng Phiếu mua hàng Máy lạnh (sản phẩm trên 10tr) trị giá 300.000đ
7 NHẬN HOÀN NGAY ĐẾN 800.000đ khi mở thẻ tín dụng VPBANK MWG (Xem chi tiết tại đây)";;https://www.thegioididong.com/dtdd/iphone-17;Skipped
iPhone 17e 512GB;Đen;Yes;24490000;23990000;2026-04-17;"Khuyến mãi trị giá 50.000₫
Giá và khuyến mãi có thể kết thúc sớm hơn dự kiến
1 Tặng phiếu mua hàng Phụ Kiện, Smartwatch, Đồng hồ thời trang từ 250,000đ (trừ Apple, Beats) trị giá 50,000đ
2 Phiếu mua hàng Apple Watch trị giá 500,000đ
3 Phiếu mua hàng Airpods trị giá 500.000đ
4 Tặng Phiếu mua hàng mua Smartwatch (trừ Apple, giá trên 5.000.000đ) trị giá 500.000đ
5 Tặng Phiếu mua hàng Máy lạnh (sản phẩm trên 10tr) trị giá 300.000đ
6 NHẬN HOÀN NGAY ĐẾN 800.000đ khi mở thẻ tín dụng VPBANK MWG (Xem chi tiết tại đây)";;https://www.thegioididong.com/dtdd/iphone-17e-256gb?utm_flashsale=1;Skipped
iPhone 17 Pro Max 2TB;Bạc;Yes;63990000;63690000;2026-04-17;"Khuyến mãi trị giá 50.000₫
Giá và khuyến mãi có thể kết thúc sớm hơn dự kiến
1 Tặng phiếu mua hàng Phụ Kiện, Smartwatch, Đồng hồ thời trang từ 250,000đ (trừ Apple, Beats) trị giá 50,000đ
2 Phiếu mua hàng Apple Watch trị giá 500,000đ
3 Tặng phiếu mua hàng Macbook (trừ Macbook Air M5 và Macbook Neo) trị giá 1,000,000đ
4 Phiếu mua hàng Airpods trị giá 500.000đ
5 Tặng Phiếu mua hàng mua Smartwatch (trừ Apple, giá trên 5.000.000đ) trị giá 500.000đ
6 Tặng Phiếu mua hàng Máy lạnh (sản phẩm trên 10tr) trị giá 300.000đ
7 NHẬN HOÀN NGAY ĐẾN 800.000đ khi mở thẻ tín dụng VPBANK MWG (Xem chi tiết tại đây)";;https://www.thegioididong.com/dtdd/iphone-17-pro-max;Skipped
iPhone Air 256GB;Xanh da trời;Yes;190000;31990000;2026-04-17;"Khuyến mãi
Giá và khuyến mãi dự kiến áp dụng đến 23:59 | 30/04
1 Chọn 1 trong các khuyến mãi:
Giảm giá 9,000,000đ (đã giảm vào giá sản phẩm)
Tặng phiếu mua hàng Phụ Kiện, Smartwatch, đồng hồ thời trang (trừ Apple, Beats) trị giá 9,800,000đ
2 Phiếu mua hàng Apple Watch trị giá 500,000đ
3 Tặng phiếu mua hàng Macbook (trừ Macbook Air M5 và Macbook Neo) trị giá 1,000,000đ
4 Phiếu mua hàng Airpods trị giá 500.000đ
5 Tặng Phiếu mua hàng mua Smartwatch (trừ Apple, giá trên 5.000.000đ) trị giá 500.000đ
6 Tặng Phiếu mua hàng Máy lạnh (sản phẩm trên 10tr) trị giá 300.000đ
7 Thu cũ đổi mới: Giảm đến 2,000,000đ (Không kèm ưu đãi thanh toán qua cổng, mua kèm) Xem chi tiết
8 NHẬN HOÀN NGAY ĐẾN 800.000đ khi mở thẻ tín dụng VPBANK MWG (Xem chi tiết tại đây)";;https://www.thegioididong.com/dtdd/iphone-air?utm_flashsale=1;Skipped
iPhone 17e 512GB;Trắng;Yes;24490000;23990000;2026-04-17;"Khuyến mãi trị giá 50.000₫
Giá và khuyến mãi có thể kết thúc sớm hơn dự kiến
1 Tặng phiếu mua hàng Phụ Kiện, Smartwatch, Đồng hồ thời trang từ 250,000đ (trừ Apple, Beats) trị giá 50,000đ
2 Phiếu mua hàng Apple Watch trị giá 500,000đ
3 Phiếu mua hàng Airpods trị giá 500.000đ
4 Tặng Phiếu mua hàng mua Smartwatch (trừ Apple, giá trên 5.000.000đ) trị giá 500.000đ
5 Tặng Phiếu mua hàng Máy lạnh (sản phẩm trên 10tr) trị giá 300.000đ
6 NHẬN HOÀN NGAY ĐẾN 800.000đ khi mở thẻ tín dụng VPBANK MWG (Xem chi tiết tại đây)";;https://www.thegioididong.com/dtdd/iphone-17e-256gb?utm_flashsale=1;Skipped
iPhone 17 512GB;Xanh Lá Xô Thơm;Yes;31490000;30790000;2026-04-17;"Khuyến mãi trị giá 50.000₫
Giá và khuyến mãi có thể kết thúc sớm hơn dự kiến
1 Tặng phiếu mua hàng Phụ Kiện, Smartwatch, Đồng hồ thời trang từ 250,000đ (trừ Apple, Beats) trị giá 50,000đ
2 Phiếu mua hàng Apple Watch trị giá 500,000đ
3 Tặng phiếu mua hàng Macbook (trừ Macbook Air M5 và Macbook Neo) trị giá 1,000,000đ
4 Phiếu mua hàng Airpods trị giá 500.000đ
5 Tặng Phiếu mua hàng mua Smartwatch (trừ Apple, giá trên 5.000.000đ) trị giá 500.000đ
6 Tặng Phiếu mua hàng Máy lạnh (sản phẩm trên 10tr) trị giá 300.000đ
7 NHẬN HOÀN NGAY ĐẾN 800.000đ khi mở thẻ tín dụng VPBANK MWG (Xem chi tiết tại đây)";;https://www.thegioididong.com/dtdd/iphone-17;Skipped
iPhone 17 Pro Max 2TB;Cam Vũ Trụ;Yes;63990000;63090000;2026-04-17;"Khuyến mãi trị giá 50.000₫
Giá và khuyến mãi có thể kết thúc sớm hơn dự kiến
1 Tặng phiếu mua hàng Phụ Kiện, Smartwatch, Đồng hồ thời trang từ 250,000đ (trừ Apple, Beats) trị giá 50,000đ
2 Phiếu mua hàng Apple Watch trị giá 500,000đ
3 Tặng phiếu mua hàng Macbook (trừ Macbook Air M5 và Macbook Neo) trị giá 1,000,000đ
4 Phiếu mua hàng Airpods trị giá 500.000đ
5 Tặng Phiếu mua hàng mua Smartwatch (trừ Apple, giá trên 5.000.000đ) trị giá 500.000đ
6 Tặng Phiếu mua hàng Máy lạnh (sản phẩm trên 10tr) trị giá 300.000đ
7 NHẬN HOÀN NGAY ĐẾN 800.000đ khi mở thẻ tín dụng VPBANK MWG (Xem chi tiết tại đây)";;https://www.thegioididong.com/dtdd/iphone-17-pro-max;Skipped
iPhone 17 512GB;Trắng;Yes;31490000;30790000;2026-04-17;"Khuyến mãi trị giá 50.000₫
Giá và khuyến mãi có thể kết thúc sớm hơn dự kiến
1 Tặng phiếu mua hàng Phụ Kiện, Smartwatch, Đồng hồ thời trang từ 250,000đ (trừ Apple, Beats) trị giá 50,000đ
2 Phiếu mua hàng Apple Watch trị giá 500,000đ
3 Tặng phiếu mua hàng Macbook (trừ Macbook Air M5 và Macbook Neo) trị giá 1,000,000đ
4 Phiếu mua hàng Airpods trị giá 500.000đ
5 Tặng Phiếu mua hàng mua Smartwatch (trừ Apple, giá trên 5.000.000đ) trị giá 500.000đ
6 Tặng Phiếu mua hàng Máy lạnh (sản phẩm trên 10tr) trị giá 300.000đ
7 NHẬN HOÀN NGAY ĐẾN 800.000đ khi mở thẻ tín dụng VPBANK MWG (Xem chi tiết tại đây)";;https://www.thegioididong.com/dtdd/iphone-17;Skipped
iPhone 17e 512GB;Hồng nhạt;Yes;24490000;23990000;2026-04-17;"Khuyến mãi trị giá 50.000₫
Giá và khuyến mãi có thể kết thúc sớm hơn dự kiến
1 Tặng phiếu mua hàng Phụ Kiện, Smartwatch, Đồng hồ thời trang từ 250,000đ (trừ Apple, Beats) trị giá 50,000đ
2 Phiếu mua hàng Apple Watch trị giá 500,000đ
3 Phiếu mua hàng Airpods trị giá 500.000đ
4 Tặng Phiếu mua hàng mua Smartwatch (trừ Apple, giá trên 5.000.000đ) trị giá 500.000đ
5 Tặng Phiếu mua hàng Máy lạnh (sản phẩm trên 10tr) trị giá 300.000đ
6 NHẬN HOÀN NGAY ĐẾN 800.000đ khi mở thẻ tín dụng VPBANK MWG (Xem chi tiết tại đây)";;https://www.thegioididong.com/dtdd/iphone-17e-256gb?utm_flashsale=1;Skipped
iPhone Air 256GB;Đen Không Gian;Yes;190000;31990000;2026-04-17;"Khuyến mãi
Giá và khuyến mãi dự kiến áp dụng đến 23:59 | 30/04
1 Chọn 1 trong các khuyến mãi:
Giảm giá 9,000,000đ (đã giảm vào giá sản phẩm)
Tặng phiếu mua hàng Phụ Kiện, Smartwatch, đồng hồ thời trang (trừ Apple, Beats) trị giá 9,800,000đ
2 Phiếu mua hàng Apple Watch trị giá 500,000đ
3 Tặng phiếu mua hàng Macbook (trừ Macbook Air M5 và Macbook Neo) trị giá 1,000,000đ
4 Phiếu mua hàng Airpods trị giá 500.000đ
5 Tặng Phiếu mua hàng mua Smartwatch (trừ Apple, giá trên 5.000.000đ) trị giá 500.000đ
6 Tặng Phiếu mua hàng Máy lạnh (sản phẩm trên 10tr) trị giá 300.000đ
7 Thu cũ đổi mới: Giảm đến 2,000,000đ (Không kèm ưu đãi thanh toán qua cổng, mua kèm) Xem chi tiết
8 NHẬN HOÀN NGAY ĐẾN 800.000đ khi mở thẻ tín dụng VPBANK MWG (Xem chi tiết tại đây)";;https://www.thegioididong.com/dtdd/iphone-air?utm_flashsale=1;Skipped
iPhone 17 512GB;Đen;Yes;31490000;30990000;2026-04-17;"Khuyến mãi trị giá 50.000₫
Giá và khuyến mãi có thể kết thúc sớm hơn dự kiến
1 Tặng phiếu mua hàng Phụ Kiện, Smartwatch, Đồng hồ thời trang từ 250,000đ (trừ Apple, Beats) trị giá 50,000đ
2 Phiếu mua hàng Apple Watch trị giá 500,000đ
3 Tặng phiếu mua hàng Macbook (trừ Macbook Air M5 và Macbook Neo) trị giá 1,000,000đ
4 Phiếu mua hàng Airpods trị giá 500.000đ
5 Tặng Phiếu mua hàng mua Smartwatch (trừ Apple, giá trên 5.000.000đ) trị giá 500.000đ
6 Tặng Phiếu mua hàng Máy lạnh (sản phẩm trên 10tr) trị giá 300.000đ
7 NHẬN HOÀN NGAY ĐẾN 800.000đ khi mở thẻ tín dụng VPBANK MWG (Xem chi tiết tại đây)";;https://www.thegioididong.com/dtdd/iphone-17;Skipped
iPhone 17e 512GB;Đen;Yes;24490000;23990000;2026-04-17;"Khuyến mãi trị giá 50.000₫
Giá và khuyến mãi có thể kết thúc sớm hơn dự kiến
1 Tặng phiếu mua hàng Phụ Kiện, Smartwatch, Đồng hồ thời trang từ 250,000đ (trừ Apple, Beats) trị giá 50,000đ
2 Phiếu mua hàng Apple Watch trị giá 500,000đ
3 Phiếu mua hàng Airpods trị giá 500.000đ
4 Tặng Phiếu mua hàng mua Smartwatch (trừ Apple, giá trên 5.000.000đ) trị giá 500.000đ
5 Tặng Phiếu mua hàng Máy lạnh (sản phẩm trên 10tr) trị giá 300.000đ
6 NHẬN HOÀN NGAY ĐẾN 800.000đ khi mở thẻ tín dụng VPBANK MWG (Xem chi tiết tại đây)";;https://www.thegioididong.com/dtdd/iphone-17e-256gb?utm_flashsale=1;Skipped
iPhone 17 Pro Max 2TB;Xanh đậm;Yes;190000;63990000;2026-04-17;"Khuyến mãi trị giá 50.000₫
Giá và khuyến mãi dự kiến áp dụng đến 23:59 | 30/04
1 Tặng phiếu mua hàng Phụ Kiện, Smartwatch, Đồng hồ thời trang từ 250,000đ (trừ Apple, Beats) trị giá 50,000đ
2 Phiếu mua hàng Apple Watch trị giá 500,000đ
3 Tặng phiếu mua hàng Macbook (trừ Macbook Air M5 và Macbook Neo) trị giá 1,000,000đ
4 Phiếu mua hàng Airpods trị giá 500.000đ
5 Tặng Phiếu mua hàng mua Smartwatch (trừ Apple, giá trên 5.000.000đ) trị giá 500.000đ
6 Tặng Phiếu mua hàng Máy lạnh (sản phẩm trên 10tr) trị giá 300.000đ
7 Thu cũ đổi mới: Giảm đến 2,000,000đ (Không kèm ưu đãi thanh toán qua cổng, mua kèm) Xem chi tiết
8 NHẬN HOÀN NGAY ĐẾN 800.000đ khi mở thẻ tín dụng VPBANK MWG (Xem chi tiết tại đây)";;https://www.thegioididong.com/dtdd/iphone-17-pro-max;Skipped
iPhone Air 256GB;Vàng Nhạt;Yes;190000;31990000;2026-04-17;"Khuyến mãi
Giá và khuyến mãi dự kiến áp dụng đến 23:59 | 30/04
1 Chọn 1 trong các khuyến mãi:
Giảm giá 9,000,000đ (đã giảm vào giá sản phẩm)
Tặng phiếu mua hàng Phụ Kiện, Smartwatch, đồng hồ thời trang (trừ Apple, Beats) trị giá 9,800,000đ
2 Phiếu mua hàng Apple Watch trị giá 500,000đ
3 Tặng phiếu mua hàng Macbook (trừ Macbook Air M5 và Macbook Neo) trị giá 1,000,000đ
4 Phiếu mua hàng Airpods trị giá 500.000đ
5 Tặng Phiếu mua hàng mua Smartwatch (trừ Apple, giá trên 5.000.000đ) trị giá 500.000đ
6 Tặng Phiếu mua hàng Máy lạnh (sản phẩm trên 10tr) trị giá 300.000đ
7 Thu cũ đổi mới: Giảm đến 2,000,000đ (Không kèm ưu đãi thanh toán qua cổng, mua kèm) Xem chi tiết
8 NHẬN HOÀN NGAY ĐẾN 800.000đ khi mở thẻ tín dụng VPBANK MWG (Xem chi tiết tại đây)";;https://www.thegioididong.com/dtdd/iphone-air?utm_flashsale=1;Skipped
iPhone 17e 512GB;Trắng;Yes;24490000;23990000;2026-04-17;"Khuyến mãi trị giá 50.000₫
Giá và khuyến mãi có thể kết thúc sớm hơn dự kiến
1 Tặng phiếu mua hàng Phụ Kiện, Smartwatch, Đồng hồ thời trang từ 250,000đ (trừ Apple, Beats) trị giá 50,000đ
2 Phiếu mua hàng Apple Watch trị giá 500,000đ
3 Phiếu mua hàng Airpods trị giá 500.000đ
4 Tặng Phiếu mua hàng mua Smartwatch (trừ Apple, giá trên 5.000.000đ) trị giá 500.000đ
5 Tặng Phiếu mua hàng Máy lạnh (sản phẩm trên 10tr) trị giá 300.000đ
6 NHẬN HOÀN NGAY ĐẾN 800.000đ khi mở thẻ tín dụng VPBANK MWG (Xem chi tiết tại đây)";;https://www.thegioididong.com/dtdd/iphone-17e-256gb?utm_flashsale=1;Skipped
iPhone 17 512GB;Tím Oải Hương;Yes;31490000;30790000;2026-04-17;"Khuyến mãi trị giá 50.000₫
Giá và khuyến mãi có thể kết thúc sớm hơn dự kiến
1 Tặng phiếu mua hàng Phụ Kiện, Smartwatch, Đồng hồ thời trang từ 250,000đ (trừ Apple, Beats) trị giá 50,000đ
2 Phiếu mua hàng Apple Watch trị giá 500,000đ
3 Tặng phiếu mua hàng Macbook (trừ Macbook Air M5 và Macbook Neo) trị giá 1,000,000đ
4 Phiếu mua hàng Airpods trị giá 500.000đ
5 Tặng Phiếu mua hàng mua Smartwatch (trừ Apple, giá trên 5.000.000đ) trị giá 500.000đ
6 Tặng Phiếu mua hàng Máy lạnh (sản phẩm trên 10tr) trị giá 300.000đ
7 NHẬN HOÀN NGAY ĐẾN 800.000đ khi mở thẻ tín dụng VPBANK MWG (Xem chi tiết tại đây)";;https://www.thegioididong.com/dtdd/iphone-17;Skipped
iPhone 17 Pro Max 2TB;Bạc;Yes;63990000;63690000;2026-04-17;"Khuyến mãi trị giá 50.000₫
Giá và khuyến mãi có thể kết thúc sớm hơn dự kiến
1 Tặng phiếu mua hàng Phụ Kiện, Smartwatch, Đồng hồ thời trang từ 250,000đ (trừ Apple, Beats) trị giá 50,000đ
2 Phiếu mua hàng Apple Watch trị giá 500,000đ
3 Tặng phiếu mua hàng Macbook (trừ Macbook Air M5 và Macbook Neo) trị giá 1,000,000đ
4 Phiếu mua hàng Airpods trị giá 500.000đ
5 Tặng Phiếu mua hàng mua Smartwatch (trừ Apple, giá trên 5.000.000đ) trị giá 500.000đ
6 Tặng Phiếu mua hàng Máy lạnh (sản phẩm trên 10tr) trị giá 300.000đ
7 NHẬN HOÀN NGAY ĐẾN 800.000đ khi mở thẻ tín dụng VPBANK MWG (Xem chi tiết tại đây)";;https://www.thegioididong.com/dtdd/iphone-17-pro-max;Skipped
iPhone 17e 512GB;Hồng nhạt;Yes;24490000;23990000;2026-04-17;"Khuyến mãi trị giá 50.000₫
Giá và khuyến mãi có thể kết thúc sớm hơn dự kiến
1 Tặng phiếu mua hàng Phụ Kiện, Smartwatch, Đồng hồ thời trang từ 250,000đ (trừ Apple, Beats) trị giá 50,000đ
2 Phiếu mua hàng Apple Watch trị giá 500,000đ
3 Phiếu mua hàng Airpods trị giá 500.000đ
4 Tặng Phiếu mua hàng mua Smartwatch (trừ Apple, giá trên 5.000.000đ) trị giá 500.000đ
5 Tặng Phiếu mua hàng Máy lạnh (sản phẩm trên 10tr) trị giá 300.000đ
6 NHẬN HOÀN NGAY ĐẾN 800.000đ khi mở thẻ tín dụng VPBANK MWG (Xem chi tiết tại đây)";;https://www.thegioididong.com/dtdd/iphone-17e-256gb?utm_flashsale=1;Skipped
iPhone 17 512GB;Xanh Lam Khói;Yes;31490000;30790000;2026-04-17;"Khuyến mãi trị giá 50.000₫
Giá và khuyến mãi có thể kết thúc sớm hơn dự kiến
1 Tặng phiếu mua hàng Phụ Kiện, Smartwatch, Đồng hồ thời trang từ 250,000đ (trừ Apple, Beats) trị giá 50,000đ
2 Phiếu mua hàng Apple Watch trị giá 500,000đ
3 Tặng phiếu mua hàng Macbook (trừ Macbook Air M5 và Macbook Neo) trị giá 1,000,000đ
4 Phiếu mua hàng Airpods trị giá 500.000đ
5 Tặng Phiếu mua hàng mua Smartwatch (trừ Apple, giá trên 5.000.000đ) trị giá 500.000đ
6 Tặng Phiếu mua hàng Máy lạnh (sản phẩm trên 10tr) trị giá 300.000đ
7 NHẬN HOÀN NGAY ĐẾN 800.000đ khi mở thẻ tín dụng VPBANK MWG (Xem chi tiết tại đây)";;https://www.thegioididong.com/dtdd/iphone-17;Skipped
iPhone 17 512GB;Xanh Lá Xô Thơm;Yes;31490000;30790000;2026-04-17;"Khuyến mãi trị giá 50.000₫
Giá và khuyến mãi có thể kết thúc sớm hơn dự kiến
1 Tặng phiếu mua hàng Phụ Kiện, Smartwatch, Đồng hồ thời trang từ 250,000đ (trừ Apple, Beats) trị giá 50,000đ
2 Phiếu mua hàng Apple Watch trị giá 500,000đ
3 Tặng phiếu mua hàng Macbook (trừ Macbook Air M5 và Macbook Neo) trị giá 1,000,000đ
4 Phiếu mua hàng Airpods trị giá 500.000đ
5 Tặng Phiếu mua hàng mua Smartwatch (trừ Apple, giá trên 5.000.000đ) trị giá 500.000đ
6 Tặng Phiếu mua hàng Máy lạnh (sản phẩm trên 10tr) trị giá 300.000đ
7 NHẬN HOÀN NGAY ĐẾN 800.000đ khi mở thẻ tín dụng VPBANK MWG (Xem chi tiết tại đây)";;https://www.thegioididong.com/dtdd/iphone-17;Skipped
iPhone 17 Pro Max 2TB;Cam Vũ Trụ;Yes;63990000;63090000;2026-04-17;"Khuyến mãi trị giá 50.000₫
Giá và khuyến mãi có thể kết thúc sớm hơn dự kiến
1 Tặng phiếu mua hàng Phụ Kiện, Smartwatch, Đồng hồ thời trang từ 250,000đ (trừ Apple, Beats) trị giá 50,000đ
2 Phiếu mua hàng Apple Watch trị giá 500,000đ
3 Tặng phiếu mua hàng Macbook (trừ Macbook Air M5 và Macbook Neo) trị giá 1,000,000đ
4 Phiếu mua hàng Airpods trị giá 500.000đ
5 Tặng Phiếu mua hàng mua Smartwatch (trừ Apple, giá trên 5.000.000đ) trị giá 500.000đ
6 Tặng Phiếu mua hàng Máy lạnh (sản phẩm trên 10tr) trị giá 300.000đ
7 NHẬN HOÀN NGAY ĐẾN 800.000đ khi mở thẻ tín dụng VPBANK MWG (Xem chi tiết tại đây)";;https://www.thegioididong.com/dtdd/iphone-17-pro-max;Skipped
iPhone Air 512GB;Xanh da trời;Yes;190000;38490000;2026-04-17;"Khuyến mãi
Giá và khuyến mãi dự kiến áp dụng đến 23:59 | 30/04
1 Chọn 1 trong các khuyến mãi:
Giảm giá 9,500,000đ (đã giảm vào giá sản phẩm)
Tặng phiếu mua hàng Phụ Kiện, Smartwatch, đồng hồ thời trang (trừ Apple, Beats) trị giá 9,800,000đ
2 Phiếu mua hàng Apple Watch trị giá 500,000đ
3 Tặng phiếu mua hàng Macbook (trừ Macbook Air M5 và Macbook Neo) trị giá 1,000,000đ
4 Phiếu mua hàng Airpods trị giá 500.000đ
5 Tặng Phiếu mua hàng mua Smartwatch (trừ Apple, giá trên 5.000.000đ) trị giá 500.000đ
6 Tặng Phiếu mua hàng Máy lạnh (sản phẩm trên 10tr) trị giá 300.000đ
7 Thu cũ đổi mới: Giảm đến 2,000,000đ (Không kèm ưu đãi thanh toán qua cổng, mua kèm) Xem chi tiết
8 NHẬN HOÀN NGAY ĐẾN 800.000đ khi mở thẻ tín dụng VPBANK MWG (Xem chi tiết tại đây)";;https://www.thegioididong.com/dtdd/iphone-air?utm_flashsale=1;Skipped
iPhone 17e 512GB;Đen;Yes;24490000;23990000;2026-04-17;"Khuyến mãi trị giá 50.000₫
Giá và khuyến mãi có thể kết thúc sớm hơn dự kiến
1 Tặng phiếu mua hàng Phụ Kiện, Smartwatch, Đồng hồ thời trang từ 250,000đ (trừ Apple, Beats) trị giá 50,000đ
2 Phiếu mua hàng Apple Watch trị giá 500,000đ
3 Phiếu mua hàng Airpods trị giá 500.000đ
4 Tặng Phiếu mua hàng mua Smartwatch (trừ Apple, giá trên 5.000.000đ) trị giá 500.000đ
5 Tặng Phiếu mua hàng Máy lạnh (sản phẩm trên 10tr) trị giá 300.000đ
6 NHẬN HOÀN NGAY ĐẾN 800.000đ khi mở thẻ tín dụng VPBANK MWG (Xem chi tiết tại đây)";;https://www.thegioididong.com/dtdd/iphone-17e-256gb?utm_flashsale=1;Skipped
iPhone 17 512GB;Trắng;Yes;31490000;30790000;2026-04-17;"Khuyến mãi trị giá 50.000₫
Giá và khuyến mãi có thể kết thúc sớm hơn dự kiến
1 Tặng phiếu mua hàng Phụ Kiện, Smartwatch, Đồng hồ thời trang từ 250,000đ (trừ Apple, Beats) trị giá 50,000đ
2 Phiếu mua hàng Apple Watch trị giá 500,000đ
3 Tặng phiếu mua hàng Macbook (trừ Macbook Air M5 và Macbook Neo) trị giá 1,000,000đ
4 Phiếu mua hàng Airpods trị giá 500.000đ
5 Tặng Phiếu mua hàng mua Smartwatch (trừ Apple, giá trên 5.000.000đ) trị giá 500.000đ
6 Tặng Phiếu mua hàng Máy lạnh (sản phẩm trên 10tr) trị giá 300.000đ
7 NHẬN HOÀN NGAY ĐẾN 800.000đ khi mở thẻ tín dụng VPBANK MWG (Xem chi tiết tại đây)";;https://www.thegioididong.com/dtdd/iphone-17;Skipped
iPhone 17e 512GB;Trắng;Yes;24490000;23990000;2026-04-17;"Khuyến mãi trị giá 50.000₫
Giá và khuyến mãi có thể kết thúc sớm hơn dự kiến
1 Tặng phiếu mua hàng Phụ Kiện, Smartwatch, Đồng hồ thời trang từ 250,000đ (trừ Apple, Beats) trị giá 50,000đ
2 Phiếu mua hàng Apple Watch trị giá 500,000đ
3 Phiếu mua hàng Airpods trị giá 500.000đ
4 Tặng Phiếu mua hàng mua Smartwatch (trừ Apple, giá trên 5.000.000đ) trị giá 500.000đ
5 Tặng Phiếu mua hàng Máy lạnh (sản phẩm trên 10tr) trị giá 300.000đ
6 NHẬN HOÀN NGAY ĐẾN 800.000đ khi mở thẻ tín dụng VPBANK MWG (Xem chi tiết tại đây)";;https://www.thegioididong.com/dtdd/iphone-17e-256gb?utm_flashsale=1;Skipped
iPhone 17 512GB;Đen;Yes;31490000;30990000;2026-04-17;"Khuyến mãi trị giá 50.000₫
Giá và khuyến mãi có thể kết thúc sớm hơn dự kiến
1 Tặng phiếu mua hàng Phụ Kiện, Smartwatch, Đồng hồ thời trang từ 250,000đ (trừ Apple, Beats) trị giá 50,000đ
2 Phiếu mua hàng Apple Watch trị giá 500,000đ
3 Tặng phiếu mua hàng Macbook (trừ Macbook Air M5 và Macbook Neo) trị giá 1,000,000đ
4 Phiếu mua hàng Airpods trị giá 500.000đ
5 Tặng Phiếu mua hàng mua Smartwatch (trừ Apple, giá trên 5.000.000đ) trị giá 500.000đ
6 Tặng Phiếu mua hàng Máy lạnh (sản phẩm trên 10tr) trị giá 300.000đ
7 NHẬN HOÀN NGAY ĐẾN 800.000đ khi mở thẻ tín dụng VPBANK MWG (Xem chi tiết tại đây)";;https://www.thegioididong.com/dtdd/iphone-17;Skipped
MacBook Air 13 inch M4 16GB/256GB;Xanh đen;Yes;26490000;26090000;2026-04-17;"Khuyến mãi trị giá 500.000₫
Giá và khuyến mãi dự kiến áp dụng đến 23:59 | 30/04
1 Chọn 1 trong các khuyến mãi:
Giảm giá 500,000đ (đã giảm vào giá sản phẩm)
Tặng Microsoft 365 Personal
2 Phiếu mua hàng Chuột, Bàn phím (Apple) trị giá 500,000đ
3 Tặng Phiếu mua hàng trị giá 300.000đ Áp dụng mua Máy in
4 Tặng Phiếu mua hàng Màn hình máy tính trị giá 300.000đ
5 Tặng Phiếu mua hàng Đồng hồ Định vị trẻ em trị giá 100.000đ
6 Tặng Phiếu mua hàng Máy lạnh (sản phẩm trên 10tr) trị giá 300.000đ
7 Thu cũ đổi mới: Giảm thêm 300,000đ (Không kèm ưu đãi thanh toán qua cổng, mua kèm) (click xem chi tiết).
8 NHẬN HOÀN NGAY ĐẾN 800.000đ khi mở thẻ tín dụng VPBANK MWG (Xem chi tiết tại đây)";;https://www.thegioididong.com/laptop/macbook-air-13-inch-m4-16gb-256gb;Skipped
iPhone Air 512GB;Đen Không Gian;Yes;190000;38490000;2026-04-17;"Khuyến mãi
Giá và khuyến mãi dự kiến áp dụng đến 23:59 | 30/04
1 Chọn 1 trong các khuyến mãi:
Giảm giá 9,500,000đ (đã giảm vào giá sản phẩm)
Tặng phiếu mua hàng Phụ Kiện, Smartwatch, đồng hồ thời trang (trừ Apple, Beats) trị giá 9,800,000đ
2 Phiếu mua hàng Apple Watch trị giá 500,000đ
3 Tặng phiếu mua hàng Macbook (trừ Macbook Air M5 và Macbook Neo) trị giá 1,000,000đ
4 Phiếu mua hàng Airpods trị giá 500.000đ
5 Tặng Phiếu mua hàng mua Smartwatch (trừ Apple, giá trên 5.000.000đ) trị giá 500.000đ
6 Tặng Phiếu mua hàng Máy lạnh (sản phẩm trên 10tr) trị giá 300.000đ
7 Thu cũ đổi mới: Giảm đến 2,000,000đ (Không kèm ưu đãi thanh toán qua cổng, mua kèm) Xem chi tiết
8 NHẬN HOÀN NGAY ĐẾN 800.000đ khi mở thẻ tín dụng VPBANK MWG (Xem chi tiết tại đây)";;https://www.thegioididong.com/dtdd/iphone-air?utm_flashsale=1;Skipped
iPhone 17e 512GB;Hồng nhạt;Yes;24490000;23990000;2026-04-17;"Khuyến mãi trị giá 50.000₫
Giá và khuyến mãi có thể kết thúc sớm hơn dự kiến
1 Tặng phiếu mua hàng Phụ Kiện, Smartwatch, Đồng hồ thời trang từ 250,000đ (trừ Apple, Beats) trị giá 50,000đ
2 Phiếu mua hàng Apple Watch trị giá 500,000đ
3 Phiếu mua hàng Airpods trị giá 500.000đ
4 Tặng Phiếu mua hàng mua Smartwatch (trừ Apple, giá trên 5.000.000đ) trị giá 500.000đ
5 Tặng Phiếu mua hàng Máy lạnh (sản phẩm trên 10tr) trị giá 300.000đ
6 NHẬN HOÀN NGAY ĐẾN 800.000đ khi mở thẻ tín dụng VPBANK MWG (Xem chi tiết tại đây)";;https://www.thegioididong.com/dtdd/iphone-17e-256gb?utm_flashsale=1;Skipped
MacBook Air 13 inch M4 16GB/256GB Sạc 70W;Xanh da trời nhạt;Yes;27090000;26390000;2026-04-17;"Khuyến mãi trị giá 500.000₫
Giá và khuyến mãi dự kiến áp dụng đến 23:59 | 30/04
1 Chọn 1 trong các khuyến mãi:
Giảm giá 500,000đ (đã giảm vào giá sản phẩm)
Tặng Microsoft 365 Personal
2 Phiếu mua hàng Chuột, Bàn phím (Apple) trị giá 500,000đ
3 Tặng Phiếu mua hàng trị giá 300.000đ Áp dụng mua Máy in
4 Tặng Phiếu mua hàng Màn hình máy tính trị giá 300.000đ
5 Tặng Phiếu mua hàng Đồng hồ Định vị trẻ em trị giá 100.000đ
6 Tặng Phiếu mua hàng Máy lạnh (sản phẩm trên 10tr) trị giá 300.000đ
7 Thu cũ đổi mới: Giảm thêm 300,000đ (Không kèm ưu đãi thanh toán qua cổng, mua kèm) (click xem chi tiết).
8 NHẬN HOÀN NGAY ĐẾN 800.000đ khi mở thẻ tín dụng VPBANK MWG (Xem chi tiết tại đây)";;https://www.thegioididong.com/laptop/macbook-air-13-inch-m4-16gb-256gb-sac-70w;Skipped
MacBook Air 13 inch M4 24GB/512GB;Default/Unknown;Yes;36290000;34490000;2026-04-17;"Khuyến mãi trị giá 500.000₫
Giá và khuyến mãi có thể kết thúc sớm hơn dự kiến
1 Chọn 1 trong các khuyến mãi:
Giảm giá 500,000đ (đã giảm vào giá sản phẩm)
Tặng Microsoft 365 Personal
2 Phiếu mua hàng Chuột, Bàn phím (Apple) trị giá 500,000đ
3 Tặng Phiếu mua hàng trị giá 300.000đ Áp dụng mua Máy in
4 Tặng Phiếu mua hàng Màn hình máy tính trị giá 300.000đ
5 Tặng Phiếu mua hàng Đồng hồ Định vị trẻ em trị giá 100.000đ
6 Tặng Phiếu mua hàng Máy lạnh (sản phẩm trên 10tr) trị giá 300.000đ
7 NHẬN HOÀN NGAY ĐẾN 800.000đ khi mở thẻ tín dụng VPBANK MWG (Xem chi tiết tại đây)";;https://www.thegioididong.com/laptop/macbook-air-13-inch-m4-24gb-512gb?utm_flashsale=1;Skipped
iPhone Air 512GB;Vàng Nhạt;No;190000;38490000;2026-04-17;"Khuyến mãi
Giá và khuyến mãi dự kiến áp dụng đến 23:59 | 30/04
1 Chọn 1 trong các khuyến mãi:
Giảm giá 9,500,000đ
Tặng phiếu mua hàng Phụ Kiện, Smartwatch, đồng hồ thời trang (trừ Apple, Beats) trị giá 9,800,000đ
2 Phiếu mua hàng Apple Watch trị giá 500,000đ
3 Tặng phiếu mua hàng Macbook (trừ Macbook Air M5 và Macbook Neo) trị giá 1,000,000đ
4 Phiếu mua hàng Airpods trị giá 500.000đ
5 Tặng Phiếu mua hàng mua Smartwatch (trừ Apple, giá trên 5.000.000đ) trị giá 500.000đ
6 Tặng Phiếu mua hàng Máy lạnh (sản phẩm trên 10tr) trị giá 300.000đ
7 Thu cũ đổi mới: Giảm đến 2,000,000đ (Không kèm ưu đãi thanh toán qua cổng, mua kèm) Xem chi tiết
8 NHẬN HOÀN NGAY ĐẾN 800.000đ khi mở thẻ tín dụng VPBANK MWG (Xem chi tiết tại đây)";;https://www.thegioididong.com/dtdd/iphone-air?utm_flashsale=1;DEBUG_OOS_iPhone Air 512GB_Vàng Nhạt_074601.png
MacBook Air 13 inch M4 16GB/256GB Sạc 70W;Xanh đen;Yes;27090000;26390000;2026-04-17;"Khuyến mãi trị giá 500.000₫
Giá và khuyến mãi dự kiến áp dụng đến 23:59 | 30/04
1 Chọn 1 trong các khuyến mãi:
Giảm giá 500,000đ (đã giảm vào giá sản phẩm)
Tặng Microsoft 365 Personal
2 Phiếu mua hàng Chuột, Bàn phím (Apple) trị giá 500,000đ
3 Tặng Phiếu mua hàng trị giá 300.000đ Áp dụng mua Máy in
4 Tặng Phiếu mua hàng Màn hình máy tính trị giá 300.000đ
5 Tặng Phiếu mua hàng Đồng hồ Định vị trẻ em trị giá 100.000đ
6 Tặng Phiếu mua hàng Máy lạnh (sản phẩm trên 10tr) trị giá 300.000đ
7 Thu cũ đổi mới: Giảm thêm 300,000đ (Không kèm ưu đãi thanh toán qua cổng, mua kèm) (click xem chi tiết).
8 NHẬN HOÀN NGAY ĐẾN 800.000đ khi mở thẻ tín dụng VPBANK MWG (Xem chi tiết tại đây)";;https://www.thegioididong.com/laptop/macbook-air-13-inch-m4-16gb-256gb-sac-70w;Skipped
MacBook Air 13 inch M4 16GB/256GB;Xanh da trời nhạt;Yes;26490000;26090000;2026-04-17;"Khuyến mãi trị giá 500.000₫
Giá và khuyến mãi dự kiến áp dụng đến 23:59 | 30/04
1 Chọn 1 trong các khuyến mãi:
Giảm giá 500,000đ (đã giảm vào giá sản phẩm)
Tặng Microsoft 365 Personal
2 Phiếu mua hàng Chuột, Bàn phím (Apple) trị giá 500,000đ
3 Tặng Phiếu mua hàng trị giá 300.000đ Áp dụng mua Máy in
4 Tặng Phiếu mua hàng Màn hình máy tính trị giá 300.000đ
5 Tặng Phiếu mua hàng Đồng hồ Định vị trẻ em trị giá 100.000đ
6 Tặng Phiếu mua hàng Máy lạnh (sản phẩm trên 10tr) trị giá 300.000đ
7 Thu cũ đổi mới: Giảm thêm 300,000đ (Không kèm ưu đãi thanh toán qua cổng, mua kèm) (click xem chi tiết).
8 NHẬN HOÀN NGAY ĐẾN 800.000đ khi mở thẻ tín dụng VPBANK MWG (Xem chi tiết tại đây)";;https://www.thegioididong.com/laptop/macbook-air-13-inch-m4-16gb-256gb;Skipped
iPhone Air 512GB;Trắng Mây;No;190000;38490000;2026-04-17;"Khuyến mãi
Giá và khuyến mãi dự kiến áp dụng đến 23:59 | 30/04
1 Chọn 1 trong các khuyến mãi:
Giảm giá 9,500,000đ
Tặng phiếu mua hàng Phụ Kiện, Smartwatch, đồng hồ thời trang (trừ Apple, Beats) trị giá 9,800,000đ
2 Phiếu mua hàng Apple Watch trị giá 500,000đ
3 Tặng phiếu mua hàng Macbook (trừ Macbook Air M5 và Macbook Neo) trị giá 1,000,000đ
4 Phiếu mua hàng Airpods trị giá 500.000đ
5 Tặng Phiếu mua hàng mua Smartwatch (trừ Apple, giá trên 5.000.000đ) trị giá 500.000đ
6 Tặng Phiếu mua hàng Máy lạnh (sản phẩm trên 10tr) trị giá 300.000đ
7 Thu cũ đổi mới: Giảm đến 2,000,000đ (Không kèm ưu đãi thanh toán qua cổng, mua kèm) Xem chi tiết
8 NHẬN HOÀN NGAY ĐẾN 800.000đ khi mở thẻ tín dụng VPBANK MWG (Xem chi tiết tại đây)";;https://www.thegioididong.com/dtdd/iphone-air?utm_flashsale=1;DEBUG_OOS_iPhone Air 512GB_Trắng Mây_074606.png
MacBook Air 13 inch M4 16GB/256GB;Bạc;No;26490000;26090000;2026-04-17;"Khuyến mãi trị giá 500.000₫
Giá và khuyến mãi dự kiến áp dụng đến 23:59 | 30/04
1 Chọn 1 trong các khuyến mãi:
Giảm giá 500,000đ
Tặng Microsoft 365 Personal
2 Phiếu mua hàng Chuột, Bàn phím (Apple) trị giá 500,000đ
3 Tặng Phiếu mua hàng trị giá 300.000đ Áp dụng mua Máy in
4 Tặng Phiếu mua hàng Màn hình máy tính trị giá 300.000đ
5 Tặng Phiếu mua hàng Đồng hồ Định vị trẻ em trị giá 100.000đ
6 Tặng Phiếu mua hàng Máy lạnh (sản phẩm trên 10tr) trị giá 300.000đ
7 Thu cũ đổi mới: Giảm thêm 300,000đ (Không kèm ưu đãi thanh toán qua cổng, mua kèm) (click xem chi tiết).
8 NHẬN HOÀN NGAY ĐẾN 800.000đ khi mở thẻ tín dụng VPBANK MWG (Xem chi tiết tại đây)";;https://www.thegioididong.com/laptop/macbook-air-13-inch-m4-16gb-256gb;DEBUG_OOS_MacBook Air 13 inch M4 16GB/256GB_Bạc_074608.png
MacBook Air 13 inch M4 16GB/256GB Sạc 70W;Vàng;No;27090000;26390000;2026-04-17;"Khuyến mãi trị giá 500.000₫
Giá và khuyến mãi dự kiến áp dụng đến 23:59 | 30/04
1 Chọn 1 trong các khuyến mãi:
Giảm giá 500,000đ
Tặng Microsoft 365 Personal
2 Phiếu mua hàng Chuột, Bàn phím (Apple) trị giá 500,000đ
3 Tặng Phiếu mua hàng trị giá 300.000đ Áp dụng mua Máy in
4 Tặng Phiếu mua hàng Màn hình máy tính trị giá 300.000đ
5 Tặng Phiếu mua hàng Đồng hồ Định vị trẻ em trị giá 100.000đ
6 Tặng Phiếu mua hàng Máy lạnh (sản phẩm trên 10tr) trị giá 300.000đ
7 Thu cũ đổi mới: Giảm thêm 300,000đ (Không kèm ưu đãi thanh toán qua cổng, mua kèm) (click xem chi tiết).
8 NHẬN HOÀN NGAY ĐẾN 800.000đ khi mở thẻ tín dụng VPBANK MWG (Xem chi tiết tại đây)";;https://www.thegioididong.com/laptop/macbook-air-13-inch-m4-16gb-256gb-sac-70w;DEBUG_OOS_MacBook Air 13 inch M4 16GB/256GB Sạc 70W_Vàng_074608.png
MacBook Air 13 inch M5 16GB/512GB;Xanh da trời nhạt;Yes;1590000;29990000;2026-04-17;"Khuyến mãi trị giá 500.000₫
Giá và khuyến mãi dự kiến áp dụng đến 23:59 | 30/04
1 Chọn 1 trong các khuyến mãi:
Giảm giá 500,000đ (đã giảm vào giá sản phẩm)
Tặng Microsoft 365 Personal
2 Phiếu mua hàng Chuột, Bàn phím (Apple) trị giá 500,000đ
3 Tặng Phiếu mua hàng trị giá 300.000đ Áp dụng mua Máy in
4 Tặng Phiếu mua hàng Màn hình máy tính trị giá 300.000đ
5 Tặng Phiếu mua hàng Đồng hồ Định vị trẻ em trị giá 100.000đ
6 Tặng Phiếu mua hàng Máy lạnh (sản phẩm trên 10tr) trị giá 300.000đ
7 Thu cũ đổi mới: Giảm thêm 300,000đ (Không kèm ưu đãi thanh toán qua cổng, mua kèm) (click xem chi tiết).
8 NHẬN HOÀN NGAY ĐẾN 800.000đ khi mở thẻ tín dụng VPBANK MWG (Xem chi tiết tại đây)";;https://www.thegioididong.com/laptop/macbook-air-13-inch-m5-16gb-512gb;Skipped
MacBook Air 13 inch M5 16GB/1TB;Xanh da trời nhạt;Yes;0;35490000;2026-04-17;"Khuyến mãi trị giá 500.000₫
Giá và khuyến mãi dự kiến áp dụng đến 23:59 | 30/04
1 Chọn 1 trong các khuyến mãi:
Giảm giá 500,000đ (đã giảm vào giá sản phẩm)
Tặng Microsoft 365 Personal
2 Phiếu mua hàng Chuột, Bàn phím (Apple) trị giá 500,000đ
3 Tặng Phiếu mua hàng trị giá 300.000đ Áp dụng mua Máy in
4 Tặng Phiếu mua hàng Màn hình máy tính trị giá 300.000đ
5 Tặng Phiếu mua hàng Đồng hồ Định vị trẻ em trị giá 100.000đ
6 Tặng Phiếu mua hàng Máy lạnh (sản phẩm trên 10tr) trị giá 300.000đ
7 Thu cũ đổi mới: Giảm thêm 300,000đ (Không kèm ưu đãi thanh toán qua cổng, mua kèm) (click xem chi tiết).
8 NHẬN HOÀN NGAY ĐẾN 800.000đ khi mở thẻ tín dụng VPBANK MWG (Xem chi tiết tại đây)";;https://www.thegioididong.com/laptop/macbook-air-13-inch-m5-16gb-1tb;Skipped
MacBook Air 13 inch M4 16GB/256GB Sạc 70W;Bạc;Yes;1600000;1600000;2026-04-17;"Khuyến mãi trị giá 500.000₫
Giá và khuyến mãi dự kiến áp dụng đến 23:59 | 30/04
1 Chọn 1 trong các khuyến mãi:
Giảm giá 500,000đ (đã giảm vào giá sản phẩm)
Tặng Microsoft 365 Personal
2 Phiếu mua hàng Chuột, Bàn phím (Apple) trị giá 500,000đ
3 Tặng Phiếu mua hàng trị giá 300.000đ Áp dụng mua Máy in
4 Tặng Phiếu mua hàng Màn hình máy tính trị giá 300.000đ
5 Tặng Phiếu mua hàng Đồng hồ Định vị trẻ em trị giá 100.000đ";;https://www.thegioididong.com/laptop/macbook-air-13-inch-m4-16gb-256gb-sac-70w;Skipped
iPhone Air 1TB;Xanh da trời;Yes;44990000;34990000;2026-04-17;"Khuyến mãi
Giá và khuyến mãi dự kiến áp dụng đến 23:59 | 30/04
1 Phiếu mua hàng Apple Watch trị giá 500,000đ
2 Tặng phiếu mua hàng Macbook (trừ Macbook Air M5 và Macbook Neo) trị giá 1,000,000đ
3 Phiếu mua hàng Airpods trị giá 500.000đ
4 Tặng Phiếu mua hàng mua Smartwatch (trừ Apple, giá trên 5.000.000đ) trị giá 500.000đ
5 Tặng Phiếu mua hàng Máy lạnh (sản phẩm trên 10tr) trị giá 300.000đ
6 Thu cũ đổi mới: Giảm đến 2,000,000đ (Không kèm ưu đãi thanh toán qua cổng, mua kèm) Xem chi tiết
7 NHẬN HOÀN NGAY ĐẾN 800.000đ khi mở thẻ tín dụng VPBANK MWG (Xem chi tiết tại đây)";;https://www.thegioididong.com/dtdd/iphone-air?utm_flashsale=1;Skipped
MacBook Air 13 inch M5 16GB/512GB;Xanh đen;Yes;1590000;29990000;2026-04-17;"Khuyến mãi trị giá 500.000₫
Giá và khuyến mãi dự kiến áp dụng đến 23:59 | 30/04
1 Chọn 1 trong các khuyến mãi:
Giảm giá 500,000đ (đã giảm vào giá sản phẩm)
Tặng Microsoft 365 Personal
2 Phiếu mua hàng Chuột, Bàn phím (Apple) trị giá 500,000đ
3 Tặng Phiếu mua hàng trị giá 300.000đ Áp dụng mua Máy in
4 Tặng Phiếu mua hàng Màn hình máy tính trị giá 300.000đ
5 Tặng Phiếu mua hàng Đồng hồ Định vị trẻ em trị giá 100.000đ
6 Tặng Phiếu mua hàng Máy lạnh (sản phẩm trên 10tr) trị giá 300.000đ
7 Thu cũ đổi mới: Giảm thêm 300,000đ (Không kèm ưu đãi thanh toán qua cổng, mua kèm) (click xem chi tiết).
8 NHẬN HOÀN NGAY ĐẾN 800.000đ khi mở thẻ tín dụng VPBANK MWG (Xem chi tiết tại đây)";;https://www.thegioididong.com/laptop/macbook-air-13-inch-m5-16gb-512gb;Skipped
MacBook Air 13 inch M4 16GB/256GB;Vàng;Yes;26490000;26090000;2026-04-17;"Khuyến mãi trị giá 500.000₫
Giá và khuyến mãi dự kiến áp dụng đến 23:59 | 30/04
1 Chọn 1 trong các khuyến mãi:
Giảm giá 500,000đ (đã giảm vào giá sản phẩm)
Tặng Microsoft 365 Personal
2 Phiếu mua hàng Chuột, Bàn phím (Apple) trị giá 500,000đ
3 Tặng Phiếu mua hàng trị giá 300.000đ Áp dụng mua Máy in
4 Tặng Phiếu mua hàng Màn hình máy tính trị giá 300.000đ
5 Tặng Phiếu mua hàng Đồng hồ Định vị trẻ em trị giá 100.000đ
6 Tặng Phiếu mua hàng Máy lạnh (sản phẩm trên 10tr) trị giá 300.000đ
7 Thu cũ đổi mới: Giảm thêm 300,000đ (Không kèm ưu đãi thanh toán qua cổng, mua kèm) (click xem chi tiết).
8 NHẬN HOÀN NGAY ĐẾN 800.000đ khi mở thẻ tín dụng VPBANK MWG (Xem chi tiết tại đây)";;https://www.thegioididong.com/laptop/macbook-air-13-inch-m4-16gb-256gb;Skipped
MacBook Air 13 inch M5 16GB/1TB;Vàng;Yes;0;35490000;2026-04-17;"Khuyến mãi trị giá 500.000₫
Giá và khuyến mãi dự kiến áp dụng đến 23:59 | 30/04
1 Chọn 1 trong các khuyến mãi:
Giảm giá 500,000đ (đã giảm vào giá sản phẩm)
Tặng Microsoft 365 Personal
2 Phiếu mua hàng Chuột, Bàn phím (Apple) trị giá 500,000đ
3 Tặng Phiếu mua hàng trị giá 300.000đ Áp dụng mua Máy in
4 Tặng Phiếu mua hàng Màn hình máy tính trị giá 300.000đ
5 Tặng Phiếu mua hàng Đồng hồ Định vị trẻ em trị giá 100.000đ
6 Tặng Phiếu mua hàng Máy lạnh (sản phẩm trên 10tr) trị giá 300.000đ
7 Thu cũ đổi mới: Giảm thêm 300,000đ (Không kèm ưu đãi thanh toán qua cổng, mua kèm) (click xem chi tiết).
8 NHẬN HOÀN NGAY ĐẾN 800.000đ khi mở thẻ tín dụng VPBANK MWG (Xem chi tiết tại đây)";;https://www.thegioididong.com/laptop/macbook-air-13-inch-m5-16gb-1tb;Skipped
iPhone Air 1TB;Trắng Mây;No;44990000;34990000;2026-04-17;"Khuyến mãi
Giá và khuyến mãi dự kiến áp dụng đến 23:59 | 30/04
1 Phiếu mua hàng Apple Watch trị giá 500,000đ
2 Tặng phiếu mua hàng Macbook (trừ Macbook Air M5 và Macbook Neo) trị giá 1,000,000đ
3 Phiếu mua hàng Airpods trị giá 500.000đ
4 Tặng Phiếu mua hàng mua Smartwatch (trừ Apple, giá trên 5.000.000đ) trị giá 500.000đ
5 Tặng Phiếu mua hàng Máy lạnh (sản phẩm trên 10tr) trị giá 300.000đ
6 Thu cũ đổi mới: Giảm đến 2,000,000đ (Không kèm ưu đãi thanh toán qua cổng, mua kèm) Xem chi tiết
7 NHẬN HOÀN NGAY ĐẾN 800.000đ khi mở thẻ tín dụng VPBANK MWG (Xem chi tiết tại đây)";;https://www.thegioididong.com/dtdd/iphone-air?utm_flashsale=1;DEBUG_OOS_iPhone Air 1TB_Trắng Mây_074619.png
MacBook Air 13 inch M4 16GB/256GB Sạc 70W;Xanh da trời nhạt;Yes;27090000;26390000;2026-04-17;"Khuyến mãi trị giá 500.000₫
Giá và khuyến mãi dự kiến áp dụng đến 23:59 | 30/04
1 Chọn 1 trong các khuyến mãi:
Giảm giá 500,000đ (đã giảm vào giá sản phẩm)
Tặng Microsoft 365 Personal
2 Phiếu mua hàng Chuột, Bàn phím (Apple) trị giá 500,000đ
3 Tặng Phiếu mua hàng trị giá 300.000đ Áp dụng mua Máy in
4 Tặng Phiếu mua hàng Màn hình máy tính trị giá 300.000đ
5 Tặng Phiếu mua hàng Đồng hồ Định vị trẻ em trị giá 100.000đ
6 Tặng Phiếu mua hàng Máy lạnh (sản phẩm trên 10tr) trị giá 300.000đ
7 Thu cũ đổi mới: Giảm thêm 300,000đ (Không kèm ưu đãi thanh toán qua cổng, mua kèm) (click xem chi tiết).
8 NHẬN HOÀN NGAY ĐẾN 800.000đ khi mở thẻ tín dụng VPBANK MWG (Xem chi tiết tại đây)";;https://www.thegioididong.com/laptop/macbook-air-13-inch-m4-16gb-256gb-sac-70w;Skipped
MacBook Air 13 inch M5 16GB/512GB;Vàng;Yes;1590000;29990000;2026-04-17;"Khuyến mãi trị giá 500.000₫
Giá và khuyến mãi dự kiến áp dụng đến 23:59 | 30/04
1 Chọn 1 trong các khuyến mãi:
Giảm giá 500,000đ (đã giảm vào giá sản phẩm)
Tặng Microsoft 365 Personal
2 Phiếu mua hàng Chuột, Bàn phím (Apple) trị giá 500,000đ
3 Tặng Phiếu mua hàng trị giá 300.000đ Áp dụng mua Máy in
4 Tặng Phiếu mua hàng Màn hình máy tính trị giá 300.000đ
5 Tặng Phiếu mua hàng Đồng hồ Định vị trẻ em trị giá 100.000đ
6 Tặng Phiếu mua hàng Máy lạnh (sản phẩm trên 10tr) trị giá 300.000đ
7 Thu cũ đổi mới: Giảm thêm 300,000đ (Không kèm ưu đãi thanh toán qua cổng, mua kèm) (click xem chi tiết).
8 NHẬN HOÀN NGAY ĐẾN 800.000đ khi mở thẻ tín dụng VPBANK MWG (Xem chi tiết tại đây)";;https://www.thegioididong.com/laptop/macbook-air-13-inch-m5-16gb-512gb;Skipped
MacBook Air 13 inch M5 16GB/1TB;Bạc;Yes;0;35490000;2026-04-17;"Khuyến mãi trị giá 500.000₫
Giá và khuyến mãi dự kiến áp dụng đến 23:59 | 30/04
1 Chọn 1 trong các khuyến mãi:
Giảm giá 500,000đ (đã giảm vào giá sản phẩm)
Tặng Microsoft 365 Personal
2 Phiếu mua hàng Chuột, Bàn phím (Apple) trị giá 500,000đ
3 Tặng Phiếu mua hàng trị giá 300.000đ Áp dụng mua Máy in
4 Tặng Phiếu mua hàng Màn hình máy tính trị giá 300.000đ
5 Tặng Phiếu mua hàng Đồng hồ Định vị trẻ em trị giá 100.000đ
6 Tặng Phiếu mua hàng Máy lạnh (sản phẩm trên 10tr) trị giá 300.000đ
7 Thu cũ đổi mới: Giảm thêm 300,000đ (Không kèm ưu đãi thanh toán qua cổng, mua kèm) (click xem chi tiết).
8 NHẬN HOÀN NGAY ĐẾN 800.000đ khi mở thẻ tín dụng VPBANK MWG (Xem chi tiết tại đây)";;https://www.thegioididong.com/laptop/macbook-air-13-inch-m5-16gb-1tb;Skipped
MacBook Air 13 inch M4 16GB/256GB;Xanh đen;Yes;26490000;26090000;2026-04-17;"Khuyến mãi trị giá 500.000₫
Giá và khuyến mãi dự kiến áp dụng đến 23:59 | 30/04
1 Chọn 1 trong các khuyến mãi:
Giảm giá 500,000đ (đã giảm vào giá sản phẩm)
Tặng Microsoft 365 Personal
2 Phiếu mua hàng Chuột, Bàn phím (Apple) trị giá 500,000đ
3 Tặng Phiếu mua hàng trị giá 300.000đ Áp dụng mua Máy in
4 Tặng Phiếu mua hàng Màn hình máy tính trị giá 300.000đ
5 Tặng Phiếu mua hàng Đồng hồ Định vị trẻ em trị giá 100.000đ
6 Tặng Phiếu mua hàng Máy lạnh (sản phẩm trên 10tr) trị giá 300.000đ
7 Thu cũ đổi mới: Giảm thêm 300,000đ (Không kèm ưu đãi thanh toán qua cổng, mua kèm) (click xem chi tiết).
8 NHẬN HOÀN NGAY ĐẾN 800.000đ khi mở thẻ tín dụng VPBANK MWG (Xem chi tiết tại đây)";;https://www.thegioididong.com/laptop/macbook-air-13-inch-m4-16gb-256gb;Skipped
iPhone Air 1TB;Đen Không Gian;No;44990000;34990000;2026-04-17;"Khuyến mãi
Giá và khuyến mãi dự kiến áp dụng đến 23:59 | 30/04
1 Phiếu mua hàng Apple Watch trị giá 500,000đ
2 Tặng phiếu mua hàng Macbook (trừ Macbook Air M5 và Macbook Neo) trị giá 1,000,000đ
3 Phiếu mua hàng Airpods trị giá 500.000đ
4 Tặng Phiếu mua hàng mua Smartwatch (trừ Apple, giá trên 5.000.000đ) trị giá 500.000đ
5 Tặng Phiếu mua hàng Máy lạnh (sản phẩm trên 10tr) trị giá 300.000đ
6 Thu cũ đổi mới: Giảm đến 2,000,000đ (Không kèm ưu đãi thanh toán qua cổng, mua kèm) Xem chi tiết
7 NHẬN HOÀN NGAY ĐẾN 800.000đ khi mở thẻ tín dụng VPBANK MWG (Xem chi tiết tại đây)";;https://www.thegioididong.com/dtdd/iphone-air?utm_flashsale=1;DEBUG_OOS_iPhone Air 1TB_Đen Không Gian_074624.png
MacBook Air 13 inch M4 16GB/256GB Sạc 70W;Xanh đen;Yes;27090000;26390000;2026-04-17;"Khuyến mãi trị giá 500.000₫
Giá và khuyến mãi dự kiến áp dụng đến 23:59 | 30/04
1 Chọn 1 trong các khuyến mãi:
Giảm giá 500,000đ (đã giảm vào giá sản phẩm)
Tặng Microsoft 365 Personal
2 Phiếu mua hàng Chuột, Bàn phím (Apple) trị giá 500,000đ
3 Tặng Phiếu mua hàng trị giá 300.000đ Áp dụng mua Máy in
4 Tặng Phiếu mua hàng Màn hình máy tính trị giá 300.000đ
5 Tặng Phiếu mua hàng Đồng hồ Định vị trẻ em trị giá 100.000đ
6 Tặng Phiếu mua hàng Máy lạnh (sản phẩm trên 10tr) trị giá 300.000đ
7 Thu cũ đổi mới: Giảm thêm 300,000đ (Không kèm ưu đãi thanh toán qua cổng, mua kèm) (click xem chi tiết).
8 NHẬN HOÀN NGAY ĐẾN 800.000đ khi mở thẻ tín dụng VPBANK MWG (Xem chi tiết tại đây)";;https://www.thegioididong.com/laptop/macbook-air-13-inch-m4-16gb-256gb-sac-70w;Skipped
iPhone Air 1TB;Vàng Nhạt;Yes;44990000;34990000;2026-04-17;"Khuyến mãi
Giá và khuyến mãi dự kiến áp dụng đến 23:59 | 30/04
1 Phiếu mua hàng Apple Watch trị giá 500,000đ
2 Tặng phiếu mua hàng Macbook (trừ Macbook Air M5 và Macbook Neo) trị giá 1,000,000đ
3 Phiếu mua hàng Airpods trị giá 500.000đ
4 Tặng Phiếu mua hàng mua Smartwatch (trừ Apple, giá trên 5.000.000đ) trị giá 500.000đ
5 Tặng Phiếu mua hàng Máy lạnh (sản phẩm trên 10tr) trị giá 300.000đ
6 Thu cũ đổi mới: Giảm đến 2,000,000đ (Không kèm ưu đãi thanh toán qua cổng, mua kèm) Xem chi tiết
7 NHẬN HOÀN NGAY ĐẾN 800.000đ khi mở thẻ tín dụng VPBANK MWG (Xem chi tiết tại đây)";;https://www.thegioididong.com/dtdd/iphone-air?utm_flashsale=1;Skipped
MacBook Air 13 inch M4 16GB/256GB;Xanh da trời nhạt;Yes;26490000;26090000;2026-04-17;"Khuyến mãi trị giá 500.000₫
Giá và khuyến mãi dự kiến áp dụng đến 23:59 | 30/04
1 Chọn 1 trong các khuyến mãi:
Giảm giá 500,000đ (đã giảm vào giá sản phẩm)
Tặng Microsoft 365 Personal
2 Phiếu mua hàng Chuột, Bàn phím (Apple) trị giá 500,000đ
3 Tặng Phiếu mua hàng trị giá 300.000đ Áp dụng mua Máy in
4 Tặng Phiếu mua hàng Màn hình máy tính trị giá 300.000đ
5 Tặng Phiếu mua hàng Đồng hồ Định vị trẻ em trị giá 100.000đ
6 Tặng Phiếu mua hàng Máy lạnh (sản phẩm trên 10tr) trị giá 300.000đ
7 Thu cũ đổi mới: Giảm thêm 300,000đ (Không kèm ưu đãi thanh toán qua cổng, mua kèm) (click xem chi tiết).
8 NHẬN HOÀN NGAY ĐẾN 800.000đ khi mở thẻ tín dụng VPBANK MWG (Xem chi tiết tại đây)";;https://www.thegioididong.com/laptop/macbook-air-13-inch-m4-16gb-256gb;Skipped
MacBook Air 13 inch M5 16GB/512GB;Bạc;Yes;1590000;29990000;2026-04-17;"Khuyến mãi trị giá 500.000₫
Giá và khuyến mãi dự kiến áp dụng đến 23:59 | 30/04
1 Chọn 1 trong các khuyến mãi:
Giảm giá 500,000đ (đã giảm vào giá sản phẩm)
Tặng Microsoft 365 Personal
2 Phiếu mua hàng Chuột, Bàn phím (Apple) trị giá 500,000đ
3 Tặng Phiếu mua hàng trị giá 300.000đ Áp dụng mua Máy in
4 Tặng Phiếu mua hàng Màn hình máy tính trị giá 300.000đ
5 Tặng Phiếu mua hàng Đồng hồ Định vị trẻ em trị giá 100.000đ
6 Tặng Phiếu mua hàng Máy lạnh (sản phẩm trên 10tr) trị giá 300.000đ
7 Thu cũ đổi mới: Giảm thêm 300,000đ (Không kèm ưu đãi thanh toán qua cổng, mua kèm) (click xem chi tiết).
8 NHẬN HOÀN NGAY ĐẾN 800.000đ khi mở thẻ tín dụng VPBANK MWG (Xem chi tiết tại đây)";;https://www.thegioididong.com/laptop/macbook-air-13-inch-m5-16gb-512gb;Skipped
MacBook Air 13 inch M5 16GB/1TB;Xanh đen;Yes;0;35490000;2026-04-17;"Khuyến mãi trị giá 500.000₫
Giá và khuyến mãi dự kiến áp dụng đến 23:59 | 30/04
1 Chọn 1 trong các khuyến mãi:
Giảm giá 500,000đ (đã giảm vào giá sản phẩm)
Tặng Microsoft 365 Personal
2 Phiếu mua hàng Chuột, Bàn phím (Apple) trị giá 500,000đ
3 Tặng Phiếu mua hàng trị giá 300.000đ Áp dụng mua Máy in
4 Tặng Phiếu mua hàng Màn hình máy tính trị giá 300.000đ
5 Tặng Phiếu mua hàng Đồng hồ Định vị trẻ em trị giá 100.000đ
6 Tặng Phiếu mua hàng Máy lạnh (sản phẩm trên 10tr) trị giá 300.000đ
7 Thu cũ đổi mới: Giảm thêm 300,000đ (Không kèm ưu đãi thanh toán qua cổng, mua kèm) (click xem chi tiết).
8 NHẬN HOÀN NGAY ĐẾN 800.000đ khi mở thẻ tín dụng VPBANK MWG (Xem chi tiết tại đây)";;https://www.thegioididong.com/laptop/macbook-air-13-inch-m5-16gb-1tb;Skipped
MacBook Air 13 inch M4 16GB/256GB Sạc 70W;Vàng;No;27090000;26390000;2026-04-17;"Khuyến mãi trị giá 500.000₫
Giá và khuyến mãi dự kiến áp dụng đến 23:59 | 30/04
1 Chọn 1 trong các khuyến mãi:
Giảm giá 500,000đ
Tặng Microsoft 365 Personal
2 Phiếu mua hàng Chuột, Bàn phím (Apple) trị giá 500,000đ
3 Tặng Phiếu mua hàng trị giá 300.000đ Áp dụng mua Máy in
4 Tặng Phiếu mua hàng Màn hình máy tính trị giá 300.000đ
5 Tặng Phiếu mua hàng Đồng hồ Định vị trẻ em trị giá 100.000đ
6 Tặng Phiếu mua hàng Máy lạnh (sản phẩm trên 10tr) trị giá 300.000đ
7 Thu cũ đổi mới: Giảm thêm 300,000đ (Không kèm ưu đãi thanh toán qua cổng, mua kèm) (click xem chi tiết).
8 NHẬN HOÀN NGAY ĐẾN 800.000đ khi mở thẻ tín dụng VPBANK MWG (Xem chi tiết tại đây)";;https://www.thegioididong.com/laptop/macbook-air-13-inch-m4-16gb-256gb-sac-70w;DEBUG_OOS_MacBook Air 13 inch M4 16GB/256GB Sạc 70W_Vàng_080007.png
Error getting name;Bạc;No;0;0;2026-04-17;;;https://www.thegioididong.com/laptop/macbook-air-13-inch-m4-16gb-256gb-sac-70w;DEBUG_OOS_Error getting name_Bạc_080016.png
Error getting name;Bạc;No;0;0;2026-04-17;;;https://www.thegioididong.com/laptop/macbook-air-13-inch-m4-16gb-256gb;DEBUG_OOS_Error getting name_Bạc_080026.png
Error getting name;Default/Unknown;No;0;0;2026-04-17;;;https://www.thegioididong.com/laptop/macbook-air-13-inch-m5-16gb-512gb;DEBUG_OOS_Error getting name_Default/Unknown_080035.png
