Product_Name;Color;Ton_Kho;Gia_Niem_Yet;Gia_Khuyen_Mai;Date;Khuyen_Mai;Thanh_Toan;Link;screenshot_name
Apple Watch Series 10 GPS + Cellular 46mm viền Titanium dây Milan;Default/Unknown;Yes;22190000;17490000;2026-03-09;Khuyến mãi                      Giá và khuyến mãi dự kiến áp dụng đến 23:59 | 14/03                                                                         1                                              Nhập mã VNPAY0126 giảm tối đa 100,000đ (áp dụng tùy giá trị đơn hàng) khi thanh toán qua VNPAY-QR  (Xem chi tiết tại đây);;https://www.thegioididong.com/dong-ho-thong-minh/apple-watch-s10-lte-46mm-vien-titanium-day-thep;Skipped
Apple Watch SE 3 GPS 40mm viền nhôm dây thể thao;40mm;Yes;6990000;6390000;2026-03-09;Khuyến mãi                      Giá và khuyến mãi dự kiến áp dụng đến 23:59 | 14/03                                                                         1                                              Nhập mã VNPAY0126 giảm tối đa 100,000đ (áp dụng tùy giá trị đơn hàng) khi thanh toán qua VNPAY-QR  (Xem chi tiết tại đây);;https://www.thegioididong.com/dong-ho-thong-minh/apple-watch-se-3-40mm-vien-nhom-day-the-thao;Skipped
Apple Watch SE 3 GPS 44mm viền nhôm dây thể thao;44mm;Yes;7850000;7290000;2026-03-09;Khuyến mãi                      Giá và khuyến mãi dự kiến áp dụng đến 23:59 | 14/03                                                                         1                                              Nhập mã VNPAY0126 giảm tối đa 100,000đ (áp dụng tùy giá trị đơn hàng) khi thanh toán qua VNPAY-QR  (Xem chi tiết tại đây);;https://www.thegioididong.com/dong-ho-thong-minh/apple-watch-se-3-40mm-vien-nhom-day-the-thao;Skipped
Apple Watch Series 10 GPS + Cellular 46mm viền Titanium dây thể thao;Titan tự nhiên;No;0;0;2026-03-09;;;https://www.thegioididong.com/dong-ho-thong-minh/apple-watch-s10-lte-46mm-vien-titanium-day-the-thao;DEBUG_OOS_Apple Watch Series 10 GPS + Cellular 46mm viền Titanium dây thể thao_Titan tự nhiên_080409.png
Apple Watch SE 2 GPS 44mm viền nhôm dây vải;Bạc;No;0;0;2026-03-09;;;https://www.thegioididong.com/dong-ho-thong-minh/apple-watch-se-2-44mm-vien-nhom-day-vai;DEBUG_OOS_Apple Watch SE 2 GPS 44mm viền nhôm dây vải_Bạc_080409.png
Apple Watch SE 2 GPS 44mm viền nhôm dây thể thao;Bạc;No;0;0;2026-03-09;;;https://www.thegioididong.com/dong-ho-thong-minh/apple-watch-se-2-44mm-vien-nhom-day-silicone;DEBUG_OOS_Apple Watch SE 2 GPS 44mm viền nhôm dây thể thao_Bạc_080410.png
Apple Watch SE 3 GPS + Cellular 40mm viền nhôm dây thể thao;40mm;Yes;8490000;7990000;2026-03-09;Khuyến mãi                      Giá và khuyến mãi dự kiến áp dụng đến 23:59 | 14/03                                                                         1                                              Nhập mã VNPAY0126 giảm tối đa 100,000đ (áp dụng tùy giá trị đơn hàng) khi thanh toán qua VNPAY-QR  (Xem chi tiết tại đây);;https://www.thegioididong.com/dong-ho-thong-minh/apple-watch-se-3-gps-cellular-40mm-vien-nhom-day-the-thao;Skipped
Apple Watch SE 3 GPS 44mm viền nhôm dây thể thao;Xanh đen;Yes;7850000;7290000;2026-03-09;Khuyến mãi                      Giá và khuyến mãi dự kiến áp dụng đến 23:59 | 14/03                                                                         1                                              Nhập mã VNPAY0126 giảm tối đa 100,000đ (áp dụng tùy giá trị đơn hàng) khi thanh toán qua VNPAY-QR  (Xem chi tiết tại đây);;https://www.thegioididong.com/dong-ho-thong-minh/apple-watch-se-3-40mm-vien-nhom-day-the-thao;Skipped
Apple Watch SE 3 GPS + Cellular 44mm viền nhôm dây thể thao;44mm;Yes;9350000;8790000;2026-03-09;Khuyến mãi                      Giá và khuyến mãi dự kiến áp dụng đến 23:59 | 14/03                                                                         1                                              Nhập mã VNPAY0126 giảm tối đa 100,000đ (áp dụng tùy giá trị đơn hàng) khi thanh toán qua VNPAY-QR  (Xem chi tiết tại đây);;https://www.thegioididong.com/dong-ho-thong-minh/apple-watch-se-3-gps-cellular-40mm-vien-nhom-day-the-thao;Skipped
Apple Watch SE 3 GPS 44mm viền nhôm dây thể thao;Trắng Starlight;Yes;7850000;7290000;2026-03-09;Khuyến mãi                      Giá và khuyến mãi dự kiến áp dụng đến 23:59 | 14/03                                                                         1                                              Nhập mã VNPAY0126 giảm tối đa 100,000đ (áp dụng tùy giá trị đơn hàng) khi thanh toán qua VNPAY-QR  (Xem chi tiết tại đây);;https://www.thegioididong.com/dong-ho-thong-minh/apple-watch-se-3-40mm-vien-nhom-day-the-thao;Skipped
Apple Watch Series 10 GPS + Cellular 46mm viền Titanium dây thể thao;Titan xám;No;0;0;2026-03-09;;;https://www.thegioididong.com/dong-ho-thong-minh/apple-watch-s10-lte-46mm-vien-titanium-day-the-thao;DEBUG_OOS_Apple Watch Series 10 GPS + Cellular 46mm viền Titanium dây thể thao_Titan xám_080415.png
Apple Watch SE 2 GPS 44mm viền nhôm dây vải;Xanh đen;No;0;0;2026-03-09;;;https://www.thegioididong.com/dong-ho-thong-minh/apple-watch-se-2-44mm-vien-nhom-day-vai;DEBUG_OOS_Apple Watch SE 2 GPS 44mm viền nhôm dây vải_Xanh đen_080416.png
Apple Watch SE 2 GPS 44mm viền nhôm dây thể thao;Xanh đen;No;0;0;2026-03-09;;;https://www.thegioididong.com/dong-ho-thong-minh/apple-watch-se-2-44mm-vien-nhom-day-silicone;DEBUG_OOS_Apple Watch SE 2 GPS 44mm viền nhôm dây thể thao_Xanh đen_080416.png
Apple Watch SE 3 GPS + Cellular 40mm viền nhôm dây thể thao;40mm;Yes;8490000;7990000;2026-03-09;Khuyến mãi                      Giá và khuyến mãi dự kiến áp dụng đến 23:59 | 14/03                                                                         1                                              Nhập mã VNPAY0126 giảm tối đa 100,000đ (áp dụng tùy giá trị đơn hàng) khi thanh toán qua VNPAY-QR  (Xem chi tiết tại đây);;https://www.thegioididong.com/dong-ho-thong-minh/apple-watch-se-3-gps-cellular-40mm-vien-nhom-day-the-thao;Skipped
Apple Watch SE 3 GPS 40mm viền nhôm dây thể thao;40mm;Yes;6990000;6390000;2026-03-09;Khuyến mãi                      Giá và khuyến mãi dự kiến áp dụng đến 23:59 | 14/03                                                                         1                                              Nhập mã VNPAY0126 giảm tối đa 100,000đ (áp dụng tùy giá trị đơn hàng) khi thanh toán qua VNPAY-QR  (Xem chi tiết tại đây);;https://www.thegioididong.com/dong-ho-thong-minh/apple-watch-se-3-40mm-vien-nhom-day-the-thao;Skipped
Apple Watch Series 10 GPS + Cellular 46mm viền Titanium dây thể thao;Titan vàng;No;0;0;2026-03-09;;;https://www.thegioididong.com/dong-ho-thong-minh/apple-watch-s10-lte-46mm-vien-titanium-day-the-thao;DEBUG_OOS_Apple Watch Series 10 GPS + Cellular 46mm viền Titanium dây thể thao_Titan vàng_080422.png
Apple Watch SE 3 GPS + Cellular 44mm viền nhôm dây thể thao;44mm;Yes;9350000;8790000;2026-03-09;Khuyến mãi                      Giá và khuyến mãi dự kiến áp dụng đến 23:59 | 14/03                                                                         1                                              Nhập mã VNPAY0126 giảm tối đa 100,000đ (áp dụng tùy giá trị đơn hàng) khi thanh toán qua VNPAY-QR  (Xem chi tiết tại đây);;https://www.thegioididong.com/dong-ho-thong-minh/apple-watch-se-3-gps-cellular-40mm-vien-nhom-day-the-thao;Skipped
Apple Watch SE 2 GPS 44mm viền nhôm dây vải;Trắng Starlight;No;0;0;2026-03-09;;;https://www.thegioididong.com/dong-ho-thong-minh/apple-watch-se-2-44mm-vien-nhom-day-vai;DEBUG_OOS_Apple Watch SE 2 GPS 44mm viền nhôm dây vải_Trắng Starlight_080422.png
Apple Watch SE 3 GPS 44mm viền nhôm dây thể thao;44mm;Yes;7850000;7290000;2026-03-09;Khuyến mãi                      Giá và khuyến mãi dự kiến áp dụng đến 23:59 | 14/03                                                                         1                                              Nhập mã VNPAY0126 giảm tối đa 100,000đ (áp dụng tùy giá trị đơn hàng) khi thanh toán qua VNPAY-QR  (Xem chi tiết tại đây);;https://www.thegioididong.com/dong-ho-thong-minh/apple-watch-se-3-40mm-vien-nhom-day-the-thao;Skipped
Apple Watch SE 2 GPS 44mm viền nhôm dây thể thao;Trắng Starlight;No;0;0;2026-03-09;;;https://www.thegioididong.com/dong-ho-thong-minh/apple-watch-se-2-44mm-vien-nhom-day-silicone;DEBUG_OOS_Apple Watch SE 2 GPS 44mm viền nhôm dây thể thao_Trắng Starlight_080423.png
Apple Watch SE 3 GPS 44mm viền nhôm dây thể thao;Xanh đen;Yes;7850000;7290000;2026-03-09;Khuyến mãi                      Giá và khuyến mãi dự kiến áp dụng đến 23:59 | 14/03                                                                         1                                              Nhập mã VNPAY0126 giảm tối đa 100,000đ (áp dụng tùy giá trị đơn hàng) khi thanh toán qua VNPAY-QR  (Xem chi tiết tại đây);;https://www.thegioididong.com/dong-ho-thong-minh/apple-watch-se-3-40mm-vien-nhom-day-the-thao;Skipped
Apple Watch SE 3 GPS 44mm viền nhôm dây thể thao;Trắng Starlight;Yes;7850000;7290000;2026-03-09;Khuyến mãi                      Giá và khuyến mãi dự kiến áp dụng đến 23:59 | 14/03                                                                         1                                              Nhập mã VNPAY0126 giảm tối đa 100,000đ (áp dụng tùy giá trị đơn hàng) khi thanh toán qua VNPAY-QR  (Xem chi tiết tại đây);;https://www.thegioididong.com/dong-ho-thong-minh/apple-watch-se-3-40mm-vien-nhom-day-the-thao;Skipped
Apple Watch Series 10 GPS + Cellular 46mm viền Titanium dây thể thao;Titan tự nhiên;No;0;0;2026-03-09;;;https://www.thegioididong.com/dong-ho-thong-minh/apple-watch-s10-lte-46mm-vien-titanium-day-the-thao;DEBUG_OOS_Apple Watch Series 10 GPS + Cellular 46mm viền Titanium dây thể thao_Titan tự nhiên_080431.png
Apple Watch SE 2 GPS 44mm viền nhôm dây vải;Bạc;No;0;0;2026-03-09;;;https://www.thegioididong.com/dong-ho-thong-minh/apple-watch-se-2-44mm-vien-nhom-day-vai;DEBUG_OOS_Apple Watch SE 2 GPS 44mm viền nhôm dây vải_Bạc_080431.png
Apple Watch SE 2 GPS 44mm viền nhôm dây thể thao;Bạc;No;0;0;2026-03-09;;;https://www.thegioididong.com/dong-ho-thong-minh/apple-watch-se-2-44mm-vien-nhom-day-silicone;DEBUG_OOS_Apple Watch SE 2 GPS 44mm viền nhôm dây thể thao_Bạc_080432.png
Apple Watch SE 3 GPS 40mm viền nhôm dây thể thao;40mm;Yes;6990000;6390000;2026-03-09;Khuyến mãi                      Giá và khuyến mãi dự kiến áp dụng đến 23:59 | 14/03                                                                         1                                              Nhập mã VNPAY0126 giảm tối đa 100,000đ (áp dụng tùy giá trị đơn hàng) khi thanh toán qua VNPAY-QR  (Xem chi tiết tại đây);;https://www.thegioididong.com/dong-ho-thong-minh/apple-watch-se-3-40mm-vien-nhom-day-the-thao;Skipped
Apple Watch SE 3 GPS 44mm viền nhôm dây thể thao;44mm;Yes;7850000;7290000;2026-03-09;Khuyến mãi                      Giá và khuyến mãi dự kiến áp dụng đến 23:59 | 14/03                                                                         1                                              Nhập mã VNPAY0126 giảm tối đa 100,000đ (áp dụng tùy giá trị đơn hàng) khi thanh toán qua VNPAY-QR  (Xem chi tiết tại đây);;https://www.thegioididong.com/dong-ho-thong-minh/apple-watch-se-3-40mm-vien-nhom-day-the-thao;Skipped
Apple Watch Series 10 GPS + Cellular 46mm viền Titanium dây thể thao;Titan xám;No;0;0;2026-03-09;;;https://www.thegioididong.com/dong-ho-thong-minh/apple-watch-s10-lte-46mm-vien-titanium-day-the-thao;DEBUG_OOS_Apple Watch Series 10 GPS + Cellular 46mm viền Titanium dây thể thao_Titan xám_080437.png
Apple Watch SE 2 GPS 44mm viền nhôm dây vải;Xanh đen;No;0;0;2026-03-09;;;https://www.thegioididong.com/dong-ho-thong-minh/apple-watch-se-2-44mm-vien-nhom-day-vai;DEBUG_OOS_Apple Watch SE 2 GPS 44mm viền nhôm dây vải_Xanh đen_080438.png
Apple Watch SE 2 GPS 44mm viền nhôm dây thể thao;Xanh đen;No;0;0;2026-03-09;;;https://www.thegioididong.com/dong-ho-thong-minh/apple-watch-se-2-44mm-vien-nhom-day-silicone;DEBUG_OOS_Apple Watch SE 2 GPS 44mm viền nhôm dây thể thao_Xanh đen_080438.png
Apple Watch SE 3 GPS 44mm viền nhôm dây thể thao;Xanh đen;Yes;7850000;7290000;2026-03-09;Khuyến mãi                      Giá và khuyến mãi dự kiến áp dụng đến 23:59 | 14/03                                                                         1                                              Nhập mã VNPAY0126 giảm tối đa 100,000đ (áp dụng tùy giá trị đơn hàng) khi thanh toán qua VNPAY-QR  (Xem chi tiết tại đây);;https://www.thegioididong.com/dong-ho-thong-minh/apple-watch-se-3-40mm-vien-nhom-day-the-thao;Skipped
Apple Watch SE 3 GPS 44mm viền nhôm dây thể thao;Trắng Starlight;Yes;7850000;7290000;2026-03-09;Khuyến mãi                      Giá và khuyến mãi dự kiến áp dụng đến 23:59 | 14/03                                                                         1                                              Nhập mã VNPAY0126 giảm tối đa 100,000đ (áp dụng tùy giá trị đơn hàng) khi thanh toán qua VNPAY-QR  (Xem chi tiết tại đây);;https://www.thegioididong.com/dong-ho-thong-minh/apple-watch-se-3-40mm-vien-nhom-day-the-thao;Skipped
Apple Watch Series 10 GPS + Cellular 46mm viền Titanium dây thể thao;Titan vàng;No;0;0;2026-03-09;;;https://www.thegioididong.com/dong-ho-thong-minh/apple-watch-s10-lte-46mm-vien-titanium-day-the-thao;DEBUG_OOS_Apple Watch Series 10 GPS + Cellular 46mm viền Titanium dây thể thao_Titan vàng_080444.png
Apple Watch SE 2 GPS 44mm viền nhôm dây vải;Trắng Starlight;No;0;0;2026-03-09;;;https://www.thegioididong.com/dong-ho-thong-minh/apple-watch-se-2-44mm-vien-nhom-day-vai;DEBUG_OOS_Apple Watch SE 2 GPS 44mm viền nhôm dây vải_Trắng Starlight_080444.png
Apple Watch SE 2 GPS 44mm viền nhôm dây thể thao;Trắng Starlight;No;0;0;2026-03-09;;;https://www.thegioididong.com/dong-ho-thong-minh/apple-watch-se-2-44mm-vien-nhom-day-silicone;DEBUG_OOS_Apple Watch SE 2 GPS 44mm viền nhôm dây thể thao_Trắng Starlight_080445.png
Apple Watch SE 3 GPS 40mm viền nhôm dây thể thao;40mm;Yes;6990000;6390000;2026-03-09;Khuyến mãi                      Giá và khuyến mãi dự kiến áp dụng đến 23:59 | 14/03                                                                         1                                              Nhập mã VNPAY0126 giảm tối đa 100,000đ (áp dụng tùy giá trị đơn hàng) khi thanh toán qua VNPAY-QR  (Xem chi tiết tại đây);;https://www.thegioididong.com/dong-ho-thong-minh/apple-watch-se-3-40mm-vien-nhom-day-the-thao;Skipped
Apple Watch SE 3 GPS 44mm viền nhôm dây thể thao;44mm;Yes;7850000;7290000;2026-03-09;Khuyến mãi                      Giá và khuyến mãi dự kiến áp dụng đến 23:59 | 14/03                                                                         1                                              Nhập mã VNPAY0126 giảm tối đa 100,000đ (áp dụng tùy giá trị đơn hàng) khi thanh toán qua VNPAY-QR  (Xem chi tiết tại đây);;https://www.thegioididong.com/dong-ho-thong-minh/apple-watch-se-3-40mm-vien-nhom-day-the-thao;Skipped
Apple Watch Series 10 GPS + Cellular 46mm viền Titanium dây thể thao;Titan tự nhiên;No;0;0;2026-03-09;;;https://www.thegioididong.com/dong-ho-thong-minh/apple-watch-s10-lte-46mm-vien-titanium-day-the-thao;DEBUG_OOS_Apple Watch Series 10 GPS + Cellular 46mm viền Titanium dây thể thao_Titan tự nhiên_080452.png
Apple Watch SE 2 GPS 44mm viền nhôm dây vải;Bạc;No;0;0;2026-03-09;;;https://www.thegioididong.com/dong-ho-thong-minh/apple-watch-se-2-44mm-vien-nhom-day-vai;DEBUG_OOS_Apple Watch SE 2 GPS 44mm viền nhôm dây vải_Bạc_080452.png
Apple Watch SE 3 GPS 44mm viền nhôm dây thể thao;Xanh đen;Yes;7850000;7290000;2026-03-09;Khuyến mãi                      Giá và khuyến mãi dự kiến áp dụng đến 23:59 | 14/03                                                                         1                                              Nhập mã VNPAY0126 giảm tối đa 100,000đ (áp dụng tùy giá trị đơn hàng) khi thanh toán qua VNPAY-QR  (Xem chi tiết tại đây);;https://www.thegioididong.com/dong-ho-thong-minh/apple-watch-se-3-40mm-vien-nhom-day-the-thao;Skipped
Apple Watch SE 2 GPS 44mm viền nhôm dây thể thao;Bạc;No;0;0;2026-03-09;;;https://www.thegioididong.com/dong-ho-thong-minh/apple-watch-se-2-44mm-vien-nhom-day-silicone;DEBUG_OOS_Apple Watch SE 2 GPS 44mm viền nhôm dây thể thao_Bạc_080453.png
Apple Watch SE 3 GPS 44mm viền nhôm dây thể thao;Trắng Starlight;Yes;7850000;7290000;2026-03-09;Khuyến mãi                      Giá và khuyến mãi dự kiến áp dụng đến 23:59 | 14/03                                                                         1                                              Nhập mã VNPAY0126 giảm tối đa 100,000đ (áp dụng tùy giá trị đơn hàng) khi thanh toán qua VNPAY-QR  (Xem chi tiết tại đây);;https://www.thegioididong.com/dong-ho-thong-minh/apple-watch-se-3-40mm-vien-nhom-day-the-thao;Skipped
Apple Watch Series 10 GPS + Cellular 46mm viền Titanium dây thể thao;Titan xám;No;0;0;2026-03-09;;;https://www.thegioididong.com/dong-ho-thong-minh/apple-watch-s10-lte-46mm-vien-titanium-day-the-thao;DEBUG_OOS_Apple Watch Series 10 GPS + Cellular 46mm viền Titanium dây thể thao_Titan xám_080458.png
Apple Watch SE 2 GPS 44mm viền nhôm dây vải;Xanh đen;No;0;0;2026-03-09;;;https://www.thegioididong.com/dong-ho-thong-minh/apple-watch-se-2-44mm-vien-nhom-day-vai;DEBUG_OOS_Apple Watch SE 2 GPS 44mm viền nhôm dây vải_Xanh đen_080459.png
Apple Watch SE 2 GPS 44mm viền nhôm dây thể thao;Xanh đen;No;0;0;2026-03-09;;;https://www.thegioididong.com/dong-ho-thong-minh/apple-watch-se-2-44mm-vien-nhom-day-silicone;DEBUG_OOS_Apple Watch SE 2 GPS 44mm viền nhôm dây thể thao_Xanh đen_080459.png
Apple Watch Series 10 GPS + Cellular 46mm viền Titanium dây thể thao;Titan vàng;No;0;0;2026-03-09;;;https://www.thegioididong.com/dong-ho-thong-minh/apple-watch-s10-lte-46mm-vien-titanium-day-the-thao;DEBUG_OOS_Apple Watch Series 10 GPS + Cellular 46mm viền Titanium dây thể thao_Titan vàng_080505.png
Apple Watch SE 2 GPS 44mm viền nhôm dây vải;Trắng Starlight;No;0;0;2026-03-09;;;https://www.thegioididong.com/dong-ho-thong-minh/apple-watch-se-2-44mm-vien-nhom-day-vai;DEBUG_OOS_Apple Watch SE 2 GPS 44mm viền nhôm dây vải_Trắng Starlight_080505.png
Apple Watch SE 2 GPS 44mm viền nhôm dây thể thao;Trắng Starlight;No;0;0;2026-03-09;;;https://www.thegioididong.com/dong-ho-thong-minh/apple-watch-se-2-44mm-vien-nhom-day-silicone;DEBUG_OOS_Apple Watch SE 2 GPS 44mm viền nhôm dây thể thao_Trắng Starlight_080506.png
Apple Watch Series 10 GPS 42mm viền nhôm dây vải;Bạc;No;0;0;2026-03-09;;;https://www.thegioididong.com/dong-ho-thong-minh/apple-watch-series-10-42mm-day-vai;DEBUG_OOS_Apple Watch Series 10 GPS 42mm viền nhôm dây vải_Bạc_080507.png
Apple Watch Series 11 GPS 42mm viền nhôm dây thể thao;42mm;Yes;11490000;9190000;2026-03-09;Khuyến mãi                      Giá và khuyến mãi dự kiến áp dụng đến 23:59 | 14/03                                                                         1                                              Nhập mã VNPAY0126 giảm tối đa 100,000đ (áp dụng tùy giá trị đơn hàng) khi thanh toán qua VNPAY-QR  (Xem chi tiết tại đây);;https://www.thegioididong.com/dong-ho-thong-minh/apple-watch-series-11-42mm-vien-nhom-day-the-thao;Skipped
Apple Watch Series 11 GPS + Cellular 42m viền Titanium dây thể thao;Titan tự nhiên;No;20990000;18490000;2026-03-09;Khuyến mãi                      Giá và khuyến mãi dự kiến áp dụng đến 23:59 | 14/03                                                                         1                                              Nhập mã VNPAY0126 giảm tối đa 100,000đ (áp dụng tùy giá trị đơn hàng) khi thanh toán qua VNPAY-QR  (Xem chi tiết tại đây);;https://www.thegioididong.com/dong-ho-thong-minh/apple-watch-series-11-gps-cellular-42m-vien-titanium-day-the-thao;DEBUG_OOS_Apple Watch Series 11 GPS + Cellular 42m viền Titanium dây thể thao_Titan tự nhiên_080512.png
Apple Watch Series 10 GPS 42mm viền nhôm dây vải;Vàng Hồng;No;0;0;2026-03-09;;;https://www.thegioididong.com/dong-ho-thong-minh/apple-watch-series-10-42mm-day-vai;DEBUG_OOS_Apple Watch Series 10 GPS 42mm viền nhôm dây vải_Vàng Hồng_080514.png
Apple Watch Series 11 GPS 46mm viền nhôm dây thể thao;46mm;Yes;12350000;9990000;2026-03-09;Khuyến mãi                      Giá và khuyến mãi dự kiến áp dụng đến 23:59 | 14/03                                                                         1                                              Nhập mã VNPAY0126 giảm tối đa 100,000đ (áp dụng tùy giá trị đơn hàng) khi thanh toán qua VNPAY-QR  (Xem chi tiết tại đây);;https://www.thegioididong.com/dong-ho-thong-minh/apple-watch-series-11-42mm-vien-nhom-day-the-thao;Skipped
Apple Watch Series 10 GPS + Cellular 42mm viền nhôm dây vải;Bạc;No;0;0;2026-03-09;;;https://www.thegioididong.com/dong-ho-thong-minh/apple-watch-series-10-lte-42mm-day-vai;DEBUG_OOS_Apple Watch Series 10 GPS + Cellular 42mm viền nhôm dây vải_Bạc_080515.png
Apple Watch Series 11 GPS + Cellular 42m viền Titanium dây thể thao;Titan xám;No;20990000;18490000;2026-03-09;Khuyến mãi                      Giá và khuyến mãi dự kiến áp dụng đến 23:59 | 14/03                                                                         1                                              Nhập mã VNPAY0126 giảm tối đa 100,000đ (áp dụng tùy giá trị đơn hàng) khi thanh toán qua VNPAY-QR  (Xem chi tiết tại đây);;https://www.thegioididong.com/dong-ho-thong-minh/apple-watch-series-11-gps-cellular-42m-vien-titanium-day-the-thao;DEBUG_OOS_Apple Watch Series 11 GPS + Cellular 42m viền Titanium dây thể thao_Titan xám_080516.png
Apple Watch Series 11 GPS 46mm viền nhôm dây thể thao;Xám;Yes;12350000;9990000;2026-03-09;Khuyến mãi                      Giá và khuyến mãi dự kiến áp dụng đến 23:59 | 14/03                                                                         1                                              Nhập mã VNPAY0126 giảm tối đa 100,000đ (áp dụng tùy giá trị đơn hàng) khi thanh toán qua VNPAY-QR  (Xem chi tiết tại đây);;https://www.thegioididong.com/dong-ho-thong-minh/apple-watch-series-11-42mm-vien-nhom-day-the-thao;Skipped
Apple Watch Series 11 GPS + Cellular 42m viền Titanium dây thể thao;Titan vàng;No;20990000;18490000;2026-03-09;Khuyến mãi                      Giá và khuyến mãi dự kiến áp dụng đến 23:59 | 14/03                                                                         1                                              Nhập mã VNPAY0126 giảm tối đa 100,000đ (áp dụng tùy giá trị đơn hàng) khi thanh toán qua VNPAY-QR  (Xem chi tiết tại đây);;https://www.thegioididong.com/dong-ho-thong-minh/apple-watch-series-11-gps-cellular-42m-vien-titanium-day-the-thao;DEBUG_OOS_Apple Watch Series 11 GPS + Cellular 42m viền Titanium dây thể thao_Titan vàng_080520.png
Apple Watch Series 11 GPS 46mm viền nhôm dây thể thao;Vàng Hồng;Yes;12350000;9990000;2026-03-09;Khuyến mãi                      Giá và khuyến mãi dự kiến áp dụng đến 23:59 | 14/03                                                                         1                                              Nhập mã VNPAY0126 giảm tối đa 100,000đ (áp dụng tùy giá trị đơn hàng) khi thanh toán qua VNPAY-QR  (Xem chi tiết tại đây);;https://www.thegioididong.com/dong-ho-thong-minh/apple-watch-series-11-42mm-vien-nhom-day-the-thao;Skipped
Apple Watch Series 10 GPS 42mm viền nhôm dây vải;Đen bóng;No;0;0;2026-03-09;;;https://www.thegioididong.com/dong-ho-thong-minh/apple-watch-series-10-42mm-day-vai;DEBUG_OOS_Apple Watch Series 10 GPS 42mm viền nhôm dây vải_Đen bóng_080520.png
Apple Watch Series 10 GPS + Cellular 42mm viền nhôm dây vải;Vàng Hồng;No;0;0;2026-03-09;;;https://www.thegioididong.com/dong-ho-thong-minh/apple-watch-series-10-lte-42mm-day-vai;DEBUG_OOS_Apple Watch Series 10 GPS + Cellular 42mm viền nhôm dây vải_Vàng Hồng_080522.png
Apple Watch Series 11 GPS 46mm viền nhôm dây thể thao;Đen bóng;Yes;12350000;9990000;2026-03-09;Khuyến mãi                      Giá và khuyến mãi dự kiến áp dụng đến 23:59 | 14/03                                                                         1                                              Nhập mã VNPAY0126 giảm tối đa 100,000đ (áp dụng tùy giá trị đơn hàng) khi thanh toán qua VNPAY-QR  (Xem chi tiết tại đây);;https://www.thegioididong.com/dong-ho-thong-minh/apple-watch-series-11-42mm-vien-nhom-day-the-thao;Skipped
Apple Watch Series 10 GPS 42mm viền nhôm dây vải;Trắng Starlight;No;0;10790182;2026-03-09;Khuyến mãi                      Giá và khuyến mãi dự kiến áp dụng đến 23:00 | 31/03                                                                         1                                              Nhập mã VNPAY0126 giảm tối đa 100,000đ (áp dụng tùy giá trị đơn hàng) khi thanh toán qua VNPAY-QR  (Xem chi tiết tại đây);;https://www.thegioididong.com/dong-ho-thong-minh/apple-watch-series-10-42mm-day-vai;DEBUG_OOS_Apple Watch Series 10 GPS 42mm viền nhôm dây vải_Trắng Starlight_080524.png
Apple Watch Series 11 GPS + Cellular 42m viền Titanium dây thể thao;Titan tự nhiên;No;20990000;18490000;2026-03-09;Khuyến mãi                      Giá và khuyến mãi dự kiến áp dụng đến 23:59 | 14/03                                                                         1                                              Nhập mã VNPAY0126 giảm tối đa 100,000đ (áp dụng tùy giá trị đơn hàng) khi thanh toán qua VNPAY-QR  (Xem chi tiết tại đây);;https://www.thegioididong.com/dong-ho-thong-minh/apple-watch-series-11-gps-cellular-42m-vien-titanium-day-the-thao;DEBUG_OOS_Apple Watch Series 11 GPS + Cellular 42m viền Titanium dây thể thao_Titan tự nhiên_080525.png
Apple Watch Series 11 GPS 46mm viền nhôm dây thể thao;Bạc;Yes;12350000;9990000;2026-03-09;Khuyến mãi                      Giá và khuyến mãi dự kiến áp dụng đến 23:59 | 14/03                                                                         1                                              Nhập mã VNPAY0126 giảm tối đa 100,000đ (áp dụng tùy giá trị đơn hàng) khi thanh toán qua VNPAY-QR  (Xem chi tiết tại đây);;https://www.thegioididong.com/dong-ho-thong-minh/apple-watch-series-11-42mm-vien-nhom-day-the-thao;Skipped
Apple Watch Series 11 GPS + Cellular 42m viền Titanium dây thể thao;Titan xám;No;20990000;18490000;2026-03-09;Khuyến mãi                      Giá và khuyến mãi dự kiến áp dụng đến 23:59 | 14/03                                                                         1                                              Nhập mã VNPAY0126 giảm tối đa 100,000đ (áp dụng tùy giá trị đơn hàng) khi thanh toán qua VNPAY-QR  (Xem chi tiết tại đây);;https://www.thegioididong.com/dong-ho-thong-minh/apple-watch-series-11-gps-cellular-42m-vien-titanium-day-the-thao;DEBUG_OOS_Apple Watch Series 11 GPS + Cellular 42m viền Titanium dây thể thao_Titan xám_080528.png
Apple Watch Series 10 GPS + Cellular 42mm viền nhôm dây vải;Đen bóng;No;0;0;2026-03-09;;;https://www.thegioididong.com/dong-ho-thong-minh/apple-watch-series-10-lte-42mm-day-vai;DEBUG_OOS_Apple Watch Series 10 GPS + Cellular 42mm viền nhôm dây vải_Đen bóng_080528.png
Apple Watch Series 11 GPS + Cellular 42mm viền nhôm dây thể thao;Bạc;No;14490000;12090000;2026-03-09;Khuyến mãi                      Giá và khuyến mãi dự kiến áp dụng đến 23:59 | 14/03                                                                         1                                              Nhập mã VNPAY0126 giảm tối đa 100,000đ (áp dụng tùy giá trị đơn hàng) khi thanh toán qua VNPAY-QR  (Xem chi tiết tại đây);;https://www.thegioididong.com/dong-ho-thong-minh/apple-watch-series-11-gps-cellular-42mm-vien-nhom-day-the-thao;DEBUG_OOS_Apple Watch Series 11 GPS + Cellular 42mm viền nhôm dây thể thao_Bạc_080529.png
Apple Watch Series 11 GPS + Cellular 42m viền Titanium dây thể thao;Titan vàng;No;20990000;18490000;2026-03-09;Khuyến mãi                      Giá và khuyến mãi dự kiến áp dụng đến 23:59 | 14/03                                                                         1                                              Nhập mã VNPAY0126 giảm tối đa 100,000đ (áp dụng tùy giá trị đơn hàng) khi thanh toán qua VNPAY-QR  (Xem chi tiết tại đây);;https://www.thegioididong.com/dong-ho-thong-minh/apple-watch-series-11-gps-cellular-42m-vien-titanium-day-the-thao;DEBUG_OOS_Apple Watch Series 11 GPS + Cellular 42m viền Titanium dây thể thao_Titan vàng_080531.png
Apple Watch Series 11 GPS 42mm viền nhôm dây thể thao;42mm;Yes;11490000;9190000;2026-03-09;Khuyến mãi                      Giá và khuyến mãi dự kiến áp dụng đến 23:59 | 14/03                                                                         1                                              Nhập mã VNPAY0126 giảm tối đa 100,000đ (áp dụng tùy giá trị đơn hàng) khi thanh toán qua VNPAY-QR  (Xem chi tiết tại đây);;https://www.thegioididong.com/dong-ho-thong-minh/apple-watch-series-11-42mm-vien-nhom-day-the-thao;Skipped
Apple Watch Series 10 GPS 42mm viền nhôm dây vải;Bạc;No;0;0;2026-03-09;;;https://www.thegioididong.com/dong-ho-thong-minh/apple-watch-series-10-42mm-day-vai;DEBUG_OOS_Apple Watch Series 10 GPS 42mm viền nhôm dây vải_Bạc_080532.png
Apple Watch Series 11 GPS + Cellular 42mm viền nhôm dây thể thao;Xám;No;14490000;12090000;2026-03-09;Khuyến mãi                      Giá và khuyến mãi dự kiến áp dụng đến 23:59 | 14/03                                                                         1                                              Nhập mã VNPAY0126 giảm tối đa 100,000đ (áp dụng tùy giá trị đơn hàng) khi thanh toán qua VNPAY-QR  (Xem chi tiết tại đây);;https://www.thegioididong.com/dong-ho-thong-minh/apple-watch-series-11-gps-cellular-42mm-vien-nhom-day-the-thao;DEBUG_OOS_Apple Watch Series 11 GPS + Cellular 42mm viền nhôm dây thể thao_Xám_080533.png
Apple Watch Series 11 GPS 46mm viền nhôm dây thể thao;46mm;Yes;12350000;9990000;2026-03-09;Khuyến mãi                      Giá và khuyến mãi dự kiến áp dụng đến 23:59 | 14/03                                                                         1                                              Nhập mã VNPAY0126 giảm tối đa 100,000đ (áp dụng tùy giá trị đơn hàng) khi thanh toán qua VNPAY-QR  (Xem chi tiết tại đây);;https://www.thegioididong.com/dong-ho-thong-minh/apple-watch-series-11-42mm-vien-nhom-day-the-thao;Skipped
Apple Watch Series 11 GPS + Cellular 42mm viền nhôm dây thể thao;Vàng Hồng;No;14490000;12090000;2026-03-09;Khuyến mãi                      Giá và khuyến mãi dự kiến áp dụng đến 23:59 | 14/03                                                                         1                                              Nhập mã VNPAY0126 giảm tối đa 100,000đ (áp dụng tùy giá trị đơn hàng) khi thanh toán qua VNPAY-QR  (Xem chi tiết tại đây);;https://www.thegioididong.com/dong-ho-thong-minh/apple-watch-series-11-gps-cellular-42mm-vien-nhom-day-the-thao;DEBUG_OOS_Apple Watch Series 11 GPS + Cellular 42mm viền nhôm dây thể thao_Vàng Hồng_080536.png
Apple Watch Series 11 GPS + Cellular 42m viền Titanium dây thể thao;Titan tự nhiên;No;20990000;18490000;2026-03-09;Khuyến mãi                      Giá và khuyến mãi dự kiến áp dụng đến 23:59 | 14/03                                                                         1                                              Nhập mã VNPAY0126 giảm tối đa 100,000đ (áp dụng tùy giá trị đơn hàng) khi thanh toán qua VNPAY-QR  (Xem chi tiết tại đây);;https://www.thegioididong.com/dong-ho-thong-minh/apple-watch-series-11-gps-cellular-42m-vien-titanium-day-the-thao;DEBUG_OOS_Apple Watch Series 11 GPS + Cellular 42m viền Titanium dây thể thao_Titan tự nhiên_080537.png
Apple Watch Series 10 GPS + Cellular 42mm viền nhôm dây vải;Bạc;No;0;0;2026-03-09;;;https://www.thegioididong.com/dong-ho-thong-minh/apple-watch-series-10-lte-42mm-day-vai;DEBUG_OOS_Apple Watch Series 10 GPS + Cellular 42mm viền nhôm dây vải_Bạc_080537.png
Apple Watch Series 11 GPS 46mm viền nhôm dây thể thao;Xám;Yes;12350000;9990000;2026-03-09;Khuyến mãi                      Giá và khuyến mãi dự kiến áp dụng đến 23:59 | 14/03                                                                         1                                              Nhập mã VNPAY0126 giảm tối đa 100,000đ (áp dụng tùy giá trị đơn hàng) khi thanh toán qua VNPAY-QR  (Xem chi tiết tại đây);;https://www.thegioididong.com/dong-ho-thong-minh/apple-watch-series-11-42mm-vien-nhom-day-the-thao;Skipped
Apple Watch Series 10 GPS 42mm viền nhôm dây vải;Vàng Hồng;No;0;0;2026-03-09;;;https://www.thegioididong.com/dong-ho-thong-minh/apple-watch-series-10-42mm-day-vai;DEBUG_OOS_Apple Watch Series 10 GPS 42mm viền nhôm dây vải_Vàng Hồng_080539.png
Apple Watch Series 11 GPS + Cellular 42mm viền nhôm dây thể thao;Đen bóng;No;14490000;12090000;2026-03-09;Khuyến mãi                      Giá và khuyến mãi dự kiến áp dụng đến 23:59 | 14/03                                                                         1                                              Nhập mã VNPAY0126 giảm tối đa 100,000đ (áp dụng tùy giá trị đơn hàng) khi thanh toán qua VNPAY-QR  (Xem chi tiết tại đây);;https://www.thegioididong.com/dong-ho-thong-minh/apple-watch-series-11-gps-cellular-42mm-vien-nhom-day-the-thao;DEBUG_OOS_Apple Watch Series 11 GPS + Cellular 42mm viền nhôm dây thể thao_Đen bóng_080540.png
Apple Watch Series 11 GPS + Cellular 42m viền Titanium dây thể thao;Titan xám;No;20990000;18490000;2026-03-09;Khuyến mãi                      Giá và khuyến mãi dự kiến áp dụng đến 23:59 | 14/03                                                                         1                                              Nhập mã VNPAY0126 giảm tối đa 100,000đ (áp dụng tùy giá trị đơn hàng) khi thanh toán qua VNPAY-QR  (Xem chi tiết tại đây);;https://www.thegioididong.com/dong-ho-thong-minh/apple-watch-series-11-gps-cellular-42m-vien-titanium-day-the-thao;DEBUG_OOS_Apple Watch Series 11 GPS + Cellular 42m viền Titanium dây thể thao_Titan xám_080540.png
Apple Watch Series 11 GPS 46mm viền nhôm dây thể thao;Vàng Hồng;Yes;12350000;9990000;2026-03-09;Khuyến mãi                      Giá và khuyến mãi dự kiến áp dụng đến 23:59 | 14/03                                                                         1                                              Nhập mã VNPAY0126 giảm tối đa 100,000đ (áp dụng tùy giá trị đơn hàng) khi thanh toán qua VNPAY-QR  (Xem chi tiết tại đây);;https://www.thegioididong.com/dong-ho-thong-minh/apple-watch-series-11-42mm-vien-nhom-day-the-thao;Skipped
Apple Watch Series 10 GPS + Cellular 42mm viền nhôm dây vải;Vàng Hồng;No;0;0;2026-03-09;;;https://www.thegioididong.com/dong-ho-thong-minh/apple-watch-series-10-lte-42mm-day-vai;DEBUG_OOS_Apple Watch Series 10 GPS + Cellular 42mm viền nhôm dây vải_Vàng Hồng_080543.png
Apple Watch Series 11 GPS + Cellular 42m viền Titanium dây thể thao;Titan vàng;No;20990000;18490000;2026-03-09;Khuyến mãi                      Giá và khuyến mãi dự kiến áp dụng đến 23:59 | 14/03                                                                         1                                              Nhập mã VNPAY0126 giảm tối đa 100,000đ (áp dụng tùy giá trị đơn hàng) khi thanh toán qua VNPAY-QR  (Xem chi tiết tại đây);;https://www.thegioididong.com/dong-ho-thong-minh/apple-watch-series-11-gps-cellular-42m-vien-titanium-day-the-thao;DEBUG_OOS_Apple Watch Series 11 GPS + Cellular 42m viền Titanium dây thể thao_Titan vàng_080543.png
Apple Watch Series 11 GPS 46mm viền nhôm dây thể thao;Đen bóng;Yes;12350000;9990000;2026-03-09;Khuyến mãi                      Giá và khuyến mãi dự kiến áp dụng đến 23:59 | 14/03                                                                         1                                              Nhập mã VNPAY0126 giảm tối đa 100,000đ (áp dụng tùy giá trị đơn hàng) khi thanh toán qua VNPAY-QR  (Xem chi tiết tại đây);;https://www.thegioididong.com/dong-ho-thong-minh/apple-watch-series-11-42mm-vien-nhom-day-the-thao;Skipped
Apple Watch Series 10 GPS 42mm viền nhôm dây vải;Đen bóng;No;0;0;2026-03-09;;;https://www.thegioididong.com/dong-ho-thong-minh/apple-watch-series-10-42mm-day-vai;DEBUG_OOS_Apple Watch Series 10 GPS 42mm viền nhôm dây vải_Đen bóng_080545.png
Apple Watch Series 11 GPS + Cellular 42mm viền nhôm dây thể thao;Bạc;No;14490000;12090000;2026-03-09;Khuyến mãi                      Giá và khuyến mãi dự kiến áp dụng đến 23:59 | 14/03                                                                         1                                              Nhập mã VNPAY0126 giảm tối đa 100,000đ (áp dụng tùy giá trị đơn hàng) khi thanh toán qua VNPAY-QR  (Xem chi tiết tại đây);;https://www.thegioididong.com/dong-ho-thong-minh/apple-watch-series-11-gps-cellular-42mm-vien-nhom-day-the-thao;DEBUG_OOS_Apple Watch Series 11 GPS + Cellular 42mm viền nhôm dây thể thao_Bạc_080545.png
Apple Watch Series 11 GPS 46mm viền nhôm dây thể thao;Bạc;Yes;12350000;9990000;2026-03-09;Khuyến mãi                      Giá và khuyến mãi dự kiến áp dụng đến 23:59 | 14/03                                                                         1                                              Nhập mã VNPAY0126 giảm tối đa 100,000đ (áp dụng tùy giá trị đơn hàng) khi thanh toán qua VNPAY-QR  (Xem chi tiết tại đây);;https://www.thegioididong.com/dong-ho-thong-minh/apple-watch-series-11-42mm-vien-nhom-day-the-thao;Skipped
Apple Watch Series 10 GPS 42mm viền nhôm dây vải;Trắng Starlight;No;0;10790182;2026-03-09;Khuyến mãi                      Giá và khuyến mãi dự kiến áp dụng đến 23:00 | 31/03                                                                         1                                              Nhập mã VNPAY0126 giảm tối đa 100,000đ (áp dụng tùy giá trị đơn hàng) khi thanh toán qua VNPAY-QR  (Xem chi tiết tại đây);;https://www.thegioididong.com/dong-ho-thong-minh/apple-watch-series-10-42mm-day-vai;DEBUG_OOS_Apple Watch Series 10 GPS 42mm viền nhôm dây vải_Trắng Starlight_080548.png
Apple Watch Series 11 GPS + Cellular 42mm viền nhôm dây thể thao;Xám;No;14490000;12090000;2026-03-09;Khuyến mãi                      Giá và khuyến mãi dự kiến áp dụng đến 23:59 | 14/03                                                                         1                                              Nhập mã VNPAY0126 giảm tối đa 100,000đ (áp dụng tùy giá trị đơn hàng) khi thanh toán qua VNPAY-QR  (Xem chi tiết tại đây);;https://www.thegioididong.com/dong-ho-thong-minh/apple-watch-series-11-gps-cellular-42mm-vien-nhom-day-the-thao;DEBUG_OOS_Apple Watch Series 11 GPS + Cellular 42mm viền nhôm dây thể thao_Xám_080548.png
Apple Watch Series 10 GPS + Cellular 42mm viền nhôm dây vải;Đen bóng;No;0;0;2026-03-09;;;https://www.thegioididong.com/dong-ho-thong-minh/apple-watch-series-10-lte-42mm-day-vai;DEBUG_OOS_Apple Watch Series 10 GPS + Cellular 42mm viền nhôm dây vải_Đen bóng_080549.png
Apple Watch Series 11 GPS + Cellular 42mm viền Titanium dây Milan;Titan tự nhiên;No;22490000;19790000;2026-03-09;Khuyến mãi                      Giá và khuyến mãi dự kiến áp dụng đến 23:59 | 14/03                                                                         1                                              Nhập mã VNPAY0126 giảm tối đa 100,000đ (áp dụng tùy giá trị đơn hàng) khi thanh toán qua VNPAY-QR  (Xem chi tiết tại đây);;https://www.thegioididong.com/dong-ho-thong-minh/apple-watch-series-11-gps-cellular-42mm-vien-titanium-day-milan;DEBUG_OOS_Apple Watch Series 11 GPS + Cellular 42mm viền Titanium dây Milan_Titan tự nhiên_080551.png
Apple Watch Series 11 GPS + Cellular 42mm viền nhôm dây thể thao;Vàng Hồng;No;14490000;12090000;2026-03-09;Khuyến mãi                      Giá và khuyến mãi dự kiến áp dụng đến 23:59 | 14/03                                                                         1                                              Nhập mã VNPAY0126 giảm tối đa 100,000đ (áp dụng tùy giá trị đơn hàng) khi thanh toán qua VNPAY-QR  (Xem chi tiết tại đây);;https://www.thegioididong.com/dong-ho-thong-minh/apple-watch-series-11-gps-cellular-42mm-vien-nhom-day-the-thao;DEBUG_OOS_Apple Watch Series 11 GPS + Cellular 42mm viền nhôm dây thể thao_Vàng Hồng_080552.png
Apple Watch Series 11 GPS 42mm viền nhôm dây thể thao;42mm;Yes;11490000;9190000;2026-03-09;Khuyến mãi                      Giá và khuyến mãi dự kiến áp dụng đến 23:59 | 14/03                                                                         1                                              Nhập mã VNPAY0126 giảm tối đa 100,000đ (áp dụng tùy giá trị đơn hàng) khi thanh toán qua VNPAY-QR  (Xem chi tiết tại đây);;https://www.thegioididong.com/dong-ho-thong-minh/apple-watch-series-11-42mm-vien-nhom-day-the-thao;Skipped
Apple Watch Series 11 GPS + Cellular 42mm viền Titanium dây Milan;Titan xám;No;22490000;19790000;2026-03-09;Khuyến mãi                      Giá và khuyến mãi dự kiến áp dụng đến 23:59 | 14/03                                                                         1                                              Nhập mã VNPAY0126 giảm tối đa 100,000đ (áp dụng tùy giá trị đơn hàng) khi thanh toán qua VNPAY-QR  (Xem chi tiết tại đây);;https://www.thegioididong.com/dong-ho-thong-minh/apple-watch-series-11-gps-cellular-42mm-vien-titanium-day-milan;DEBUG_OOS_Apple Watch Series 11 GPS + Cellular 42mm viền Titanium dây Milan_Titan xám_080554.png
Apple Watch Series 11 GPS + Cellular 42mm viền nhôm dây thể thao;Đen bóng;No;14490000;12090000;2026-03-09;Khuyến mãi                      Giá và khuyến mãi dự kiến áp dụng đến 23:59 | 14/03                                                                         1                                              Nhập mã VNPAY0126 giảm tối đa 100,000đ (áp dụng tùy giá trị đơn hàng) khi thanh toán qua VNPAY-QR  (Xem chi tiết tại đây);;https://www.thegioididong.com/dong-ho-thong-minh/apple-watch-series-11-gps-cellular-42mm-vien-nhom-day-the-thao;DEBUG_OOS_Apple Watch Series 11 GPS + Cellular 42mm viền nhôm dây thể thao_Đen bóng_080555.png
Apple Watch Series 11 GPS 46mm viền nhôm dây thể thao;46mm;Yes;12350000;9990000;2026-03-09;Khuyến mãi                      Giá và khuyến mãi dự kiến áp dụng đến 23:59 | 14/03                                                                         1                                              Nhập mã VNPAY0126 giảm tối đa 100,000đ (áp dụng tùy giá trị đơn hàng) khi thanh toán qua VNPAY-QR  (Xem chi tiết tại đây);;https://www.thegioididong.com/dong-ho-thong-minh/apple-watch-series-11-42mm-vien-nhom-day-the-thao;Skipped
Apple Watch Series 10 GPS 42mm viền nhôm dây vải;Bạc;No;0;0;2026-03-09;;;https://www.thegioididong.com/dong-ho-thong-minh/apple-watch-series-10-42mm-day-vai;DEBUG_OOS_Apple Watch Series 10 GPS 42mm viền nhôm dây vải_Bạc_080557.png
Apple Watch Series 11 GPS 46mm viền nhôm dây thể thao;Xám;Yes;12350000;9990000;2026-03-09;Khuyến mãi                      Giá và khuyến mãi dự kiến áp dụng đến 23:59 | 14/03                                                                         1                                              Nhập mã VNPAY0126 giảm tối đa 100,000đ (áp dụng tùy giá trị đơn hàng) khi thanh toán qua VNPAY-QR  (Xem chi tiết tại đây);;https://www.thegioididong.com/dong-ho-thong-minh/apple-watch-series-11-42mm-vien-nhom-day-the-thao;Skipped
Apple Watch Series 11 GPS + Cellular 42mm viền Titanium dây Milan;Titan vàng;No;22490000;19790000;2026-03-09;Khuyến mãi                      Giá và khuyến mãi dự kiến áp dụng đến 23:59 | 14/03                                                                         1                                              Nhập mã VNPAY0126 giảm tối đa 100,000đ (áp dụng tùy giá trị đơn hàng) khi thanh toán qua VNPAY-QR  (Xem chi tiết tại đây);;https://www.thegioididong.com/dong-ho-thong-minh/apple-watch-series-11-gps-cellular-42mm-vien-titanium-day-milan;DEBUG_OOS_Apple Watch Series 11 GPS + Cellular 42mm viền Titanium dây Milan_Titan vàng_080558.png
Apple Watch Series 10 GPS + Cellular 42mm viền nhôm dây vải;Bạc;No;0;0;2026-03-09;;;https://www.thegioididong.com/dong-ho-thong-minh/apple-watch-series-10-lte-42mm-day-vai;DEBUG_OOS_Apple Watch Series 10 GPS + Cellular 42mm viền nhôm dây vải_Bạc_080558.png
Apple Watch Series 11 GPS + Cellular 42mm viền nhôm dây thể thao;Bạc;No;14490000;12090000;2026-03-09;Khuyến mãi                      Giá và khuyến mãi dự kiến áp dụng đến 23:59 | 14/03                                                                         1                                              Nhập mã VNPAY0126 giảm tối đa 100,000đ (áp dụng tùy giá trị đơn hàng) khi thanh toán qua VNPAY-QR  (Xem chi tiết tại đây);;https://www.thegioididong.com/dong-ho-thong-minh/apple-watch-series-11-gps-cellular-42mm-vien-nhom-day-the-thao;DEBUG_OOS_Apple Watch Series 11 GPS + Cellular 42mm viền nhôm dây thể thao_Bạc_080600.png
Apple Watch Series 11 GPS 46mm viền nhôm dây thể thao;Vàng Hồng;Yes;12350000;9990000;2026-03-09;Khuyến mãi                      Giá và khuyến mãi dự kiến áp dụng đến 23:59 | 14/03                                                                         1                                              Nhập mã VNPAY0126 giảm tối đa 100,000đ (áp dụng tùy giá trị đơn hàng) khi thanh toán qua VNPAY-QR  (Xem chi tiết tại đây);;https://www.thegioididong.com/dong-ho-thong-minh/apple-watch-series-11-42mm-vien-nhom-day-the-thao;Skipped
Apple Watch Series 10 GPS 42mm viền nhôm dây vải;Vàng Hồng;No;0;0;2026-03-09;;;https://www.thegioididong.com/dong-ho-thong-minh/apple-watch-series-10-42mm-day-vai;DEBUG_OOS_Apple Watch Series 10 GPS 42mm viền nhôm dây vải_Vàng Hồng_080603.png
Apple Watch Series 11 GPS + Cellular 42mm viền Titanium dây Milan;Titan tự nhiên;No;22490000;19790000;2026-03-09;Khuyến mãi                      Giá và khuyến mãi dự kiến áp dụng đến 23:59 | 14/03                                                                         1                                              Nhập mã VNPAY0126 giảm tối đa 100,000đ (áp dụng tùy giá trị đơn hàng) khi thanh toán qua VNPAY-QR  (Xem chi tiết tại đây);;https://www.thegioididong.com/dong-ho-thong-minh/apple-watch-series-11-gps-cellular-42mm-vien-titanium-day-milan;DEBUG_OOS_Apple Watch Series 11 GPS + Cellular 42mm viền Titanium dây Milan_Titan tự nhiên_080603.png
Apple Watch Series 11 GPS + Cellular 42mm viền nhôm dây thể thao;Xám;No;14490000;12090000;2026-03-09;Khuyến mãi                      Giá và khuyến mãi dự kiến áp dụng đến 23:59 | 14/03                                                                         1                                              Nhập mã VNPAY0126 giảm tối đa 100,000đ (áp dụng tùy giá trị đơn hàng) khi thanh toán qua VNPAY-QR  (Xem chi tiết tại đây);;https://www.thegioididong.com/dong-ho-thong-minh/apple-watch-series-11-gps-cellular-42mm-vien-nhom-day-the-thao;DEBUG_OOS_Apple Watch Series 11 GPS + Cellular 42mm viền nhôm dây thể thao_Xám_080603.png
Apple Watch Series 11 GPS 46mm viền nhôm dây thể thao;Đen bóng;Yes;12350000;9990000;2026-03-09;Khuyến mãi                      Giá và khuyến mãi dự kiến áp dụng đến 23:59 | 14/03                                                                         1                                              Nhập mã VNPAY0126 giảm tối đa 100,000đ (áp dụng tùy giá trị đơn hàng) khi thanh toán qua VNPAY-QR  (Xem chi tiết tại đây);;https://www.thegioididong.com/dong-ho-thong-minh/apple-watch-series-11-42mm-vien-nhom-day-the-thao;Skipped
Apple Watch Series 10 GPS + Cellular 42mm viền nhôm dây vải;Vàng Hồng;No;0;0;2026-03-09;;;https://www.thegioididong.com/dong-ho-thong-minh/apple-watch-series-10-lte-42mm-day-vai;DEBUG_OOS_Apple Watch Series 10 GPS + Cellular 42mm viền nhôm dây vải_Vàng Hồng_080604.png
Apple Watch Series 11 GPS + Cellular 42mm viền Titanium dây Milan;Titan xám;No;22490000;19790000;2026-03-09;Khuyến mãi                      Giá và khuyến mãi dự kiến áp dụng đến 23:59 | 14/03                                                                         1                                              Nhập mã VNPAY0126 giảm tối đa 100,000đ (áp dụng tùy giá trị đơn hàng) khi thanh toán qua VNPAY-QR  (Xem chi tiết tại đây);;https://www.thegioididong.com/dong-ho-thong-minh/apple-watch-series-11-gps-cellular-42mm-vien-titanium-day-milan;DEBUG_OOS_Apple Watch Series 11 GPS + Cellular 42mm viền Titanium dây Milan_Titan xám_080606.png
Apple Watch Series 11 GPS + Cellular 42mm viền nhôm dây thể thao;Vàng Hồng;No;14490000;12090000;2026-03-09;Khuyến mãi                      Giá và khuyến mãi dự kiến áp dụng đến 23:59 | 14/03                                                                         1                                              Nhập mã VNPAY0126 giảm tối đa 100,000đ (áp dụng tùy giá trị đơn hàng) khi thanh toán qua VNPAY-QR  (Xem chi tiết tại đây);;https://www.thegioididong.com/dong-ho-thong-minh/apple-watch-series-11-gps-cellular-42mm-vien-nhom-day-the-thao;DEBUG_OOS_Apple Watch Series 11 GPS + Cellular 42mm viền nhôm dây thể thao_Vàng Hồng_080607.png
Apple Watch Series 11 GPS 46mm viền nhôm dây thể thao;Bạc;Yes;12350000;9990000;2026-03-09;Khuyến mãi                      Giá và khuyến mãi dự kiến áp dụng đến 23:59 | 14/03                                                                         1                                              Nhập mã VNPAY0126 giảm tối đa 100,000đ (áp dụng tùy giá trị đơn hàng) khi thanh toán qua VNPAY-QR  (Xem chi tiết tại đây);;https://www.thegioididong.com/dong-ho-thong-minh/apple-watch-series-11-42mm-vien-nhom-day-the-thao;Skipped
Apple Watch Series 10 GPS 42mm viền nhôm dây vải;Đen bóng;No;0;0;2026-03-09;;;https://www.thegioididong.com/dong-ho-thong-minh/apple-watch-series-10-42mm-day-vai;DEBUG_OOS_Apple Watch Series 10 GPS 42mm viền nhôm dây vải_Đen bóng_080609.png
Apple Watch Series 11 GPS + Cellular 42mm viền Titanium dây Milan;Titan vàng;No;22490000;19790000;2026-03-09;Khuyến mãi                      Giá và khuyến mãi dự kiến áp dụng đến 23:59 | 14/03                                                                         1                                              Nhập mã VNPAY0126 giảm tối đa 100,000đ (áp dụng tùy giá trị đơn hàng) khi thanh toán qua VNPAY-QR  (Xem chi tiết tại đây);;https://www.thegioididong.com/dong-ho-thong-minh/apple-watch-series-11-gps-cellular-42mm-vien-titanium-day-milan;DEBUG_OOS_Apple Watch Series 11 GPS + Cellular 42mm viền Titanium dây Milan_Titan vàng_080610.png
Apple Watch Series 11 GPS + Cellular 42mm viền nhôm dây thể thao;Đen bóng;No;14490000;12090000;2026-03-09;Khuyến mãi                      Giá và khuyến mãi dự kiến áp dụng đến 23:59 | 14/03                                                                         1                                              Nhập mã VNPAY0126 giảm tối đa 100,000đ (áp dụng tùy giá trị đơn hàng) khi thanh toán qua VNPAY-QR  (Xem chi tiết tại đây);;https://www.thegioididong.com/dong-ho-thong-minh/apple-watch-series-11-gps-cellular-42mm-vien-nhom-day-the-thao;DEBUG_OOS_Apple Watch Series 11 GPS + Cellular 42mm viền nhôm dây thể thao_Đen bóng_080610.png
Apple Watch Series 10 GPS + Cellular 42mm viền nhôm dây vải;Đen bóng;No;0;0;2026-03-09;;;https://www.thegioididong.com/dong-ho-thong-minh/apple-watch-series-10-lte-42mm-day-vai;DEBUG_OOS_Apple Watch Series 10 GPS + Cellular 42mm viền nhôm dây vải_Đen bóng_080611.png
Apple Watch Series 11 GPS 42mm viền nhôm dây thể thao;42mm;Yes;11490000;9190000;2026-03-09;Khuyến mãi                      Giá và khuyến mãi dự kiến áp dụng đến 23:59 | 14/03                                                                         1                                              Nhập mã VNPAY0126 giảm tối đa 100,000đ (áp dụng tùy giá trị đơn hàng) khi thanh toán qua VNPAY-QR  (Xem chi tiết tại đây);;https://www.thegioididong.com/dong-ho-thong-minh/apple-watch-series-11-42mm-vien-nhom-day-the-thao;Skipped
Apple Watch Series 10 GPS 42mm viền nhôm dây vải;Trắng Starlight;No;0;10790182;2026-03-09;Khuyến mãi                      Giá và khuyến mãi dự kiến áp dụng đến 23:00 | 31/03                                                                         1                                              Nhập mã VNPAY0126 giảm tối đa 100,000đ (áp dụng tùy giá trị đơn hàng) khi thanh toán qua VNPAY-QR  (Xem chi tiết tại đây);;https://www.thegioididong.com/dong-ho-thong-minh/apple-watch-series-10-42mm-day-vai;DEBUG_OOS_Apple Watch Series 10 GPS 42mm viền nhôm dây vải_Trắng Starlight_080613.png
Apple Watch Series 11 GPS + Cellular 42mm viền Titanium dây Milan;Titan tự nhiên;No;22490000;19790000;2026-03-09;Khuyến mãi                      Giá và khuyến mãi dự kiến áp dụng đến 23:59 | 14/03                                                                         1                                              Nhập mã VNPAY0126 giảm tối đa 100,000đ (áp dụng tùy giá trị đơn hàng) khi thanh toán qua VNPAY-QR  (Xem chi tiết tại đây);;https://www.thegioididong.com/dong-ho-thong-minh/apple-watch-series-11-gps-cellular-42mm-vien-titanium-day-milan;DEBUG_OOS_Apple Watch Series 11 GPS + Cellular 42mm viền Titanium dây Milan_Titan tự nhiên_080615.png
Apple Watch Series 11 GPS + Cellular 42mm viền nhôm dây thể thao;Bạc;No;14490000;12090000;2026-03-09;Khuyến mãi                      Giá và khuyến mãi dự kiến áp dụng đến 23:59 | 14/03                                                                         1                                              Nhập mã VNPAY0126 giảm tối đa 100,000đ (áp dụng tùy giá trị đơn hàng) khi thanh toán qua VNPAY-QR  (Xem chi tiết tại đây);;https://www.thegioididong.com/dong-ho-thong-minh/apple-watch-series-11-gps-cellular-42mm-vien-nhom-day-the-thao;DEBUG_OOS_Apple Watch Series 11 GPS + Cellular 42mm viền nhôm dây thể thao_Bạc_080616.png
Apple Watch Series 11 GPS 46mm viền nhôm dây thể thao;46mm;Yes;12350000;9990000;2026-03-09;Khuyến mãi                      Giá và khuyến mãi dự kiến áp dụng đến 23:59 | 14/03                                                                         1                                              Nhập mã VNPAY0126 giảm tối đa 100,000đ (áp dụng tùy giá trị đơn hàng) khi thanh toán qua VNPAY-QR  (Xem chi tiết tại đây);;https://www.thegioididong.com/dong-ho-thong-minh/apple-watch-series-11-42mm-vien-nhom-day-the-thao;Skipped
Apple Watch Ultra 2 GPS + Cellular 49mm viền Titanium đen dây Alpine;Default/Unknown;No;0;0;2026-03-09;;;https://www.thegioididong.com/dong-ho-thong-minh/apple-watch-ultra-2-gps-cellular-49mm-vien-titanium-den-day-alpine;DEBUG_OOS_Apple Watch Ultra 2 GPS + Cellular 49mm viền Titanium đen dây Alpine_Default/Unknown_080617.png
Apple Watch Series 11 GPS 46mm viền nhôm dây thể thao;Xám;Yes;12350000;9990000;2026-03-09;Khuyến mãi                      Giá và khuyến mãi dự kiến áp dụng đến 23:59 | 14/03                                                                         1                                              Nhập mã VNPAY0126 giảm tối đa 100,000đ (áp dụng tùy giá trị đơn hàng) khi thanh toán qua VNPAY-QR  (Xem chi tiết tại đây);;https://www.thegioididong.com/dong-ho-thong-minh/apple-watch-series-11-42mm-vien-nhom-day-the-thao;Skipped
Apple Watch Series 11 GPS + Cellular 42mm viền Titanium dây Milan;Titan xám;No;22490000;19790000;2026-03-09;Khuyến mãi                      Giá và khuyến mãi dự kiến áp dụng đến 23:59 | 14/03                                                                         1                                              Nhập mã VNPAY0126 giảm tối đa 100,000đ (áp dụng tùy giá trị đơn hàng) khi thanh toán qua VNPAY-QR  (Xem chi tiết tại đây);;https://www.thegioididong.com/dong-ho-thong-minh/apple-watch-series-11-gps-cellular-42mm-vien-titanium-day-milan;DEBUG_OOS_Apple Watch Series 11 GPS + Cellular 42mm viền Titanium dây Milan_Titan xám_080619.png
Apple Watch Series 11 GPS + Cellular 42mm viền nhôm dây thể thao;Xám;No;14490000;12090000;2026-03-09;Khuyến mãi                      Giá và khuyến mãi dự kiến áp dụng đến 23:59 | 14/03                                                                         1                                              Nhập mã VNPAY0126 giảm tối đa 100,000đ (áp dụng tùy giá trị đơn hàng) khi thanh toán qua VNPAY-QR  (Xem chi tiết tại đây);;https://www.thegioididong.com/dong-ho-thong-minh/apple-watch-series-11-gps-cellular-42mm-vien-nhom-day-the-thao;DEBUG_OOS_Apple Watch Series 11 GPS + Cellular 42mm viền nhôm dây thể thao_Xám_080619.png
Apple Watch Series 11 GPS 46mm viền nhôm dây thể thao;Vàng Hồng;Yes;12350000;9990000;2026-03-09;Khuyến mãi                      Giá và khuyến mãi dự kiến áp dụng đến 23:59 | 14/03                                                                         1                                              Nhập mã VNPAY0126 giảm tối đa 100,000đ (áp dụng tùy giá trị đơn hàng) khi thanh toán qua VNPAY-QR  (Xem chi tiết tại đây);;https://www.thegioididong.com/dong-ho-thong-minh/apple-watch-series-11-42mm-vien-nhom-day-the-thao;Skipped
Apple Watch Series 10 GPS 42mm viền nhôm dây vải;Bạc;No;0;0;2026-03-09;;;https://www.thegioididong.com/dong-ho-thong-minh/apple-watch-series-10-42mm-day-vai;DEBUG_OOS_Apple Watch Series 10 GPS 42mm viền nhôm dây vải_Bạc_080621.png
Apple Watch Series 11 GPS + Cellular 42mm viền Titanium dây Milan;Titan vàng;No;22490000;19790000;2026-03-09;Khuyến mãi                      Giá và khuyến mãi dự kiến áp dụng đến 23:59 | 14/03                                                                         1                                              Nhập mã VNPAY0126 giảm tối đa 100,000đ (áp dụng tùy giá trị đơn hàng) khi thanh toán qua VNPAY-QR  (Xem chi tiết tại đây);;https://www.thegioididong.com/dong-ho-thong-minh/apple-watch-series-11-gps-cellular-42mm-vien-titanium-day-milan;DEBUG_OOS_Apple Watch Series 11 GPS + Cellular 42mm viền Titanium dây Milan_Titan vàng_080622.png
Apple Watch Series 11 GPS + Cellular 42mm viền nhôm dây thể thao;Vàng Hồng;No;14490000;12090000;2026-03-09;Khuyến mãi                      Giá và khuyến mãi dự kiến áp dụng đến 23:59 | 14/03                                                                         1                                              Nhập mã VNPAY0126 giảm tối đa 100,000đ (áp dụng tùy giá trị đơn hàng) khi thanh toán qua VNPAY-QR  (Xem chi tiết tại đây);;https://www.thegioididong.com/dong-ho-thong-minh/apple-watch-series-11-gps-cellular-42mm-vien-nhom-day-the-thao;DEBUG_OOS_Apple Watch Series 11 GPS + Cellular 42mm viền nhôm dây thể thao_Vàng Hồng_080622.png
Apple Watch Series 11 GPS 46mm viền nhôm dây thể thao;Đen bóng;Yes;12350000;9990000;2026-03-09;Khuyến mãi                      Giá và khuyến mãi dự kiến áp dụng đến 23:59 | 14/03                                                                         1                                              Nhập mã VNPAY0126 giảm tối đa 100,000đ (áp dụng tùy giá trị đơn hàng) khi thanh toán qua VNPAY-QR  (Xem chi tiết tại đây);;https://www.thegioididong.com/dong-ho-thong-minh/apple-watch-series-11-42mm-vien-nhom-day-the-thao;Skipped
Apple Watch Series 11 GPS + Cellular 42mm viền nhôm dây thể thao;Đen bóng;No;14490000;12090000;2026-03-09;Khuyến mãi                      Giá và khuyến mãi dự kiến áp dụng đến 23:59 | 14/03                                                                         1                                              Nhập mã VNPAY0126 giảm tối đa 100,000đ (áp dụng tùy giá trị đơn hàng) khi thanh toán qua VNPAY-QR  (Xem chi tiết tại đây);;https://www.thegioididong.com/dong-ho-thong-minh/apple-watch-series-11-gps-cellular-42mm-vien-nhom-day-the-thao;DEBUG_OOS_Apple Watch Series 11 GPS + Cellular 42mm viền nhôm dây thể thao_Đen bóng_080626.png
Apple Watch Ultra 3 GPS + Cellular 49mm viền Titanium dây Alpine;Default/Unknown;Yes;23990000;23490000;2026-03-09;Khuyến mãi                      Giá và khuyến mãi dự kiến áp dụng đến 23:00 | 31/03                                                                         1                                              Nhập mã VNPAY0126 giảm tối đa 100,000đ (áp dụng tùy giá trị đơn hàng) khi thanh toán qua VNPAY-QR  (Xem chi tiết tại đây);;https://www.thegioididong.com/dong-ho-thong-minh/apple-watch-ultra-3-gps-cellular-49mm-vien-titanium-day-alpine;Skipped
Apple Watch Series 11 GPS 46mm viền nhôm dây thể thao;Bạc;Yes;12350000;9990000;2026-03-09;Khuyến mãi                      Giá và khuyến mãi dự kiến áp dụng đến 23:59 | 14/03                                                                         1                                              Nhập mã VNPAY0126 giảm tối đa 100,000đ (áp dụng tùy giá trị đơn hàng) khi thanh toán qua VNPAY-QR  (Xem chi tiết tại đây);;https://www.thegioididong.com/dong-ho-thong-minh/apple-watch-series-11-42mm-vien-nhom-day-the-thao;Skipped
Apple Watch Series 10 GPS 42mm viền nhôm dây vải;Vàng Hồng;No;0;0;2026-03-09;;;https://www.thegioididong.com/dong-ho-thong-minh/apple-watch-series-10-42mm-day-vai;DEBUG_OOS_Apple Watch Series 10 GPS 42mm viền nhôm dây vải_Vàng Hồng_080628.png
Apple Watch Ultra 2 GPS + Cellular 49mm viền Titanium dây Ocean;Xanh Dương;No;0;0;2026-03-09;;;https://www.thegioididong.com/dong-ho-thong-minh/apple-watch-ultra-2-lte-49mm-vien-titanium-day-ocean;DEBUG_OOS_Apple Watch Ultra 2 GPS + Cellular 49mm viền Titanium dây Ocean_Xanh Dương_080629.png
Apple Watch Ultra 3 GPS + Cellular 49mm viền Titanium dây Milan;Default/Unknown;Yes;26990000;26490000;2026-03-09;Khuyến mãi                      Giá và khuyến mãi dự kiến áp dụng đến 23:00 | 31/03                                                                         1                                              Nhập mã VNPAY0126 giảm tối đa 100,000đ (áp dụng tùy giá trị đơn hàng) khi thanh toán qua VNPAY-QR  (Xem chi tiết tại đây);;https://www.thegioididong.com/dong-ho-thong-minh/apple-watch-ultra-3-gps-cellular-49mm-vien-titanium-day-milan;Skipped
Apple Watch Series 11 GPS 42mm viền nhôm dây thể thao;42mm;Yes;11490000;9190000;2026-03-09;Khuyến mãi                      Giá và khuyến mãi dự kiến áp dụng đến 23:59 | 14/03                                                                         1                                              Nhập mã VNPAY0126 giảm tối đa 100,000đ (áp dụng tùy giá trị đơn hàng) khi thanh toán qua VNPAY-QR  (Xem chi tiết tại đây);;https://www.thegioididong.com/dong-ho-thong-minh/apple-watch-series-11-42mm-vien-nhom-day-the-thao;Skipped
Apple Watch Ultra 3 GPS + Cellular 49mm viền Titanium dây Ocean;Titan tự nhiên;Yes;23990000;23490000;2026-03-09;Khuyến mãi                      Giá và khuyến mãi dự kiến áp dụng đến 23:00 | 31/03                                                                         1                                              Nhập mã VNPAY0126 giảm tối đa 100,000đ (áp dụng tùy giá trị đơn hàng) khi thanh toán qua VNPAY-QR  (Xem chi tiết tại đây);;https://www.thegioididong.com/dong-ho-thong-minh/apple-watch-ultra-3-gps-cellular-49mm-vien-titanium-day-ocean;Skipped
Apple Watch Ultra 3 GPS + Cellular 49mm viền Titanium dây Trail;Default/Unknown;Yes;23990000;23490000;2026-03-09;Khuyến mãi                      Giá và khuyến mãi dự kiến áp dụng đến 23:00 | 31/03                                                                         1                                              Nhập mã VNPAY0126 giảm tối đa 100,000đ (áp dụng tùy giá trị đơn hàng) khi thanh toán qua VNPAY-QR  (Xem chi tiết tại đây);;https://www.thegioididong.com/dong-ho-thong-minh/apple-watch-ultra-3-gps-cellular-49mm-vien-titanium-day-trail;Skipped
Apple Watch Series 10 GPS 42mm viền nhôm dây vải;Đen bóng;No;0;0;2026-03-09;;;https://www.thegioididong.com/dong-ho-thong-minh/apple-watch-series-10-42mm-day-vai;DEBUG_OOS_Apple Watch Series 10 GPS 42mm viền nhôm dây vải_Đen bóng_080634.png
Apple Watch Ultra 2 GPS + Cellular 49mm viền Titanium dây Ocean;Cam;No;0;0;2026-03-09;;;https://www.thegioididong.com/dong-ho-thong-minh/apple-watch-ultra-2-lte-49mm-vien-titanium-day-ocean;DEBUG_OOS_Apple Watch Ultra 2 GPS + Cellular 49mm viền Titanium dây Ocean_Cam_080635.png
Apple Watch Series 11 GPS 46mm viền nhôm dây thể thao;46mm;Yes;12350000;9990000;2026-03-09;Khuyến mãi                      Giá và khuyến mãi dự kiến áp dụng đến 23:59 | 14/03                                                                         1                                              Nhập mã VNPAY0126 giảm tối đa 100,000đ (áp dụng tùy giá trị đơn hàng) khi thanh toán qua VNPAY-QR  (Xem chi tiết tại đây);;https://www.thegioididong.com/dong-ho-thong-minh/apple-watch-series-11-42mm-vien-nhom-day-the-thao;Skipped
Apple Watch Ultra 3 GPS + Cellular 49mm viền Titanium dây Ocean;Titan đen;Yes;23990000;23490000;2026-03-09;Khuyến mãi                      Giá và khuyến mãi dự kiến áp dụng đến 23:00 | 31/03                                                                         1                                              Nhập mã VNPAY0126 giảm tối đa 100,000đ (áp dụng tùy giá trị đơn hàng) khi thanh toán qua VNPAY-QR  (Xem chi tiết tại đây);;https://www.thegioididong.com/dong-ho-thong-minh/apple-watch-ultra-3-gps-cellular-49mm-vien-titanium-day-ocean;Skipped
Apple Watch Series 10 GPS 42mm viền nhôm dây vải;Trắng Starlight;No;0;10790182;2026-03-09;Khuyến mãi                      Giá và khuyến mãi dự kiến áp dụng đến 23:00 | 31/03                                                                         1                                              Nhập mã VNPAY0126 giảm tối đa 100,000đ (áp dụng tùy giá trị đơn hàng) khi thanh toán qua VNPAY-QR  (Xem chi tiết tại đây);;https://www.thegioididong.com/dong-ho-thong-minh/apple-watch-series-10-42mm-day-vai;DEBUG_OOS_Apple Watch Series 10 GPS 42mm viền nhôm dây vải_Trắng Starlight_080637.png
Apple Watch Series 11 GPS 46mm viền nhôm dây thể thao;Xám;Yes;12350000;9990000;2026-03-09;Khuyến mãi                      Giá và khuyến mãi dự kiến áp dụng đến 23:59 | 14/03                                                                         1                                              Nhập mã VNPAY0126 giảm tối đa 100,000đ (áp dụng tùy giá trị đơn hàng) khi thanh toán qua VNPAY-QR  (Xem chi tiết tại đây);;https://www.thegioididong.com/dong-ho-thong-minh/apple-watch-series-11-42mm-vien-nhom-day-the-thao;Skipped
Apple Watch Series 11 GPS 46mm viền nhôm dây thể thao;Vàng Hồng;Yes;12350000;9990000;2026-03-09;Khuyến mãi                      Giá và khuyến mãi dự kiến áp dụng đến 23:59 | 14/03                                                                         1                                              Nhập mã VNPAY0126 giảm tối đa 100,000đ (áp dụng tùy giá trị đơn hàng) khi thanh toán qua VNPAY-QR  (Xem chi tiết tại đây);;https://www.thegioididong.com/dong-ho-thong-minh/apple-watch-series-11-42mm-vien-nhom-day-the-thao;Skipped
iPhone 13 128GB;Đen;Yes;13990000;12490000;2026-03-09;"Khuyến mãi                      Giá và khuyến mãi dự kiến áp dụng đến 23:59 | 28/03                                                                         1                                              Tặng phiếu mua hàng Apple Watch trị giá 1,000,000đ                                                            2                                              Tặng phiếu mua hàng Macbook trị giá 1,000,000đ                                                            3                                              Phiếu mua hàng Airpods trị giá 800,000đ                                                            4                                              Tặng Phiếu mua hàng mua sạc dự phòng (trừ AVA+, Hydrus); đồng hồ thông minh (trừ Apple); Tai nghe bluetooth và Loa bluetooth các hãng JBL, Marshall,Harman Kardon; Ốp lưng (trừ Apple) trị giá 100.000đ                                                            5                                              Phiếu mua hàng mua sim Vina Bùm Data 12T trị giá 500,000đ                                                            6                                              Thu cũ đổi mới: Giảm đến 2,000,000đ (Không kèm ưu đãi thanh toán qua cổng, mua kèm)  Xem chi tiết                                                            7                                              Nhập mã VNPAY0126 giảm tối đa 100,000đ (áp dụng tùy giá trị đơn hàng) khi thanh toán qua VNPAY-QR  (Xem chi tiết tại đây)";;https://www.thegioididong.com/dtdd/iphone-13;Skipped
Apple Watch Ultra 3 GPS + Cellular 49mm viền Titanium dây Ocean;Titan tự nhiên;Yes;23990000;23490000;2026-03-09;Khuyến mãi                      Giá và khuyến mãi dự kiến áp dụng đến 23:00 | 31/03                                                                         1                                              Nhập mã VNPAY0126 giảm tối đa 100,000đ (áp dụng tùy giá trị đơn hàng) khi thanh toán qua VNPAY-QR  (Xem chi tiết tại đây);;https://www.thegioididong.com/dong-ho-thong-minh/apple-watch-ultra-3-gps-cellular-49mm-vien-titanium-day-ocean;Skipped
Apple Watch Ultra 2 GPS + Cellular 49mm viền Titanium dây Ocean;Trắng;No;0;0;2026-03-09;;;https://www.thegioididong.com/dong-ho-thong-minh/apple-watch-ultra-2-lte-49mm-vien-titanium-day-ocean;DEBUG_OOS_Apple Watch Ultra 2 GPS + Cellular 49mm viền Titanium dây Ocean_Trắng_080643.png
Apple Watch Series 11 GPS 46mm viền nhôm dây thể thao;Đen bóng;Yes;12350000;9990000;2026-03-09;Khuyến mãi                      Giá và khuyến mãi dự kiến áp dụng đến 23:59 | 14/03                                                                         1                                              Nhập mã VNPAY0126 giảm tối đa 100,000đ (áp dụng tùy giá trị đơn hàng) khi thanh toán qua VNPAY-QR  (Xem chi tiết tại đây);;https://www.thegioididong.com/dong-ho-thong-minh/apple-watch-series-11-42mm-vien-nhom-day-the-thao;Skipped
Apple Watch Ultra 3 GPS + Cellular 49mm viền Titanium dây Ocean;Titan đen;Yes;23990000;23490000;2026-03-09;Khuyến mãi                      Giá và khuyến mãi dự kiến áp dụng đến 23:00 | 31/03                                                                         1                                              Nhập mã VNPAY0126 giảm tối đa 100,000đ (áp dụng tùy giá trị đơn hàng) khi thanh toán qua VNPAY-QR  (Xem chi tiết tại đây);;https://www.thegioididong.com/dong-ho-thong-minh/apple-watch-ultra-3-gps-cellular-49mm-vien-titanium-day-ocean;Skipped
iPhone 14 128GB;Xanh Dương;Yes;16990000;13990000;2026-03-09;"Khuyến mãi                      Giá và khuyến mãi dự kiến áp dụng đến 23:59 | 28/03                                                                         1                                              Tặng phiếu mua hàng Apple Watch trị giá 1,000,000đ                                                            2                                              Tặng phiếu mua hàng Macbook trị giá 1,000,000đ                                                            3                                              Phiếu mua hàng Airpods trị giá 800,000đ                                                            4                                              Tặng Phiếu mua hàng mua sạc dự phòng (trừ AVA+, Hydrus); đồng hồ thông minh (trừ Apple); Tai nghe bluetooth và Loa bluetooth các hãng JBL, Marshall,Harman Kardon; Ốp lưng (trừ Apple) trị giá 100.000đ                                                            5                                              Phiếu mua hàng mua sim Vina Bùm Data 12T trị giá 500,000đ                                                            6                                              Thu cũ đổi mới: Giảm đến 2,000,000đ (Không kèm ưu đãi thanh toán qua cổng, mua kèm)  Xem chi tiết                                                            7                                              Nhập mã VNPAY0126 giảm tối đa 100,000đ (áp dụng tùy giá trị đơn hàng) khi thanh toán qua VNPAY-QR  (Xem chi tiết tại đây)";;https://www.thegioididong.com/dtdd/iphone-14;Skipped
Apple Watch Series 11 GPS 46mm viền nhôm dây thể thao;Bạc;Yes;12350000;9990000;2026-03-09;Khuyến mãi                      Giá và khuyến mãi dự kiến áp dụng đến 23:59 | 14/03                                                                         1                                              Nhập mã VNPAY0126 giảm tối đa 100,000đ (áp dụng tùy giá trị đơn hàng) khi thanh toán qua VNPAY-QR  (Xem chi tiết tại đây);;https://www.thegioididong.com/dong-ho-thong-minh/apple-watch-series-11-42mm-vien-nhom-day-the-thao;Skipped
iPhone 13 128GB;Trắng;Yes;13990000;12490000;2026-03-09;"Khuyến mãi                      Giá và khuyến mãi dự kiến áp dụng đến 23:59 | 28/03                                                                         1                                              Tặng phiếu mua hàng Apple Watch trị giá 1,000,000đ                                                            2                                              Tặng phiếu mua hàng Macbook trị giá 1,000,000đ                                                            3                                              Phiếu mua hàng Airpods trị giá 800,000đ                                                            4                                              Tặng Phiếu mua hàng mua sạc dự phòng (trừ AVA+, Hydrus); đồng hồ thông minh (trừ Apple); Tai nghe bluetooth và Loa bluetooth các hãng JBL, Marshall,Harman Kardon; Ốp lưng (trừ Apple) trị giá 100.000đ                                                            5                                              Phiếu mua hàng mua sim Vina Bùm Data 12T trị giá 500,000đ                                                            6                                              Thu cũ đổi mới: Giảm đến 2,000,000đ (Không kèm ưu đãi thanh toán qua cổng, mua kèm)  Xem chi tiết                                                            7                                              Nhập mã VNPAY0126 giảm tối đa 100,000đ (áp dụng tùy giá trị đơn hàng) khi thanh toán qua VNPAY-QR  (Xem chi tiết tại đây)";;https://www.thegioididong.com/dtdd/iphone-13;Skipped
Apple Watch Ultra 2 GPS + Cellular 49mm viền Titanium dây Ocean;Titan tự nhiên;No;0;0;2026-03-09;;;https://www.thegioididong.com/dong-ho-thong-minh/apple-watch-ultra-2-lte-49mm-vien-titanium-day-ocean;DEBUG_OOS_Apple Watch Ultra 2 GPS + Cellular 49mm viền Titanium dây Ocean_Titan tự nhiên_080650.png
iPhone 15 128GB;Xanh dương nhạt;Yes;18990000;17890000;2026-03-09;"Khuyến mãi              Giá và khuyến mãi có thể kết thúc sớm hơn dự kiến                                                                         1                                              Tặng phiếu mua hàng Apple Watch trị giá 1,000,000đ                                                            2                                              Tặng phiếu mua hàng Macbook trị giá 1,000,000đ                                                            3                                              Phiếu mua hàng Airpods trị giá 800,000đ                                                            4                                              Tặng Phiếu mua hàng mua sạc dự phòng (trừ AVA+, Hydrus); đồng hồ thông minh (trừ Apple); Tai nghe bluetooth và Loa bluetooth các hãng JBL, Marshall,Harman Kardon; Ốp lưng (trừ Apple) trị giá 100.000đ                                                            5                                              Phiếu mua hàng mua sim Vina Bùm Data 12T trị giá 500,000đ                                                            6                                              Nhập mã VNPAY0126 giảm tối đa 100,000đ (áp dụng tùy giá trị đơn hàng) khi thanh toán qua VNPAY-QR  (Xem chi tiết tại đây)";;https://www.thegioididong.com/dtdd/iphone-15;Skipped
iPhone 14 128GB;Trắng;Yes;16990000;13990000;2026-03-09;"Khuyến mãi                      Giá và khuyến mãi dự kiến áp dụng đến 23:59 | 28/03                                                                         1                                              Tặng phiếu mua hàng Apple Watch trị giá 1,000,000đ                                                            2                                              Tặng phiếu mua hàng Macbook trị giá 1,000,000đ                                                            3                                              Phiếu mua hàng Airpods trị giá 800,000đ                                                            4                                              Tặng Phiếu mua hàng mua sạc dự phòng (trừ AVA+, Hydrus); đồng hồ thông minh (trừ Apple); Tai nghe bluetooth và Loa bluetooth các hãng JBL, Marshall,Harman Kardon; Ốp lưng (trừ Apple) trị giá 100.000đ                                                            5                                              Phiếu mua hàng mua sim Vina Bùm Data 12T trị giá 500,000đ                                                            6                                              Thu cũ đổi mới: Giảm đến 2,000,000đ (Không kèm ưu đãi thanh toán qua cổng, mua kèm)  Xem chi tiết                                                            7                                              Nhập mã VNPAY0126 giảm tối đa 100,000đ (áp dụng tùy giá trị đơn hàng) khi thanh toán qua VNPAY-QR  (Xem chi tiết tại đây)";;https://www.thegioididong.com/dtdd/iphone-14;Skipped
Apple Watch Series 11 GPS 42mm viền nhôm dây thể thao;42mm;Yes;11490000;9190000;2026-03-09;Khuyến mãi                      Giá và khuyến mãi dự kiến áp dụng đến 23:59 | 14/03                                                                         1                                              Nhập mã VNPAY0126 giảm tối đa 100,000đ (áp dụng tùy giá trị đơn hàng) khi thanh toán qua VNPAY-QR  (Xem chi tiết tại đây);;https://www.thegioididong.com/dong-ho-thong-minh/apple-watch-series-11-42mm-vien-nhom-day-the-thao;Skipped
iPhone 15 128GB;Xanh lá nhạt;Yes;18990000;17890000;2026-03-09;"Khuyến mãi              Giá và khuyến mãi có thể kết thúc sớm hơn dự kiến                                                                         1                                              Tặng phiếu mua hàng Apple Watch trị giá 1,000,000đ                                                            2                                              Tặng phiếu mua hàng Macbook trị giá 1,000,000đ                                                            3                                              Phiếu mua hàng Airpods trị giá 800,000đ                                                            4                                              Tặng Phiếu mua hàng mua sạc dự phòng (trừ AVA+, Hydrus); đồng hồ thông minh (trừ Apple); Tai nghe bluetooth và Loa bluetooth các hãng JBL, Marshall,Harman Kardon; Ốp lưng (trừ Apple) trị giá 100.000đ                                                            5                                              Phiếu mua hàng mua sim Vina Bùm Data 12T trị giá 500,000đ                                                            6                                              Nhập mã VNPAY0126 giảm tối đa 100,000đ (áp dụng tùy giá trị đơn hàng) khi thanh toán qua VNPAY-QR  (Xem chi tiết tại đây)";;https://www.thegioididong.com/dtdd/iphone-15;Skipped
Apple Watch Series 11 GPS 46mm viền nhôm dây thể thao;46mm;Yes;12350000;9990000;2026-03-09;Khuyến mãi                      Giá và khuyến mãi dự kiến áp dụng đến 23:59 | 14/03                                                                         1                                              Nhập mã VNPAY0126 giảm tối đa 100,000đ (áp dụng tùy giá trị đơn hàng) khi thanh toán qua VNPAY-QR  (Xem chi tiết tại đây);;https://www.thegioididong.com/dong-ho-thong-minh/apple-watch-series-11-42mm-vien-nhom-day-the-thao;Skipped
iPhone 13 128GB;Đen;Yes;13990000;12490000;2026-03-09;"Khuyến mãi                      Giá và khuyến mãi dự kiến áp dụng đến 23:59 | 28/03                                                                         1                                              Tặng phiếu mua hàng Apple Watch trị giá 1,000,000đ                                                            2                                              Tặng phiếu mua hàng Macbook trị giá 1,000,000đ                                                            3                                              Phiếu mua hàng Airpods trị giá 800,000đ                                                            4                                              Tặng Phiếu mua hàng mua sạc dự phòng (trừ AVA+, Hydrus); đồng hồ thông minh (trừ Apple); Tai nghe bluetooth và Loa bluetooth các hãng JBL, Marshall,Harman Kardon; Ốp lưng (trừ Apple) trị giá 100.000đ                                                            5                                              Phiếu mua hàng mua sim Vina Bùm Data 12T trị giá 500,000đ                                                            6                                              Thu cũ đổi mới: Giảm đến 2,000,000đ (Không kèm ưu đãi thanh toán qua cổng, mua kèm)  Xem chi tiết                                                            7                                              Nhập mã VNPAY0126 giảm tối đa 100,000đ (áp dụng tùy giá trị đơn hàng) khi thanh toán qua VNPAY-QR  (Xem chi tiết tại đây)";;https://www.thegioididong.com/dtdd/iphone-13;Skipped
Apple Watch Series 11 GPS 46mm viền nhôm dây thể thao;Xám;Yes;12350000;9990000;2026-03-09;Khuyến mãi                      Giá và khuyến mãi dự kiến áp dụng đến 23:59 | 14/03                                                                         1                                              Nhập mã VNPAY0126 giảm tối đa 100,000đ (áp dụng tùy giá trị đơn hàng) khi thanh toán qua VNPAY-QR  (Xem chi tiết tại đây);;https://www.thegioididong.com/dong-ho-thong-minh/apple-watch-series-11-42mm-vien-nhom-day-the-thao;Skipped
Apple Watch Ultra 2 GPS + Cellular 49mm viền Titanium dây Ocean;Xanh Dương;No;0;0;2026-03-09;;;https://www.thegioididong.com/dong-ho-thong-minh/apple-watch-ultra-2-lte-49mm-vien-titanium-day-ocean;DEBUG_OOS_Apple Watch Ultra 2 GPS + Cellular 49mm viền Titanium dây Ocean_Xanh Dương_080659.png
iPhone 15 128GB;Hồng nhạt;Yes;18990000;17890000;2026-03-09;"Khuyến mãi              Giá và khuyến mãi có thể kết thúc sớm hơn dự kiến                                                                         1                                              Tặng phiếu mua hàng Apple Watch trị giá 1,000,000đ                                                            2                                              Tặng phiếu mua hàng Macbook trị giá 1,000,000đ                                                            3                                              Phiếu mua hàng Airpods trị giá 800,000đ                                                            4                                              Tặng Phiếu mua hàng mua sạc dự phòng (trừ AVA+, Hydrus); đồng hồ thông minh (trừ Apple); Tai nghe bluetooth và Loa bluetooth các hãng JBL, Marshall,Harman Kardon; Ốp lưng (trừ Apple) trị giá 100.000đ                                                            5                                              Phiếu mua hàng mua sim Vina Bùm Data 12T trị giá 500,000đ                                                            6                                              Nhập mã VNPAY0126 giảm tối đa 100,000đ (áp dụng tùy giá trị đơn hàng) khi thanh toán qua VNPAY-QR  (Xem chi tiết tại đây)";;https://www.thegioididong.com/dtdd/iphone-15;Skipped
iPhone 14 128GB;Đen;Yes;16990000;13990000;2026-03-09;"Khuyến mãi                      Giá và khuyến mãi dự kiến áp dụng đến 23:59 | 28/03                                                                         1                                              Tặng phiếu mua hàng Apple Watch trị giá 1,000,000đ                                                            2                                              Tặng phiếu mua hàng Macbook trị giá 1,000,000đ                                                            3                                              Phiếu mua hàng Airpods trị giá 800,000đ                                                            4                                              Tặng Phiếu mua hàng mua sạc dự phòng (trừ AVA+, Hydrus); đồng hồ thông minh (trừ Apple); Tai nghe bluetooth và Loa bluetooth các hãng JBL, Marshall,Harman Kardon; Ốp lưng (trừ Apple) trị giá 100.000đ                                                            5                                              Phiếu mua hàng mua sim Vina Bùm Data 12T trị giá 500,000đ                                                            6                                              Thu cũ đổi mới: Giảm đến 2,000,000đ (Không kèm ưu đãi thanh toán qua cổng, mua kèm)  Xem chi tiết                                                            7                                              Nhập mã VNPAY0126 giảm tối đa 100,000đ (áp dụng tùy giá trị đơn hàng) khi thanh toán qua VNPAY-QR  (Xem chi tiết tại đây)";;https://www.thegioididong.com/dtdd/iphone-14;Skipped
Apple Watch Series 11 GPS 46mm viền nhôm dây thể thao;Vàng Hồng;Yes;12350000;9990000;2026-03-09;Khuyến mãi                      Giá và khuyến mãi dự kiến áp dụng đến 23:59 | 14/03                                                                         1                                              Nhập mã VNPAY0126 giảm tối đa 100,000đ (áp dụng tùy giá trị đơn hàng) khi thanh toán qua VNPAY-QR  (Xem chi tiết tại đây);;https://www.thegioididong.com/dong-ho-thong-minh/apple-watch-series-11-42mm-vien-nhom-day-the-thao;Skipped
iPhone 15 128GB;Đen;Yes;18990000;17890000;2026-03-09;"Khuyến mãi              Giá và khuyến mãi có thể kết thúc sớm hơn dự kiến                                                                         1                                              Tặng phiếu mua hàng Apple Watch trị giá 1,000,000đ                                                            2                                              Tặng phiếu mua hàng Macbook trị giá 1,000,000đ                                                            3                                              Phiếu mua hàng Airpods trị giá 800,000đ                                                            4                                              Tặng Phiếu mua hàng mua sạc dự phòng (trừ AVA+, Hydrus); đồng hồ thông minh (trừ Apple); Tai nghe bluetooth và Loa bluetooth các hãng JBL, Marshall,Harman Kardon; Ốp lưng (trừ Apple) trị giá 100.000đ                                                            5                                              Phiếu mua hàng mua sim Vina Bùm Data 12T trị giá 500,000đ                                                            6                                              Nhập mã VNPAY0126 giảm tối đa 100,000đ (áp dụng tùy giá trị đơn hàng) khi thanh toán qua VNPAY-QR  (Xem chi tiết tại đây)";;https://www.thegioididong.com/dtdd/iphone-15;Skipped
iPhone 13 128GB;Trắng;Yes;13990000;12490000;2026-03-09;"Khuyến mãi                      Giá và khuyến mãi dự kiến áp dụng đến 23:59 | 28/03                                                                         1                                              Tặng phiếu mua hàng Apple Watch trị giá 1,000,000đ                                                            2                                              Tặng phiếu mua hàng Macbook trị giá 1,000,000đ                                                            3                                              Phiếu mua hàng Airpods trị giá 800,000đ                                                            4                                              Tặng Phiếu mua hàng mua sạc dự phòng (trừ AVA+, Hydrus); đồng hồ thông minh (trừ Apple); Tai nghe bluetooth và Loa bluetooth các hãng JBL, Marshall,Harman Kardon; Ốp lưng (trừ Apple) trị giá 100.000đ                                                            5                                              Phiếu mua hàng mua sim Vina Bùm Data 12T trị giá 500,000đ                                                            6                                              Thu cũ đổi mới: Giảm đến 2,000,000đ (Không kèm ưu đãi thanh toán qua cổng, mua kèm)  Xem chi tiết                                                            7                                              Nhập mã VNPAY0126 giảm tối đa 100,000đ (áp dụng tùy giá trị đơn hàng) khi thanh toán qua VNPAY-QR  (Xem chi tiết tại đây)";;https://www.thegioididong.com/dtdd/iphone-13;Skipped
iPhone 14 256GB;Xanh Dương;Yes;19990000;16690000;2026-03-09;"Khuyến mãi              Giá và khuyến mãi có thể kết thúc sớm hơn dự kiến                                                                         1                                              Tặng phiếu mua hàng Apple Watch trị giá 1,000,000đ                                                            2                                              Tặng phiếu mua hàng Macbook trị giá 1,000,000đ                                                            3                                              Phiếu mua hàng Airpods trị giá 800,000đ                                                            4                                              Tặng Phiếu mua hàng mua sạc dự phòng (trừ AVA+, Hydrus); đồng hồ thông minh (trừ Apple); Tai nghe bluetooth và Loa bluetooth các hãng JBL, Marshall,Harman Kardon; Ốp lưng (trừ Apple) trị giá 100.000đ                                                            5                                              Phiếu mua hàng mua sim Vina Bùm Data 12T trị giá 500,000đ                                                            6                                              Nhập mã VNPAY0126 giảm tối đa 100,000đ (áp dụng tùy giá trị đơn hàng) khi thanh toán qua VNPAY-QR  (Xem chi tiết tại đây)";;https://www.thegioididong.com/dtdd/iphone-14;Skipped
Apple Watch Series 11 GPS 46mm viền nhôm dây thể thao;Đen bóng;Yes;12350000;9990000;2026-03-09;Khuyến mãi                      Giá và khuyến mãi dự kiến áp dụng đến 23:59 | 14/03                                                                         1                                              Nhập mã VNPAY0126 giảm tối đa 100,000đ (áp dụng tùy giá trị đơn hàng) khi thanh toán qua VNPAY-QR  (Xem chi tiết tại đây);;https://www.thegioididong.com/dong-ho-thong-minh/apple-watch-series-11-42mm-vien-nhom-day-the-thao;Skipped
Apple Watch Ultra 2 GPS + Cellular 49mm viền Titanium dây Ocean;Cam;No;0;0;2026-03-09;;;https://www.thegioididong.com/dong-ho-thong-minh/apple-watch-ultra-2-lte-49mm-vien-titanium-day-ocean;DEBUG_OOS_Apple Watch Ultra 2 GPS + Cellular 49mm viền Titanium dây Ocean_Cam_080706.png
iPhone 15 128GB;Vàng nhạt;No;18990000;18590000;2026-03-09;"Khuyến mãi                      Giá và khuyến mãi dự kiến áp dụng đến 23:59 | 28/03                                                                         1                                              Tặng phiếu mua hàng Apple Watch trị giá 1,000,000đ                                                            2                                              Tặng phiếu mua hàng Macbook trị giá 1,000,000đ                                                            3                                              Phiếu mua hàng Airpods trị giá 800,000đ                                                            4                                              Tặng Phiếu mua hàng mua sạc dự phòng (trừ AVA+, Hydrus); đồng hồ thông minh (trừ Apple); Tai nghe bluetooth và Loa bluetooth các hãng JBL, Marshall,Harman Kardon; Ốp lưng (trừ Apple) trị giá 100.000đ                                                            5                                              Phiếu mua hàng mua sim Vina Bùm Data 12T trị giá 500,000đ                                                            6                                              Thu cũ đổi mới: Giảm đến 2,000,000đ (Không kèm ưu đãi thanh toán qua cổng, mua kèm)  Xem chi tiết                                                            7                                              Nhập mã VNPAY0126 giảm tối đa 100,000đ (áp dụng tùy giá trị đơn hàng) khi thanh toán qua VNPAY-QR  (Xem chi tiết tại đây)";;https://www.thegioididong.com/dtdd/iphone-15;DEBUG_OOS_iPhone 15 128GB_Vàng nhạt_080706.png
Apple Watch Series 11 GPS 46mm viền nhôm dây thể thao;Bạc;Yes;12350000;9990000;2026-03-09;Khuyến mãi                      Giá và khuyến mãi dự kiến áp dụng đến 23:59 | 14/03                                                                         1                                              Nhập mã VNPAY0126 giảm tối đa 100,000đ (áp dụng tùy giá trị đơn hàng) khi thanh toán qua VNPAY-QR  (Xem chi tiết tại đây);;https://www.thegioididong.com/dong-ho-thong-minh/apple-watch-series-11-42mm-vien-nhom-day-the-thao;Skipped
iPhone 14 256GB;Trắng;Yes;19990000;16990000;2026-03-09;"Khuyến mãi                      Giá và khuyến mãi dự kiến áp dụng đến 23:59 | 28/03                                                                         1                                              Tặng phiếu mua hàng Apple Watch trị giá 1,000,000đ                                                            2                                              Tặng phiếu mua hàng Macbook trị giá 1,000,000đ                                                            3                                              Phiếu mua hàng Airpods trị giá 800,000đ                                                            4                                              Tặng Phiếu mua hàng mua sạc dự phòng (trừ AVA+, Hydrus); đồng hồ thông minh (trừ Apple); Tai nghe bluetooth và Loa bluetooth các hãng JBL, Marshall,Harman Kardon; Ốp lưng (trừ Apple) trị giá 100.000đ                                                            5                                              Phiếu mua hàng mua sim Vina Bùm Data 12T trị giá 500,000đ                                                            6                                              Thu cũ đổi mới: Giảm đến 2,000,000đ (Không kèm ưu đãi thanh toán qua cổng, mua kèm)  Xem chi tiết                                                            7                                              Nhập mã VNPAY0126 giảm tối đa 100,000đ (áp dụng tùy giá trị đơn hàng) khi thanh toán qua VNPAY-QR  (Xem chi tiết tại đây)";;https://www.thegioididong.com/dtdd/iphone-14;Skipped
iPhone 15 256GB;Hồng nhạt;Yes;21990000;21090000;2026-03-09;"Khuyến mãi              Giá và khuyến mãi có thể kết thúc sớm hơn dự kiến                                                                         1                                              Tặng phiếu mua hàng Apple Watch trị giá 1,000,000đ                                                            2                                              Tặng phiếu mua hàng Macbook trị giá 1,000,000đ                                                            3                                              Phiếu mua hàng Airpods trị giá 800,000đ                                                            4                                              Tặng Phiếu mua hàng mua sạc dự phòng (trừ AVA+, Hydrus); đồng hồ thông minh (trừ Apple); Tai nghe bluetooth và Loa bluetooth các hãng JBL, Marshall,Harman Kardon; Ốp lưng (trừ Apple) trị giá 100.000đ                                                            5                                              Phiếu mua hàng mua sim Vina Bùm Data 12T trị giá 500,000đ                                                            6                                              Nhập mã VNPAY0126 giảm tối đa 100,000đ (áp dụng tùy giá trị đơn hàng) khi thanh toán qua VNPAY-QR  (Xem chi tiết tại đây)";;https://www.thegioididong.com/dtdd/iphone-15;Skipped
Apple Watch Ultra 2 GPS + Cellular 49mm viền Titanium dây Ocean;Trắng;No;0;0;2026-03-09;;;https://www.thegioididong.com/dong-ho-thong-minh/apple-watch-ultra-2-lte-49mm-vien-titanium-day-ocean;DEBUG_OOS_Apple Watch Ultra 2 GPS + Cellular 49mm viền Titanium dây Ocean_Trắng_080712.png
iPhone 15 Plus 128GB;Đen;Yes;21990000;19990000;2026-03-09;"Khuyến mãi                      Giá và khuyến mãi dự kiến áp dụng đến 23:59 | 28/03                                                                         1                                              Tặng phiếu mua hàng Apple Watch trị giá 1,000,000đ                                                            2                                              Tặng phiếu mua hàng Macbook trị giá 1,000,000đ                                                            3                                              Phiếu mua hàng Airpods trị giá 800,000đ                                                            4                                              Tặng Phiếu mua hàng mua sạc dự phòng (trừ AVA+, Hydrus); đồng hồ thông minh (trừ Apple); Tai nghe bluetooth và Loa bluetooth các hãng JBL, Marshall,Harman Kardon; Ốp lưng (trừ Apple) trị giá 100.000đ                                                            5                                              Phiếu mua hàng mua sim Vina Bùm Data 12T trị giá 500,000đ                                                            6                                              Thu cũ đổi mới: Giảm đến 2,000,000đ (Không kèm ưu đãi thanh toán qua cổng, mua kèm)  Xem chi tiết                                                            7                                              Nhập mã VNPAY0126 giảm tối đa 100,000đ (áp dụng tùy giá trị đơn hàng) khi thanh toán qua VNPAY-QR  (Xem chi tiết tại đây)";;https://www.thegioididong.com/dtdd/iphone-15-plus;Skipped
iPhone 16 128GB;Xanh Lưu Ly;Yes;21990000;21090000;2026-03-09;"Khuyến mãi              Giá và khuyến mãi có thể kết thúc sớm hơn dự kiến                                                                         1                                              Tặng phiếu mua hàng Apple Watch trị giá 1,000,000đ                                                            2                                              Tặng phiếu mua hàng Macbook trị giá 1,000,000đ                                                            3                                              Phiếu mua hàng Airpods trị giá 800,000đ                                                            4                                              Tặng Phiếu mua hàng mua sạc dự phòng (trừ AVA+, Hydrus); đồng hồ thông minh (trừ Apple); Tai nghe bluetooth và Loa bluetooth các hãng JBL, Marshall,Harman Kardon; Ốp lưng (trừ Apple) trị giá 100.000đ                                                            5                                              Phiếu mua hàng mua sim Vina Bùm Data 12T trị giá 500,000đ                                                            6                                              Nhập mã VNPAY0126 giảm tối đa 100,000đ (áp dụng tùy giá trị đơn hàng) khi thanh toán qua VNPAY-QR  (Xem chi tiết tại đây)";;https://www.thegioididong.com/dtdd/iphone-16;Skipped
iPhone 14 256GB;Đen;Yes;19990000;16590000;2026-03-09;"Khuyến mãi              Giá và khuyến mãi có thể kết thúc sớm hơn dự kiến                                                                         1                                              Tặng phiếu mua hàng Apple Watch trị giá 1,000,000đ                                                            2                                              Tặng phiếu mua hàng Macbook trị giá 1,000,000đ                                                            3                                              Phiếu mua hàng Airpods trị giá 800,000đ                                                            4                                              Tặng Phiếu mua hàng mua sạc dự phòng (trừ AVA+, Hydrus); đồng hồ thông minh (trừ Apple); Tai nghe bluetooth và Loa bluetooth các hãng JBL, Marshall,Harman Kardon; Ốp lưng (trừ Apple) trị giá 100.000đ                                                            5                                              Phiếu mua hàng mua sim Vina Bùm Data 12T trị giá 500,000đ                                                            6                                              Nhập mã VNPAY0126 giảm tối đa 100,000đ (áp dụng tùy giá trị đơn hàng) khi thanh toán qua VNPAY-QR  (Xem chi tiết tại đây)";;https://www.thegioididong.com/dtdd/iphone-14;Skipped
iPhone 15 256GB;Xanh dương nhạt;Yes;21990000;21090000;2026-03-09;"Khuyến mãi              Giá và khuyến mãi có thể kết thúc sớm hơn dự kiến                                                                         1                                              Tặng phiếu mua hàng Apple Watch trị giá 1,000,000đ                                                            2                                              Tặng phiếu mua hàng Macbook trị giá 1,000,000đ                                                            3                                              Phiếu mua hàng Airpods trị giá 800,000đ                                                            4                                              Tặng Phiếu mua hàng mua sạc dự phòng (trừ AVA+, Hydrus); đồng hồ thông minh (trừ Apple); Tai nghe bluetooth và Loa bluetooth các hãng JBL, Marshall,Harman Kardon; Ốp lưng (trừ Apple) trị giá 100.000đ                                                            5                                              Phiếu mua hàng mua sim Vina Bùm Data 12T trị giá 500,000đ                                                            6                                              Nhập mã VNPAY0126 giảm tối đa 100,000đ (áp dụng tùy giá trị đơn hàng) khi thanh toán qua VNPAY-QR  (Xem chi tiết tại đây)";;https://www.thegioididong.com/dtdd/iphone-15;Skipped
iPhone 16 128GB;Đen;Yes;21990000;21090000;2026-03-09;"Khuyến mãi              Giá và khuyến mãi có thể kết thúc sớm hơn dự kiến                                                                         1                                              Tặng phiếu mua hàng Apple Watch trị giá 1,000,000đ                                                            2                                              Tặng phiếu mua hàng Macbook trị giá 1,000,000đ                                                            3                                              Phiếu mua hàng Airpods trị giá 800,000đ                                                            4                                              Tặng Phiếu mua hàng mua sạc dự phòng (trừ AVA+, Hydrus); đồng hồ thông minh (trừ Apple); Tai nghe bluetooth và Loa bluetooth các hãng JBL, Marshall,Harman Kardon; Ốp lưng (trừ Apple) trị giá 100.000đ                                                            5                                              Phiếu mua hàng mua sim Vina Bùm Data 12T trị giá 500,000đ                                                            6                                              Nhập mã VNPAY0126 giảm tối đa 100,000đ (áp dụng tùy giá trị đơn hàng) khi thanh toán qua VNPAY-QR  (Xem chi tiết tại đây)";;https://www.thegioididong.com/dtdd/iphone-16;Skipped
Apple Watch Ultra 2 GPS + Cellular 49mm viền Titanium dây Ocean;Titan tự nhiên;No;0;0;2026-03-09;;;https://www.thegioididong.com/dong-ho-thong-minh/apple-watch-ultra-2-lte-49mm-vien-titanium-day-ocean;DEBUG_OOS_Apple Watch Ultra 2 GPS + Cellular 49mm viền Titanium dây Ocean_Titan tự nhiên_080718.png
iPhone 15 256GB;Đen;Yes;21990000;21090000;2026-03-09;"Khuyến mãi              Giá và khuyến mãi có thể kết thúc sớm hơn dự kiến                                                                         1                                              Tặng phiếu mua hàng Apple Watch trị giá 1,000,000đ                                                            2                                              Tặng phiếu mua hàng Macbook trị giá 1,000,000đ                                                            3                                              Phiếu mua hàng Airpods trị giá 800,000đ                                                            4                                              Tặng Phiếu mua hàng mua sạc dự phòng (trừ AVA+, Hydrus); đồng hồ thông minh (trừ Apple); Tai nghe bluetooth và Loa bluetooth các hãng JBL, Marshall,Harman Kardon; Ốp lưng (trừ Apple) trị giá 100.000đ                                                            5                                              Phiếu mua hàng mua sim Vina Bùm Data 12T trị giá 500,000đ                                                            6                                              Nhập mã VNPAY0126 giảm tối đa 100,000đ (áp dụng tùy giá trị đơn hàng) khi thanh toán qua VNPAY-QR  (Xem chi tiết tại đây)";;https://www.thegioididong.com/dtdd/iphone-15;Skipped
iPhone 15 Plus 128GB;Xanh dương nhạt;Yes;21990000;19990000;2026-03-09;"Khuyến mãi                      Giá và khuyến mãi dự kiến áp dụng đến 23:59 | 28/03                                                                         1                                              Tặng phiếu mua hàng Apple Watch trị giá 1,000,000đ                                                            2                                              Tặng phiếu mua hàng Macbook trị giá 1,000,000đ                                                            3                                              Phiếu mua hàng Airpods trị giá 800,000đ                                                            4                                              Tặng Phiếu mua hàng mua sạc dự phòng (trừ AVA+, Hydrus); đồng hồ thông minh (trừ Apple); Tai nghe bluetooth và Loa bluetooth các hãng JBL, Marshall,Harman Kardon; Ốp lưng (trừ Apple) trị giá 100.000đ                                                            5                                              Phiếu mua hàng mua sim Vina Bùm Data 12T trị giá 500,000đ                                                            6                                              Thu cũ đổi mới: Giảm đến 2,000,000đ (Không kèm ưu đãi thanh toán qua cổng, mua kèm)  Xem chi tiết                                                            7                                              Nhập mã VNPAY0126 giảm tối đa 100,000đ (áp dụng tùy giá trị đơn hàng) khi thanh toán qua VNPAY-QR  (Xem chi tiết tại đây)";;https://www.thegioididong.com/dtdd/iphone-15-plus;Skipped
iPhone 14 256GB;Xanh Dương;Yes;19990000;16690000;2026-03-09;"Khuyến mãi              Giá và khuyến mãi có thể kết thúc sớm hơn dự kiến                                                                         1                                              Tặng phiếu mua hàng Apple Watch trị giá 1,000,000đ                                                            2                                              Tặng phiếu mua hàng Macbook trị giá 1,000,000đ                                                            3                                              Phiếu mua hàng Airpods trị giá 800,000đ                                                            4                                              Tặng Phiếu mua hàng mua sạc dự phòng (trừ AVA+, Hydrus); đồng hồ thông minh (trừ Apple); Tai nghe bluetooth và Loa bluetooth các hãng JBL, Marshall,Harman Kardon; Ốp lưng (trừ Apple) trị giá 100.000đ                                                            5                                              Phiếu mua hàng mua sim Vina Bùm Data 12T trị giá 500,000đ                                                            6                                              Nhập mã VNPAY0126 giảm tối đa 100,000đ (áp dụng tùy giá trị đơn hàng) khi thanh toán qua VNPAY-QR  (Xem chi tiết tại đây)";;https://www.thegioididong.com/dtdd/iphone-14;Skipped
iPhone 16 128GB;Hồng;Yes;21990000;21090000;2026-03-09;"Khuyến mãi              Giá và khuyến mãi có thể kết thúc sớm hơn dự kiến                                                                         1                                              Tặng phiếu mua hàng Apple Watch trị giá 1,000,000đ                                                            2                                              Tặng phiếu mua hàng Macbook trị giá 1,000,000đ                                                            3                                              Phiếu mua hàng Airpods trị giá 800,000đ                                                            4                                              Tặng Phiếu mua hàng mua sạc dự phòng (trừ AVA+, Hydrus); đồng hồ thông minh (trừ Apple); Tai nghe bluetooth và Loa bluetooth các hãng JBL, Marshall,Harman Kardon; Ốp lưng (trừ Apple) trị giá 100.000đ                                                            5                                              Phiếu mua hàng mua sim Vina Bùm Data 12T trị giá 500,000đ                                                            6                                              Nhập mã VNPAY0126 giảm tối đa 100,000đ (áp dụng tùy giá trị đơn hàng) khi thanh toán qua VNPAY-QR  (Xem chi tiết tại đây)";;https://www.thegioididong.com/dtdd/iphone-16;Skipped
iPhone 15 Plus 128GB;Hồng nhạt;No;21990000;19990000;2026-03-09;"Khuyến mãi                      Giá và khuyến mãi dự kiến áp dụng đến 23:59 | 28/03                                                                         1                                              Tặng phiếu mua hàng Apple Watch trị giá 1,000,000đ                                                            2                                              Tặng phiếu mua hàng Macbook trị giá 1,000,000đ                                                            3                                              Phiếu mua hàng Airpods trị giá 800,000đ                                                            4                                              Tặng Phiếu mua hàng mua sạc dự phòng (trừ AVA+, Hydrus); đồng hồ thông minh (trừ Apple); Tai nghe bluetooth và Loa bluetooth các hãng JBL, Marshall,Harman Kardon; Ốp lưng (trừ Apple) trị giá 100.000đ                                                            5                                              Phiếu mua hàng mua sim Vina Bùm Data 12T trị giá 500,000đ                                                            6                                              Thu cũ đổi mới: Giảm đến 2,000,000đ (Không kèm ưu đãi thanh toán qua cổng, mua kèm)  Xem chi tiết                                                            7                                              Nhập mã VNPAY0126 giảm tối đa 100,000đ (áp dụng tùy giá trị đơn hàng) khi thanh toán qua VNPAY-QR  (Xem chi tiết tại đây)";;https://www.thegioididong.com/dtdd/iphone-15-plus;DEBUG_OOS_iPhone 15 Plus 128GB_Hồng nhạt_080723.png
iPhone 15 256GB;Vàng nhạt;Yes;21990000;21590000;2026-03-09;"Khuyến mãi                      Giá và khuyến mãi dự kiến áp dụng đến 23:59 | 28/03                                                                         1                                              Tặng phiếu mua hàng Apple Watch trị giá 1,000,000đ                                                            2                                              Tặng phiếu mua hàng Macbook trị giá 1,000,000đ                                                            3                                              Phiếu mua hàng Airpods trị giá 800,000đ                                                            4                                              Tặng Phiếu mua hàng mua sạc dự phòng (trừ AVA+, Hydrus); đồng hồ thông minh (trừ Apple); Tai nghe bluetooth và Loa bluetooth các hãng JBL, Marshall,Harman Kardon; Ốp lưng (trừ Apple) trị giá 100.000đ                                                            5                                              Phiếu mua hàng mua sim Vina Bùm Data 12T trị giá 500,000đ                                                            6                                              Thu cũ đổi mới: Giảm đến 2,000,000đ (Không kèm ưu đãi thanh toán qua cổng, mua kèm)  Xem chi tiết                                                            7                                              Nhập mã VNPAY0126 giảm tối đa 100,000đ (áp dụng tùy giá trị đơn hàng) khi thanh toán qua VNPAY-QR  (Xem chi tiết tại đây)";;https://www.thegioididong.com/dtdd/iphone-15;Skipped
iPhone 16 128GB;Xanh Mòng Két;Yes;21990000;21090000;2026-03-09;"Khuyến mãi              Giá và khuyến mãi có thể kết thúc sớm hơn dự kiến                                                                         1                                              Tặng phiếu mua hàng Apple Watch trị giá 1,000,000đ                                                            2                                              Tặng phiếu mua hàng Macbook trị giá 1,000,000đ                                                            3                                              Phiếu mua hàng Airpods trị giá 800,000đ                                                            4                                              Tặng Phiếu mua hàng mua sạc dự phòng (trừ AVA+, Hydrus); đồng hồ thông minh (trừ Apple); Tai nghe bluetooth và Loa bluetooth các hãng JBL, Marshall,Harman Kardon; Ốp lưng (trừ Apple) trị giá 100.000đ                                                            5                                              Phiếu mua hàng mua sim Vina Bùm Data 12T trị giá 500,000đ                                                            6                                              Nhập mã VNPAY0126 giảm tối đa 100,000đ (áp dụng tùy giá trị đơn hàng) khi thanh toán qua VNPAY-QR  (Xem chi tiết tại đây)";;https://www.thegioididong.com/dtdd/iphone-16;Skipped
iPhone 14 256GB;Trắng;Yes;19990000;16990000;2026-03-09;"Khuyến mãi                      Giá và khuyến mãi dự kiến áp dụng đến 23:59 | 28/03                                                                         1                                              Tặng phiếu mua hàng Apple Watch trị giá 1,000,000đ                                                            2                                              Tặng phiếu mua hàng Macbook trị giá 1,000,000đ                                                            3                                              Phiếu mua hàng Airpods trị giá 800,000đ                                                            4                                              Tặng Phiếu mua hàng mua sạc dự phòng (trừ AVA+, Hydrus); đồng hồ thông minh (trừ Apple); Tai nghe bluetooth và Loa bluetooth các hãng JBL, Marshall,Harman Kardon; Ốp lưng (trừ Apple) trị giá 100.000đ                                                            5                                              Phiếu mua hàng mua sim Vina Bùm Data 12T trị giá 500,000đ                                                            6                                              Thu cũ đổi mới: Giảm đến 2,000,000đ (Không kèm ưu đãi thanh toán qua cổng, mua kèm)  Xem chi tiết                                                            7                                              Nhập mã VNPAY0126 giảm tối đa 100,000đ (áp dụng tùy giá trị đơn hàng) khi thanh toán qua VNPAY-QR  (Xem chi tiết tại đây)";;https://www.thegioididong.com/dtdd/iphone-14;Skipped
Apple Watch Ultra 2 GPS + Cellular 49mm viền Titanium dây Ocean;Xanh Dương;No;0;0;2026-03-09;;;https://www.thegioididong.com/dong-ho-thong-minh/apple-watch-ultra-2-lte-49mm-vien-titanium-day-ocean;DEBUG_OOS_Apple Watch Ultra 2 GPS + Cellular 49mm viền Titanium dây Ocean_Xanh Dương_080727.png
iPhone 15 Plus 128GB;Xanh lá nhạt;No;21990000;19990000;2026-03-09;"Khuyến mãi                      Giá và khuyến mãi dự kiến áp dụng đến 23:59 | 28/03                                                                         1                                              Tặng phiếu mua hàng Apple Watch trị giá 1,000,000đ                                                            2                                              Tặng phiếu mua hàng Macbook trị giá 1,000,000đ                                                            3                                              Phiếu mua hàng Airpods trị giá 800,000đ                                                            4                                              Tặng Phiếu mua hàng mua sạc dự phòng (trừ AVA+, Hydrus); đồng hồ thông minh (trừ Apple); Tai nghe bluetooth và Loa bluetooth các hãng JBL, Marshall,Harman Kardon; Ốp lưng (trừ Apple) trị giá 100.000đ                                                            5                                              Phiếu mua hàng mua sim Vina Bùm Data 12T trị giá 500,000đ                                                            6                                              Thu cũ đổi mới: Giảm đến 2,000,000đ (Không kèm ưu đãi thanh toán qua cổng, mua kèm)  Xem chi tiết                                                            7                                              Nhập mã VNPAY0126 giảm tối đa 100,000đ (áp dụng tùy giá trị đơn hàng) khi thanh toán qua VNPAY-QR  (Xem chi tiết tại đây)";;https://www.thegioididong.com/dtdd/iphone-15-plus;DEBUG_OOS_iPhone 15 Plus 128GB_Xanh lá nhạt_080727.png
iPhone 16 128GB;Trắng;Yes;21990000;21090000;2026-03-09;"Khuyến mãi              Giá và khuyến mãi có thể kết thúc sớm hơn dự kiến                                                                         1                                              Tặng phiếu mua hàng Apple Watch trị giá 1,000,000đ                                                            2                                              Tặng phiếu mua hàng Macbook trị giá 1,000,000đ                                                            3                                              Phiếu mua hàng Airpods trị giá 800,000đ                                                            4                                              Tặng Phiếu mua hàng mua sạc dự phòng (trừ AVA+, Hydrus); đồng hồ thông minh (trừ Apple); Tai nghe bluetooth và Loa bluetooth các hãng JBL, Marshall,Harman Kardon; Ốp lưng (trừ Apple) trị giá 100.000đ                                                            5                                              Phiếu mua hàng mua sim Vina Bùm Data 12T trị giá 500,000đ                                                            6                                              Nhập mã VNPAY0126 giảm tối đa 100,000đ (áp dụng tùy giá trị đơn hàng) khi thanh toán qua VNPAY-QR  (Xem chi tiết tại đây)";;https://www.thegioididong.com/dtdd/iphone-16;Skipped
iPhone 14 256GB;Đen;Yes;19990000;16590000;2026-03-09;"Khuyến mãi              Giá và khuyến mãi có thể kết thúc sớm hơn dự kiến                                                                         1                                              Tặng phiếu mua hàng Apple Watch trị giá 1,000,000đ                                                            2                                              Tặng phiếu mua hàng Macbook trị giá 1,000,000đ                                                            3                                              Phiếu mua hàng Airpods trị giá 800,000đ                                                            4                                              Tặng Phiếu mua hàng mua sạc dự phòng (trừ AVA+, Hydrus); đồng hồ thông minh (trừ Apple); Tai nghe bluetooth và Loa bluetooth các hãng JBL, Marshall,Harman Kardon; Ốp lưng (trừ Apple) trị giá 100.000đ                                                            5                                              Phiếu mua hàng mua sim Vina Bùm Data 12T trị giá 500,000đ                                                            6                                              Nhập mã VNPAY0126 giảm tối đa 100,000đ (áp dụng tùy giá trị đơn hàng) khi thanh toán qua VNPAY-QR  (Xem chi tiết tại đây)";;https://www.thegioididong.com/dtdd/iphone-14;Skipped
iPhone 15 Plus 128GB;Vàng nhạt;No;21990000;19990000;2026-03-09;"Khuyến mãi                      Giá và khuyến mãi dự kiến áp dụng đến 23:59 | 28/03                                                                         1                                              Tặng phiếu mua hàng Apple Watch trị giá 1,000,000đ                                                            2                                              Tặng phiếu mua hàng Macbook trị giá 1,000,000đ                                                            3                                              Phiếu mua hàng Airpods trị giá 800,000đ                                                            4                                              Tặng Phiếu mua hàng mua sạc dự phòng (trừ AVA+, Hydrus); đồng hồ thông minh (trừ Apple); Tai nghe bluetooth và Loa bluetooth các hãng JBL, Marshall,Harman Kardon; Ốp lưng (trừ Apple) trị giá 100.000đ                                                            5                                              Phiếu mua hàng mua sim Vina Bùm Data 12T trị giá 500,000đ                                                            6                                              Thu cũ đổi mới: Giảm đến 2,000,000đ (Không kèm ưu đãi thanh toán qua cổng, mua kèm)  Xem chi tiết                                                            7                                              Nhập mã VNPAY0126 giảm tối đa 100,000đ (áp dụng tùy giá trị đơn hàng) khi thanh toán qua VNPAY-QR  (Xem chi tiết tại đây)";;https://www.thegioididong.com/dtdd/iphone-15-plus;DEBUG_OOS_iPhone 15 Plus 128GB_Vàng nhạt_080731.png
iPhone 15 256GB;Xanh lá nhạt;Yes;21990000;21590000;2026-03-09;"Khuyến mãi                      Giá và khuyến mãi dự kiến áp dụng đến 23:59 | 28/03                                                                         1                                              Tặng phiếu mua hàng Apple Watch trị giá 1,000,000đ                                                            2                                              Tặng phiếu mua hàng Macbook trị giá 1,000,000đ                                                            3                                              Phiếu mua hàng Airpods trị giá 800,000đ                                                            4                                              Tặng Phiếu mua hàng mua sạc dự phòng (trừ AVA+, Hydrus); đồng hồ thông minh (trừ Apple); Tai nghe bluetooth và Loa bluetooth các hãng JBL, Marshall,Harman Kardon; Ốp lưng (trừ Apple) trị giá 100.000đ                                                            5                                              Phiếu mua hàng mua sim Vina Bùm Data 12T trị giá 500,000đ                                                            6                                              Thu cũ đổi mới: Giảm đến 2,000,000đ (Không kèm ưu đãi thanh toán qua cổng, mua kèm)  Xem chi tiết                                                            7                                              Nhập mã VNPAY0126 giảm tối đa 100,000đ (áp dụng tùy giá trị đơn hàng) khi thanh toán qua VNPAY-QR  (Xem chi tiết tại đây)";;https://www.thegioididong.com/dtdd/iphone-15;Skipped
Apple Watch Ultra 2 GPS + Cellular 49mm viền Titanium dây Ocean;Cam;No;0;0;2026-03-09;;;https://www.thegioididong.com/dong-ho-thong-minh/apple-watch-ultra-2-lte-49mm-vien-titanium-day-ocean;DEBUG_OOS_Apple Watch Ultra 2 GPS + Cellular 49mm viền Titanium dây Ocean_Cam_080734.png
iPhone 14 256GB;Xanh Dương;Yes;19990000;16690000;2026-03-09;"Khuyến mãi              Giá và khuyến mãi có thể kết thúc sớm hơn dự kiến                                                                         1                                              Tặng phiếu mua hàng Apple Watch trị giá 1,000,000đ                                                            2                                              Tặng phiếu mua hàng Macbook trị giá 1,000,000đ                                                            3                                              Phiếu mua hàng Airpods trị giá 800,000đ                                                            4                                              Tặng Phiếu mua hàng mua sạc dự phòng (trừ AVA+, Hydrus); đồng hồ thông minh (trừ Apple); Tai nghe bluetooth và Loa bluetooth các hãng JBL, Marshall,Harman Kardon; Ốp lưng (trừ Apple) trị giá 100.000đ                                                            5                                              Phiếu mua hàng mua sim Vina Bùm Data 12T trị giá 500,000đ                                                            6                                              Nhập mã VNPAY0126 giảm tối đa 100,000đ (áp dụng tùy giá trị đơn hàng) khi thanh toán qua VNPAY-QR  (Xem chi tiết tại đây)";;https://www.thegioididong.com/dtdd/iphone-14;Skipped
iPhone 16 256GB;Xanh Lưu Ly;Yes;24990000;23990000;2026-03-09;"Khuyến mãi                      Giá và khuyến mãi dự kiến áp dụng đến 23:59 | 28/03                                                                         1                                              Tặng phiếu mua hàng Apple Watch trị giá 1,000,000đ                                                            2                                              Tặng phiếu mua hàng Macbook trị giá 1,000,000đ                                                            3                                              Phiếu mua hàng Airpods trị giá 800,000đ                                                            4                                              Tặng Phiếu mua hàng mua sạc dự phòng (trừ AVA+, Hydrus); đồng hồ thông minh (trừ Apple); Tai nghe bluetooth và Loa bluetooth các hãng JBL, Marshall,Harman Kardon; Ốp lưng (trừ Apple) trị giá 100.000đ                                                            5                                              Phiếu mua hàng mua sim Vina Bùm Data 12T trị giá 500,000đ                                                            6                                              Thu cũ đổi mới: Giảm đến 2,000,000đ (Không kèm ưu đãi thanh toán qua cổng, mua kèm)  Xem chi tiết                                                            7                                              Nhập mã VNPAY0126 giảm tối đa 100,000đ (áp dụng tùy giá trị đơn hàng) khi thanh toán qua VNPAY-QR  (Xem chi tiết tại đây)";;https://www.thegioididong.com/dtdd/iphone-16;Skipped
iPhone 15 Plus 256GB;Đen;Yes;24990000;22990000;2026-03-09;"Khuyến mãi                      Giá và khuyến mãi dự kiến áp dụng đến 23:59 | 28/03                                                                         1                                              Tặng phiếu mua hàng Apple Watch trị giá 1,000,000đ                                                            2                                              Tặng phiếu mua hàng Macbook trị giá 1,000,000đ                                                            3                                              Phiếu mua hàng Airpods trị giá 800,000đ                                                            4                                              Tặng Phiếu mua hàng mua sạc dự phòng (trừ AVA+, Hydrus); đồng hồ thông minh (trừ Apple); Tai nghe bluetooth và Loa bluetooth các hãng JBL, Marshall,Harman Kardon; Ốp lưng (trừ Apple) trị giá 100.000đ                                                            5                                              Phiếu mua hàng mua sim Vina Bùm Data 12T trị giá 500,000đ                                                            6                                              Thu cũ đổi mới: Giảm đến 2,000,000đ (Không kèm ưu đãi thanh toán qua cổng, mua kèm)  Xem chi tiết                                                            7                                              Nhập mã VNPAY0126 giảm tối đa 100,000đ (áp dụng tùy giá trị đơn hàng) khi thanh toán qua VNPAY-QR  (Xem chi tiết tại đây)";;https://www.thegioididong.com/dtdd/iphone-15-plus;Skipped
iPhone 15 512GB;Hồng nhạt;No;27990000;23990000;2026-03-09;"Khuyến mãi                      Giá và khuyến mãi dự kiến áp dụng đến 23:59 | 28/03                                                                         1                                              Tặng phiếu mua hàng Apple Watch trị giá 1,000,000đ                                                            2                                              Tặng phiếu mua hàng Macbook trị giá 1,000,000đ                                                            3                                              Phiếu mua hàng Airpods trị giá 800,000đ                                                            4                                              Tặng Phiếu mua hàng mua sạc dự phòng (trừ AVA+, Hydrus); đồng hồ thông minh (trừ Apple); Tai nghe bluetooth và Loa bluetooth các hãng JBL, Marshall,Harman Kardon; Ốp lưng (trừ Apple) trị giá 100.000đ                                                            5                                              Phiếu mua hàng mua sim Vina Bùm Data 12T trị giá 500,000đ                                                            6                                              Thu cũ đổi mới: Giảm đến 2,000,000đ (Không kèm ưu đãi thanh toán qua cổng, mua kèm)  Xem chi tiết                                                            7                                              Nhập mã VNPAY0126 giảm tối đa 100,000đ (áp dụng tùy giá trị đơn hàng) khi thanh toán qua VNPAY-QR  (Xem chi tiết tại đây)";;https://www.thegioididong.com/dtdd/iphone-15;DEBUG_OOS_iPhone 15 512GB_Hồng nhạt_080741.png
Apple Watch Ultra 2 GPS + Cellular 49mm viền Titanium dây Ocean;Trắng;No;0;0;2026-03-09;;;https://www.thegioididong.com/dong-ho-thong-minh/apple-watch-ultra-2-lte-49mm-vien-titanium-day-ocean;DEBUG_OOS_Apple Watch Ultra 2 GPS + Cellular 49mm viền Titanium dây Ocean_Trắng_080742.png
iPhone 14 256GB;Trắng;Yes;19990000;16990000;2026-03-09;"Khuyến mãi                      Giá và khuyến mãi dự kiến áp dụng đến 23:59 | 28/03                                                                         1                                              Tặng phiếu mua hàng Apple Watch trị giá 1,000,000đ                                                            2                                              Tặng phiếu mua hàng Macbook trị giá 1,000,000đ                                                            3                                              Phiếu mua hàng Airpods trị giá 800,000đ                                                            4                                              Tặng Phiếu mua hàng mua sạc dự phòng (trừ AVA+, Hydrus); đồng hồ thông minh (trừ Apple); Tai nghe bluetooth và Loa bluetooth các hãng JBL, Marshall,Harman Kardon; Ốp lưng (trừ Apple) trị giá 100.000đ                                                            5                                              Phiếu mua hàng mua sim Vina Bùm Data 12T trị giá 500,000đ                                                            6                                              Thu cũ đổi mới: Giảm đến 2,000,000đ (Không kèm ưu đãi thanh toán qua cổng, mua kèm)  Xem chi tiết                                                            7                                              Nhập mã VNPAY0126 giảm tối đa 100,000đ (áp dụng tùy giá trị đơn hàng) khi thanh toán qua VNPAY-QR  (Xem chi tiết tại đây)";;https://www.thegioididong.com/dtdd/iphone-14;Skipped
iPhone 16 256GB;Đen;Yes;24990000;23990000;2026-03-09;"Khuyến mãi                      Giá và khuyến mãi dự kiến áp dụng đến 23:59 | 28/03                                                                         1                                              Tặng phiếu mua hàng Apple Watch trị giá 1,000,000đ                                                            2                                              Tặng phiếu mua hàng Macbook trị giá 1,000,000đ                                                            3                                              Phiếu mua hàng Airpods trị giá 800,000đ                                                            4                                              Tặng Phiếu mua hàng mua sạc dự phòng (trừ AVA+, Hydrus); đồng hồ thông minh (trừ Apple); Tai nghe bluetooth và Loa bluetooth các hãng JBL, Marshall,Harman Kardon; Ốp lưng (trừ Apple) trị giá 100.000đ                                                            5                                              Phiếu mua hàng mua sim Vina Bùm Data 12T trị giá 500,000đ                                                            6                                              Thu cũ đổi mới: Giảm đến 2,000,000đ (Không kèm ưu đãi thanh toán qua cổng, mua kèm)  Xem chi tiết                                                            7                                              Nhập mã VNPAY0126 giảm tối đa 100,000đ (áp dụng tùy giá trị đơn hàng) khi thanh toán qua VNPAY-QR  (Xem chi tiết tại đây)";;https://www.thegioididong.com/dtdd/iphone-16;Skipped
iPhone 15 Plus 256GB;Hồng nhạt;No;24990000;22990000;2026-03-09;"Khuyến mãi                      Giá và khuyến mãi dự kiến áp dụng đến 23:59 | 28/03                                                                         1                                              Tặng phiếu mua hàng Apple Watch trị giá 1,000,000đ                                                            2                                              Tặng phiếu mua hàng Macbook trị giá 1,000,000đ                                                            3                                              Phiếu mua hàng Airpods trị giá 800,000đ                                                            4                                              Tặng Phiếu mua hàng mua sạc dự phòng (trừ AVA+, Hydrus); đồng hồ thông minh (trừ Apple); Tai nghe bluetooth và Loa bluetooth các hãng JBL, Marshall,Harman Kardon; Ốp lưng (trừ Apple) trị giá 100.000đ                                                            5                                              Phiếu mua hàng mua sim Vina Bùm Data 12T trị giá 500,000đ                                                            6                                              Thu cũ đổi mới: Giảm đến 2,000,000đ (Không kèm ưu đãi thanh toán qua cổng, mua kèm)  Xem chi tiết                                                            7                                              Nhập mã VNPAY0126 giảm tối đa 100,000đ (áp dụng tùy giá trị đơn hàng) khi thanh toán qua VNPAY-QR  (Xem chi tiết tại đây)";;https://www.thegioididong.com/dtdd/iphone-15-plus;DEBUG_OOS_iPhone 15 Plus 256GB_Hồng nhạt_080745.png
iPhone 14 256GB;Đen;Yes;19990000;16590000;2026-03-09;"Khuyến mãi              Giá và khuyến mãi có thể kết thúc sớm hơn dự kiến                                                                         1                                              Tặng phiếu mua hàng Apple Watch trị giá 1,000,000đ                                                            2                                              Tặng phiếu mua hàng Macbook trị giá 1,000,000đ                                                            3                                              Phiếu mua hàng Airpods trị giá 800,000đ                                                            4                                              Tặng Phiếu mua hàng mua sạc dự phòng (trừ AVA+, Hydrus); đồng hồ thông minh (trừ Apple); Tai nghe bluetooth và Loa bluetooth các hãng JBL, Marshall,Harman Kardon; Ốp lưng (trừ Apple) trị giá 100.000đ                                                            5                                              Phiếu mua hàng mua sim Vina Bùm Data 12T trị giá 500,000đ                                                            6                                              Nhập mã VNPAY0126 giảm tối đa 100,000đ (áp dụng tùy giá trị đơn hàng) khi thanh toán qua VNPAY-QR  (Xem chi tiết tại đây)";;https://www.thegioididong.com/dtdd/iphone-14;Skipped
iPhone 15 512GB;Xanh lá nhạt;No;27990000;23990000;2026-03-09;"Khuyến mãi                      Giá và khuyến mãi dự kiến áp dụng đến 23:59 | 28/03                                                                         1                                              Tặng phiếu mua hàng Apple Watch trị giá 1,000,000đ                                                            2                                              Tặng phiếu mua hàng Macbook trị giá 1,000,000đ                                                            3                                              Phiếu mua hàng Airpods trị giá 800,000đ                                                            4                                              Tặng Phiếu mua hàng mua sạc dự phòng (trừ AVA+, Hydrus); đồng hồ thông minh (trừ Apple); Tai nghe bluetooth và Loa bluetooth các hãng JBL, Marshall,Harman Kardon; Ốp lưng (trừ Apple) trị giá 100.000đ                                                            5                                              Phiếu mua hàng mua sim Vina Bùm Data 12T trị giá 500,000đ                                                            6                                              Thu cũ đổi mới: Giảm đến 2,000,000đ (Không kèm ưu đãi thanh toán qua cổng, mua kèm)  Xem chi tiết                                                            7                                              Nhập mã VNPAY0126 giảm tối đa 100,000đ (áp dụng tùy giá trị đơn hàng) khi thanh toán qua VNPAY-QR  (Xem chi tiết tại đây)";;https://www.thegioididong.com/dtdd/iphone-15;DEBUG_OOS_iPhone 15 512GB_Xanh lá nhạt_080747.png
iPhone 15 Plus 256GB;Vàng nhạt;No;24990000;22990000;2026-03-09;"Khuyến mãi                      Giá và khuyến mãi dự kiến áp dụng đến 23:59 | 28/03                                                                         1                                              Tặng phiếu mua hàng Apple Watch trị giá 1,000,000đ                                                            2                                              Tặng phiếu mua hàng Macbook trị giá 1,000,000đ                                                            3                                              Phiếu mua hàng Airpods trị giá 800,000đ                                                            4                                              Tặng Phiếu mua hàng mua sạc dự phòng (trừ AVA+, Hydrus); đồng hồ thông minh (trừ Apple); Tai nghe bluetooth và Loa bluetooth các hãng JBL, Marshall,Harman Kardon; Ốp lưng (trừ Apple) trị giá 100.000đ                                                            5                                              Phiếu mua hàng mua sim Vina Bùm Data 12T trị giá 500,000đ                                                            6                                              Thu cũ đổi mới: Giảm đến 2,000,000đ (Không kèm ưu đãi thanh toán qua cổng, mua kèm)  Xem chi tiết                                                            7                                              Nhập mã VNPAY0126 giảm tối đa 100,000đ (áp dụng tùy giá trị đơn hàng) khi thanh toán qua VNPAY-QR  (Xem chi tiết tại đây)";;https://www.thegioididong.com/dtdd/iphone-15-plus;DEBUG_OOS_iPhone 15 Plus 256GB_Vàng nhạt_080750.png
Apple Watch Ultra 2 GPS + Cellular 49mm viền Titanium dây Ocean;Titan tự nhiên;No;0;0;2026-03-09;;;https://www.thegioididong.com/dong-ho-thong-minh/apple-watch-ultra-2-lte-49mm-vien-titanium-day-ocean;DEBUG_OOS_Apple Watch Ultra 2 GPS + Cellular 49mm viền Titanium dây Ocean_Titan tự nhiên_080750.png
iPhone 16 256GB;Xanh Mòng Két;Yes;24990000;23990000;2026-03-09;"Khuyến mãi                      Giá và khuyến mãi dự kiến áp dụng đến 23:59 | 28/03                                                                         1                                              Tặng phiếu mua hàng Apple Watch trị giá 1,000,000đ                                                            2                                              Tặng phiếu mua hàng Macbook trị giá 1,000,000đ                                                            3                                              Phiếu mua hàng Airpods trị giá 800,000đ                                                            4                                              Tặng Phiếu mua hàng mua sạc dự phòng (trừ AVA+, Hydrus); đồng hồ thông minh (trừ Apple); Tai nghe bluetooth và Loa bluetooth các hãng JBL, Marshall,Harman Kardon; Ốp lưng (trừ Apple) trị giá 100.000đ                                                            5                                              Phiếu mua hàng mua sim Vina Bùm Data 12T trị giá 500,000đ                                                            6                                              Thu cũ đổi mới: Giảm đến 2,000,000đ (Không kèm ưu đãi thanh toán qua cổng, mua kèm)  Xem chi tiết                                                            7                                              Nhập mã VNPAY0126 giảm tối đa 100,000đ (áp dụng tùy giá trị đơn hàng) khi thanh toán qua VNPAY-QR  (Xem chi tiết tại đây)";;https://www.thegioididong.com/dtdd/iphone-16;Skipped
iPhone 15 512GB;Xanh dương nhạt;No;27990000;23990000;2026-03-09;"Khuyến mãi                      Giá và khuyến mãi dự kiến áp dụng đến 23:59 | 28/03                                                                         1                                              Tặng phiếu mua hàng Apple Watch trị giá 1,000,000đ                                                            2                                              Tặng phiếu mua hàng Macbook trị giá 1,000,000đ                                                            3                                              Phiếu mua hàng Airpods trị giá 800,000đ                                                            4                                              Tặng Phiếu mua hàng mua sạc dự phòng (trừ AVA+, Hydrus); đồng hồ thông minh (trừ Apple); Tai nghe bluetooth và Loa bluetooth các hãng JBL, Marshall,Harman Kardon; Ốp lưng (trừ Apple) trị giá 100.000đ                                                            5                                              Phiếu mua hàng mua sim Vina Bùm Data 12T trị giá 500,000đ                                                            6                                              Thu cũ đổi mới: Giảm đến 2,000,000đ (Không kèm ưu đãi thanh toán qua cổng, mua kèm)  Xem chi tiết                                                            7                                              Nhập mã VNPAY0126 giảm tối đa 100,000đ (áp dụng tùy giá trị đơn hàng) khi thanh toán qua VNPAY-QR  (Xem chi tiết tại đây)";;https://www.thegioididong.com/dtdd/iphone-15;DEBUG_OOS_iPhone 15 512GB_Xanh dương nhạt_080752.png
iPhone 14 256GB;Xanh Dương;Yes;19990000;16690000;2026-03-09;"Khuyến mãi              Giá và khuyến mãi có thể kết thúc sớm hơn dự kiến                                                                         1                                              Tặng phiếu mua hàng Apple Watch trị giá 1,000,000đ                                                            2                                              Tặng phiếu mua hàng Macbook trị giá 1,000,000đ                                                            3                                              Phiếu mua hàng Airpods trị giá 800,000đ                                                            4                                              Tặng Phiếu mua hàng mua sạc dự phòng (trừ AVA+, Hydrus); đồng hồ thông minh (trừ Apple); Tai nghe bluetooth và Loa bluetooth các hãng JBL, Marshall,Harman Kardon; Ốp lưng (trừ Apple) trị giá 100.000đ                                                            5                                              Phiếu mua hàng mua sim Vina Bùm Data 12T trị giá 500,000đ                                                            6                                              Nhập mã VNPAY0126 giảm tối đa 100,000đ (áp dụng tùy giá trị đơn hàng) khi thanh toán qua VNPAY-QR  (Xem chi tiết tại đây)";;https://www.thegioididong.com/dtdd/iphone-14;Skipped
iPhone 15 Plus 256GB;Xanh dương nhạt;No;24990000;22990000;2026-03-09;"Khuyến mãi                      Giá và khuyến mãi dự kiến áp dụng đến 23:59 | 28/03                                                                         1                                              Tặng phiếu mua hàng Apple Watch trị giá 1,000,000đ                                                            2                                              Tặng phiếu mua hàng Macbook trị giá 1,000,000đ                                                            3                                              Phiếu mua hàng Airpods trị giá 800,000đ                                                            4                                              Tặng Phiếu mua hàng mua sạc dự phòng (trừ AVA+, Hydrus); đồng hồ thông minh (trừ Apple); Tai nghe bluetooth và Loa bluetooth các hãng JBL, Marshall,Harman Kardon; Ốp lưng (trừ Apple) trị giá 100.000đ                                                            5                                              Phiếu mua hàng mua sim Vina Bùm Data 12T trị giá 500,000đ                                                            6                                              Thu cũ đổi mới: Giảm đến 2,000,000đ (Không kèm ưu đãi thanh toán qua cổng, mua kèm)  Xem chi tiết                                                            7                                              Nhập mã VNPAY0126 giảm tối đa 100,000đ (áp dụng tùy giá trị đơn hàng) khi thanh toán qua VNPAY-QR  (Xem chi tiết tại đây)";;https://www.thegioididong.com/dtdd/iphone-15-plus;DEBUG_OOS_iPhone 15 Plus 256GB_Xanh dương nhạt_080755.png
iPhone 15 512GB;Vàng nhạt;No;27990000;23990000;2026-03-09;"Khuyến mãi                      Giá và khuyến mãi dự kiến áp dụng đến 23:59 | 28/03                                                                         1                                              Tặng phiếu mua hàng Apple Watch trị giá 1,000,000đ                                                            2                                              Tặng phiếu mua hàng Macbook trị giá 1,000,000đ                                                            3                                              Phiếu mua hàng Airpods trị giá 800,000đ                                                            4                                              Tặng Phiếu mua hàng mua sạc dự phòng (trừ AVA+, Hydrus); đồng hồ thông minh (trừ Apple); Tai nghe bluetooth và Loa bluetooth các hãng JBL, Marshall,Harman Kardon; Ốp lưng (trừ Apple) trị giá 100.000đ                                                            5                                              Phiếu mua hàng mua sim Vina Bùm Data 12T trị giá 500,000đ                                                            6                                              Thu cũ đổi mới: Giảm đến 2,000,000đ (Không kèm ưu đãi thanh toán qua cổng, mua kèm)  Xem chi tiết                                                            7                                              Nhập mã VNPAY0126 giảm tối đa 100,000đ (áp dụng tùy giá trị đơn hàng) khi thanh toán qua VNPAY-QR  (Xem chi tiết tại đây)";;https://www.thegioididong.com/dtdd/iphone-15;DEBUG_OOS_iPhone 15 512GB_Vàng nhạt_080757.png
iPhone 15 Plus 256GB;Xanh lá nhạt;No;24990000;22990000;2026-03-09;"Khuyến mãi                      Giá và khuyến mãi dự kiến áp dụng đến 23:59 | 28/03                                                                         1                                              Tặng phiếu mua hàng Apple Watch trị giá 1,000,000đ                                                            2                                              Tặng phiếu mua hàng Macbook trị giá 1,000,000đ                                                            3                                              Phiếu mua hàng Airpods trị giá 800,000đ                                                            4                                              Tặng Phiếu mua hàng mua sạc dự phòng (trừ AVA+, Hydrus); đồng hồ thông minh (trừ Apple); Tai nghe bluetooth và Loa bluetooth các hãng JBL, Marshall,Harman Kardon; Ốp lưng (trừ Apple) trị giá 100.000đ                                                            5                                              Phiếu mua hàng mua sim Vina Bùm Data 12T trị giá 500,000đ                                                            6                                              Thu cũ đổi mới: Giảm đến 2,000,000đ (Không kèm ưu đãi thanh toán qua cổng, mua kèm)  Xem chi tiết                                                            7                                              Nhập mã VNPAY0126 giảm tối đa 100,000đ (áp dụng tùy giá trị đơn hàng) khi thanh toán qua VNPAY-QR  (Xem chi tiết tại đây)";;https://www.thegioididong.com/dtdd/iphone-15-plus;DEBUG_OOS_iPhone 15 Plus 256GB_Xanh lá nhạt_080759.png
Apple Watch Ultra 2 GPS + Cellular 49mm viền Titanium dây Ocean;Xanh Dương;No;0;0;2026-03-09;;;https://www.thegioididong.com/dong-ho-thong-minh/apple-watch-ultra-2-lte-49mm-vien-titanium-day-ocean;DEBUG_OOS_Apple Watch Ultra 2 GPS + Cellular 49mm viền Titanium dây Ocean_Xanh Dương_080759.png
iPhone 14 256GB;Trắng;Yes;19990000;16990000;2026-03-09;"Khuyến mãi                      Giá và khuyến mãi dự kiến áp dụng đến 23:59 | 28/03                                                                         1                                              Tặng phiếu mua hàng Apple Watch trị giá 1,000,000đ                                                            2                                              Tặng phiếu mua hàng Macbook trị giá 1,000,000đ                                                            3                                              Phiếu mua hàng Airpods trị giá 800,000đ                                                            4                                              Tặng Phiếu mua hàng mua sạc dự phòng (trừ AVA+, Hydrus); đồng hồ thông minh (trừ Apple); Tai nghe bluetooth và Loa bluetooth các hãng JBL, Marshall,Harman Kardon; Ốp lưng (trừ Apple) trị giá 100.000đ                                                            5                                              Phiếu mua hàng mua sim Vina Bùm Data 12T trị giá 500,000đ                                                            6                                              Thu cũ đổi mới: Giảm đến 2,000,000đ (Không kèm ưu đãi thanh toán qua cổng, mua kèm)  Xem chi tiết                                                            7                                              Nhập mã VNPAY0126 giảm tối đa 100,000đ (áp dụng tùy giá trị đơn hàng) khi thanh toán qua VNPAY-QR  (Xem chi tiết tại đây)";;https://www.thegioididong.com/dtdd/iphone-14;Skipped
iPhone 16 256GB;Hồng;Yes;24990000;23990000;2026-03-09;"Khuyến mãi                      Giá và khuyến mãi dự kiến áp dụng đến 23:59 | 28/03                                                                         1                                              Tặng phiếu mua hàng Apple Watch trị giá 1,000,000đ                                                            2                                              Tặng phiếu mua hàng Macbook trị giá 1,000,000đ                                                            3                                              Phiếu mua hàng Airpods trị giá 800,000đ                                                            4                                              Tặng Phiếu mua hàng mua sạc dự phòng (trừ AVA+, Hydrus); đồng hồ thông minh (trừ Apple); Tai nghe bluetooth và Loa bluetooth các hãng JBL, Marshall,Harman Kardon; Ốp lưng (trừ Apple) trị giá 100.000đ                                                            5                                              Phiếu mua hàng mua sim Vina Bùm Data 12T trị giá 500,000đ                                                            6                                              Thu cũ đổi mới: Giảm đến 2,000,000đ (Không kèm ưu đãi thanh toán qua cổng, mua kèm)  Xem chi tiết                                                            7                                              Nhập mã VNPAY0126 giảm tối đa 100,000đ (áp dụng tùy giá trị đơn hàng) khi thanh toán qua VNPAY-QR  (Xem chi tiết tại đây)";;https://www.thegioididong.com/dtdd/iphone-16;Skipped
iPhone 14 256GB;Đen;Yes;19990000;16590000;2026-03-09;"Khuyến mãi              Giá và khuyến mãi có thể kết thúc sớm hơn dự kiến                                                                         1                                              Tặng phiếu mua hàng Apple Watch trị giá 1,000,000đ                                                            2                                              Tặng phiếu mua hàng Macbook trị giá 1,000,000đ                                                            3                                              Phiếu mua hàng Airpods trị giá 800,000đ                                                            4                                              Tặng Phiếu mua hàng mua sạc dự phòng (trừ AVA+, Hydrus); đồng hồ thông minh (trừ Apple); Tai nghe bluetooth và Loa bluetooth các hãng JBL, Marshall,Harman Kardon; Ốp lưng (trừ Apple) trị giá 100.000đ                                                            5                                              Phiếu mua hàng mua sim Vina Bùm Data 12T trị giá 500,000đ                                                            6                                              Nhập mã VNPAY0126 giảm tối đa 100,000đ (áp dụng tùy giá trị đơn hàng) khi thanh toán qua VNPAY-QR  (Xem chi tiết tại đây)";;https://www.thegioididong.com/dtdd/iphone-14;Skipped
iPhone 15 512GB;Đen;Yes;27990000;23990000;2026-03-09;"Khuyến mãi                      Giá và khuyến mãi dự kiến áp dụng đến 23:59 | 28/03                                                                         1                                              Tặng phiếu mua hàng Apple Watch trị giá 1,000,000đ                                                            2                                              Tặng phiếu mua hàng Macbook trị giá 1,000,000đ                                                            3                                              Phiếu mua hàng Airpods trị giá 800,000đ                                                            4                                              Tặng Phiếu mua hàng mua sạc dự phòng (trừ AVA+, Hydrus); đồng hồ thông minh (trừ Apple); Tai nghe bluetooth và Loa bluetooth các hãng JBL, Marshall,Harman Kardon; Ốp lưng (trừ Apple) trị giá 100.000đ                                                            5                                              Phiếu mua hàng mua sim Vina Bùm Data 12T trị giá 500,000đ                                                            6                                              Thu cũ đổi mới: Giảm đến 2,000,000đ (Không kèm ưu đãi thanh toán qua cổng, mua kèm)  Xem chi tiết                                                            7                                              Nhập mã VNPAY0126 giảm tối đa 100,000đ (áp dụng tùy giá trị đơn hàng) khi thanh toán qua VNPAY-QR  (Xem chi tiết tại đây)";;https://www.thegioididong.com/dtdd/iphone-15;Skipped
Apple Watch Ultra 2 GPS + Cellular 49mm viền Titanium dây Ocean;Cam;No;0;0;2026-03-09;;;https://www.thegioididong.com/dong-ho-thong-minh/apple-watch-ultra-2-lte-49mm-vien-titanium-day-ocean;DEBUG_OOS_Apple Watch Ultra 2 GPS + Cellular 49mm viền Titanium dây Ocean_Cam_080806.png
iPhone 16 256GB;Trắng;Yes;24990000;23990000;2026-03-09;"Khuyến mãi                      Giá và khuyến mãi dự kiến áp dụng đến 23:59 | 28/03                                                                         1                                              Tặng phiếu mua hàng Apple Watch trị giá 1,000,000đ                                                            2                                              Tặng phiếu mua hàng Macbook trị giá 1,000,000đ                                                            3                                              Phiếu mua hàng Airpods trị giá 800,000đ                                                            4                                              Tặng Phiếu mua hàng mua sạc dự phòng (trừ AVA+, Hydrus); đồng hồ thông minh (trừ Apple); Tai nghe bluetooth và Loa bluetooth các hãng JBL, Marshall,Harman Kardon; Ốp lưng (trừ Apple) trị giá 100.000đ                                                            5                                              Phiếu mua hàng mua sim Vina Bùm Data 12T trị giá 500,000đ                                                            6                                              Thu cũ đổi mới: Giảm đến 2,000,000đ (Không kèm ưu đãi thanh toán qua cổng, mua kèm)  Xem chi tiết                                                            7                                              Nhập mã VNPAY0126 giảm tối đa 100,000đ (áp dụng tùy giá trị đơn hàng) khi thanh toán qua VNPAY-QR  (Xem chi tiết tại đây)";;https://www.thegioididong.com/dtdd/iphone-16;Skipped
iPhone 15 Plus 512GB;Đen;Yes;30990000;27990000;2026-03-09;"Khuyến mãi                      Giá và khuyến mãi dự kiến áp dụng đến 23:59 | 28/03                                                                         1                                              Tặng phiếu mua hàng Apple Watch trị giá 1,000,000đ                                                            2                                              Tặng phiếu mua hàng Macbook trị giá 1,000,000đ                                                            3                                              Phiếu mua hàng Airpods trị giá 800,000đ                                                            4                                              Tặng Phiếu mua hàng mua sạc dự phòng (trừ AVA+, Hydrus); đồng hồ thông minh (trừ Apple); Tai nghe bluetooth và Loa bluetooth các hãng JBL, Marshall,Harman Kardon; Ốp lưng (trừ Apple) trị giá 100.000đ                                                            5                                              Phiếu mua hàng mua sim Vina Bùm Data 12T trị giá 500,000đ                                                            6                                              Thu cũ đổi mới: Giảm đến 2,000,000đ (Không kèm ưu đãi thanh toán qua cổng, mua kèm)  Xem chi tiết                                                            7                                              Nhập mã VNPAY0126 giảm tối đa 100,000đ (áp dụng tùy giá trị đơn hàng) khi thanh toán qua VNPAY-QR  (Xem chi tiết tại đây)";;https://www.thegioididong.com/dtdd/iphone-15-plus;Skipped
iPhone 15 512GB;Hồng nhạt;No;27990000;23990000;2026-03-09;"Khuyến mãi                      Giá và khuyến mãi dự kiến áp dụng đến 23:59 | 28/03                                                                         1                                              Tặng phiếu mua hàng Apple Watch trị giá 1,000,000đ                                                            2                                              Tặng phiếu mua hàng Macbook trị giá 1,000,000đ                                                            3                                              Phiếu mua hàng Airpods trị giá 800,000đ                                                            4                                              Tặng Phiếu mua hàng mua sạc dự phòng (trừ AVA+, Hydrus); đồng hồ thông minh (trừ Apple); Tai nghe bluetooth và Loa bluetooth các hãng JBL, Marshall,Harman Kardon; Ốp lưng (trừ Apple) trị giá 100.000đ                                                            5                                              Phiếu mua hàng mua sim Vina Bùm Data 12T trị giá 500,000đ                                                            6                                              Thu cũ đổi mới: Giảm đến 2,000,000đ (Không kèm ưu đãi thanh toán qua cổng, mua kèm)  Xem chi tiết                                                            7                                              Nhập mã VNPAY0126 giảm tối đa 100,000đ (áp dụng tùy giá trị đơn hàng) khi thanh toán qua VNPAY-QR  (Xem chi tiết tại đây)";;https://www.thegioididong.com/dtdd/iphone-15;DEBUG_OOS_iPhone 15 512GB_Hồng nhạt_080809.png
iPhone 16 Plus 128GB;Trắng;Yes;25990000;25090000;2026-03-09;"Khuyến mãi              Giá và khuyến mãi có thể kết thúc sớm hơn dự kiến                                                                         1                                              Tặng phiếu mua hàng Apple Watch trị giá 1,000,000đ                                                            2                                              Tặng phiếu mua hàng Macbook trị giá 1,000,000đ                                                            3                                              Phiếu mua hàng Airpods trị giá 800,000đ                                                            4                                              Tặng Phiếu mua hàng mua sạc dự phòng (trừ AVA+, Hydrus); đồng hồ thông minh (trừ Apple); Tai nghe bluetooth và Loa bluetooth các hãng JBL, Marshall,Harman Kardon; Ốp lưng (trừ Apple) trị giá 100.000đ                                                            5                                              Phiếu mua hàng mua sim Vina Bùm Data 12T trị giá 500,000đ                                                            6                                              Nhập mã VNPAY0126 giảm tối đa 100,000đ (áp dụng tùy giá trị đơn hàng) khi thanh toán qua VNPAY-QR  (Xem chi tiết tại đây)";;https://www.thegioididong.com/dtdd/iphone-16-plus;Skipped
iPhone 15 512GB;Xanh lá nhạt;No;27990000;23990000;2026-03-09;"Khuyến mãi                      Giá và khuyến mãi dự kiến áp dụng đến 23:59 | 28/03                                                                         1                                              Tặng phiếu mua hàng Apple Watch trị giá 1,000,000đ                                                            2                                              Tặng phiếu mua hàng Macbook trị giá 1,000,000đ                                                            3                                              Phiếu mua hàng Airpods trị giá 800,000đ                                                            4                                              Tặng Phiếu mua hàng mua sạc dự phòng (trừ AVA+, Hydrus); đồng hồ thông minh (trừ Apple); Tai nghe bluetooth và Loa bluetooth các hãng JBL, Marshall,Harman Kardon; Ốp lưng (trừ Apple) trị giá 100.000đ                                                            5                                              Phiếu mua hàng mua sim Vina Bùm Data 12T trị giá 500,000đ                                                            6                                              Thu cũ đổi mới: Giảm đến 2,000,000đ (Không kèm ưu đãi thanh toán qua cổng, mua kèm)  Xem chi tiết                                                            7                                              Nhập mã VNPAY0126 giảm tối đa 100,000đ (áp dụng tùy giá trị đơn hàng) khi thanh toán qua VNPAY-QR  (Xem chi tiết tại đây)";;https://www.thegioididong.com/dtdd/iphone-15;DEBUG_OOS_iPhone 15 512GB_Xanh lá nhạt_080813.png
Apple Watch Ultra 2 GPS + Cellular 49mm viền Titanium dây Ocean;Trắng;No;0;0;2026-03-09;;;https://www.thegioididong.com/dong-ho-thong-minh/apple-watch-ultra-2-lte-49mm-vien-titanium-day-ocean;DEBUG_OOS_Apple Watch Ultra 2 GPS + Cellular 49mm viền Titanium dây Ocean_Trắng_080813.png
iPhone 16 Plus 128GB;Hồng;Yes;25990000;25090000;2026-03-09;"Khuyến mãi              Giá và khuyến mãi có thể kết thúc sớm hơn dự kiến                                                                         1                                              Tặng phiếu mua hàng Apple Watch trị giá 1,000,000đ                                                            2                                              Tặng phiếu mua hàng Macbook trị giá 1,000,000đ                                                            3                                              Phiếu mua hàng Airpods trị giá 800,000đ                                                            4                                              Tặng Phiếu mua hàng mua sạc dự phòng (trừ AVA+, Hydrus); đồng hồ thông minh (trừ Apple); Tai nghe bluetooth và Loa bluetooth các hãng JBL, Marshall,Harman Kardon; Ốp lưng (trừ Apple) trị giá 100.000đ                                                            5                                              Phiếu mua hàng mua sim Vina Bùm Data 12T trị giá 500,000đ                                                            6                                              Nhập mã VNPAY0126 giảm tối đa 100,000đ (áp dụng tùy giá trị đơn hàng) khi thanh toán qua VNPAY-QR  (Xem chi tiết tại đây)";;https://www.thegioididong.com/dtdd/iphone-16-plus;Skipped
iPhone 15 Plus 512GB;Vàng nhạt;Yes;30990000;27990000;2026-03-09;"Khuyến mãi                      Giá và khuyến mãi dự kiến áp dụng đến 23:59 | 28/03                                                                         1                                              Tặng phiếu mua hàng Apple Watch trị giá 1,000,000đ                                                            2                                              Tặng phiếu mua hàng Macbook trị giá 1,000,000đ                                                            3                                              Phiếu mua hàng Airpods trị giá 800,000đ                                                            4                                              Tặng Phiếu mua hàng mua sạc dự phòng (trừ AVA+, Hydrus); đồng hồ thông minh (trừ Apple); Tai nghe bluetooth và Loa bluetooth các hãng JBL, Marshall,Harman Kardon; Ốp lưng (trừ Apple) trị giá 100.000đ                                                            5                                              Phiếu mua hàng mua sim Vina Bùm Data 12T trị giá 500,000đ                                                            6                                              Thu cũ đổi mới: Giảm đến 2,000,000đ (Không kèm ưu đãi thanh toán qua cổng, mua kèm)  Xem chi tiết                                                            7                                              Nhập mã VNPAY0126 giảm tối đa 100,000đ (áp dụng tùy giá trị đơn hàng) khi thanh toán qua VNPAY-QR  (Xem chi tiết tại đây)";;https://www.thegioididong.com/dtdd/iphone-15-plus;Skipped
iPhone 16 512GB;Xanh Lưu Ly;Yes;31990000;26990000;2026-03-09;"Khuyến mãi                      Giá và khuyến mãi dự kiến áp dụng đến 23:59 | 28/03                                                                         1                                              Tặng phiếu mua hàng Apple Watch trị giá 1,000,000đ                                                            2                                              Tặng phiếu mua hàng Macbook trị giá 1,000,000đ                                                            3                                              Phiếu mua hàng Airpods trị giá 800,000đ                                                            4                                              Tặng Phiếu mua hàng mua sạc dự phòng (trừ AVA+, Hydrus); đồng hồ thông minh (trừ Apple); Tai nghe bluetooth và Loa bluetooth các hãng JBL, Marshall,Harman Kardon; Ốp lưng (trừ Apple) trị giá 100.000đ                                                            5                                              Phiếu mua hàng mua sim Vina Bùm Data 12T trị giá 500,000đ                                                            6                                              Thu cũ đổi mới: Giảm đến 2,000,000đ (Không kèm ưu đãi thanh toán qua cổng, mua kèm)  Xem chi tiết                                                            7                                              Nhập mã VNPAY0126 giảm tối đa 100,000đ (áp dụng tùy giá trị đơn hàng) khi thanh toán qua VNPAY-QR  (Xem chi tiết tại đây)";;https://www.thegioididong.com/dtdd/iphone-16;Skipped
iPhone 15 512GB;Xanh dương nhạt;No;27990000;23990000;2026-03-09;"Khuyến mãi                      Giá và khuyến mãi dự kiến áp dụng đến 23:59 | 28/03                                                                         1                                              Tặng phiếu mua hàng Apple Watch trị giá 1,000,000đ                                                            2                                              Tặng phiếu mua hàng Macbook trị giá 1,000,000đ                                                            3                                              Phiếu mua hàng Airpods trị giá 800,000đ                                                            4                                              Tặng Phiếu mua hàng mua sạc dự phòng (trừ AVA+, Hydrus); đồng hồ thông minh (trừ Apple); Tai nghe bluetooth và Loa bluetooth các hãng JBL, Marshall,Harman Kardon; Ốp lưng (trừ Apple) trị giá 100.000đ                                                            5                                              Phiếu mua hàng mua sim Vina Bùm Data 12T trị giá 500,000đ                                                            6                                              Thu cũ đổi mới: Giảm đến 2,000,000đ (Không kèm ưu đãi thanh toán qua cổng, mua kèm)  Xem chi tiết                                                            7                                              Nhập mã VNPAY0126 giảm tối đa 100,000đ (áp dụng tùy giá trị đơn hàng) khi thanh toán qua VNPAY-QR  (Xem chi tiết tại đây)";;https://www.thegioididong.com/dtdd/iphone-15;DEBUG_OOS_iPhone 15 512GB_Xanh dương nhạt_080816.png
iPhone 16 Plus 128GB;Đen;Yes;25990000;25090000;2026-03-09;"Khuyến mãi              Giá và khuyến mãi có thể kết thúc sớm hơn dự kiến                                                                         1                                              Tặng phiếu mua hàng Apple Watch trị giá 1,000,000đ                                                            2                                              Tặng phiếu mua hàng Macbook trị giá 1,000,000đ                                                            3                                              Phiếu mua hàng Airpods trị giá 800,000đ                                                            4                                              Tặng Phiếu mua hàng mua sạc dự phòng (trừ AVA+, Hydrus); đồng hồ thông minh (trừ Apple); Tai nghe bluetooth và Loa bluetooth các hãng JBL, Marshall,Harman Kardon; Ốp lưng (trừ Apple) trị giá 100.000đ                                                            5                                              Phiếu mua hàng mua sim Vina Bùm Data 12T trị giá 500,000đ                                                            6                                              Nhập mã VNPAY0126 giảm tối đa 100,000đ (áp dụng tùy giá trị đơn hàng) khi thanh toán qua VNPAY-QR  (Xem chi tiết tại đây)";;https://www.thegioididong.com/dtdd/iphone-16-plus;Skipped
iPhone 15 Plus 512GB;Hồng nhạt;No;30990000;27990000;2026-03-09;"Khuyến mãi                      Giá và khuyến mãi dự kiến áp dụng đến 23:59 | 28/03                                                                         1                                              Tặng phiếu mua hàng Apple Watch trị giá 1,000,000đ                                                            2                                              Tặng phiếu mua hàng Macbook trị giá 1,000,000đ                                                            3                                              Phiếu mua hàng Airpods trị giá 800,000đ                                                            4                                              Tặng Phiếu mua hàng mua sạc dự phòng (trừ AVA+, Hydrus); đồng hồ thông minh (trừ Apple); Tai nghe bluetooth và Loa bluetooth các hãng JBL, Marshall,Harman Kardon; Ốp lưng (trừ Apple) trị giá 100.000đ                                                            5                                              Phiếu mua hàng mua sim Vina Bùm Data 12T trị giá 500,000đ                                                            6                                              Thu cũ đổi mới: Giảm đến 2,000,000đ (Không kèm ưu đãi thanh toán qua cổng, mua kèm)  Xem chi tiết                                                            7                                              Nhập mã VNPAY0126 giảm tối đa 100,000đ (áp dụng tùy giá trị đơn hàng) khi thanh toán qua VNPAY-QR  (Xem chi tiết tại đây)";;https://www.thegioididong.com/dtdd/iphone-15-plus;DEBUG_OOS_iPhone 15 Plus 512GB_Hồng nhạt_080819.png
iPhone 16 512GB;Trắng;No;31990000;26990000;2026-03-09;"Khuyến mãi                      Giá và khuyến mãi dự kiến áp dụng đến 23:59 | 28/03                                                                         1                                              Tặng phiếu mua hàng Apple Watch trị giá 1,000,000đ                                                            2                                              Tặng phiếu mua hàng Macbook trị giá 1,000,000đ                                                            3                                              Phiếu mua hàng Airpods trị giá 800,000đ                                                            4                                              Tặng Phiếu mua hàng mua sạc dự phòng (trừ AVA+, Hydrus); đồng hồ thông minh (trừ Apple); Tai nghe bluetooth và Loa bluetooth các hãng JBL, Marshall,Harman Kardon; Ốp lưng (trừ Apple) trị giá 100.000đ                                                            5                                              Phiếu mua hàng mua sim Vina Bùm Data 12T trị giá 500,000đ                                                            6                                              Thu cũ đổi mới: Giảm đến 2,000,000đ (Không kèm ưu đãi thanh toán qua cổng, mua kèm)  Xem chi tiết                                                            7                                              Nhập mã VNPAY0126 giảm tối đa 100,000đ (áp dụng tùy giá trị đơn hàng) khi thanh toán qua VNPAY-QR  (Xem chi tiết tại đây)";;https://www.thegioididong.com/dtdd/iphone-16;DEBUG_OOS_iPhone 16 512GB_Trắng_080819.png
iPhone 15 512GB;Vàng nhạt;No;27990000;23990000;2026-03-09;"Khuyến mãi                      Giá và khuyến mãi dự kiến áp dụng đến 23:59 | 28/03                                                                         1                                              Tặng phiếu mua hàng Apple Watch trị giá 1,000,000đ                                                            2                                              Tặng phiếu mua hàng Macbook trị giá 1,000,000đ                                                            3                                              Phiếu mua hàng Airpods trị giá 800,000đ                                                            4                                              Tặng Phiếu mua hàng mua sạc dự phòng (trừ AVA+, Hydrus); đồng hồ thông minh (trừ Apple); Tai nghe bluetooth và Loa bluetooth các hãng JBL, Marshall,Harman Kardon; Ốp lưng (trừ Apple) trị giá 100.000đ                                                            5                                              Phiếu mua hàng mua sim Vina Bùm Data 12T trị giá 500,000đ                                                            6                                              Thu cũ đổi mới: Giảm đến 2,000,000đ (Không kèm ưu đãi thanh toán qua cổng, mua kèm)  Xem chi tiết                                                            7                                              Nhập mã VNPAY0126 giảm tối đa 100,000đ (áp dụng tùy giá trị đơn hàng) khi thanh toán qua VNPAY-QR  (Xem chi tiết tại đây)";;https://www.thegioididong.com/dtdd/iphone-15;DEBUG_OOS_iPhone 15 512GB_Vàng nhạt_080819.png
Apple Watch Ultra 2 GPS + Cellular 49mm viền Titanium dây Ocean;Titan tự nhiên;No;0;0;2026-03-09;;;https://www.thegioididong.com/dong-ho-thong-minh/apple-watch-ultra-2-lte-49mm-vien-titanium-day-ocean;DEBUG_OOS_Apple Watch Ultra 2 GPS + Cellular 49mm viền Titanium dây Ocean_Titan tự nhiên_080820.png
iPhone 16 Plus 128GB;Xanh Mòng Két;Yes;25990000;25090000;2026-03-09;"Khuyến mãi              Giá và khuyến mãi có thể kết thúc sớm hơn dự kiến                                                                         1                                              Tặng phiếu mua hàng Apple Watch trị giá 1,000,000đ                                                            2                                              Tặng phiếu mua hàng Macbook trị giá 1,000,000đ                                                            3                                              Phiếu mua hàng Airpods trị giá 800,000đ                                                            4                                              Tặng Phiếu mua hàng mua sạc dự phòng (trừ AVA+, Hydrus); đồng hồ thông minh (trừ Apple); Tai nghe bluetooth và Loa bluetooth các hãng JBL, Marshall,Harman Kardon; Ốp lưng (trừ Apple) trị giá 100.000đ                                                            5                                              Phiếu mua hàng mua sim Vina Bùm Data 12T trị giá 500,000đ                                                            6                                              Nhập mã VNPAY0126 giảm tối đa 100,000đ (áp dụng tùy giá trị đơn hàng) khi thanh toán qua VNPAY-QR  (Xem chi tiết tại đây)";;https://www.thegioididong.com/dtdd/iphone-16-plus;Skipped
iPhone 15 Plus 512GB;Xanh dương nhạt;No;30990000;27990000;2026-03-09;"Khuyến mãi                      Giá và khuyến mãi dự kiến áp dụng đến 23:59 | 28/03                                                                         1                                              Tặng phiếu mua hàng Apple Watch trị giá 1,000,000đ                                                            2                                              Tặng phiếu mua hàng Macbook trị giá 1,000,000đ                                                            3                                              Phiếu mua hàng Airpods trị giá 800,000đ                                                            4                                              Tặng Phiếu mua hàng mua sạc dự phòng (trừ AVA+, Hydrus); đồng hồ thông minh (trừ Apple); Tai nghe bluetooth và Loa bluetooth các hãng JBL, Marshall,Harman Kardon; Ốp lưng (trừ Apple) trị giá 100.000đ                                                            5                                              Phiếu mua hàng mua sim Vina Bùm Data 12T trị giá 500,000đ                                                            6                                              Thu cũ đổi mới: Giảm đến 2,000,000đ (Không kèm ưu đãi thanh toán qua cổng, mua kèm)  Xem chi tiết                                                            7                                              Nhập mã VNPAY0126 giảm tối đa 100,000đ (áp dụng tùy giá trị đơn hàng) khi thanh toán qua VNPAY-QR  (Xem chi tiết tại đây)";;https://www.thegioididong.com/dtdd/iphone-15-plus;DEBUG_OOS_iPhone 15 Plus 512GB_Xanh dương nhạt_080822.png
iPhone 16 512GB;Hồng;No;31990000;26990000;2026-03-09;"Khuyến mãi                      Giá và khuyến mãi dự kiến áp dụng đến 23:59 | 28/03                                                                         1                                              Tặng phiếu mua hàng Apple Watch trị giá 1,000,000đ                                                            2                                              Tặng phiếu mua hàng Macbook trị giá 1,000,000đ                                                            3                                              Phiếu mua hàng Airpods trị giá 800,000đ                                                            4                                              Tặng Phiếu mua hàng mua sạc dự phòng (trừ AVA+, Hydrus); đồng hồ thông minh (trừ Apple); Tai nghe bluetooth và Loa bluetooth các hãng JBL, Marshall,Harman Kardon; Ốp lưng (trừ Apple) trị giá 100.000đ                                                            5                                              Phiếu mua hàng mua sim Vina Bùm Data 12T trị giá 500,000đ                                                            6                                              Thu cũ đổi mới: Giảm đến 2,000,000đ (Không kèm ưu đãi thanh toán qua cổng, mua kèm)  Xem chi tiết                                                            7                                              Nhập mã VNPAY0126 giảm tối đa 100,000đ (áp dụng tùy giá trị đơn hàng) khi thanh toán qua VNPAY-QR  (Xem chi tiết tại đây)";;https://www.thegioididong.com/dtdd/iphone-16;DEBUG_OOS_iPhone 16 512GB_Hồng_080823.png
iPhone 16 Plus 128GB;Xanh Lưu Ly;Yes;25990000;25090000;2026-03-09;"Khuyến mãi              Giá và khuyến mãi có thể kết thúc sớm hơn dự kiến                                                                         1                                              Tặng phiếu mua hàng Apple Watch trị giá 1,000,000đ                                                            2                                              Tặng phiếu mua hàng Macbook trị giá 1,000,000đ                                                            3                                              Phiếu mua hàng Airpods trị giá 800,000đ                                                            4                                              Tặng Phiếu mua hàng mua sạc dự phòng (trừ AVA+, Hydrus); đồng hồ thông minh (trừ Apple); Tai nghe bluetooth và Loa bluetooth các hãng JBL, Marshall,Harman Kardon; Ốp lưng (trừ Apple) trị giá 100.000đ                                                            5                                              Phiếu mua hàng mua sim Vina Bùm Data 12T trị giá 500,000đ                                                            6                                              Nhập mã VNPAY0126 giảm tối đa 100,000đ (áp dụng tùy giá trị đơn hàng) khi thanh toán qua VNPAY-QR  (Xem chi tiết tại đây)";;https://www.thegioididong.com/dtdd/iphone-16-plus;Skipped
iPhone 15 512GB;Đen;Yes;27990000;23990000;2026-03-09;"Khuyến mãi                      Giá và khuyến mãi dự kiến áp dụng đến 23:59 | 28/03                                                                         1                                              Tặng phiếu mua hàng Apple Watch trị giá 1,000,000đ                                                            2                                              Tặng phiếu mua hàng Macbook trị giá 1,000,000đ                                                            3                                              Phiếu mua hàng Airpods trị giá 800,000đ                                                            4                                              Tặng Phiếu mua hàng mua sạc dự phòng (trừ AVA+, Hydrus); đồng hồ thông minh (trừ Apple); Tai nghe bluetooth và Loa bluetooth các hãng JBL, Marshall,Harman Kardon; Ốp lưng (trừ Apple) trị giá 100.000đ                                                            5                                              Phiếu mua hàng mua sim Vina Bùm Data 12T trị giá 500,000đ                                                            6                                              Thu cũ đổi mới: Giảm đến 2,000,000đ (Không kèm ưu đãi thanh toán qua cổng, mua kèm)  Xem chi tiết                                                            7                                              Nhập mã VNPAY0126 giảm tối đa 100,000đ (áp dụng tùy giá trị đơn hàng) khi thanh toán qua VNPAY-QR  (Xem chi tiết tại đây)";;https://www.thegioididong.com/dtdd/iphone-15;Skipped
iPhone 16 Pro 128GB;Titan Sa Mạc;No;27990000;25590000;2026-03-09;"Khuyến mãi                      Giá và khuyến mãi dự kiến áp dụng đến 23:59 | 28/03                                                                         1                                              Tặng phiếu mua hàng Apple Watch trị giá 1,000,000đ                                                            2                                              Tặng phiếu mua hàng Macbook trị giá 1,000,000đ                                                            3                                              Phiếu mua hàng Airpods trị giá 800,000đ                                                            4                                              Tặng Phiếu mua hàng mua sạc dự phòng (trừ AVA+, Hydrus); đồng hồ thông minh (trừ Apple); Tai nghe bluetooth và Loa bluetooth các hãng JBL, Marshall,Harman Kardon; Ốp lưng (trừ Apple) trị giá 100.000đ                                                            5                                              Phiếu mua hàng mua sim Vina Bùm Data 12T trị giá 500,000đ                                                            6                                              Thu cũ đổi mới: Giảm đến 2,000,000đ (Không kèm ưu đãi thanh toán qua cổng, mua kèm)  Xem chi tiết                                                            7                                              Nhập mã VNPAY0126 giảm tối đa 100,000đ (áp dụng tùy giá trị đơn hàng) khi thanh toán qua VNPAY-QR  (Xem chi tiết tại đây)";;https://www.thegioididong.com/dtdd/iphone-16-pro;DEBUG_OOS_iPhone 16 Pro 128GB_Titan Sa Mạc_080826.png
iPhone 15 Plus 512GB;Xanh lá nhạt;No;30990000;27990000;2026-03-09;"Khuyến mãi                      Giá và khuyến mãi dự kiến áp dụng đến 23:59 | 28/03                                                                         1                                              Tặng phiếu mua hàng Apple Watch trị giá 1,000,000đ                                                            2                                              Tặng phiếu mua hàng Macbook trị giá 1,000,000đ                                                            3                                              Phiếu mua hàng Airpods trị giá 800,000đ                                                            4                                              Tặng Phiếu mua hàng mua sạc dự phòng (trừ AVA+, Hydrus); đồng hồ thông minh (trừ Apple); Tai nghe bluetooth và Loa bluetooth các hãng JBL, Marshall,Harman Kardon; Ốp lưng (trừ Apple) trị giá 100.000đ                                                            5                                              Phiếu mua hàng mua sim Vina Bùm Data 12T trị giá 500,000đ                                                            6                                              Thu cũ đổi mới: Giảm đến 2,000,000đ (Không kèm ưu đãi thanh toán qua cổng, mua kèm)  Xem chi tiết                                                            7                                              Nhập mã VNPAY0126 giảm tối đa 100,000đ (áp dụng tùy giá trị đơn hàng) khi thanh toán qua VNPAY-QR  (Xem chi tiết tại đây)";;https://www.thegioididong.com/dtdd/iphone-15-plus;DEBUG_OOS_iPhone 15 Plus 512GB_Xanh lá nhạt_080826.png
iPhone 16 Plus 256GB;Trắng;Yes;28990000;28090000;2026-03-09;"Khuyến mãi              Giá và khuyến mãi có thể kết thúc sớm hơn dự kiến                                                                         1                                              Tặng phiếu mua hàng Apple Watch trị giá 1,000,000đ                                                            2                                              Tặng phiếu mua hàng Macbook trị giá 1,000,000đ                                                            3                                              Phiếu mua hàng Airpods trị giá 800,000đ                                                            4                                              Tặng Phiếu mua hàng mua sạc dự phòng (trừ AVA+, Hydrus); đồng hồ thông minh (trừ Apple); Tai nghe bluetooth và Loa bluetooth các hãng JBL, Marshall,Harman Kardon; Ốp lưng (trừ Apple) trị giá 100.000đ                                                            5                                              Phiếu mua hàng mua sim Vina Bùm Data 12T trị giá 500,000đ                                                            6                                              Nhập mã VNPAY0126 giảm tối đa 100,000đ (áp dụng tùy giá trị đơn hàng) khi thanh toán qua VNPAY-QR  (Xem chi tiết tại đây)";;https://www.thegioididong.com/dtdd/iphone-16-plus;Skipped
iPhone 16 Pro 128GB;Titan trắng;No;27990000;25590000;2026-03-09;"Khuyến mãi                      Giá và khuyến mãi dự kiến áp dụng đến 23:59 | 28/03                                                                         1                                              Tặng phiếu mua hàng Apple Watch trị giá 1,000,000đ                                                            2                                              Tặng phiếu mua hàng Macbook trị giá 1,000,000đ                                                            3                                              Phiếu mua hàng Airpods trị giá 800,000đ                                                            4                                              Tặng Phiếu mua hàng mua sạc dự phòng (trừ AVA+, Hydrus); đồng hồ thông minh (trừ Apple); Tai nghe bluetooth và Loa bluetooth các hãng JBL, Marshall,Harman Kardon; Ốp lưng (trừ Apple) trị giá 100.000đ                                                            5                                              Phiếu mua hàng mua sim Vina Bùm Data 12T trị giá 500,000đ                                                            6                                              Thu cũ đổi mới: Giảm đến 2,000,000đ (Không kèm ưu đãi thanh toán qua cổng, mua kèm)  Xem chi tiết                                                            7                                              Nhập mã VNPAY0126 giảm tối đa 100,000đ (áp dụng tùy giá trị đơn hàng) khi thanh toán qua VNPAY-QR  (Xem chi tiết tại đây)";;https://www.thegioididong.com/dtdd/iphone-16-pro;DEBUG_OOS_iPhone 16 Pro 128GB_Titan trắng_080830.png
iPhone 16 512GB;Đen;Yes;31990000;26990000;2026-03-09;"Khuyến mãi                      Giá và khuyến mãi dự kiến áp dụng đến 23:59 | 28/03                                                                         1                                              Tặng phiếu mua hàng Apple Watch trị giá 1,000,000đ                                                            2                                              Tặng phiếu mua hàng Macbook trị giá 1,000,000đ                                                            3                                              Phiếu mua hàng Airpods trị giá 800,000đ                                                            4                                              Tặng Phiếu mua hàng mua sạc dự phòng (trừ AVA+, Hydrus); đồng hồ thông minh (trừ Apple); Tai nghe bluetooth và Loa bluetooth các hãng JBL, Marshall,Harman Kardon; Ốp lưng (trừ Apple) trị giá 100.000đ                                                            5                                              Phiếu mua hàng mua sim Vina Bùm Data 12T trị giá 500,000đ                                                            6                                              Thu cũ đổi mới: Giảm đến 2,000,000đ (Không kèm ưu đãi thanh toán qua cổng, mua kèm)  Xem chi tiết                                                            7                                              Nhập mã VNPAY0126 giảm tối đa 100,000đ (áp dụng tùy giá trị đơn hàng) khi thanh toán qua VNPAY-QR  (Xem chi tiết tại đây)";;https://www.thegioididong.com/dtdd/iphone-16;Skipped
iPhone 15 512GB;Hồng nhạt;No;27990000;23990000;2026-03-09;"Khuyến mãi                      Giá và khuyến mãi dự kiến áp dụng đến 23:59 | 28/03                                                                         1                                              Tặng phiếu mua hàng Apple Watch trị giá 1,000,000đ                                                            2                                              Tặng phiếu mua hàng Macbook trị giá 1,000,000đ                                                            3                                              Phiếu mua hàng Airpods trị giá 800,000đ                                                            4                                              Tặng Phiếu mua hàng mua sạc dự phòng (trừ AVA+, Hydrus); đồng hồ thông minh (trừ Apple); Tai nghe bluetooth và Loa bluetooth các hãng JBL, Marshall,Harman Kardon; Ốp lưng (trừ Apple) trị giá 100.000đ                                                            5                                              Phiếu mua hàng mua sim Vina Bùm Data 12T trị giá 500,000đ                                                            6                                              Thu cũ đổi mới: Giảm đến 2,000,000đ (Không kèm ưu đãi thanh toán qua cổng, mua kèm)  Xem chi tiết                                                            7                                              Nhập mã VNPAY0126 giảm tối đa 100,000đ (áp dụng tùy giá trị đơn hàng) khi thanh toán qua VNPAY-QR  (Xem chi tiết tại đây)";;https://www.thegioididong.com/dtdd/iphone-15;DEBUG_OOS_iPhone 15 512GB_Hồng nhạt_080831.png
iPhone 16 Plus 256GB;Hồng;Yes;28990000;28090000;2026-03-09;"Khuyến mãi              Giá và khuyến mãi có thể kết thúc sớm hơn dự kiến                                                                         1                                              Tặng phiếu mua hàng Apple Watch trị giá 1,000,000đ                                                            2                                              Tặng phiếu mua hàng Macbook trị giá 1,000,000đ                                                            3                                              Phiếu mua hàng Airpods trị giá 800,000đ                                                            4                                              Tặng Phiếu mua hàng mua sạc dự phòng (trừ AVA+, Hydrus); đồng hồ thông minh (trừ Apple); Tai nghe bluetooth và Loa bluetooth các hãng JBL, Marshall,Harman Kardon; Ốp lưng (trừ Apple) trị giá 100.000đ                                                            5                                              Phiếu mua hàng mua sim Vina Bùm Data 12T trị giá 500,000đ                                                            6                                              Nhập mã VNPAY0126 giảm tối đa 100,000đ (áp dụng tùy giá trị đơn hàng) khi thanh toán qua VNPAY-QR  (Xem chi tiết tại đây)";;https://www.thegioididong.com/dtdd/iphone-16-plus;Skipped
iPhone 16 Pro 128GB;Titan đen;No;27990000;25590000;2026-03-09;"Khuyến mãi                      Giá và khuyến mãi dự kiến áp dụng đến 23:59 | 28/03                                                                         1                                              Tặng phiếu mua hàng Apple Watch trị giá 1,000,000đ                                                            2                                              Tặng phiếu mua hàng Macbook trị giá 1,000,000đ                                                            3                                              Phiếu mua hàng Airpods trị giá 800,000đ                                                            4                                              Tặng Phiếu mua hàng mua sạc dự phòng (trừ AVA+, Hydrus); đồng hồ thông minh (trừ Apple); Tai nghe bluetooth và Loa bluetooth các hãng JBL, Marshall,Harman Kardon; Ốp lưng (trừ Apple) trị giá 100.000đ                                                            5                                              Phiếu mua hàng mua sim Vina Bùm Data 12T trị giá 500,000đ                                                            6                                              Thu cũ đổi mới: Giảm đến 2,000,000đ (Không kèm ưu đãi thanh toán qua cổng, mua kèm)  Xem chi tiết                                                            7                                              Nhập mã VNPAY0126 giảm tối đa 100,000đ (áp dụng tùy giá trị đơn hàng) khi thanh toán qua VNPAY-QR  (Xem chi tiết tại đây)";;https://www.thegioididong.com/dtdd/iphone-16-pro;DEBUG_OOS_iPhone 16 Pro 128GB_Titan đen_080833.png
iPhone 15 Plus 512GB;Đen;Yes;30990000;27990000;2026-03-09;"Khuyến mãi                      Giá và khuyến mãi dự kiến áp dụng đến 23:59 | 28/03                                                                         1                                              Tặng phiếu mua hàng Apple Watch trị giá 1,000,000đ                                                            2                                              Tặng phiếu mua hàng Macbook trị giá 1,000,000đ                                                            3                                              Phiếu mua hàng Airpods trị giá 800,000đ                                                            4                                              Tặng Phiếu mua hàng mua sạc dự phòng (trừ AVA+, Hydrus); đồng hồ thông minh (trừ Apple); Tai nghe bluetooth và Loa bluetooth các hãng JBL, Marshall,Harman Kardon; Ốp lưng (trừ Apple) trị giá 100.000đ                                                            5                                              Phiếu mua hàng mua sim Vina Bùm Data 12T trị giá 500,000đ                                                            6                                              Thu cũ đổi mới: Giảm đến 2,000,000đ (Không kèm ưu đãi thanh toán qua cổng, mua kèm)  Xem chi tiết                                                            7                                              Nhập mã VNPAY0126 giảm tối đa 100,000đ (áp dụng tùy giá trị đơn hàng) khi thanh toán qua VNPAY-QR  (Xem chi tiết tại đây)";;https://www.thegioididong.com/dtdd/iphone-15-plus;Skipped
iPhone 15 512GB;Xanh lá nhạt;No;27990000;23990000;2026-03-09;"Khuyến mãi                      Giá và khuyến mãi dự kiến áp dụng đến 23:59 | 28/03                                                                         1                                              Tặng phiếu mua hàng Apple Watch trị giá 1,000,000đ                                                            2                                              Tặng phiếu mua hàng Macbook trị giá 1,000,000đ                                                            3                                              Phiếu mua hàng Airpods trị giá 800,000đ                                                            4                                              Tặng Phiếu mua hàng mua sạc dự phòng (trừ AVA+, Hydrus); đồng hồ thông minh (trừ Apple); Tai nghe bluetooth và Loa bluetooth các hãng JBL, Marshall,Harman Kardon; Ốp lưng (trừ Apple) trị giá 100.000đ                                                            5                                              Phiếu mua hàng mua sim Vina Bùm Data 12T trị giá 500,000đ                                                            6                                              Thu cũ đổi mới: Giảm đến 2,000,000đ (Không kèm ưu đãi thanh toán qua cổng, mua kèm)  Xem chi tiết                                                            7                                              Nhập mã VNPAY0126 giảm tối đa 100,000đ (áp dụng tùy giá trị đơn hàng) khi thanh toán qua VNPAY-QR  (Xem chi tiết tại đây)";;https://www.thegioididong.com/dtdd/iphone-15;DEBUG_OOS_iPhone 15 512GB_Xanh lá nhạt_080835.png
iPhone 16 Plus 256GB;Đen;Yes;28990000;28090000;2026-03-09;"Khuyến mãi              Giá và khuyến mãi có thể kết thúc sớm hơn dự kiến                                                                         1                                              Tặng phiếu mua hàng Apple Watch trị giá 1,000,000đ                                                            2                                              Tặng phiếu mua hàng Macbook trị giá 1,000,000đ                                                            3                                              Phiếu mua hàng Airpods trị giá 800,000đ                                                            4                                              Tặng Phiếu mua hàng mua sạc dự phòng (trừ AVA+, Hydrus); đồng hồ thông minh (trừ Apple); Tai nghe bluetooth và Loa bluetooth các hãng JBL, Marshall,Harman Kardon; Ốp lưng (trừ Apple) trị giá 100.000đ                                                            5                                              Phiếu mua hàng mua sim Vina Bùm Data 12T trị giá 500,000đ                                                            6                                              Nhập mã VNPAY0126 giảm tối đa 100,000đ (áp dụng tùy giá trị đơn hàng) khi thanh toán qua VNPAY-QR  (Xem chi tiết tại đây)";;https://www.thegioididong.com/dtdd/iphone-16-plus;Skipped
iPhone 16 Pro 128GB;Titan tự nhiên;No;27990000;25590000;2026-03-09;"Khuyến mãi                      Giá và khuyến mãi dự kiến áp dụng đến 23:59 | 28/03                                                                         1                                              Tặng phiếu mua hàng Apple Watch trị giá 1,000,000đ                                                            2                                              Tặng phiếu mua hàng Macbook trị giá 1,000,000đ                                                            3                                              Phiếu mua hàng Airpods trị giá 800,000đ                                                            4                                              Tặng Phiếu mua hàng mua sạc dự phòng (trừ AVA+, Hydrus); đồng hồ thông minh (trừ Apple); Tai nghe bluetooth và Loa bluetooth các hãng JBL, Marshall,Harman Kardon; Ốp lưng (trừ Apple) trị giá 100.000đ                                                            5                                              Phiếu mua hàng mua sim Vina Bùm Data 12T trị giá 500,000đ                                                            6                                              Thu cũ đổi mới: Giảm đến 2,000,000đ (Không kèm ưu đãi thanh toán qua cổng, mua kèm)  Xem chi tiết                                                            7                                              Nhập mã VNPAY0126 giảm tối đa 100,000đ (áp dụng tùy giá trị đơn hàng) khi thanh toán qua VNPAY-QR  (Xem chi tiết tại đây)";;https://www.thegioididong.com/dtdd/iphone-16-pro;DEBUG_OOS_iPhone 16 Pro 128GB_Titan tự nhiên_080837.png
iPhone 16 512GB;Xanh Mòng Két;Yes;31990000;26990000;2026-03-09;"Khuyến mãi                      Giá và khuyến mãi dự kiến áp dụng đến 23:59 | 28/03                                                                         1                                              Tặng phiếu mua hàng Apple Watch trị giá 1,000,000đ                                                            2                                              Tặng phiếu mua hàng Macbook trị giá 1,000,000đ                                                            3                                              Phiếu mua hàng Airpods trị giá 800,000đ                                                            4                                              Tặng Phiếu mua hàng mua sạc dự phòng (trừ AVA+, Hydrus); đồng hồ thông minh (trừ Apple); Tai nghe bluetooth và Loa bluetooth các hãng JBL, Marshall,Harman Kardon; Ốp lưng (trừ Apple) trị giá 100.000đ                                                            5                                              Phiếu mua hàng mua sim Vina Bùm Data 12T trị giá 500,000đ                                                            6                                              Thu cũ đổi mới: Giảm đến 2,000,000đ (Không kèm ưu đãi thanh toán qua cổng, mua kèm)  Xem chi tiết                                                            7                                              Nhập mã VNPAY0126 giảm tối đa 100,000đ (áp dụng tùy giá trị đơn hàng) khi thanh toán qua VNPAY-QR  (Xem chi tiết tại đây)";;https://www.thegioididong.com/dtdd/iphone-16;Skipped
iPhone 15 512GB;Xanh dương nhạt;No;27990000;23990000;2026-03-09;"Khuyến mãi                      Giá và khuyến mãi dự kiến áp dụng đến 23:59 | 28/03                                                                         1                                              Tặng phiếu mua hàng Apple Watch trị giá 1,000,000đ                                                            2                                              Tặng phiếu mua hàng Macbook trị giá 1,000,000đ                                                            3                                              Phiếu mua hàng Airpods trị giá 800,000đ                                                            4                                              Tặng Phiếu mua hàng mua sạc dự phòng (trừ AVA+, Hydrus); đồng hồ thông minh (trừ Apple); Tai nghe bluetooth và Loa bluetooth các hãng JBL, Marshall,Harman Kardon; Ốp lưng (trừ Apple) trị giá 100.000đ                                                            5                                              Phiếu mua hàng mua sim Vina Bùm Data 12T trị giá 500,000đ                                                            6                                              Thu cũ đổi mới: Giảm đến 2,000,000đ (Không kèm ưu đãi thanh toán qua cổng, mua kèm)  Xem chi tiết                                                            7                                              Nhập mã VNPAY0126 giảm tối đa 100,000đ (áp dụng tùy giá trị đơn hàng) khi thanh toán qua VNPAY-QR  (Xem chi tiết tại đây)";;https://www.thegioididong.com/dtdd/iphone-15;DEBUG_OOS_iPhone 15 512GB_Xanh dương nhạt_080838.png
iPhone 16 Plus 256GB;Xanh Lưu Ly;Yes;28990000;28090000;2026-03-09;"Khuyến mãi              Giá và khuyến mãi có thể kết thúc sớm hơn dự kiến                                                                         1                                              Tặng phiếu mua hàng Apple Watch trị giá 1,000,000đ                                                            2                                              Tặng phiếu mua hàng Macbook trị giá 1,000,000đ                                                            3                                              Phiếu mua hàng Airpods trị giá 800,000đ                                                            4                                              Tặng Phiếu mua hàng mua sạc dự phòng (trừ AVA+, Hydrus); đồng hồ thông minh (trừ Apple); Tai nghe bluetooth và Loa bluetooth các hãng JBL, Marshall,Harman Kardon; Ốp lưng (trừ Apple) trị giá 100.000đ                                                            5                                              Phiếu mua hàng mua sim Vina Bùm Data 12T trị giá 500,000đ                                                            6                                              Nhập mã VNPAY0126 giảm tối đa 100,000đ (áp dụng tùy giá trị đơn hàng) khi thanh toán qua VNPAY-QR  (Xem chi tiết tại đây)";;https://www.thegioididong.com/dtdd/iphone-16-plus;Skipped
iPhone 15 Plus 512GB;Vàng nhạt;Yes;30990000;27990000;2026-03-09;"Khuyến mãi                      Giá và khuyến mãi dự kiến áp dụng đến 23:59 | 28/03                                                                         1                                              Tặng phiếu mua hàng Apple Watch trị giá 1,000,000đ                                                            2                                              Tặng phiếu mua hàng Macbook trị giá 1,000,000đ                                                            3                                              Phiếu mua hàng Airpods trị giá 800,000đ                                                            4                                              Tặng Phiếu mua hàng mua sạc dự phòng (trừ AVA+, Hydrus); đồng hồ thông minh (trừ Apple); Tai nghe bluetooth và Loa bluetooth các hãng JBL, Marshall,Harman Kardon; Ốp lưng (trừ Apple) trị giá 100.000đ                                                            5                                              Phiếu mua hàng mua sim Vina Bùm Data 12T trị giá 500,000đ                                                            6                                              Thu cũ đổi mới: Giảm đến 2,000,000đ (Không kèm ưu đãi thanh toán qua cổng, mua kèm)  Xem chi tiết                                                            7                                              Nhập mã VNPAY0126 giảm tối đa 100,000đ (áp dụng tùy giá trị đơn hàng) khi thanh toán qua VNPAY-QR  (Xem chi tiết tại đây)";;https://www.thegioididong.com/dtdd/iphone-15-plus;Skipped
iPhone 15 512GB;Vàng nhạt;No;27990000;23990000;2026-03-09;"Khuyến mãi                      Giá và khuyến mãi dự kiến áp dụng đến 23:59 | 28/03                                                                         1                                              Tặng phiếu mua hàng Apple Watch trị giá 1,000,000đ                                                            2                                              Tặng phiếu mua hàng Macbook trị giá 1,000,000đ                                                            3                                              Phiếu mua hàng Airpods trị giá 800,000đ                                                            4                                              Tặng Phiếu mua hàng mua sạc dự phòng (trừ AVA+, Hydrus); đồng hồ thông minh (trừ Apple); Tai nghe bluetooth và Loa bluetooth các hãng JBL, Marshall,Harman Kardon; Ốp lưng (trừ Apple) trị giá 100.000đ                                                            5                                              Phiếu mua hàng mua sim Vina Bùm Data 12T trị giá 500,000đ                                                            6                                              Thu cũ đổi mới: Giảm đến 2,000,000đ (Không kèm ưu đãi thanh toán qua cổng, mua kèm)  Xem chi tiết                                                            7                                              Nhập mã VNPAY0126 giảm tối đa 100,000đ (áp dụng tùy giá trị đơn hàng) khi thanh toán qua VNPAY-QR  (Xem chi tiết tại đây)";;https://www.thegioididong.com/dtdd/iphone-15;DEBUG_OOS_iPhone 15 512GB_Vàng nhạt_080842.png
iPhone 16 Pro 128GB;Titan Sa Mạc;No;27990000;25590000;2026-03-09;"Khuyến mãi                      Giá và khuyến mãi dự kiến áp dụng đến 23:59 | 28/03                                                                         1                                              Tặng phiếu mua hàng Apple Watch trị giá 1,000,000đ                                                            2                                              Tặng phiếu mua hàng Macbook trị giá 1,000,000đ                                                            3                                              Phiếu mua hàng Airpods trị giá 800,000đ                                                            4                                              Tặng Phiếu mua hàng mua sạc dự phòng (trừ AVA+, Hydrus); đồng hồ thông minh (trừ Apple); Tai nghe bluetooth và Loa bluetooth các hãng JBL, Marshall,Harman Kardon; Ốp lưng (trừ Apple) trị giá 100.000đ                                                            5                                              Phiếu mua hàng mua sim Vina Bùm Data 12T trị giá 500,000đ                                                            6                                              Thu cũ đổi mới: Giảm đến 2,000,000đ (Không kèm ưu đãi thanh toán qua cổng, mua kèm)  Xem chi tiết                                                            7                                              Nhập mã VNPAY0126 giảm tối đa 100,000đ (áp dụng tùy giá trị đơn hàng) khi thanh toán qua VNPAY-QR  (Xem chi tiết tại đây)";;https://www.thegioididong.com/dtdd/iphone-16-pro;DEBUG_OOS_iPhone 16 Pro 128GB_Titan Sa Mạc_080842.png
iPhone 16 Plus 256GB;Xanh Mòng Két;Yes;28990000;28090000;2026-03-09;"Khuyến mãi              Giá và khuyến mãi có thể kết thúc sớm hơn dự kiến                                                                         1                                              Tặng phiếu mua hàng Apple Watch trị giá 1,000,000đ                                                            2                                              Tặng phiếu mua hàng Macbook trị giá 1,000,000đ                                                            3                                              Phiếu mua hàng Airpods trị giá 800,000đ                                                            4                                              Tặng Phiếu mua hàng mua sạc dự phòng (trừ AVA+, Hydrus); đồng hồ thông minh (trừ Apple); Tai nghe bluetooth và Loa bluetooth các hãng JBL, Marshall,Harman Kardon; Ốp lưng (trừ Apple) trị giá 100.000đ                                                            5                                              Phiếu mua hàng mua sim Vina Bùm Data 12T trị giá 500,000đ                                                            6                                              Nhập mã VNPAY0126 giảm tối đa 100,000đ (áp dụng tùy giá trị đơn hàng) khi thanh toán qua VNPAY-QR  (Xem chi tiết tại đây)";;https://www.thegioididong.com/dtdd/iphone-16-plus;Skipped
iPhone 15 Plus 512GB;Hồng nhạt;No;30990000;27990000;2026-03-09;"Khuyến mãi                      Giá và khuyến mãi dự kiến áp dụng đến 23:59 | 28/03                                                                         1                                              Tặng phiếu mua hàng Apple Watch trị giá 1,000,000đ                                                            2                                              Tặng phiếu mua hàng Macbook trị giá 1,000,000đ                                                            3                                              Phiếu mua hàng Airpods trị giá 800,000đ                                                            4                                              Tặng Phiếu mua hàng mua sạc dự phòng (trừ AVA+, Hydrus); đồng hồ thông minh (trừ Apple); Tai nghe bluetooth và Loa bluetooth các hãng JBL, Marshall,Harman Kardon; Ốp lưng (trừ Apple) trị giá 100.000đ                                                            5                                              Phiếu mua hàng mua sim Vina Bùm Data 12T trị giá 500,000đ                                                            6                                              Thu cũ đổi mới: Giảm đến 2,000,000đ (Không kèm ưu đãi thanh toán qua cổng, mua kèm)  Xem chi tiết                                                            7                                              Nhập mã VNPAY0126 giảm tối đa 100,000đ (áp dụng tùy giá trị đơn hàng) khi thanh toán qua VNPAY-QR  (Xem chi tiết tại đây)";;https://www.thegioididong.com/dtdd/iphone-15-plus;DEBUG_OOS_iPhone 15 Plus 512GB_Hồng nhạt_080844.png
iPhone 16 512GB;Xanh Lưu Ly;Yes;31990000;26990000;2026-03-09;"Khuyến mãi                      Giá và khuyến mãi dự kiến áp dụng đến 23:59 | 28/03                                                                         1                                              Tặng phiếu mua hàng Apple Watch trị giá 1,000,000đ                                                            2                                              Tặng phiếu mua hàng Macbook trị giá 1,000,000đ                                                            3                                              Phiếu mua hàng Airpods trị giá 800,000đ                                                            4                                              Tặng Phiếu mua hàng mua sạc dự phòng (trừ AVA+, Hydrus); đồng hồ thông minh (trừ Apple); Tai nghe bluetooth và Loa bluetooth các hãng JBL, Marshall,Harman Kardon; Ốp lưng (trừ Apple) trị giá 100.000đ                                                            5                                              Phiếu mua hàng mua sim Vina Bùm Data 12T trị giá 500,000đ                                                            6                                              Thu cũ đổi mới: Giảm đến 2,000,000đ (Không kèm ưu đãi thanh toán qua cổng, mua kèm)  Xem chi tiết                                                            7                                              Nhập mã VNPAY0126 giảm tối đa 100,000đ (áp dụng tùy giá trị đơn hàng) khi thanh toán qua VNPAY-QR  (Xem chi tiết tại đây)";;https://www.thegioididong.com/dtdd/iphone-16;Skipped
iPhone 16 Pro 128GB;Titan trắng;No;27990000;25590000;2026-03-09;"Khuyến mãi                      Giá và khuyến mãi dự kiến áp dụng đến 23:59 | 28/03                                                                         1                                              Tặng phiếu mua hàng Apple Watch trị giá 1,000,000đ                                                            2                                              Tặng phiếu mua hàng Macbook trị giá 1,000,000đ                                                            3                                              Phiếu mua hàng Airpods trị giá 800,000đ                                                            4                                              Tặng Phiếu mua hàng mua sạc dự phòng (trừ AVA+, Hydrus); đồng hồ thông minh (trừ Apple); Tai nghe bluetooth và Loa bluetooth các hãng JBL, Marshall,Harman Kardon; Ốp lưng (trừ Apple) trị giá 100.000đ                                                            5                                              Phiếu mua hàng mua sim Vina Bùm Data 12T trị giá 500,000đ                                                            6                                              Thu cũ đổi mới: Giảm đến 2,000,000đ (Không kèm ưu đãi thanh toán qua cổng, mua kèm)  Xem chi tiết                                                            7                                              Nhập mã VNPAY0126 giảm tối đa 100,000đ (áp dụng tùy giá trị đơn hàng) khi thanh toán qua VNPAY-QR  (Xem chi tiết tại đây)";;https://www.thegioididong.com/dtdd/iphone-16-pro;DEBUG_OOS_iPhone 16 Pro 128GB_Titan trắng_080846.png
iPhone 15 Plus 512GB;Xanh dương nhạt;No;30990000;27990000;2026-03-09;"Khuyến mãi                      Giá và khuyến mãi dự kiến áp dụng đến 23:59 | 28/03                                                                         1                                              Tặng phiếu mua hàng Apple Watch trị giá 1,000,000đ                                                            2                                              Tặng phiếu mua hàng Macbook trị giá 1,000,000đ                                                            3                                              Phiếu mua hàng Airpods trị giá 800,000đ                                                            4                                              Tặng Phiếu mua hàng mua sạc dự phòng (trừ AVA+, Hydrus); đồng hồ thông minh (trừ Apple); Tai nghe bluetooth và Loa bluetooth các hãng JBL, Marshall,Harman Kardon; Ốp lưng (trừ Apple) trị giá 100.000đ                                                            5                                              Phiếu mua hàng mua sim Vina Bùm Data 12T trị giá 500,000đ                                                            6                                              Thu cũ đổi mới: Giảm đến 2,000,000đ (Không kèm ưu đãi thanh toán qua cổng, mua kèm)  Xem chi tiết                                                            7                                              Nhập mã VNPAY0126 giảm tối đa 100,000đ (áp dụng tùy giá trị đơn hàng) khi thanh toán qua VNPAY-QR  (Xem chi tiết tại đây)";;https://www.thegioididong.com/dtdd/iphone-15-plus;DEBUG_OOS_iPhone 15 Plus 512GB_Xanh dương nhạt_080847.png
iPhone 15 512GB;Đen;Yes;27990000;23990000;2026-03-09;"Khuyến mãi                      Giá và khuyến mãi dự kiến áp dụng đến 23:59 | 28/03                                                                         1                                              Tặng phiếu mua hàng Apple Watch trị giá 1,000,000đ                                                            2                                              Tặng phiếu mua hàng Macbook trị giá 1,000,000đ                                                            3                                              Phiếu mua hàng Airpods trị giá 800,000đ                                                            4                                              Tặng Phiếu mua hàng mua sạc dự phòng (trừ AVA+, Hydrus); đồng hồ thông minh (trừ Apple); Tai nghe bluetooth và Loa bluetooth các hãng JBL, Marshall,Harman Kardon; Ốp lưng (trừ Apple) trị giá 100.000đ                                                            5                                              Phiếu mua hàng mua sim Vina Bùm Data 12T trị giá 500,000đ                                                            6                                              Thu cũ đổi mới: Giảm đến 2,000,000đ (Không kèm ưu đãi thanh toán qua cổng, mua kèm)  Xem chi tiết                                                            7                                              Nhập mã VNPAY0126 giảm tối đa 100,000đ (áp dụng tùy giá trị đơn hàng) khi thanh toán qua VNPAY-QR  (Xem chi tiết tại đây)";;https://www.thegioididong.com/dtdd/iphone-15;Skipped
iPhone 16 512GB;Trắng;No;31990000;26990000;2026-03-09;"Khuyến mãi                      Giá và khuyến mãi dự kiến áp dụng đến 23:59 | 28/03                                                                         1                                              Tặng phiếu mua hàng Apple Watch trị giá 1,000,000đ                                                            2                                              Tặng phiếu mua hàng Macbook trị giá 1,000,000đ                                                            3                                              Phiếu mua hàng Airpods trị giá 800,000đ                                                            4                                              Tặng Phiếu mua hàng mua sạc dự phòng (trừ AVA+, Hydrus); đồng hồ thông minh (trừ Apple); Tai nghe bluetooth và Loa bluetooth các hãng JBL, Marshall,Harman Kardon; Ốp lưng (trừ Apple) trị giá 100.000đ                                                            5                                              Phiếu mua hàng mua sim Vina Bùm Data 12T trị giá 500,000đ                                                            6                                              Thu cũ đổi mới: Giảm đến 2,000,000đ (Không kèm ưu đãi thanh toán qua cổng, mua kèm)  Xem chi tiết                                                            7                                              Nhập mã VNPAY0126 giảm tối đa 100,000đ (áp dụng tùy giá trị đơn hàng) khi thanh toán qua VNPAY-QR  (Xem chi tiết tại đây)";;https://www.thegioididong.com/dtdd/iphone-16;DEBUG_OOS_iPhone 16 512GB_Trắng_080848.png
iPhone 16 Pro 128GB;Titan đen;No;27990000;25590000;2026-03-09;"Khuyến mãi                      Giá và khuyến mãi dự kiến áp dụng đến 23:59 | 28/03                                                                         1                                              Tặng phiếu mua hàng Apple Watch trị giá 1,000,000đ                                                            2                                              Tặng phiếu mua hàng Macbook trị giá 1,000,000đ                                                            3                                              Phiếu mua hàng Airpods trị giá 800,000đ                                                            4                                              Tặng Phiếu mua hàng mua sạc dự phòng (trừ AVA+, Hydrus); đồng hồ thông minh (trừ Apple); Tai nghe bluetooth và Loa bluetooth các hãng JBL, Marshall,Harman Kardon; Ốp lưng (trừ Apple) trị giá 100.000đ                                                            5                                              Phiếu mua hàng mua sim Vina Bùm Data 12T trị giá 500,000đ                                                            6                                              Thu cũ đổi mới: Giảm đến 2,000,000đ (Không kèm ưu đãi thanh toán qua cổng, mua kèm)  Xem chi tiết                                                            7                                              Nhập mã VNPAY0126 giảm tối đa 100,000đ (áp dụng tùy giá trị đơn hàng) khi thanh toán qua VNPAY-QR  (Xem chi tiết tại đây)";;https://www.thegioididong.com/dtdd/iphone-16-pro;DEBUG_OOS_iPhone 16 Pro 128GB_Titan đen_080849.png
iPhone 15 Plus 512GB;Xanh lá nhạt;No;30990000;27990000;2026-03-09;"Khuyến mãi                      Giá và khuyến mãi dự kiến áp dụng đến 23:59 | 28/03                                                                         1                                              Tặng phiếu mua hàng Apple Watch trị giá 1,000,000đ                                                            2                                              Tặng phiếu mua hàng Macbook trị giá 1,000,000đ                                                            3                                              Phiếu mua hàng Airpods trị giá 800,000đ                                                            4                                              Tặng Phiếu mua hàng mua sạc dự phòng (trừ AVA+, Hydrus); đồng hồ thông minh (trừ Apple); Tai nghe bluetooth và Loa bluetooth các hãng JBL, Marshall,Harman Kardon; Ốp lưng (trừ Apple) trị giá 100.000đ                                                            5                                              Phiếu mua hàng mua sim Vina Bùm Data 12T trị giá 500,000đ                                                            6                                              Thu cũ đổi mới: Giảm đến 2,000,000đ (Không kèm ưu đãi thanh toán qua cổng, mua kèm)  Xem chi tiết                                                            7                                              Nhập mã VNPAY0126 giảm tối đa 100,000đ (áp dụng tùy giá trị đơn hàng) khi thanh toán qua VNPAY-QR  (Xem chi tiết tại đây)";;https://www.thegioididong.com/dtdd/iphone-15-plus;DEBUG_OOS_iPhone 15 Plus 512GB_Xanh lá nhạt_080850.png
iPhone 16 Plus 512GB;Trắng;Yes;33990000;29990000;2026-03-09;"Khuyến mãi                      Giá và khuyến mãi dự kiến áp dụng đến 23:59 | 28/03                                                                         1                                              Tặng phiếu mua hàng Apple Watch trị giá 1,000,000đ                                                            2                                              Tặng phiếu mua hàng Macbook trị giá 1,000,000đ                                                            3                                              Phiếu mua hàng Airpods trị giá 800,000đ                                                            4                                              Tặng Phiếu mua hàng mua sạc dự phòng (trừ AVA+, Hydrus); đồng hồ thông minh (trừ Apple); Tai nghe bluetooth và Loa bluetooth các hãng JBL, Marshall,Harman Kardon; Ốp lưng (trừ Apple) trị giá 100.000đ                                                            5                                              Phiếu mua hàng mua sim Vina Bùm Data 12T trị giá 500,000đ                                                            6                                              Thu cũ đổi mới: Giảm đến 2,000,000đ (Không kèm ưu đãi thanh toán qua cổng, mua kèm)  Xem chi tiết                                                            7                                              Nhập mã VNPAY0126 giảm tối đa 100,000đ (áp dụng tùy giá trị đơn hàng) khi thanh toán qua VNPAY-QR  (Xem chi tiết tại đây)";;https://www.thegioididong.com/dtdd/iphone-16-plus;Skipped
iPhone 16 512GB;Hồng;No;31990000;26990000;2026-03-09;"Khuyến mãi                      Giá và khuyến mãi dự kiến áp dụng đến 23:59 | 28/03                                                                         1                                              Tặng phiếu mua hàng Apple Watch trị giá 1,000,000đ                                                            2                                              Tặng phiếu mua hàng Macbook trị giá 1,000,000đ                                                            3                                              Phiếu mua hàng Airpods trị giá 800,000đ                                                            4                                              Tặng Phiếu mua hàng mua sạc dự phòng (trừ AVA+, Hydrus); đồng hồ thông minh (trừ Apple); Tai nghe bluetooth và Loa bluetooth các hãng JBL, Marshall,Harman Kardon; Ốp lưng (trừ Apple) trị giá 100.000đ                                                            5                                              Phiếu mua hàng mua sim Vina Bùm Data 12T trị giá 500,000đ                                                            6                                              Thu cũ đổi mới: Giảm đến 2,000,000đ (Không kèm ưu đãi thanh toán qua cổng, mua kèm)  Xem chi tiết                                                            7                                              Nhập mã VNPAY0126 giảm tối đa 100,000đ (áp dụng tùy giá trị đơn hàng) khi thanh toán qua VNPAY-QR  (Xem chi tiết tại đây)";;https://www.thegioididong.com/dtdd/iphone-16;DEBUG_OOS_iPhone 16 512GB_Hồng_080852.png
iPhone 16 Pro 128GB;Titan tự nhiên;No;27990000;25590000;2026-03-09;"Khuyến mãi                      Giá và khuyến mãi dự kiến áp dụng đến 23:59 | 28/03                                                                         1                                              Tặng phiếu mua hàng Apple Watch trị giá 1,000,000đ                                                            2                                              Tặng phiếu mua hàng Macbook trị giá 1,000,000đ                                                            3                                              Phiếu mua hàng Airpods trị giá 800,000đ                                                            4                                              Tặng Phiếu mua hàng mua sạc dự phòng (trừ AVA+, Hydrus); đồng hồ thông minh (trừ Apple); Tai nghe bluetooth và Loa bluetooth các hãng JBL, Marshall,Harman Kardon; Ốp lưng (trừ Apple) trị giá 100.000đ                                                            5                                              Phiếu mua hàng mua sim Vina Bùm Data 12T trị giá 500,000đ                                                            6                                              Thu cũ đổi mới: Giảm đến 2,000,000đ (Không kèm ưu đãi thanh toán qua cổng, mua kèm)  Xem chi tiết                                                            7                                              Nhập mã VNPAY0126 giảm tối đa 100,000đ (áp dụng tùy giá trị đơn hàng) khi thanh toán qua VNPAY-QR  (Xem chi tiết tại đây)";;https://www.thegioididong.com/dtdd/iphone-16-pro;DEBUG_OOS_iPhone 16 Pro 128GB_Titan tự nhiên_080853.png
iPhone 15 512GB;Hồng nhạt;No;27990000;23990000;2026-03-09;"Khuyến mãi                      Giá và khuyến mãi dự kiến áp dụng đến 23:59 | 28/03                                                                         1                                              Tặng phiếu mua hàng Apple Watch trị giá 1,000,000đ                                                            2                                              Tặng phiếu mua hàng Macbook trị giá 1,000,000đ                                                            3                                              Phiếu mua hàng Airpods trị giá 800,000đ                                                            4                                              Tặng Phiếu mua hàng mua sạc dự phòng (trừ AVA+, Hydrus); đồng hồ thông minh (trừ Apple); Tai nghe bluetooth và Loa bluetooth các hãng JBL, Marshall,Harman Kardon; Ốp lưng (trừ Apple) trị giá 100.000đ                                                            5                                              Phiếu mua hàng mua sim Vina Bùm Data 12T trị giá 500,000đ                                                            6                                              Thu cũ đổi mới: Giảm đến 2,000,000đ (Không kèm ưu đãi thanh toán qua cổng, mua kèm)  Xem chi tiết                                                            7                                              Nhập mã VNPAY0126 giảm tối đa 100,000đ (áp dụng tùy giá trị đơn hàng) khi thanh toán qua VNPAY-QR  (Xem chi tiết tại đây)";;https://www.thegioididong.com/dtdd/iphone-15;DEBUG_OOS_iPhone 15 512GB_Hồng nhạt_080854.png
iPhone 15 512GB;Xanh lá nhạt;No;27990000;23990000;2026-03-09;"Khuyến mãi                      Giá và khuyến mãi dự kiến áp dụng đến 23:59 | 28/03                                                                         1                                              Tặng phiếu mua hàng Apple Watch trị giá 1,000,000đ                                                            2                                              Tặng phiếu mua hàng Macbook trị giá 1,000,000đ                                                            3                                              Phiếu mua hàng Airpods trị giá 800,000đ                                                            4                                              Tặng Phiếu mua hàng mua sạc dự phòng (trừ AVA+, Hydrus); đồng hồ thông minh (trừ Apple); Tai nghe bluetooth và Loa bluetooth các hãng JBL, Marshall,Harman Kardon; Ốp lưng (trừ Apple) trị giá 100.000đ                                                            5                                              Phiếu mua hàng mua sim Vina Bùm Data 12T trị giá 500,000đ                                                            6                                              Thu cũ đổi mới: Giảm đến 2,000,000đ (Không kèm ưu đãi thanh toán qua cổng, mua kèm)  Xem chi tiết                                                            7                                              Nhập mã VNPAY0126 giảm tối đa 100,000đ (áp dụng tùy giá trị đơn hàng) khi thanh toán qua VNPAY-QR  (Xem chi tiết tại đây)";;https://www.thegioididong.com/dtdd/iphone-15;DEBUG_OOS_iPhone 15 512GB_Xanh lá nhạt_080857.png
iPhone 16 512GB;Đen;Yes;31990000;26990000;2026-03-09;"Khuyến mãi                      Giá và khuyến mãi dự kiến áp dụng đến 23:59 | 28/03                                                                         1                                              Tặng phiếu mua hàng Apple Watch trị giá 1,000,000đ                                                            2                                              Tặng phiếu mua hàng Macbook trị giá 1,000,000đ                                                            3                                              Phiếu mua hàng Airpods trị giá 800,000đ                                                            4                                              Tặng Phiếu mua hàng mua sạc dự phòng (trừ AVA+, Hydrus); đồng hồ thông minh (trừ Apple); Tai nghe bluetooth và Loa bluetooth các hãng JBL, Marshall,Harman Kardon; Ốp lưng (trừ Apple) trị giá 100.000đ                                                            5                                              Phiếu mua hàng mua sim Vina Bùm Data 12T trị giá 500,000đ                                                            6                                              Thu cũ đổi mới: Giảm đến 2,000,000đ (Không kèm ưu đãi thanh toán qua cổng, mua kèm)  Xem chi tiết                                                            7                                              Nhập mã VNPAY0126 giảm tối đa 100,000đ (áp dụng tùy giá trị đơn hàng) khi thanh toán qua VNPAY-QR  (Xem chi tiết tại đây)";;https://www.thegioididong.com/dtdd/iphone-16;Skipped
iPhone 16 Plus 512GB;Xanh Mòng Két;Yes;33990000;29990000;2026-03-09;"Khuyến mãi                      Giá và khuyến mãi dự kiến áp dụng đến 23:59 | 28/03                                                                         1                                              Tặng phiếu mua hàng Apple Watch trị giá 1,000,000đ                                                            2                                              Tặng phiếu mua hàng Macbook trị giá 1,000,000đ                                                            3                                              Phiếu mua hàng Airpods trị giá 800,000đ                                                            4                                              Tặng Phiếu mua hàng mua sạc dự phòng (trừ AVA+, Hydrus); đồng hồ thông minh (trừ Apple); Tai nghe bluetooth và Loa bluetooth các hãng JBL, Marshall,Harman Kardon; Ốp lưng (trừ Apple) trị giá 100.000đ                                                            5                                              Phiếu mua hàng mua sim Vina Bùm Data 12T trị giá 500,000đ                                                            6                                              Thu cũ đổi mới: Giảm đến 2,000,000đ (Không kèm ưu đãi thanh toán qua cổng, mua kèm)  Xem chi tiết                                                            7                                              Nhập mã VNPAY0126 giảm tối đa 100,000đ (áp dụng tùy giá trị đơn hàng) khi thanh toán qua VNPAY-QR  (Xem chi tiết tại đây)";;https://www.thegioididong.com/dtdd/iphone-16-plus;Skipped
iPhone 16 Pro 128GB;Titan Sa Mạc;No;27990000;25590000;2026-03-09;"Khuyến mãi                      Giá và khuyến mãi dự kiến áp dụng đến 23:59 | 28/03                                                                         1                                              Tặng phiếu mua hàng Apple Watch trị giá 1,000,000đ                                                            2                                              Tặng phiếu mua hàng Macbook trị giá 1,000,000đ                                                            3                                              Phiếu mua hàng Airpods trị giá 800,000đ                                                            4                                              Tặng Phiếu mua hàng mua sạc dự phòng (trừ AVA+, Hydrus); đồng hồ thông minh (trừ Apple); Tai nghe bluetooth và Loa bluetooth các hãng JBL, Marshall,Harman Kardon; Ốp lưng (trừ Apple) trị giá 100.000đ                                                            5                                              Phiếu mua hàng mua sim Vina Bùm Data 12T trị giá 500,000đ                                                            6                                              Thu cũ đổi mới: Giảm đến 2,000,000đ (Không kèm ưu đãi thanh toán qua cổng, mua kèm)  Xem chi tiết                                                            7                                              Nhập mã VNPAY0126 giảm tối đa 100,000đ (áp dụng tùy giá trị đơn hàng) khi thanh toán qua VNPAY-QR  (Xem chi tiết tại đây)";;https://www.thegioididong.com/dtdd/iphone-16-pro;DEBUG_OOS_iPhone 16 Pro 128GB_Titan Sa Mạc_080858.png
iPhone 15 Plus 512GB;Đen;Yes;30990000;27990000;2026-03-09;"Khuyến mãi                      Giá và khuyến mãi dự kiến áp dụng đến 23:59 | 28/03                                                                         1                                              Tặng phiếu mua hàng Apple Watch trị giá 1,000,000đ                                                            2                                              Tặng phiếu mua hàng Macbook trị giá 1,000,000đ                                                            3                                              Phiếu mua hàng Airpods trị giá 800,000đ                                                            4                                              Tặng Phiếu mua hàng mua sạc dự phòng (trừ AVA+, Hydrus); đồng hồ thông minh (trừ Apple); Tai nghe bluetooth và Loa bluetooth các hãng JBL, Marshall,Harman Kardon; Ốp lưng (trừ Apple) trị giá 100.000đ                                                            5                                              Phiếu mua hàng mua sim Vina Bùm Data 12T trị giá 500,000đ                                                            6                                              Thu cũ đổi mới: Giảm đến 2,000,000đ (Không kèm ưu đãi thanh toán qua cổng, mua kèm)  Xem chi tiết                                                            7                                              Nhập mã VNPAY0126 giảm tối đa 100,000đ (áp dụng tùy giá trị đơn hàng) khi thanh toán qua VNPAY-QR  (Xem chi tiết tại đây)";;https://www.thegioididong.com/dtdd/iphone-15-plus;Skipped
iPhone 15 512GB;Xanh dương nhạt;No;27990000;23990000;2026-03-09;"Khuyến mãi                      Giá và khuyến mãi dự kiến áp dụng đến 23:59 | 28/03                                                                         1                                              Tặng phiếu mua hàng Apple Watch trị giá 1,000,000đ                                                            2                                              Tặng phiếu mua hàng Macbook trị giá 1,000,000đ                                                            3                                              Phiếu mua hàng Airpods trị giá 800,000đ                                                            4                                              Tặng Phiếu mua hàng mua sạc dự phòng (trừ AVA+, Hydrus); đồng hồ thông minh (trừ Apple); Tai nghe bluetooth và Loa bluetooth các hãng JBL, Marshall,Harman Kardon; Ốp lưng (trừ Apple) trị giá 100.000đ                                                            5                                              Phiếu mua hàng mua sim Vina Bùm Data 12T trị giá 500,000đ                                                            6                                              Thu cũ đổi mới: Giảm đến 2,000,000đ (Không kèm ưu đãi thanh toán qua cổng, mua kèm)  Xem chi tiết                                                            7                                              Nhập mã VNPAY0126 giảm tối đa 100,000đ (áp dụng tùy giá trị đơn hàng) khi thanh toán qua VNPAY-QR  (Xem chi tiết tại đây)";;https://www.thegioididong.com/dtdd/iphone-15;DEBUG_OOS_iPhone 15 512GB_Xanh dương nhạt_080901.png
iPhone 16 Pro 128GB;Titan trắng;No;27990000;25590000;2026-03-09;"Khuyến mãi                      Giá và khuyến mãi dự kiến áp dụng đến 23:59 | 28/03                                                                         1                                              Tặng phiếu mua hàng Apple Watch trị giá 1,000,000đ                                                            2                                              Tặng phiếu mua hàng Macbook trị giá 1,000,000đ                                                            3                                              Phiếu mua hàng Airpods trị giá 800,000đ                                                            4                                              Tặng Phiếu mua hàng mua sạc dự phòng (trừ AVA+, Hydrus); đồng hồ thông minh (trừ Apple); Tai nghe bluetooth và Loa bluetooth các hãng JBL, Marshall,Harman Kardon; Ốp lưng (trừ Apple) trị giá 100.000đ                                                            5                                              Phiếu mua hàng mua sim Vina Bùm Data 12T trị giá 500,000đ                                                            6                                              Thu cũ đổi mới: Giảm đến 2,000,000đ (Không kèm ưu đãi thanh toán qua cổng, mua kèm)  Xem chi tiết                                                            7                                              Nhập mã VNPAY0126 giảm tối đa 100,000đ (áp dụng tùy giá trị đơn hàng) khi thanh toán qua VNPAY-QR  (Xem chi tiết tại đây)";;https://www.thegioididong.com/dtdd/iphone-16-pro;DEBUG_OOS_iPhone 16 Pro 128GB_Titan trắng_080902.png
iPhone 15 512GB;Vàng nhạt;No;27990000;23990000;2026-03-09;"Khuyến mãi                      Giá và khuyến mãi dự kiến áp dụng đến 23:59 | 28/03                                                                         1                                              Tặng phiếu mua hàng Apple Watch trị giá 1,000,000đ                                                            2                                              Tặng phiếu mua hàng Macbook trị giá 1,000,000đ                                                            3                                              Phiếu mua hàng Airpods trị giá 800,000đ                                                            4                                              Tặng Phiếu mua hàng mua sạc dự phòng (trừ AVA+, Hydrus); đồng hồ thông minh (trừ Apple); Tai nghe bluetooth và Loa bluetooth các hãng JBL, Marshall,Harman Kardon; Ốp lưng (trừ Apple) trị giá 100.000đ                                                            5                                              Phiếu mua hàng mua sim Vina Bùm Data 12T trị giá 500,000đ                                                            6                                              Thu cũ đổi mới: Giảm đến 2,000,000đ (Không kèm ưu đãi thanh toán qua cổng, mua kèm)  Xem chi tiết                                                            7                                              Nhập mã VNPAY0126 giảm tối đa 100,000đ (áp dụng tùy giá trị đơn hàng) khi thanh toán qua VNPAY-QR  (Xem chi tiết tại đây)";;https://www.thegioididong.com/dtdd/iphone-15;DEBUG_OOS_iPhone 15 512GB_Vàng nhạt_080904.png
iPhone 16 512GB;Xanh Mòng Két;Yes;31990000;26990000;2026-03-09;"Khuyến mãi                      Giá và khuyến mãi dự kiến áp dụng đến 23:59 | 28/03                                                                         1                                              Tặng phiếu mua hàng Apple Watch trị giá 1,000,000đ                                                            2                                              Tặng phiếu mua hàng Macbook trị giá 1,000,000đ                                                            3                                              Phiếu mua hàng Airpods trị giá 800,000đ                                                            4                                              Tặng Phiếu mua hàng mua sạc dự phòng (trừ AVA+, Hydrus); đồng hồ thông minh (trừ Apple); Tai nghe bluetooth và Loa bluetooth các hãng JBL, Marshall,Harman Kardon; Ốp lưng (trừ Apple) trị giá 100.000đ                                                            5                                              Phiếu mua hàng mua sim Vina Bùm Data 12T trị giá 500,000đ                                                            6                                              Thu cũ đổi mới: Giảm đến 2,000,000đ (Không kèm ưu đãi thanh toán qua cổng, mua kèm)  Xem chi tiết                                                            7                                              Nhập mã VNPAY0126 giảm tối đa 100,000đ (áp dụng tùy giá trị đơn hàng) khi thanh toán qua VNPAY-QR  (Xem chi tiết tại đây)";;https://www.thegioididong.com/dtdd/iphone-16;Skipped
iPhone 16 Plus 512GB;Đen;Yes;33990000;29990000;2026-03-09;"Khuyến mãi                      Giá và khuyến mãi dự kiến áp dụng đến 23:59 | 28/03                                                                         1                                              Tặng phiếu mua hàng Apple Watch trị giá 1,000,000đ                                                            2                                              Tặng phiếu mua hàng Macbook trị giá 1,000,000đ                                                            3                                              Phiếu mua hàng Airpods trị giá 800,000đ                                                            4                                              Tặng Phiếu mua hàng mua sạc dự phòng (trừ AVA+, Hydrus); đồng hồ thông minh (trừ Apple); Tai nghe bluetooth và Loa bluetooth các hãng JBL, Marshall,Harman Kardon; Ốp lưng (trừ Apple) trị giá 100.000đ                                                            5                                              Phiếu mua hàng mua sim Vina Bùm Data 12T trị giá 500,000đ                                                            6                                              Thu cũ đổi mới: Giảm đến 2,000,000đ (Không kèm ưu đãi thanh toán qua cổng, mua kèm)  Xem chi tiết                                                            7                                              Nhập mã VNPAY0126 giảm tối đa 100,000đ (áp dụng tùy giá trị đơn hàng) khi thanh toán qua VNPAY-QR  (Xem chi tiết tại đây)";;https://www.thegioididong.com/dtdd/iphone-16-plus;Skipped
iPhone 15 Plus 512GB;Vàng nhạt;Yes;30990000;27990000;2026-03-09;"Khuyến mãi                      Giá và khuyến mãi dự kiến áp dụng đến 23:59 | 28/03                                                                         1                                              Tặng phiếu mua hàng Apple Watch trị giá 1,000,000đ                                                            2                                              Tặng phiếu mua hàng Macbook trị giá 1,000,000đ                                                            3                                              Phiếu mua hàng Airpods trị giá 800,000đ                                                            4                                              Tặng Phiếu mua hàng mua sạc dự phòng (trừ AVA+, Hydrus); đồng hồ thông minh (trừ Apple); Tai nghe bluetooth và Loa bluetooth các hãng JBL, Marshall,Harman Kardon; Ốp lưng (trừ Apple) trị giá 100.000đ                                                            5                                              Phiếu mua hàng mua sim Vina Bùm Data 12T trị giá 500,000đ                                                            6                                              Thu cũ đổi mới: Giảm đến 2,000,000đ (Không kèm ưu đãi thanh toán qua cổng, mua kèm)  Xem chi tiết                                                            7                                              Nhập mã VNPAY0126 giảm tối đa 100,000đ (áp dụng tùy giá trị đơn hàng) khi thanh toán qua VNPAY-QR  (Xem chi tiết tại đây)";;https://www.thegioididong.com/dtdd/iphone-15-plus;Skipped
iPhone 16 Pro 128GB;Titan đen;No;27990000;25590000;2026-03-09;"Khuyến mãi                      Giá và khuyến mãi dự kiến áp dụng đến 23:59 | 28/03                                                                         1                                              Tặng phiếu mua hàng Apple Watch trị giá 1,000,000đ                                                            2                                              Tặng phiếu mua hàng Macbook trị giá 1,000,000đ                                                            3                                              Phiếu mua hàng Airpods trị giá 800,000đ                                                            4                                              Tặng Phiếu mua hàng mua sạc dự phòng (trừ AVA+, Hydrus); đồng hồ thông minh (trừ Apple); Tai nghe bluetooth và Loa bluetooth các hãng JBL, Marshall,Harman Kardon; Ốp lưng (trừ Apple) trị giá 100.000đ                                                            5                                              Phiếu mua hàng mua sim Vina Bùm Data 12T trị giá 500,000đ                                                            6                                              Thu cũ đổi mới: Giảm đến 2,000,000đ (Không kèm ưu đãi thanh toán qua cổng, mua kèm)  Xem chi tiết                                                            7                                              Nhập mã VNPAY0126 giảm tối đa 100,000đ (áp dụng tùy giá trị đơn hàng) khi thanh toán qua VNPAY-QR  (Xem chi tiết tại đây)";;https://www.thegioididong.com/dtdd/iphone-16-pro;DEBUG_OOS_iPhone 16 Pro 128GB_Titan đen_080906.png
iPhone 15 Plus 512GB;Hồng nhạt;No;30990000;27990000;2026-03-09;"Khuyến mãi                      Giá và khuyến mãi dự kiến áp dụng đến 23:59 | 28/03                                                                         1                                              Tặng phiếu mua hàng Apple Watch trị giá 1,000,000đ                                                            2                                              Tặng phiếu mua hàng Macbook trị giá 1,000,000đ                                                            3                                              Phiếu mua hàng Airpods trị giá 800,000đ                                                            4                                              Tặng Phiếu mua hàng mua sạc dự phòng (trừ AVA+, Hydrus); đồng hồ thông minh (trừ Apple); Tai nghe bluetooth và Loa bluetooth các hãng JBL, Marshall,Harman Kardon; Ốp lưng (trừ Apple) trị giá 100.000đ                                                            5                                              Phiếu mua hàng mua sim Vina Bùm Data 12T trị giá 500,000đ                                                            6                                              Thu cũ đổi mới: Giảm đến 2,000,000đ (Không kèm ưu đãi thanh toán qua cổng, mua kèm)  Xem chi tiết                                                            7                                              Nhập mã VNPAY0126 giảm tối đa 100,000đ (áp dụng tùy giá trị đơn hàng) khi thanh toán qua VNPAY-QR  (Xem chi tiết tại đây)";;https://www.thegioididong.com/dtdd/iphone-15-plus;DEBUG_OOS_iPhone 15 Plus 512GB_Hồng nhạt_080909.png
iPhone 16 Pro 128GB;Titan tự nhiên;No;27990000;25590000;2026-03-09;"Khuyến mãi                      Giá và khuyến mãi dự kiến áp dụng đến 23:59 | 28/03                                                                         1                                              Tặng phiếu mua hàng Apple Watch trị giá 1,000,000đ                                                            2                                              Tặng phiếu mua hàng Macbook trị giá 1,000,000đ                                                            3                                              Phiếu mua hàng Airpods trị giá 800,000đ                                                            4                                              Tặng Phiếu mua hàng mua sạc dự phòng (trừ AVA+, Hydrus); đồng hồ thông minh (trừ Apple); Tai nghe bluetooth và Loa bluetooth các hãng JBL, Marshall,Harman Kardon; Ốp lưng (trừ Apple) trị giá 100.000đ                                                            5                                              Phiếu mua hàng mua sim Vina Bùm Data 12T trị giá 500,000đ                                                            6                                              Thu cũ đổi mới: Giảm đến 2,000,000đ (Không kèm ưu đãi thanh toán qua cổng, mua kèm)  Xem chi tiết                                                            7                                              Nhập mã VNPAY0126 giảm tối đa 100,000đ (áp dụng tùy giá trị đơn hàng) khi thanh toán qua VNPAY-QR  (Xem chi tiết tại đây)";;https://www.thegioididong.com/dtdd/iphone-16-pro;DEBUG_OOS_iPhone 16 Pro 128GB_Titan tự nhiên_080910.png
iPhone 15 512GB;Đen;Yes;27990000;23990000;2026-03-09;"Khuyến mãi                      Giá và khuyến mãi dự kiến áp dụng đến 23:59 | 28/03                                                                         1                                              Tặng phiếu mua hàng Apple Watch trị giá 1,000,000đ                                                            2                                              Tặng phiếu mua hàng Macbook trị giá 1,000,000đ                                                            3                                              Phiếu mua hàng Airpods trị giá 800,000đ                                                            4                                              Tặng Phiếu mua hàng mua sạc dự phòng (trừ AVA+, Hydrus); đồng hồ thông minh (trừ Apple); Tai nghe bluetooth và Loa bluetooth các hãng JBL, Marshall,Harman Kardon; Ốp lưng (trừ Apple) trị giá 100.000đ                                                            5                                              Phiếu mua hàng mua sim Vina Bùm Data 12T trị giá 500,000đ                                                            6                                              Thu cũ đổi mới: Giảm đến 2,000,000đ (Không kèm ưu đãi thanh toán qua cổng, mua kèm)  Xem chi tiết                                                            7                                              Nhập mã VNPAY0126 giảm tối đa 100,000đ (áp dụng tùy giá trị đơn hàng) khi thanh toán qua VNPAY-QR  (Xem chi tiết tại đây)";;https://www.thegioididong.com/dtdd/iphone-15;Skipped
iPhone 16 Plus 512GB;Xanh Lưu Ly;Yes;33990000;29990000;2026-03-09;"Khuyến mãi                      Giá và khuyến mãi dự kiến áp dụng đến 23:59 | 28/03                                                                         1                                              Tặng phiếu mua hàng Apple Watch trị giá 1,000,000đ                                                            2                                              Tặng phiếu mua hàng Macbook trị giá 1,000,000đ                                                            3                                              Phiếu mua hàng Airpods trị giá 800,000đ                                                            4                                              Tặng Phiếu mua hàng mua sạc dự phòng (trừ AVA+, Hydrus); đồng hồ thông minh (trừ Apple); Tai nghe bluetooth và Loa bluetooth các hãng JBL, Marshall,Harman Kardon; Ốp lưng (trừ Apple) trị giá 100.000đ                                                            5                                              Phiếu mua hàng mua sim Vina Bùm Data 12T trị giá 500,000đ                                                            6                                              Thu cũ đổi mới: Giảm đến 2,000,000đ (Không kèm ưu đãi thanh toán qua cổng, mua kèm)  Xem chi tiết                                                            7                                              Nhập mã VNPAY0126 giảm tối đa 100,000đ (áp dụng tùy giá trị đơn hàng) khi thanh toán qua VNPAY-QR  (Xem chi tiết tại đây)";;https://www.thegioididong.com/dtdd/iphone-16-plus;Skipped
iPhone 15 Plus 512GB;Xanh dương nhạt;No;30990000;27990000;2026-03-09;"Khuyến mãi                      Giá và khuyến mãi dự kiến áp dụng đến 23:59 | 28/03                                                                         1                                              Tặng phiếu mua hàng Apple Watch trị giá 1,000,000đ                                                            2                                              Tặng phiếu mua hàng Macbook trị giá 1,000,000đ                                                            3                                              Phiếu mua hàng Airpods trị giá 800,000đ                                                            4                                              Tặng Phiếu mua hàng mua sạc dự phòng (trừ AVA+, Hydrus); đồng hồ thông minh (trừ Apple); Tai nghe bluetooth và Loa bluetooth các hãng JBL, Marshall,Harman Kardon; Ốp lưng (trừ Apple) trị giá 100.000đ                                                            5                                              Phiếu mua hàng mua sim Vina Bùm Data 12T trị giá 500,000đ                                                            6                                              Thu cũ đổi mới: Giảm đến 2,000,000đ (Không kèm ưu đãi thanh toán qua cổng, mua kèm)  Xem chi tiết                                                            7                                              Nhập mã VNPAY0126 giảm tối đa 100,000đ (áp dụng tùy giá trị đơn hàng) khi thanh toán qua VNPAY-QR  (Xem chi tiết tại đây)";;https://www.thegioididong.com/dtdd/iphone-15-plus;DEBUG_OOS_iPhone 15 Plus 512GB_Xanh dương nhạt_080912.png
iPhone 16 512GB;Xanh Lưu Ly;Yes;31990000;26990000;2026-03-09;"Khuyến mãi                      Giá và khuyến mãi dự kiến áp dụng đến 23:59 | 28/03                                                                         1                                              Tặng phiếu mua hàng Apple Watch trị giá 1,000,000đ                                                            2                                              Tặng phiếu mua hàng Macbook trị giá 1,000,000đ                                                            3                                              Phiếu mua hàng Airpods trị giá 800,000đ                                                            4                                              Tặng Phiếu mua hàng mua sạc dự phòng (trừ AVA+, Hydrus); đồng hồ thông minh (trừ Apple); Tai nghe bluetooth và Loa bluetooth các hãng JBL, Marshall,Harman Kardon; Ốp lưng (trừ Apple) trị giá 100.000đ                                                            5                                              Phiếu mua hàng mua sim Vina Bùm Data 12T trị giá 500,000đ                                                            6                                              Thu cũ đổi mới: Giảm đến 2,000,000đ (Không kèm ưu đãi thanh toán qua cổng, mua kèm)  Xem chi tiết                                                            7                                              Nhập mã VNPAY0126 giảm tối đa 100,000đ (áp dụng tùy giá trị đơn hàng) khi thanh toán qua VNPAY-QR  (Xem chi tiết tại đây)";;https://www.thegioididong.com/dtdd/iphone-16;Skipped
iPhone 15 Plus 512GB;Xanh lá nhạt;No;30990000;27990000;2026-03-09;"Khuyến mãi                      Giá và khuyến mãi dự kiến áp dụng đến 23:59 | 28/03                                                                         1                                              Tặng phiếu mua hàng Apple Watch trị giá 1,000,000đ                                                            2                                              Tặng phiếu mua hàng Macbook trị giá 1,000,000đ                                                            3                                              Phiếu mua hàng Airpods trị giá 800,000đ                                                            4                                              Tặng Phiếu mua hàng mua sạc dự phòng (trừ AVA+, Hydrus); đồng hồ thông minh (trừ Apple); Tai nghe bluetooth và Loa bluetooth các hãng JBL, Marshall,Harman Kardon; Ốp lưng (trừ Apple) trị giá 100.000đ                                                            5                                              Phiếu mua hàng mua sim Vina Bùm Data 12T trị giá 500,000đ                                                            6                                              Thu cũ đổi mới: Giảm đến 2,000,000đ (Không kèm ưu đãi thanh toán qua cổng, mua kèm)  Xem chi tiết                                                            7                                              Nhập mã VNPAY0126 giảm tối đa 100,000đ (áp dụng tùy giá trị đơn hàng) khi thanh toán qua VNPAY-QR  (Xem chi tiết tại đây)";;https://www.thegioididong.com/dtdd/iphone-15-plus;DEBUG_OOS_iPhone 15 Plus 512GB_Xanh lá nhạt_080916.png
iPhone 16 Pro 128GB;Titan Sa Mạc;No;27990000;25590000;2026-03-09;"Khuyến mãi                      Giá và khuyến mãi dự kiến áp dụng đến 23:59 | 28/03                                                                         1                                              Tặng phiếu mua hàng Apple Watch trị giá 1,000,000đ                                                            2                                              Tặng phiếu mua hàng Macbook trị giá 1,000,000đ                                                            3                                              Phiếu mua hàng Airpods trị giá 800,000đ                                                            4                                              Tặng Phiếu mua hàng mua sạc dự phòng (trừ AVA+, Hydrus); đồng hồ thông minh (trừ Apple); Tai nghe bluetooth và Loa bluetooth các hãng JBL, Marshall,Harman Kardon; Ốp lưng (trừ Apple) trị giá 100.000đ                                                            5                                              Phiếu mua hàng mua sim Vina Bùm Data 12T trị giá 500,000đ                                                            6                                              Thu cũ đổi mới: Giảm đến 2,000,000đ (Không kèm ưu đãi thanh toán qua cổng, mua kèm)  Xem chi tiết                                                            7                                              Nhập mã VNPAY0126 giảm tối đa 100,000đ (áp dụng tùy giá trị đơn hàng) khi thanh toán qua VNPAY-QR  (Xem chi tiết tại đây)";;https://www.thegioididong.com/dtdd/iphone-16-pro;DEBUG_OOS_iPhone 16 Pro 128GB_Titan Sa Mạc_080916.png
iPhone 15 512GB;Hồng nhạt;No;27990000;23990000;2026-03-09;"Khuyến mãi                      Giá và khuyến mãi dự kiến áp dụng đến 23:59 | 28/03                                                                         1                                              Tặng phiếu mua hàng Apple Watch trị giá 1,000,000đ                                                            2                                              Tặng phiếu mua hàng Macbook trị giá 1,000,000đ                                                            3                                              Phiếu mua hàng Airpods trị giá 800,000đ                                                            4                                              Tặng Phiếu mua hàng mua sạc dự phòng (trừ AVA+, Hydrus); đồng hồ thông minh (trừ Apple); Tai nghe bluetooth và Loa bluetooth các hãng JBL, Marshall,Harman Kardon; Ốp lưng (trừ Apple) trị giá 100.000đ                                                            5                                              Phiếu mua hàng mua sim Vina Bùm Data 12T trị giá 500,000đ                                                            6                                              Thu cũ đổi mới: Giảm đến 2,000,000đ (Không kèm ưu đãi thanh toán qua cổng, mua kèm)  Xem chi tiết                                                            7                                              Nhập mã VNPAY0126 giảm tối đa 100,000đ (áp dụng tùy giá trị đơn hàng) khi thanh toán qua VNPAY-QR  (Xem chi tiết tại đây)";;https://www.thegioididong.com/dtdd/iphone-15;DEBUG_OOS_iPhone 15 512GB_Hồng nhạt_080917.png
iPhone 16 Plus 512GB;Hồng;No;33990000;29990000;2026-03-09;"Khuyến mãi                      Giá và khuyến mãi dự kiến áp dụng đến 23:59 | 28/03                                                                         1                                              Tặng phiếu mua hàng Apple Watch trị giá 1,000,000đ                                                            2                                              Tặng phiếu mua hàng Macbook trị giá 1,000,000đ                                                            3                                              Phiếu mua hàng Airpods trị giá 800,000đ                                                            4                                              Tặng Phiếu mua hàng mua sạc dự phòng (trừ AVA+, Hydrus); đồng hồ thông minh (trừ Apple); Tai nghe bluetooth và Loa bluetooth các hãng JBL, Marshall,Harman Kardon; Ốp lưng (trừ Apple) trị giá 100.000đ                                                            5                                              Phiếu mua hàng mua sim Vina Bùm Data 12T trị giá 500,000đ                                                            6                                              Thu cũ đổi mới: Giảm đến 2,000,000đ (Không kèm ưu đãi thanh toán qua cổng, mua kèm)  Xem chi tiết                                                            7                                              Nhập mã VNPAY0126 giảm tối đa 100,000đ (áp dụng tùy giá trị đơn hàng) khi thanh toán qua VNPAY-QR  (Xem chi tiết tại đây)";;https://www.thegioididong.com/dtdd/iphone-16-plus;DEBUG_OOS_iPhone 16 Plus 512GB_Hồng_080917.png
iPhone 16 512GB;Trắng;No;31990000;26990000;2026-03-09;"Khuyến mãi                      Giá và khuyến mãi dự kiến áp dụng đến 23:59 | 28/03                                                                         1                                              Tặng phiếu mua hàng Apple Watch trị giá 1,000,000đ                                                            2                                              Tặng phiếu mua hàng Macbook trị giá 1,000,000đ                                                            3                                              Phiếu mua hàng Airpods trị giá 800,000đ                                                            4                                              Tặng Phiếu mua hàng mua sạc dự phòng (trừ AVA+, Hydrus); đồng hồ thông minh (trừ Apple); Tai nghe bluetooth và Loa bluetooth các hãng JBL, Marshall,Harman Kardon; Ốp lưng (trừ Apple) trị giá 100.000đ                                                            5                                              Phiếu mua hàng mua sim Vina Bùm Data 12T trị giá 500,000đ                                                            6                                              Thu cũ đổi mới: Giảm đến 2,000,000đ (Không kèm ưu đãi thanh toán qua cổng, mua kèm)  Xem chi tiết                                                            7                                              Nhập mã VNPAY0126 giảm tối đa 100,000đ (áp dụng tùy giá trị đơn hàng) khi thanh toán qua VNPAY-QR  (Xem chi tiết tại đây)";;https://www.thegioididong.com/dtdd/iphone-16;DEBUG_OOS_iPhone 16 512GB_Trắng_080918.png
iPhone 16 Pro 128GB;Titan trắng;No;27990000;25590000;2026-03-09;"Khuyến mãi                      Giá và khuyến mãi dự kiến áp dụng đến 23:59 | 28/03                                                                         1                                              Tặng phiếu mua hàng Apple Watch trị giá 1,000,000đ                                                            2                                              Tặng phiếu mua hàng Macbook trị giá 1,000,000đ                                                            3                                              Phiếu mua hàng Airpods trị giá 800,000đ                                                            4                                              Tặng Phiếu mua hàng mua sạc dự phòng (trừ AVA+, Hydrus); đồng hồ thông minh (trừ Apple); Tai nghe bluetooth và Loa bluetooth các hãng JBL, Marshall,Harman Kardon; Ốp lưng (trừ Apple) trị giá 100.000đ                                                            5                                              Phiếu mua hàng mua sim Vina Bùm Data 12T trị giá 500,000đ                                                            6                                              Thu cũ đổi mới: Giảm đến 2,000,000đ (Không kèm ưu đãi thanh toán qua cổng, mua kèm)  Xem chi tiết                                                            7                                              Nhập mã VNPAY0126 giảm tối đa 100,000đ (áp dụng tùy giá trị đơn hàng) khi thanh toán qua VNPAY-QR  (Xem chi tiết tại đây)";;https://www.thegioididong.com/dtdd/iphone-16-pro;DEBUG_OOS_iPhone 16 Pro 128GB_Titan trắng_080920.png
iPhone 15 512GB;Xanh lá nhạt;No;27990000;23990000;2026-03-09;"Khuyến mãi                      Giá và khuyến mãi dự kiến áp dụng đến 23:59 | 28/03                                                                         1                                              Tặng phiếu mua hàng Apple Watch trị giá 1,000,000đ                                                            2                                              Tặng phiếu mua hàng Macbook trị giá 1,000,000đ                                                            3                                              Phiếu mua hàng Airpods trị giá 800,000đ                                                            4                                              Tặng Phiếu mua hàng mua sạc dự phòng (trừ AVA+, Hydrus); đồng hồ thông minh (trừ Apple); Tai nghe bluetooth và Loa bluetooth các hãng JBL, Marshall,Harman Kardon; Ốp lưng (trừ Apple) trị giá 100.000đ                                                            5                                              Phiếu mua hàng mua sim Vina Bùm Data 12T trị giá 500,000đ                                                            6                                              Thu cũ đổi mới: Giảm đến 2,000,000đ (Không kèm ưu đãi thanh toán qua cổng, mua kèm)  Xem chi tiết                                                            7                                              Nhập mã VNPAY0126 giảm tối đa 100,000đ (áp dụng tùy giá trị đơn hàng) khi thanh toán qua VNPAY-QR  (Xem chi tiết tại đây)";;https://www.thegioididong.com/dtdd/iphone-15;DEBUG_OOS_iPhone 15 512GB_Xanh lá nhạt_080921.png
iPhone 16 512GB;Hồng;No;31990000;26990000;2026-03-09;"Khuyến mãi                      Giá và khuyến mãi dự kiến áp dụng đến 23:59 | 28/03                                                                         1                                              Tặng phiếu mua hàng Apple Watch trị giá 1,000,000đ                                                            2                                              Tặng phiếu mua hàng Macbook trị giá 1,000,000đ                                                            3                                              Phiếu mua hàng Airpods trị giá 800,000đ                                                            4                                              Tặng Phiếu mua hàng mua sạc dự phòng (trừ AVA+, Hydrus); đồng hồ thông minh (trừ Apple); Tai nghe bluetooth và Loa bluetooth các hãng JBL, Marshall,Harman Kardon; Ốp lưng (trừ Apple) trị giá 100.000đ                                                            5                                              Phiếu mua hàng mua sim Vina Bùm Data 12T trị giá 500,000đ                                                            6                                              Thu cũ đổi mới: Giảm đến 2,000,000đ (Không kèm ưu đãi thanh toán qua cổng, mua kèm)  Xem chi tiết                                                            7                                              Nhập mã VNPAY0126 giảm tối đa 100,000đ (áp dụng tùy giá trị đơn hàng) khi thanh toán qua VNPAY-QR  (Xem chi tiết tại đây)";;https://www.thegioididong.com/dtdd/iphone-16;DEBUG_OOS_iPhone 16 512GB_Hồng_080921.png
iPhone 16 Pro 128GB;Titan đen;No;27990000;25590000;2026-03-09;"Khuyến mãi                      Giá và khuyến mãi dự kiến áp dụng đến 23:59 | 28/03                                                                         1                                              Tặng phiếu mua hàng Apple Watch trị giá 1,000,000đ                                                            2                                              Tặng phiếu mua hàng Macbook trị giá 1,000,000đ                                                            3                                              Phiếu mua hàng Airpods trị giá 800,000đ                                                            4                                              Tặng Phiếu mua hàng mua sạc dự phòng (trừ AVA+, Hydrus); đồng hồ thông minh (trừ Apple); Tai nghe bluetooth và Loa bluetooth các hãng JBL, Marshall,Harman Kardon; Ốp lưng (trừ Apple) trị giá 100.000đ                                                            5                                              Phiếu mua hàng mua sim Vina Bùm Data 12T trị giá 500,000đ                                                            6                                              Thu cũ đổi mới: Giảm đến 2,000,000đ (Không kèm ưu đãi thanh toán qua cổng, mua kèm)  Xem chi tiết                                                            7                                              Nhập mã VNPAY0126 giảm tối đa 100,000đ (áp dụng tùy giá trị đơn hàng) khi thanh toán qua VNPAY-QR  (Xem chi tiết tại đây)";;https://www.thegioididong.com/dtdd/iphone-16-pro;DEBUG_OOS_iPhone 16 Pro 128GB_Titan đen_080923.png
iPhone 15 512GB;Xanh dương nhạt;No;27990000;23990000;2026-03-09;"Khuyến mãi                      Giá và khuyến mãi dự kiến áp dụng đến 23:59 | 28/03                                                                         1                                              Tặng phiếu mua hàng Apple Watch trị giá 1,000,000đ                                                            2                                              Tặng phiếu mua hàng Macbook trị giá 1,000,000đ                                                            3                                              Phiếu mua hàng Airpods trị giá 800,000đ                                                            4                                              Tặng Phiếu mua hàng mua sạc dự phòng (trừ AVA+, Hydrus); đồng hồ thông minh (trừ Apple); Tai nghe bluetooth và Loa bluetooth các hãng JBL, Marshall,Harman Kardon; Ốp lưng (trừ Apple) trị giá 100.000đ                                                            5                                              Phiếu mua hàng mua sim Vina Bùm Data 12T trị giá 500,000đ                                                            6                                              Thu cũ đổi mới: Giảm đến 2,000,000đ (Không kèm ưu đãi thanh toán qua cổng, mua kèm)  Xem chi tiết                                                            7                                              Nhập mã VNPAY0126 giảm tối đa 100,000đ (áp dụng tùy giá trị đơn hàng) khi thanh toán qua VNPAY-QR  (Xem chi tiết tại đây)";;https://www.thegioididong.com/dtdd/iphone-15;DEBUG_OOS_iPhone 15 512GB_Xanh dương nhạt_080924.png
iPhone 16 Plus 512GB;Trắng;Yes;33990000;29990000;2026-03-09;"Khuyến mãi                      Giá và khuyến mãi dự kiến áp dụng đến 23:59 | 28/03                                                                         1                                              Tặng phiếu mua hàng Apple Watch trị giá 1,000,000đ                                                            2                                              Tặng phiếu mua hàng Macbook trị giá 1,000,000đ                                                            3                                              Phiếu mua hàng Airpods trị giá 800,000đ                                                            4                                              Tặng Phiếu mua hàng mua sạc dự phòng (trừ AVA+, Hydrus); đồng hồ thông minh (trừ Apple); Tai nghe bluetooth và Loa bluetooth các hãng JBL, Marshall,Harman Kardon; Ốp lưng (trừ Apple) trị giá 100.000đ                                                            5                                              Phiếu mua hàng mua sim Vina Bùm Data 12T trị giá 500,000đ                                                            6                                              Thu cũ đổi mới: Giảm đến 2,000,000đ (Không kèm ưu đãi thanh toán qua cổng, mua kèm)  Xem chi tiết                                                            7                                              Nhập mã VNPAY0126 giảm tối đa 100,000đ (áp dụng tùy giá trị đơn hàng) khi thanh toán qua VNPAY-QR  (Xem chi tiết tại đây)";;https://www.thegioididong.com/dtdd/iphone-16-plus;Skipped
iPhone 15 Plus 512GB;Đen;Yes;30990000;27990000;2026-03-09;"Khuyến mãi                      Giá và khuyến mãi dự kiến áp dụng đến 23:59 | 28/03                                                                         1                                              Tặng phiếu mua hàng Apple Watch trị giá 1,000,000đ                                                            2                                              Tặng phiếu mua hàng Macbook trị giá 1,000,000đ                                                            3                                              Phiếu mua hàng Airpods trị giá 800,000đ                                                            4                                              Tặng Phiếu mua hàng mua sạc dự phòng (trừ AVA+, Hydrus); đồng hồ thông minh (trừ Apple); Tai nghe bluetooth và Loa bluetooth các hãng JBL, Marshall,Harman Kardon; Ốp lưng (trừ Apple) trị giá 100.000đ                                                            5                                              Phiếu mua hàng mua sim Vina Bùm Data 12T trị giá 500,000đ                                                            6                                              Thu cũ đổi mới: Giảm đến 2,000,000đ (Không kèm ưu đãi thanh toán qua cổng, mua kèm)  Xem chi tiết                                                            7                                              Nhập mã VNPAY0126 giảm tối đa 100,000đ (áp dụng tùy giá trị đơn hàng) khi thanh toán qua VNPAY-QR  (Xem chi tiết tại đây)";;https://www.thegioididong.com/dtdd/iphone-15-plus;Skipped
iPhone 16 Pro 128GB;Titan tự nhiên;No;27990000;25590000;2026-03-09;"Khuyến mãi                      Giá và khuyến mãi dự kiến áp dụng đến 23:59 | 28/03                                                                         1                                              Tặng phiếu mua hàng Apple Watch trị giá 1,000,000đ                                                            2                                              Tặng phiếu mua hàng Macbook trị giá 1,000,000đ                                                            3                                              Phiếu mua hàng Airpods trị giá 800,000đ                                                            4                                              Tặng Phiếu mua hàng mua sạc dự phòng (trừ AVA+, Hydrus); đồng hồ thông minh (trừ Apple); Tai nghe bluetooth và Loa bluetooth các hãng JBL, Marshall,Harman Kardon; Ốp lưng (trừ Apple) trị giá 100.000đ                                                            5                                              Phiếu mua hàng mua sim Vina Bùm Data 12T trị giá 500,000đ                                                            6                                              Thu cũ đổi mới: Giảm đến 2,000,000đ (Không kèm ưu đãi thanh toán qua cổng, mua kèm)  Xem chi tiết                                                            7                                              Nhập mã VNPAY0126 giảm tối đa 100,000đ (áp dụng tùy giá trị đơn hàng) khi thanh toán qua VNPAY-QR  (Xem chi tiết tại đây)";;https://www.thegioididong.com/dtdd/iphone-16-pro;DEBUG_OOS_iPhone 16 Pro 128GB_Titan tự nhiên_080927.png
iPhone 16 512GB;Đen;Yes;31990000;26990000;2026-03-09;"Khuyến mãi                      Giá và khuyến mãi dự kiến áp dụng đến 23:59 | 28/03                                                                         1                                              Tặng phiếu mua hàng Apple Watch trị giá 1,000,000đ                                                            2                                              Tặng phiếu mua hàng Macbook trị giá 1,000,000đ                                                            3                                              Phiếu mua hàng Airpods trị giá 800,000đ                                                            4                                              Tặng Phiếu mua hàng mua sạc dự phòng (trừ AVA+, Hydrus); đồng hồ thông minh (trừ Apple); Tai nghe bluetooth và Loa bluetooth các hãng JBL, Marshall,Harman Kardon; Ốp lưng (trừ Apple) trị giá 100.000đ                                                            5                                              Phiếu mua hàng mua sim Vina Bùm Data 12T trị giá 500,000đ                                                            6                                              Thu cũ đổi mới: Giảm đến 2,000,000đ (Không kèm ưu đãi thanh toán qua cổng, mua kèm)  Xem chi tiết                                                            7                                              Nhập mã VNPAY0126 giảm tối đa 100,000đ (áp dụng tùy giá trị đơn hàng) khi thanh toán qua VNPAY-QR  (Xem chi tiết tại đây)";;https://www.thegioididong.com/dtdd/iphone-16;Skipped
iPhone 15 512GB;Vàng nhạt;No;27990000;23990000;2026-03-09;"Khuyến mãi                      Giá và khuyến mãi dự kiến áp dụng đến 23:59 | 28/03                                                                         1                                              Tặng phiếu mua hàng Apple Watch trị giá 1,000,000đ                                                            2                                              Tặng phiếu mua hàng Macbook trị giá 1,000,000đ                                                            3                                              Phiếu mua hàng Airpods trị giá 800,000đ                                                            4                                              Tặng Phiếu mua hàng mua sạc dự phòng (trừ AVA+, Hydrus); đồng hồ thông minh (trừ Apple); Tai nghe bluetooth và Loa bluetooth các hãng JBL, Marshall,Harman Kardon; Ốp lưng (trừ Apple) trị giá 100.000đ                                                            5                                              Phiếu mua hàng mua sim Vina Bùm Data 12T trị giá 500,000đ                                                            6                                              Thu cũ đổi mới: Giảm đến 2,000,000đ (Không kèm ưu đãi thanh toán qua cổng, mua kèm)  Xem chi tiết                                                            7                                              Nhập mã VNPAY0126 giảm tối đa 100,000đ (áp dụng tùy giá trị đơn hàng) khi thanh toán qua VNPAY-QR  (Xem chi tiết tại đây)";;https://www.thegioididong.com/dtdd/iphone-15;DEBUG_OOS_iPhone 15 512GB_Vàng nhạt_080928.png
iPhone 16 Plus 512GB;Xanh Mòng Két;Yes;33990000;29990000;2026-03-09;"Khuyến mãi                      Giá và khuyến mãi dự kiến áp dụng đến 23:59 | 28/03                                                                         1                                              Tặng phiếu mua hàng Apple Watch trị giá 1,000,000đ                                                            2                                              Tặng phiếu mua hàng Macbook trị giá 1,000,000đ                                                            3                                              Phiếu mua hàng Airpods trị giá 800,000đ                                                            4                                              Tặng Phiếu mua hàng mua sạc dự phòng (trừ AVA+, Hydrus); đồng hồ thông minh (trừ Apple); Tai nghe bluetooth và Loa bluetooth các hãng JBL, Marshall,Harman Kardon; Ốp lưng (trừ Apple) trị giá 100.000đ                                                            5                                              Phiếu mua hàng mua sim Vina Bùm Data 12T trị giá 500,000đ                                                            6                                              Thu cũ đổi mới: Giảm đến 2,000,000đ (Không kèm ưu đãi thanh toán qua cổng, mua kèm)  Xem chi tiết                                                            7                                              Nhập mã VNPAY0126 giảm tối đa 100,000đ (áp dụng tùy giá trị đơn hàng) khi thanh toán qua VNPAY-QR  (Xem chi tiết tại đây)";;https://www.thegioididong.com/dtdd/iphone-16-plus;Skipped
iPhone 15 Plus 512GB;Vàng nhạt;Yes;30990000;27990000;2026-03-09;"Khuyến mãi                      Giá và khuyến mãi dự kiến áp dụng đến 23:59 | 28/03                                                                         1                                              Tặng phiếu mua hàng Apple Watch trị giá 1,000,000đ                                                            2                                              Tặng phiếu mua hàng Macbook trị giá 1,000,000đ                                                            3                                              Phiếu mua hàng Airpods trị giá 800,000đ                                                            4                                              Tặng Phiếu mua hàng mua sạc dự phòng (trừ AVA+, Hydrus); đồng hồ thông minh (trừ Apple); Tai nghe bluetooth và Loa bluetooth các hãng JBL, Marshall,Harman Kardon; Ốp lưng (trừ Apple) trị giá 100.000đ                                                            5                                              Phiếu mua hàng mua sim Vina Bùm Data 12T trị giá 500,000đ                                                            6                                              Thu cũ đổi mới: Giảm đến 2,000,000đ (Không kèm ưu đãi thanh toán qua cổng, mua kèm)  Xem chi tiết                                                            7                                              Nhập mã VNPAY0126 giảm tối đa 100,000đ (áp dụng tùy giá trị đơn hàng) khi thanh toán qua VNPAY-QR  (Xem chi tiết tại đây)";;https://www.thegioididong.com/dtdd/iphone-15-plus;Skipped
iPhone 16 512GB;Xanh Mòng Két;Yes;31990000;26990000;2026-03-09;"Khuyến mãi                      Giá và khuyến mãi dự kiến áp dụng đến 23:59 | 28/03                                                                         1                                              Tặng phiếu mua hàng Apple Watch trị giá 1,000,000đ                                                            2                                              Tặng phiếu mua hàng Macbook trị giá 1,000,000đ                                                            3                                              Phiếu mua hàng Airpods trị giá 800,000đ                                                            4                                              Tặng Phiếu mua hàng mua sạc dự phòng (trừ AVA+, Hydrus); đồng hồ thông minh (trừ Apple); Tai nghe bluetooth và Loa bluetooth các hãng JBL, Marshall,Harman Kardon; Ốp lưng (trừ Apple) trị giá 100.000đ                                                            5                                              Phiếu mua hàng mua sim Vina Bùm Data 12T trị giá 500,000đ                                                            6                                              Thu cũ đổi mới: Giảm đến 2,000,000đ (Không kèm ưu đãi thanh toán qua cổng, mua kèm)  Xem chi tiết                                                            7                                              Nhập mã VNPAY0126 giảm tối đa 100,000đ (áp dụng tùy giá trị đơn hàng) khi thanh toán qua VNPAY-QR  (Xem chi tiết tại đây)";;https://www.thegioididong.com/dtdd/iphone-16;Skipped
iPhone 15 512GB;Đen;Yes;27990000;23990000;2026-03-09;"Khuyến mãi                      Giá và khuyến mãi dự kiến áp dụng đến 23:59 | 28/03                                                                         1                                              Tặng phiếu mua hàng Apple Watch trị giá 1,000,000đ                                                            2                                              Tặng phiếu mua hàng Macbook trị giá 1,000,000đ                                                            3                                              Phiếu mua hàng Airpods trị giá 800,000đ                                                            4                                              Tặng Phiếu mua hàng mua sạc dự phòng (trừ AVA+, Hydrus); đồng hồ thông minh (trừ Apple); Tai nghe bluetooth và Loa bluetooth các hãng JBL, Marshall,Harman Kardon; Ốp lưng (trừ Apple) trị giá 100.000đ                                                            5                                              Phiếu mua hàng mua sim Vina Bùm Data 12T trị giá 500,000đ                                                            6                                              Thu cũ đổi mới: Giảm đến 2,000,000đ (Không kèm ưu đãi thanh toán qua cổng, mua kèm)  Xem chi tiết                                                            7                                              Nhập mã VNPAY0126 giảm tối đa 100,000đ (áp dụng tùy giá trị đơn hàng) khi thanh toán qua VNPAY-QR  (Xem chi tiết tại đây)";;https://www.thegioididong.com/dtdd/iphone-15;Skipped
iPhone 15 Plus 512GB;Hồng nhạt;No;30990000;27990000;2026-03-09;"Khuyến mãi                      Giá và khuyến mãi dự kiến áp dụng đến 23:59 | 28/03                                                                         1                                              Tặng phiếu mua hàng Apple Watch trị giá 1,000,000đ                                                            2                                              Tặng phiếu mua hàng Macbook trị giá 1,000,000đ                                                            3                                              Phiếu mua hàng Airpods trị giá 800,000đ                                                            4                                              Tặng Phiếu mua hàng mua sạc dự phòng (trừ AVA+, Hydrus); đồng hồ thông minh (trừ Apple); Tai nghe bluetooth và Loa bluetooth các hãng JBL, Marshall,Harman Kardon; Ốp lưng (trừ Apple) trị giá 100.000đ                                                            5                                              Phiếu mua hàng mua sim Vina Bùm Data 12T trị giá 500,000đ                                                            6                                              Thu cũ đổi mới: Giảm đến 2,000,000đ (Không kèm ưu đãi thanh toán qua cổng, mua kèm)  Xem chi tiết                                                            7                                              Nhập mã VNPAY0126 giảm tối đa 100,000đ (áp dụng tùy giá trị đơn hàng) khi thanh toán qua VNPAY-QR  (Xem chi tiết tại đây)";;https://www.thegioididong.com/dtdd/iphone-15-plus;DEBUG_OOS_iPhone 15 Plus 512GB_Hồng nhạt_080935.png
iPhone 16 Pro Max 256GB;Titan Sa Mạc;Yes;33990000;31590000;2026-03-09;"Khuyến mãi                      Giá và khuyến mãi dự kiến áp dụng đến 23:59 | 28/03                                                                         1                                              Tặng phiếu mua hàng Apple Watch trị giá 1,000,000đ                                                            2                                              Tặng phiếu mua hàng Macbook trị giá 1,000,000đ                                                            3                                              Phiếu mua hàng Airpods trị giá 800,000đ                                                            4                                              Tặng Phiếu mua hàng mua sạc dự phòng (trừ AVA+, Hydrus); đồng hồ thông minh (trừ Apple); Tai nghe bluetooth và Loa bluetooth các hãng JBL, Marshall,Harman Kardon; Ốp lưng (trừ Apple) trị giá 100.000đ                                                            5                                              Phiếu mua hàng mua sim Vina Bùm Data 12T trị giá 500,000đ                                                            6                                              Thu cũ đổi mới: Giảm đến 2,000,000đ (Không kèm ưu đãi thanh toán qua cổng, mua kèm)  Xem chi tiết                                                            7                                              Nhập mã VNPAY0126 giảm tối đa 100,000đ (áp dụng tùy giá trị đơn hàng) khi thanh toán qua VNPAY-QR  (Xem chi tiết tại đây)";;https://www.thegioididong.com/dtdd/iphone-16-pro-max;Skipped
iPhone 16 Plus 512GB;Đen;Yes;33990000;29990000;2026-03-09;"Khuyến mãi                      Giá và khuyến mãi dự kiến áp dụng đến 23:59 | 28/03                                                                         1                                              Tặng phiếu mua hàng Apple Watch trị giá 1,000,000đ                                                            2                                              Tặng phiếu mua hàng Macbook trị giá 1,000,000đ                                                            3                                              Phiếu mua hàng Airpods trị giá 800,000đ                                                            4                                              Tặng Phiếu mua hàng mua sạc dự phòng (trừ AVA+, Hydrus); đồng hồ thông minh (trừ Apple); Tai nghe bluetooth và Loa bluetooth các hãng JBL, Marshall,Harman Kardon; Ốp lưng (trừ Apple) trị giá 100.000đ                                                            5                                              Phiếu mua hàng mua sim Vina Bùm Data 12T trị giá 500,000đ                                                            6                                              Thu cũ đổi mới: Giảm đến 2,000,000đ (Không kèm ưu đãi thanh toán qua cổng, mua kèm)  Xem chi tiết                                                            7                                              Nhập mã VNPAY0126 giảm tối đa 100,000đ (áp dụng tùy giá trị đơn hàng) khi thanh toán qua VNPAY-QR  (Xem chi tiết tại đây)";;https://www.thegioididong.com/dtdd/iphone-16-plus;Skipped
iPhone 15 Plus 512GB;Xanh dương nhạt;No;30990000;27990000;2026-03-09;"Khuyến mãi                      Giá và khuyến mãi dự kiến áp dụng đến 23:59 | 28/03                                                                         1                                              Tặng phiếu mua hàng Apple Watch trị giá 1,000,000đ                                                            2                                              Tặng phiếu mua hàng Macbook trị giá 1,000,000đ                                                            3                                              Phiếu mua hàng Airpods trị giá 800,000đ                                                            4                                              Tặng Phiếu mua hàng mua sạc dự phòng (trừ AVA+, Hydrus); đồng hồ thông minh (trừ Apple); Tai nghe bluetooth và Loa bluetooth các hãng JBL, Marshall,Harman Kardon; Ốp lưng (trừ Apple) trị giá 100.000đ                                                            5                                              Phiếu mua hàng mua sim Vina Bùm Data 12T trị giá 500,000đ                                                            6                                              Thu cũ đổi mới: Giảm đến 2,000,000đ (Không kèm ưu đãi thanh toán qua cổng, mua kèm)  Xem chi tiết                                                            7                                              Nhập mã VNPAY0126 giảm tối đa 100,000đ (áp dụng tùy giá trị đơn hàng) khi thanh toán qua VNPAY-QR  (Xem chi tiết tại đây)";;https://www.thegioididong.com/dtdd/iphone-15-plus;DEBUG_OOS_iPhone 15 Plus 512GB_Xanh dương nhạt_080939.png
iPhone 16 Pro Max 256GB;Titan trắng;No;33990000;31590000;2026-03-09;"Khuyến mãi                      Giá và khuyến mãi dự kiến áp dụng đến 23:59 | 28/03                                                                         1                                              Tặng phiếu mua hàng Apple Watch trị giá 1,000,000đ                                                            2                                              Tặng phiếu mua hàng Macbook trị giá 1,000,000đ                                                            3                                              Phiếu mua hàng Airpods trị giá 800,000đ                                                            4                                              Tặng Phiếu mua hàng mua sạc dự phòng (trừ AVA+, Hydrus); đồng hồ thông minh (trừ Apple); Tai nghe bluetooth và Loa bluetooth các hãng JBL, Marshall,Harman Kardon; Ốp lưng (trừ Apple) trị giá 100.000đ                                                            5                                              Phiếu mua hàng mua sim Vina Bùm Data 12T trị giá 500,000đ                                                            6                                              Thu cũ đổi mới: Giảm đến 2,000,000đ (Không kèm ưu đãi thanh toán qua cổng, mua kèm)  Xem chi tiết                                                            7                                              Nhập mã VNPAY0126 giảm tối đa 100,000đ (áp dụng tùy giá trị đơn hàng) khi thanh toán qua VNPAY-QR  (Xem chi tiết tại đây)";;https://www.thegioididong.com/dtdd/iphone-16-pro-max;DEBUG_OOS_iPhone 16 Pro Max 256GB_Titan trắng_080939.png
iPhone 15 512GB;Hồng nhạt;No;27990000;23990000;2026-03-09;"Khuyến mãi                      Giá và khuyến mãi dự kiến áp dụng đến 23:59 | 28/03                                                                         1                                              Tặng phiếu mua hàng Apple Watch trị giá 1,000,000đ                                                            2                                              Tặng phiếu mua hàng Macbook trị giá 1,000,000đ                                                            3                                              Phiếu mua hàng Airpods trị giá 800,000đ                                                            4                                              Tặng Phiếu mua hàng mua sạc dự phòng (trừ AVA+, Hydrus); đồng hồ thông minh (trừ Apple); Tai nghe bluetooth và Loa bluetooth các hãng JBL, Marshall,Harman Kardon; Ốp lưng (trừ Apple) trị giá 100.000đ                                                            5                                              Phiếu mua hàng mua sim Vina Bùm Data 12T trị giá 500,000đ                                                            6                                              Thu cũ đổi mới: Giảm đến 2,000,000đ (Không kèm ưu đãi thanh toán qua cổng, mua kèm)  Xem chi tiết                                                            7                                              Nhập mã VNPAY0126 giảm tối đa 100,000đ (áp dụng tùy giá trị đơn hàng) khi thanh toán qua VNPAY-QR  (Xem chi tiết tại đây)";;https://www.thegioididong.com/dtdd/iphone-15;DEBUG_OOS_iPhone 15 512GB_Hồng nhạt_080940.png
iPhone 15 Plus 512GB;Xanh lá nhạt;No;30990000;27990000;2026-03-09;"Khuyến mãi                      Giá và khuyến mãi dự kiến áp dụng đến 23:59 | 28/03                                                                         1                                              Tặng phiếu mua hàng Apple Watch trị giá 1,000,000đ                                                            2                                              Tặng phiếu mua hàng Macbook trị giá 1,000,000đ                                                            3                                              Phiếu mua hàng Airpods trị giá 800,000đ                                                            4                                              Tặng Phiếu mua hàng mua sạc dự phòng (trừ AVA+, Hydrus); đồng hồ thông minh (trừ Apple); Tai nghe bluetooth và Loa bluetooth các hãng JBL, Marshall,Harman Kardon; Ốp lưng (trừ Apple) trị giá 100.000đ                                                            5                                              Phiếu mua hàng mua sim Vina Bùm Data 12T trị giá 500,000đ                                                            6                                              Thu cũ đổi mới: Giảm đến 2,000,000đ (Không kèm ưu đãi thanh toán qua cổng, mua kèm)  Xem chi tiết                                                            7                                              Nhập mã VNPAY0126 giảm tối đa 100,000đ (áp dụng tùy giá trị đơn hàng) khi thanh toán qua VNPAY-QR  (Xem chi tiết tại đây)";;https://www.thegioididong.com/dtdd/iphone-15-plus;DEBUG_OOS_iPhone 15 Plus 512GB_Xanh lá nhạt_080942.png
iPhone 16 512GB;Xanh Lưu Ly;Yes;31990000;26990000;2026-03-09;"Khuyến mãi                      Giá và khuyến mãi dự kiến áp dụng đến 23:59 | 28/03                                                                         1                                              Tặng phiếu mua hàng Apple Watch trị giá 1,000,000đ                                                            2                                              Tặng phiếu mua hàng Macbook trị giá 1,000,000đ                                                            3                                              Phiếu mua hàng Airpods trị giá 800,000đ                                                            4                                              Tặng Phiếu mua hàng mua sạc dự phòng (trừ AVA+, Hydrus); đồng hồ thông minh (trừ Apple); Tai nghe bluetooth và Loa bluetooth các hãng JBL, Marshall,Harman Kardon; Ốp lưng (trừ Apple) trị giá 100.000đ                                                            5                                              Phiếu mua hàng mua sim Vina Bùm Data 12T trị giá 500,000đ                                                            6                                              Thu cũ đổi mới: Giảm đến 2,000,000đ (Không kèm ưu đãi thanh toán qua cổng, mua kèm)  Xem chi tiết                                                            7                                              Nhập mã VNPAY0126 giảm tối đa 100,000đ (áp dụng tùy giá trị đơn hàng) khi thanh toán qua VNPAY-QR  (Xem chi tiết tại đây)";;https://www.thegioididong.com/dtdd/iphone-16;Skipped
iPhone 15 512GB;Xanh lá nhạt;No;27990000;23990000;2026-03-09;"Khuyến mãi                      Giá và khuyến mãi dự kiến áp dụng đến 23:59 | 28/03                                                                         1                                              Tặng phiếu mua hàng Apple Watch trị giá 1,000,000đ                                                            2                                              Tặng phiếu mua hàng Macbook trị giá 1,000,000đ                                                            3                                              Phiếu mua hàng Airpods trị giá 800,000đ                                                            4                                              Tặng Phiếu mua hàng mua sạc dự phòng (trừ AVA+, Hydrus); đồng hồ thông minh (trừ Apple); Tai nghe bluetooth và Loa bluetooth các hãng JBL, Marshall,Harman Kardon; Ốp lưng (trừ Apple) trị giá 100.000đ                                                            5                                              Phiếu mua hàng mua sim Vina Bùm Data 12T trị giá 500,000đ                                                            6                                              Thu cũ đổi mới: Giảm đến 2,000,000đ (Không kèm ưu đãi thanh toán qua cổng, mua kèm)  Xem chi tiết                                                            7                                              Nhập mã VNPAY0126 giảm tối đa 100,000đ (áp dụng tùy giá trị đơn hàng) khi thanh toán qua VNPAY-QR  (Xem chi tiết tại đây)";;https://www.thegioididong.com/dtdd/iphone-15;DEBUG_OOS_iPhone 15 512GB_Xanh lá nhạt_080943.png
iPhone 16 Pro Max 256GB;Titan đen;No;33990000;31590000;2026-03-09;"Khuyến mãi                      Giá và khuyến mãi dự kiến áp dụng đến 23:59 | 28/03                                                                         1                                              Tặng phiếu mua hàng Apple Watch trị giá 1,000,000đ                                                            2                                              Tặng phiếu mua hàng Macbook trị giá 1,000,000đ                                                            3                                              Phiếu mua hàng Airpods trị giá 800,000đ                                                            4                                              Tặng Phiếu mua hàng mua sạc dự phòng (trừ AVA+, Hydrus); đồng hồ thông minh (trừ Apple); Tai nghe bluetooth và Loa bluetooth các hãng JBL, Marshall,Harman Kardon; Ốp lưng (trừ Apple) trị giá 100.000đ                                                            5                                              Phiếu mua hàng mua sim Vina Bùm Data 12T trị giá 500,000đ                                                            6                                              Thu cũ đổi mới: Giảm đến 2,000,000đ (Không kèm ưu đãi thanh toán qua cổng, mua kèm)  Xem chi tiết                                                            7                                              Nhập mã VNPAY0126 giảm tối đa 100,000đ (áp dụng tùy giá trị đơn hàng) khi thanh toán qua VNPAY-QR  (Xem chi tiết tại đây)";;https://www.thegioididong.com/dtdd/iphone-16-pro-max;DEBUG_OOS_iPhone 16 Pro Max 256GB_Titan đen_080943.png
iPhone 16 512GB;Trắng;No;31990000;26990000;2026-03-09;"Khuyến mãi                      Giá và khuyến mãi dự kiến áp dụng đến 23:59 | 28/03                                                                         1                                              Tặng phiếu mua hàng Apple Watch trị giá 1,000,000đ                                                            2                                              Tặng phiếu mua hàng Macbook trị giá 1,000,000đ                                                            3                                              Phiếu mua hàng Airpods trị giá 800,000đ                                                            4                                              Tặng Phiếu mua hàng mua sạc dự phòng (trừ AVA+, Hydrus); đồng hồ thông minh (trừ Apple); Tai nghe bluetooth và Loa bluetooth các hãng JBL, Marshall,Harman Kardon; Ốp lưng (trừ Apple) trị giá 100.000đ                                                            5                                              Phiếu mua hàng mua sim Vina Bùm Data 12T trị giá 500,000đ                                                            6                                              Thu cũ đổi mới: Giảm đến 2,000,000đ (Không kèm ưu đãi thanh toán qua cổng, mua kèm)  Xem chi tiết                                                            7                                              Nhập mã VNPAY0126 giảm tối đa 100,000đ (áp dụng tùy giá trị đơn hàng) khi thanh toán qua VNPAY-QR  (Xem chi tiết tại đây)";;https://www.thegioididong.com/dtdd/iphone-16;DEBUG_OOS_iPhone 16 512GB_Trắng_080946.png
iPhone 15 512GB;Xanh dương nhạt;No;27990000;23990000;2026-03-09;"Khuyến mãi                      Giá và khuyến mãi dự kiến áp dụng đến 23:59 | 28/03                                                                         1                                              Tặng phiếu mua hàng Apple Watch trị giá 1,000,000đ                                                            2                                              Tặng phiếu mua hàng Macbook trị giá 1,000,000đ                                                            3                                              Phiếu mua hàng Airpods trị giá 800,000đ                                                            4                                              Tặng Phiếu mua hàng mua sạc dự phòng (trừ AVA+, Hydrus); đồng hồ thông minh (trừ Apple); Tai nghe bluetooth và Loa bluetooth các hãng JBL, Marshall,Harman Kardon; Ốp lưng (trừ Apple) trị giá 100.000đ                                                            5                                              Phiếu mua hàng mua sim Vina Bùm Data 12T trị giá 500,000đ                                                            6                                              Thu cũ đổi mới: Giảm đến 2,000,000đ (Không kèm ưu đãi thanh toán qua cổng, mua kèm)  Xem chi tiết                                                            7                                              Nhập mã VNPAY0126 giảm tối đa 100,000đ (áp dụng tùy giá trị đơn hàng) khi thanh toán qua VNPAY-QR  (Xem chi tiết tại đây)";;https://www.thegioididong.com/dtdd/iphone-15;DEBUG_OOS_iPhone 15 512GB_Xanh dương nhạt_080947.png
iPhone 16 Plus 512GB;Xanh Lưu Ly;Yes;33990000;29990000;2026-03-09;"Khuyến mãi                      Giá và khuyến mãi dự kiến áp dụng đến 23:59 | 28/03                                                                         1                                              Tặng phiếu mua hàng Apple Watch trị giá 1,000,000đ                                                            2                                              Tặng phiếu mua hàng Macbook trị giá 1,000,000đ                                                            3                                              Phiếu mua hàng Airpods trị giá 800,000đ                                                            4                                              Tặng Phiếu mua hàng mua sạc dự phòng (trừ AVA+, Hydrus); đồng hồ thông minh (trừ Apple); Tai nghe bluetooth và Loa bluetooth các hãng JBL, Marshall,Harman Kardon; Ốp lưng (trừ Apple) trị giá 100.000đ                                                            5                                              Phiếu mua hàng mua sim Vina Bùm Data 12T trị giá 500,000đ                                                            6                                              Thu cũ đổi mới: Giảm đến 2,000,000đ (Không kèm ưu đãi thanh toán qua cổng, mua kèm)  Xem chi tiết                                                            7                                              Nhập mã VNPAY0126 giảm tối đa 100,000đ (áp dụng tùy giá trị đơn hàng) khi thanh toán qua VNPAY-QR  (Xem chi tiết tại đây)";;https://www.thegioididong.com/dtdd/iphone-16-plus;Skipped
iPhone 16 Pro Max 256GB;Titan tự nhiên;No;33990000;31590000;2026-03-09;"Khuyến mãi                      Giá và khuyến mãi dự kiến áp dụng đến 23:59 | 28/03                                                                         1                                              Tặng phiếu mua hàng Apple Watch trị giá 1,000,000đ                                                            2                                              Tặng phiếu mua hàng Macbook trị giá 1,000,000đ                                                            3                                              Phiếu mua hàng Airpods trị giá 800,000đ                                                            4                                              Tặng Phiếu mua hàng mua sạc dự phòng (trừ AVA+, Hydrus); đồng hồ thông minh (trừ Apple); Tai nghe bluetooth và Loa bluetooth các hãng JBL, Marshall,Harman Kardon; Ốp lưng (trừ Apple) trị giá 100.000đ                                                            5                                              Phiếu mua hàng mua sim Vina Bùm Data 12T trị giá 500,000đ                                                            6                                              Thu cũ đổi mới: Giảm đến 2,000,000đ (Không kèm ưu đãi thanh toán qua cổng, mua kèm)  Xem chi tiết                                                            7                                              Nhập mã VNPAY0126 giảm tối đa 100,000đ (áp dụng tùy giá trị đơn hàng) khi thanh toán qua VNPAY-QR  (Xem chi tiết tại đây)";;https://www.thegioididong.com/dtdd/iphone-16-pro-max;DEBUG_OOS_iPhone 16 Pro Max 256GB_Titan tự nhiên_080947.png
iPhone 16 512GB;Hồng;No;31990000;26990000;2026-03-09;"Khuyến mãi                      Giá và khuyến mãi dự kiến áp dụng đến 23:59 | 28/03                                                                         1                                              Tặng phiếu mua hàng Apple Watch trị giá 1,000,000đ                                                            2                                              Tặng phiếu mua hàng Macbook trị giá 1,000,000đ                                                            3                                              Phiếu mua hàng Airpods trị giá 800,000đ                                                            4                                              Tặng Phiếu mua hàng mua sạc dự phòng (trừ AVA+, Hydrus); đồng hồ thông minh (trừ Apple); Tai nghe bluetooth và Loa bluetooth các hãng JBL, Marshall,Harman Kardon; Ốp lưng (trừ Apple) trị giá 100.000đ                                                            5                                              Phiếu mua hàng mua sim Vina Bùm Data 12T trị giá 500,000đ                                                            6                                              Thu cũ đổi mới: Giảm đến 2,000,000đ (Không kèm ưu đãi thanh toán qua cổng, mua kèm)  Xem chi tiết                                                            7                                              Nhập mã VNPAY0126 giảm tối đa 100,000đ (áp dụng tùy giá trị đơn hàng) khi thanh toán qua VNPAY-QR  (Xem chi tiết tại đây)";;https://www.thegioididong.com/dtdd/iphone-16;DEBUG_OOS_iPhone 16 512GB_Hồng_080949.png
iPhone 15 512GB;Vàng nhạt;No;27990000;23990000;2026-03-09;"Khuyến mãi                      Giá và khuyến mãi dự kiến áp dụng đến 23:59 | 28/03                                                                         1                                              Tặng phiếu mua hàng Apple Watch trị giá 1,000,000đ                                                            2                                              Tặng phiếu mua hàng Macbook trị giá 1,000,000đ                                                            3                                              Phiếu mua hàng Airpods trị giá 800,000đ                                                            4                                              Tặng Phiếu mua hàng mua sạc dự phòng (trừ AVA+, Hydrus); đồng hồ thông minh (trừ Apple); Tai nghe bluetooth và Loa bluetooth các hãng JBL, Marshall,Harman Kardon; Ốp lưng (trừ Apple) trị giá 100.000đ                                                            5                                              Phiếu mua hàng mua sim Vina Bùm Data 12T trị giá 500,000đ                                                            6                                              Thu cũ đổi mới: Giảm đến 2,000,000đ (Không kèm ưu đãi thanh toán qua cổng, mua kèm)  Xem chi tiết                                                            7                                              Nhập mã VNPAY0126 giảm tối đa 100,000đ (áp dụng tùy giá trị đơn hàng) khi thanh toán qua VNPAY-QR  (Xem chi tiết tại đây)";;https://www.thegioididong.com/dtdd/iphone-15;DEBUG_OOS_iPhone 15 512GB_Vàng nhạt_080950.png
iPhone 16 Plus 512GB;Hồng;No;33990000;29990000;2026-03-09;"Khuyến mãi                      Giá và khuyến mãi dự kiến áp dụng đến 23:59 | 28/03                                                                         1                                              Tặng phiếu mua hàng Apple Watch trị giá 1,000,000đ                                                            2                                              Tặng phiếu mua hàng Macbook trị giá 1,000,000đ                                                            3                                              Phiếu mua hàng Airpods trị giá 800,000đ                                                            4                                              Tặng Phiếu mua hàng mua sạc dự phòng (trừ AVA+, Hydrus); đồng hồ thông minh (trừ Apple); Tai nghe bluetooth và Loa bluetooth các hãng JBL, Marshall,Harman Kardon; Ốp lưng (trừ Apple) trị giá 100.000đ                                                            5                                              Phiếu mua hàng mua sim Vina Bùm Data 12T trị giá 500,000đ                                                            6                                              Thu cũ đổi mới: Giảm đến 2,000,000đ (Không kèm ưu đãi thanh toán qua cổng, mua kèm)  Xem chi tiết                                                            7                                              Nhập mã VNPAY0126 giảm tối đa 100,000đ (áp dụng tùy giá trị đơn hàng) khi thanh toán qua VNPAY-QR  (Xem chi tiết tại đây)";;https://www.thegioididong.com/dtdd/iphone-16-plus;DEBUG_OOS_iPhone 16 Plus 512GB_Hồng_080950.png
iPhone 15 Plus 512GB;Đen;Yes;30990000;27990000;2026-03-09;"Khuyến mãi                      Giá và khuyến mãi dự kiến áp dụng đến 23:59 | 28/03                                                                         1                                              Tặng phiếu mua hàng Apple Watch trị giá 1,000,000đ                                                            2                                              Tặng phiếu mua hàng Macbook trị giá 1,000,000đ                                                            3                                              Phiếu mua hàng Airpods trị giá 800,000đ                                                            4                                              Tặng Phiếu mua hàng mua sạc dự phòng (trừ AVA+, Hydrus); đồng hồ thông minh (trừ Apple); Tai nghe bluetooth và Loa bluetooth các hãng JBL, Marshall,Harman Kardon; Ốp lưng (trừ Apple) trị giá 100.000đ                                                            5                                              Phiếu mua hàng mua sim Vina Bùm Data 12T trị giá 500,000đ                                                            6                                              Thu cũ đổi mới: Giảm đến 2,000,000đ (Không kèm ưu đãi thanh toán qua cổng, mua kèm)  Xem chi tiết                                                            7                                              Nhập mã VNPAY0126 giảm tối đa 100,000đ (áp dụng tùy giá trị đơn hàng) khi thanh toán qua VNPAY-QR  (Xem chi tiết tại đây)";;https://www.thegioididong.com/dtdd/iphone-15-plus;Skipped
iPhone 16 Pro Max 512GB;Titan Sa Mạc;Yes;39990000;37590000;2026-03-09;"Khuyến mãi                      Giá và khuyến mãi dự kiến áp dụng đến 23:59 | 28/03                                                                         1                                              Tặng phiếu mua hàng Apple Watch trị giá 1,000,000đ                                                            2                                              Tặng phiếu mua hàng Macbook trị giá 1,000,000đ                                                            3                                              Phiếu mua hàng Airpods trị giá 800,000đ                                                            4                                              Tặng Phiếu mua hàng mua sạc dự phòng (trừ AVA+, Hydrus); đồng hồ thông minh (trừ Apple); Tai nghe bluetooth và Loa bluetooth các hãng JBL, Marshall,Harman Kardon; Ốp lưng (trừ Apple) trị giá 100.000đ                                                            5                                              Phiếu mua hàng mua sim Vina Bùm Data 12T trị giá 500,000đ                                                            6                                              Thu cũ đổi mới: Giảm đến 2,000,000đ (Không kèm ưu đãi thanh toán qua cổng, mua kèm)  Xem chi tiết                                                            7                                              Nhập mã VNPAY0126 giảm tối đa 100,000đ (áp dụng tùy giá trị đơn hàng) khi thanh toán qua VNPAY-QR  (Xem chi tiết tại đây)";;https://www.thegioididong.com/dtdd/iphone-16-pro-max;Skipped
iPhone 16 512GB;Đen;Yes;31990000;26990000;2026-03-09;"Khuyến mãi                      Giá và khuyến mãi dự kiến áp dụng đến 23:59 | 28/03                                                                         1                                              Tặng phiếu mua hàng Apple Watch trị giá 1,000,000đ                                                            2                                              Tặng phiếu mua hàng Macbook trị giá 1,000,000đ                                                            3                                              Phiếu mua hàng Airpods trị giá 800,000đ                                                            4                                              Tặng Phiếu mua hàng mua sạc dự phòng (trừ AVA+, Hydrus); đồng hồ thông minh (trừ Apple); Tai nghe bluetooth và Loa bluetooth các hãng JBL, Marshall,Harman Kardon; Ốp lưng (trừ Apple) trị giá 100.000đ                                                            5                                              Phiếu mua hàng mua sim Vina Bùm Data 12T trị giá 500,000đ                                                            6                                              Thu cũ đổi mới: Giảm đến 2,000,000đ (Không kèm ưu đãi thanh toán qua cổng, mua kèm)  Xem chi tiết                                                            7                                              Nhập mã VNPAY0126 giảm tối đa 100,000đ (áp dụng tùy giá trị đơn hàng) khi thanh toán qua VNPAY-QR  (Xem chi tiết tại đây)";;https://www.thegioididong.com/dtdd/iphone-16;Skipped
iPhone 15 512GB;Đen;Yes;27990000;23990000;2026-03-09;"Khuyến mãi                      Giá và khuyến mãi dự kiến áp dụng đến 23:59 | 28/03                                                                         1                                              Tặng phiếu mua hàng Apple Watch trị giá 1,000,000đ                                                            2                                              Tặng phiếu mua hàng Macbook trị giá 1,000,000đ                                                            3                                              Phiếu mua hàng Airpods trị giá 800,000đ                                                            4                                              Tặng Phiếu mua hàng mua sạc dự phòng (trừ AVA+, Hydrus); đồng hồ thông minh (trừ Apple); Tai nghe bluetooth và Loa bluetooth các hãng JBL, Marshall,Harman Kardon; Ốp lưng (trừ Apple) trị giá 100.000đ                                                            5                                              Phiếu mua hàng mua sim Vina Bùm Data 12T trị giá 500,000đ                                                            6                                              Thu cũ đổi mới: Giảm đến 2,000,000đ (Không kèm ưu đãi thanh toán qua cổng, mua kèm)  Xem chi tiết                                                            7                                              Nhập mã VNPAY0126 giảm tối đa 100,000đ (áp dụng tùy giá trị đơn hàng) khi thanh toán qua VNPAY-QR  (Xem chi tiết tại đây)";;https://www.thegioididong.com/dtdd/iphone-15;Skipped
iPhone 15 Plus 512GB;Vàng nhạt;Yes;30990000;27990000;2026-03-09;"Khuyến mãi                      Giá và khuyến mãi dự kiến áp dụng đến 23:59 | 28/03                                                                         1                                              Tặng phiếu mua hàng Apple Watch trị giá 1,000,000đ                                                            2                                              Tặng phiếu mua hàng Macbook trị giá 1,000,000đ                                                            3                                              Phiếu mua hàng Airpods trị giá 800,000đ                                                            4                                              Tặng Phiếu mua hàng mua sạc dự phòng (trừ AVA+, Hydrus); đồng hồ thông minh (trừ Apple); Tai nghe bluetooth và Loa bluetooth các hãng JBL, Marshall,Harman Kardon; Ốp lưng (trừ Apple) trị giá 100.000đ                                                            5                                              Phiếu mua hàng mua sim Vina Bùm Data 12T trị giá 500,000đ                                                            6                                              Thu cũ đổi mới: Giảm đến 2,000,000đ (Không kèm ưu đãi thanh toán qua cổng, mua kèm)  Xem chi tiết                                                            7                                              Nhập mã VNPAY0126 giảm tối đa 100,000đ (áp dụng tùy giá trị đơn hàng) khi thanh toán qua VNPAY-QR  (Xem chi tiết tại đây)";;https://www.thegioididong.com/dtdd/iphone-15-plus;Skipped
iPhone 16 Plus 512GB;Trắng;Yes;33990000;29990000;2026-03-09;"Khuyến mãi                      Giá và khuyến mãi dự kiến áp dụng đến 23:59 | 28/03                                                                         1                                              Tặng phiếu mua hàng Apple Watch trị giá 1,000,000đ                                                            2                                              Tặng phiếu mua hàng Macbook trị giá 1,000,000đ                                                            3                                              Phiếu mua hàng Airpods trị giá 800,000đ                                                            4                                              Tặng Phiếu mua hàng mua sạc dự phòng (trừ AVA+, Hydrus); đồng hồ thông minh (trừ Apple); Tai nghe bluetooth và Loa bluetooth các hãng JBL, Marshall,Harman Kardon; Ốp lưng (trừ Apple) trị giá 100.000đ                                                            5                                              Phiếu mua hàng mua sim Vina Bùm Data 12T trị giá 500,000đ                                                            6                                              Thu cũ đổi mới: Giảm đến 2,000,000đ (Không kèm ưu đãi thanh toán qua cổng, mua kèm)  Xem chi tiết                                                            7                                              Nhập mã VNPAY0126 giảm tối đa 100,000đ (áp dụng tùy giá trị đơn hàng) khi thanh toán qua VNPAY-QR  (Xem chi tiết tại đây)";;https://www.thegioididong.com/dtdd/iphone-16-plus;Skipped
iPhone 16 Pro Max 512GB;Titan tự nhiên;No;39990000;37590000;2026-03-09;"Khuyến mãi                      Giá và khuyến mãi dự kiến áp dụng đến 23:59 | 28/03                                                                         1                                              Tặng phiếu mua hàng Apple Watch trị giá 1,000,000đ                                                            2                                              Tặng phiếu mua hàng Macbook trị giá 1,000,000đ                                                            3                                              Phiếu mua hàng Airpods trị giá 800,000đ                                                            4                                              Tặng Phiếu mua hàng mua sạc dự phòng (trừ AVA+, Hydrus); đồng hồ thông minh (trừ Apple); Tai nghe bluetooth và Loa bluetooth các hãng JBL, Marshall,Harman Kardon; Ốp lưng (trừ Apple) trị giá 100.000đ                                                            5                                              Phiếu mua hàng mua sim Vina Bùm Data 12T trị giá 500,000đ                                                            6                                              Thu cũ đổi mới: Giảm đến 2,000,000đ (Không kèm ưu đãi thanh toán qua cổng, mua kèm)  Xem chi tiết                                                            7                                              Nhập mã VNPAY0126 giảm tối đa 100,000đ (áp dụng tùy giá trị đơn hàng) khi thanh toán qua VNPAY-QR  (Xem chi tiết tại đây)";;https://www.thegioididong.com/dtdd/iphone-16-pro-max;DEBUG_OOS_iPhone 16 Pro Max 512GB_Titan tự nhiên_080959.png
iPhone 15 Plus 512GB;Hồng nhạt;No;30990000;27990000;2026-03-09;"Khuyến mãi                      Giá và khuyến mãi dự kiến áp dụng đến 23:59 | 28/03                                                                         1                                              Tặng phiếu mua hàng Apple Watch trị giá 1,000,000đ                                                            2                                              Tặng phiếu mua hàng Macbook trị giá 1,000,000đ                                                            3                                              Phiếu mua hàng Airpods trị giá 800,000đ                                                            4                                              Tặng Phiếu mua hàng mua sạc dự phòng (trừ AVA+, Hydrus); đồng hồ thông minh (trừ Apple); Tai nghe bluetooth và Loa bluetooth các hãng JBL, Marshall,Harman Kardon; Ốp lưng (trừ Apple) trị giá 100.000đ                                                            5                                              Phiếu mua hàng mua sim Vina Bùm Data 12T trị giá 500,000đ                                                            6                                              Thu cũ đổi mới: Giảm đến 2,000,000đ (Không kèm ưu đãi thanh toán qua cổng, mua kèm)  Xem chi tiết                                                            7                                              Nhập mã VNPAY0126 giảm tối đa 100,000đ (áp dụng tùy giá trị đơn hàng) khi thanh toán qua VNPAY-QR  (Xem chi tiết tại đây)";;https://www.thegioididong.com/dtdd/iphone-15-plus;DEBUG_OOS_iPhone 15 Plus 512GB_Hồng nhạt_081000.png
iPhone 16 512GB;Xanh Mòng Két;Yes;31990000;26990000;2026-03-09;"Khuyến mãi                      Giá và khuyến mãi dự kiến áp dụng đến 23:59 | 28/03                                                                         1                                              Tặng phiếu mua hàng Apple Watch trị giá 1,000,000đ                                                            2                                              Tặng phiếu mua hàng Macbook trị giá 1,000,000đ                                                            3                                              Phiếu mua hàng Airpods trị giá 800,000đ                                                            4                                              Tặng Phiếu mua hàng mua sạc dự phòng (trừ AVA+, Hydrus); đồng hồ thông minh (trừ Apple); Tai nghe bluetooth và Loa bluetooth các hãng JBL, Marshall,Harman Kardon; Ốp lưng (trừ Apple) trị giá 100.000đ                                                            5                                              Phiếu mua hàng mua sim Vina Bùm Data 12T trị giá 500,000đ                                                            6                                              Thu cũ đổi mới: Giảm đến 2,000,000đ (Không kèm ưu đãi thanh toán qua cổng, mua kèm)  Xem chi tiết                                                            7                                              Nhập mã VNPAY0126 giảm tối đa 100,000đ (áp dụng tùy giá trị đơn hàng) khi thanh toán qua VNPAY-QR  (Xem chi tiết tại đây)";;https://www.thegioididong.com/dtdd/iphone-16;Skipped
iPhone 16 Pro Max 512GB;Titan trắng;No;39990000;37590000;2026-03-09;"Khuyến mãi                      Giá và khuyến mãi dự kiến áp dụng đến 23:59 | 28/03                                                                         1                                              Tặng phiếu mua hàng Apple Watch trị giá 1,000,000đ                                                            2                                              Tặng phiếu mua hàng Macbook trị giá 1,000,000đ                                                            3                                              Phiếu mua hàng Airpods trị giá 800,000đ                                                            4                                              Tặng Phiếu mua hàng mua sạc dự phòng (trừ AVA+, Hydrus); đồng hồ thông minh (trừ Apple); Tai nghe bluetooth và Loa bluetooth các hãng JBL, Marshall,Harman Kardon; Ốp lưng (trừ Apple) trị giá 100.000đ                                                            5                                              Phiếu mua hàng mua sim Vina Bùm Data 12T trị giá 500,000đ                                                            6                                              Thu cũ đổi mới: Giảm đến 2,000,000đ (Không kèm ưu đãi thanh toán qua cổng, mua kèm)  Xem chi tiết                                                            7                                              Nhập mã VNPAY0126 giảm tối đa 100,000đ (áp dụng tùy giá trị đơn hàng) khi thanh toán qua VNPAY-QR  (Xem chi tiết tại đây)";;https://www.thegioididong.com/dtdd/iphone-16-pro-max;DEBUG_OOS_iPhone 16 Pro Max 512GB_Titan trắng_081003.png
iPhone 15 Plus 512GB;Xanh dương nhạt;No;30990000;27990000;2026-03-09;"Khuyến mãi                      Giá và khuyến mãi dự kiến áp dụng đến 23:59 | 28/03                                                                         1                                              Tặng phiếu mua hàng Apple Watch trị giá 1,000,000đ                                                            2                                              Tặng phiếu mua hàng Macbook trị giá 1,000,000đ                                                            3                                              Phiếu mua hàng Airpods trị giá 800,000đ                                                            4                                              Tặng Phiếu mua hàng mua sạc dự phòng (trừ AVA+, Hydrus); đồng hồ thông minh (trừ Apple); Tai nghe bluetooth và Loa bluetooth các hãng JBL, Marshall,Harman Kardon; Ốp lưng (trừ Apple) trị giá 100.000đ                                                            5                                              Phiếu mua hàng mua sim Vina Bùm Data 12T trị giá 500,000đ                                                            6                                              Thu cũ đổi mới: Giảm đến 2,000,000đ (Không kèm ưu đãi thanh toán qua cổng, mua kèm)  Xem chi tiết                                                            7                                              Nhập mã VNPAY0126 giảm tối đa 100,000đ (áp dụng tùy giá trị đơn hàng) khi thanh toán qua VNPAY-QR  (Xem chi tiết tại đây)";;https://www.thegioididong.com/dtdd/iphone-15-plus;DEBUG_OOS_iPhone 15 Plus 512GB_Xanh dương nhạt_081004.png
iPhone 16 Plus 512GB;Xanh Mòng Két;Yes;33990000;29990000;2026-03-09;"Khuyến mãi                      Giá và khuyến mãi dự kiến áp dụng đến 23:59 | 28/03                                                                         1                                              Tặng phiếu mua hàng Apple Watch trị giá 1,000,000đ                                                            2                                              Tặng phiếu mua hàng Macbook trị giá 1,000,000đ                                                            3                                              Phiếu mua hàng Airpods trị giá 800,000đ                                                            4                                              Tặng Phiếu mua hàng mua sạc dự phòng (trừ AVA+, Hydrus); đồng hồ thông minh (trừ Apple); Tai nghe bluetooth và Loa bluetooth các hãng JBL, Marshall,Harman Kardon; Ốp lưng (trừ Apple) trị giá 100.000đ                                                            5                                              Phiếu mua hàng mua sim Vina Bùm Data 12T trị giá 500,000đ                                                            6                                              Thu cũ đổi mới: Giảm đến 2,000,000đ (Không kèm ưu đãi thanh toán qua cổng, mua kèm)  Xem chi tiết                                                            7                                              Nhập mã VNPAY0126 giảm tối đa 100,000đ (áp dụng tùy giá trị đơn hàng) khi thanh toán qua VNPAY-QR  (Xem chi tiết tại đây)";;https://www.thegioididong.com/dtdd/iphone-16-plus;Skipped
iPhone 16e 128GB;Đen;Yes;16990000;15990000;2026-03-09;"Khuyến mãi                      Giá và khuyến mãi dự kiến áp dụng đến 23:59 | 28/03                                                                         1                                              Tặng phiếu mua hàng Apple Watch trị giá 1,000,000đ                                                            2                                              Tặng phiếu mua hàng Macbook trị giá 1,000,000đ                                                            3                                              Phiếu mua hàng Airpods trị giá 800,000đ                                                            4                                              Tặng Phiếu mua hàng mua sạc dự phòng (trừ AVA+, Hydrus); đồng hồ thông minh (trừ Apple); Tai nghe bluetooth và Loa bluetooth các hãng JBL, Marshall,Harman Kardon; Ốp lưng (trừ Apple) trị giá 100.000đ                                                            5                                              Phiếu mua hàng mua sim Vina Bùm Data 12T trị giá 500,000đ                                                            6                                              Thu cũ đổi mới: Giảm đến 2,000,000đ (Không kèm ưu đãi thanh toán qua cổng, mua kèm)  Xem chi tiết                                                            7                                              Nhập mã VNPAY0126 giảm tối đa 100,000đ (áp dụng tùy giá trị đơn hàng) khi thanh toán qua VNPAY-QR  (Xem chi tiết tại đây)";;https://www.thegioididong.com/dtdd/iphone-16e;Skipped
iPhone 16 Pro Max 512GB;Titan đen;No;39990000;37590000;2026-03-09;"Khuyến mãi                      Giá và khuyến mãi dự kiến áp dụng đến 23:59 | 28/03                                                                         1                                              Tặng phiếu mua hàng Apple Watch trị giá 1,000,000đ                                                            2                                              Tặng phiếu mua hàng Macbook trị giá 1,000,000đ                                                            3                                              Phiếu mua hàng Airpods trị giá 800,000đ                                                            4                                              Tặng Phiếu mua hàng mua sạc dự phòng (trừ AVA+, Hydrus); đồng hồ thông minh (trừ Apple); Tai nghe bluetooth và Loa bluetooth các hãng JBL, Marshall,Harman Kardon; Ốp lưng (trừ Apple) trị giá 100.000đ                                                            5                                              Phiếu mua hàng mua sim Vina Bùm Data 12T trị giá 500,000đ                                                            6                                              Thu cũ đổi mới: Giảm đến 2,000,000đ (Không kèm ưu đãi thanh toán qua cổng, mua kèm)  Xem chi tiết                                                            7                                              Nhập mã VNPAY0126 giảm tối đa 100,000đ (áp dụng tùy giá trị đơn hàng) khi thanh toán qua VNPAY-QR  (Xem chi tiết tại đây)";;https://www.thegioididong.com/dtdd/iphone-16-pro-max;DEBUG_OOS_iPhone 16 Pro Max 512GB_Titan đen_081006.png
iPhone 15 Plus 512GB;Xanh lá nhạt;No;30990000;27990000;2026-03-09;"Khuyến mãi                      Giá và khuyến mãi dự kiến áp dụng đến 23:59 | 28/03                                                                         1                                              Tặng phiếu mua hàng Apple Watch trị giá 1,000,000đ                                                            2                                              Tặng phiếu mua hàng Macbook trị giá 1,000,000đ                                                            3                                              Phiếu mua hàng Airpods trị giá 800,000đ                                                            4                                              Tặng Phiếu mua hàng mua sạc dự phòng (trừ AVA+, Hydrus); đồng hồ thông minh (trừ Apple); Tai nghe bluetooth và Loa bluetooth các hãng JBL, Marshall,Harman Kardon; Ốp lưng (trừ Apple) trị giá 100.000đ                                                            5                                              Phiếu mua hàng mua sim Vina Bùm Data 12T trị giá 500,000đ                                                            6                                              Thu cũ đổi mới: Giảm đến 2,000,000đ (Không kèm ưu đãi thanh toán qua cổng, mua kèm)  Xem chi tiết                                                            7                                              Nhập mã VNPAY0126 giảm tối đa 100,000đ (áp dụng tùy giá trị đơn hàng) khi thanh toán qua VNPAY-QR  (Xem chi tiết tại đây)";;https://www.thegioididong.com/dtdd/iphone-15-plus;DEBUG_OOS_iPhone 15 Plus 512GB_Xanh lá nhạt_081007.png
iPhone 16e 128GB;Trắng;No;16990000;15990000;2026-03-09;"Khuyến mãi                      Giá và khuyến mãi dự kiến áp dụng đến 23:59 | 28/03                                                                         1                                              Tặng phiếu mua hàng Apple Watch trị giá 1,000,000đ                                                            2                                              Tặng phiếu mua hàng Macbook trị giá 1,000,000đ                                                            3                                              Phiếu mua hàng Airpods trị giá 800,000đ                                                            4                                              Tặng Phiếu mua hàng mua sạc dự phòng (trừ AVA+, Hydrus); đồng hồ thông minh (trừ Apple); Tai nghe bluetooth và Loa bluetooth các hãng JBL, Marshall,Harman Kardon; Ốp lưng (trừ Apple) trị giá 100.000đ                                                            5                                              Phiếu mua hàng mua sim Vina Bùm Data 12T trị giá 500,000đ                                                            6                                              Thu cũ đổi mới: Giảm đến 2,000,000đ (Không kèm ưu đãi thanh toán qua cổng, mua kèm)  Xem chi tiết                                                            7                                              Nhập mã VNPAY0126 giảm tối đa 100,000đ (áp dụng tùy giá trị đơn hàng) khi thanh toán qua VNPAY-QR  (Xem chi tiết tại đây)";;https://www.thegioididong.com/dtdd/iphone-16e;DEBUG_OOS_iPhone 16e 128GB_Trắng_081009.png
iPhone 16 512GB;Xanh Lưu Ly;Yes;31990000;26990000;2026-03-09;"Khuyến mãi                      Giá và khuyến mãi dự kiến áp dụng đến 23:59 | 28/03                                                                         1                                              Tặng phiếu mua hàng Apple Watch trị giá 1,000,000đ                                                            2                                              Tặng phiếu mua hàng Macbook trị giá 1,000,000đ                                                            3                                              Phiếu mua hàng Airpods trị giá 800,000đ                                                            4                                              Tặng Phiếu mua hàng mua sạc dự phòng (trừ AVA+, Hydrus); đồng hồ thông minh (trừ Apple); Tai nghe bluetooth và Loa bluetooth các hãng JBL, Marshall,Harman Kardon; Ốp lưng (trừ Apple) trị giá 100.000đ                                                            5                                              Phiếu mua hàng mua sim Vina Bùm Data 12T trị giá 500,000đ                                                            6                                              Thu cũ đổi mới: Giảm đến 2,000,000đ (Không kèm ưu đãi thanh toán qua cổng, mua kèm)  Xem chi tiết                                                            7                                              Nhập mã VNPAY0126 giảm tối đa 100,000đ (áp dụng tùy giá trị đơn hàng) khi thanh toán qua VNPAY-QR  (Xem chi tiết tại đây)";;https://www.thegioididong.com/dtdd/iphone-16;Skipped
iPhone 16 Plus 512GB;Đen;Yes;33990000;29990000;2026-03-09;"Khuyến mãi                      Giá và khuyến mãi dự kiến áp dụng đến 23:59 | 28/03                                                                         1                                              Tặng phiếu mua hàng Apple Watch trị giá 1,000,000đ                                                            2                                              Tặng phiếu mua hàng Macbook trị giá 1,000,000đ                                                            3                                              Phiếu mua hàng Airpods trị giá 800,000đ                                                            4                                              Tặng Phiếu mua hàng mua sạc dự phòng (trừ AVA+, Hydrus); đồng hồ thông minh (trừ Apple); Tai nghe bluetooth và Loa bluetooth các hãng JBL, Marshall,Harman Kardon; Ốp lưng (trừ Apple) trị giá 100.000đ                                                            5                                              Phiếu mua hàng mua sim Vina Bùm Data 12T trị giá 500,000đ                                                            6                                              Thu cũ đổi mới: Giảm đến 2,000,000đ (Không kèm ưu đãi thanh toán qua cổng, mua kèm)  Xem chi tiết                                                            7                                              Nhập mã VNPAY0126 giảm tối đa 100,000đ (áp dụng tùy giá trị đơn hàng) khi thanh toán qua VNPAY-QR  (Xem chi tiết tại đây)";;https://www.thegioididong.com/dtdd/iphone-16-plus;Skipped
iPhone 16 512GB;Trắng;No;31990000;26990000;2026-03-09;"Khuyến mãi                      Giá và khuyến mãi dự kiến áp dụng đến 23:59 | 28/03                                                                         1                                              Tặng phiếu mua hàng Apple Watch trị giá 1,000,000đ                                                            2                                              Tặng phiếu mua hàng Macbook trị giá 1,000,000đ                                                            3                                              Phiếu mua hàng Airpods trị giá 800,000đ                                                            4                                              Tặng Phiếu mua hàng mua sạc dự phòng (trừ AVA+, Hydrus); đồng hồ thông minh (trừ Apple); Tai nghe bluetooth và Loa bluetooth các hãng JBL, Marshall,Harman Kardon; Ốp lưng (trừ Apple) trị giá 100.000đ                                                            5                                              Phiếu mua hàng mua sim Vina Bùm Data 12T trị giá 500,000đ                                                            6                                              Thu cũ đổi mới: Giảm đến 2,000,000đ (Không kèm ưu đãi thanh toán qua cổng, mua kèm)  Xem chi tiết                                                            7                                              Nhập mã VNPAY0126 giảm tối đa 100,000đ (áp dụng tùy giá trị đơn hàng) khi thanh toán qua VNPAY-QR  (Xem chi tiết tại đây)";;https://www.thegioididong.com/dtdd/iphone-16;DEBUG_OOS_iPhone 16 512GB_Trắng_081013.png
iPhone 16 Pro Max 512GB;Titan Sa Mạc;Yes;39990000;37590000;2026-03-09;"Khuyến mãi                      Giá và khuyến mãi dự kiến áp dụng đến 23:59 | 28/03                                                                         1                                              Tặng phiếu mua hàng Apple Watch trị giá 1,000,000đ                                                            2                                              Tặng phiếu mua hàng Macbook trị giá 1,000,000đ                                                            3                                              Phiếu mua hàng Airpods trị giá 800,000đ                                                            4                                              Tặng Phiếu mua hàng mua sạc dự phòng (trừ AVA+, Hydrus); đồng hồ thông minh (trừ Apple); Tai nghe bluetooth và Loa bluetooth các hãng JBL, Marshall,Harman Kardon; Ốp lưng (trừ Apple) trị giá 100.000đ                                                            5                                              Phiếu mua hàng mua sim Vina Bùm Data 12T trị giá 500,000đ                                                            6                                              Thu cũ đổi mới: Giảm đến 2,000,000đ (Không kèm ưu đãi thanh toán qua cổng, mua kèm)  Xem chi tiết                                                            7                                              Nhập mã VNPAY0126 giảm tối đa 100,000đ (áp dụng tùy giá trị đơn hàng) khi thanh toán qua VNPAY-QR  (Xem chi tiết tại đây)";;https://www.thegioididong.com/dtdd/iphone-16-pro-max;Skipped
iPhone 15 Plus 512GB;Đen;Yes;30990000;27990000;2026-03-09;"Khuyến mãi                      Giá và khuyến mãi dự kiến áp dụng đến 23:59 | 28/03                                                                         1                                              Tặng phiếu mua hàng Apple Watch trị giá 1,000,000đ                                                            2                                              Tặng phiếu mua hàng Macbook trị giá 1,000,000đ                                                            3                                              Phiếu mua hàng Airpods trị giá 800,000đ                                                            4                                              Tặng Phiếu mua hàng mua sạc dự phòng (trừ AVA+, Hydrus); đồng hồ thông minh (trừ Apple); Tai nghe bluetooth và Loa bluetooth các hãng JBL, Marshall,Harman Kardon; Ốp lưng (trừ Apple) trị giá 100.000đ                                                            5                                              Phiếu mua hàng mua sim Vina Bùm Data 12T trị giá 500,000đ                                                            6                                              Thu cũ đổi mới: Giảm đến 2,000,000đ (Không kèm ưu đãi thanh toán qua cổng, mua kèm)  Xem chi tiết                                                            7                                              Nhập mã VNPAY0126 giảm tối đa 100,000đ (áp dụng tùy giá trị đơn hàng) khi thanh toán qua VNPAY-QR  (Xem chi tiết tại đây)";;https://www.thegioididong.com/dtdd/iphone-15-plus;Skipped
iPhone 16 512GB;Hồng;No;31990000;26990000;2026-03-09;"Khuyến mãi                      Giá và khuyến mãi dự kiến áp dụng đến 23:59 | 28/03                                                                         1                                              Tặng phiếu mua hàng Apple Watch trị giá 1,000,000đ                                                            2                                              Tặng phiếu mua hàng Macbook trị giá 1,000,000đ                                                            3                                              Phiếu mua hàng Airpods trị giá 800,000đ                                                            4                                              Tặng Phiếu mua hàng mua sạc dự phòng (trừ AVA+, Hydrus); đồng hồ thông minh (trừ Apple); Tai nghe bluetooth và Loa bluetooth các hãng JBL, Marshall,Harman Kardon; Ốp lưng (trừ Apple) trị giá 100.000đ                                                            5                                              Phiếu mua hàng mua sim Vina Bùm Data 12T trị giá 500,000đ                                                            6                                              Thu cũ đổi mới: Giảm đến 2,000,000đ (Không kèm ưu đãi thanh toán qua cổng, mua kèm)  Xem chi tiết                                                            7                                              Nhập mã VNPAY0126 giảm tối đa 100,000đ (áp dụng tùy giá trị đơn hàng) khi thanh toán qua VNPAY-QR  (Xem chi tiết tại đây)";;https://www.thegioididong.com/dtdd/iphone-16;DEBUG_OOS_iPhone 16 512GB_Hồng_081017.png
iPhone 16e 512GB;Trắng;Yes;26490000;22990000;2026-03-09;"Khuyến mãi                      Giá và khuyến mãi dự kiến áp dụng đến 23:59 | 28/03                                                                         1                                              Tặng phiếu mua hàng Apple Watch trị giá 1,000,000đ                                                            2                                              Tặng phiếu mua hàng Macbook trị giá 1,000,000đ                                                            3                                              Phiếu mua hàng Airpods trị giá 800,000đ                                                            4                                              Tặng Phiếu mua hàng mua sạc dự phòng (trừ AVA+, Hydrus); đồng hồ thông minh (trừ Apple); Tai nghe bluetooth và Loa bluetooth các hãng JBL, Marshall,Harman Kardon; Ốp lưng (trừ Apple) trị giá 100.000đ                                                            5                                              Phiếu mua hàng mua sim Vina Bùm Data 12T trị giá 500,000đ                                                            6                                              Thu cũ đổi mới: Giảm đến 2,000,000đ (Không kèm ưu đãi thanh toán qua cổng, mua kèm)  Xem chi tiết                                                            7                                              Nhập mã VNPAY0126 giảm tối đa 100,000đ (áp dụng tùy giá trị đơn hàng) khi thanh toán qua VNPAY-QR  (Xem chi tiết tại đây)";;https://www.thegioididong.com/dtdd/iphone-16e;Skipped
iPhone 16 Pro Max 512GB;Titan tự nhiên;No;39990000;37590000;2026-03-09;"Khuyến mãi                      Giá và khuyến mãi dự kiến áp dụng đến 23:59 | 28/03                                                                         1                                              Tặng phiếu mua hàng Apple Watch trị giá 1,000,000đ                                                            2                                              Tặng phiếu mua hàng Macbook trị giá 1,000,000đ                                                            3                                              Phiếu mua hàng Airpods trị giá 800,000đ                                                            4                                              Tặng Phiếu mua hàng mua sạc dự phòng (trừ AVA+, Hydrus); đồng hồ thông minh (trừ Apple); Tai nghe bluetooth và Loa bluetooth các hãng JBL, Marshall,Harman Kardon; Ốp lưng (trừ Apple) trị giá 100.000đ                                                            5                                              Phiếu mua hàng mua sim Vina Bùm Data 12T trị giá 500,000đ                                                            6                                              Thu cũ đổi mới: Giảm đến 2,000,000đ (Không kèm ưu đãi thanh toán qua cổng, mua kèm)  Xem chi tiết                                                            7                                              Nhập mã VNPAY0126 giảm tối đa 100,000đ (áp dụng tùy giá trị đơn hàng) khi thanh toán qua VNPAY-QR  (Xem chi tiết tại đây)";;https://www.thegioididong.com/dtdd/iphone-16-pro-max;DEBUG_OOS_iPhone 16 Pro Max 512GB_Titan tự nhiên_081017.png
iPhone 16 Plus 512GB;Xanh Lưu Ly;Yes;33990000;29990000;2026-03-09;"Khuyến mãi                      Giá và khuyến mãi dự kiến áp dụng đến 23:59 | 28/03                                                                         1                                              Tặng phiếu mua hàng Apple Watch trị giá 1,000,000đ                                                            2                                              Tặng phiếu mua hàng Macbook trị giá 1,000,000đ                                                            3                                              Phiếu mua hàng Airpods trị giá 800,000đ                                                            4                                              Tặng Phiếu mua hàng mua sạc dự phòng (trừ AVA+, Hydrus); đồng hồ thông minh (trừ Apple); Tai nghe bluetooth và Loa bluetooth các hãng JBL, Marshall,Harman Kardon; Ốp lưng (trừ Apple) trị giá 100.000đ                                                            5                                              Phiếu mua hàng mua sim Vina Bùm Data 12T trị giá 500,000đ                                                            6                                              Thu cũ đổi mới: Giảm đến 2,000,000đ (Không kèm ưu đãi thanh toán qua cổng, mua kèm)  Xem chi tiết                                                            7                                              Nhập mã VNPAY0126 giảm tối đa 100,000đ (áp dụng tùy giá trị đơn hàng) khi thanh toán qua VNPAY-QR  (Xem chi tiết tại đây)";;https://www.thegioididong.com/dtdd/iphone-16-plus;Skipped
iPhone 16 Plus 512GB;Hồng;No;33990000;29990000;2026-03-09;"Khuyến mãi                      Giá và khuyến mãi dự kiến áp dụng đến 23:59 | 28/03                                                                         1                                              Tặng phiếu mua hàng Apple Watch trị giá 1,000,000đ                                                            2                                              Tặng phiếu mua hàng Macbook trị giá 1,000,000đ                                                            3                                              Phiếu mua hàng Airpods trị giá 800,000đ                                                            4                                              Tặng Phiếu mua hàng mua sạc dự phòng (trừ AVA+, Hydrus); đồng hồ thông minh (trừ Apple); Tai nghe bluetooth và Loa bluetooth các hãng JBL, Marshall,Harman Kardon; Ốp lưng (trừ Apple) trị giá 100.000đ                                                            5                                              Phiếu mua hàng mua sim Vina Bùm Data 12T trị giá 500,000đ                                                            6                                              Thu cũ đổi mới: Giảm đến 2,000,000đ (Không kèm ưu đãi thanh toán qua cổng, mua kèm)  Xem chi tiết                                                            7                                              Nhập mã VNPAY0126 giảm tối đa 100,000đ (áp dụng tùy giá trị đơn hàng) khi thanh toán qua VNPAY-QR  (Xem chi tiết tại đây)";;https://www.thegioididong.com/dtdd/iphone-16-plus;DEBUG_OOS_iPhone 16 Plus 512GB_Hồng_081020.png
iPhone 16 Pro Max 512GB;Titan trắng;No;39990000;37590000;2026-03-09;"Khuyến mãi                      Giá và khuyến mãi dự kiến áp dụng đến 23:59 | 28/03                                                                         1                                              Tặng phiếu mua hàng Apple Watch trị giá 1,000,000đ                                                            2                                              Tặng phiếu mua hàng Macbook trị giá 1,000,000đ                                                            3                                              Phiếu mua hàng Airpods trị giá 800,000đ                                                            4                                              Tặng Phiếu mua hàng mua sạc dự phòng (trừ AVA+, Hydrus); đồng hồ thông minh (trừ Apple); Tai nghe bluetooth và Loa bluetooth các hãng JBL, Marshall,Harman Kardon; Ốp lưng (trừ Apple) trị giá 100.000đ                                                            5                                              Phiếu mua hàng mua sim Vina Bùm Data 12T trị giá 500,000đ                                                            6                                              Thu cũ đổi mới: Giảm đến 2,000,000đ (Không kèm ưu đãi thanh toán qua cổng, mua kèm)  Xem chi tiết                                                            7                                              Nhập mã VNPAY0126 giảm tối đa 100,000đ (áp dụng tùy giá trị đơn hàng) khi thanh toán qua VNPAY-QR  (Xem chi tiết tại đây)";;https://www.thegioididong.com/dtdd/iphone-16-pro-max;DEBUG_OOS_iPhone 16 Pro Max 512GB_Titan trắng_081020.png
iPhone 16e 512GB;Đen;No;26490000;22990000;2026-03-09;"Khuyến mãi                      Giá và khuyến mãi dự kiến áp dụng đến 23:59 | 28/03                                                                         1                                              Tặng phiếu mua hàng Apple Watch trị giá 1,000,000đ                                                            2                                              Tặng phiếu mua hàng Macbook trị giá 1,000,000đ                                                            3                                              Phiếu mua hàng Airpods trị giá 800,000đ                                                            4                                              Tặng Phiếu mua hàng mua sạc dự phòng (trừ AVA+, Hydrus); đồng hồ thông minh (trừ Apple); Tai nghe bluetooth và Loa bluetooth các hãng JBL, Marshall,Harman Kardon; Ốp lưng (trừ Apple) trị giá 100.000đ                                                            5                                              Phiếu mua hàng mua sim Vina Bùm Data 12T trị giá 500,000đ                                                            6                                              Thu cũ đổi mới: Giảm đến 2,000,000đ (Không kèm ưu đãi thanh toán qua cổng, mua kèm)  Xem chi tiết                                                            7                                              Nhập mã VNPAY0126 giảm tối đa 100,000đ (áp dụng tùy giá trị đơn hàng) khi thanh toán qua VNPAY-QR  (Xem chi tiết tại đây)";;https://www.thegioididong.com/dtdd/iphone-16e;DEBUG_OOS_iPhone 16e 512GB_Đen_081021.png
iPhone 15 Plus 512GB;Vàng nhạt;Yes;30990000;27990000;2026-03-09;"Khuyến mãi                      Giá và khuyến mãi dự kiến áp dụng đến 23:59 | 28/03                                                                         1                                              Tặng phiếu mua hàng Apple Watch trị giá 1,000,000đ                                                            2                                              Tặng phiếu mua hàng Macbook trị giá 1,000,000đ                                                            3                                              Phiếu mua hàng Airpods trị giá 800,000đ                                                            4                                              Tặng Phiếu mua hàng mua sạc dự phòng (trừ AVA+, Hydrus); đồng hồ thông minh (trừ Apple); Tai nghe bluetooth và Loa bluetooth các hãng JBL, Marshall,Harman Kardon; Ốp lưng (trừ Apple) trị giá 100.000đ                                                            5                                              Phiếu mua hàng mua sim Vina Bùm Data 12T trị giá 500,000đ                                                            6                                              Thu cũ đổi mới: Giảm đến 2,000,000đ (Không kèm ưu đãi thanh toán qua cổng, mua kèm)  Xem chi tiết                                                            7                                              Nhập mã VNPAY0126 giảm tối đa 100,000đ (áp dụng tùy giá trị đơn hàng) khi thanh toán qua VNPAY-QR  (Xem chi tiết tại đây)";;https://www.thegioididong.com/dtdd/iphone-15-plus;Skipped
iPhone 16 512GB;Đen;Yes;31990000;26990000;2026-03-09;"Khuyến mãi                      Giá và khuyến mãi dự kiến áp dụng đến 23:59 | 28/03                                                                         1                                              Tặng phiếu mua hàng Apple Watch trị giá 1,000,000đ                                                            2                                              Tặng phiếu mua hàng Macbook trị giá 1,000,000đ                                                            3                                              Phiếu mua hàng Airpods trị giá 800,000đ                                                            4                                              Tặng Phiếu mua hàng mua sạc dự phòng (trừ AVA+, Hydrus); đồng hồ thông minh (trừ Apple); Tai nghe bluetooth và Loa bluetooth các hãng JBL, Marshall,Harman Kardon; Ốp lưng (trừ Apple) trị giá 100.000đ                                                            5                                              Phiếu mua hàng mua sim Vina Bùm Data 12T trị giá 500,000đ                                                            6                                              Thu cũ đổi mới: Giảm đến 2,000,000đ (Không kèm ưu đãi thanh toán qua cổng, mua kèm)  Xem chi tiết                                                            7                                              Nhập mã VNPAY0126 giảm tối đa 100,000đ (áp dụng tùy giá trị đơn hàng) khi thanh toán qua VNPAY-QR  (Xem chi tiết tại đây)";;https://www.thegioididong.com/dtdd/iphone-16;Skipped
iPhone 16 Pro Max 512GB;Titan đen;No;39990000;37590000;2026-03-09;"Khuyến mãi                      Giá và khuyến mãi dự kiến áp dụng đến 23:59 | 28/03                                                                         1                                              Tặng phiếu mua hàng Apple Watch trị giá 1,000,000đ                                                            2                                              Tặng phiếu mua hàng Macbook trị giá 1,000,000đ                                                            3                                              Phiếu mua hàng Airpods trị giá 800,000đ                                                            4                                              Tặng Phiếu mua hàng mua sạc dự phòng (trừ AVA+, Hydrus); đồng hồ thông minh (trừ Apple); Tai nghe bluetooth và Loa bluetooth các hãng JBL, Marshall,Harman Kardon; Ốp lưng (trừ Apple) trị giá 100.000đ                                                            5                                              Phiếu mua hàng mua sim Vina Bùm Data 12T trị giá 500,000đ                                                            6                                              Thu cũ đổi mới: Giảm đến 2,000,000đ (Không kèm ưu đãi thanh toán qua cổng, mua kèm)  Xem chi tiết                                                            7                                              Nhập mã VNPAY0126 giảm tối đa 100,000đ (áp dụng tùy giá trị đơn hàng) khi thanh toán qua VNPAY-QR  (Xem chi tiết tại đây)";;https://www.thegioididong.com/dtdd/iphone-16-pro-max;DEBUG_OOS_iPhone 16 Pro Max 512GB_Titan đen_081024.png
iPhone 15 Plus 512GB;Hồng nhạt;No;30990000;27990000;2026-03-09;"Khuyến mãi                      Giá và khuyến mãi dự kiến áp dụng đến 23:59 | 28/03                                                                         1                                              Tặng phiếu mua hàng Apple Watch trị giá 1,000,000đ                                                            2                                              Tặng phiếu mua hàng Macbook trị giá 1,000,000đ                                                            3                                              Phiếu mua hàng Airpods trị giá 800,000đ                                                            4                                              Tặng Phiếu mua hàng mua sạc dự phòng (trừ AVA+, Hydrus); đồng hồ thông minh (trừ Apple); Tai nghe bluetooth và Loa bluetooth các hãng JBL, Marshall,Harman Kardon; Ốp lưng (trừ Apple) trị giá 100.000đ                                                            5                                              Phiếu mua hàng mua sim Vina Bùm Data 12T trị giá 500,000đ                                                            6                                              Thu cũ đổi mới: Giảm đến 2,000,000đ (Không kèm ưu đãi thanh toán qua cổng, mua kèm)  Xem chi tiết                                                            7                                              Nhập mã VNPAY0126 giảm tối đa 100,000đ (áp dụng tùy giá trị đơn hàng) khi thanh toán qua VNPAY-QR  (Xem chi tiết tại đây)";;https://www.thegioididong.com/dtdd/iphone-15-plus;DEBUG_OOS_iPhone 15 Plus 512GB_Hồng nhạt_081025.png
iPhone 15 Plus 512GB;Xanh dương nhạt;No;30990000;27990000;2026-03-09;"Khuyến mãi                      Giá và khuyến mãi dự kiến áp dụng đến 23:59 | 28/03                                                                         1                                              Tặng phiếu mua hàng Apple Watch trị giá 1,000,000đ                                                            2                                              Tặng phiếu mua hàng Macbook trị giá 1,000,000đ                                                            3                                              Phiếu mua hàng Airpods trị giá 800,000đ                                                            4                                              Tặng Phiếu mua hàng mua sạc dự phòng (trừ AVA+, Hydrus); đồng hồ thông minh (trừ Apple); Tai nghe bluetooth và Loa bluetooth các hãng JBL, Marshall,Harman Kardon; Ốp lưng (trừ Apple) trị giá 100.000đ                                                            5                                              Phiếu mua hàng mua sim Vina Bùm Data 12T trị giá 500,000đ                                                            6                                              Thu cũ đổi mới: Giảm đến 2,000,000đ (Không kèm ưu đãi thanh toán qua cổng, mua kèm)  Xem chi tiết                                                            7                                              Nhập mã VNPAY0126 giảm tối đa 100,000đ (áp dụng tùy giá trị đơn hàng) khi thanh toán qua VNPAY-QR  (Xem chi tiết tại đây)";;https://www.thegioididong.com/dtdd/iphone-15-plus;DEBUG_OOS_iPhone 15 Plus 512GB_Xanh dương nhạt_081028.png
iPhone 16e 512GB;Trắng;Yes;26490000;22990000;2026-03-09;"Khuyến mãi                      Giá và khuyến mãi dự kiến áp dụng đến 23:59 | 28/03                                                                         1                                              Tặng phiếu mua hàng Apple Watch trị giá 1,000,000đ                                                            2                                              Tặng phiếu mua hàng Macbook trị giá 1,000,000đ                                                            3                                              Phiếu mua hàng Airpods trị giá 800,000đ                                                            4                                              Tặng Phiếu mua hàng mua sạc dự phòng (trừ AVA+, Hydrus); đồng hồ thông minh (trừ Apple); Tai nghe bluetooth và Loa bluetooth các hãng JBL, Marshall,Harman Kardon; Ốp lưng (trừ Apple) trị giá 100.000đ                                                            5                                              Phiếu mua hàng mua sim Vina Bùm Data 12T trị giá 500,000đ                                                            6                                              Thu cũ đổi mới: Giảm đến 2,000,000đ (Không kèm ưu đãi thanh toán qua cổng, mua kèm)  Xem chi tiết                                                            7                                              Nhập mã VNPAY0126 giảm tối đa 100,000đ (áp dụng tùy giá trị đơn hàng) khi thanh toán qua VNPAY-QR  (Xem chi tiết tại đây)";;https://www.thegioididong.com/dtdd/iphone-16e;Skipped
iPhone 16 Plus 512GB;Trắng;Yes;33990000;29990000;2026-03-09;"Khuyến mãi                      Giá và khuyến mãi dự kiến áp dụng đến 23:59 | 28/03                                                                         1                                              Tặng phiếu mua hàng Apple Watch trị giá 1,000,000đ                                                            2                                              Tặng phiếu mua hàng Macbook trị giá 1,000,000đ                                                            3                                              Phiếu mua hàng Airpods trị giá 800,000đ                                                            4                                              Tặng Phiếu mua hàng mua sạc dự phòng (trừ AVA+, Hydrus); đồng hồ thông minh (trừ Apple); Tai nghe bluetooth và Loa bluetooth các hãng JBL, Marshall,Harman Kardon; Ốp lưng (trừ Apple) trị giá 100.000đ                                                            5                                              Phiếu mua hàng mua sim Vina Bùm Data 12T trị giá 500,000đ                                                            6                                              Thu cũ đổi mới: Giảm đến 2,000,000đ (Không kèm ưu đãi thanh toán qua cổng, mua kèm)  Xem chi tiết                                                            7                                              Nhập mã VNPAY0126 giảm tối đa 100,000đ (áp dụng tùy giá trị đơn hàng) khi thanh toán qua VNPAY-QR  (Xem chi tiết tại đây)";;https://www.thegioididong.com/dtdd/iphone-16-plus;Skipped
iPhone 16 512GB;Xanh Mòng Két;Yes;31990000;26990000;2026-03-09;"Khuyến mãi                      Giá và khuyến mãi dự kiến áp dụng đến 23:59 | 28/03                                                                         1                                              Tặng phiếu mua hàng Apple Watch trị giá 1,000,000đ                                                            2                                              Tặng phiếu mua hàng Macbook trị giá 1,000,000đ                                                            3                                              Phiếu mua hàng Airpods trị giá 800,000đ                                                            4                                              Tặng Phiếu mua hàng mua sạc dự phòng (trừ AVA+, Hydrus); đồng hồ thông minh (trừ Apple); Tai nghe bluetooth và Loa bluetooth các hãng JBL, Marshall,Harman Kardon; Ốp lưng (trừ Apple) trị giá 100.000đ                                                            5                                              Phiếu mua hàng mua sim Vina Bùm Data 12T trị giá 500,000đ                                                            6                                              Thu cũ đổi mới: Giảm đến 2,000,000đ (Không kèm ưu đãi thanh toán qua cổng, mua kèm)  Xem chi tiết                                                            7                                              Nhập mã VNPAY0126 giảm tối đa 100,000đ (áp dụng tùy giá trị đơn hàng) khi thanh toán qua VNPAY-QR  (Xem chi tiết tại đây)";;https://www.thegioididong.com/dtdd/iphone-16;Skipped
iPhone 15 Plus 512GB;Xanh lá nhạt;No;30990000;27990000;2026-03-09;"Khuyến mãi                      Giá và khuyến mãi dự kiến áp dụng đến 23:59 | 28/03                                                                         1                                              Tặng phiếu mua hàng Apple Watch trị giá 1,000,000đ                                                            2                                              Tặng phiếu mua hàng Macbook trị giá 1,000,000đ                                                            3                                              Phiếu mua hàng Airpods trị giá 800,000đ                                                            4                                              Tặng Phiếu mua hàng mua sạc dự phòng (trừ AVA+, Hydrus); đồng hồ thông minh (trừ Apple); Tai nghe bluetooth và Loa bluetooth các hãng JBL, Marshall,Harman Kardon; Ốp lưng (trừ Apple) trị giá 100.000đ                                                            5                                              Phiếu mua hàng mua sim Vina Bùm Data 12T trị giá 500,000đ                                                            6                                              Thu cũ đổi mới: Giảm đến 2,000,000đ (Không kèm ưu đãi thanh toán qua cổng, mua kèm)  Xem chi tiết                                                            7                                              Nhập mã VNPAY0126 giảm tối đa 100,000đ (áp dụng tùy giá trị đơn hàng) khi thanh toán qua VNPAY-QR  (Xem chi tiết tại đây)";;https://www.thegioididong.com/dtdd/iphone-15-plus;DEBUG_OOS_iPhone 15 Plus 512GB_Xanh lá nhạt_081032.png
iPhone 16e 512GB;Đen;No;26490000;22990000;2026-03-09;"Khuyến mãi                      Giá và khuyến mãi dự kiến áp dụng đến 23:59 | 28/03                                                                         1                                              Tặng phiếu mua hàng Apple Watch trị giá 1,000,000đ                                                            2                                              Tặng phiếu mua hàng Macbook trị giá 1,000,000đ                                                            3                                              Phiếu mua hàng Airpods trị giá 800,000đ                                                            4                                              Tặng Phiếu mua hàng mua sạc dự phòng (trừ AVA+, Hydrus); đồng hồ thông minh (trừ Apple); Tai nghe bluetooth và Loa bluetooth các hãng JBL, Marshall,Harman Kardon; Ốp lưng (trừ Apple) trị giá 100.000đ                                                            5                                              Phiếu mua hàng mua sim Vina Bùm Data 12T trị giá 500,000đ                                                            6                                              Thu cũ đổi mới: Giảm đến 2,000,000đ (Không kèm ưu đãi thanh toán qua cổng, mua kèm)  Xem chi tiết                                                            7                                              Nhập mã VNPAY0126 giảm tối đa 100,000đ (áp dụng tùy giá trị đơn hàng) khi thanh toán qua VNPAY-QR  (Xem chi tiết tại đây)";;https://www.thegioididong.com/dtdd/iphone-16e;DEBUG_OOS_iPhone 16e 512GB_Đen_081032.png
iPhone 16 Pro Max 512GB;Titan Sa Mạc;Yes;39990000;37590000;2026-03-09;"Khuyến mãi                      Giá và khuyến mãi dự kiến áp dụng đến 23:59 | 28/03                                                                         1                                              Tặng phiếu mua hàng Apple Watch trị giá 1,000,000đ                                                            2                                              Tặng phiếu mua hàng Macbook trị giá 1,000,000đ                                                            3                                              Phiếu mua hàng Airpods trị giá 800,000đ                                                            4                                              Tặng Phiếu mua hàng mua sạc dự phòng (trừ AVA+, Hydrus); đồng hồ thông minh (trừ Apple); Tai nghe bluetooth và Loa bluetooth các hãng JBL, Marshall,Harman Kardon; Ốp lưng (trừ Apple) trị giá 100.000đ                                                            5                                              Phiếu mua hàng mua sim Vina Bùm Data 12T trị giá 500,000đ                                                            6                                              Thu cũ đổi mới: Giảm đến 2,000,000đ (Không kèm ưu đãi thanh toán qua cổng, mua kèm)  Xem chi tiết                                                            7                                              Nhập mã VNPAY0126 giảm tối đa 100,000đ (áp dụng tùy giá trị đơn hàng) khi thanh toán qua VNPAY-QR  (Xem chi tiết tại đây)";;https://www.thegioididong.com/dtdd/iphone-16-pro-max;Skipped
iPhone 16 Plus 512GB;Xanh Mòng Két;Yes;33990000;29990000;2026-03-09;"Khuyến mãi                      Giá và khuyến mãi dự kiến áp dụng đến 23:59 | 28/03                                                                         1                                              Tặng phiếu mua hàng Apple Watch trị giá 1,000,000đ                                                            2                                              Tặng phiếu mua hàng Macbook trị giá 1,000,000đ                                                            3                                              Phiếu mua hàng Airpods trị giá 800,000đ                                                            4                                              Tặng Phiếu mua hàng mua sạc dự phòng (trừ AVA+, Hydrus); đồng hồ thông minh (trừ Apple); Tai nghe bluetooth và Loa bluetooth các hãng JBL, Marshall,Harman Kardon; Ốp lưng (trừ Apple) trị giá 100.000đ                                                            5                                              Phiếu mua hàng mua sim Vina Bùm Data 12T trị giá 500,000đ                                                            6                                              Thu cũ đổi mới: Giảm đến 2,000,000đ (Không kèm ưu đãi thanh toán qua cổng, mua kèm)  Xem chi tiết                                                            7                                              Nhập mã VNPAY0126 giảm tối đa 100,000đ (áp dụng tùy giá trị đơn hàng) khi thanh toán qua VNPAY-QR  (Xem chi tiết tại đây)";;https://www.thegioididong.com/dtdd/iphone-16-plus;Skipped
iPhone 16 Pro Max 512GB;Titan tự nhiên;No;39990000;37590000;2026-03-09;"Khuyến mãi                      Giá và khuyến mãi dự kiến áp dụng đến 23:59 | 28/03                                                                         1                                              Tặng phiếu mua hàng Apple Watch trị giá 1,000,000đ                                                            2                                              Tặng phiếu mua hàng Macbook trị giá 1,000,000đ                                                            3                                              Phiếu mua hàng Airpods trị giá 800,000đ                                                            4                                              Tặng Phiếu mua hàng mua sạc dự phòng (trừ AVA+, Hydrus); đồng hồ thông minh (trừ Apple); Tai nghe bluetooth và Loa bluetooth các hãng JBL, Marshall,Harman Kardon; Ốp lưng (trừ Apple) trị giá 100.000đ                                                            5                                              Phiếu mua hàng mua sim Vina Bùm Data 12T trị giá 500,000đ                                                            6                                              Thu cũ đổi mới: Giảm đến 2,000,000đ (Không kèm ưu đãi thanh toán qua cổng, mua kèm)  Xem chi tiết                                                            7                                              Nhập mã VNPAY0126 giảm tối đa 100,000đ (áp dụng tùy giá trị đơn hàng) khi thanh toán qua VNPAY-QR  (Xem chi tiết tại đây)";;https://www.thegioididong.com/dtdd/iphone-16-pro-max;DEBUG_OOS_iPhone 16 Pro Max 512GB_Titan tự nhiên_081036.png
iPhone 17 256GB;Xanh Lam Khói;Yes;24990000;24890000;2026-03-09;Khuyến mãi              Giá và khuyến mãi có thể kết thúc sớm hơn dự kiến                                                                         1                                              Tặng phiếu mua hàng Apple Watch trị giá 1,000,000đ                                                            2                                              Tặng phiếu mua hàng Macbook trị giá 1,000,000đ                                                            3                                              Phiếu mua hàng Airpods trị giá 800,000đ                                                            4                                              Tặng PMH Phụ kiện bảo vệ iPhone 17 (đơn trên 500.000đ, trừ hãng Apple/ Beats) trị giá 100.000đ                                                            5                                              Nhập mã VNPAY0126 giảm tối đa 100,000đ (áp dụng tùy giá trị đơn hàng) khi thanh toán qua VNPAY-QR  (Xem chi tiết tại đây);;https://www.thegioididong.com/dtdd/iphone-17;Skipped
iPhone 16 512GB;Xanh Lưu Ly;Yes;31990000;26990000;2026-03-09;"Khuyến mãi                      Giá và khuyến mãi dự kiến áp dụng đến 23:59 | 28/03                                                                         1                                              Tặng phiếu mua hàng Apple Watch trị giá 1,000,000đ                                                            2                                              Tặng phiếu mua hàng Macbook trị giá 1,000,000đ                                                            3                                              Phiếu mua hàng Airpods trị giá 800,000đ                                                            4                                              Tặng Phiếu mua hàng mua sạc dự phòng (trừ AVA+, Hydrus); đồng hồ thông minh (trừ Apple); Tai nghe bluetooth và Loa bluetooth các hãng JBL, Marshall,Harman Kardon; Ốp lưng (trừ Apple) trị giá 100.000đ                                                            5                                              Phiếu mua hàng mua sim Vina Bùm Data 12T trị giá 500,000đ                                                            6                                              Thu cũ đổi mới: Giảm đến 2,000,000đ (Không kèm ưu đãi thanh toán qua cổng, mua kèm)  Xem chi tiết                                                            7                                              Nhập mã VNPAY0126 giảm tối đa 100,000đ (áp dụng tùy giá trị đơn hàng) khi thanh toán qua VNPAY-QR  (Xem chi tiết tại đây)";;https://www.thegioididong.com/dtdd/iphone-16;Skipped
iPhone 16 Pro Max 512GB;Titan trắng;No;39990000;37590000;2026-03-09;"Khuyến mãi                      Giá và khuyến mãi dự kiến áp dụng đến 23:59 | 28/03                                                                         1                                              Tặng phiếu mua hàng Apple Watch trị giá 1,000,000đ                                                            2                                              Tặng phiếu mua hàng Macbook trị giá 1,000,000đ                                                            3                                              Phiếu mua hàng Airpods trị giá 800,000đ                                                            4                                              Tặng Phiếu mua hàng mua sạc dự phòng (trừ AVA+, Hydrus); đồng hồ thông minh (trừ Apple); Tai nghe bluetooth và Loa bluetooth các hãng JBL, Marshall,Harman Kardon; Ốp lưng (trừ Apple) trị giá 100.000đ                                                            5                                              Phiếu mua hàng mua sim Vina Bùm Data 12T trị giá 500,000đ                                                            6                                              Thu cũ đổi mới: Giảm đến 2,000,000đ (Không kèm ưu đãi thanh toán qua cổng, mua kèm)  Xem chi tiết                                                            7                                              Nhập mã VNPAY0126 giảm tối đa 100,000đ (áp dụng tùy giá trị đơn hàng) khi thanh toán qua VNPAY-QR  (Xem chi tiết tại đây)";;https://www.thegioididong.com/dtdd/iphone-16-pro-max;DEBUG_OOS_iPhone 16 Pro Max 512GB_Titan trắng_081039.png
iPhone 16e 512GB;Trắng;Yes;26490000;22990000;2026-03-09;"Khuyến mãi                      Giá và khuyến mãi dự kiến áp dụng đến 23:59 | 28/03                                                                         1                                              Tặng phiếu mua hàng Apple Watch trị giá 1,000,000đ                                                            2                                              Tặng phiếu mua hàng Macbook trị giá 1,000,000đ                                                            3                                              Phiếu mua hàng Airpods trị giá 800,000đ                                                            4                                              Tặng Phiếu mua hàng mua sạc dự phòng (trừ AVA+, Hydrus); đồng hồ thông minh (trừ Apple); Tai nghe bluetooth và Loa bluetooth các hãng JBL, Marshall,Harman Kardon; Ốp lưng (trừ Apple) trị giá 100.000đ                                                            5                                              Phiếu mua hàng mua sim Vina Bùm Data 12T trị giá 500,000đ                                                            6                                              Thu cũ đổi mới: Giảm đến 2,000,000đ (Không kèm ưu đãi thanh toán qua cổng, mua kèm)  Xem chi tiết                                                            7                                              Nhập mã VNPAY0126 giảm tối đa 100,000đ (áp dụng tùy giá trị đơn hàng) khi thanh toán qua VNPAY-QR  (Xem chi tiết tại đây)";;https://www.thegioididong.com/dtdd/iphone-16e;Skipped
iPhone 16 512GB;Trắng;No;31990000;26990000;2026-03-09;"Khuyến mãi                      Giá và khuyến mãi dự kiến áp dụng đến 23:59 | 28/03                                                                         1                                              Tặng phiếu mua hàng Apple Watch trị giá 1,000,000đ                                                            2                                              Tặng phiếu mua hàng Macbook trị giá 1,000,000đ                                                            3                                              Phiếu mua hàng Airpods trị giá 800,000đ                                                            4                                              Tặng Phiếu mua hàng mua sạc dự phòng (trừ AVA+, Hydrus); đồng hồ thông minh (trừ Apple); Tai nghe bluetooth và Loa bluetooth các hãng JBL, Marshall,Harman Kardon; Ốp lưng (trừ Apple) trị giá 100.000đ                                                            5                                              Phiếu mua hàng mua sim Vina Bùm Data 12T trị giá 500,000đ                                                            6                                              Thu cũ đổi mới: Giảm đến 2,000,000đ (Không kèm ưu đãi thanh toán qua cổng, mua kèm)  Xem chi tiết                                                            7                                              Nhập mã VNPAY0126 giảm tối đa 100,000đ (áp dụng tùy giá trị đơn hàng) khi thanh toán qua VNPAY-QR  (Xem chi tiết tại đây)";;https://www.thegioididong.com/dtdd/iphone-16;DEBUG_OOS_iPhone 16 512GB_Trắng_081041.png
iPhone 16 Plus 512GB;Đen;Yes;33990000;29990000;2026-03-09;"Khuyến mãi                      Giá và khuyến mãi dự kiến áp dụng đến 23:59 | 28/03                                                                         1                                              Tặng phiếu mua hàng Apple Watch trị giá 1,000,000đ                                                            2                                              Tặng phiếu mua hàng Macbook trị giá 1,000,000đ                                                            3                                              Phiếu mua hàng Airpods trị giá 800,000đ                                                            4                                              Tặng Phiếu mua hàng mua sạc dự phòng (trừ AVA+, Hydrus); đồng hồ thông minh (trừ Apple); Tai nghe bluetooth và Loa bluetooth các hãng JBL, Marshall,Harman Kardon; Ốp lưng (trừ Apple) trị giá 100.000đ                                                            5                                              Phiếu mua hàng mua sim Vina Bùm Data 12T trị giá 500,000đ                                                            6                                              Thu cũ đổi mới: Giảm đến 2,000,000đ (Không kèm ưu đãi thanh toán qua cổng, mua kèm)  Xem chi tiết                                                            7                                              Nhập mã VNPAY0126 giảm tối đa 100,000đ (áp dụng tùy giá trị đơn hàng) khi thanh toán qua VNPAY-QR  (Xem chi tiết tại đây)";;https://www.thegioididong.com/dtdd/iphone-16-plus;Skipped
iPhone 16 Pro Max 512GB;Titan đen;No;39990000;37590000;2026-03-09;"Khuyến mãi                      Giá và khuyến mãi dự kiến áp dụng đến 23:59 | 28/03                                                                         1                                              Tặng phiếu mua hàng Apple Watch trị giá 1,000,000đ                                                            2                                              Tặng phiếu mua hàng Macbook trị giá 1,000,000đ                                                            3                                              Phiếu mua hàng Airpods trị giá 800,000đ                                                            4                                              Tặng Phiếu mua hàng mua sạc dự phòng (trừ AVA+, Hydrus); đồng hồ thông minh (trừ Apple); Tai nghe bluetooth và Loa bluetooth các hãng JBL, Marshall,Harman Kardon; Ốp lưng (trừ Apple) trị giá 100.000đ                                                            5                                              Phiếu mua hàng mua sim Vina Bùm Data 12T trị giá 500,000đ                                                            6                                              Thu cũ đổi mới: Giảm đến 2,000,000đ (Không kèm ưu đãi thanh toán qua cổng, mua kèm)  Xem chi tiết                                                            7                                              Nhập mã VNPAY0126 giảm tối đa 100,000đ (áp dụng tùy giá trị đơn hàng) khi thanh toán qua VNPAY-QR  (Xem chi tiết tại đây)";;https://www.thegioididong.com/dtdd/iphone-16-pro-max;DEBUG_OOS_iPhone 16 Pro Max 512GB_Titan đen_081043.png
iPhone 16e 512GB;Đen;No;26490000;22990000;2026-03-09;"Khuyến mãi                      Giá và khuyến mãi dự kiến áp dụng đến 23:59 | 28/03                                                                         1                                              Tặng phiếu mua hàng Apple Watch trị giá 1,000,000đ                                                            2                                              Tặng phiếu mua hàng Macbook trị giá 1,000,000đ                                                            3                                              Phiếu mua hàng Airpods trị giá 800,000đ                                                            4                                              Tặng Phiếu mua hàng mua sạc dự phòng (trừ AVA+, Hydrus); đồng hồ thông minh (trừ Apple); Tai nghe bluetooth và Loa bluetooth các hãng JBL, Marshall,Harman Kardon; Ốp lưng (trừ Apple) trị giá 100.000đ                                                            5                                              Phiếu mua hàng mua sim Vina Bùm Data 12T trị giá 500,000đ                                                            6                                              Thu cũ đổi mới: Giảm đến 2,000,000đ (Không kèm ưu đãi thanh toán qua cổng, mua kèm)  Xem chi tiết                                                            7                                              Nhập mã VNPAY0126 giảm tối đa 100,000đ (áp dụng tùy giá trị đơn hàng) khi thanh toán qua VNPAY-QR  (Xem chi tiết tại đây)";;https://www.thegioididong.com/dtdd/iphone-16e;DEBUG_OOS_iPhone 16e 512GB_Đen_081044.png
iPhone 17 256GB;Xanh Lá Xô Thơm;Yes;490000;24990000;2026-03-09;Khuyến mãi                      Giá và khuyến mãi dự kiến áp dụng đến 23:59 | 28/03                                                                         1                                              Tặng phiếu mua hàng Apple Watch trị giá 1,000,000đ                                                            2                                              Tặng phiếu mua hàng Macbook trị giá 1,000,000đ                                                            3                                              Phiếu mua hàng Airpods trị giá 800,000đ                                                            4                                              Tặng PMH Phụ kiện bảo vệ iPhone 17 (đơn trên 500.000đ, trừ hãng Apple/ Beats) trị giá 100.000đ                                                            5                                              Thu cũ đổi mới: Giảm đến 2,000,000đ (Không kèm ưu đãi thanh toán qua cổng, mua kèm)  Xem chi tiết                                                            6                                              Nhập mã VNPAY0126 giảm tối đa 100,000đ (áp dụng tùy giá trị đơn hàng) khi thanh toán qua VNPAY-QR  (Xem chi tiết tại đây);;https://www.thegioididong.com/dtdd/iphone-17;Skipped
iPhone 16 512GB;Hồng;No;31990000;26990000;2026-03-09;"Khuyến mãi                      Giá và khuyến mãi dự kiến áp dụng đến 23:59 | 28/03                                                                         1                                              Tặng phiếu mua hàng Apple Watch trị giá 1,000,000đ                                                            2                                              Tặng phiếu mua hàng Macbook trị giá 1,000,000đ                                                            3                                              Phiếu mua hàng Airpods trị giá 800,000đ                                                            4                                              Tặng Phiếu mua hàng mua sạc dự phòng (trừ AVA+, Hydrus); đồng hồ thông minh (trừ Apple); Tai nghe bluetooth và Loa bluetooth các hãng JBL, Marshall,Harman Kardon; Ốp lưng (trừ Apple) trị giá 100.000đ                                                            5                                              Phiếu mua hàng mua sim Vina Bùm Data 12T trị giá 500,000đ                                                            6                                              Thu cũ đổi mới: Giảm đến 2,000,000đ (Không kèm ưu đãi thanh toán qua cổng, mua kèm)  Xem chi tiết                                                            7                                              Nhập mã VNPAY0126 giảm tối đa 100,000đ (áp dụng tùy giá trị đơn hàng) khi thanh toán qua VNPAY-QR  (Xem chi tiết tại đây)";;https://www.thegioididong.com/dtdd/iphone-16;DEBUG_OOS_iPhone 16 512GB_Hồng_081044.png
iPhone 16 Plus 512GB;Xanh Lưu Ly;Yes;33990000;29990000;2026-03-09;"Khuyến mãi                      Giá và khuyến mãi dự kiến áp dụng đến 23:59 | 28/03                                                                         1                                              Tặng phiếu mua hàng Apple Watch trị giá 1,000,000đ                                                            2                                              Tặng phiếu mua hàng Macbook trị giá 1,000,000đ                                                            3                                              Phiếu mua hàng Airpods trị giá 800,000đ                                                            4                                              Tặng Phiếu mua hàng mua sạc dự phòng (trừ AVA+, Hydrus); đồng hồ thông minh (trừ Apple); Tai nghe bluetooth và Loa bluetooth các hãng JBL, Marshall,Harman Kardon; Ốp lưng (trừ Apple) trị giá 100.000đ                                                            5                                              Phiếu mua hàng mua sim Vina Bùm Data 12T trị giá 500,000đ                                                            6                                              Thu cũ đổi mới: Giảm đến 2,000,000đ (Không kèm ưu đãi thanh toán qua cổng, mua kèm)  Xem chi tiết                                                            7                                              Nhập mã VNPAY0126 giảm tối đa 100,000đ (áp dụng tùy giá trị đơn hàng) khi thanh toán qua VNPAY-QR  (Xem chi tiết tại đây)";;https://www.thegioididong.com/dtdd/iphone-16-plus;Skipped
iPhone 16 512GB;Đen;Yes;31990000;26990000;2026-03-09;"Khuyến mãi                      Giá và khuyến mãi dự kiến áp dụng đến 23:59 | 28/03                                                                         1                                              Tặng phiếu mua hàng Apple Watch trị giá 1,000,000đ                                                            2                                              Tặng phiếu mua hàng Macbook trị giá 1,000,000đ                                                            3                                              Phiếu mua hàng Airpods trị giá 800,000đ                                                            4                                              Tặng Phiếu mua hàng mua sạc dự phòng (trừ AVA+, Hydrus); đồng hồ thông minh (trừ Apple); Tai nghe bluetooth và Loa bluetooth các hãng JBL, Marshall,Harman Kardon; Ốp lưng (trừ Apple) trị giá 100.000đ                                                            5                                              Phiếu mua hàng mua sim Vina Bùm Data 12T trị giá 500,000đ                                                            6                                              Thu cũ đổi mới: Giảm đến 2,000,000đ (Không kèm ưu đãi thanh toán qua cổng, mua kèm)  Xem chi tiết                                                            7                                              Nhập mã VNPAY0126 giảm tối đa 100,000đ (áp dụng tùy giá trị đơn hàng) khi thanh toán qua VNPAY-QR  (Xem chi tiết tại đây)";;https://www.thegioididong.com/dtdd/iphone-16;Skipped
iPhone 17 256GB;Đen;Yes;490000;24990000;2026-03-09;Khuyến mãi                      Giá và khuyến mãi dự kiến áp dụng đến 23:59 | 28/03                                                                         1                                              Tặng phiếu mua hàng Apple Watch trị giá 1,000,000đ                                                            2                                              Tặng phiếu mua hàng Macbook trị giá 1,000,000đ                                                            3                                              Phiếu mua hàng Airpods trị giá 800,000đ                                                            4                                              Tặng PMH Phụ kiện bảo vệ iPhone 17 (đơn trên 500.000đ, trừ hãng Apple/ Beats) trị giá 100.000đ                                                            5                                              Thu cũ đổi mới: Giảm đến 2,000,000đ (Không kèm ưu đãi thanh toán qua cổng, mua kèm)  Xem chi tiết                                                            6                                              Nhập mã VNPAY0126 giảm tối đa 100,000đ (áp dụng tùy giá trị đơn hàng) khi thanh toán qua VNPAY-QR  (Xem chi tiết tại đây);;https://www.thegioididong.com/dtdd/iphone-17;Skipped
iPhone 17 Pro 256GB;Cam Vũ Trụ;Yes;34990000;34790000;2026-03-09;Khuyến mãi              Giá và khuyến mãi có thể kết thúc sớm hơn dự kiến                                                                         1                                              Tặng phiếu mua hàng Apple Watch trị giá 1,000,000đ                                                            2                                              Tặng phiếu mua hàng Macbook trị giá 1,000,000đ                                                            3                                              Phiếu mua hàng Airpods trị giá 800,000đ                                                            4                                              Tặng PMH Phụ kiện bảo vệ iPhone 17 (đơn trên 500.000đ, trừ hãng Apple/ Beats) trị giá 100.000đ                                                            5                                              Nhập mã VNPAY0126 giảm tối đa 100,000đ (áp dụng tùy giá trị đơn hàng) khi thanh toán qua VNPAY-QR  (Xem chi tiết tại đây);;https://www.thegioididong.com/dtdd/iphone-17-pro;Skipped
iPhone 16 Plus 512GB;Hồng;No;33990000;29990000;2026-03-09;"Khuyến mãi                      Giá và khuyến mãi dự kiến áp dụng đến 23:59 | 28/03                                                                         1                                              Tặng phiếu mua hàng Apple Watch trị giá 1,000,000đ                                                            2                                              Tặng phiếu mua hàng Macbook trị giá 1,000,000đ                                                            3                                              Phiếu mua hàng Airpods trị giá 800,000đ                                                            4                                              Tặng Phiếu mua hàng mua sạc dự phòng (trừ AVA+, Hydrus); đồng hồ thông minh (trừ Apple); Tai nghe bluetooth và Loa bluetooth các hãng JBL, Marshall,Harman Kardon; Ốp lưng (trừ Apple) trị giá 100.000đ                                                            5                                              Phiếu mua hàng mua sim Vina Bùm Data 12T trị giá 500,000đ                                                            6                                              Thu cũ đổi mới: Giảm đến 2,000,000đ (Không kèm ưu đãi thanh toán qua cổng, mua kèm)  Xem chi tiết                                                            7                                              Nhập mã VNPAY0126 giảm tối đa 100,000đ (áp dụng tùy giá trị đơn hàng) khi thanh toán qua VNPAY-QR  (Xem chi tiết tại đây)";;https://www.thegioididong.com/dtdd/iphone-16-plus;DEBUG_OOS_iPhone 16 Plus 512GB_Hồng_081053.png
iPhone 16 Pro Max 512GB;Titan Sa Mạc;Yes;39990000;37590000;2026-03-09;"Khuyến mãi                      Giá và khuyến mãi dự kiến áp dụng đến 23:59 | 28/03                                                                         1                                              Tặng phiếu mua hàng Apple Watch trị giá 1,000,000đ                                                            2                                              Tặng phiếu mua hàng Macbook trị giá 1,000,000đ                                                            3                                              Phiếu mua hàng Airpods trị giá 800,000đ                                                            4                                              Tặng Phiếu mua hàng mua sạc dự phòng (trừ AVA+, Hydrus); đồng hồ thông minh (trừ Apple); Tai nghe bluetooth và Loa bluetooth các hãng JBL, Marshall,Harman Kardon; Ốp lưng (trừ Apple) trị giá 100.000đ                                                            5                                              Phiếu mua hàng mua sim Vina Bùm Data 12T trị giá 500,000đ                                                            6                                              Thu cũ đổi mới: Giảm đến 2,000,000đ (Không kèm ưu đãi thanh toán qua cổng, mua kèm)  Xem chi tiết                                                            7                                              Nhập mã VNPAY0126 giảm tối đa 100,000đ (áp dụng tùy giá trị đơn hàng) khi thanh toán qua VNPAY-QR  (Xem chi tiết tại đây)";;https://www.thegioididong.com/dtdd/iphone-16-pro-max;Skipped
iPhone 16 512GB;Xanh Mòng Két;Yes;31990000;26990000;2026-03-09;"Khuyến mãi                      Giá và khuyến mãi dự kiến áp dụng đến 23:59 | 28/03                                                                         1                                              Tặng phiếu mua hàng Apple Watch trị giá 1,000,000đ                                                            2                                              Tặng phiếu mua hàng Macbook trị giá 1,000,000đ                                                            3                                              Phiếu mua hàng Airpods trị giá 800,000đ                                                            4                                              Tặng Phiếu mua hàng mua sạc dự phòng (trừ AVA+, Hydrus); đồng hồ thông minh (trừ Apple); Tai nghe bluetooth và Loa bluetooth các hãng JBL, Marshall,Harman Kardon; Ốp lưng (trừ Apple) trị giá 100.000đ                                                            5                                              Phiếu mua hàng mua sim Vina Bùm Data 12T trị giá 500,000đ                                                            6                                              Thu cũ đổi mới: Giảm đến 2,000,000đ (Không kèm ưu đãi thanh toán qua cổng, mua kèm)  Xem chi tiết                                                            7                                              Nhập mã VNPAY0126 giảm tối đa 100,000đ (áp dụng tùy giá trị đơn hàng) khi thanh toán qua VNPAY-QR  (Xem chi tiết tại đây)";;https://www.thegioididong.com/dtdd/iphone-16;Skipped
iPhone 17 256GB;Tím Oải Hương;Yes;490000;24990000;2026-03-09;Khuyến mãi                      Giá và khuyến mãi dự kiến áp dụng đến 23:59 | 28/03                                                                         1                                              Tặng phiếu mua hàng Apple Watch trị giá 1,000,000đ                                                            2                                              Tặng phiếu mua hàng Macbook trị giá 1,000,000đ                                                            3                                              Phiếu mua hàng Airpods trị giá 800,000đ                                                            4                                              Tặng PMH Phụ kiện bảo vệ iPhone 17 (đơn trên 500.000đ, trừ hãng Apple/ Beats) trị giá 100.000đ                                                            5                                              Thu cũ đổi mới: Giảm đến 2,000,000đ (Không kèm ưu đãi thanh toán qua cổng, mua kèm)  Xem chi tiết                                                            6                                              Nhập mã VNPAY0126 giảm tối đa 100,000đ (áp dụng tùy giá trị đơn hàng) khi thanh toán qua VNPAY-QR  (Xem chi tiết tại đây);;https://www.thegioididong.com/dtdd/iphone-17;Skipped
iPhone 16 Pro Max 512GB;Titan tự nhiên;No;39990000;37590000;2026-03-09;"Khuyến mãi                      Giá và khuyến mãi dự kiến áp dụng đến 23:59 | 28/03                                                                         1                                              Tặng phiếu mua hàng Apple Watch trị giá 1,000,000đ                                                            2                                              Tặng phiếu mua hàng Macbook trị giá 1,000,000đ                                                            3                                              Phiếu mua hàng Airpods trị giá 800,000đ                                                            4                                              Tặng Phiếu mua hàng mua sạc dự phòng (trừ AVA+, Hydrus); đồng hồ thông minh (trừ Apple); Tai nghe bluetooth và Loa bluetooth các hãng JBL, Marshall,Harman Kardon; Ốp lưng (trừ Apple) trị giá 100.000đ                                                            5                                              Phiếu mua hàng mua sim Vina Bùm Data 12T trị giá 500,000đ                                                            6                                              Thu cũ đổi mới: Giảm đến 2,000,000đ (Không kèm ưu đãi thanh toán qua cổng, mua kèm)  Xem chi tiết                                                            7                                              Nhập mã VNPAY0126 giảm tối đa 100,000đ (áp dụng tùy giá trị đơn hàng) khi thanh toán qua VNPAY-QR  (Xem chi tiết tại đây)";;https://www.thegioididong.com/dtdd/iphone-16-pro-max;DEBUG_OOS_iPhone 16 Pro Max 512GB_Titan tự nhiên_081059.png
iPhone 17 Pro 256GB;Xanh đậm;Yes;490000;34990000;2026-03-09;Khuyến mãi                      Giá và khuyến mãi dự kiến áp dụng đến 23:59 | 28/03                                                                         1                                              Tặng phiếu mua hàng Apple Watch trị giá 1,000,000đ                                                            2                                              Tặng phiếu mua hàng Macbook trị giá 1,000,000đ                                                            3                                              Phiếu mua hàng Airpods trị giá 800,000đ                                                            4                                              Tặng PMH Phụ kiện bảo vệ iPhone 17 (đơn trên 500.000đ, trừ hãng Apple/ Beats) trị giá 100.000đ                                                            5                                              Thu cũ đổi mới: Giảm đến 2,000,000đ (Không kèm ưu đãi thanh toán qua cổng, mua kèm)  Xem chi tiết                                                            6                                              Nhập mã VNPAY0126 giảm tối đa 100,000đ (áp dụng tùy giá trị đơn hàng) khi thanh toán qua VNPAY-QR  (Xem chi tiết tại đây);;https://www.thegioididong.com/dtdd/iphone-17-pro;Skipped
iPhone 16 Plus 512GB;Trắng;Yes;33990000;29990000;2026-03-09;"Khuyến mãi                      Giá và khuyến mãi dự kiến áp dụng đến 23:59 | 28/03                                                                         1                                              Tặng phiếu mua hàng Apple Watch trị giá 1,000,000đ                                                            2                                              Tặng phiếu mua hàng Macbook trị giá 1,000,000đ                                                            3                                              Phiếu mua hàng Airpods trị giá 800,000đ                                                            4                                              Tặng Phiếu mua hàng mua sạc dự phòng (trừ AVA+, Hydrus); đồng hồ thông minh (trừ Apple); Tai nghe bluetooth và Loa bluetooth các hãng JBL, Marshall,Harman Kardon; Ốp lưng (trừ Apple) trị giá 100.000đ                                                            5                                              Phiếu mua hàng mua sim Vina Bùm Data 12T trị giá 500,000đ                                                            6                                              Thu cũ đổi mới: Giảm đến 2,000,000đ (Không kèm ưu đãi thanh toán qua cổng, mua kèm)  Xem chi tiết                                                            7                                              Nhập mã VNPAY0126 giảm tối đa 100,000đ (áp dụng tùy giá trị đơn hàng) khi thanh toán qua VNPAY-QR  (Xem chi tiết tại đây)";;https://www.thegioididong.com/dtdd/iphone-16-plus;Skipped
iPhone 16 Pro Max 512GB;Titan trắng;No;39990000;37590000;2026-03-09;"Khuyến mãi                      Giá và khuyến mãi dự kiến áp dụng đến 23:59 | 28/03                                                                         1                                              Tặng phiếu mua hàng Apple Watch trị giá 1,000,000đ                                                            2                                              Tặng phiếu mua hàng Macbook trị giá 1,000,000đ                                                            3                                              Phiếu mua hàng Airpods trị giá 800,000đ                                                            4                                              Tặng Phiếu mua hàng mua sạc dự phòng (trừ AVA+, Hydrus); đồng hồ thông minh (trừ Apple); Tai nghe bluetooth và Loa bluetooth các hãng JBL, Marshall,Harman Kardon; Ốp lưng (trừ Apple) trị giá 100.000đ                                                            5                                              Phiếu mua hàng mua sim Vina Bùm Data 12T trị giá 500,000đ                                                            6                                              Thu cũ đổi mới: Giảm đến 2,000,000đ (Không kèm ưu đãi thanh toán qua cổng, mua kèm)  Xem chi tiết                                                            7                                              Nhập mã VNPAY0126 giảm tối đa 100,000đ (áp dụng tùy giá trị đơn hàng) khi thanh toán qua VNPAY-QR  (Xem chi tiết tại đây)";;https://www.thegioididong.com/dtdd/iphone-16-pro-max;DEBUG_OOS_iPhone 16 Pro Max 512GB_Titan trắng_081104.png
iPhone 17 256GB;Trắng;Yes;490000;24990000;2026-03-09;Khuyến mãi                      Giá và khuyến mãi dự kiến áp dụng đến 23:59 | 28/03                                                                         1                                              Tặng phiếu mua hàng Apple Watch trị giá 1,000,000đ                                                            2                                              Tặng phiếu mua hàng Macbook trị giá 1,000,000đ                                                            3                                              Phiếu mua hàng Airpods trị giá 800,000đ                                                            4                                              Tặng PMH Phụ kiện bảo vệ iPhone 17 (đơn trên 500.000đ, trừ hãng Apple/ Beats) trị giá 100.000đ                                                            5                                              Thu cũ đổi mới: Giảm đến 2,000,000đ (Không kèm ưu đãi thanh toán qua cổng, mua kèm)  Xem chi tiết                                                            6                                              Nhập mã VNPAY0126 giảm tối đa 100,000đ (áp dụng tùy giá trị đơn hàng) khi thanh toán qua VNPAY-QR  (Xem chi tiết tại đây);;https://www.thegioididong.com/dtdd/iphone-17;Skipped
iPhone 17 Pro 256GB;Bạc;Yes;490000;34990000;2026-03-09;Khuyến mãi                      Giá và khuyến mãi dự kiến áp dụng đến 23:59 | 28/03                                                                         1                                              Tặng phiếu mua hàng Apple Watch trị giá 1,000,000đ                                                            2                                              Tặng phiếu mua hàng Macbook trị giá 1,000,000đ                                                            3                                              Phiếu mua hàng Airpods trị giá 800,000đ                                                            4                                              Tặng PMH Phụ kiện bảo vệ iPhone 17 (đơn trên 500.000đ, trừ hãng Apple/ Beats) trị giá 100.000đ                                                            5                                              Thu cũ đổi mới: Giảm đến 2,000,000đ (Không kèm ưu đãi thanh toán qua cổng, mua kèm)  Xem chi tiết                                                            6                                              Nhập mã VNPAY0126 giảm tối đa 100,000đ (áp dụng tùy giá trị đơn hàng) khi thanh toán qua VNPAY-QR  (Xem chi tiết tại đây);;https://www.thegioididong.com/dtdd/iphone-17-pro;Skipped
iPhone 16 Pro Max 512GB;Titan đen;No;39990000;37590000;2026-03-09;"Khuyến mãi                      Giá và khuyến mãi dự kiến áp dụng đến 23:59 | 28/03                                                                         1                                              Tặng phiếu mua hàng Apple Watch trị giá 1,000,000đ                                                            2                                              Tặng phiếu mua hàng Macbook trị giá 1,000,000đ                                                            3                                              Phiếu mua hàng Airpods trị giá 800,000đ                                                            4                                              Tặng Phiếu mua hàng mua sạc dự phòng (trừ AVA+, Hydrus); đồng hồ thông minh (trừ Apple); Tai nghe bluetooth và Loa bluetooth các hãng JBL, Marshall,Harman Kardon; Ốp lưng (trừ Apple) trị giá 100.000đ                                                            5                                              Phiếu mua hàng mua sim Vina Bùm Data 12T trị giá 500,000đ                                                            6                                              Thu cũ đổi mới: Giảm đến 2,000,000đ (Không kèm ưu đãi thanh toán qua cổng, mua kèm)  Xem chi tiết                                                            7                                              Nhập mã VNPAY0126 giảm tối đa 100,000đ (áp dụng tùy giá trị đơn hàng) khi thanh toán qua VNPAY-QR  (Xem chi tiết tại đây)";;https://www.thegioididong.com/dtdd/iphone-16-pro-max;DEBUG_OOS_iPhone 16 Pro Max 512GB_Titan đen_081107.png
iPhone 17 Pro Max 256GB;Cam Vũ Trụ;Yes;490000;37990000;2026-03-09;Khuyến mãi                      Giá và khuyến mãi dự kiến áp dụng đến 23:59 | 28/03                                                                         1                                              Tặng phiếu mua hàng Apple Watch trị giá 1,000,000đ                                                            2                                              Tặng phiếu mua hàng Macbook trị giá 1,000,000đ                                                            3                                              Phiếu mua hàng Airpods trị giá 800,000đ                                                            4                                              Tặng PMH Phụ kiện bảo vệ iPhone 17 (đơn trên 500.000đ, trừ hãng Apple/ Beats) trị giá 100.000đ                                                            5                                              Thu cũ đổi mới: Giảm đến 2,000,000đ (Không kèm ưu đãi thanh toán qua cổng, mua kèm)  Xem chi tiết                                                            6                                              Nhập mã VNPAY0126 giảm tối đa 100,000đ (áp dụng tùy giá trị đơn hàng) khi thanh toán qua VNPAY-QR  (Xem chi tiết tại đây);;https://www.thegioididong.com/dtdd/iphone-17-pro-max;Skipped
iPhone 16 Plus 512GB;Xanh Mòng Két;Yes;33990000;29990000;2026-03-09;"Khuyến mãi                      Giá và khuyến mãi dự kiến áp dụng đến 23:59 | 28/03                                                                         1                                              Tặng phiếu mua hàng Apple Watch trị giá 1,000,000đ                                                            2                                              Tặng phiếu mua hàng Macbook trị giá 1,000,000đ                                                            3                                              Phiếu mua hàng Airpods trị giá 800,000đ                                                            4                                              Tặng Phiếu mua hàng mua sạc dự phòng (trừ AVA+, Hydrus); đồng hồ thông minh (trừ Apple); Tai nghe bluetooth và Loa bluetooth các hãng JBL, Marshall,Harman Kardon; Ốp lưng (trừ Apple) trị giá 100.000đ                                                            5                                              Phiếu mua hàng mua sim Vina Bùm Data 12T trị giá 500,000đ                                                            6                                              Thu cũ đổi mới: Giảm đến 2,000,000đ (Không kèm ưu đãi thanh toán qua cổng, mua kèm)  Xem chi tiết                                                            7                                              Nhập mã VNPAY0126 giảm tối đa 100,000đ (áp dụng tùy giá trị đơn hàng) khi thanh toán qua VNPAY-QR  (Xem chi tiết tại đây)";;https://www.thegioididong.com/dtdd/iphone-16-plus;Skipped
iPhone 17 Pro Max 256GB;Xanh đậm;Yes;37990000;37890000;2026-03-09;Khuyến mãi              Giá và khuyến mãi có thể kết thúc sớm hơn dự kiến                                                                         1                                              Tặng phiếu mua hàng Apple Watch trị giá 1,000,000đ                                                            2                                              Tặng phiếu mua hàng Macbook trị giá 1,000,000đ                                                            3                                              Phiếu mua hàng Airpods trị giá 800,000đ                                                            4                                              Tặng PMH Phụ kiện bảo vệ iPhone 17 (đơn trên 500.000đ, trừ hãng Apple/ Beats) trị giá 100.000đ                                                            5                                              Nhập mã VNPAY0126 giảm tối đa 100,000đ (áp dụng tùy giá trị đơn hàng) khi thanh toán qua VNPAY-QR  (Xem chi tiết tại đây);;https://www.thegioididong.com/dtdd/iphone-17-pro-max;Skipped
iPhone 17 512GB;Tím Oải Hương;Yes;490000;31490000;2026-03-09;;;https://www.thegioididong.com/dtdd/iphone-17;Skipped
iPhone 17 Pro 512GB;Bạc;Yes;490000;41490000;2026-03-09;Khuyến mãi                      Giá và khuyến mãi dự kiến áp dụng đến 23:59 | 28/03                                                                         1                                              Tặng phiếu mua hàng Apple Watch trị giá 1,000,000đ                                                            2                                              Tặng phiếu mua hàng Macbook trị giá 1,000,000đ                                                            3                                              Phiếu mua hàng Airpods trị giá 800,000đ                                                            4                                              Tặng PMH Phụ kiện bảo vệ iPhone 17 (đơn trên 500.000đ, trừ hãng Apple/ Beats) trị giá 100.000đ                                                            5                                              Thu cũ đổi mới: Giảm đến 2,000,000đ (Không kèm ưu đãi thanh toán qua cổng, mua kèm)  Xem chi tiết                                                            6                                              Nhập mã VNPAY0126 giảm tối đa 100,000đ (áp dụng tùy giá trị đơn hàng) khi thanh toán qua VNPAY-QR  (Xem chi tiết tại đây);;https://www.thegioididong.com/dtdd/iphone-17-pro;Skipped
iPhone 16 Plus 512GB;Đen;Yes;33990000;29990000;2026-03-09;"Khuyến mãi                      Giá và khuyến mãi dự kiến áp dụng đến 23:59 | 28/03                                                                         1                                              Tặng phiếu mua hàng Apple Watch trị giá 1,000,000đ                                                            2                                              Tặng phiếu mua hàng Macbook trị giá 1,000,000đ                                                            3                                              Phiếu mua hàng Airpods trị giá 800,000đ                                                            4                                              Tặng Phiếu mua hàng mua sạc dự phòng (trừ AVA+, Hydrus); đồng hồ thông minh (trừ Apple); Tai nghe bluetooth và Loa bluetooth các hãng JBL, Marshall,Harman Kardon; Ốp lưng (trừ Apple) trị giá 100.000đ                                                            5                                              Phiếu mua hàng mua sim Vina Bùm Data 12T trị giá 500,000đ                                                            6                                              Thu cũ đổi mới: Giảm đến 2,000,000đ (Không kèm ưu đãi thanh toán qua cổng, mua kèm)  Xem chi tiết                                                            7                                              Nhập mã VNPAY0126 giảm tối đa 100,000đ (áp dụng tùy giá trị đơn hàng) khi thanh toán qua VNPAY-QR  (Xem chi tiết tại đây)";;https://www.thegioididong.com/dtdd/iphone-16-plus;Skipped
iPhone 16 Pro Max 512GB;Titan Sa Mạc;Yes;39990000;37590000;2026-03-09;"Khuyến mãi                      Giá và khuyến mãi dự kiến áp dụng đến 23:59 | 28/03                                                                         1                                              Tặng phiếu mua hàng Apple Watch trị giá 1,000,000đ                                                            2                                              Tặng phiếu mua hàng Macbook trị giá 1,000,000đ                                                            3                                              Phiếu mua hàng Airpods trị giá 800,000đ                                                            4                                              Tặng Phiếu mua hàng mua sạc dự phòng (trừ AVA+, Hydrus); đồng hồ thông minh (trừ Apple); Tai nghe bluetooth và Loa bluetooth các hãng JBL, Marshall,Harman Kardon; Ốp lưng (trừ Apple) trị giá 100.000đ                                                            5                                              Phiếu mua hàng mua sim Vina Bùm Data 12T trị giá 500,000đ                                                            6                                              Thu cũ đổi mới: Giảm đến 2,000,000đ (Không kèm ưu đãi thanh toán qua cổng, mua kèm)  Xem chi tiết                                                            7                                              Nhập mã VNPAY0126 giảm tối đa 100,000đ (áp dụng tùy giá trị đơn hàng) khi thanh toán qua VNPAY-QR  (Xem chi tiết tại đây)";;https://www.thegioididong.com/dtdd/iphone-16-pro-max;Skipped
iPhone 17 Pro 512GB;Xanh đậm;Yes;41490000;40290000;2026-03-09;Khuyến mãi              Giá và khuyến mãi có thể kết thúc sớm hơn dự kiến                                                                         1                                              Tặng phiếu mua hàng Apple Watch trị giá 1,000,000đ                                                            2                                              Tặng phiếu mua hàng Macbook trị giá 1,000,000đ                                                            3                                              Phiếu mua hàng Airpods trị giá 800,000đ                                                            4                                              Tặng PMH Phụ kiện bảo vệ iPhone 17 (đơn trên 500.000đ, trừ hãng Apple/ Beats) trị giá 100.000đ                                                            5                                              Nhập mã VNPAY0126 giảm tối đa 100,000đ (áp dụng tùy giá trị đơn hàng) khi thanh toán qua VNPAY-QR  (Xem chi tiết tại đây);;https://www.thegioididong.com/dtdd/iphone-17-pro;Skipped
iPhone 17 Pro Max 256GB;Bạc;Yes;490000;37990000;2026-03-09;Khuyến mãi                      Giá và khuyến mãi dự kiến áp dụng đến 23:59 | 28/03                                                                         1                                              Tặng phiếu mua hàng Apple Watch trị giá 1,000,000đ                                                            2                                              Tặng phiếu mua hàng Macbook trị giá 1,000,000đ                                                            3                                              Phiếu mua hàng Airpods trị giá 800,000đ                                                            4                                              Tặng PMH Phụ kiện bảo vệ iPhone 17 (đơn trên 500.000đ, trừ hãng Apple/ Beats) trị giá 100.000đ                                                            5                                              Thu cũ đổi mới: Giảm đến 2,000,000đ (Không kèm ưu đãi thanh toán qua cổng, mua kèm)  Xem chi tiết                                                            6                                              Nhập mã VNPAY0126 giảm tối đa 100,000đ (áp dụng tùy giá trị đơn hàng) khi thanh toán qua VNPAY-QR  (Xem chi tiết tại đây);;https://www.thegioididong.com/dtdd/iphone-17-pro-max;Skipped
iPhone 16 Pro Max 512GB;Titan tự nhiên;No;39990000;37590000;2026-03-09;"Khuyến mãi                      Giá và khuyến mãi dự kiến áp dụng đến 23:59 | 28/03                                                                         1                                              Tặng phiếu mua hàng Apple Watch trị giá 1,000,000đ                                                            2                                              Tặng phiếu mua hàng Macbook trị giá 1,000,000đ                                                            3                                              Phiếu mua hàng Airpods trị giá 800,000đ                                                            4                                              Tặng Phiếu mua hàng mua sạc dự phòng (trừ AVA+, Hydrus); đồng hồ thông minh (trừ Apple); Tai nghe bluetooth và Loa bluetooth các hãng JBL, Marshall,Harman Kardon; Ốp lưng (trừ Apple) trị giá 100.000đ                                                            5                                              Phiếu mua hàng mua sim Vina Bùm Data 12T trị giá 500,000đ                                                            6                                              Thu cũ đổi mới: Giảm đến 2,000,000đ (Không kèm ưu đãi thanh toán qua cổng, mua kèm)  Xem chi tiết                                                            7                                              Nhập mã VNPAY0126 giảm tối đa 100,000đ (áp dụng tùy giá trị đơn hàng) khi thanh toán qua VNPAY-QR  (Xem chi tiết tại đây)";;https://www.thegioididong.com/dtdd/iphone-16-pro-max;DEBUG_OOS_iPhone 16 Pro Max 512GB_Titan tự nhiên_081119.png
iPhone 17 512GB;Xanh Lam Khói;Yes;490000;31490000;2026-03-09;;;https://www.thegioididong.com/dtdd/iphone-17;Skipped
iPhone 16 Plus 512GB;Xanh Lưu Ly;Yes;33990000;29990000;2026-03-09;"Khuyến mãi                      Giá và khuyến mãi dự kiến áp dụng đến 23:59 | 28/03                                                                         1                                              Tặng phiếu mua hàng Apple Watch trị giá 1,000,000đ                                                            2                                              Tặng phiếu mua hàng Macbook trị giá 1,000,000đ                                                            3                                              Phiếu mua hàng Airpods trị giá 800,000đ                                                            4                                              Tặng Phiếu mua hàng mua sạc dự phòng (trừ AVA+, Hydrus); đồng hồ thông minh (trừ Apple); Tai nghe bluetooth và Loa bluetooth các hãng JBL, Marshall,Harman Kardon; Ốp lưng (trừ Apple) trị giá 100.000đ                                                            5                                              Phiếu mua hàng mua sim Vina Bùm Data 12T trị giá 500,000đ                                                            6                                              Thu cũ đổi mới: Giảm đến 2,000,000đ (Không kèm ưu đãi thanh toán qua cổng, mua kèm)  Xem chi tiết                                                            7                                              Nhập mã VNPAY0126 giảm tối đa 100,000đ (áp dụng tùy giá trị đơn hàng) khi thanh toán qua VNPAY-QR  (Xem chi tiết tại đây)";;https://www.thegioididong.com/dtdd/iphone-16-plus;Skipped
iPhone 16 Pro Max 512GB;Titan trắng;No;39990000;37590000;2026-03-09;"Khuyến mãi                      Giá và khuyến mãi dự kiến áp dụng đến 23:59 | 28/03                                                                         1                                              Tặng phiếu mua hàng Apple Watch trị giá 1,000,000đ                                                            2                                              Tặng phiếu mua hàng Macbook trị giá 1,000,000đ                                                            3                                              Phiếu mua hàng Airpods trị giá 800,000đ                                                            4                                              Tặng Phiếu mua hàng mua sạc dự phòng (trừ AVA+, Hydrus); đồng hồ thông minh (trừ Apple); Tai nghe bluetooth và Loa bluetooth các hãng JBL, Marshall,Harman Kardon; Ốp lưng (trừ Apple) trị giá 100.000đ                                                            5                                              Phiếu mua hàng mua sim Vina Bùm Data 12T trị giá 500,000đ                                                            6                                              Thu cũ đổi mới: Giảm đến 2,000,000đ (Không kèm ưu đãi thanh toán qua cổng, mua kèm)  Xem chi tiết                                                            7                                              Nhập mã VNPAY0126 giảm tối đa 100,000đ (áp dụng tùy giá trị đơn hàng) khi thanh toán qua VNPAY-QR  (Xem chi tiết tại đây)";;https://www.thegioididong.com/dtdd/iphone-16-pro-max;DEBUG_OOS_iPhone 16 Pro Max 512GB_Titan trắng_081122.png
iPhone 17 Pro 512GB;Cam Vũ Trụ;Yes;490000;41490000;2026-03-09;Khuyến mãi                      Giá và khuyến mãi dự kiến áp dụng đến 23:59 | 28/03                                                                         1                                              Tặng phiếu mua hàng Apple Watch trị giá 1,000,000đ                                                            2                                              Tặng phiếu mua hàng Macbook trị giá 1,000,000đ                                                            3                                              Phiếu mua hàng Airpods trị giá 800,000đ                                                            4                                              Tặng PMH Phụ kiện bảo vệ iPhone 17 (đơn trên 500.000đ, trừ hãng Apple/ Beats) trị giá 100.000đ                                                            5                                              Thu cũ đổi mới: Giảm đến 2,000,000đ (Không kèm ưu đãi thanh toán qua cổng, mua kèm)  Xem chi tiết                                                            6                                              Nhập mã VNPAY0126 giảm tối đa 100,000đ (áp dụng tùy giá trị đơn hàng) khi thanh toán qua VNPAY-QR  (Xem chi tiết tại đây);;https://www.thegioididong.com/dtdd/iphone-17-pro;Skipped
iPhone 16 Plus 512GB;Hồng;No;33990000;29990000;2026-03-09;"Khuyến mãi                      Giá và khuyến mãi dự kiến áp dụng đến 23:59 | 28/03                                                                         1                                              Tặng phiếu mua hàng Apple Watch trị giá 1,000,000đ                                                            2                                              Tặng phiếu mua hàng Macbook trị giá 1,000,000đ                                                            3                                              Phiếu mua hàng Airpods trị giá 800,000đ                                                            4                                              Tặng Phiếu mua hàng mua sạc dự phòng (trừ AVA+, Hydrus); đồng hồ thông minh (trừ Apple); Tai nghe bluetooth và Loa bluetooth các hãng JBL, Marshall,Harman Kardon; Ốp lưng (trừ Apple) trị giá 100.000đ                                                            5                                              Phiếu mua hàng mua sim Vina Bùm Data 12T trị giá 500,000đ                                                            6                                              Thu cũ đổi mới: Giảm đến 2,000,000đ (Không kèm ưu đãi thanh toán qua cổng, mua kèm)  Xem chi tiết                                                            7                                              Nhập mã VNPAY0126 giảm tối đa 100,000đ (áp dụng tùy giá trị đơn hàng) khi thanh toán qua VNPAY-QR  (Xem chi tiết tại đây)";;https://www.thegioididong.com/dtdd/iphone-16-plus;DEBUG_OOS_iPhone 16 Plus 512GB_Hồng_081125.png
iPhone 17 Pro Max 512GB;Bạc;Yes;490000;44490000;2026-03-09;Khuyến mãi                      Giá và khuyến mãi dự kiến áp dụng đến 23:59 | 28/03                                                                         1                                              Tặng phiếu mua hàng Apple Watch trị giá 1,000,000đ                                                            2                                              Tặng phiếu mua hàng Macbook trị giá 1,000,000đ                                                            3                                              Phiếu mua hàng Airpods trị giá 800,000đ                                                            4                                              Tặng PMH Phụ kiện bảo vệ iPhone 17 (đơn trên 500.000đ, trừ hãng Apple/ Beats) trị giá 100.000đ                                                            5                                              Thu cũ đổi mới: Giảm đến 2,000,000đ (Không kèm ưu đãi thanh toán qua cổng, mua kèm)  Xem chi tiết                                                            6                                              Nhập mã VNPAY0126 giảm tối đa 100,000đ (áp dụng tùy giá trị đơn hàng) khi thanh toán qua VNPAY-QR  (Xem chi tiết tại đây);;https://www.thegioididong.com/dtdd/iphone-17-pro-max;Skipped
iPhone 17 512GB;Xanh Lá Xô Thơm;Yes;490000;31490000;2026-03-09;;;https://www.thegioididong.com/dtdd/iphone-17;Skipped
iPhone 16 Pro Max 512GB;Titan đen;No;39990000;37590000;2026-03-09;"Khuyến mãi                      Giá và khuyến mãi dự kiến áp dụng đến 23:59 | 28/03                                                                         1                                              Tặng phiếu mua hàng Apple Watch trị giá 1,000,000đ                                                            2                                              Tặng phiếu mua hàng Macbook trị giá 1,000,000đ                                                            3                                              Phiếu mua hàng Airpods trị giá 800,000đ                                                            4                                              Tặng Phiếu mua hàng mua sạc dự phòng (trừ AVA+, Hydrus); đồng hồ thông minh (trừ Apple); Tai nghe bluetooth và Loa bluetooth các hãng JBL, Marshall,Harman Kardon; Ốp lưng (trừ Apple) trị giá 100.000đ                                                            5                                              Phiếu mua hàng mua sim Vina Bùm Data 12T trị giá 500,000đ                                                            6                                              Thu cũ đổi mới: Giảm đến 2,000,000đ (Không kèm ưu đãi thanh toán qua cổng, mua kèm)  Xem chi tiết                                                            7                                              Nhập mã VNPAY0126 giảm tối đa 100,000đ (áp dụng tùy giá trị đơn hàng) khi thanh toán qua VNPAY-QR  (Xem chi tiết tại đây)";;https://www.thegioididong.com/dtdd/iphone-16-pro-max;DEBUG_OOS_iPhone 16 Pro Max 512GB_Titan đen_081126.png
iPhone 17 Pro 1TB;Cam Vũ Trụ;Yes;47990000;47290000;2026-03-09;Khuyến mãi              Giá và khuyến mãi có thể kết thúc sớm hơn dự kiến                                                                         1                                              Tặng phiếu mua hàng Apple Watch trị giá 1,000,000đ                                                            2                                              Tặng phiếu mua hàng Macbook trị giá 1,000,000đ                                                            3                                              Phiếu mua hàng Airpods trị giá 800,000đ                                                            4                                              Tặng PMH Phụ kiện bảo vệ iPhone 17 (đơn trên 500.000đ, trừ hãng Apple/ Beats) trị giá 100.000đ                                                            5                                              Nhập mã VNPAY0126 giảm tối đa 100,000đ (áp dụng tùy giá trị đơn hàng) khi thanh toán qua VNPAY-QR  (Xem chi tiết tại đây);;https://www.thegioididong.com/dtdd/iphone-17-pro;Skipped
iPhone 17 Pro Max 512GB;Xanh đậm;Yes;490000;44490000;2026-03-09;Khuyến mãi                      Giá và khuyến mãi dự kiến áp dụng đến 23:59 | 28/03                                                                         1                                              Tặng phiếu mua hàng Apple Watch trị giá 1,000,000đ                                                            2                                              Tặng phiếu mua hàng Macbook trị giá 1,000,000đ                                                            3                                              Phiếu mua hàng Airpods trị giá 800,000đ                                                            4                                              Tặng PMH Phụ kiện bảo vệ iPhone 17 (đơn trên 500.000đ, trừ hãng Apple/ Beats) trị giá 100.000đ                                                            5                                              Thu cũ đổi mới: Giảm đến 2,000,000đ (Không kèm ưu đãi thanh toán qua cổng, mua kèm)  Xem chi tiết                                                            6                                              Nhập mã VNPAY0126 giảm tối đa 100,000đ (áp dụng tùy giá trị đơn hàng) khi thanh toán qua VNPAY-QR  (Xem chi tiết tại đây);;https://www.thegioididong.com/dtdd/iphone-17-pro-max;Skipped
iPhone 17 Pro 1TB;Xanh đậm;Yes;47990000;47290000;2026-03-09;Khuyến mãi              Giá và khuyến mãi có thể kết thúc sớm hơn dự kiến                                                                         1                                              Tặng phiếu mua hàng Apple Watch trị giá 1,000,000đ                                                            2                                              Tặng phiếu mua hàng Macbook trị giá 1,000,000đ                                                            3                                              Phiếu mua hàng Airpods trị giá 800,000đ                                                            4                                              Tặng PMH Phụ kiện bảo vệ iPhone 17 (đơn trên 500.000đ, trừ hãng Apple/ Beats) trị giá 100.000đ                                                            5                                              Nhập mã VNPAY0126 giảm tối đa 100,000đ (áp dụng tùy giá trị đơn hàng) khi thanh toán qua VNPAY-QR  (Xem chi tiết tại đây);;https://www.thegioididong.com/dtdd/iphone-17-pro;Skipped
iPhone 17 512GB;Trắng;Yes;490000;31490000;2026-03-09;;;https://www.thegioididong.com/dtdd/iphone-17;Skipped
iPhone 16 Plus 512GB;Trắng;Yes;33990000;29990000;2026-03-09;"Khuyến mãi                      Giá và khuyến mãi dự kiến áp dụng đến 23:59 | 28/03                                                                         1                                              Tặng phiếu mua hàng Apple Watch trị giá 1,000,000đ                                                            2                                              Tặng phiếu mua hàng Macbook trị giá 1,000,000đ                                                            3                                              Phiếu mua hàng Airpods trị giá 800,000đ                                                            4                                              Tặng Phiếu mua hàng mua sạc dự phòng (trừ AVA+, Hydrus); đồng hồ thông minh (trừ Apple); Tai nghe bluetooth và Loa bluetooth các hãng JBL, Marshall,Harman Kardon; Ốp lưng (trừ Apple) trị giá 100.000đ                                                            5                                              Phiếu mua hàng mua sim Vina Bùm Data 12T trị giá 500,000đ                                                            6                                              Thu cũ đổi mới: Giảm đến 2,000,000đ (Không kèm ưu đãi thanh toán qua cổng, mua kèm)  Xem chi tiết                                                            7                                              Nhập mã VNPAY0126 giảm tối đa 100,000đ (áp dụng tùy giá trị đơn hàng) khi thanh toán qua VNPAY-QR  (Xem chi tiết tại đây)";;https://www.thegioididong.com/dtdd/iphone-16-plus;Skipped
iPhone Air 256GB;Vàng Nhạt;Yes;31990000;24990000;2026-03-09;Khuyến mãi                      Giá và khuyến mãi dự kiến áp dụng đến 23:59 | 28/03                                                                         1                                              Tặng phiếu mua hàng Apple Watch trị giá 1,000,000đ                                                            2                                              Tặng phiếu mua hàng Macbook trị giá 1,000,000đ                                                            3                                              Phiếu mua hàng Airpods trị giá 800,000đ                                                            4                                              Tặng PMH Phụ kiện bảo vệ iPhone 17 (đơn trên 500.000đ, trừ hãng Apple/ Beats) trị giá 100.000đ                                                            5                                              Thu cũ đổi mới: Giảm đến 2,000,000đ (Không kèm ưu đãi thanh toán qua cổng, mua kèm)  Xem chi tiết                                                            6                                              Nhập mã VNPAY0126 giảm tối đa 100,000đ (áp dụng tùy giá trị đơn hàng) khi thanh toán qua VNPAY-QR  (Xem chi tiết tại đây);;https://www.thegioididong.com/dtdd/iphone-air;Skipped
iPhone 17 Pro Max 512GB;Cam Vũ Trụ;Yes;44490000;44090000;2026-03-09;Khuyến mãi              Giá và khuyến mãi có thể kết thúc sớm hơn dự kiến                                                                         1                                              Tặng phiếu mua hàng Apple Watch trị giá 1,000,000đ                                                            2                                              Tặng phiếu mua hàng Macbook trị giá 1,000,000đ                                                            3                                              Phiếu mua hàng Airpods trị giá 800,000đ                                                            4                                              Tặng PMH Phụ kiện bảo vệ iPhone 17 (đơn trên 500.000đ, trừ hãng Apple/ Beats) trị giá 100.000đ                                                            5                                              Nhập mã VNPAY0126 giảm tối đa 100,000đ (áp dụng tùy giá trị đơn hàng) khi thanh toán qua VNPAY-QR  (Xem chi tiết tại đây);;https://www.thegioididong.com/dtdd/iphone-17-pro-max;Skipped
iPhone 17 Pro 1TB;Bạc;No;490000;47990000;2026-03-09;Khuyến mãi                      Giá và khuyến mãi dự kiến áp dụng đến 23:59 | 28/03                                                                         1                                              Tặng phiếu mua hàng Apple Watch trị giá 1,000,000đ                                                            2                                              Tặng phiếu mua hàng Macbook trị giá 1,000,000đ                                                            3                                              Phiếu mua hàng Airpods trị giá 800,000đ                                                            4                                              Tặng PMH Phụ kiện bảo vệ iPhone 17 (đơn trên 500.000đ, trừ hãng Apple/ Beats) trị giá 100.000đ                                                            5                                              Thu cũ đổi mới: Giảm đến 2,000,000đ (Không kèm ưu đãi thanh toán qua cổng, mua kèm)  Xem chi tiết                                                            6                                              Nhập mã VNPAY0126 giảm tối đa 100,000đ (áp dụng tùy giá trị đơn hàng) khi thanh toán qua VNPAY-QR  (Xem chi tiết tại đây);;https://www.thegioididong.com/dtdd/iphone-17-pro;DEBUG_OOS_iPhone 17 Pro 1TB_Bạc_081136.png
iPhone 17 512GB;Đen;Yes;490000;31490000;2026-03-09;;;https://www.thegioididong.com/dtdd/iphone-17;Skipped
iPhone 16 Plus 512GB;Xanh Mòng Két;Yes;33990000;29990000;2026-03-09;"Khuyến mãi                      Giá và khuyến mãi dự kiến áp dụng đến 23:59 | 28/03                                                                         1                                              Tặng phiếu mua hàng Apple Watch trị giá 1,000,000đ                                                            2                                              Tặng phiếu mua hàng Macbook trị giá 1,000,000đ                                                            3                                              Phiếu mua hàng Airpods trị giá 800,000đ                                                            4                                              Tặng Phiếu mua hàng mua sạc dự phòng (trừ AVA+, Hydrus); đồng hồ thông minh (trừ Apple); Tai nghe bluetooth và Loa bluetooth các hãng JBL, Marshall,Harman Kardon; Ốp lưng (trừ Apple) trị giá 100.000đ                                                            5                                              Phiếu mua hàng mua sim Vina Bùm Data 12T trị giá 500,000đ                                                            6                                              Thu cũ đổi mới: Giảm đến 2,000,000đ (Không kèm ưu đãi thanh toán qua cổng, mua kèm)  Xem chi tiết                                                            7                                              Nhập mã VNPAY0126 giảm tối đa 100,000đ (áp dụng tùy giá trị đơn hàng) khi thanh toán qua VNPAY-QR  (Xem chi tiết tại đây)";;https://www.thegioididong.com/dtdd/iphone-16-plus;Skipped
iPhone 17 Pro 1TB;Cam Vũ Trụ;Yes;47990000;47290000;2026-03-09;Khuyến mãi              Giá và khuyến mãi có thể kết thúc sớm hơn dự kiến                                                                         1                                              Tặng phiếu mua hàng Apple Watch trị giá 1,000,000đ                                                            2                                              Tặng phiếu mua hàng Macbook trị giá 1,000,000đ                                                            3                                              Phiếu mua hàng Airpods trị giá 800,000đ                                                            4                                              Tặng PMH Phụ kiện bảo vệ iPhone 17 (đơn trên 500.000đ, trừ hãng Apple/ Beats) trị giá 100.000đ                                                            5                                              Nhập mã VNPAY0126 giảm tối đa 100,000đ (áp dụng tùy giá trị đơn hàng) khi thanh toán qua VNPAY-QR  (Xem chi tiết tại đây);;https://www.thegioididong.com/dtdd/iphone-17-pro;Skipped
iPhone Air 256GB;Trắng Mây;Yes;31990000;24990000;2026-03-09;Khuyến mãi                      Giá và khuyến mãi dự kiến áp dụng đến 23:59 | 28/03                                                                         1                                              Tặng phiếu mua hàng Apple Watch trị giá 1,000,000đ                                                            2                                              Tặng phiếu mua hàng Macbook trị giá 1,000,000đ                                                            3                                              Phiếu mua hàng Airpods trị giá 800,000đ                                                            4                                              Tặng PMH Phụ kiện bảo vệ iPhone 17 (đơn trên 500.000đ, trừ hãng Apple/ Beats) trị giá 100.000đ                                                            5                                              Thu cũ đổi mới: Giảm đến 2,000,000đ (Không kèm ưu đãi thanh toán qua cổng, mua kèm)  Xem chi tiết                                                            6                                              Nhập mã VNPAY0126 giảm tối đa 100,000đ (áp dụng tùy giá trị đơn hàng) khi thanh toán qua VNPAY-QR  (Xem chi tiết tại đây);;https://www.thegioididong.com/dtdd/iphone-air;Skipped
iPhone 17 Pro Max 1TB;Bạc;Yes;490000;50990000;2026-03-09;Khuyến mãi                      Giá và khuyến mãi dự kiến áp dụng đến 23:59 | 28/03                                                                         1                                              Tặng phiếu mua hàng Apple Watch trị giá 1,000,000đ                                                            2                                              Tặng phiếu mua hàng Macbook trị giá 1,000,000đ                                                            3                                              Phiếu mua hàng Airpods trị giá 800,000đ                                                            4                                              Tặng PMH Phụ kiện bảo vệ iPhone 17 (đơn trên 500.000đ, trừ hãng Apple/ Beats) trị giá 100.000đ                                                            5                                              Thu cũ đổi mới: Giảm đến 2,000,000đ (Không kèm ưu đãi thanh toán qua cổng, mua kèm)  Xem chi tiết                                                            6                                              Nhập mã VNPAY0126 giảm tối đa 100,000đ (áp dụng tùy giá trị đơn hàng) khi thanh toán qua VNPAY-QR  (Xem chi tiết tại đây);;https://www.thegioididong.com/dtdd/iphone-17-pro-max;Skipped
iPhone 17 Pro 1TB;Xanh đậm;Yes;47990000;47290000;2026-03-09;Khuyến mãi              Giá và khuyến mãi có thể kết thúc sớm hơn dự kiến                                                                         1                                              Tặng phiếu mua hàng Apple Watch trị giá 1,000,000đ                                                            2                                              Tặng phiếu mua hàng Macbook trị giá 1,000,000đ                                                            3                                              Phiếu mua hàng Airpods trị giá 800,000đ                                                            4                                              Tặng PMH Phụ kiện bảo vệ iPhone 17 (đơn trên 500.000đ, trừ hãng Apple/ Beats) trị giá 100.000đ                                                            5                                              Nhập mã VNPAY0126 giảm tối đa 100,000đ (áp dụng tùy giá trị đơn hàng) khi thanh toán qua VNPAY-QR  (Xem chi tiết tại đây);;https://www.thegioididong.com/dtdd/iphone-17-pro;Skipped
iPhone 16 Plus 512GB;Đen;Yes;33990000;29990000;2026-03-09;"Khuyến mãi                      Giá và khuyến mãi dự kiến áp dụng đến 23:59 | 28/03                                                                         1                                              Tặng phiếu mua hàng Apple Watch trị giá 1,000,000đ                                                            2                                              Tặng phiếu mua hàng Macbook trị giá 1,000,000đ                                                            3                                              Phiếu mua hàng Airpods trị giá 800,000đ                                                            4                                              Tặng Phiếu mua hàng mua sạc dự phòng (trừ AVA+, Hydrus); đồng hồ thông minh (trừ Apple); Tai nghe bluetooth và Loa bluetooth các hãng JBL, Marshall,Harman Kardon; Ốp lưng (trừ Apple) trị giá 100.000đ                                                            5                                              Phiếu mua hàng mua sim Vina Bùm Data 12T trị giá 500,000đ                                                            6                                              Thu cũ đổi mới: Giảm đến 2,000,000đ (Không kèm ưu đãi thanh toán qua cổng, mua kèm)  Xem chi tiết                                                            7                                              Nhập mã VNPAY0126 giảm tối đa 100,000đ (áp dụng tùy giá trị đơn hàng) khi thanh toán qua VNPAY-QR  (Xem chi tiết tại đây)";;https://www.thegioididong.com/dtdd/iphone-16-plus;Skipped
iPhone 17 Pro Max 1TB;Xanh đậm;Yes;50990000;50790000;2026-03-09;Khuyến mãi              Giá và khuyến mãi có thể kết thúc sớm hơn dự kiến                                                                         1                                              Tặng phiếu mua hàng Apple Watch trị giá 1,000,000đ                                                            2                                              Tặng phiếu mua hàng Macbook trị giá 1,000,000đ                                                            3                                              Phiếu mua hàng Airpods trị giá 800,000đ                                                            4                                              Tặng PMH Phụ kiện bảo vệ iPhone 17 (đơn trên 500.000đ, trừ hãng Apple/ Beats) trị giá 100.000đ                                                            5                                              Nhập mã VNPAY0126 giảm tối đa 100,000đ (áp dụng tùy giá trị đơn hàng) khi thanh toán qua VNPAY-QR  (Xem chi tiết tại đây);;https://www.thegioididong.com/dtdd/iphone-17-pro-max;Skipped
iPhone 17 512GB;Tím Oải Hương;Yes;490000;31490000;2026-03-09;;;https://www.thegioididong.com/dtdd/iphone-17;Skipped
iPhone 17 Pro 1TB;Bạc;No;490000;47990000;2026-03-09;Khuyến mãi                      Giá và khuyến mãi dự kiến áp dụng đến 23:59 | 28/03                                                                         1                                              Tặng phiếu mua hàng Apple Watch trị giá 1,000,000đ                                                            2                                              Tặng phiếu mua hàng Macbook trị giá 1,000,000đ                                                            3                                              Phiếu mua hàng Airpods trị giá 800,000đ                                                            4                                              Tặng PMH Phụ kiện bảo vệ iPhone 17 (đơn trên 500.000đ, trừ hãng Apple/ Beats) trị giá 100.000đ                                                            5                                              Thu cũ đổi mới: Giảm đến 2,000,000đ (Không kèm ưu đãi thanh toán qua cổng, mua kèm)  Xem chi tiết                                                            6                                              Nhập mã VNPAY0126 giảm tối đa 100,000đ (áp dụng tùy giá trị đơn hàng) khi thanh toán qua VNPAY-QR  (Xem chi tiết tại đây);;https://www.thegioididong.com/dtdd/iphone-17-pro;DEBUG_OOS_iPhone 17 Pro 1TB_Bạc_081147.png
iPhone Air 256GB;Xanh da trời;Yes;31990000;24990000;2026-03-09;Khuyến mãi                      Giá và khuyến mãi dự kiến áp dụng đến 23:59 | 28/03                                                                         1                                              Tặng phiếu mua hàng Apple Watch trị giá 1,000,000đ                                                            2                                              Tặng phiếu mua hàng Macbook trị giá 1,000,000đ                                                            3                                              Phiếu mua hàng Airpods trị giá 800,000đ                                                            4                                              Tặng PMH Phụ kiện bảo vệ iPhone 17 (đơn trên 500.000đ, trừ hãng Apple/ Beats) trị giá 100.000đ                                                            5                                              Thu cũ đổi mới: Giảm đến 2,000,000đ (Không kèm ưu đãi thanh toán qua cổng, mua kèm)  Xem chi tiết                                                            6                                              Nhập mã VNPAY0126 giảm tối đa 100,000đ (áp dụng tùy giá trị đơn hàng) khi thanh toán qua VNPAY-QR  (Xem chi tiết tại đây);;https://www.thegioididong.com/dtdd/iphone-air;Skipped
iPhone 17 Pro Max 1TB;Cam Vũ Trụ;No;490000;50990000;2026-03-09;Khuyến mãi                      Giá và khuyến mãi dự kiến áp dụng đến 23:59 | 28/03                                                                         1                                              Tặng phiếu mua hàng Apple Watch trị giá 1,000,000đ                                                            2                                              Tặng phiếu mua hàng Macbook trị giá 1,000,000đ                                                            3                                              Phiếu mua hàng Airpods trị giá 800,000đ                                                            4                                              Tặng PMH Phụ kiện bảo vệ iPhone 17 (đơn trên 500.000đ, trừ hãng Apple/ Beats) trị giá 100.000đ                                                            5                                              Thu cũ đổi mới: Giảm đến 2,000,000đ (Không kèm ưu đãi thanh toán qua cổng, mua kèm)  Xem chi tiết                                                            6                                              Nhập mã VNPAY0126 giảm tối đa 100,000đ (áp dụng tùy giá trị đơn hàng) khi thanh toán qua VNPAY-QR  (Xem chi tiết tại đây);;https://www.thegioididong.com/dtdd/iphone-17-pro-max;DEBUG_OOS_iPhone 17 Pro Max 1TB_Cam Vũ Trụ_081150.png
iPhone 16 Plus 512GB;Xanh Lưu Ly;Yes;33990000;29990000;2026-03-09;"Khuyến mãi                      Giá và khuyến mãi dự kiến áp dụng đến 23:59 | 28/03                                                                         1                                              Tặng phiếu mua hàng Apple Watch trị giá 1,000,000đ                                                            2                                              Tặng phiếu mua hàng Macbook trị giá 1,000,000đ                                                            3                                              Phiếu mua hàng Airpods trị giá 800,000đ                                                            4                                              Tặng Phiếu mua hàng mua sạc dự phòng (trừ AVA+, Hydrus); đồng hồ thông minh (trừ Apple); Tai nghe bluetooth và Loa bluetooth các hãng JBL, Marshall,Harman Kardon; Ốp lưng (trừ Apple) trị giá 100.000đ                                                            5                                              Phiếu mua hàng mua sim Vina Bùm Data 12T trị giá 500,000đ                                                            6                                              Thu cũ đổi mới: Giảm đến 2,000,000đ (Không kèm ưu đãi thanh toán qua cổng, mua kèm)  Xem chi tiết                                                            7                                              Nhập mã VNPAY0126 giảm tối đa 100,000đ (áp dụng tùy giá trị đơn hàng) khi thanh toán qua VNPAY-QR  (Xem chi tiết tại đây)";;https://www.thegioididong.com/dtdd/iphone-16-plus;Skipped
iPhone 17 512GB;Xanh Lam Khói;Yes;490000;31490000;2026-03-09;;;https://www.thegioididong.com/dtdd/iphone-17;Skipped
iPhone 17 Pro 1TB;Cam Vũ Trụ;Yes;47990000;47290000;2026-03-09;Khuyến mãi              Giá và khuyến mãi có thể kết thúc sớm hơn dự kiến                                                                         1                                              Tặng phiếu mua hàng Apple Watch trị giá 1,000,000đ                                                            2                                              Tặng phiếu mua hàng Macbook trị giá 1,000,000đ                                                            3                                              Phiếu mua hàng Airpods trị giá 800,000đ                                                            4                                              Tặng PMH Phụ kiện bảo vệ iPhone 17 (đơn trên 500.000đ, trừ hãng Apple/ Beats) trị giá 100.000đ                                                            5                                              Nhập mã VNPAY0126 giảm tối đa 100,000đ (áp dụng tùy giá trị đơn hàng) khi thanh toán qua VNPAY-QR  (Xem chi tiết tại đây);;https://www.thegioididong.com/dtdd/iphone-17-pro;Skipped
iPhone 17 Pro Max 2TB;Cam Vũ Trụ;Yes;63990000;63590000;2026-03-09;Khuyến mãi              Giá và khuyến mãi có thể kết thúc sớm hơn dự kiến                                                                         1                                              Tặng phiếu mua hàng Apple Watch trị giá 1,000,000đ                                                            2                                              Tặng phiếu mua hàng Macbook trị giá 1,000,000đ                                                            3                                              Phiếu mua hàng Airpods trị giá 800,000đ                                                            4                                              Tặng PMH Phụ kiện bảo vệ iPhone 17 (đơn trên 500.000đ, trừ hãng Apple/ Beats) trị giá 100.000đ                                                            5                                              Nhập mã VNPAY0126 giảm tối đa 100,000đ (áp dụng tùy giá trị đơn hàng) khi thanh toán qua VNPAY-QR  (Xem chi tiết tại đây);;https://www.thegioididong.com/dtdd/iphone-17-pro-max;Skipped
iPhone 16 Plus 512GB;Hồng;No;33990000;29990000;2026-03-09;"Khuyến mãi                      Giá và khuyến mãi dự kiến áp dụng đến 23:59 | 28/03                                                                         1                                              Tặng phiếu mua hàng Apple Watch trị giá 1,000,000đ                                                            2                                              Tặng phiếu mua hàng Macbook trị giá 1,000,000đ                                                            3                                              Phiếu mua hàng Airpods trị giá 800,000đ                                                            4                                              Tặng Phiếu mua hàng mua sạc dự phòng (trừ AVA+, Hydrus); đồng hồ thông minh (trừ Apple); Tai nghe bluetooth và Loa bluetooth các hãng JBL, Marshall,Harman Kardon; Ốp lưng (trừ Apple) trị giá 100.000đ                                                            5                                              Phiếu mua hàng mua sim Vina Bùm Data 12T trị giá 500,000đ                                                            6                                              Thu cũ đổi mới: Giảm đến 2,000,000đ (Không kèm ưu đãi thanh toán qua cổng, mua kèm)  Xem chi tiết                                                            7                                              Nhập mã VNPAY0126 giảm tối đa 100,000đ (áp dụng tùy giá trị đơn hàng) khi thanh toán qua VNPAY-QR  (Xem chi tiết tại đây)";;https://www.thegioididong.com/dtdd/iphone-16-plus;DEBUG_OOS_iPhone 16 Plus 512GB_Hồng_081155.png
iPhone Air 256GB;Đen Không Gian;Yes;31990000;24990000;2026-03-09;Khuyến mãi                      Giá và khuyến mãi dự kiến áp dụng đến 23:59 | 28/03                                                                         1                                              Tặng phiếu mua hàng Apple Watch trị giá 1,000,000đ                                                            2                                              Tặng phiếu mua hàng Macbook trị giá 1,000,000đ                                                            3                                              Phiếu mua hàng Airpods trị giá 800,000đ                                                            4                                              Tặng PMH Phụ kiện bảo vệ iPhone 17 (đơn trên 500.000đ, trừ hãng Apple/ Beats) trị giá 100.000đ                                                            5                                              Thu cũ đổi mới: Giảm đến 2,000,000đ (Không kèm ưu đãi thanh toán qua cổng, mua kèm)  Xem chi tiết                                                            6                                              Nhập mã VNPAY0126 giảm tối đa 100,000đ (áp dụng tùy giá trị đơn hàng) khi thanh toán qua VNPAY-QR  (Xem chi tiết tại đây);;https://www.thegioididong.com/dtdd/iphone-air;Skipped
iPhone 17 Pro 1TB;Xanh đậm;Yes;47990000;47290000;2026-03-09;Khuyến mãi              Giá và khuyến mãi có thể kết thúc sớm hơn dự kiến                                                                         1                                              Tặng phiếu mua hàng Apple Watch trị giá 1,000,000đ                                                            2                                              Tặng phiếu mua hàng Macbook trị giá 1,000,000đ                                                            3                                              Phiếu mua hàng Airpods trị giá 800,000đ                                                            4                                              Tặng PMH Phụ kiện bảo vệ iPhone 17 (đơn trên 500.000đ, trừ hãng Apple/ Beats) trị giá 100.000đ                                                            5                                              Nhập mã VNPAY0126 giảm tối đa 100,000đ (áp dụng tùy giá trị đơn hàng) khi thanh toán qua VNPAY-QR  (Xem chi tiết tại đây);;https://www.thegioididong.com/dtdd/iphone-17-pro;Skipped
iPhone 17 Pro Max 2TB;Xanh đậm;Yes;63990000;63090000;2026-03-09;Khuyến mãi              Giá và khuyến mãi có thể kết thúc sớm hơn dự kiến                                                                         1                                              Tặng phiếu mua hàng Apple Watch trị giá 1,000,000đ                                                            2                                              Tặng phiếu mua hàng Macbook trị giá 1,000,000đ                                                            3                                              Phiếu mua hàng Airpods trị giá 800,000đ                                                            4                                              Tặng PMH Phụ kiện bảo vệ iPhone 17 (đơn trên 500.000đ, trừ hãng Apple/ Beats) trị giá 100.000đ                                                            5                                              Nhập mã VNPAY0126 giảm tối đa 100,000đ (áp dụng tùy giá trị đơn hàng) khi thanh toán qua VNPAY-QR  (Xem chi tiết tại đây);;https://www.thegioididong.com/dtdd/iphone-17-pro-max;Skipped
iPhone 17 512GB;Xanh Lá Xô Thơm;Yes;490000;31490000;2026-03-09;;;https://www.thegioididong.com/dtdd/iphone-17;Skipped
iPhone 17 Pro 1TB;Bạc;No;490000;47990000;2026-03-09;Khuyến mãi                      Giá và khuyến mãi dự kiến áp dụng đến 23:59 | 28/03                                                                         1                                              Tặng phiếu mua hàng Apple Watch trị giá 1,000,000đ                                                            2                                              Tặng phiếu mua hàng Macbook trị giá 1,000,000đ                                                            3                                              Phiếu mua hàng Airpods trị giá 800,000đ                                                            4                                              Tặng PMH Phụ kiện bảo vệ iPhone 17 (đơn trên 500.000đ, trừ hãng Apple/ Beats) trị giá 100.000đ                                                            5                                              Thu cũ đổi mới: Giảm đến 2,000,000đ (Không kèm ưu đãi thanh toán qua cổng, mua kèm)  Xem chi tiết                                                            6                                              Nhập mã VNPAY0126 giảm tối đa 100,000đ (áp dụng tùy giá trị đơn hàng) khi thanh toán qua VNPAY-QR  (Xem chi tiết tại đây);;https://www.thegioididong.com/dtdd/iphone-17-pro;DEBUG_OOS_iPhone 17 Pro 1TB_Bạc_081200.png
iPhone Air 512GB;Xanh da trời;Yes;38490000;30990000;2026-03-09;Khuyến mãi                      Giá và khuyến mãi dự kiến áp dụng đến 23:59 | 28/03                                                                         1                                              Tặng phiếu mua hàng Apple Watch trị giá 1,000,000đ                                                            2                                              Tặng phiếu mua hàng Macbook trị giá 1,000,000đ                                                            3                                              Phiếu mua hàng Airpods trị giá 800,000đ                                                            4                                              Tặng PMH Phụ kiện bảo vệ iPhone 17 (đơn trên 500.000đ, trừ hãng Apple/ Beats) trị giá 100.000đ                                                            5                                              Thu cũ đổi mới: Giảm đến 2,000,000đ (Không kèm ưu đãi thanh toán qua cổng, mua kèm)  Xem chi tiết                                                            6                                              Nhập mã VNPAY0126 giảm tối đa 100,000đ (áp dụng tùy giá trị đơn hàng) khi thanh toán qua VNPAY-QR  (Xem chi tiết tại đây);;https://www.thegioididong.com/dtdd/iphone-air;Skipped
MacBook Air 13 inch M2 16GB/256GB;Xanh đen;Yes;24490000;19990000;2026-03-09;Khuyến mãi  trị giá 800.000₫                     Giá và khuyến mãi dự kiến áp dụng đến 23:00 | 31/03                                                                         1                                              Phiếu mua hàng Chuột, Bàn phím (Apple) trị giá 500,000đ                                                            2                                              Tặng Phiếu mua hàng Balo, Túi chống sốc (giá trị trên 1,000,000đ) trị giá 300,000đ                                                            3                                              Tặng Phiếu mua hàng trị giá 300.000đ Áp dụng mua Máy in                                                            4                                              Tặng Phiếu mua hàng Màn hình máy tính trị giá 300.000đ                                                            5                                              Phiếu mua hàng đồng hồ định vị trẻ em hãng Kidcare mệnh giá 100.000 VND                                                            6                                              Nhập mã VNPAY0126 giảm tối đa 100,000đ (áp dụng tùy giá trị đơn hàng) khi thanh toán qua VNPAY-QR  (Xem chi tiết tại đây);;https://www.thegioididong.com/laptop/apple-macbook-air-m2-2022-16gb-256gb;Skipped
iPhone 17 Pro Max 2TB;Bạc;Yes;490000;63990000;2026-03-09;Khuyến mãi                      Giá và khuyến mãi dự kiến áp dụng đến 23:59 | 28/03                                                                         1                                              Tặng phiếu mua hàng Apple Watch trị giá 1,000,000đ                                                            2                                              Tặng phiếu mua hàng Macbook trị giá 1,000,000đ                                                            3                                              Phiếu mua hàng Airpods trị giá 800,000đ                                                            4                                              Tặng PMH Phụ kiện bảo vệ iPhone 17 (đơn trên 500.000đ, trừ hãng Apple/ Beats) trị giá 100.000đ                                                            5                                              Thu cũ đổi mới: Giảm đến 2,000,000đ (Không kèm ưu đãi thanh toán qua cổng, mua kèm)  Xem chi tiết                                                            6                                              Nhập mã VNPAY0126 giảm tối đa 100,000đ (áp dụng tùy giá trị đơn hàng) khi thanh toán qua VNPAY-QR  (Xem chi tiết tại đây);;https://www.thegioididong.com/dtdd/iphone-17-pro-max;Skipped
iPhone 17 Pro 1TB;Cam Vũ Trụ;Yes;47990000;47290000;2026-03-09;Khuyến mãi              Giá và khuyến mãi có thể kết thúc sớm hơn dự kiến                                                                         1                                              Tặng phiếu mua hàng Apple Watch trị giá 1,000,000đ                                                            2                                              Tặng phiếu mua hàng Macbook trị giá 1,000,000đ                                                            3                                              Phiếu mua hàng Airpods trị giá 800,000đ                                                            4                                              Tặng PMH Phụ kiện bảo vệ iPhone 17 (đơn trên 500.000đ, trừ hãng Apple/ Beats) trị giá 100.000đ                                                            5                                              Nhập mã VNPAY0126 giảm tối đa 100,000đ (áp dụng tùy giá trị đơn hàng) khi thanh toán qua VNPAY-QR  (Xem chi tiết tại đây);;https://www.thegioididong.com/dtdd/iphone-17-pro;Skipped
iPhone 17 512GB;Trắng;Yes;490000;31490000;2026-03-09;;;https://www.thegioididong.com/dtdd/iphone-17;Skipped
iPhone 17 Pro 1TB;Xanh đậm;Yes;47990000;47290000;2026-03-09;Khuyến mãi              Giá và khuyến mãi có thể kết thúc sớm hơn dự kiến                                                                         1                                              Tặng phiếu mua hàng Apple Watch trị giá 1,000,000đ                                                            2                                              Tặng phiếu mua hàng Macbook trị giá 1,000,000đ                                                            3                                              Phiếu mua hàng Airpods trị giá 800,000đ                                                            4                                              Tặng PMH Phụ kiện bảo vệ iPhone 17 (đơn trên 500.000đ, trừ hãng Apple/ Beats) trị giá 100.000đ                                                            5                                              Nhập mã VNPAY0126 giảm tối đa 100,000đ (áp dụng tùy giá trị đơn hàng) khi thanh toán qua VNPAY-QR  (Xem chi tiết tại đây);;https://www.thegioididong.com/dtdd/iphone-17-pro;Skipped
iPhone 17 Pro Max 2TB;Cam Vũ Trụ;Yes;63990000;63590000;2026-03-09;Khuyến mãi              Giá và khuyến mãi có thể kết thúc sớm hơn dự kiến                                                                         1                                              Tặng phiếu mua hàng Apple Watch trị giá 1,000,000đ                                                            2                                              Tặng phiếu mua hàng Macbook trị giá 1,000,000đ                                                            3                                              Phiếu mua hàng Airpods trị giá 800,000đ                                                            4                                              Tặng PMH Phụ kiện bảo vệ iPhone 17 (đơn trên 500.000đ, trừ hãng Apple/ Beats) trị giá 100.000đ                                                            5                                              Nhập mã VNPAY0126 giảm tối đa 100,000đ (áp dụng tùy giá trị đơn hàng) khi thanh toán qua VNPAY-QR  (Xem chi tiết tại đây);;https://www.thegioididong.com/dtdd/iphone-17-pro-max;Skipped
iPhone Air 512GB;Đen Không Gian;Yes;38490000;30990000;2026-03-09;Khuyến mãi                      Giá và khuyến mãi dự kiến áp dụng đến 23:59 | 28/03                                                                         1                                              Tặng phiếu mua hàng Apple Watch trị giá 1,000,000đ                                                            2                                              Tặng phiếu mua hàng Macbook trị giá 1,000,000đ                                                            3                                              Phiếu mua hàng Airpods trị giá 800,000đ                                                            4                                              Tặng PMH Phụ kiện bảo vệ iPhone 17 (đơn trên 500.000đ, trừ hãng Apple/ Beats) trị giá 100.000đ                                                            5                                              Thu cũ đổi mới: Giảm đến 2,000,000đ (Không kèm ưu đãi thanh toán qua cổng, mua kèm)  Xem chi tiết                                                            6                                              Nhập mã VNPAY0126 giảm tối đa 100,000đ (áp dụng tùy giá trị đơn hàng) khi thanh toán qua VNPAY-QR  (Xem chi tiết tại đây);;https://www.thegioididong.com/dtdd/iphone-air;Skipped
MacBook Air 13 inch M2 16GB/256GB;Vàng đồng;Yes;24490000;19990000;2026-03-09;Khuyến mãi  trị giá 800.000₫                     Giá và khuyến mãi dự kiến áp dụng đến 23:00 | 31/03                                                                         1                                              Phiếu mua hàng Chuột, Bàn phím (Apple) trị giá 500,000đ                                                            2                                              Tặng Phiếu mua hàng Balo, Túi chống sốc (giá trị trên 1,000,000đ) trị giá 300,000đ                                                            3                                              Tặng Phiếu mua hàng trị giá 300.000đ Áp dụng mua Máy in                                                            4                                              Tặng Phiếu mua hàng Màn hình máy tính trị giá 300.000đ                                                            5                                              Phiếu mua hàng đồng hồ định vị trẻ em hãng Kidcare mệnh giá 100.000 VND                                                            6                                              Nhập mã VNPAY0126 giảm tối đa 100,000đ (áp dụng tùy giá trị đơn hàng) khi thanh toán qua VNPAY-QR  (Xem chi tiết tại đây);;https://www.thegioididong.com/laptop/apple-macbook-air-m2-2022-16gb-256gb;Skipped
iPhone 17 Pro 1TB;Bạc;No;490000;47990000;2026-03-09;Khuyến mãi                      Giá và khuyến mãi dự kiến áp dụng đến 23:59 | 28/03                                                                         1                                              Tặng phiếu mua hàng Apple Watch trị giá 1,000,000đ                                                            2                                              Tặng phiếu mua hàng Macbook trị giá 1,000,000đ                                                            3                                              Phiếu mua hàng Airpods trị giá 800,000đ                                                            4                                              Tặng PMH Phụ kiện bảo vệ iPhone 17 (đơn trên 500.000đ, trừ hãng Apple/ Beats) trị giá 100.000đ                                                            5                                              Thu cũ đổi mới: Giảm đến 2,000,000đ (Không kèm ưu đãi thanh toán qua cổng, mua kèm)  Xem chi tiết                                                            6                                              Nhập mã VNPAY0126 giảm tối đa 100,000đ (áp dụng tùy giá trị đơn hàng) khi thanh toán qua VNPAY-QR  (Xem chi tiết tại đây);;https://www.thegioididong.com/dtdd/iphone-17-pro;DEBUG_OOS_iPhone 17 Pro 1TB_Bạc_081212.png
iPhone 17 512GB;Đen;Yes;490000;31490000;2026-03-09;;;https://www.thegioididong.com/dtdd/iphone-17;Skipped
iPhone 17 Pro Max 2TB;Xanh đậm;Yes;63990000;63090000;2026-03-09;Khuyến mãi              Giá và khuyến mãi có thể kết thúc sớm hơn dự kiến                                                                         1                                              Tặng phiếu mua hàng Apple Watch trị giá 1,000,000đ                                                            2                                              Tặng phiếu mua hàng Macbook trị giá 1,000,000đ                                                            3                                              Phiếu mua hàng Airpods trị giá 800,000đ                                                            4                                              Tặng PMH Phụ kiện bảo vệ iPhone 17 (đơn trên 500.000đ, trừ hãng Apple/ Beats) trị giá 100.000đ                                                            5                                              Nhập mã VNPAY0126 giảm tối đa 100,000đ (áp dụng tùy giá trị đơn hàng) khi thanh toán qua VNPAY-QR  (Xem chi tiết tại đây);;https://www.thegioididong.com/dtdd/iphone-17-pro-max;Skipped
iPhone Air 512GB;Vàng Nhạt;Yes;38490000;30990000;2026-03-09;Khuyến mãi                      Giá và khuyến mãi dự kiến áp dụng đến 23:59 | 28/03                                                                         1                                              Tặng phiếu mua hàng Apple Watch trị giá 1,000,000đ                                                            2                                              Tặng phiếu mua hàng Macbook trị giá 1,000,000đ                                                            3                                              Phiếu mua hàng Airpods trị giá 800,000đ                                                            4                                              Tặng PMH Phụ kiện bảo vệ iPhone 17 (đơn trên 500.000đ, trừ hãng Apple/ Beats) trị giá 100.000đ                                                            5                                              Thu cũ đổi mới: Giảm đến 2,000,000đ (Không kèm ưu đãi thanh toán qua cổng, mua kèm)  Xem chi tiết                                                            6                                              Nhập mã VNPAY0126 giảm tối đa 100,000đ (áp dụng tùy giá trị đơn hàng) khi thanh toán qua VNPAY-QR  (Xem chi tiết tại đây);;https://www.thegioididong.com/dtdd/iphone-air;Skipped
MacBook Air 13 inch M4 16GB/256GB;Xanh đen;Yes;26490000;25190000;2026-03-09;Khuyến mãi  trị giá 800.000₫             Giá và khuyến mãi có thể kết thúc sớm hơn dự kiến                                                                         1                                              Phiếu mua hàng Chuột, Bàn phím (Apple) trị giá 500,000đ                                                            2                                              Tặng Phiếu mua hàng Balo, Túi chống sốc (giá trị trên 1,000,000đ) trị giá 300,000đ                                                            3                                              Tặng Phiếu mua hàng trị giá 300.000đ Áp dụng mua Máy in                                                            4                                              Tặng Phiếu mua hàng Màn hình máy tính trị giá 300.000đ                                                            5                                              Phiếu mua hàng đồng hồ định vị trẻ em hãng Kidcare mệnh giá 100.000 VND                                                            6                                              Nhập mã VNPAY0126 giảm tối đa 100,000đ (áp dụng tùy giá trị đơn hàng) khi thanh toán qua VNPAY-QR  (Xem chi tiết tại đây);;https://www.thegioididong.com/laptop/macbook-air-13-inch-m4-16gb-256gb;Skipped
MacBook Air 13 inch M2 16GB/256GB;Xanh đen;Yes;24490000;19990000;2026-03-09;Khuyến mãi  trị giá 800.000₫                     Giá và khuyến mãi dự kiến áp dụng đến 23:00 | 31/03                                                                         1                                              Phiếu mua hàng Chuột, Bàn phím (Apple) trị giá 500,000đ                                                            2                                              Tặng Phiếu mua hàng Balo, Túi chống sốc (giá trị trên 1,000,000đ) trị giá 300,000đ                                                            3                                              Tặng Phiếu mua hàng trị giá 300.000đ Áp dụng mua Máy in                                                            4                                              Tặng Phiếu mua hàng Màn hình máy tính trị giá 300.000đ                                                            5                                              Phiếu mua hàng đồng hồ định vị trẻ em hãng Kidcare mệnh giá 100.000 VND                                                            6                                              Nhập mã VNPAY0126 giảm tối đa 100,000đ (áp dụng tùy giá trị đơn hàng) khi thanh toán qua VNPAY-QR  (Xem chi tiết tại đây);;https://www.thegioididong.com/laptop/apple-macbook-air-m2-2022-16gb-256gb;Skipped
iPhone 17 Pro Max 2TB;Bạc;Yes;490000;63990000;2026-03-09;Khuyến mãi                      Giá và khuyến mãi dự kiến áp dụng đến 23:59 | 28/03                                                                         1                                              Tặng phiếu mua hàng Apple Watch trị giá 1,000,000đ                                                            2                                              Tặng phiếu mua hàng Macbook trị giá 1,000,000đ                                                            3                                              Phiếu mua hàng Airpods trị giá 800,000đ                                                            4                                              Tặng PMH Phụ kiện bảo vệ iPhone 17 (đơn trên 500.000đ, trừ hãng Apple/ Beats) trị giá 100.000đ                                                            5                                              Thu cũ đổi mới: Giảm đến 2,000,000đ (Không kèm ưu đãi thanh toán qua cổng, mua kèm)  Xem chi tiết                                                            6                                              Nhập mã VNPAY0126 giảm tối đa 100,000đ (áp dụng tùy giá trị đơn hàng) khi thanh toán qua VNPAY-QR  (Xem chi tiết tại đây);;https://www.thegioididong.com/dtdd/iphone-17-pro-max;Skipped
iPhone 17 512GB;Tím Oải Hương;Yes;490000;31490000;2026-03-09;;;https://www.thegioididong.com/dtdd/iphone-17;Skipped
iPhone Air 512GB;Trắng Mây;Yes;38490000;30990000;2026-03-09;Khuyến mãi                      Giá và khuyến mãi dự kiến áp dụng đến 23:59 | 28/03                                                                         1                                              Tặng phiếu mua hàng Apple Watch trị giá 1,000,000đ                                                            2                                              Tặng phiếu mua hàng Macbook trị giá 1,000,000đ                                                            3                                              Phiếu mua hàng Airpods trị giá 800,000đ                                                            4                                              Tặng PMH Phụ kiện bảo vệ iPhone 17 (đơn trên 500.000đ, trừ hãng Apple/ Beats) trị giá 100.000đ                                                            5                                              Thu cũ đổi mới: Giảm đến 2,000,000đ (Không kèm ưu đãi thanh toán qua cổng, mua kèm)  Xem chi tiết                                                            6                                              Nhập mã VNPAY0126 giảm tối đa 100,000đ (áp dụng tùy giá trị đơn hàng) khi thanh toán qua VNPAY-QR  (Xem chi tiết tại đây);;https://www.thegioididong.com/dtdd/iphone-air;Skipped
MacBook Air 13 inch M4 16GB/256GB;Vàng;Yes;26490000;25290000;2026-03-09;Khuyến mãi  trị giá 800.000₫                     Giá và khuyến mãi dự kiến áp dụng đến 23:00 | 31/03                                                                         1                                              Phiếu mua hàng Chuột, Bàn phím (Apple) trị giá 500,000đ                                                            2                                              Tặng Phiếu mua hàng Balo, Túi chống sốc (giá trị trên 1,000,000đ) trị giá 300,000đ                                                            3                                              Tặng Phiếu mua hàng trị giá 300.000đ Áp dụng mua Máy in                                                            4                                              Tặng Phiếu mua hàng Màn hình máy tính trị giá 300.000đ                                                            5                                              Phiếu mua hàng đồng hồ định vị trẻ em hãng Kidcare mệnh giá 100.000 VND                                                            6                                              Nhập mã VNPAY0126 giảm tối đa 100,000đ (áp dụng tùy giá trị đơn hàng) khi thanh toán qua VNPAY-QR  (Xem chi tiết tại đây);;https://www.thegioididong.com/laptop/macbook-air-13-inch-m4-16gb-256gb;Skipped
iPhone 17 Pro Max 2TB;Cam Vũ Trụ;Yes;63990000;63590000;2026-03-09;Khuyến mãi              Giá và khuyến mãi có thể kết thúc sớm hơn dự kiến                                                                         1                                              Tặng phiếu mua hàng Apple Watch trị giá 1,000,000đ                                                            2                                              Tặng phiếu mua hàng Macbook trị giá 1,000,000đ                                                            3                                              Phiếu mua hàng Airpods trị giá 800,000đ                                                            4                                              Tặng PMH Phụ kiện bảo vệ iPhone 17 (đơn trên 500.000đ, trừ hãng Apple/ Beats) trị giá 100.000đ                                                            5                                              Nhập mã VNPAY0126 giảm tối đa 100,000đ (áp dụng tùy giá trị đơn hàng) khi thanh toán qua VNPAY-QR  (Xem chi tiết tại đây);;https://www.thegioididong.com/dtdd/iphone-17-pro-max;Skipped
MacBook Air 13 inch M2 16GB/256GB;Vàng đồng;Yes;24490000;19990000;2026-03-09;Khuyến mãi  trị giá 800.000₫                     Giá và khuyến mãi dự kiến áp dụng đến 23:00 | 31/03                                                                         1                                              Phiếu mua hàng Chuột, Bàn phím (Apple) trị giá 500,000đ                                                            2                                              Tặng Phiếu mua hàng Balo, Túi chống sốc (giá trị trên 1,000,000đ) trị giá 300,000đ                                                            3                                              Tặng Phiếu mua hàng trị giá 300.000đ Áp dụng mua Máy in                                                            4                                              Tặng Phiếu mua hàng Màn hình máy tính trị giá 300.000đ                                                            5                                              Phiếu mua hàng đồng hồ định vị trẻ em hãng Kidcare mệnh giá 100.000 VND                                                            6                                              Nhập mã VNPAY0126 giảm tối đa 100,000đ (áp dụng tùy giá trị đơn hàng) khi thanh toán qua VNPAY-QR  (Xem chi tiết tại đây);;https://www.thegioididong.com/laptop/apple-macbook-air-m2-2022-16gb-256gb;Skipped
iPhone 17 512GB;Xanh Lam Khói;Yes;490000;31490000;2026-03-09;;;https://www.thegioididong.com/dtdd/iphone-17;Skipped
iPhone 17 Pro Max 2TB;Xanh đậm;Yes;63990000;63090000;2026-03-09;Khuyến mãi              Giá và khuyến mãi có thể kết thúc sớm hơn dự kiến                                                                         1                                              Tặng phiếu mua hàng Apple Watch trị giá 1,000,000đ                                                            2                                              Tặng phiếu mua hàng Macbook trị giá 1,000,000đ                                                            3                                              Phiếu mua hàng Airpods trị giá 800,000đ                                                            4                                              Tặng PMH Phụ kiện bảo vệ iPhone 17 (đơn trên 500.000đ, trừ hãng Apple/ Beats) trị giá 100.000đ                                                            5                                              Nhập mã VNPAY0126 giảm tối đa 100,000đ (áp dụng tùy giá trị đơn hàng) khi thanh toán qua VNPAY-QR  (Xem chi tiết tại đây);;https://www.thegioididong.com/dtdd/iphone-17-pro-max;Skipped
iPhone Air 1TB;Xanh da trời;Yes;44990000;36990000;2026-03-09;Khuyến mãi                      Giá và khuyến mãi dự kiến áp dụng đến 23:59 | 28/03                                                                         1                                              Tặng phiếu mua hàng Apple Watch trị giá 1,000,000đ                                                            2                                              Tặng phiếu mua hàng Macbook trị giá 1,000,000đ                                                            3                                              Phiếu mua hàng Airpods trị giá 800,000đ                                                            4                                              Tặng PMH Phụ kiện bảo vệ iPhone 17 (đơn trên 500.000đ, trừ hãng Apple/ Beats) trị giá 100.000đ                                                            5                                              Thu cũ đổi mới: Giảm đến 2,000,000đ (Không kèm ưu đãi thanh toán qua cổng, mua kèm)  Xem chi tiết                                                            6                                              Nhập mã VNPAY0126 giảm tối đa 100,000đ (áp dụng tùy giá trị đơn hàng) khi thanh toán qua VNPAY-QR  (Xem chi tiết tại đây);;https://www.thegioididong.com/dtdd/iphone-air;Skipped
MacBook Air 13 inch M4 16GB/256GB;Xanh da trời nhạt;Yes;26490000;25290000;2026-03-09;Khuyến mãi  trị giá 800.000₫                     Giá và khuyến mãi dự kiến áp dụng đến 23:00 | 31/03                                                                         1                                              Phiếu mua hàng Chuột, Bàn phím (Apple) trị giá 500,000đ                                                            2                                              Tặng Phiếu mua hàng Balo, Túi chống sốc (giá trị trên 1,000,000đ) trị giá 300,000đ                                                            3                                              Tặng Phiếu mua hàng trị giá 300.000đ Áp dụng mua Máy in                                                            4                                              Tặng Phiếu mua hàng Màn hình máy tính trị giá 300.000đ                                                            5                                              Phiếu mua hàng đồng hồ định vị trẻ em hãng Kidcare mệnh giá 100.000 VND                                                            6                                              Nhập mã VNPAY0126 giảm tối đa 100,000đ (áp dụng tùy giá trị đơn hàng) khi thanh toán qua VNPAY-QR  (Xem chi tiết tại đây);;https://www.thegioididong.com/laptop/macbook-air-13-inch-m4-16gb-256gb;Skipped
iPhone 17 512GB;Xanh Lá Xô Thơm;Yes;490000;31490000;2026-03-09;;;https://www.thegioididong.com/dtdd/iphone-17;Skipped
iPhone 17 Pro Max 2TB;Bạc;Yes;490000;63990000;2026-03-09;Khuyến mãi                      Giá và khuyến mãi dự kiến áp dụng đến 23:59 | 28/03                                                                         1                                              Tặng phiếu mua hàng Apple Watch trị giá 1,000,000đ                                                            2                                              Tặng phiếu mua hàng Macbook trị giá 1,000,000đ                                                            3                                              Phiếu mua hàng Airpods trị giá 800,000đ                                                            4                                              Tặng PMH Phụ kiện bảo vệ iPhone 17 (đơn trên 500.000đ, trừ hãng Apple/ Beats) trị giá 100.000đ                                                            5                                              Thu cũ đổi mới: Giảm đến 2,000,000đ (Không kèm ưu đãi thanh toán qua cổng, mua kèm)  Xem chi tiết                                                            6                                              Nhập mã VNPAY0126 giảm tối đa 100,000đ (áp dụng tùy giá trị đơn hàng) khi thanh toán qua VNPAY-QR  (Xem chi tiết tại đây);;https://www.thegioididong.com/dtdd/iphone-17-pro-max;Skipped
MacBook Air 13 inch M4 16GB/256GB Sạc 70W;Xanh da trời nhạt;Yes;27090000;25690000;2026-03-09;Khuyến mãi  trị giá 800.000₫                     Giá và khuyến mãi dự kiến áp dụng đến 23:00 | 31/03                                                                         1                                              Phiếu mua hàng Chuột, Bàn phím (Apple) trị giá 500,000đ                                                            2                                              Tặng Phiếu mua hàng Balo, Túi chống sốc (giá trị trên 1,000,000đ) trị giá 300,000đ                                                            3                                              Tặng Phiếu mua hàng trị giá 300.000đ Áp dụng mua Máy in                                                            4                                              Tặng Phiếu mua hàng Màn hình máy tính trị giá 300.000đ                                                            5                                              Phiếu mua hàng đồng hồ định vị trẻ em hãng Kidcare mệnh giá 100.000 VND                                                            6                                              Nhập mã VNPAY0126 giảm tối đa 100,000đ (áp dụng tùy giá trị đơn hàng) khi thanh toán qua VNPAY-QR  (Xem chi tiết tại đây);;https://www.thegioididong.com/laptop/macbook-air-13-inch-m4-16gb-256gb-sac-70w;Skipped
iPhone Air 1TB;Vàng Nhạt;Yes;44990000;36990000;2026-03-09;Khuyến mãi                      Giá và khuyến mãi dự kiến áp dụng đến 23:59 | 28/03                                                                         1                                              Tặng phiếu mua hàng Apple Watch trị giá 1,000,000đ                                                            2                                              Tặng phiếu mua hàng Macbook trị giá 1,000,000đ                                                            3                                              Phiếu mua hàng Airpods trị giá 800,000đ                                                            4                                              Tặng PMH Phụ kiện bảo vệ iPhone 17 (đơn trên 500.000đ, trừ hãng Apple/ Beats) trị giá 100.000đ                                                            5                                              Thu cũ đổi mới: Giảm đến 2,000,000đ (Không kèm ưu đãi thanh toán qua cổng, mua kèm)  Xem chi tiết                                                            6                                              Nhập mã VNPAY0126 giảm tối đa 100,000đ (áp dụng tùy giá trị đơn hàng) khi thanh toán qua VNPAY-QR  (Xem chi tiết tại đây);;https://www.thegioididong.com/dtdd/iphone-air;Skipped
MacBook Air 13 inch M4 16GB/256GB;Bạc;Yes;26490000;25290000;2026-03-09;Khuyến mãi  trị giá 800.000₫                     Giá và khuyến mãi dự kiến áp dụng đến 23:00 | 31/03                                                                         1                                              Phiếu mua hàng Chuột, Bàn phím (Apple) trị giá 500,000đ                                                            2                                              Tặng Phiếu mua hàng Balo, Túi chống sốc (giá trị trên 1,000,000đ) trị giá 300,000đ                                                            3                                              Tặng Phiếu mua hàng trị giá 300.000đ Áp dụng mua Máy in                                                            4                                              Tặng Phiếu mua hàng Màn hình máy tính trị giá 300.000đ                                                            5                                              Phiếu mua hàng đồng hồ định vị trẻ em hãng Kidcare mệnh giá 100.000 VND                                                            6                                              Nhập mã VNPAY0126 giảm tối đa 100,000đ (áp dụng tùy giá trị đơn hàng) khi thanh toán qua VNPAY-QR  (Xem chi tiết tại đây);;https://www.thegioididong.com/laptop/macbook-air-13-inch-m4-16gb-256gb;Skipped
iPhone 17 Pro Max 2TB;Cam Vũ Trụ;Yes;63990000;63590000;2026-03-09;Khuyến mãi              Giá và khuyến mãi có thể kết thúc sớm hơn dự kiến                                                                         1                                              Tặng phiếu mua hàng Apple Watch trị giá 1,000,000đ                                                            2                                              Tặng phiếu mua hàng Macbook trị giá 1,000,000đ                                                            3                                              Phiếu mua hàng Airpods trị giá 800,000đ                                                            4                                              Tặng PMH Phụ kiện bảo vệ iPhone 17 (đơn trên 500.000đ, trừ hãng Apple/ Beats) trị giá 100.000đ                                                            5                                              Nhập mã VNPAY0126 giảm tối đa 100,000đ (áp dụng tùy giá trị đơn hàng) khi thanh toán qua VNPAY-QR  (Xem chi tiết tại đây);;https://www.thegioididong.com/dtdd/iphone-17-pro-max;Skipped
iPhone 17 512GB;Trắng;Yes;490000;31490000;2026-03-09;;;https://www.thegioididong.com/dtdd/iphone-17;Skipped
MacBook Air 13 inch M4 16GB/256GB Sạc 70W;Xanh đen;Yes;27090000;25690000;2026-03-09;Khuyến mãi  trị giá 800.000₫                     Giá và khuyến mãi dự kiến áp dụng đến 23:00 | 31/03                                                                         1                                              Phiếu mua hàng Chuột, Bàn phím (Apple) trị giá 500,000đ                                                            2                                              Tặng Phiếu mua hàng Balo, Túi chống sốc (giá trị trên 1,000,000đ) trị giá 300,000đ                                                            3                                              Tặng Phiếu mua hàng trị giá 300.000đ Áp dụng mua Máy in                                                            4                                              Tặng Phiếu mua hàng Màn hình máy tính trị giá 300.000đ                                                            5                                              Phiếu mua hàng đồng hồ định vị trẻ em hãng Kidcare mệnh giá 100.000 VND                                                            6                                              Nhập mã VNPAY0126 giảm tối đa 100,000đ (áp dụng tùy giá trị đơn hàng) khi thanh toán qua VNPAY-QR  (Xem chi tiết tại đây);;https://www.thegioididong.com/laptop/macbook-air-13-inch-m4-16gb-256gb-sac-70w;Skipped
iPhone Air 1TB;Trắng Mây;No;44990000;36990000;2026-03-09;Khuyến mãi                      Giá và khuyến mãi dự kiến áp dụng đến 23:59 | 28/03                                                                         1                                              Tặng phiếu mua hàng Apple Watch trị giá 1,000,000đ                                                            2                                              Tặng phiếu mua hàng Macbook trị giá 1,000,000đ                                                            3                                              Phiếu mua hàng Airpods trị giá 800,000đ                                                            4                                              Tặng PMH Phụ kiện bảo vệ iPhone 17 (đơn trên 500.000đ, trừ hãng Apple/ Beats) trị giá 100.000đ                                                            5                                              Thu cũ đổi mới: Giảm đến 2,000,000đ (Không kèm ưu đãi thanh toán qua cổng, mua kèm)  Xem chi tiết                                                            6                                              Nhập mã VNPAY0126 giảm tối đa 100,000đ (áp dụng tùy giá trị đơn hàng) khi thanh toán qua VNPAY-QR  (Xem chi tiết tại đây);;https://www.thegioididong.com/dtdd/iphone-air;DEBUG_OOS_iPhone Air 1TB_Trắng Mây_081243.png
iPhone 17 Pro Max 2TB;Xanh đậm;Yes;63990000;63090000;2026-03-09;Khuyến mãi              Giá và khuyến mãi có thể kết thúc sớm hơn dự kiến                                                                         1                                              Tặng phiếu mua hàng Apple Watch trị giá 1,000,000đ                                                            2                                              Tặng phiếu mua hàng Macbook trị giá 1,000,000đ                                                            3                                              Phiếu mua hàng Airpods trị giá 800,000đ                                                            4                                              Tặng PMH Phụ kiện bảo vệ iPhone 17 (đơn trên 500.000đ, trừ hãng Apple/ Beats) trị giá 100.000đ                                                            5                                              Nhập mã VNPAY0126 giảm tối đa 100,000đ (áp dụng tùy giá trị đơn hàng) khi thanh toán qua VNPAY-QR  (Xem chi tiết tại đây);;https://www.thegioididong.com/dtdd/iphone-17-pro-max;Skipped
MacBook Air 13 inch M4 16GB/256GB;Xanh đen;Yes;26490000;25190000;2026-03-09;Khuyến mãi  trị giá 800.000₫             Giá và khuyến mãi có thể kết thúc sớm hơn dự kiến                                                                         1                                              Phiếu mua hàng Chuột, Bàn phím (Apple) trị giá 500,000đ                                                            2                                              Tặng Phiếu mua hàng Balo, Túi chống sốc (giá trị trên 1,000,000đ) trị giá 300,000đ                                                            3                                              Tặng Phiếu mua hàng trị giá 300.000đ Áp dụng mua Máy in                                                            4                                              Tặng Phiếu mua hàng Màn hình máy tính trị giá 300.000đ                                                            5                                              Phiếu mua hàng đồng hồ định vị trẻ em hãng Kidcare mệnh giá 100.000 VND                                                            6                                              Nhập mã VNPAY0126 giảm tối đa 100,000đ (áp dụng tùy giá trị đơn hàng) khi thanh toán qua VNPAY-QR  (Xem chi tiết tại đây);;https://www.thegioididong.com/laptop/macbook-air-13-inch-m4-16gb-256gb;Skipped
iPhone 17 512GB;Đen;Yes;490000;31490000;2026-03-09;;;https://www.thegioididong.com/dtdd/iphone-17;Skipped
iPhone Air 1TB;Đen Không Gian;No;44990000;36990000;2026-03-09;Khuyến mãi                      Giá và khuyến mãi dự kiến áp dụng đến 23:59 | 28/03                                                                         1                                              Tặng phiếu mua hàng Apple Watch trị giá 1,000,000đ                                                            2                                              Tặng phiếu mua hàng Macbook trị giá 1,000,000đ                                                            3                                              Phiếu mua hàng Airpods trị giá 800,000đ                                                            4                                              Tặng PMH Phụ kiện bảo vệ iPhone 17 (đơn trên 500.000đ, trừ hãng Apple/ Beats) trị giá 100.000đ                                                            5                                              Thu cũ đổi mới: Giảm đến 2,000,000đ (Không kèm ưu đãi thanh toán qua cổng, mua kèm)  Xem chi tiết                                                            6                                              Nhập mã VNPAY0126 giảm tối đa 100,000đ (áp dụng tùy giá trị đơn hàng) khi thanh toán qua VNPAY-QR  (Xem chi tiết tại đây);;https://www.thegioididong.com/dtdd/iphone-air;DEBUG_OOS_iPhone Air 1TB_Đen Không Gian_081247.png
MacBook Air 13 inch M4 16GB/256GB Sạc 70W;Vàng;Yes;27090000;25690000;2026-03-09;Khuyến mãi  trị giá 800.000₫                     Giá và khuyến mãi dự kiến áp dụng đến 23:00 | 31/03                                                                         1                                              Phiếu mua hàng Chuột, Bàn phím (Apple) trị giá 500,000đ                                                            2                                              Tặng Phiếu mua hàng Balo, Túi chống sốc (giá trị trên 1,000,000đ) trị giá 300,000đ                                                            3                                              Tặng Phiếu mua hàng trị giá 300.000đ Áp dụng mua Máy in                                                            4                                              Tặng Phiếu mua hàng Màn hình máy tính trị giá 300.000đ                                                            5                                              Phiếu mua hàng đồng hồ định vị trẻ em hãng Kidcare mệnh giá 100.000 VND                                                            6                                              Nhập mã VNPAY0126 giảm tối đa 100,000đ (áp dụng tùy giá trị đơn hàng) khi thanh toán qua VNPAY-QR  (Xem chi tiết tại đây);;https://www.thegioididong.com/laptop/macbook-air-13-inch-m4-16gb-256gb-sac-70w;Skipped
iPhone 17 Pro Max 2TB;Bạc;Yes;490000;63990000;2026-03-09;Khuyến mãi                      Giá và khuyến mãi dự kiến áp dụng đến 23:59 | 28/03                                                                         1                                              Tặng phiếu mua hàng Apple Watch trị giá 1,000,000đ                                                            2                                              Tặng phiếu mua hàng Macbook trị giá 1,000,000đ                                                            3                                              Phiếu mua hàng Airpods trị giá 800,000đ                                                            4                                              Tặng PMH Phụ kiện bảo vệ iPhone 17 (đơn trên 500.000đ, trừ hãng Apple/ Beats) trị giá 100.000đ                                                            5                                              Thu cũ đổi mới: Giảm đến 2,000,000đ (Không kèm ưu đãi thanh toán qua cổng, mua kèm)  Xem chi tiết                                                            6                                              Nhập mã VNPAY0126 giảm tối đa 100,000đ (áp dụng tùy giá trị đơn hàng) khi thanh toán qua VNPAY-QR  (Xem chi tiết tại đây);;https://www.thegioididong.com/dtdd/iphone-17-pro-max;Skipped
MacBook Air 13 inch M4 16GB/256GB;Vàng;Yes;26490000;25290000;2026-03-09;Khuyến mãi  trị giá 800.000₫                     Giá và khuyến mãi dự kiến áp dụng đến 23:00 | 31/03                                                                         1                                              Phiếu mua hàng Chuột, Bàn phím (Apple) trị giá 500,000đ                                                            2                                              Tặng Phiếu mua hàng Balo, Túi chống sốc (giá trị trên 1,000,000đ) trị giá 300,000đ                                                            3                                              Tặng Phiếu mua hàng trị giá 300.000đ Áp dụng mua Máy in                                                            4                                              Tặng Phiếu mua hàng Màn hình máy tính trị giá 300.000đ                                                            5                                              Phiếu mua hàng đồng hồ định vị trẻ em hãng Kidcare mệnh giá 100.000 VND                                                            6                                              Nhập mã VNPAY0126 giảm tối đa 100,000đ (áp dụng tùy giá trị đơn hàng) khi thanh toán qua VNPAY-QR  (Xem chi tiết tại đây);;https://www.thegioididong.com/laptop/macbook-air-13-inch-m4-16gb-256gb;Skipped
iPhone 17 512GB;Tím Oải Hương;Yes;490000;31490000;2026-03-09;;;https://www.thegioididong.com/dtdd/iphone-17;Skipped
iPhone Air 1TB;Xanh da trời;Yes;44990000;36990000;2026-03-09;Khuyến mãi                      Giá và khuyến mãi dự kiến áp dụng đến 23:59 | 28/03                                                                         1                                              Tặng phiếu mua hàng Apple Watch trị giá 1,000,000đ                                                            2                                              Tặng phiếu mua hàng Macbook trị giá 1,000,000đ                                                            3                                              Phiếu mua hàng Airpods trị giá 800,000đ                                                            4                                              Tặng PMH Phụ kiện bảo vệ iPhone 17 (đơn trên 500.000đ, trừ hãng Apple/ Beats) trị giá 100.000đ                                                            5                                              Thu cũ đổi mới: Giảm đến 2,000,000đ (Không kèm ưu đãi thanh toán qua cổng, mua kèm)  Xem chi tiết                                                            6                                              Nhập mã VNPAY0126 giảm tối đa 100,000đ (áp dụng tùy giá trị đơn hàng) khi thanh toán qua VNPAY-QR  (Xem chi tiết tại đây);;https://www.thegioididong.com/dtdd/iphone-air;Skipped
MacBook Air 13 inch M4 16GB/256GB Sạc 70W;Bạc;Yes;27090000;25690000;2026-03-09;Khuyến mãi  trị giá 800.000₫                     Giá và khuyến mãi dự kiến áp dụng đến 23:00 | 31/03                                                                         1                                              Phiếu mua hàng Chuột, Bàn phím (Apple) trị giá 500,000đ                                                            2                                              Tặng Phiếu mua hàng Balo, Túi chống sốc (giá trị trên 1,000,000đ) trị giá 300,000đ                                                            3                                              Tặng Phiếu mua hàng trị giá 300.000đ Áp dụng mua Máy in                                                            4                                              Tặng Phiếu mua hàng Màn hình máy tính trị giá 300.000đ                                                            5                                              Phiếu mua hàng đồng hồ định vị trẻ em hãng Kidcare mệnh giá 100.000 VND                                                            6                                              Nhập mã VNPAY0126 giảm tối đa 100,000đ (áp dụng tùy giá trị đơn hàng) khi thanh toán qua VNPAY-QR  (Xem chi tiết tại đây);;https://www.thegioididong.com/laptop/macbook-air-13-inch-m4-16gb-256gb-sac-70w;Skipped
MacBook Air 13 inch M4 16GB/256GB;Xanh da trời nhạt;Yes;26490000;25290000;2026-03-09;Khuyến mãi  trị giá 800.000₫                     Giá và khuyến mãi dự kiến áp dụng đến 23:00 | 31/03                                                                         1                                              Phiếu mua hàng Chuột, Bàn phím (Apple) trị giá 500,000đ                                                            2                                              Tặng Phiếu mua hàng Balo, Túi chống sốc (giá trị trên 1,000,000đ) trị giá 300,000đ                                                            3                                              Tặng Phiếu mua hàng trị giá 300.000đ Áp dụng mua Máy in                                                            4                                              Tặng Phiếu mua hàng Màn hình máy tính trị giá 300.000đ                                                            5                                              Phiếu mua hàng đồng hồ định vị trẻ em hãng Kidcare mệnh giá 100.000 VND                                                            6                                              Nhập mã VNPAY0126 giảm tối đa 100,000đ (áp dụng tùy giá trị đơn hàng) khi thanh toán qua VNPAY-QR  (Xem chi tiết tại đây);;https://www.thegioididong.com/laptop/macbook-air-13-inch-m4-16gb-256gb;Skipped
MacBook Air 13 inch M4 24GB/256GB;Xanh da trời nhạt;No;31390000;29990000;2026-03-09;Khuyến mãi  trị giá 800.000₫                     Giá và khuyến mãi dự kiến áp dụng đến 23:00 | 31/03                                                                         1                                              Phiếu mua hàng Chuột, Bàn phím (Apple) trị giá 500,000đ                                                            2                                              Tặng Phiếu mua hàng Balo, Túi chống sốc (giá trị trên 1,000,000đ) trị giá 300,000đ                                                            3                                              Tặng Phiếu mua hàng trị giá 300.000đ Áp dụng mua Máy in                                                            4                                              Tặng Phiếu mua hàng Màn hình máy tính trị giá 300.000đ                                                            5                                              Phiếu mua hàng đồng hồ định vị trẻ em hãng Kidcare mệnh giá 100.000 VND                                                            6                                              Nhập mã VNPAY0126 giảm tối đa 100,000đ (áp dụng tùy giá trị đơn hàng) khi thanh toán qua VNPAY-QR  (Xem chi tiết tại đây);;https://www.thegioididong.com/laptop/macbook-air-13-inch-m4-24gb-256gb;DEBUG_OOS_MacBook Air 13 inch M4 24GB/256GB_Xanh da trời nhạt_081256.png
iPhone 17 512GB;Xanh Lam Khói;Yes;490000;31490000;2026-03-09;;;https://www.thegioididong.com/dtdd/iphone-17;Skipped
MacBook Air 13 inch M4 24GB/256GB;Xanh đen;No;31390000;29990000;2026-03-09;Khuyến mãi  trị giá 800.000₫                     Giá và khuyến mãi dự kiến áp dụng đến 23:00 | 31/03                                                                         1                                              Phiếu mua hàng Chuột, Bàn phím (Apple) trị giá 500,000đ                                                            2                                              Tặng Phiếu mua hàng Balo, Túi chống sốc (giá trị trên 1,000,000đ) trị giá 300,000đ                                                            3                                              Tặng Phiếu mua hàng trị giá 300.000đ Áp dụng mua Máy in                                                            4                                              Tặng Phiếu mua hàng Màn hình máy tính trị giá 300.000đ                                                            5                                              Phiếu mua hàng đồng hồ định vị trẻ em hãng Kidcare mệnh giá 100.000 VND                                                            6                                              Nhập mã VNPAY0126 giảm tối đa 100,000đ (áp dụng tùy giá trị đơn hàng) khi thanh toán qua VNPAY-QR  (Xem chi tiết tại đây);;https://www.thegioididong.com/laptop/macbook-air-13-inch-m4-24gb-256gb;DEBUG_OOS_MacBook Air 13 inch M4 24GB/256GB_Xanh đen_081300.png
iPhone Air 1TB;Vàng Nhạt;Yes;44990000;36990000;2026-03-09;Khuyến mãi                      Giá và khuyến mãi dự kiến áp dụng đến 23:59 | 28/03                                                                         1                                              Tặng phiếu mua hàng Apple Watch trị giá 1,000,000đ                                                            2                                              Tặng phiếu mua hàng Macbook trị giá 1,000,000đ                                                            3                                              Phiếu mua hàng Airpods trị giá 800,000đ                                                            4                                              Tặng PMH Phụ kiện bảo vệ iPhone 17 (đơn trên 500.000đ, trừ hãng Apple/ Beats) trị giá 100.000đ                                                            5                                              Thu cũ đổi mới: Giảm đến 2,000,000đ (Không kèm ưu đãi thanh toán qua cổng, mua kèm)  Xem chi tiết                                                            6                                              Nhập mã VNPAY0126 giảm tối đa 100,000đ (áp dụng tùy giá trị đơn hàng) khi thanh toán qua VNPAY-QR  (Xem chi tiết tại đây);;https://www.thegioididong.com/dtdd/iphone-air;Skipped
MacBook Air 13 inch M4 16GB/256GB;Bạc;Yes;26490000;25290000;2026-03-09;Khuyến mãi  trị giá 800.000₫                     Giá và khuyến mãi dự kiến áp dụng đến 23:00 | 31/03                                                                         1                                              Phiếu mua hàng Chuột, Bàn phím (Apple) trị giá 500,000đ                                                            2                                              Tặng Phiếu mua hàng Balo, Túi chống sốc (giá trị trên 1,000,000đ) trị giá 300,000đ                                                            3                                              Tặng Phiếu mua hàng trị giá 300.000đ Áp dụng mua Máy in                                                            4                                              Tặng Phiếu mua hàng Màn hình máy tính trị giá 300.000đ                                                            5                                              Phiếu mua hàng đồng hồ định vị trẻ em hãng Kidcare mệnh giá 100.000 VND                                                            6                                              Nhập mã VNPAY0126 giảm tối đa 100,000đ (áp dụng tùy giá trị đơn hàng) khi thanh toán qua VNPAY-QR  (Xem chi tiết tại đây);;https://www.thegioididong.com/laptop/macbook-air-13-inch-m4-16gb-256gb;Skipped
iPhone Air 1TB;Trắng Mây;No;44990000;36990000;2026-03-09;Khuyến mãi                      Giá và khuyến mãi dự kiến áp dụng đến 23:59 | 28/03                                                                         1                                              Tặng phiếu mua hàng Apple Watch trị giá 1,000,000đ                                                            2                                              Tặng phiếu mua hàng Macbook trị giá 1,000,000đ                                                            3                                              Phiếu mua hàng Airpods trị giá 800,000đ                                                            4                                              Tặng PMH Phụ kiện bảo vệ iPhone 17 (đơn trên 500.000đ, trừ hãng Apple/ Beats) trị giá 100.000đ                                                            5                                              Thu cũ đổi mới: Giảm đến 2,000,000đ (Không kèm ưu đãi thanh toán qua cổng, mua kèm)  Xem chi tiết                                                            6                                              Nhập mã VNPAY0126 giảm tối đa 100,000đ (áp dụng tùy giá trị đơn hàng) khi thanh toán qua VNPAY-QR  (Xem chi tiết tại đây);;https://www.thegioididong.com/dtdd/iphone-air;DEBUG_OOS_iPhone Air 1TB_Trắng Mây_081304.png
MacBook Air 13 inch M4 24GB/256GB;Vàng;No;31390000;29990000;2026-03-09;Khuyến mãi  trị giá 800.000₫                     Giá và khuyến mãi dự kiến áp dụng đến 23:00 | 31/03                                                                         1                                              Phiếu mua hàng Chuột, Bàn phím (Apple) trị giá 500,000đ                                                            2                                              Tặng Phiếu mua hàng Balo, Túi chống sốc (giá trị trên 1,000,000đ) trị giá 300,000đ                                                            3                                              Tặng Phiếu mua hàng trị giá 300.000đ Áp dụng mua Máy in                                                            4                                              Tặng Phiếu mua hàng Màn hình máy tính trị giá 300.000đ                                                            5                                              Phiếu mua hàng đồng hồ định vị trẻ em hãng Kidcare mệnh giá 100.000 VND                                                            6                                              Nhập mã VNPAY0126 giảm tối đa 100,000đ (áp dụng tùy giá trị đơn hàng) khi thanh toán qua VNPAY-QR  (Xem chi tiết tại đây);;https://www.thegioididong.com/laptop/macbook-air-13-inch-m4-24gb-256gb;DEBUG_OOS_MacBook Air 13 inch M4 24GB/256GB_Vàng_081304.png
MacBook Air 13 inch M4 16GB/256GB Sạc 70W;Xanh da trời nhạt;Yes;27090000;25690000;2026-03-09;Khuyến mãi  trị giá 800.000₫                     Giá và khuyến mãi dự kiến áp dụng đến 23:00 | 31/03                                                                         1                                              Phiếu mua hàng Chuột, Bàn phím (Apple) trị giá 500,000đ                                                            2                                              Tặng Phiếu mua hàng Balo, Túi chống sốc (giá trị trên 1,000,000đ) trị giá 300,000đ                                                            3                                              Tặng Phiếu mua hàng trị giá 300.000đ Áp dụng mua Máy in                                                            4                                              Tặng Phiếu mua hàng Màn hình máy tính trị giá 300.000đ                                                            5                                              Phiếu mua hàng đồng hồ định vị trẻ em hãng Kidcare mệnh giá 100.000 VND                                                            6                                              Nhập mã VNPAY0126 giảm tối đa 100,000đ (áp dụng tùy giá trị đơn hàng) khi thanh toán qua VNPAY-QR  (Xem chi tiết tại đây);;https://www.thegioididong.com/laptop/macbook-air-13-inch-m4-16gb-256gb-sac-70w;Skipped
iPhone 17 512GB;Xanh Lá Xô Thơm;Yes;490000;31490000;2026-03-09;;;https://www.thegioididong.com/dtdd/iphone-17;Skipped
iPhone Air 1TB;Đen Không Gian;No;44990000;36990000;2026-03-09;Khuyến mãi                      Giá và khuyến mãi dự kiến áp dụng đến 23:59 | 28/03                                                                         1                                              Tặng phiếu mua hàng Apple Watch trị giá 1,000,000đ                                                            2                                              Tặng phiếu mua hàng Macbook trị giá 1,000,000đ                                                            3                                              Phiếu mua hàng Airpods trị giá 800,000đ                                                            4                                              Tặng PMH Phụ kiện bảo vệ iPhone 17 (đơn trên 500.000đ, trừ hãng Apple/ Beats) trị giá 100.000đ                                                            5                                              Thu cũ đổi mới: Giảm đến 2,000,000đ (Không kèm ưu đãi thanh toán qua cổng, mua kèm)  Xem chi tiết                                                            6                                              Nhập mã VNPAY0126 giảm tối đa 100,000đ (áp dụng tùy giá trị đơn hàng) khi thanh toán qua VNPAY-QR  (Xem chi tiết tại đây);;https://www.thegioididong.com/dtdd/iphone-air;DEBUG_OOS_iPhone Air 1TB_Đen Không Gian_081308.png
MacBook Air 13 inch M4 16GB/256GB;Xanh đen;Yes;26490000;25190000;2026-03-09;Khuyến mãi  trị giá 800.000₫             Giá và khuyến mãi có thể kết thúc sớm hơn dự kiến                                                                         1                                              Phiếu mua hàng Chuột, Bàn phím (Apple) trị giá 500,000đ                                                            2                                              Tặng Phiếu mua hàng Balo, Túi chống sốc (giá trị trên 1,000,000đ) trị giá 300,000đ                                                            3                                              Tặng Phiếu mua hàng trị giá 300.000đ Áp dụng mua Máy in                                                            4                                              Tặng Phiếu mua hàng Màn hình máy tính trị giá 300.000đ                                                            5                                              Phiếu mua hàng đồng hồ định vị trẻ em hãng Kidcare mệnh giá 100.000 VND                                                            6                                              Nhập mã VNPAY0126 giảm tối đa 100,000đ (áp dụng tùy giá trị đơn hàng) khi thanh toán qua VNPAY-QR  (Xem chi tiết tại đây);;https://www.thegioididong.com/laptop/macbook-air-13-inch-m4-16gb-256gb;Skipped
MacBook Air 13 inch M4 24GB/256GB;Bạc;No;31390000;29990000;2026-03-09;Khuyến mãi  trị giá 800.000₫                     Giá và khuyến mãi dự kiến áp dụng đến 23:00 | 31/03                                                                         1                                              Phiếu mua hàng Chuột, Bàn phím (Apple) trị giá 500,000đ                                                            2                                              Tặng Phiếu mua hàng Balo, Túi chống sốc (giá trị trên 1,000,000đ) trị giá 300,000đ                                                            3                                              Tặng Phiếu mua hàng trị giá 300.000đ Áp dụng mua Máy in                                                            4                                              Tặng Phiếu mua hàng Màn hình máy tính trị giá 300.000đ                                                            5                                              Phiếu mua hàng đồng hồ định vị trẻ em hãng Kidcare mệnh giá 100.000 VND                                                            6                                              Nhập mã VNPAY0126 giảm tối đa 100,000đ (áp dụng tùy giá trị đơn hàng) khi thanh toán qua VNPAY-QR  (Xem chi tiết tại đây);;https://www.thegioididong.com/laptop/macbook-air-13-inch-m4-24gb-256gb;DEBUG_OOS_MacBook Air 13 inch M4 24GB/256GB_Bạc_081309.png
MacBook Air 13 inch M4 16GB/256GB Sạc 70W;Xanh đen;Yes;27090000;25690000;2026-03-09;Khuyến mãi  trị giá 800.000₫                     Giá và khuyến mãi dự kiến áp dụng đến 23:00 | 31/03                                                                         1                                              Phiếu mua hàng Chuột, Bàn phím (Apple) trị giá 500,000đ                                                            2                                              Tặng Phiếu mua hàng Balo, Túi chống sốc (giá trị trên 1,000,000đ) trị giá 300,000đ                                                            3                                              Tặng Phiếu mua hàng trị giá 300.000đ Áp dụng mua Máy in                                                            4                                              Tặng Phiếu mua hàng Màn hình máy tính trị giá 300.000đ                                                            5                                              Phiếu mua hàng đồng hồ định vị trẻ em hãng Kidcare mệnh giá 100.000 VND                                                            6                                              Nhập mã VNPAY0126 giảm tối đa 100,000đ (áp dụng tùy giá trị đơn hàng) khi thanh toán qua VNPAY-QR  (Xem chi tiết tại đây);;https://www.thegioididong.com/laptop/macbook-air-13-inch-m4-16gb-256gb-sac-70w;Skipped
iPhone 17 512GB;Trắng;Yes;490000;31490000;2026-03-09;;;https://www.thegioididong.com/dtdd/iphone-17;Skipped
MacBook Air 13 inch M4 24GB/256GB;Xanh da trời nhạt;No;31390000;29990000;2026-03-09;Khuyến mãi  trị giá 800.000₫                     Giá và khuyến mãi dự kiến áp dụng đến 23:00 | 31/03                                                                         1                                              Phiếu mua hàng Chuột, Bàn phím (Apple) trị giá 500,000đ                                                            2                                              Tặng Phiếu mua hàng Balo, Túi chống sốc (giá trị trên 1,000,000đ) trị giá 300,000đ                                                            3                                              Tặng Phiếu mua hàng trị giá 300.000đ Áp dụng mua Máy in                                                            4                                              Tặng Phiếu mua hàng Màn hình máy tính trị giá 300.000đ                                                            5                                              Phiếu mua hàng đồng hồ định vị trẻ em hãng Kidcare mệnh giá 100.000 VND                                                            6                                              Nhập mã VNPAY0126 giảm tối đa 100,000đ (áp dụng tùy giá trị đơn hàng) khi thanh toán qua VNPAY-QR  (Xem chi tiết tại đây);;https://www.thegioididong.com/laptop/macbook-air-13-inch-m4-24gb-256gb;DEBUG_OOS_MacBook Air 13 inch M4 24GB/256GB_Xanh da trời nhạt_081315.png
MacBook Air 13 inch M4 16GB/256GB;Vàng;Yes;26490000;25290000;2026-03-09;Khuyến mãi  trị giá 800.000₫                     Giá và khuyến mãi dự kiến áp dụng đến 23:00 | 31/03                                                                         1                                              Phiếu mua hàng Chuột, Bàn phím (Apple) trị giá 500,000đ                                                            2                                              Tặng Phiếu mua hàng Balo, Túi chống sốc (giá trị trên 1,000,000đ) trị giá 300,000đ                                                            3                                              Tặng Phiếu mua hàng trị giá 300.000đ Áp dụng mua Máy in                                                            4                                              Tặng Phiếu mua hàng Màn hình máy tính trị giá 300.000đ                                                            5                                              Phiếu mua hàng đồng hồ định vị trẻ em hãng Kidcare mệnh giá 100.000 VND                                                            6                                              Nhập mã VNPAY0126 giảm tối đa 100,000đ (áp dụng tùy giá trị đơn hàng) khi thanh toán qua VNPAY-QR  (Xem chi tiết tại đây);;https://www.thegioididong.com/laptop/macbook-air-13-inch-m4-16gb-256gb;Skipped
iPhone Air 1TB;Xanh da trời;Yes;44990000;36990000;2026-03-09;Khuyến mãi                      Giá và khuyến mãi dự kiến áp dụng đến 23:59 | 28/03                                                                         1                                              Tặng phiếu mua hàng Apple Watch trị giá 1,000,000đ                                                            2                                              Tặng phiếu mua hàng Macbook trị giá 1,000,000đ                                                            3                                              Phiếu mua hàng Airpods trị giá 800,000đ                                                            4                                              Tặng PMH Phụ kiện bảo vệ iPhone 17 (đơn trên 500.000đ, trừ hãng Apple/ Beats) trị giá 100.000đ                                                            5                                              Thu cũ đổi mới: Giảm đến 2,000,000đ (Không kèm ưu đãi thanh toán qua cổng, mua kèm)  Xem chi tiết                                                            6                                              Nhập mã VNPAY0126 giảm tối đa 100,000đ (áp dụng tùy giá trị đơn hàng) khi thanh toán qua VNPAY-QR  (Xem chi tiết tại đây);;https://www.thegioididong.com/dtdd/iphone-air;Skipped
MacBook Air 13 inch M4 16GB/256GB Sạc 70W;Vàng;Yes;27090000;25690000;2026-03-09;Khuyến mãi  trị giá 800.000₫                     Giá và khuyến mãi dự kiến áp dụng đến 23:00 | 31/03                                                                         1                                              Phiếu mua hàng Chuột, Bàn phím (Apple) trị giá 500,000đ                                                            2                                              Tặng Phiếu mua hàng Balo, Túi chống sốc (giá trị trên 1,000,000đ) trị giá 300,000đ                                                            3                                              Tặng Phiếu mua hàng trị giá 300.000đ Áp dụng mua Máy in                                                            4                                              Tặng Phiếu mua hàng Màn hình máy tính trị giá 300.000đ                                                            5                                              Phiếu mua hàng đồng hồ định vị trẻ em hãng Kidcare mệnh giá 100.000 VND                                                            6                                              Nhập mã VNPAY0126 giảm tối đa 100,000đ (áp dụng tùy giá trị đơn hàng) khi thanh toán qua VNPAY-QR  (Xem chi tiết tại đây);;https://www.thegioididong.com/laptop/macbook-air-13-inch-m4-16gb-256gb-sac-70w;Skipped
MacBook Air 13 inch M4 24GB/256GB;Xanh đen;No;31390000;29990000;2026-03-09;Khuyến mãi  trị giá 800.000₫                     Giá và khuyến mãi dự kiến áp dụng đến 23:00 | 31/03                                                                         1                                              Phiếu mua hàng Chuột, Bàn phím (Apple) trị giá 500,000đ                                                            2                                              Tặng Phiếu mua hàng Balo, Túi chống sốc (giá trị trên 1,000,000đ) trị giá 300,000đ                                                            3                                              Tặng Phiếu mua hàng trị giá 300.000đ Áp dụng mua Máy in                                                            4                                              Tặng Phiếu mua hàng Màn hình máy tính trị giá 300.000đ                                                            5                                              Phiếu mua hàng đồng hồ định vị trẻ em hãng Kidcare mệnh giá 100.000 VND                                                            6                                              Nhập mã VNPAY0126 giảm tối đa 100,000đ (áp dụng tùy giá trị đơn hàng) khi thanh toán qua VNPAY-QR  (Xem chi tiết tại đây);;https://www.thegioididong.com/laptop/macbook-air-13-inch-m4-24gb-256gb;DEBUG_OOS_MacBook Air 13 inch M4 24GB/256GB_Xanh đen_081319.png
iPhone 17 512GB;Đen;Yes;490000;31490000;2026-03-09;;;https://www.thegioididong.com/dtdd/iphone-17;Skipped
MacBook Air 13 inch M4 16GB/256GB;Xanh da trời nhạt;Yes;26490000;25290000;2026-03-09;Khuyến mãi  trị giá 800.000₫                     Giá và khuyến mãi dự kiến áp dụng đến 23:00 | 31/03                                                                         1                                              Phiếu mua hàng Chuột, Bàn phím (Apple) trị giá 500,000đ                                                            2                                              Tặng Phiếu mua hàng Balo, Túi chống sốc (giá trị trên 1,000,000đ) trị giá 300,000đ                                                            3                                              Tặng Phiếu mua hàng trị giá 300.000đ Áp dụng mua Máy in                                                            4                                              Tặng Phiếu mua hàng Màn hình máy tính trị giá 300.000đ                                                            5                                              Phiếu mua hàng đồng hồ định vị trẻ em hãng Kidcare mệnh giá 100.000 VND                                                            6                                              Nhập mã VNPAY0126 giảm tối đa 100,000đ (áp dụng tùy giá trị đơn hàng) khi thanh toán qua VNPAY-QR  (Xem chi tiết tại đây);;https://www.thegioididong.com/laptop/macbook-air-13-inch-m4-16gb-256gb;Skipped
MacBook Air 13 inch M4 24GB/256GB;Vàng;No;31390000;29990000;2026-03-09;Khuyến mãi  trị giá 800.000₫                     Giá và khuyến mãi dự kiến áp dụng đến 23:00 | 31/03                                                                         1                                              Phiếu mua hàng Chuột, Bàn phím (Apple) trị giá 500,000đ                                                            2                                              Tặng Phiếu mua hàng Balo, Túi chống sốc (giá trị trên 1,000,000đ) trị giá 300,000đ                                                            3                                              Tặng Phiếu mua hàng trị giá 300.000đ Áp dụng mua Máy in                                                            4                                              Tặng Phiếu mua hàng Màn hình máy tính trị giá 300.000đ                                                            5                                              Phiếu mua hàng đồng hồ định vị trẻ em hãng Kidcare mệnh giá 100.000 VND                                                            6                                              Nhập mã VNPAY0126 giảm tối đa 100,000đ (áp dụng tùy giá trị đơn hàng) khi thanh toán qua VNPAY-QR  (Xem chi tiết tại đây);;https://www.thegioididong.com/laptop/macbook-air-13-inch-m4-24gb-256gb;DEBUG_OOS_MacBook Air 13 inch M4 24GB/256GB_Vàng_081322.png
iPhone Air 1TB;Vàng Nhạt;Yes;44990000;36990000;2026-03-09;Khuyến mãi                      Giá và khuyến mãi dự kiến áp dụng đến 23:59 | 28/03                                                                         1                                              Tặng phiếu mua hàng Apple Watch trị giá 1,000,000đ                                                            2                                              Tặng phiếu mua hàng Macbook trị giá 1,000,000đ                                                            3                                              Phiếu mua hàng Airpods trị giá 800,000đ                                                            4                                              Tặng PMH Phụ kiện bảo vệ iPhone 17 (đơn trên 500.000đ, trừ hãng Apple/ Beats) trị giá 100.000đ                                                            5                                              Thu cũ đổi mới: Giảm đến 2,000,000đ (Không kèm ưu đãi thanh toán qua cổng, mua kèm)  Xem chi tiết                                                            6                                              Nhập mã VNPAY0126 giảm tối đa 100,000đ (áp dụng tùy giá trị đơn hàng) khi thanh toán qua VNPAY-QR  (Xem chi tiết tại đây);;https://www.thegioididong.com/dtdd/iphone-air;Skipped
MacBook Air 13 inch M4 16GB/256GB Sạc 70W;Bạc;Yes;27090000;25690000;2026-03-09;Khuyến mãi  trị giá 800.000₫                     Giá và khuyến mãi dự kiến áp dụng đến 23:00 | 31/03                                                                         1                                              Phiếu mua hàng Chuột, Bàn phím (Apple) trị giá 500,000đ                                                            2                                              Tặng Phiếu mua hàng Balo, Túi chống sốc (giá trị trên 1,000,000đ) trị giá 300,000đ                                                            3                                              Tặng Phiếu mua hàng trị giá 300.000đ Áp dụng mua Máy in                                                            4                                              Tặng Phiếu mua hàng Màn hình máy tính trị giá 300.000đ                                                            5                                              Phiếu mua hàng đồng hồ định vị trẻ em hãng Kidcare mệnh giá 100.000 VND                                                            6                                              Nhập mã VNPAY0126 giảm tối đa 100,000đ (áp dụng tùy giá trị đơn hàng) khi thanh toán qua VNPAY-QR  (Xem chi tiết tại đây);;https://www.thegioididong.com/laptop/macbook-air-13-inch-m4-16gb-256gb-sac-70w;Skipped
MacBook Air 13 inch M4 24GB/256GB;Bạc;No;31390000;29990000;2026-03-09;Khuyến mãi  trị giá 800.000₫                     Giá và khuyến mãi dự kiến áp dụng đến 23:00 | 31/03                                                                         1                                              Phiếu mua hàng Chuột, Bàn phím (Apple) trị giá 500,000đ                                                            2                                              Tặng Phiếu mua hàng Balo, Túi chống sốc (giá trị trên 1,000,000đ) trị giá 300,000đ                                                            3                                              Tặng Phiếu mua hàng trị giá 300.000đ Áp dụng mua Máy in                                                            4                                              Tặng Phiếu mua hàng Màn hình máy tính trị giá 300.000đ                                                            5                                              Phiếu mua hàng đồng hồ định vị trẻ em hãng Kidcare mệnh giá 100.000 VND                                                            6                                              Nhập mã VNPAY0126 giảm tối đa 100,000đ (áp dụng tùy giá trị đơn hàng) khi thanh toán qua VNPAY-QR  (Xem chi tiết tại đây);;https://www.thegioididong.com/laptop/macbook-air-13-inch-m4-24gb-256gb;DEBUG_OOS_MacBook Air 13 inch M4 24GB/256GB_Bạc_081328.png
MacBook Air 13 inch M4 16GB/256GB;Bạc;Yes;26490000;25290000;2026-03-09;Khuyến mãi  trị giá 800.000₫                     Giá và khuyến mãi dự kiến áp dụng đến 23:00 | 31/03                                                                         1                                              Phiếu mua hàng Chuột, Bàn phím (Apple) trị giá 500,000đ                                                            2                                              Tặng Phiếu mua hàng Balo, Túi chống sốc (giá trị trên 1,000,000đ) trị giá 300,000đ                                                            3                                              Tặng Phiếu mua hàng trị giá 300.000đ Áp dụng mua Máy in                                                            4                                              Tặng Phiếu mua hàng Màn hình máy tính trị giá 300.000đ                                                            5                                              Phiếu mua hàng đồng hồ định vị trẻ em hãng Kidcare mệnh giá 100.000 VND                                                            6                                              Nhập mã VNPAY0126 giảm tối đa 100,000đ (áp dụng tùy giá trị đơn hàng) khi thanh toán qua VNPAY-QR  (Xem chi tiết tại đây);;https://www.thegioididong.com/laptop/macbook-air-13-inch-m4-16gb-256gb;Skipped
iPhone Air 1TB;Trắng Mây;No;44990000;36990000;2026-03-09;Khuyến mãi                      Giá và khuyến mãi dự kiến áp dụng đến 23:59 | 28/03                                                                         1                                              Tặng phiếu mua hàng Apple Watch trị giá 1,000,000đ                                                            2                                              Tặng phiếu mua hàng Macbook trị giá 1,000,000đ                                                            3                                              Phiếu mua hàng Airpods trị giá 800,000đ                                                            4                                              Tặng PMH Phụ kiện bảo vệ iPhone 17 (đơn trên 500.000đ, trừ hãng Apple/ Beats) trị giá 100.000đ                                                            5                                              Thu cũ đổi mới: Giảm đến 2,000,000đ (Không kèm ưu đãi thanh toán qua cổng, mua kèm)  Xem chi tiết                                                            6                                              Nhập mã VNPAY0126 giảm tối đa 100,000đ (áp dụng tùy giá trị đơn hàng) khi thanh toán qua VNPAY-QR  (Xem chi tiết tại đây);;https://www.thegioididong.com/dtdd/iphone-air;DEBUG_OOS_iPhone Air 1TB_Trắng Mây_081329.png
iPhone 17 512GB;Tím Oải Hương;Yes;490000;31490000;2026-03-09;;;https://www.thegioididong.com/dtdd/iphone-17;Skipped
iPhone Air 1TB;Đen Không Gian;No;44990000;36990000;2026-03-09;Khuyến mãi                      Giá và khuyến mãi dự kiến áp dụng đến 23:59 | 28/03                                                                         1                                              Tặng phiếu mua hàng Apple Watch trị giá 1,000,000đ                                                            2                                              Tặng phiếu mua hàng Macbook trị giá 1,000,000đ                                                            3                                              Phiếu mua hàng Airpods trị giá 800,000đ                                                            4                                              Tặng PMH Phụ kiện bảo vệ iPhone 17 (đơn trên 500.000đ, trừ hãng Apple/ Beats) trị giá 100.000đ                                                            5                                              Thu cũ đổi mới: Giảm đến 2,000,000đ (Không kèm ưu đãi thanh toán qua cổng, mua kèm)  Xem chi tiết                                                            6                                              Nhập mã VNPAY0126 giảm tối đa 100,000đ (áp dụng tùy giá trị đơn hàng) khi thanh toán qua VNPAY-QR  (Xem chi tiết tại đây);;https://www.thegioididong.com/dtdd/iphone-air;DEBUG_OOS_iPhone Air 1TB_Đen Không Gian_081334.png
MacBook Air 13 inch M4 24GB/256GB;Xanh da trời nhạt;No;31390000;29990000;2026-03-09;Khuyến mãi  trị giá 800.000₫                     Giá và khuyến mãi dự kiến áp dụng đến 23:00 | 31/03                                                                         1                                              Phiếu mua hàng Chuột, Bàn phím (Apple) trị giá 500,000đ                                                            2                                              Tặng Phiếu mua hàng Balo, Túi chống sốc (giá trị trên 1,000,000đ) trị giá 300,000đ                                                            3                                              Tặng Phiếu mua hàng trị giá 300.000đ Áp dụng mua Máy in                                                            4                                              Tặng Phiếu mua hàng Màn hình máy tính trị giá 300.000đ                                                            5                                              Phiếu mua hàng đồng hồ định vị trẻ em hãng Kidcare mệnh giá 100.000 VND                                                            6                                              Nhập mã VNPAY0126 giảm tối đa 100,000đ (áp dụng tùy giá trị đơn hàng) khi thanh toán qua VNPAY-QR  (Xem chi tiết tại đây);;https://www.thegioididong.com/laptop/macbook-air-13-inch-m4-24gb-256gb;DEBUG_OOS_MacBook Air 13 inch M4 24GB/256GB_Xanh da trời nhạt_081335.png
MacBook Air 13 inch M4 16GB/256GB Sạc 70W;Xanh da trời nhạt;Yes;27090000;25690000;2026-03-09;Khuyến mãi  trị giá 800.000₫                     Giá và khuyến mãi dự kiến áp dụng đến 23:00 | 31/03                                                                         1                                              Phiếu mua hàng Chuột, Bàn phím (Apple) trị giá 500,000đ                                                            2                                              Tặng Phiếu mua hàng Balo, Túi chống sốc (giá trị trên 1,000,000đ) trị giá 300,000đ                                                            3                                              Tặng Phiếu mua hàng trị giá 300.000đ Áp dụng mua Máy in                                                            4                                              Tặng Phiếu mua hàng Màn hình máy tính trị giá 300.000đ                                                            5                                              Phiếu mua hàng đồng hồ định vị trẻ em hãng Kidcare mệnh giá 100.000 VND                                                            6                                              Nhập mã VNPAY0126 giảm tối đa 100,000đ (áp dụng tùy giá trị đơn hàng) khi thanh toán qua VNPAY-QR  (Xem chi tiết tại đây);;https://www.thegioididong.com/laptop/macbook-air-13-inch-m4-16gb-256gb-sac-70w;Skipped
MacBook Air 13 inch M4 16GB/256GB;Xanh đen;Yes;26490000;25190000;2026-03-09;Khuyến mãi  trị giá 800.000₫             Giá và khuyến mãi có thể kết thúc sớm hơn dự kiến                                                                         1                                              Phiếu mua hàng Chuột, Bàn phím (Apple) trị giá 500,000đ                                                            2                                              Tặng Phiếu mua hàng Balo, Túi chống sốc (giá trị trên 1,000,000đ) trị giá 300,000đ                                                            3                                              Tặng Phiếu mua hàng trị giá 300.000đ Áp dụng mua Máy in                                                            4                                              Tặng Phiếu mua hàng Màn hình máy tính trị giá 300.000đ                                                            5                                              Phiếu mua hàng đồng hồ định vị trẻ em hãng Kidcare mệnh giá 100.000 VND                                                            6                                              Nhập mã VNPAY0126 giảm tối đa 100,000đ (áp dụng tùy giá trị đơn hàng) khi thanh toán qua VNPAY-QR  (Xem chi tiết tại đây);;https://www.thegioididong.com/laptop/macbook-air-13-inch-m4-16gb-256gb;Skipped
iPhone 17 512GB;Xanh Lam Khói;Yes;490000;31490000;2026-03-09;;;https://www.thegioididong.com/dtdd/iphone-17;Skipped
MacBook Air 13 inch M4 24GB/256GB;Xanh đen;No;31390000;29990000;2026-03-09;Khuyến mãi  trị giá 800.000₫                     Giá và khuyến mãi dự kiến áp dụng đến 23:00 | 31/03                                                                         1                                              Phiếu mua hàng Chuột, Bàn phím (Apple) trị giá 500,000đ                                                            2                                              Tặng Phiếu mua hàng Balo, Túi chống sốc (giá trị trên 1,000,000đ) trị giá 300,000đ                                                            3                                              Tặng Phiếu mua hàng trị giá 300.000đ Áp dụng mua Máy in                                                            4                                              Tặng Phiếu mua hàng Màn hình máy tính trị giá 300.000đ                                                            5                                              Phiếu mua hàng đồng hồ định vị trẻ em hãng Kidcare mệnh giá 100.000 VND                                                            6                                              Nhập mã VNPAY0126 giảm tối đa 100,000đ (áp dụng tùy giá trị đơn hàng) khi thanh toán qua VNPAY-QR  (Xem chi tiết tại đây);;https://www.thegioididong.com/laptop/macbook-air-13-inch-m4-24gb-256gb;DEBUG_OOS_MacBook Air 13 inch M4 24GB/256GB_Xanh đen_081338.png
MacBook Air 13 inch M4 16GB/256GB Sạc 70W;Xanh đen;Yes;27090000;25690000;2026-03-09;Khuyến mãi  trị giá 800.000₫                     Giá và khuyến mãi dự kiến áp dụng đến 23:00 | 31/03                                                                         1                                              Phiếu mua hàng Chuột, Bàn phím (Apple) trị giá 500,000đ                                                            2                                              Tặng Phiếu mua hàng Balo, Túi chống sốc (giá trị trên 1,000,000đ) trị giá 300,000đ                                                            3                                              Tặng Phiếu mua hàng trị giá 300.000đ Áp dụng mua Máy in                                                            4                                              Tặng Phiếu mua hàng Màn hình máy tính trị giá 300.000đ                                                            5                                              Phiếu mua hàng đồng hồ định vị trẻ em hãng Kidcare mệnh giá 100.000 VND                                                            6                                              Nhập mã VNPAY0126 giảm tối đa 100,000đ (áp dụng tùy giá trị đơn hàng) khi thanh toán qua VNPAY-QR  (Xem chi tiết tại đây);;https://www.thegioididong.com/laptop/macbook-air-13-inch-m4-16gb-256gb-sac-70w;Skipped
MacBook Air 13 inch M4 24GB/256GB;Vàng;No;31390000;29990000;2026-03-09;Khuyến mãi  trị giá 800.000₫                     Giá và khuyến mãi dự kiến áp dụng đến 23:00 | 31/03                                                                         1                                              Phiếu mua hàng Chuột, Bàn phím (Apple) trị giá 500,000đ                                                            2                                              Tặng Phiếu mua hàng Balo, Túi chống sốc (giá trị trên 1,000,000đ) trị giá 300,000đ                                                            3                                              Tặng Phiếu mua hàng trị giá 300.000đ Áp dụng mua Máy in                                                            4                                              Tặng Phiếu mua hàng Màn hình máy tính trị giá 300.000đ                                                            5                                              Phiếu mua hàng đồng hồ định vị trẻ em hãng Kidcare mệnh giá 100.000 VND                                                            6                                              Nhập mã VNPAY0126 giảm tối đa 100,000đ (áp dụng tùy giá trị đơn hàng) khi thanh toán qua VNPAY-QR  (Xem chi tiết tại đây);;https://www.thegioididong.com/laptop/macbook-air-13-inch-m4-24gb-256gb;DEBUG_OOS_MacBook Air 13 inch M4 24GB/256GB_Vàng_081342.png
MacBook Air 13 inch M4 16GB/256GB;Vàng;Yes;26490000;25290000;2026-03-09;Khuyến mãi  trị giá 800.000₫                     Giá và khuyến mãi dự kiến áp dụng đến 23:00 | 31/03                                                                         1                                              Phiếu mua hàng Chuột, Bàn phím (Apple) trị giá 500,000đ                                                            2                                              Tặng Phiếu mua hàng Balo, Túi chống sốc (giá trị trên 1,000,000đ) trị giá 300,000đ                                                            3                                              Tặng Phiếu mua hàng trị giá 300.000đ Áp dụng mua Máy in                                                            4                                              Tặng Phiếu mua hàng Màn hình máy tính trị giá 300.000đ                                                            5                                              Phiếu mua hàng đồng hồ định vị trẻ em hãng Kidcare mệnh giá 100.000 VND                                                            6                                              Nhập mã VNPAY0126 giảm tối đa 100,000đ (áp dụng tùy giá trị đơn hàng) khi thanh toán qua VNPAY-QR  (Xem chi tiết tại đây);;https://www.thegioididong.com/laptop/macbook-air-13-inch-m4-16gb-256gb;Skipped
iPhone Air 1TB;Xanh da trời;Yes;44990000;36990000;2026-03-09;Khuyến mãi                      Giá và khuyến mãi dự kiến áp dụng đến 23:59 | 28/03                                                                         1                                              Tặng phiếu mua hàng Apple Watch trị giá 1,000,000đ                                                            2                                              Tặng phiếu mua hàng Macbook trị giá 1,000,000đ                                                            3                                              Phiếu mua hàng Airpods trị giá 800,000đ                                                            4                                              Tặng PMH Phụ kiện bảo vệ iPhone 17 (đơn trên 500.000đ, trừ hãng Apple/ Beats) trị giá 100.000đ                                                            5                                              Thu cũ đổi mới: Giảm đến 2,000,000đ (Không kèm ưu đãi thanh toán qua cổng, mua kèm)  Xem chi tiết                                                            6                                              Nhập mã VNPAY0126 giảm tối đa 100,000đ (áp dụng tùy giá trị đơn hàng) khi thanh toán qua VNPAY-QR  (Xem chi tiết tại đây);;https://www.thegioididong.com/dtdd/iphone-air;Skipped
iPhone 17 512GB;Xanh Lá Xô Thơm;Yes;490000;31490000;2026-03-09;;;https://www.thegioididong.com/dtdd/iphone-17;Skipped
MacBook Air 13 inch M4 24GB/256GB;Bạc;No;31390000;29990000;2026-03-09;Khuyến mãi  trị giá 800.000₫                     Giá và khuyến mãi dự kiến áp dụng đến 23:00 | 31/03                                                                         1                                              Phiếu mua hàng Chuột, Bàn phím (Apple) trị giá 500,000đ                                                            2                                              Tặng Phiếu mua hàng Balo, Túi chống sốc (giá trị trên 1,000,000đ) trị giá 300,000đ                                                            3                                              Tặng Phiếu mua hàng trị giá 300.000đ Áp dụng mua Máy in                                                            4                                              Tặng Phiếu mua hàng Màn hình máy tính trị giá 300.000đ                                                            5                                              Phiếu mua hàng đồng hồ định vị trẻ em hãng Kidcare mệnh giá 100.000 VND                                                            6                                              Nhập mã VNPAY0126 giảm tối đa 100,000đ (áp dụng tùy giá trị đơn hàng) khi thanh toán qua VNPAY-QR  (Xem chi tiết tại đây);;https://www.thegioididong.com/laptop/macbook-air-13-inch-m4-24gb-256gb;DEBUG_OOS_MacBook Air 13 inch M4 24GB/256GB_Bạc_081346.png
MacBook Air 13 inch M4 16GB/256GB Sạc 70W;Vàng;Yes;27090000;25690000;2026-03-09;Khuyến mãi  trị giá 800.000₫                     Giá và khuyến mãi dự kiến áp dụng đến 23:00 | 31/03                                                                         1                                              Phiếu mua hàng Chuột, Bàn phím (Apple) trị giá 500,000đ                                                            2                                              Tặng Phiếu mua hàng Balo, Túi chống sốc (giá trị trên 1,000,000đ) trị giá 300,000đ                                                            3                                              Tặng Phiếu mua hàng trị giá 300.000đ Áp dụng mua Máy in                                                            4                                              Tặng Phiếu mua hàng Màn hình máy tính trị giá 300.000đ                                                            5                                              Phiếu mua hàng đồng hồ định vị trẻ em hãng Kidcare mệnh giá 100.000 VND                                                            6                                              Nhập mã VNPAY0126 giảm tối đa 100,000đ (áp dụng tùy giá trị đơn hàng) khi thanh toán qua VNPAY-QR  (Xem chi tiết tại đây);;https://www.thegioididong.com/laptop/macbook-air-13-inch-m4-16gb-256gb-sac-70w;Skipped
MacBook Air 13 inch M4 16GB/256GB;Xanh da trời nhạt;Yes;26490000;25290000;2026-03-09;Khuyến mãi  trị giá 800.000₫                     Giá và khuyến mãi dự kiến áp dụng đến 23:00 | 31/03                                                                         1                                              Phiếu mua hàng Chuột, Bàn phím (Apple) trị giá 500,000đ                                                            2                                              Tặng Phiếu mua hàng Balo, Túi chống sốc (giá trị trên 1,000,000đ) trị giá 300,000đ                                                            3                                              Tặng Phiếu mua hàng trị giá 300.000đ Áp dụng mua Máy in                                                            4                                              Tặng Phiếu mua hàng Màn hình máy tính trị giá 300.000đ                                                            5                                              Phiếu mua hàng đồng hồ định vị trẻ em hãng Kidcare mệnh giá 100.000 VND                                                            6                                              Nhập mã VNPAY0126 giảm tối đa 100,000đ (áp dụng tùy giá trị đơn hàng) khi thanh toán qua VNPAY-QR  (Xem chi tiết tại đây);;https://www.thegioididong.com/laptop/macbook-air-13-inch-m4-16gb-256gb;Skipped
iPhone Air 1TB;Vàng Nhạt;Yes;44990000;36990000;2026-03-09;Khuyến mãi                      Giá và khuyến mãi dự kiến áp dụng đến 23:59 | 28/03                                                                         1                                              Tặng phiếu mua hàng Apple Watch trị giá 1,000,000đ                                                            2                                              Tặng phiếu mua hàng Macbook trị giá 1,000,000đ                                                            3                                              Phiếu mua hàng Airpods trị giá 800,000đ                                                            4                                              Tặng PMH Phụ kiện bảo vệ iPhone 17 (đơn trên 500.000đ, trừ hãng Apple/ Beats) trị giá 100.000đ                                                            5                                              Thu cũ đổi mới: Giảm đến 2,000,000đ (Không kèm ưu đãi thanh toán qua cổng, mua kèm)  Xem chi tiết                                                            6                                              Nhập mã VNPAY0126 giảm tối đa 100,000đ (áp dụng tùy giá trị đơn hàng) khi thanh toán qua VNPAY-QR  (Xem chi tiết tại đây);;https://www.thegioididong.com/dtdd/iphone-air;Skipped
iPhone 17 512GB;Trắng;Yes;490000;31490000;2026-03-09;;;https://www.thegioididong.com/dtdd/iphone-17;Skipped
MacBook Air 13 inch M4 24GB/256GB;Xanh da trời nhạt;No;31390000;29990000;2026-03-09;Khuyến mãi  trị giá 800.000₫                     Giá và khuyến mãi dự kiến áp dụng đến 23:00 | 31/03                                                                         1                                              Phiếu mua hàng Chuột, Bàn phím (Apple) trị giá 500,000đ                                                            2                                              Tặng Phiếu mua hàng Balo, Túi chống sốc (giá trị trên 1,000,000đ) trị giá 300,000đ                                                            3                                              Tặng Phiếu mua hàng trị giá 300.000đ Áp dụng mua Máy in                                                            4                                              Tặng Phiếu mua hàng Màn hình máy tính trị giá 300.000đ                                                            5                                              Phiếu mua hàng đồng hồ định vị trẻ em hãng Kidcare mệnh giá 100.000 VND                                                            6                                              Nhập mã VNPAY0126 giảm tối đa 100,000đ (áp dụng tùy giá trị đơn hàng) khi thanh toán qua VNPAY-QR  (Xem chi tiết tại đây);;https://www.thegioididong.com/laptop/macbook-air-13-inch-m4-24gb-256gb;DEBUG_OOS_MacBook Air 13 inch M4 24GB/256GB_Xanh da trời nhạt_081351.png
iPhone Air 1TB;Trắng Mây;No;44990000;36990000;2026-03-09;Khuyến mãi                      Giá và khuyến mãi dự kiến áp dụng đến 23:59 | 28/03                                                                         1                                              Tặng phiếu mua hàng Apple Watch trị giá 1,000,000đ                                                            2                                              Tặng phiếu mua hàng Macbook trị giá 1,000,000đ                                                            3                                              Phiếu mua hàng Airpods trị giá 800,000đ                                                            4                                              Tặng PMH Phụ kiện bảo vệ iPhone 17 (đơn trên 500.000đ, trừ hãng Apple/ Beats) trị giá 100.000đ                                                            5                                              Thu cũ đổi mới: Giảm đến 2,000,000đ (Không kèm ưu đãi thanh toán qua cổng, mua kèm)  Xem chi tiết                                                            6                                              Nhập mã VNPAY0126 giảm tối đa 100,000đ (áp dụng tùy giá trị đơn hàng) khi thanh toán qua VNPAY-QR  (Xem chi tiết tại đây);;https://www.thegioididong.com/dtdd/iphone-air;DEBUG_OOS_iPhone Air 1TB_Trắng Mây_081353.png
MacBook Air 13 inch M4 16GB/256GB Sạc 70W;Bạc;Yes;27090000;25690000;2026-03-09;Khuyến mãi  trị giá 800.000₫                     Giá và khuyến mãi dự kiến áp dụng đến 23:00 | 31/03                                                                         1                                              Phiếu mua hàng Chuột, Bàn phím (Apple) trị giá 500,000đ                                                            2                                              Tặng Phiếu mua hàng Balo, Túi chống sốc (giá trị trên 1,000,000đ) trị giá 300,000đ                                                            3                                              Tặng Phiếu mua hàng trị giá 300.000đ Áp dụng mua Máy in                                                            4                                              Tặng Phiếu mua hàng Màn hình máy tính trị giá 300.000đ                                                            5                                              Phiếu mua hàng đồng hồ định vị trẻ em hãng Kidcare mệnh giá 100.000 VND                                                            6                                              Nhập mã VNPAY0126 giảm tối đa 100,000đ (áp dụng tùy giá trị đơn hàng) khi thanh toán qua VNPAY-QR  (Xem chi tiết tại đây);;https://www.thegioididong.com/laptop/macbook-air-13-inch-m4-16gb-256gb-sac-70w;Skipped
MacBook Air 13 inch M4 24GB/256GB;Xanh đen;No;31390000;29990000;2026-03-09;Khuyến mãi  trị giá 800.000₫                     Giá và khuyến mãi dự kiến áp dụng đến 23:00 | 31/03                                                                         1                                              Phiếu mua hàng Chuột, Bàn phím (Apple) trị giá 500,000đ                                                            2                                              Tặng Phiếu mua hàng Balo, Túi chống sốc (giá trị trên 1,000,000đ) trị giá 300,000đ                                                            3                                              Tặng Phiếu mua hàng trị giá 300.000đ Áp dụng mua Máy in                                                            4                                              Tặng Phiếu mua hàng Màn hình máy tính trị giá 300.000đ                                                            5                                              Phiếu mua hàng đồng hồ định vị trẻ em hãng Kidcare mệnh giá 100.000 VND                                                            6                                              Nhập mã VNPAY0126 giảm tối đa 100,000đ (áp dụng tùy giá trị đơn hàng) khi thanh toán qua VNPAY-QR  (Xem chi tiết tại đây);;https://www.thegioididong.com/laptop/macbook-air-13-inch-m4-24gb-256gb;DEBUG_OOS_MacBook Air 13 inch M4 24GB/256GB_Xanh đen_081355.png
MacBook Air 13 inch M4 16GB/256GB;Bạc;Yes;26490000;25290000;2026-03-09;Khuyến mãi  trị giá 800.000₫                     Giá và khuyến mãi dự kiến áp dụng đến 23:00 | 31/03                                                                         1                                              Phiếu mua hàng Chuột, Bàn phím (Apple) trị giá 500,000đ                                                            2                                              Tặng Phiếu mua hàng Balo, Túi chống sốc (giá trị trên 1,000,000đ) trị giá 300,000đ                                                            3                                              Tặng Phiếu mua hàng trị giá 300.000đ Áp dụng mua Máy in                                                            4                                              Tặng Phiếu mua hàng Màn hình máy tính trị giá 300.000đ                                                            5                                              Phiếu mua hàng đồng hồ định vị trẻ em hãng Kidcare mệnh giá 100.000 VND                                                            6                                              Nhập mã VNPAY0126 giảm tối đa 100,000đ (áp dụng tùy giá trị đơn hàng) khi thanh toán qua VNPAY-QR  (Xem chi tiết tại đây);;https://www.thegioididong.com/laptop/macbook-air-13-inch-m4-16gb-256gb;Skipped
iPhone Air 1TB;Đen Không Gian;No;44990000;36990000;2026-03-09;Khuyến mãi                      Giá và khuyến mãi dự kiến áp dụng đến 23:59 | 28/03                                                                         1                                              Tặng phiếu mua hàng Apple Watch trị giá 1,000,000đ                                                            2                                              Tặng phiếu mua hàng Macbook trị giá 1,000,000đ                                                            3                                              Phiếu mua hàng Airpods trị giá 800,000đ                                                            4                                              Tặng PMH Phụ kiện bảo vệ iPhone 17 (đơn trên 500.000đ, trừ hãng Apple/ Beats) trị giá 100.000đ                                                            5                                              Thu cũ đổi mới: Giảm đến 2,000,000đ (Không kèm ưu đãi thanh toán qua cổng, mua kèm)  Xem chi tiết                                                            6                                              Nhập mã VNPAY0126 giảm tối đa 100,000đ (áp dụng tùy giá trị đơn hàng) khi thanh toán qua VNPAY-QR  (Xem chi tiết tại đây);;https://www.thegioididong.com/dtdd/iphone-air;DEBUG_OOS_iPhone Air 1TB_Đen Không Gian_081356.png
iPhone 17 512GB;Đen;Yes;490000;31490000;2026-03-09;;;https://www.thegioididong.com/dtdd/iphone-17;Skipped
MacBook Air 13 inch M4 24GB/256GB;Vàng;No;31390000;29990000;2026-03-09;Khuyến mãi  trị giá 800.000₫                     Giá và khuyến mãi dự kiến áp dụng đến 23:00 | 31/03                                                                         1                                              Phiếu mua hàng Chuột, Bàn phím (Apple) trị giá 500,000đ                                                            2                                              Tặng Phiếu mua hàng Balo, Túi chống sốc (giá trị trên 1,000,000đ) trị giá 300,000đ                                                            3                                              Tặng Phiếu mua hàng trị giá 300.000đ Áp dụng mua Máy in                                                            4                                              Tặng Phiếu mua hàng Màn hình máy tính trị giá 300.000đ                                                            5                                              Phiếu mua hàng đồng hồ định vị trẻ em hãng Kidcare mệnh giá 100.000 VND                                                            6                                              Nhập mã VNPAY0126 giảm tối đa 100,000đ (áp dụng tùy giá trị đơn hàng) khi thanh toán qua VNPAY-QR  (Xem chi tiết tại đây);;https://www.thegioididong.com/laptop/macbook-air-13-inch-m4-24gb-256gb;DEBUG_OOS_MacBook Air 13 inch M4 24GB/256GB_Vàng_081358.png
MacBook Air 13 inch M4 24GB/256GB;Bạc;No;31390000;29990000;2026-03-09;Khuyến mãi  trị giá 800.000₫                     Giá và khuyến mãi dự kiến áp dụng đến 23:00 | 31/03                                                                         1                                              Phiếu mua hàng Chuột, Bàn phím (Apple) trị giá 500,000đ                                                            2                                              Tặng Phiếu mua hàng Balo, Túi chống sốc (giá trị trên 1,000,000đ) trị giá 300,000đ                                                            3                                              Tặng Phiếu mua hàng trị giá 300.000đ Áp dụng mua Máy in                                                            4                                              Tặng Phiếu mua hàng Màn hình máy tính trị giá 300.000đ                                                            5                                              Phiếu mua hàng đồng hồ định vị trẻ em hãng Kidcare mệnh giá 100.000 VND                                                            6                                              Nhập mã VNPAY0126 giảm tối đa 100,000đ (áp dụng tùy giá trị đơn hàng) khi thanh toán qua VNPAY-QR  (Xem chi tiết tại đây);;https://www.thegioididong.com/laptop/macbook-air-13-inch-m4-24gb-256gb;DEBUG_OOS_MacBook Air 13 inch M4 24GB/256GB_Bạc_081402.png
MacBook Air 13 inch M4 16GB/256GB Sạc 70W;Xanh da trời nhạt;Yes;27090000;25690000;2026-03-09;Khuyến mãi  trị giá 800.000₫                     Giá và khuyến mãi dự kiến áp dụng đến 23:00 | 31/03                                                                         1                                              Phiếu mua hàng Chuột, Bàn phím (Apple) trị giá 500,000đ                                                            2                                              Tặng Phiếu mua hàng Balo, Túi chống sốc (giá trị trên 1,000,000đ) trị giá 300,000đ                                                            3                                              Tặng Phiếu mua hàng trị giá 300.000đ Áp dụng mua Máy in                                                            4                                              Tặng Phiếu mua hàng Màn hình máy tính trị giá 300.000đ                                                            5                                              Phiếu mua hàng đồng hồ định vị trẻ em hãng Kidcare mệnh giá 100.000 VND                                                            6                                              Nhập mã VNPAY0126 giảm tối đa 100,000đ (áp dụng tùy giá trị đơn hàng) khi thanh toán qua VNPAY-QR  (Xem chi tiết tại đây);;https://www.thegioididong.com/laptop/macbook-air-13-inch-m4-16gb-256gb-sac-70w;Skipped
MacBook Air 13 inch M4 32GB/256GB;Xanh đen;No;36290000;34990000;2026-03-09;Khuyến mãi  trị giá 800.000₫                     Giá và khuyến mãi dự kiến áp dụng đến 23:00 | 31/03                                                                         1                                              Phiếu mua hàng Chuột, Bàn phím (Apple) trị giá 500,000đ                                                            2                                              Tặng Phiếu mua hàng Balo, Túi chống sốc (giá trị trên 1,000,000đ) trị giá 300,000đ                                                            3                                              Tặng Phiếu mua hàng trị giá 300.000đ Áp dụng mua Máy in                                                            4                                              Tặng Phiếu mua hàng Màn hình máy tính trị giá 300.000đ                                                            5                                              Phiếu mua hàng đồng hồ định vị trẻ em hãng Kidcare mệnh giá 100.000 VND                                                            6                                              Nhập mã VNPAY0126 giảm tối đa 100,000đ (áp dụng tùy giá trị đơn hàng) khi thanh toán qua VNPAY-QR  (Xem chi tiết tại đây);;https://www.thegioididong.com/laptop/macbook-air-13-inch-m4-32gb-256gb;DEBUG_OOS_MacBook Air 13 inch M4 32GB/256GB_Xanh đen_081403.png
iPhone Air 1TB;Xanh da trời;Yes;44990000;36990000;2026-03-09;Khuyến mãi                      Giá và khuyến mãi dự kiến áp dụng đến 23:59 | 28/03                                                                         1                                              Tặng phiếu mua hàng Apple Watch trị giá 1,000,000đ                                                            2                                              Tặng phiếu mua hàng Macbook trị giá 1,000,000đ                                                            3                                              Phiếu mua hàng Airpods trị giá 800,000đ                                                            4                                              Tặng PMH Phụ kiện bảo vệ iPhone 17 (đơn trên 500.000đ, trừ hãng Apple/ Beats) trị giá 100.000đ                                                            5                                              Thu cũ đổi mới: Giảm đến 2,000,000đ (Không kèm ưu đãi thanh toán qua cổng, mua kèm)  Xem chi tiết                                                            6                                              Nhập mã VNPAY0126 giảm tối đa 100,000đ (áp dụng tùy giá trị đơn hàng) khi thanh toán qua VNPAY-QR  (Xem chi tiết tại đây);;https://www.thegioididong.com/dtdd/iphone-air;Skipped
iPhone 17 512GB;Tím Oải Hương;Yes;490000;31490000;2026-03-09;;;https://www.thegioididong.com/dtdd/iphone-17;Skipped
MacBook Air 13 inch M4 32GB/256GB;Vàng;No;36290000;34990000;2026-03-09;Khuyến mãi  trị giá 800.000₫                     Giá và khuyến mãi dự kiến áp dụng đến 23:00 | 31/03                                                                         1                                              Phiếu mua hàng Chuột, Bàn phím (Apple) trị giá 500,000đ                                                            2                                              Tặng Phiếu mua hàng Balo, Túi chống sốc (giá trị trên 1,000,000đ) trị giá 300,000đ                                                            3                                              Tặng Phiếu mua hàng trị giá 300.000đ Áp dụng mua Máy in                                                            4                                              Tặng Phiếu mua hàng Màn hình máy tính trị giá 300.000đ                                                            5                                              Phiếu mua hàng đồng hồ định vị trẻ em hãng Kidcare mệnh giá 100.000 VND                                                            6                                              Nhập mã VNPAY0126 giảm tối đa 100,000đ (áp dụng tùy giá trị đơn hàng) khi thanh toán qua VNPAY-QR  (Xem chi tiết tại đây);;https://www.thegioididong.com/laptop/macbook-air-13-inch-m4-32gb-256gb;DEBUG_OOS_MacBook Air 13 inch M4 32GB/256GB_Vàng_081407.png
MacBook Air 13 inch M4 16GB/256GB Sạc 70W;Xanh đen;Yes;27090000;25690000;2026-03-09;Khuyến mãi  trị giá 800.000₫                     Giá và khuyến mãi dự kiến áp dụng đến 23:00 | 31/03                                                                         1                                              Phiếu mua hàng Chuột, Bàn phím (Apple) trị giá 500,000đ                                                            2                                              Tặng Phiếu mua hàng Balo, Túi chống sốc (giá trị trên 1,000,000đ) trị giá 300,000đ                                                            3                                              Tặng Phiếu mua hàng trị giá 300.000đ Áp dụng mua Máy in                                                            4                                              Tặng Phiếu mua hàng Màn hình máy tính trị giá 300.000đ                                                            5                                              Phiếu mua hàng đồng hồ định vị trẻ em hãng Kidcare mệnh giá 100.000 VND                                                            6                                              Nhập mã VNPAY0126 giảm tối đa 100,000đ (áp dụng tùy giá trị đơn hàng) khi thanh toán qua VNPAY-QR  (Xem chi tiết tại đây);;https://www.thegioididong.com/laptop/macbook-air-13-inch-m4-16gb-256gb-sac-70w;Skipped
MacBook Air 15 inch M4 16GB/256GB;16GB - 256 GB;Yes;31390000;29990000;2026-03-09;Khuyến mãi  trị giá 800.000₫                     Giá và khuyến mãi dự kiến áp dụng đến 23:00 | 31/03                                                                         1                                              Phiếu mua hàng Chuột, Bàn phím (Apple) trị giá 500,000đ                                                            2                                              Tặng Phiếu mua hàng Balo, Túi chống sốc (giá trị trên 1,000,000đ) trị giá 300,000đ                                                            3                                              Tặng Phiếu mua hàng trị giá 300.000đ Áp dụng mua Máy in                                                            4                                              Tặng Phiếu mua hàng Màn hình máy tính trị giá 300.000đ                                                            5                                              Phiếu mua hàng đồng hồ định vị trẻ em hãng Kidcare mệnh giá 100.000 VND                                                            6                                              Nhập mã VNPAY0126 giảm tối đa 100,000đ (áp dụng tùy giá trị đơn hàng) khi thanh toán qua VNPAY-QR  (Xem chi tiết tại đây);;https://www.thegioididong.com/laptop/macbook-air-15-inch-m4-16gb-256gb;Skipped
iPhone Air 1TB;Vàng Nhạt;Yes;44990000;36990000;2026-03-09;Khuyến mãi                      Giá và khuyến mãi dự kiến áp dụng đến 23:59 | 28/03                                                                         1                                              Tặng phiếu mua hàng Apple Watch trị giá 1,000,000đ                                                            2                                              Tặng phiếu mua hàng Macbook trị giá 1,000,000đ                                                            3                                              Phiếu mua hàng Airpods trị giá 800,000đ                                                            4                                              Tặng PMH Phụ kiện bảo vệ iPhone 17 (đơn trên 500.000đ, trừ hãng Apple/ Beats) trị giá 100.000đ                                                            5                                              Thu cũ đổi mới: Giảm đến 2,000,000đ (Không kèm ưu đãi thanh toán qua cổng, mua kèm)  Xem chi tiết                                                            6                                              Nhập mã VNPAY0126 giảm tối đa 100,000đ (áp dụng tùy giá trị đơn hàng) khi thanh toán qua VNPAY-QR  (Xem chi tiết tại đây);;https://www.thegioididong.com/dtdd/iphone-air;Skipped
MacBook Air 13 inch M4 32GB/256GB;Xanh da trời nhạt;No;36290000;34990000;2026-03-09;Khuyến mãi  trị giá 800.000₫                     Giá và khuyến mãi dự kiến áp dụng đến 23:00 | 31/03                                                                         1                                              Phiếu mua hàng Chuột, Bàn phím (Apple) trị giá 500,000đ                                                            2                                              Tặng Phiếu mua hàng Balo, Túi chống sốc (giá trị trên 1,000,000đ) trị giá 300,000đ                                                            3                                              Tặng Phiếu mua hàng trị giá 300.000đ Áp dụng mua Máy in                                                            4                                              Tặng Phiếu mua hàng Màn hình máy tính trị giá 300.000đ                                                            5                                              Phiếu mua hàng đồng hồ định vị trẻ em hãng Kidcare mệnh giá 100.000 VND                                                            6                                              Nhập mã VNPAY0126 giảm tối đa 100,000đ (áp dụng tùy giá trị đơn hàng) khi thanh toán qua VNPAY-QR  (Xem chi tiết tại đây);;https://www.thegioididong.com/laptop/macbook-air-13-inch-m4-32gb-256gb;DEBUG_OOS_MacBook Air 13 inch M4 32GB/256GB_Xanh da trời nhạt_081411.png
iPhone 17 512GB;Xanh Lam Khói;Yes;490000;31490000;2026-03-09;;;https://www.thegioididong.com/dtdd/iphone-17;Skipped
iPhone Air 1TB;Trắng Mây;No;44990000;36990000;2026-03-09;Khuyến mãi                      Giá và khuyến mãi dự kiến áp dụng đến 23:59 | 28/03                                                                         1                                              Tặng phiếu mua hàng Apple Watch trị giá 1,000,000đ                                                            2                                              Tặng phiếu mua hàng Macbook trị giá 1,000,000đ                                                            3                                              Phiếu mua hàng Airpods trị giá 800,000đ                                                            4                                              Tặng PMH Phụ kiện bảo vệ iPhone 17 (đơn trên 500.000đ, trừ hãng Apple/ Beats) trị giá 100.000đ                                                            5                                              Thu cũ đổi mới: Giảm đến 2,000,000đ (Không kèm ưu đãi thanh toán qua cổng, mua kèm)  Xem chi tiết                                                            6                                              Nhập mã VNPAY0126 giảm tối đa 100,000đ (áp dụng tùy giá trị đơn hàng) khi thanh toán qua VNPAY-QR  (Xem chi tiết tại đây);;https://www.thegioididong.com/dtdd/iphone-air;DEBUG_OOS_iPhone Air 1TB_Trắng Mây_081414.png
MacBook Air 13 inch M4 16GB/256GB Sạc 70W;Vàng;Yes;27090000;25690000;2026-03-09;Khuyến mãi  trị giá 800.000₫                     Giá và khuyến mãi dự kiến áp dụng đến 23:00 | 31/03                                                                         1                                              Phiếu mua hàng Chuột, Bàn phím (Apple) trị giá 500,000đ                                                            2                                              Tặng Phiếu mua hàng Balo, Túi chống sốc (giá trị trên 1,000,000đ) trị giá 300,000đ                                                            3                                              Tặng Phiếu mua hàng trị giá 300.000đ Áp dụng mua Máy in                                                            4                                              Tặng Phiếu mua hàng Màn hình máy tính trị giá 300.000đ                                                            5                                              Phiếu mua hàng đồng hồ định vị trẻ em hãng Kidcare mệnh giá 100.000 VND                                                            6                                              Nhập mã VNPAY0126 giảm tối đa 100,000đ (áp dụng tùy giá trị đơn hàng) khi thanh toán qua VNPAY-QR  (Xem chi tiết tại đây);;https://www.thegioididong.com/laptop/macbook-air-13-inch-m4-16gb-256gb-sac-70w;Skipped
MacBook Air 15 inch M4 16GB/512GB;16GB - 512 GB;Yes;36290000;34990000;2026-03-09;Khuyến mãi  trị giá 800.000₫                     Giá và khuyến mãi dự kiến áp dụng đến 23:00 | 31/03                                                                         1                                              Phiếu mua hàng Chuột, Bàn phím (Apple) trị giá 500,000đ                                                            2                                              Tặng Phiếu mua hàng Balo, Túi chống sốc (giá trị trên 1,000,000đ) trị giá 300,000đ                                                            3                                              Tặng Phiếu mua hàng trị giá 300.000đ Áp dụng mua Máy in                                                            4                                              Tặng Phiếu mua hàng Màn hình máy tính trị giá 300.000đ                                                            5                                              Phiếu mua hàng đồng hồ định vị trẻ em hãng Kidcare mệnh giá 100.000 VND                                                            6                                              Nhập mã VNPAY0126 giảm tối đa 100,000đ (áp dụng tùy giá trị đơn hàng) khi thanh toán qua VNPAY-QR  (Xem chi tiết tại đây);;https://www.thegioididong.com/laptop/macbook-air-15-inch-m4-16gb-256gb;Skipped
iPhone Air 1TB;Đen Không Gian;No;44990000;36990000;2026-03-09;Khuyến mãi                      Giá và khuyến mãi dự kiến áp dụng đến 23:59 | 28/03                                                                         1                                              Tặng phiếu mua hàng Apple Watch trị giá 1,000,000đ                                                            2                                              Tặng phiếu mua hàng Macbook trị giá 1,000,000đ                                                            3                                              Phiếu mua hàng Airpods trị giá 800,000đ                                                            4                                              Tặng PMH Phụ kiện bảo vệ iPhone 17 (đơn trên 500.000đ, trừ hãng Apple/ Beats) trị giá 100.000đ                                                            5                                              Thu cũ đổi mới: Giảm đến 2,000,000đ (Không kèm ưu đãi thanh toán qua cổng, mua kèm)  Xem chi tiết                                                            6                                              Nhập mã VNPAY0126 giảm tối đa 100,000đ (áp dụng tùy giá trị đơn hàng) khi thanh toán qua VNPAY-QR  (Xem chi tiết tại đây);;https://www.thegioididong.com/dtdd/iphone-air;DEBUG_OOS_iPhone Air 1TB_Đen Không Gian_081418.png
iPhone 17 512GB;Xanh Lá Xô Thơm;Yes;490000;31490000;2026-03-09;;;https://www.thegioididong.com/dtdd/iphone-17;Skipped
MacBook Air 13 inch M4 32GB/256GB;Bạc;Yes;36290000;34990000;2026-03-09;Khuyến mãi  trị giá 800.000₫                     Giá và khuyến mãi dự kiến áp dụng đến 23:00 | 31/03                                                                         1                                              Phiếu mua hàng Chuột, Bàn phím (Apple) trị giá 500,000đ                                                            2                                              Tặng Phiếu mua hàng Balo, Túi chống sốc (giá trị trên 1,000,000đ) trị giá 300,000đ                                                            3                                              Tặng Phiếu mua hàng trị giá 300.000đ Áp dụng mua Máy in                                                            4                                              Tặng Phiếu mua hàng Màn hình máy tính trị giá 300.000đ                                                            5                                              Phiếu mua hàng đồng hồ định vị trẻ em hãng Kidcare mệnh giá 100.000 VND                                                            6                                              Nhập mã VNPAY0126 giảm tối đa 100,000đ (áp dụng tùy giá trị đơn hàng) khi thanh toán qua VNPAY-QR  (Xem chi tiết tại đây);;https://www.thegioididong.com/laptop/macbook-air-13-inch-m4-32gb-256gb;Skipped
MacBook Air 13 inch M4 16GB/256GB Sạc 70W;Bạc;Yes;27090000;25690000;2026-03-09;Khuyến mãi  trị giá 800.000₫                     Giá và khuyến mãi dự kiến áp dụng đến 23:00 | 31/03                                                                         1                                              Phiếu mua hàng Chuột, Bàn phím (Apple) trị giá 500,000đ                                                            2                                              Tặng Phiếu mua hàng Balo, Túi chống sốc (giá trị trên 1,000,000đ) trị giá 300,000đ                                                            3                                              Tặng Phiếu mua hàng trị giá 300.000đ Áp dụng mua Máy in                                                            4                                              Tặng Phiếu mua hàng Màn hình máy tính trị giá 300.000đ                                                            5                                              Phiếu mua hàng đồng hồ định vị trẻ em hãng Kidcare mệnh giá 100.000 VND                                                            6                                              Nhập mã VNPAY0126 giảm tối đa 100,000đ (áp dụng tùy giá trị đơn hàng) khi thanh toán qua VNPAY-QR  (Xem chi tiết tại đây);;https://www.thegioididong.com/laptop/macbook-air-13-inch-m4-16gb-256gb-sac-70w;Skipped
MacBook Air 13 inch M4 32GB/256GB;Xanh đen;No;36290000;34990000;2026-03-09;Khuyến mãi  trị giá 800.000₫                     Giá và khuyến mãi dự kiến áp dụng đến 23:00 | 31/03                                                                         1                                              Phiếu mua hàng Chuột, Bàn phím (Apple) trị giá 500,000đ                                                            2                                              Tặng Phiếu mua hàng Balo, Túi chống sốc (giá trị trên 1,000,000đ) trị giá 300,000đ                                                            3                                              Tặng Phiếu mua hàng trị giá 300.000đ Áp dụng mua Máy in                                                            4                                              Tặng Phiếu mua hàng Màn hình máy tính trị giá 300.000đ                                                            5                                              Phiếu mua hàng đồng hồ định vị trẻ em hãng Kidcare mệnh giá 100.000 VND                                                            6                                              Nhập mã VNPAY0126 giảm tối đa 100,000đ (áp dụng tùy giá trị đơn hàng) khi thanh toán qua VNPAY-QR  (Xem chi tiết tại đây);;https://www.thegioididong.com/laptop/macbook-air-13-inch-m4-32gb-256gb;DEBUG_OOS_MacBook Air 13 inch M4 32GB/256GB_Xanh đen_081424.png
iPhone 17 512GB;Trắng;Yes;490000;31490000;2026-03-09;;;https://www.thegioididong.com/dtdd/iphone-17;Skipped
MacBook Air 15 inch M4 16GB/256GB;16GB - 256 GB;Yes;31390000;29990000;2026-03-09;Khuyến mãi  trị giá 800.000₫                     Giá và khuyến mãi dự kiến áp dụng đến 23:00 | 31/03                                                                         1                                              Phiếu mua hàng Chuột, Bàn phím (Apple) trị giá 500,000đ                                                            2                                              Tặng Phiếu mua hàng Balo, Túi chống sốc (giá trị trên 1,000,000đ) trị giá 300,000đ                                                            3                                              Tặng Phiếu mua hàng trị giá 300.000đ Áp dụng mua Máy in                                                            4                                              Tặng Phiếu mua hàng Màn hình máy tính trị giá 300.000đ                                                            5                                              Phiếu mua hàng đồng hồ định vị trẻ em hãng Kidcare mệnh giá 100.000 VND                                                            6                                              Nhập mã VNPAY0126 giảm tối đa 100,000đ (áp dụng tùy giá trị đơn hàng) khi thanh toán qua VNPAY-QR  (Xem chi tiết tại đây);;https://www.thegioididong.com/laptop/macbook-air-15-inch-m4-16gb-256gb;Skipped
MacBook Air 15 inch M4 24GB/512GB;Bạc;No;41190000;39490000;2026-03-09;Khuyến mãi  trị giá 800.000₫                     Giá và khuyến mãi dự kiến áp dụng đến 23:00 | 31/03                                                                         1                                              Phiếu mua hàng Chuột, Bàn phím (Apple) trị giá 500,000đ                                                            2                                              Tặng Phiếu mua hàng Balo, Túi chống sốc (giá trị trên 1,000,000đ) trị giá 300,000đ                                                            3                                              Tặng Phiếu mua hàng trị giá 300.000đ Áp dụng mua Máy in                                                            4                                              Tặng Phiếu mua hàng Màn hình máy tính trị giá 300.000đ                                                            5                                              Phiếu mua hàng đồng hồ định vị trẻ em hãng Kidcare mệnh giá 100.000 VND                                                            6                                              Nhập mã VNPAY0126 giảm tối đa 100,000đ (áp dụng tùy giá trị đơn hàng) khi thanh toán qua VNPAY-QR  (Xem chi tiết tại đây);;https://www.thegioididong.com/laptop/macbook-air-15-inch-m4-24gb-512gb;DEBUG_OOS_MacBook Air 15 inch M4 24GB/512GB_Bạc_081426.png
MacBook Air 13 inch M4 32GB/256GB;Vàng;No;36290000;34990000;2026-03-09;Khuyến mãi  trị giá 800.000₫                     Giá và khuyến mãi dự kiến áp dụng đến 23:00 | 31/03                                                                         1                                              Phiếu mua hàng Chuột, Bàn phím (Apple) trị giá 500,000đ                                                            2                                              Tặng Phiếu mua hàng Balo, Túi chống sốc (giá trị trên 1,000,000đ) trị giá 300,000đ                                                            3                                              Tặng Phiếu mua hàng trị giá 300.000đ Áp dụng mua Máy in                                                            4                                              Tặng Phiếu mua hàng Màn hình máy tính trị giá 300.000đ                                                            5                                              Phiếu mua hàng đồng hồ định vị trẻ em hãng Kidcare mệnh giá 100.000 VND                                                            6                                              Nhập mã VNPAY0126 giảm tối đa 100,000đ (áp dụng tùy giá trị đơn hàng) khi thanh toán qua VNPAY-QR  (Xem chi tiết tại đây);;https://www.thegioididong.com/laptop/macbook-air-13-inch-m4-32gb-256gb;DEBUG_OOS_MacBook Air 13 inch M4 32GB/256GB_Vàng_081428.png
MacBook Air 15 inch M4 24GB/512GB;Vàng;No;41190000;39490000;2026-03-09;Khuyến mãi  trị giá 800.000₫                     Giá và khuyến mãi dự kiến áp dụng đến 23:00 | 31/03                                                                         1                                              Phiếu mua hàng Chuột, Bàn phím (Apple) trị giá 500,000đ                                                            2                                              Tặng Phiếu mua hàng Balo, Túi chống sốc (giá trị trên 1,000,000đ) trị giá 300,000đ                                                            3                                              Tặng Phiếu mua hàng trị giá 300.000đ Áp dụng mua Máy in                                                            4                                              Tặng Phiếu mua hàng Màn hình máy tính trị giá 300.000đ                                                            5                                              Phiếu mua hàng đồng hồ định vị trẻ em hãng Kidcare mệnh giá 100.000 VND                                                            6                                              Nhập mã VNPAY0126 giảm tối đa 100,000đ (áp dụng tùy giá trị đơn hàng) khi thanh toán qua VNPAY-QR  (Xem chi tiết tại đây);;https://www.thegioididong.com/laptop/macbook-air-15-inch-m4-24gb-512gb;DEBUG_OOS_MacBook Air 15 inch M4 24GB/512GB_Vàng_081430.png
MacBook Pro 14 inch M4 Pro 24GB/512GB;Đen;Yes;51990000;49990000;2026-03-09;Khuyến mãi  trị giá 800.000₫                     Giá và khuyến mãi dự kiến áp dụng đến 23:00 | 31/03                                                                         1                                              Phiếu mua hàng Chuột, Bàn phím (Apple) trị giá 500,000đ                                                            2                                              Tặng Phiếu mua hàng Balo, Túi chống sốc (giá trị trên 1,000,000đ) trị giá 300,000đ                                                            3                                              Tặng Phiếu mua hàng trị giá 300.000đ Áp dụng mua Máy in                                                            4                                              Tặng Phiếu mua hàng Màn hình máy tính trị giá 300.000đ                                                            5                                              Phiếu mua hàng đồng hồ định vị trẻ em hãng Kidcare mệnh giá 100.000 VND                                                            6                                              Nhập mã VNPAY0126 giảm tối đa 100,000đ (áp dụng tùy giá trị đơn hàng) khi thanh toán qua VNPAY-QR  (Xem chi tiết tại đây);;https://www.thegioididong.com/laptop/macbook-pro-14-inch-m4-pro-24gb-512gb;Skipped
MacBook Air 13 inch M4 32GB/256GB;Xanh da trời nhạt;No;36290000;34990000;2026-03-09;Khuyến mãi  trị giá 800.000₫                     Giá và khuyến mãi dự kiến áp dụng đến 23:00 | 31/03                                                                         1                                              Phiếu mua hàng Chuột, Bàn phím (Apple) trị giá 500,000đ                                                            2                                              Tặng Phiếu mua hàng Balo, Túi chống sốc (giá trị trên 1,000,000đ) trị giá 300,000đ                                                            3                                              Tặng Phiếu mua hàng trị giá 300.000đ Áp dụng mua Máy in                                                            4                                              Tặng Phiếu mua hàng Màn hình máy tính trị giá 300.000đ                                                            5                                              Phiếu mua hàng đồng hồ định vị trẻ em hãng Kidcare mệnh giá 100.000 VND                                                            6                                              Nhập mã VNPAY0126 giảm tối đa 100,000đ (áp dụng tùy giá trị đơn hàng) khi thanh toán qua VNPAY-QR  (Xem chi tiết tại đây);;https://www.thegioididong.com/laptop/macbook-air-13-inch-m4-32gb-256gb;DEBUG_OOS_MacBook Air 13 inch M4 32GB/256GB_Xanh da trời nhạt_081431.png
iPhone 17 512GB;Đen;Yes;490000;31490000;2026-03-09;;;https://www.thegioididong.com/dtdd/iphone-17;Skipped
MacBook Air 15 inch M4 16GB/512GB;16GB - 512 GB;Yes;36290000;34990000;2026-03-09;Khuyến mãi  trị giá 800.000₫                     Giá và khuyến mãi dự kiến áp dụng đến 23:00 | 31/03                                                                         1                                              Phiếu mua hàng Chuột, Bàn phím (Apple) trị giá 500,000đ                                                            2                                              Tặng Phiếu mua hàng Balo, Túi chống sốc (giá trị trên 1,000,000đ) trị giá 300,000đ                                                            3                                              Tặng Phiếu mua hàng trị giá 300.000đ Áp dụng mua Máy in                                                            4                                              Tặng Phiếu mua hàng Màn hình máy tính trị giá 300.000đ                                                            5                                              Phiếu mua hàng đồng hồ định vị trẻ em hãng Kidcare mệnh giá 100.000 VND                                                            6                                              Nhập mã VNPAY0126 giảm tối đa 100,000đ (áp dụng tùy giá trị đơn hàng) khi thanh toán qua VNPAY-QR  (Xem chi tiết tại đây);;https://www.thegioididong.com/laptop/macbook-air-15-inch-m4-16gb-256gb;Skipped
MacBook Air 15 inch M4 24GB/512GB;Xanh đen;No;41190000;39490000;2026-03-09;Khuyến mãi  trị giá 800.000₫                     Giá và khuyến mãi dự kiến áp dụng đến 23:00 | 31/03                                                                         1                                              Phiếu mua hàng Chuột, Bàn phím (Apple) trị giá 500,000đ                                                            2                                              Tặng Phiếu mua hàng Balo, Túi chống sốc (giá trị trên 1,000,000đ) trị giá 300,000đ                                                            3                                              Tặng Phiếu mua hàng trị giá 300.000đ Áp dụng mua Máy in                                                            4                                              Tặng Phiếu mua hàng Màn hình máy tính trị giá 300.000đ                                                            5                                              Phiếu mua hàng đồng hồ định vị trẻ em hãng Kidcare mệnh giá 100.000 VND                                                            6                                              Nhập mã VNPAY0126 giảm tối đa 100,000đ (áp dụng tùy giá trị đơn hàng) khi thanh toán qua VNPAY-QR  (Xem chi tiết tại đây);;https://www.thegioididong.com/laptop/macbook-air-15-inch-m4-24gb-512gb;DEBUG_OOS_MacBook Air 15 inch M4 24GB/512GB_Xanh đen_081434.png
MacBook Air 13 inch M4 32GB/256GB;Bạc;Yes;36290000;34990000;2026-03-09;Khuyến mãi  trị giá 800.000₫                     Giá và khuyến mãi dự kiến áp dụng đến 23:00 | 31/03                                                                         1                                              Phiếu mua hàng Chuột, Bàn phím (Apple) trị giá 500,000đ                                                            2                                              Tặng Phiếu mua hàng Balo, Túi chống sốc (giá trị trên 1,000,000đ) trị giá 300,000đ                                                            3                                              Tặng Phiếu mua hàng trị giá 300.000đ Áp dụng mua Máy in                                                            4                                              Tặng Phiếu mua hàng Màn hình máy tính trị giá 300.000đ                                                            5                                              Phiếu mua hàng đồng hồ định vị trẻ em hãng Kidcare mệnh giá 100.000 VND                                                            6                                              Nhập mã VNPAY0126 giảm tối đa 100,000đ (áp dụng tùy giá trị đơn hàng) khi thanh toán qua VNPAY-QR  (Xem chi tiết tại đây);;https://www.thegioididong.com/laptop/macbook-air-13-inch-m4-32gb-256gb;Skipped
MacBook Pro 14 inch M4 Pro 24GB/512GB;Bạc;Yes;51990000;49990000;2026-03-09;Khuyến mãi  trị giá 800.000₫                     Giá và khuyến mãi dự kiến áp dụng đến 23:00 | 31/03                                                                         1                                              Phiếu mua hàng Chuột, Bàn phím (Apple) trị giá 500,000đ                                                            2                                              Tặng Phiếu mua hàng Balo, Túi chống sốc (giá trị trên 1,000,000đ) trị giá 300,000đ                                                            3                                              Tặng Phiếu mua hàng trị giá 300.000đ Áp dụng mua Máy in                                                            4                                              Tặng Phiếu mua hàng Màn hình máy tính trị giá 300.000đ                                                            5                                              Phiếu mua hàng đồng hồ định vị trẻ em hãng Kidcare mệnh giá 100.000 VND                                                            6                                              Nhập mã VNPAY0126 giảm tối đa 100,000đ (áp dụng tùy giá trị đơn hàng) khi thanh toán qua VNPAY-QR  (Xem chi tiết tại đây);;https://www.thegioididong.com/laptop/macbook-pro-14-inch-m4-pro-24gb-512gb;Skipped
MacBook Air 15 inch M4 24GB/512GB;Xanh da trời nhạt;No;41190000;39490000;2026-03-09;Khuyến mãi  trị giá 800.000₫                     Giá và khuyến mãi dự kiến áp dụng đến 23:00 | 31/03                                                                         1                                              Phiếu mua hàng Chuột, Bàn phím (Apple) trị giá 500,000đ                                                            2                                              Tặng Phiếu mua hàng Balo, Túi chống sốc (giá trị trên 1,000,000đ) trị giá 300,000đ                                                            3                                              Tặng Phiếu mua hàng trị giá 300.000đ Áp dụng mua Máy in                                                            4                                              Tặng Phiếu mua hàng Màn hình máy tính trị giá 300.000đ                                                            5                                              Phiếu mua hàng đồng hồ định vị trẻ em hãng Kidcare mệnh giá 100.000 VND                                                            6                                              Nhập mã VNPAY0126 giảm tối đa 100,000đ (áp dụng tùy giá trị đơn hàng) khi thanh toán qua VNPAY-QR  (Xem chi tiết tại đây);;https://www.thegioididong.com/laptop/macbook-air-15-inch-m4-24gb-512gb;DEBUG_OOS_MacBook Air 15 inch M4 24GB/512GB_Xanh da trời nhạt_081439.png
MacBook Pro 14 inch M5 16GB/512GB;Đen;Yes;41990000;41490000;2026-03-09;Khuyến mãi  trị giá 800.000₫                     Giá và khuyến mãi dự kiến áp dụng đến 23:00 | 31/03                                                                         1                                              Phiếu mua hàng Chuột, Bàn phím (Apple) trị giá 500,000đ                                                            2                                              Tặng Phiếu mua hàng Balo, Túi chống sốc (giá trị trên 1,000,000đ) trị giá 300,000đ                                                            3                                              Tặng Phiếu mua hàng trị giá 300.000đ Áp dụng mua Máy in                                                            4                                              Tặng Phiếu mua hàng Màn hình máy tính trị giá 300.000đ                                                            5                                              Phiếu mua hàng đồng hồ định vị trẻ em hãng Kidcare mệnh giá 100.000 VND                                                            6                                              Nhập mã VNPAY0126 giảm tối đa 100,000đ (áp dụng tùy giá trị đơn hàng) khi thanh toán qua VNPAY-QR  (Xem chi tiết tại đây);;https://www.thegioididong.com/laptop/macbook-pro-14-inch-m5-16gb-512gb;Skipped
MacBook Air 15 inch M4 24GB/512GB;Xanh Da Trời;No;41490000;40590000;2026-03-09;Khuyến mãi  trị giá 800.000₫                     Giá và khuyến mãi dự kiến áp dụng đến 23:00 | 31/03                                                                         1                                              Phiếu mua hàng Chuột, Bàn phím (Apple) trị giá 500,000đ                                                            2                                              Tặng Phiếu mua hàng Balo, Túi chống sốc (giá trị trên 1,000,000đ) trị giá 300,000đ                                                            3                                              Tặng Phiếu mua hàng trị giá 300.000đ Áp dụng mua Máy in                                                            4                                              Tặng Phiếu mua hàng Màn hình máy tính trị giá 300.000đ                                                            5                                              Phiếu mua hàng đồng hồ định vị trẻ em hãng Kidcare mệnh giá 100.000 VND                                                            6                                              Nhập mã VNPAY0126 giảm tối đa 100,000đ (áp dụng tùy giá trị đơn hàng) khi thanh toán qua VNPAY-QR  (Xem chi tiết tại đây);;https://www.thegioididong.com/laptop/macbook-air-15-inch-m4-24gb-512gb;DEBUG_OOS_MacBook Air 15 inch M4 24GB/512GB_Xanh Da Trời_081443.png
MacBook Air 13 inch M4 32GB/256GB;Xanh đen;No;36290000;34990000;2026-03-09;Khuyến mãi  trị giá 800.000₫                     Giá và khuyến mãi dự kiến áp dụng đến 23:00 | 31/03                                                                         1                                              Phiếu mua hàng Chuột, Bàn phím (Apple) trị giá 500,000đ                                                            2                                              Tặng Phiếu mua hàng Balo, Túi chống sốc (giá trị trên 1,000,000đ) trị giá 300,000đ                                                            3                                              Tặng Phiếu mua hàng trị giá 300.000đ Áp dụng mua Máy in                                                            4                                              Tặng Phiếu mua hàng Màn hình máy tính trị giá 300.000đ                                                            5                                              Phiếu mua hàng đồng hồ định vị trẻ em hãng Kidcare mệnh giá 100.000 VND                                                            6                                              Nhập mã VNPAY0126 giảm tối đa 100,000đ (áp dụng tùy giá trị đơn hàng) khi thanh toán qua VNPAY-QR  (Xem chi tiết tại đây);;https://www.thegioididong.com/laptop/macbook-air-13-inch-m4-32gb-256gb;DEBUG_OOS_MacBook Air 13 inch M4 32GB/256GB_Xanh đen_081443.png
MacBook Air 13 inch M4 32GB/256GB;Vàng;No;36290000;34990000;2026-03-09;Khuyến mãi  trị giá 800.000₫                     Giá và khuyến mãi dự kiến áp dụng đến 23:00 | 31/03                                                                         1                                              Phiếu mua hàng Chuột, Bàn phím (Apple) trị giá 500,000đ                                                            2                                              Tặng Phiếu mua hàng Balo, Túi chống sốc (giá trị trên 1,000,000đ) trị giá 300,000đ                                                            3                                              Tặng Phiếu mua hàng trị giá 300.000đ Áp dụng mua Máy in                                                            4                                              Tặng Phiếu mua hàng Màn hình máy tính trị giá 300.000đ                                                            5                                              Phiếu mua hàng đồng hồ định vị trẻ em hãng Kidcare mệnh giá 100.000 VND                                                            6                                              Nhập mã VNPAY0126 giảm tối đa 100,000đ (áp dụng tùy giá trị đơn hàng) khi thanh toán qua VNPAY-QR  (Xem chi tiết tại đây);;https://www.thegioididong.com/laptop/macbook-air-13-inch-m4-32gb-256gb;DEBUG_OOS_MacBook Air 13 inch M4 32GB/256GB_Vàng_081446.png
MacBook Pro 14 inch M4 Pro 24GB/512GB;Đen;Yes;51990000;49990000;2026-03-09;Khuyến mãi  trị giá 800.000₫                     Giá và khuyến mãi dự kiến áp dụng đến 23:00 | 31/03                                                                         1                                              Phiếu mua hàng Chuột, Bàn phím (Apple) trị giá 500,000đ                                                            2                                              Tặng Phiếu mua hàng Balo, Túi chống sốc (giá trị trên 1,000,000đ) trị giá 300,000đ                                                            3                                              Tặng Phiếu mua hàng trị giá 300.000đ Áp dụng mua Máy in                                                            4                                              Tặng Phiếu mua hàng Màn hình máy tính trị giá 300.000đ                                                            5                                              Phiếu mua hàng đồng hồ định vị trẻ em hãng Kidcare mệnh giá 100.000 VND                                                            6                                              Nhập mã VNPAY0126 giảm tối đa 100,000đ (áp dụng tùy giá trị đơn hàng) khi thanh toán qua VNPAY-QR  (Xem chi tiết tại đây);;https://www.thegioididong.com/laptop/macbook-pro-14-inch-m4-pro-24gb-512gb;Skipped
MacBook Pro 14 inch M5 16GB/512GB;Bạc;Yes;41990000;41490000;2026-03-09;Khuyến mãi  trị giá 800.000₫                     Giá và khuyến mãi dự kiến áp dụng đến 23:00 | 31/03                                                                         1                                              Phiếu mua hàng Chuột, Bàn phím (Apple) trị giá 500,000đ                                                            2                                              Tặng Phiếu mua hàng Balo, Túi chống sốc (giá trị trên 1,000,000đ) trị giá 300,000đ                                                            3                                              Tặng Phiếu mua hàng trị giá 300.000đ Áp dụng mua Máy in                                                            4                                              Tặng Phiếu mua hàng Màn hình máy tính trị giá 300.000đ                                                            5                                              Phiếu mua hàng đồng hồ định vị trẻ em hãng Kidcare mệnh giá 100.000 VND                                                            6                                              Nhập mã VNPAY0126 giảm tối đa 100,000đ (áp dụng tùy giá trị đơn hàng) khi thanh toán qua VNPAY-QR  (Xem chi tiết tại đây);;https://www.thegioididong.com/laptop/macbook-pro-14-inch-m5-16gb-512gb;Skipped
MacBook Air 15 inch M4 24GB/512GB;Bạc;No;41190000;39490000;2026-03-09;Khuyến mãi  trị giá 800.000₫                     Giá và khuyến mãi dự kiến áp dụng đến 23:00 | 31/03                                                                         1                                              Phiếu mua hàng Chuột, Bàn phím (Apple) trị giá 500,000đ                                                            2                                              Tặng Phiếu mua hàng Balo, Túi chống sốc (giá trị trên 1,000,000đ) trị giá 300,000đ                                                            3                                              Tặng Phiếu mua hàng trị giá 300.000đ Áp dụng mua Máy in                                                            4                                              Tặng Phiếu mua hàng Màn hình máy tính trị giá 300.000đ                                                            5                                              Phiếu mua hàng đồng hồ định vị trẻ em hãng Kidcare mệnh giá 100.000 VND                                                            6                                              Nhập mã VNPAY0126 giảm tối đa 100,000đ (áp dụng tùy giá trị đơn hàng) khi thanh toán qua VNPAY-QR  (Xem chi tiết tại đây);;https://www.thegioididong.com/laptop/macbook-air-15-inch-m4-24gb-512gb;DEBUG_OOS_MacBook Air 15 inch M4 24GB/512GB_Bạc_081449.png
MacBook Air 13 inch M4 32GB/256GB;Xanh da trời nhạt;No;36290000;34990000;2026-03-09;Khuyến mãi  trị giá 800.000₫                     Giá và khuyến mãi dự kiến áp dụng đến 23:00 | 31/03                                                                         1                                              Phiếu mua hàng Chuột, Bàn phím (Apple) trị giá 500,000đ                                                            2                                              Tặng Phiếu mua hàng Balo, Túi chống sốc (giá trị trên 1,000,000đ) trị giá 300,000đ                                                            3                                              Tặng Phiếu mua hàng trị giá 300.000đ Áp dụng mua Máy in                                                            4                                              Tặng Phiếu mua hàng Màn hình máy tính trị giá 300.000đ                                                            5                                              Phiếu mua hàng đồng hồ định vị trẻ em hãng Kidcare mệnh giá 100.000 VND                                                            6                                              Nhập mã VNPAY0126 giảm tối đa 100,000đ (áp dụng tùy giá trị đơn hàng) khi thanh toán qua VNPAY-QR  (Xem chi tiết tại đây);;https://www.thegioididong.com/laptop/macbook-air-13-inch-m4-32gb-256gb;DEBUG_OOS_MacBook Air 13 inch M4 32GB/256GB_Xanh da trời nhạt_081450.png
MacBook Air 15 inch M4 24GB/512GB;Vàng;No;41190000;39490000;2026-03-09;Khuyến mãi  trị giá 800.000₫                     Giá và khuyến mãi dự kiến áp dụng đến 23:00 | 31/03                                                                         1                                              Phiếu mua hàng Chuột, Bàn phím (Apple) trị giá 500,000đ                                                            2                                              Tặng Phiếu mua hàng Balo, Túi chống sốc (giá trị trên 1,000,000đ) trị giá 300,000đ                                                            3                                              Tặng Phiếu mua hàng trị giá 300.000đ Áp dụng mua Máy in                                                            4                                              Tặng Phiếu mua hàng Màn hình máy tính trị giá 300.000đ                                                            5                                              Phiếu mua hàng đồng hồ định vị trẻ em hãng Kidcare mệnh giá 100.000 VND                                                            6                                              Nhập mã VNPAY0126 giảm tối đa 100,000đ (áp dụng tùy giá trị đơn hàng) khi thanh toán qua VNPAY-QR  (Xem chi tiết tại đây);;https://www.thegioididong.com/laptop/macbook-air-15-inch-m4-24gb-512gb;DEBUG_OOS_MacBook Air 15 inch M4 24GB/512GB_Vàng_081452.png
MacBook Pro 14 inch M4 Pro 24GB/512GB;Bạc;Yes;51990000;49990000;2026-03-09;Khuyến mãi  trị giá 800.000₫                     Giá và khuyến mãi dự kiến áp dụng đến 23:00 | 31/03                                                                         1                                              Phiếu mua hàng Chuột, Bàn phím (Apple) trị giá 500,000đ                                                            2                                              Tặng Phiếu mua hàng Balo, Túi chống sốc (giá trị trên 1,000,000đ) trị giá 300,000đ                                                            3                                              Tặng Phiếu mua hàng trị giá 300.000đ Áp dụng mua Máy in                                                            4                                              Tặng Phiếu mua hàng Màn hình máy tính trị giá 300.000đ                                                            5                                              Phiếu mua hàng đồng hồ định vị trẻ em hãng Kidcare mệnh giá 100.000 VND                                                            6                                              Nhập mã VNPAY0126 giảm tối đa 100,000đ (áp dụng tùy giá trị đơn hàng) khi thanh toán qua VNPAY-QR  (Xem chi tiết tại đây);;https://www.thegioididong.com/laptop/macbook-pro-14-inch-m4-pro-24gb-512gb;Skipped
MacBook Air 15 inch M4 24GB/512GB;Xanh đen;No;41190000;39490000;2026-03-09;Khuyến mãi  trị giá 800.000₫                     Giá và khuyến mãi dự kiến áp dụng đến 23:00 | 31/03                                                                         1                                              Phiếu mua hàng Chuột, Bàn phím (Apple) trị giá 500,000đ                                                            2                                              Tặng Phiếu mua hàng Balo, Túi chống sốc (giá trị trên 1,000,000đ) trị giá 300,000đ                                                            3                                              Tặng Phiếu mua hàng trị giá 300.000đ Áp dụng mua Máy in                                                            4                                              Tặng Phiếu mua hàng Màn hình máy tính trị giá 300.000đ                                                            5                                              Phiếu mua hàng đồng hồ định vị trẻ em hãng Kidcare mệnh giá 100.000 VND                                                            6                                              Nhập mã VNPAY0126 giảm tối đa 100,000đ (áp dụng tùy giá trị đơn hàng) khi thanh toán qua VNPAY-QR  (Xem chi tiết tại đây);;https://www.thegioididong.com/laptop/macbook-air-15-inch-m4-24gb-512gb;DEBUG_OOS_MacBook Air 15 inch M4 24GB/512GB_Xanh đen_081455.png
MacBook Air 13 inch M4 32GB/256GB;Bạc;Yes;36290000;34990000;2026-03-09;Khuyến mãi  trị giá 800.000₫                     Giá và khuyến mãi dự kiến áp dụng đến 23:00 | 31/03                                                                         1                                              Phiếu mua hàng Chuột, Bàn phím (Apple) trị giá 500,000đ                                                            2                                              Tặng Phiếu mua hàng Balo, Túi chống sốc (giá trị trên 1,000,000đ) trị giá 300,000đ                                                            3                                              Tặng Phiếu mua hàng trị giá 300.000đ Áp dụng mua Máy in                                                            4                                              Tặng Phiếu mua hàng Màn hình máy tính trị giá 300.000đ                                                            5                                              Phiếu mua hàng đồng hồ định vị trẻ em hãng Kidcare mệnh giá 100.000 VND                                                            6                                              Nhập mã VNPAY0126 giảm tối đa 100,000đ (áp dụng tùy giá trị đơn hàng) khi thanh toán qua VNPAY-QR  (Xem chi tiết tại đây);;https://www.thegioididong.com/laptop/macbook-air-13-inch-m4-32gb-256gb;Skipped
MacBook Pro 14 inch M5 16GB/512GB;Đen;Yes;41990000;41490000;2026-03-09;Khuyến mãi  trị giá 800.000₫                     Giá và khuyến mãi dự kiến áp dụng đến 23:00 | 31/03                                                                         1                                              Phiếu mua hàng Chuột, Bàn phím (Apple) trị giá 500,000đ                                                            2                                              Tặng Phiếu mua hàng Balo, Túi chống sốc (giá trị trên 1,000,000đ) trị giá 300,000đ                                                            3                                              Tặng Phiếu mua hàng trị giá 300.000đ Áp dụng mua Máy in                                                            4                                              Tặng Phiếu mua hàng Màn hình máy tính trị giá 300.000đ                                                            5                                              Phiếu mua hàng đồng hồ định vị trẻ em hãng Kidcare mệnh giá 100.000 VND                                                            6                                              Nhập mã VNPAY0126 giảm tối đa 100,000đ (áp dụng tùy giá trị đơn hàng) khi thanh toán qua VNPAY-QR  (Xem chi tiết tại đây);;https://www.thegioididong.com/laptop/macbook-pro-14-inch-m5-16gb-512gb;Skipped
MacBook Air 15 inch M4 24GB/512GB;Xanh da trời nhạt;No;41190000;39490000;2026-03-09;Khuyến mãi  trị giá 800.000₫                     Giá và khuyến mãi dự kiến áp dụng đến 23:00 | 31/03                                                                         1                                              Phiếu mua hàng Chuột, Bàn phím (Apple) trị giá 500,000đ                                                            2                                              Tặng Phiếu mua hàng Balo, Túi chống sốc (giá trị trên 1,000,000đ) trị giá 300,000đ                                                            3                                              Tặng Phiếu mua hàng trị giá 300.000đ Áp dụng mua Máy in                                                            4                                              Tặng Phiếu mua hàng Màn hình máy tính trị giá 300.000đ                                                            5                                              Phiếu mua hàng đồng hồ định vị trẻ em hãng Kidcare mệnh giá 100.000 VND                                                            6                                              Nhập mã VNPAY0126 giảm tối đa 100,000đ (áp dụng tùy giá trị đơn hàng) khi thanh toán qua VNPAY-QR  (Xem chi tiết tại đây);;https://www.thegioididong.com/laptop/macbook-air-15-inch-m4-24gb-512gb;DEBUG_OOS_MacBook Air 15 inch M4 24GB/512GB_Xanh da trời nhạt_081459.png
MacBook Pro 16 inch M4 Pro 48GB/1TB;Bạc;No;81690000;79090000;2026-03-09;Khuyến mãi  trị giá 800.000₫                     Giá và khuyến mãi dự kiến áp dụng đến 23:00 | 31/03                                                                         1                                              Phiếu mua hàng Chuột, Bàn phím (Apple) trị giá 500,000đ                                                            2                                              Tặng Phiếu mua hàng Balo, Túi chống sốc (giá trị trên 1,000,000đ) trị giá 300,000đ                                                            3                                              Tặng Phiếu mua hàng trị giá 300.000đ Áp dụng mua Máy in                                                            4                                              Tặng Phiếu mua hàng Màn hình máy tính trị giá 300.000đ                                                            5                                              Phiếu mua hàng đồng hồ định vị trẻ em hãng Kidcare mệnh giá 100.000 VND                                                            6                                              Nhập mã VNPAY0126 giảm tối đa 100,000đ (áp dụng tùy giá trị đơn hàng) khi thanh toán qua VNPAY-QR  (Xem chi tiết tại đây);;https://www.thegioididong.com/laptop/macbook-pro-16-inch-m4-pro-48gb-1tb;DEBUG_OOS_MacBook Pro 16 inch M4 Pro 48GB/1TB_Bạc_081459.png
MacBook Air 13 inch M4 32GB/256GB;Xanh đen;No;36290000;34990000;2026-03-09;Khuyến mãi  trị giá 800.000₫                     Giá và khuyến mãi dự kiến áp dụng đến 23:00 | 31/03                                                                         1                                              Phiếu mua hàng Chuột, Bàn phím (Apple) trị giá 500,000đ                                                            2                                              Tặng Phiếu mua hàng Balo, Túi chống sốc (giá trị trên 1,000,000đ) trị giá 300,000đ                                                            3                                              Tặng Phiếu mua hàng trị giá 300.000đ Áp dụng mua Máy in                                                            4                                              Tặng Phiếu mua hàng Màn hình máy tính trị giá 300.000đ                                                            5                                              Phiếu mua hàng đồng hồ định vị trẻ em hãng Kidcare mệnh giá 100.000 VND                                                            6                                              Nhập mã VNPAY0126 giảm tối đa 100,000đ (áp dụng tùy giá trị đơn hàng) khi thanh toán qua VNPAY-QR  (Xem chi tiết tại đây);;https://www.thegioididong.com/laptop/macbook-air-13-inch-m4-32gb-256gb;DEBUG_OOS_MacBook Air 13 inch M4 32GB/256GB_Xanh đen_081501.png
MacBook Air 15 inch M4 24GB/512GB;Xanh Da Trời;No;41490000;40590000;2026-03-09;Khuyến mãi  trị giá 800.000₫                     Giá và khuyến mãi dự kiến áp dụng đến 23:00 | 31/03                                                                         1                                              Phiếu mua hàng Chuột, Bàn phím (Apple) trị giá 500,000đ                                                            2                                              Tặng Phiếu mua hàng Balo, Túi chống sốc (giá trị trên 1,000,000đ) trị giá 300,000đ                                                            3                                              Tặng Phiếu mua hàng trị giá 300.000đ Áp dụng mua Máy in                                                            4                                              Tặng Phiếu mua hàng Màn hình máy tính trị giá 300.000đ                                                            5                                              Phiếu mua hàng đồng hồ định vị trẻ em hãng Kidcare mệnh giá 100.000 VND                                                            6                                              Nhập mã VNPAY0126 giảm tối đa 100,000đ (áp dụng tùy giá trị đơn hàng) khi thanh toán qua VNPAY-QR  (Xem chi tiết tại đây);;https://www.thegioididong.com/laptop/macbook-air-15-inch-m4-24gb-512gb;DEBUG_OOS_MacBook Air 15 inch M4 24GB/512GB_Xanh Da Trời_081502.png
MacBook Pro 14 inch M5 16GB/512GB;Bạc;Yes;41990000;41490000;2026-03-09;Khuyến mãi  trị giá 800.000₫                     Giá và khuyến mãi dự kiến áp dụng đến 23:00 | 31/03                                                                         1                                              Phiếu mua hàng Chuột, Bàn phím (Apple) trị giá 500,000đ                                                            2                                              Tặng Phiếu mua hàng Balo, Túi chống sốc (giá trị trên 1,000,000đ) trị giá 300,000đ                                                            3                                              Tặng Phiếu mua hàng trị giá 300.000đ Áp dụng mua Máy in                                                            4                                              Tặng Phiếu mua hàng Màn hình máy tính trị giá 300.000đ                                                            5                                              Phiếu mua hàng đồng hồ định vị trẻ em hãng Kidcare mệnh giá 100.000 VND                                                            6                                              Nhập mã VNPAY0126 giảm tối đa 100,000đ (áp dụng tùy giá trị đơn hàng) khi thanh toán qua VNPAY-QR  (Xem chi tiết tại đây);;https://www.thegioididong.com/laptop/macbook-pro-14-inch-m5-16gb-512gb;Skipped
MacBook Air 13 inch M4 32GB/256GB;Vàng;No;36290000;34990000;2026-03-09;Khuyến mãi  trị giá 800.000₫                     Giá và khuyến mãi dự kiến áp dụng đến 23:00 | 31/03                                                                         1                                              Phiếu mua hàng Chuột, Bàn phím (Apple) trị giá 500,000đ                                                            2                                              Tặng Phiếu mua hàng Balo, Túi chống sốc (giá trị trên 1,000,000đ) trị giá 300,000đ                                                            3                                              Tặng Phiếu mua hàng trị giá 300.000đ Áp dụng mua Máy in                                                            4                                              Tặng Phiếu mua hàng Màn hình máy tính trị giá 300.000đ                                                            5                                              Phiếu mua hàng đồng hồ định vị trẻ em hãng Kidcare mệnh giá 100.000 VND                                                            6                                              Nhập mã VNPAY0126 giảm tối đa 100,000đ (áp dụng tùy giá trị đơn hàng) khi thanh toán qua VNPAY-QR  (Xem chi tiết tại đây);;https://www.thegioididong.com/laptop/macbook-air-13-inch-m4-32gb-256gb;DEBUG_OOS_MacBook Air 13 inch M4 32GB/256GB_Vàng_081505.png
MacBook Pro 16 inch M4 Pro 48GB/1TB;Đen;Yes;81690000;79090000;2026-03-09;Khuyến mãi  trị giá 800.000₫                     Giá và khuyến mãi dự kiến áp dụng đến 23:00 | 31/03                                                                         1                                              Phiếu mua hàng Chuột, Bàn phím (Apple) trị giá 500,000đ                                                            2                                              Tặng Phiếu mua hàng Balo, Túi chống sốc (giá trị trên 1,000,000đ) trị giá 300,000đ                                                            3                                              Tặng Phiếu mua hàng trị giá 300.000đ Áp dụng mua Máy in                                                            4                                              Tặng Phiếu mua hàng Màn hình máy tính trị giá 300.000đ                                                            5                                              Phiếu mua hàng đồng hồ định vị trẻ em hãng Kidcare mệnh giá 100.000 VND                                                            6                                              Nhập mã VNPAY0126 giảm tối đa 100,000đ (áp dụng tùy giá trị đơn hàng) khi thanh toán qua VNPAY-QR  (Xem chi tiết tại đây);;https://www.thegioididong.com/laptop/macbook-pro-16-inch-m4-pro-48gb-1tb;Skipped
MacBook Air 15 inch M4 24GB/512GB;Bạc;No;41190000;39490000;2026-03-09;Khuyến mãi  trị giá 800.000₫                     Giá và khuyến mãi dự kiến áp dụng đến 23:00 | 31/03                                                                         1                                              Phiếu mua hàng Chuột, Bàn phím (Apple) trị giá 500,000đ                                                            2                                              Tặng Phiếu mua hàng Balo, Túi chống sốc (giá trị trên 1,000,000đ) trị giá 300,000đ                                                            3                                              Tặng Phiếu mua hàng trị giá 300.000đ Áp dụng mua Máy in                                                            4                                              Tặng Phiếu mua hàng Màn hình máy tính trị giá 300.000đ                                                            5                                              Phiếu mua hàng đồng hồ định vị trẻ em hãng Kidcare mệnh giá 100.000 VND                                                            6                                              Nhập mã VNPAY0126 giảm tối đa 100,000đ (áp dụng tùy giá trị đơn hàng) khi thanh toán qua VNPAY-QR  (Xem chi tiết tại đây);;https://www.thegioididong.com/laptop/macbook-air-15-inch-m4-24gb-512gb;DEBUG_OOS_MacBook Air 15 inch M4 24GB/512GB_Bạc_081508.png
MacBook Air 13 inch M4 32GB/256GB;Xanh da trời nhạt;No;36290000;34990000;2026-03-09;Khuyến mãi  trị giá 800.000₫                     Giá và khuyến mãi dự kiến áp dụng đến 23:00 | 31/03                                                                         1                                              Phiếu mua hàng Chuột, Bàn phím (Apple) trị giá 500,000đ                                                            2                                              Tặng Phiếu mua hàng Balo, Túi chống sốc (giá trị trên 1,000,000đ) trị giá 300,000đ                                                            3                                              Tặng Phiếu mua hàng trị giá 300.000đ Áp dụng mua Máy in                                                            4                                              Tặng Phiếu mua hàng Màn hình máy tính trị giá 300.000đ                                                            5                                              Phiếu mua hàng đồng hồ định vị trẻ em hãng Kidcare mệnh giá 100.000 VND                                                            6                                              Nhập mã VNPAY0126 giảm tối đa 100,000đ (áp dụng tùy giá trị đơn hàng) khi thanh toán qua VNPAY-QR  (Xem chi tiết tại đây);;https://www.thegioididong.com/laptop/macbook-air-13-inch-m4-32gb-256gb;DEBUG_OOS_MacBook Air 13 inch M4 32GB/256GB_Xanh da trời nhạt_081508.png
MacBook Air 15 inch M4 24GB/512GB;Vàng;No;41190000;39490000;2026-03-09;Khuyến mãi  trị giá 800.000₫                     Giá và khuyến mãi dự kiến áp dụng đến 23:00 | 31/03                                                                         1                                              Phiếu mua hàng Chuột, Bàn phím (Apple) trị giá 500,000đ                                                            2                                              Tặng Phiếu mua hàng Balo, Túi chống sốc (giá trị trên 1,000,000đ) trị giá 300,000đ                                                            3                                              Tặng Phiếu mua hàng trị giá 300.000đ Áp dụng mua Máy in                                                            4                                              Tặng Phiếu mua hàng Màn hình máy tính trị giá 300.000đ                                                            5                                              Phiếu mua hàng đồng hồ định vị trẻ em hãng Kidcare mệnh giá 100.000 VND                                                            6                                              Nhập mã VNPAY0126 giảm tối đa 100,000đ (áp dụng tùy giá trị đơn hàng) khi thanh toán qua VNPAY-QR  (Xem chi tiết tại đây);;https://www.thegioididong.com/laptop/macbook-air-15-inch-m4-24gb-512gb;DEBUG_OOS_MacBook Air 15 inch M4 24GB/512GB_Vàng_081512.png
MacBook Pro 16 inch M4 Pro 48GB/1TB;Bạc;No;81690000;79090000;2026-03-09;Khuyến mãi  trị giá 800.000₫                     Giá và khuyến mãi dự kiến áp dụng đến 23:00 | 31/03                                                                         1                                              Phiếu mua hàng Chuột, Bàn phím (Apple) trị giá 500,000đ                                                            2                                              Tặng Phiếu mua hàng Balo, Túi chống sốc (giá trị trên 1,000,000đ) trị giá 300,000đ                                                            3                                              Tặng Phiếu mua hàng trị giá 300.000đ Áp dụng mua Máy in                                                            4                                              Tặng Phiếu mua hàng Màn hình máy tính trị giá 300.000đ                                                            5                                              Phiếu mua hàng đồng hồ định vị trẻ em hãng Kidcare mệnh giá 100.000 VND                                                            6                                              Nhập mã VNPAY0126 giảm tối đa 100,000đ (áp dụng tùy giá trị đơn hàng) khi thanh toán qua VNPAY-QR  (Xem chi tiết tại đây);;https://www.thegioididong.com/laptop/macbook-pro-16-inch-m4-pro-48gb-1tb;DEBUG_OOS_MacBook Pro 16 inch M4 Pro 48GB/1TB_Bạc_081512.png
iPad A16 5G 128GB;Bạc;Yes;13990000;13790000;2026-03-09;"Khuyến mãi  trị giá 400.000₫                     Giá và khuyến mãi dự kiến áp dụng đến 23:00 | 31/03                                                                         1                                              Phiếu mua hàng Apple Pencil trị giá 400,000đ                                                            2                                              Tặng Phiếu mua hàng mua Balo; Túi Chống sốc; Ốp lưng; KBV Camera; Sạc dự phòng  (trừ AVA+, Hydrus); nhóm Tai nghe bluetooth, Loa Bluetooth các hãng JBL, Marshall,Harman Kardon; đồng hồ thông minh (trừ Apple) trị giá 100.000đ                                                            3                                              Thu cũ đổi mới: Giảm đến 2,000,000đ (Không kèm ưu đãi thanh toán qua cổng, mua kèm)  Xem chi tiết                                                            4                                              Nhập mã VNPAY0126 giảm tối đa 100,000đ (áp dụng tùy giá trị đơn hàng) khi thanh toán qua VNPAY-QR  (Xem chi tiết tại đây)";;https://www.thegioididong.com/may-tinh-bang/ipad-11-5g-128gb;Skipped
MacBook Air 13 inch M4 32GB/256GB;Bạc;Yes;36290000;34990000;2026-03-09;Khuyến mãi  trị giá 800.000₫                     Giá và khuyến mãi dự kiến áp dụng đến 23:00 | 31/03                                                                         1                                              Phiếu mua hàng Chuột, Bàn phím (Apple) trị giá 500,000đ                                                            2                                              Tặng Phiếu mua hàng Balo, Túi chống sốc (giá trị trên 1,000,000đ) trị giá 300,000đ                                                            3                                              Tặng Phiếu mua hàng trị giá 300.000đ Áp dụng mua Máy in                                                            4                                              Tặng Phiếu mua hàng Màn hình máy tính trị giá 300.000đ                                                            5                                              Phiếu mua hàng đồng hồ định vị trẻ em hãng Kidcare mệnh giá 100.000 VND                                                            6                                              Nhập mã VNPAY0126 giảm tối đa 100,000đ (áp dụng tùy giá trị đơn hàng) khi thanh toán qua VNPAY-QR  (Xem chi tiết tại đây);;https://www.thegioididong.com/laptop/macbook-air-13-inch-m4-32gb-256gb;Skipped
MacBook Air 15 inch M4 24GB/512GB;Xanh đen;No;41190000;39490000;2026-03-09;Khuyến mãi  trị giá 800.000₫                     Giá và khuyến mãi dự kiến áp dụng đến 23:00 | 31/03                                                                         1                                              Phiếu mua hàng Chuột, Bàn phím (Apple) trị giá 500,000đ                                                            2                                              Tặng Phiếu mua hàng Balo, Túi chống sốc (giá trị trên 1,000,000đ) trị giá 300,000đ                                                            3                                              Tặng Phiếu mua hàng trị giá 300.000đ Áp dụng mua Máy in                                                            4                                              Tặng Phiếu mua hàng Màn hình máy tính trị giá 300.000đ                                                            5                                              Phiếu mua hàng đồng hồ định vị trẻ em hãng Kidcare mệnh giá 100.000 VND                                                            6                                              Nhập mã VNPAY0126 giảm tối đa 100,000đ (áp dụng tùy giá trị đơn hàng) khi thanh toán qua VNPAY-QR  (Xem chi tiết tại đây);;https://www.thegioididong.com/laptop/macbook-air-15-inch-m4-24gb-512gb;DEBUG_OOS_MacBook Air 15 inch M4 24GB/512GB_Xanh đen_081516.png
MacBook Pro 16 inch M4 Pro 48GB/1TB;Đen;Yes;81690000;79090000;2026-03-09;Khuyến mãi  trị giá 800.000₫                     Giá và khuyến mãi dự kiến áp dụng đến 23:00 | 31/03                                                                         1                                              Phiếu mua hàng Chuột, Bàn phím (Apple) trị giá 500,000đ                                                            2                                              Tặng Phiếu mua hàng Balo, Túi chống sốc (giá trị trên 1,000,000đ) trị giá 300,000đ                                                            3                                              Tặng Phiếu mua hàng trị giá 300.000đ Áp dụng mua Máy in                                                            4                                              Tặng Phiếu mua hàng Màn hình máy tính trị giá 300.000đ                                                            5                                              Phiếu mua hàng đồng hồ định vị trẻ em hãng Kidcare mệnh giá 100.000 VND                                                            6                                              Nhập mã VNPAY0126 giảm tối đa 100,000đ (áp dụng tùy giá trị đơn hàng) khi thanh toán qua VNPAY-QR  (Xem chi tiết tại đây);;https://www.thegioididong.com/laptop/macbook-pro-16-inch-m4-pro-48gb-1tb;Skipped
MacBook Air 15 inch M4 24GB/512GB;Xanh da trời nhạt;No;41190000;39490000;2026-03-09;Khuyến mãi  trị giá 800.000₫                     Giá và khuyến mãi dự kiến áp dụng đến 23:00 | 31/03                                                                         1                                              Phiếu mua hàng Chuột, Bàn phím (Apple) trị giá 500,000đ                                                            2                                              Tặng Phiếu mua hàng Balo, Túi chống sốc (giá trị trên 1,000,000đ) trị giá 300,000đ                                                            3                                              Tặng Phiếu mua hàng trị giá 300.000đ Áp dụng mua Máy in                                                            4                                              Tặng Phiếu mua hàng Màn hình máy tính trị giá 300.000đ                                                            5                                              Phiếu mua hàng đồng hồ định vị trẻ em hãng Kidcare mệnh giá 100.000 VND                                                            6                                              Nhập mã VNPAY0126 giảm tối đa 100,000đ (áp dụng tùy giá trị đơn hàng) khi thanh toán qua VNPAY-QR  (Xem chi tiết tại đây);;https://www.thegioididong.com/laptop/macbook-air-15-inch-m4-24gb-512gb;DEBUG_OOS_MacBook Air 15 inch M4 24GB/512GB_Xanh da trời nhạt_081522.png
iPad A16 5G 128GB;Hồng;Yes;13990000;13790000;2026-03-09;"Khuyến mãi  trị giá 400.000₫                     Giá và khuyến mãi dự kiến áp dụng đến 23:00 | 31/03                                                                         1                                              Phiếu mua hàng Apple Pencil trị giá 400,000đ                                                            2                                              Tặng Phiếu mua hàng mua Balo; Túi Chống sốc; Ốp lưng; KBV Camera; Sạc dự phòng  (trừ AVA+, Hydrus); nhóm Tai nghe bluetooth, Loa Bluetooth các hãng JBL, Marshall,Harman Kardon; đồng hồ thông minh (trừ Apple) trị giá 100.000đ                                                            3                                              Thu cũ đổi mới: Giảm đến 2,000,000đ (Không kèm ưu đãi thanh toán qua cổng, mua kèm)  Xem chi tiết                                                            4                                              Nhập mã VNPAY0126 giảm tối đa 100,000đ (áp dụng tùy giá trị đơn hàng) khi thanh toán qua VNPAY-QR  (Xem chi tiết tại đây)";;https://www.thegioididong.com/may-tinh-bang/ipad-11-5g-128gb;Skipped
MacBook Air 15 inch M4 24GB/512GB;Xanh Da Trời;No;41490000;40590000;2026-03-09;Khuyến mãi  trị giá 800.000₫                     Giá và khuyến mãi dự kiến áp dụng đến 23:00 | 31/03                                                                         1                                              Phiếu mua hàng Chuột, Bàn phím (Apple) trị giá 500,000đ                                                            2                                              Tặng Phiếu mua hàng Balo, Túi chống sốc (giá trị trên 1,000,000đ) trị giá 300,000đ                                                            3                                              Tặng Phiếu mua hàng trị giá 300.000đ Áp dụng mua Máy in                                                            4                                              Tặng Phiếu mua hàng Màn hình máy tính trị giá 300.000đ                                                            5                                              Phiếu mua hàng đồng hồ định vị trẻ em hãng Kidcare mệnh giá 100.000 VND                                                            6                                              Nhập mã VNPAY0126 giảm tối đa 100,000đ (áp dụng tùy giá trị đơn hàng) khi thanh toán qua VNPAY-QR  (Xem chi tiết tại đây);;https://www.thegioididong.com/laptop/macbook-air-15-inch-m4-24gb-512gb;DEBUG_OOS_MacBook Air 15 inch M4 24GB/512GB_Xanh Da Trời_081526.png
iPad A16 WiFi 128GB;Vàng;Yes;9790000;9590000;2026-03-09;"Khuyến mãi  trị giá 400.000₫                     Giá và khuyến mãi dự kiến áp dụng đến 23:00 | 31/03                                                                         1                                              Phiếu mua hàng Apple Pencil trị giá 400,000đ                                                            2                                              Tặng Phiếu mua hàng mua Balo; Túi Chống sốc; Ốp lưng; KBV Camera; Sạc dự phòng  (trừ AVA+, Hydrus); nhóm Tai nghe bluetooth, Loa Bluetooth các hãng JBL, Marshall,Harman Kardon; đồng hồ thông minh (trừ Apple) trị giá 100.000đ                                                            3                                              Thu cũ đổi mới: Giảm đến 2,000,000đ (Không kèm ưu đãi thanh toán qua cổng, mua kèm)  Xem chi tiết                                                            4                                              Nhập mã VNPAY0126 giảm tối đa 100,000đ (áp dụng tùy giá trị đơn hàng) khi thanh toán qua VNPAY-QR  (Xem chi tiết tại đây)";;https://www.thegioididong.com/may-tinh-bang/ipad-11-wifi-128gb;Skipped
iPad A16 5G 128GB;Xanh Dương;Yes;13990000;13790000;2026-03-09;"Khuyến mãi  trị giá 400.000₫                     Giá và khuyến mãi dự kiến áp dụng đến 23:00 | 31/03                                                                         1                                              Phiếu mua hàng Apple Pencil trị giá 400,000đ                                                            2                                              Tặng Phiếu mua hàng mua Balo; Túi Chống sốc; Ốp lưng; KBV Camera; Sạc dự phòng  (trừ AVA+, Hydrus); nhóm Tai nghe bluetooth, Loa Bluetooth các hãng JBL, Marshall,Harman Kardon; đồng hồ thông minh (trừ Apple) trị giá 100.000đ                                                            3                                              Thu cũ đổi mới: Giảm đến 2,000,000đ (Không kèm ưu đãi thanh toán qua cổng, mua kèm)  Xem chi tiết                                                            4                                              Nhập mã VNPAY0126 giảm tối đa 100,000đ (áp dụng tùy giá trị đơn hàng) khi thanh toán qua VNPAY-QR  (Xem chi tiết tại đây)";;https://www.thegioididong.com/may-tinh-bang/ipad-11-5g-128gb;Skipped
iPad Air M3 11 inch 5G 128GB;Đen - Xám;Yes;20790000;20490000;2026-03-09;"Khuyến mãi  trị giá 400.000₫                     Giá và khuyến mãi dự kiến áp dụng đến 23:00 | 31/03                                                                         1                                              Phiếu mua hàng Apple Pencil trị giá 400,000đ                                                            2                                              Tặng Phiếu mua hàng mua Balo; Túi Chống sốc; Ốp lưng; KBV Camera; Sạc dự phòng  (trừ AVA+, Hydrus); nhóm Tai nghe bluetooth, Loa Bluetooth các hãng JBL, Marshall,Harman Kardon; đồng hồ thông minh (trừ Apple) trị giá 100.000đ                                                            3                                              Thu cũ đổi mới: Giảm đến 2,000,000đ (Không kèm ưu đãi thanh toán qua cổng, mua kèm)  Xem chi tiết                                                            4                                              Nhập mã VNPAY0126 giảm tối đa 100,000đ (áp dụng tùy giá trị đơn hàng) khi thanh toán qua VNPAY-QR  (Xem chi tiết tại đây)";;https://www.thegioididong.com/may-tinh-bang/ipad-air-m3-11-inch-5g-128gb;Skipped
MacBook Air 15 inch M4 24GB/512GB;Bạc;No;41190000;39490000;2026-03-09;Khuyến mãi  trị giá 800.000₫                     Giá và khuyến mãi dự kiến áp dụng đến 23:00 | 31/03                                                                         1                                              Phiếu mua hàng Chuột, Bàn phím (Apple) trị giá 500,000đ                                                            2                                              Tặng Phiếu mua hàng Balo, Túi chống sốc (giá trị trên 1,000,000đ) trị giá 300,000đ                                                            3                                              Tặng Phiếu mua hàng trị giá 300.000đ Áp dụng mua Máy in                                                            4                                              Tặng Phiếu mua hàng Màn hình máy tính trị giá 300.000đ                                                            5                                              Phiếu mua hàng đồng hồ định vị trẻ em hãng Kidcare mệnh giá 100.000 VND                                                            6                                              Nhập mã VNPAY0126 giảm tối đa 100,000đ (áp dụng tùy giá trị đơn hàng) khi thanh toán qua VNPAY-QR  (Xem chi tiết tại đây);;https://www.thegioididong.com/laptop/macbook-air-15-inch-m4-24gb-512gb;DEBUG_OOS_MacBook Air 15 inch M4 24GB/512GB_Bạc_081533.png
iPad A16 WiFi 128GB;Xanh Dương;Yes;9790000;9590000;2026-03-09;"Khuyến mãi  trị giá 400.000₫                     Giá và khuyến mãi dự kiến áp dụng đến 23:00 | 31/03                                                                         1                                              Phiếu mua hàng Apple Pencil trị giá 400,000đ                                                            2                                              Tặng Phiếu mua hàng mua Balo; Túi Chống sốc; Ốp lưng; KBV Camera; Sạc dự phòng  (trừ AVA+, Hydrus); nhóm Tai nghe bluetooth, Loa Bluetooth các hãng JBL, Marshall,Harman Kardon; đồng hồ thông minh (trừ Apple) trị giá 100.000đ                                                            3                                              Thu cũ đổi mới: Giảm đến 2,000,000đ (Không kèm ưu đãi thanh toán qua cổng, mua kèm)  Xem chi tiết                                                            4                                              Nhập mã VNPAY0126 giảm tối đa 100,000đ (áp dụng tùy giá trị đơn hàng) khi thanh toán qua VNPAY-QR  (Xem chi tiết tại đây)";;https://www.thegioididong.com/may-tinh-bang/ipad-11-wifi-128gb;Skipped
MacBook Air 15 inch M4 24GB/512GB;Vàng;No;41190000;39490000;2026-03-09;Khuyến mãi  trị giá 800.000₫                     Giá và khuyến mãi dự kiến áp dụng đến 23:00 | 31/03                                                                         1                                              Phiếu mua hàng Chuột, Bàn phím (Apple) trị giá 500,000đ                                                            2                                              Tặng Phiếu mua hàng Balo, Túi chống sốc (giá trị trên 1,000,000đ) trị giá 300,000đ                                                            3                                              Tặng Phiếu mua hàng trị giá 300.000đ Áp dụng mua Máy in                                                            4                                              Tặng Phiếu mua hàng Màn hình máy tính trị giá 300.000đ                                                            5                                              Phiếu mua hàng đồng hồ định vị trẻ em hãng Kidcare mệnh giá 100.000 VND                                                            6                                              Nhập mã VNPAY0126 giảm tối đa 100,000đ (áp dụng tùy giá trị đơn hàng) khi thanh toán qua VNPAY-QR  (Xem chi tiết tại đây);;https://www.thegioididong.com/laptop/macbook-air-15-inch-m4-24gb-512gb;DEBUG_OOS_MacBook Air 15 inch M4 24GB/512GB_Vàng_081537.png
iPad A16 5G 128GB;Vàng;Yes;13990000;13790000;2026-03-09;"Khuyến mãi  trị giá 400.000₫                     Giá và khuyến mãi dự kiến áp dụng đến 23:00 | 31/03                                                                         1                                              Phiếu mua hàng Apple Pencil trị giá 400,000đ                                                            2                                              Tặng Phiếu mua hàng mua Balo; Túi Chống sốc; Ốp lưng; KBV Camera; Sạc dự phòng  (trừ AVA+, Hydrus); nhóm Tai nghe bluetooth, Loa Bluetooth các hãng JBL, Marshall,Harman Kardon; đồng hồ thông minh (trừ Apple) trị giá 100.000đ                                                            3                                              Thu cũ đổi mới: Giảm đến 2,000,000đ (Không kèm ưu đãi thanh toán qua cổng, mua kèm)  Xem chi tiết                                                            4                                              Nhập mã VNPAY0126 giảm tối đa 100,000đ (áp dụng tùy giá trị đơn hàng) khi thanh toán qua VNPAY-QR  (Xem chi tiết tại đây)";;https://www.thegioididong.com/may-tinh-bang/ipad-11-5g-128gb;Skipped
iPad Air M3 11 inch 5G 128GB;Tím;Yes;20790000;20490000;2026-03-09;"Khuyến mãi  trị giá 400.000₫                     Giá và khuyến mãi dự kiến áp dụng đến 23:00 | 31/03                                                                         1                                              Phiếu mua hàng Apple Pencil trị giá 400,000đ                                                            2                                              Tặng Phiếu mua hàng mua Balo; Túi Chống sốc; Ốp lưng; KBV Camera; Sạc dự phòng  (trừ AVA+, Hydrus); nhóm Tai nghe bluetooth, Loa Bluetooth các hãng JBL, Marshall,Harman Kardon; đồng hồ thông minh (trừ Apple) trị giá 100.000đ                                                            3                                              Thu cũ đổi mới: Giảm đến 2,000,000đ (Không kèm ưu đãi thanh toán qua cổng, mua kèm)  Xem chi tiết                                                            4                                              Nhập mã VNPAY0126 giảm tối đa 100,000đ (áp dụng tùy giá trị đơn hàng) khi thanh toán qua VNPAY-QR  (Xem chi tiết tại đây)";;https://www.thegioididong.com/may-tinh-bang/ipad-air-m3-11-inch-5g-128gb;Skipped
MacBook Air 15 inch M4 24GB/512GB;Xanh đen;No;41190000;39490000;2026-03-09;Khuyến mãi  trị giá 800.000₫                     Giá và khuyến mãi dự kiến áp dụng đến 23:00 | 31/03                                                                         1                                              Phiếu mua hàng Chuột, Bàn phím (Apple) trị giá 500,000đ                                                            2                                              Tặng Phiếu mua hàng Balo, Túi chống sốc (giá trị trên 1,000,000đ) trị giá 300,000đ                                                            3                                              Tặng Phiếu mua hàng trị giá 300.000đ Áp dụng mua Máy in                                                            4                                              Tặng Phiếu mua hàng Màn hình máy tính trị giá 300.000đ                                                            5                                              Phiếu mua hàng đồng hồ định vị trẻ em hãng Kidcare mệnh giá 100.000 VND                                                            6                                              Nhập mã VNPAY0126 giảm tối đa 100,000đ (áp dụng tùy giá trị đơn hàng) khi thanh toán qua VNPAY-QR  (Xem chi tiết tại đây);;https://www.thegioididong.com/laptop/macbook-air-15-inch-m4-24gb-512gb;DEBUG_OOS_MacBook Air 15 inch M4 24GB/512GB_Xanh đen_081542.png
iPad A16 WiFi 128GB;Bạc;Yes;9790000;9590000;2026-03-09;"Khuyến mãi  trị giá 400.000₫                     Giá và khuyến mãi dự kiến áp dụng đến 23:00 | 31/03                                                                         1                                              Phiếu mua hàng Apple Pencil trị giá 400,000đ                                                            2                                              Tặng Phiếu mua hàng mua Balo; Túi Chống sốc; Ốp lưng; KBV Camera; Sạc dự phòng  (trừ AVA+, Hydrus); nhóm Tai nghe bluetooth, Loa Bluetooth các hãng JBL, Marshall,Harman Kardon; đồng hồ thông minh (trừ Apple) trị giá 100.000đ                                                            3                                              Thu cũ đổi mới: Giảm đến 2,000,000đ (Không kèm ưu đãi thanh toán qua cổng, mua kèm)  Xem chi tiết                                                            4                                              Nhập mã VNPAY0126 giảm tối đa 100,000đ (áp dụng tùy giá trị đơn hàng) khi thanh toán qua VNPAY-QR  (Xem chi tiết tại đây)";;https://www.thegioididong.com/may-tinh-bang/ipad-11-wifi-128gb;Skipped
iPad A16 5G 256GB;Xanh Dương;Yes;16790000;16490000;2026-03-09;Khuyến mãi  trị giá 400.000₫             Giá và khuyến mãi có thể kết thúc sớm hơn dự kiến                                                                         1                                              Phiếu mua hàng Apple Pencil trị giá 400,000đ                                                            2                                              Nhập mã VNPAY0126 giảm tối đa 100,000đ (áp dụng tùy giá trị đơn hàng) khi thanh toán qua VNPAY-QR  (Xem chi tiết tại đây);;https://www.thegioididong.com/may-tinh-bang/ipad-11-5g-128gb;Skipped
MacBook Air 15 inch M4 24GB/512GB;Xanh da trời nhạt;No;41190000;39490000;2026-03-09;Khuyến mãi  trị giá 800.000₫                     Giá và khuyến mãi dự kiến áp dụng đến 23:00 | 31/03                                                                         1                                              Phiếu mua hàng Chuột, Bàn phím (Apple) trị giá 500,000đ                                                            2                                              Tặng Phiếu mua hàng Balo, Túi chống sốc (giá trị trên 1,000,000đ) trị giá 300,000đ                                                            3                                              Tặng Phiếu mua hàng trị giá 300.000đ Áp dụng mua Máy in                                                            4                                              Tặng Phiếu mua hàng Màn hình máy tính trị giá 300.000đ                                                            5                                              Phiếu mua hàng đồng hồ định vị trẻ em hãng Kidcare mệnh giá 100.000 VND                                                            6                                              Nhập mã VNPAY0126 giảm tối đa 100,000đ (áp dụng tùy giá trị đơn hàng) khi thanh toán qua VNPAY-QR  (Xem chi tiết tại đây);;https://www.thegioididong.com/laptop/macbook-air-15-inch-m4-24gb-512gb;DEBUG_OOS_MacBook Air 15 inch M4 24GB/512GB_Xanh da trời nhạt_081547.png
iPad Air M3 11 inch 5G 128GB;Trắng Starlight;Yes;20790000;20490000;2026-03-09;"Khuyến mãi  trị giá 400.000₫                     Giá và khuyến mãi dự kiến áp dụng đến 23:00 | 31/03                                                                         1                                              Phiếu mua hàng Apple Pencil trị giá 400,000đ                                                            2                                              Tặng Phiếu mua hàng mua Balo; Túi Chống sốc; Ốp lưng; KBV Camera; Sạc dự phòng  (trừ AVA+, Hydrus); nhóm Tai nghe bluetooth, Loa Bluetooth các hãng JBL, Marshall,Harman Kardon; đồng hồ thông minh (trừ Apple) trị giá 100.000đ                                                            3                                              Thu cũ đổi mới: Giảm đến 2,000,000đ (Không kèm ưu đãi thanh toán qua cổng, mua kèm)  Xem chi tiết                                                            4                                              Nhập mã VNPAY0126 giảm tối đa 100,000đ (áp dụng tùy giá trị đơn hàng) khi thanh toán qua VNPAY-QR  (Xem chi tiết tại đây)";;https://www.thegioididong.com/may-tinh-bang/ipad-air-m3-11-inch-5g-128gb;Skipped
MacBook Air 15 inch M4 24GB/512GB;Xanh Da Trời;No;41490000;40590000;2026-03-09;Khuyến mãi  trị giá 800.000₫                     Giá và khuyến mãi dự kiến áp dụng đến 23:00 | 31/03                                                                         1                                              Phiếu mua hàng Chuột, Bàn phím (Apple) trị giá 500,000đ                                                            2                                              Tặng Phiếu mua hàng Balo, Túi chống sốc (giá trị trên 1,000,000đ) trị giá 300,000đ                                                            3                                              Tặng Phiếu mua hàng trị giá 300.000đ Áp dụng mua Máy in                                                            4                                              Tặng Phiếu mua hàng Màn hình máy tính trị giá 300.000đ                                                            5                                              Phiếu mua hàng đồng hồ định vị trẻ em hãng Kidcare mệnh giá 100.000 VND                                                            6                                              Nhập mã VNPAY0126 giảm tối đa 100,000đ (áp dụng tùy giá trị đơn hàng) khi thanh toán qua VNPAY-QR  (Xem chi tiết tại đây);;https://www.thegioididong.com/laptop/macbook-air-15-inch-m4-24gb-512gb;DEBUG_OOS_MacBook Air 15 inch M4 24GB/512GB_Xanh Da Trời_081551.png
iPad A16 5G 256GB;Hồng;Yes;16790000;16590000;2026-03-09;"Khuyến mãi  trị giá 400.000₫                     Giá và khuyến mãi dự kiến áp dụng đến 23:00 | 31/03                                                                         1                                              Phiếu mua hàng Apple Pencil trị giá 400,000đ                                                            2                                              Tặng Phiếu mua hàng mua Balo; Túi Chống sốc; Ốp lưng; KBV Camera; Sạc dự phòng  (trừ AVA+, Hydrus); nhóm Tai nghe bluetooth, Loa Bluetooth các hãng JBL, Marshall,Harman Kardon; đồng hồ thông minh (trừ Apple) trị giá 100.000đ                                                            3                                              Thu cũ đổi mới: Giảm đến 2,000,000đ (Không kèm ưu đãi thanh toán qua cổng, mua kèm)  Xem chi tiết                                                            4                                              Nhập mã VNPAY0126 giảm tối đa 100,000đ (áp dụng tùy giá trị đơn hàng) khi thanh toán qua VNPAY-QR  (Xem chi tiết tại đây)";;https://www.thegioididong.com/may-tinh-bang/ipad-11-5g-128gb;Skipped
iPad A16 WiFi 128GB;Hồng;Yes;9790000;9590000;2026-03-09;"Khuyến mãi  trị giá 400.000₫                     Giá và khuyến mãi dự kiến áp dụng đến 23:00 | 31/03                                                                         1                                              Phiếu mua hàng Apple Pencil trị giá 400,000đ                                                            2                                              Tặng Phiếu mua hàng mua Balo; Túi Chống sốc; Ốp lưng; KBV Camera; Sạc dự phòng  (trừ AVA+, Hydrus); nhóm Tai nghe bluetooth, Loa Bluetooth các hãng JBL, Marshall,Harman Kardon; đồng hồ thông minh (trừ Apple) trị giá 100.000đ                                                            3                                              Thu cũ đổi mới: Giảm đến 2,000,000đ (Không kèm ưu đãi thanh toán qua cổng, mua kèm)  Xem chi tiết                                                            4                                              Nhập mã VNPAY0126 giảm tối đa 100,000đ (áp dụng tùy giá trị đơn hàng) khi thanh toán qua VNPAY-QR  (Xem chi tiết tại đây)";;https://www.thegioididong.com/may-tinh-bang/ipad-11-wifi-128gb;Skipped
iPad Air M3 11 inch 5G 128GB;Xanh Dương;Yes;20790000;20490000;2026-03-09;"Khuyến mãi  trị giá 400.000₫                     Giá và khuyến mãi dự kiến áp dụng đến 23:00 | 31/03                                                                         1                                              Phiếu mua hàng Apple Pencil trị giá 400,000đ                                                            2                                              Tặng Phiếu mua hàng mua Balo; Túi Chống sốc; Ốp lưng; KBV Camera; Sạc dự phòng  (trừ AVA+, Hydrus); nhóm Tai nghe bluetooth, Loa Bluetooth các hãng JBL, Marshall,Harman Kardon; đồng hồ thông minh (trừ Apple) trị giá 100.000đ                                                            3                                              Thu cũ đổi mới: Giảm đến 2,000,000đ (Không kèm ưu đãi thanh toán qua cổng, mua kèm)  Xem chi tiết                                                            4                                              Nhập mã VNPAY0126 giảm tối đa 100,000đ (áp dụng tùy giá trị đơn hàng) khi thanh toán qua VNPAY-QR  (Xem chi tiết tại đây)";;https://www.thegioididong.com/may-tinh-bang/ipad-air-m3-11-inch-5g-128gb;Skipped
iPad A16 5G 256GB;Vàng;No;16790000;16590000;2026-03-09;"Khuyến mãi  trị giá 400.000₫                     Giá và khuyến mãi dự kiến áp dụng đến 23:00 | 31/03                                                                         1                                              Phiếu mua hàng Apple Pencil trị giá 400,000đ                                                            2                                              Tặng Phiếu mua hàng mua Balo; Túi Chống sốc; Ốp lưng; KBV Camera; Sạc dự phòng  (trừ AVA+, Hydrus); nhóm Tai nghe bluetooth, Loa Bluetooth các hãng JBL, Marshall,Harman Kardon; đồng hồ thông minh (trừ Apple) trị giá 100.000đ                                                            3                                              Thu cũ đổi mới: Giảm đến 2,000,000đ (Không kèm ưu đãi thanh toán qua cổng, mua kèm)  Xem chi tiết                                                            4                                              Nhập mã VNPAY0126 giảm tối đa 100,000đ (áp dụng tùy giá trị đơn hàng) khi thanh toán qua VNPAY-QR  (Xem chi tiết tại đây)";;https://www.thegioididong.com/may-tinh-bang/ipad-11-5g-128gb;DEBUG_OOS_iPad A16 5G 256GB_Vàng_081557.png
MacBook Air 15 inch M4 24GB/512GB;Bạc;No;41190000;39490000;2026-03-09;Khuyến mãi  trị giá 800.000₫                     Giá và khuyến mãi dự kiến áp dụng đến 23:00 | 31/03                                                                         1                                              Phiếu mua hàng Chuột, Bàn phím (Apple) trị giá 500,000đ                                                            2                                              Tặng Phiếu mua hàng Balo, Túi chống sốc (giá trị trên 1,000,000đ) trị giá 300,000đ                                                            3                                              Tặng Phiếu mua hàng trị giá 300.000đ Áp dụng mua Máy in                                                            4                                              Tặng Phiếu mua hàng Màn hình máy tính trị giá 300.000đ                                                            5                                              Phiếu mua hàng đồng hồ định vị trẻ em hãng Kidcare mệnh giá 100.000 VND                                                            6                                              Nhập mã VNPAY0126 giảm tối đa 100,000đ (áp dụng tùy giá trị đơn hàng) khi thanh toán qua VNPAY-QR  (Xem chi tiết tại đây);;https://www.thegioididong.com/laptop/macbook-air-15-inch-m4-24gb-512gb;DEBUG_OOS_MacBook Air 15 inch M4 24GB/512GB_Bạc_081558.png
iPad A16 WiFi 256GB;Xanh Dương;Yes;12590000;12390000;2026-03-09;"Khuyến mãi  trị giá 400.000₫                     Giá và khuyến mãi dự kiến áp dụng đến 23:00 | 31/03                                                                         1                                              Phiếu mua hàng Apple Pencil trị giá 400,000đ                                                            2                                              Tặng Phiếu mua hàng mua Balo; Túi Chống sốc; Ốp lưng; KBV Camera; Sạc dự phòng  (trừ AVA+, Hydrus); nhóm Tai nghe bluetooth, Loa Bluetooth các hãng JBL, Marshall,Harman Kardon; đồng hồ thông minh (trừ Apple) trị giá 100.000đ                                                            3                                              Thu cũ đổi mới: Giảm đến 2,000,000đ (Không kèm ưu đãi thanh toán qua cổng, mua kèm)  Xem chi tiết                                                            4                                              Nhập mã VNPAY0126 giảm tối đa 100,000đ (áp dụng tùy giá trị đơn hàng) khi thanh toán qua VNPAY-QR  (Xem chi tiết tại đây)";;https://www.thegioididong.com/may-tinh-bang/ipad-11-wifi-128gb;Skipped
iPad A16 5G 256GB;Bạc;No;16790000;16590000;2026-03-09;"Khuyến mãi  trị giá 400.000₫                     Giá và khuyến mãi dự kiến áp dụng đến 23:00 | 31/03                                                                         1                                              Phiếu mua hàng Apple Pencil trị giá 400,000đ                                                            2                                              Tặng Phiếu mua hàng mua Balo; Túi Chống sốc; Ốp lưng; KBV Camera; Sạc dự phòng  (trừ AVA+, Hydrus); nhóm Tai nghe bluetooth, Loa Bluetooth các hãng JBL, Marshall,Harman Kardon; đồng hồ thông minh (trừ Apple) trị giá 100.000đ                                                            3                                              Thu cũ đổi mới: Giảm đến 2,000,000đ (Không kèm ưu đãi thanh toán qua cổng, mua kèm)  Xem chi tiết                                                            4                                              Nhập mã VNPAY0126 giảm tối đa 100,000đ (áp dụng tùy giá trị đơn hàng) khi thanh toán qua VNPAY-QR  (Xem chi tiết tại đây)";;https://www.thegioididong.com/may-tinh-bang/ipad-11-5g-128gb;DEBUG_OOS_iPad A16 5G 256GB_Bạc_081602.png
MacBook Air 15 inch M4 24GB/512GB;Vàng;No;41190000;39490000;2026-03-09;Khuyến mãi  trị giá 800.000₫                     Giá và khuyến mãi dự kiến áp dụng đến 23:00 | 31/03                                                                         1                                              Phiếu mua hàng Chuột, Bàn phím (Apple) trị giá 500,000đ                                                            2                                              Tặng Phiếu mua hàng Balo, Túi chống sốc (giá trị trên 1,000,000đ) trị giá 300,000đ                                                            3                                              Tặng Phiếu mua hàng trị giá 300.000đ Áp dụng mua Máy in                                                            4                                              Tặng Phiếu mua hàng Màn hình máy tính trị giá 300.000đ                                                            5                                              Phiếu mua hàng đồng hồ định vị trẻ em hãng Kidcare mệnh giá 100.000 VND                                                            6                                              Nhập mã VNPAY0126 giảm tối đa 100,000đ (áp dụng tùy giá trị đơn hàng) khi thanh toán qua VNPAY-QR  (Xem chi tiết tại đây);;https://www.thegioididong.com/laptop/macbook-air-15-inch-m4-24gb-512gb;DEBUG_OOS_MacBook Air 15 inch M4 24GB/512GB_Vàng_081602.png
iPad Air M3 11 inch 5G 256GB;Tím;Yes;23590000;23290000;2026-03-09;"Khuyến mãi  trị giá 400.000₫                     Giá và khuyến mãi dự kiến áp dụng đến 23:00 | 31/03                                                                         1                                              Phiếu mua hàng Apple Pencil trị giá 400,000đ                                                            2                                              Tặng Phiếu mua hàng mua Balo; Túi Chống sốc; Ốp lưng; KBV Camera; Sạc dự phòng  (trừ AVA+, Hydrus); nhóm Tai nghe bluetooth, Loa Bluetooth các hãng JBL, Marshall,Harman Kardon; đồng hồ thông minh (trừ Apple) trị giá 100.000đ                                                            3                                              Thu cũ đổi mới: Giảm đến 2,000,000đ (Không kèm ưu đãi thanh toán qua cổng, mua kèm)  Xem chi tiết                                                            4                                              Nhập mã VNPAY0126 giảm tối đa 100,000đ (áp dụng tùy giá trị đơn hàng) khi thanh toán qua VNPAY-QR  (Xem chi tiết tại đây)";;https://www.thegioididong.com/may-tinh-bang/ipad-air-m3-11-inch-5g-128gb;Skipped
MacBook Air 15 inch M4 24GB/512GB;Xanh đen;No;41190000;39490000;2026-03-09;Khuyến mãi  trị giá 800.000₫                     Giá và khuyến mãi dự kiến áp dụng đến 23:00 | 31/03                                                                         1                                              Phiếu mua hàng Chuột, Bàn phím (Apple) trị giá 500,000đ                                                            2                                              Tặng Phiếu mua hàng Balo, Túi chống sốc (giá trị trên 1,000,000đ) trị giá 300,000đ                                                            3                                              Tặng Phiếu mua hàng trị giá 300.000đ Áp dụng mua Máy in                                                            4                                              Tặng Phiếu mua hàng Màn hình máy tính trị giá 300.000đ                                                            5                                              Phiếu mua hàng đồng hồ định vị trẻ em hãng Kidcare mệnh giá 100.000 VND                                                            6                                              Nhập mã VNPAY0126 giảm tối đa 100,000đ (áp dụng tùy giá trị đơn hàng) khi thanh toán qua VNPAY-QR  (Xem chi tiết tại đây);;https://www.thegioididong.com/laptop/macbook-air-15-inch-m4-24gb-512gb;DEBUG_OOS_MacBook Air 15 inch M4 24GB/512GB_Xanh đen_081608.png
iPad A16 WiFi 256GB;Bạc;Yes;12590000;12390000;2026-03-09;"Khuyến mãi  trị giá 400.000₫                     Giá và khuyến mãi dự kiến áp dụng đến 23:00 | 31/03                                                                         1                                              Phiếu mua hàng Apple Pencil trị giá 400,000đ                                                            2                                              Tặng Phiếu mua hàng mua Balo; Túi Chống sốc; Ốp lưng; KBV Camera; Sạc dự phòng  (trừ AVA+, Hydrus); nhóm Tai nghe bluetooth, Loa Bluetooth các hãng JBL, Marshall,Harman Kardon; đồng hồ thông minh (trừ Apple) trị giá 100.000đ                                                            3                                              Thu cũ đổi mới: Giảm đến 2,000,000đ (Không kèm ưu đãi thanh toán qua cổng, mua kèm)  Xem chi tiết                                                            4                                              Nhập mã VNPAY0126 giảm tối đa 100,000đ (áp dụng tùy giá trị đơn hàng) khi thanh toán qua VNPAY-QR  (Xem chi tiết tại đây)";;https://www.thegioididong.com/may-tinh-bang/ipad-11-wifi-128gb;Skipped
MacBook Air 15 inch M4 24GB/512GB;Xanh da trời nhạt;No;41190000;39490000;2026-03-09;Khuyến mãi  trị giá 800.000₫                     Giá và khuyến mãi dự kiến áp dụng đến 23:00 | 31/03                                                                         1                                              Phiếu mua hàng Chuột, Bàn phím (Apple) trị giá 500,000đ                                                            2                                              Tặng Phiếu mua hàng Balo, Túi chống sốc (giá trị trên 1,000,000đ) trị giá 300,000đ                                                            3                                              Tặng Phiếu mua hàng trị giá 300.000đ Áp dụng mua Máy in                                                            4                                              Tặng Phiếu mua hàng Màn hình máy tính trị giá 300.000đ                                                            5                                              Phiếu mua hàng đồng hồ định vị trẻ em hãng Kidcare mệnh giá 100.000 VND                                                            6                                              Nhập mã VNPAY0126 giảm tối đa 100,000đ (áp dụng tùy giá trị đơn hàng) khi thanh toán qua VNPAY-QR  (Xem chi tiết tại đây);;https://www.thegioididong.com/laptop/macbook-air-15-inch-m4-24gb-512gb;DEBUG_OOS_MacBook Air 15 inch M4 24GB/512GB_Xanh da trời nhạt_081612.png
iPad Air M3 11 inch 5G 256GB;Đen - Xám;Yes;23590000;23290000;2026-03-09;"Khuyến mãi  trị giá 400.000₫                     Giá và khuyến mãi dự kiến áp dụng đến 23:00 | 31/03                                                                         1                                              Phiếu mua hàng Apple Pencil trị giá 400,000đ                                                            2                                              Tặng Phiếu mua hàng mua Balo; Túi Chống sốc; Ốp lưng; KBV Camera; Sạc dự phòng  (trừ AVA+, Hydrus); nhóm Tai nghe bluetooth, Loa Bluetooth các hãng JBL, Marshall,Harman Kardon; đồng hồ thông minh (trừ Apple) trị giá 100.000đ                                                            3                                              Thu cũ đổi mới: Giảm đến 2,000,000đ (Không kèm ưu đãi thanh toán qua cổng, mua kèm)  Xem chi tiết                                                            4                                              Nhập mã VNPAY0126 giảm tối đa 100,000đ (áp dụng tùy giá trị đơn hàng) khi thanh toán qua VNPAY-QR  (Xem chi tiết tại đây)";;https://www.thegioididong.com/may-tinh-bang/ipad-air-m3-11-inch-5g-128gb;Skipped
iPad A16 5G 512GB;Vàng;Yes;22390000;21890000;2026-03-09;"Khuyến mãi  trị giá 400.000₫                     Giá và khuyến mãi dự kiến áp dụng đến 23:00 | 31/03                                                                         1                                              Phiếu mua hàng Apple Pencil trị giá 400,000đ                                                            2                                              Tặng Phiếu mua hàng mua Balo; Túi Chống sốc; Ốp lưng; KBV Camera; Sạc dự phòng  (trừ AVA+, Hydrus); nhóm Tai nghe bluetooth, Loa Bluetooth các hãng JBL, Marshall,Harman Kardon; đồng hồ thông minh (trừ Apple) trị giá 100.000đ                                                            3                                              Thu cũ đổi mới: Giảm đến 2,000,000đ (Không kèm ưu đãi thanh toán qua cổng, mua kèm)  Xem chi tiết                                                            4                                              Nhập mã VNPAY0126 giảm tối đa 100,000đ (áp dụng tùy giá trị đơn hàng) khi thanh toán qua VNPAY-QR  (Xem chi tiết tại đây)";;https://www.thegioididong.com/may-tinh-bang/ipad-11-5g-128gb;Skipped
MacBook Air 15 inch M4 24GB/512GB;Xanh Da Trời;No;41490000;40590000;2026-03-09;Khuyến mãi  trị giá 800.000₫                     Giá và khuyến mãi dự kiến áp dụng đến 23:00 | 31/03                                                                         1                                              Phiếu mua hàng Chuột, Bàn phím (Apple) trị giá 500,000đ                                                            2                                              Tặng Phiếu mua hàng Balo, Túi chống sốc (giá trị trên 1,000,000đ) trị giá 300,000đ                                                            3                                              Tặng Phiếu mua hàng trị giá 300.000đ Áp dụng mua Máy in                                                            4                                              Tặng Phiếu mua hàng Màn hình máy tính trị giá 300.000đ                                                            5                                              Phiếu mua hàng đồng hồ định vị trẻ em hãng Kidcare mệnh giá 100.000 VND                                                            6                                              Nhập mã VNPAY0126 giảm tối đa 100,000đ (áp dụng tùy giá trị đơn hàng) khi thanh toán qua VNPAY-QR  (Xem chi tiết tại đây);;https://www.thegioididong.com/laptop/macbook-air-15-inch-m4-24gb-512gb;DEBUG_OOS_MacBook Air 15 inch M4 24GB/512GB_Xanh Da Trời_081617.png
iPad A16 WiFi 256GB;Vàng;Yes;12590000;12390000;2026-03-09;"Khuyến mãi  trị giá 400.000₫                     Giá và khuyến mãi dự kiến áp dụng đến 23:00 | 31/03                                                                         1                                              Phiếu mua hàng Apple Pencil trị giá 400,000đ                                                            2                                              Tặng Phiếu mua hàng mua Balo; Túi Chống sốc; Ốp lưng; KBV Camera; Sạc dự phòng  (trừ AVA+, Hydrus); nhóm Tai nghe bluetooth, Loa Bluetooth các hãng JBL, Marshall,Harman Kardon; đồng hồ thông minh (trừ Apple) trị giá 100.000đ                                                            3                                              Thu cũ đổi mới: Giảm đến 2,000,000đ (Không kèm ưu đãi thanh toán qua cổng, mua kèm)  Xem chi tiết                                                            4                                              Nhập mã VNPAY0126 giảm tối đa 100,000đ (áp dụng tùy giá trị đơn hàng) khi thanh toán qua VNPAY-QR  (Xem chi tiết tại đây)";;https://www.thegioididong.com/may-tinh-bang/ipad-11-wifi-128gb;Skipped
iPad Air M3 11 inch 5G 256GB;Trắng Starlight;No;23590000;23290000;2026-03-09;"Khuyến mãi  trị giá 400.000₫                     Giá và khuyến mãi dự kiến áp dụng đến 23:00 | 31/03                                                                         1                                              Phiếu mua hàng Apple Pencil trị giá 400,000đ                                                            2                                              Tặng Phiếu mua hàng mua Balo; Túi Chống sốc; Ốp lưng; KBV Camera; Sạc dự phòng  (trừ AVA+, Hydrus); nhóm Tai nghe bluetooth, Loa Bluetooth các hãng JBL, Marshall,Harman Kardon; đồng hồ thông minh (trừ Apple) trị giá 100.000đ                                                            3                                              Thu cũ đổi mới: Giảm đến 2,000,000đ (Không kèm ưu đãi thanh toán qua cổng, mua kèm)  Xem chi tiết                                                            4                                              Nhập mã VNPAY0126 giảm tối đa 100,000đ (áp dụng tùy giá trị đơn hàng) khi thanh toán qua VNPAY-QR  (Xem chi tiết tại đây)";;https://www.thegioididong.com/may-tinh-bang/ipad-air-m3-11-inch-5g-128gb;DEBUG_OOS_iPad Air M3 11 inch 5G 256GB_Trắng Starlight_081618.png
iPad A16 5G 512GB;Xanh Dương;No;22390000;21890000;2026-03-09;"Khuyến mãi  trị giá 400.000₫                     Giá và khuyến mãi dự kiến áp dụng đến 23:00 | 31/03                                                                         1                                              Phiếu mua hàng Apple Pencil trị giá 400,000đ                                                            2                                              Tặng Phiếu mua hàng mua Balo; Túi Chống sốc; Ốp lưng; KBV Camera; Sạc dự phòng  (trừ AVA+, Hydrus); nhóm Tai nghe bluetooth, Loa Bluetooth các hãng JBL, Marshall,Harman Kardon; đồng hồ thông minh (trừ Apple) trị giá 100.000đ                                                            3                                              Thu cũ đổi mới: Giảm đến 2,000,000đ (Không kèm ưu đãi thanh toán qua cổng, mua kèm)  Xem chi tiết                                                            4                                              Nhập mã VNPAY0126 giảm tối đa 100,000đ (áp dụng tùy giá trị đơn hàng) khi thanh toán qua VNPAY-QR  (Xem chi tiết tại đây)";;https://www.thegioididong.com/may-tinh-bang/ipad-11-5g-128gb;DEBUG_OOS_iPad A16 5G 512GB_Xanh Dương_081621.png
iPad Air M3 11 inch 5G 256GB;Xanh Dương;Yes;23590000;23290000;2026-03-09;"Khuyến mãi  trị giá 400.000₫                     Giá và khuyến mãi dự kiến áp dụng đến 23:00 | 31/03                                                                         1                                              Phiếu mua hàng Apple Pencil trị giá 400,000đ                                                            2                                              Tặng Phiếu mua hàng mua Balo; Túi Chống sốc; Ốp lưng; KBV Camera; Sạc dự phòng  (trừ AVA+, Hydrus); nhóm Tai nghe bluetooth, Loa Bluetooth các hãng JBL, Marshall,Harman Kardon; đồng hồ thông minh (trừ Apple) trị giá 100.000đ                                                            3                                              Thu cũ đổi mới: Giảm đến 2,000,000đ (Không kèm ưu đãi thanh toán qua cổng, mua kèm)  Xem chi tiết                                                            4                                              Nhập mã VNPAY0126 giảm tối đa 100,000đ (áp dụng tùy giá trị đơn hàng) khi thanh toán qua VNPAY-QR  (Xem chi tiết tại đây)";;https://www.thegioididong.com/may-tinh-bang/ipad-air-m3-11-inch-5g-128gb;Skipped
iPad A16 WiFi 256GB;Hồng;Yes;12590000;12390000;2026-03-09;"Khuyến mãi  trị giá 400.000₫                     Giá và khuyến mãi dự kiến áp dụng đến 23:00 | 31/03                                                                         1                                              Phiếu mua hàng Apple Pencil trị giá 400,000đ                                                            2                                              Tặng Phiếu mua hàng mua Balo; Túi Chống sốc; Ốp lưng; KBV Camera; Sạc dự phòng  (trừ AVA+, Hydrus); nhóm Tai nghe bluetooth, Loa Bluetooth các hãng JBL, Marshall,Harman Kardon; đồng hồ thông minh (trừ Apple) trị giá 100.000đ                                                            3                                              Thu cũ đổi mới: Giảm đến 2,000,000đ (Không kèm ưu đãi thanh toán qua cổng, mua kèm)  Xem chi tiết                                                            4                                              Nhập mã VNPAY0126 giảm tối đa 100,000đ (áp dụng tùy giá trị đơn hàng) khi thanh toán qua VNPAY-QR  (Xem chi tiết tại đây)";;https://www.thegioididong.com/may-tinh-bang/ipad-11-wifi-128gb;Skipped
iPad A16 5G 512GB;Hồng;No;22390000;21890000;2026-03-09;"Khuyến mãi  trị giá 400.000₫                     Giá và khuyến mãi dự kiến áp dụng đến 23:00 | 31/03                                                                         1                                              Phiếu mua hàng Apple Pencil trị giá 400,000đ                                                            2                                              Tặng Phiếu mua hàng mua Balo; Túi Chống sốc; Ốp lưng; KBV Camera; Sạc dự phòng  (trừ AVA+, Hydrus); nhóm Tai nghe bluetooth, Loa Bluetooth các hãng JBL, Marshall,Harman Kardon; đồng hồ thông minh (trừ Apple) trị giá 100.000đ                                                            3                                              Thu cũ đổi mới: Giảm đến 2,000,000đ (Không kèm ưu đãi thanh toán qua cổng, mua kèm)  Xem chi tiết                                                            4                                              Nhập mã VNPAY0126 giảm tối đa 100,000đ (áp dụng tùy giá trị đơn hàng) khi thanh toán qua VNPAY-QR  (Xem chi tiết tại đây)";;https://www.thegioididong.com/may-tinh-bang/ipad-11-5g-128gb;DEBUG_OOS_iPad A16 5G 512GB_Hồng_081626.png
iPad Air M3 11 inch WiFi 128GB;Xanh Dương;Yes;16690000;15890000;2026-03-09;Khuyến mãi  trị giá 400.000₫             Giá và khuyến mãi có thể kết thúc sớm hơn dự kiến                                                                         1                                              Phiếu mua hàng Apple Pencil trị giá 400,000đ                                                            2                                              Nhập mã VNPAY0126 giảm tối đa 100,000đ (áp dụng tùy giá trị đơn hàng) khi thanh toán qua VNPAY-QR  (Xem chi tiết tại đây);;https://www.thegioididong.com/may-tinh-bang/ipad-air-m3-11-inch-wifi-128gb;Skipped
iPad A16 5G 512GB;Bạc;No;22390000;21890000;2026-03-09;"Khuyến mãi  trị giá 400.000₫                     Giá và khuyến mãi dự kiến áp dụng đến 23:00 | 31/03                                                                         1                                              Phiếu mua hàng Apple Pencil trị giá 400,000đ                                                            2                                              Tặng Phiếu mua hàng mua Balo; Túi Chống sốc; Ốp lưng; KBV Camera; Sạc dự phòng  (trừ AVA+, Hydrus); nhóm Tai nghe bluetooth, Loa Bluetooth các hãng JBL, Marshall,Harman Kardon; đồng hồ thông minh (trừ Apple) trị giá 100.000đ                                                            3                                              Thu cũ đổi mới: Giảm đến 2,000,000đ (Không kèm ưu đãi thanh toán qua cổng, mua kèm)  Xem chi tiết                                                            4                                              Nhập mã VNPAY0126 giảm tối đa 100,000đ (áp dụng tùy giá trị đơn hàng) khi thanh toán qua VNPAY-QR  (Xem chi tiết tại đây)";;https://www.thegioididong.com/may-tinh-bang/ipad-11-5g-128gb;DEBUG_OOS_iPad A16 5G 512GB_Bạc_081631.png
iPad Air M3 11 inch WiFi 128GB;Đen - Xám;Yes;16690000;15890000;2026-03-09;Khuyến mãi  trị giá 400.000₫             Giá và khuyến mãi có thể kết thúc sớm hơn dự kiến                                                                         1                                              Phiếu mua hàng Apple Pencil trị giá 400,000đ                                                            2                                              Nhập mã VNPAY0126 giảm tối đa 100,000đ (áp dụng tùy giá trị đơn hàng) khi thanh toán qua VNPAY-QR  (Xem chi tiết tại đây);;https://www.thegioididong.com/may-tinh-bang/ipad-air-m3-11-inch-wifi-128gb;Skipped
iPad A16 WiFi 256GB;Xanh Dương;Yes;12590000;12390000;2026-03-09;"Khuyến mãi  trị giá 400.000₫                     Giá và khuyến mãi dự kiến áp dụng đến 23:00 | 31/03                                                                         1                                              Phiếu mua hàng Apple Pencil trị giá 400,000đ                                                            2                                              Tặng Phiếu mua hàng mua Balo; Túi Chống sốc; Ốp lưng; KBV Camera; Sạc dự phòng  (trừ AVA+, Hydrus); nhóm Tai nghe bluetooth, Loa Bluetooth các hãng JBL, Marshall,Harman Kardon; đồng hồ thông minh (trừ Apple) trị giá 100.000đ                                                            3                                              Thu cũ đổi mới: Giảm đến 2,000,000đ (Không kèm ưu đãi thanh toán qua cổng, mua kèm)  Xem chi tiết                                                            4                                              Nhập mã VNPAY0126 giảm tối đa 100,000đ (áp dụng tùy giá trị đơn hàng) khi thanh toán qua VNPAY-QR  (Xem chi tiết tại đây)";;https://www.thegioididong.com/may-tinh-bang/ipad-11-wifi-128gb;Skipped
iPad Air M3 11 inch 5G 512GB;Tím;Yes;29190000;28790000;2026-03-09;"Khuyến mãi  trị giá 400.000₫                     Giá và khuyến mãi dự kiến áp dụng đến 23:00 | 31/03                                                                         1                                              Phiếu mua hàng Apple Pencil trị giá 400,000đ                                                            2                                              Tặng Phiếu mua hàng mua Balo; Túi Chống sốc; Ốp lưng; KBV Camera; Sạc dự phòng  (trừ AVA+, Hydrus); nhóm Tai nghe bluetooth, Loa Bluetooth các hãng JBL, Marshall,Harman Kardon; đồng hồ thông minh (trừ Apple) trị giá 100.000đ                                                            3                                              Thu cũ đổi mới: Giảm đến 2,000,000đ (Không kèm ưu đãi thanh toán qua cổng, mua kèm)  Xem chi tiết                                                            4                                              Nhập mã VNPAY0126 giảm tối đa 100,000đ (áp dụng tùy giá trị đơn hàng) khi thanh toán qua VNPAY-QR  (Xem chi tiết tại đây)";;https://www.thegioididong.com/may-tinh-bang/ipad-air-m3-11-inch-5g-128gb;Skipped
iPad Air M3 11 inch WiFi 128GB;Trắng Starlight;Yes;16690000;15890000;2026-03-09;Khuyến mãi  trị giá 400.000₫             Giá và khuyến mãi có thể kết thúc sớm hơn dự kiến                                                                         1                                              Phiếu mua hàng Apple Pencil trị giá 400,000đ                                                            2                                              Nhập mã VNPAY0126 giảm tối đa 100,000đ (áp dụng tùy giá trị đơn hàng) khi thanh toán qua VNPAY-QR  (Xem chi tiết tại đây);;https://www.thegioididong.com/may-tinh-bang/ipad-air-m3-11-inch-wifi-128gb;Skipped
iPad A16 5G 512GB;Vàng;Yes;22390000;21890000;2026-03-09;"Khuyến mãi  trị giá 400.000₫                     Giá và khuyến mãi dự kiến áp dụng đến 23:00 | 31/03                                                                         1                                              Phiếu mua hàng Apple Pencil trị giá 400,000đ                                                            2                                              Tặng Phiếu mua hàng mua Balo; Túi Chống sốc; Ốp lưng; KBV Camera; Sạc dự phòng  (trừ AVA+, Hydrus); nhóm Tai nghe bluetooth, Loa Bluetooth các hãng JBL, Marshall,Harman Kardon; đồng hồ thông minh (trừ Apple) trị giá 100.000đ                                                            3                                              Thu cũ đổi mới: Giảm đến 2,000,000đ (Không kèm ưu đãi thanh toán qua cổng, mua kèm)  Xem chi tiết                                                            4                                              Nhập mã VNPAY0126 giảm tối đa 100,000đ (áp dụng tùy giá trị đơn hàng) khi thanh toán qua VNPAY-QR  (Xem chi tiết tại đây)";;https://www.thegioididong.com/may-tinh-bang/ipad-11-5g-128gb;Skipped
iPad Air M3 11 inch WiFi 128GB;Tím;Yes;16690000;15890000;2026-03-09;Khuyến mãi  trị giá 400.000₫             Giá và khuyến mãi có thể kết thúc sớm hơn dự kiến                                                                         1                                              Phiếu mua hàng Apple Pencil trị giá 400,000đ                                                            2                                              Nhập mã VNPAY0126 giảm tối đa 100,000đ (áp dụng tùy giá trị đơn hàng) khi thanh toán qua VNPAY-QR  (Xem chi tiết tại đây);;https://www.thegioididong.com/may-tinh-bang/ipad-air-m3-11-inch-wifi-128gb;Skipped
iPad Air M3 11 inch 5G 512GB;Trắng Starlight;No;29190000;28790000;2026-03-09;"Khuyến mãi  trị giá 400.000₫                     Giá và khuyến mãi dự kiến áp dụng đến 23:00 | 31/03                                                                         1                                              Phiếu mua hàng Apple Pencil trị giá 400,000đ                                                            2                                              Tặng Phiếu mua hàng mua Balo; Túi Chống sốc; Ốp lưng; KBV Camera; Sạc dự phòng  (trừ AVA+, Hydrus); nhóm Tai nghe bluetooth, Loa Bluetooth các hãng JBL, Marshall,Harman Kardon; đồng hồ thông minh (trừ Apple) trị giá 100.000đ                                                            3                                              Thu cũ đổi mới: Giảm đến 2,000,000đ (Không kèm ưu đãi thanh toán qua cổng, mua kèm)  Xem chi tiết                                                            4                                              Nhập mã VNPAY0126 giảm tối đa 100,000đ (áp dụng tùy giá trị đơn hàng) khi thanh toán qua VNPAY-QR  (Xem chi tiết tại đây)";;https://www.thegioididong.com/may-tinh-bang/ipad-air-m3-11-inch-5g-128gb;DEBUG_OOS_iPad Air M3 11 inch 5G 512GB_Trắng Starlight_081642.png
iPad A16 WiFi 256GB;Bạc;Yes;12590000;12390000;2026-03-09;"Khuyến mãi  trị giá 400.000₫                     Giá và khuyến mãi dự kiến áp dụng đến 23:00 | 31/03                                                                         1                                              Phiếu mua hàng Apple Pencil trị giá 400,000đ                                                            2                                              Tặng Phiếu mua hàng mua Balo; Túi Chống sốc; Ốp lưng; KBV Camera; Sạc dự phòng  (trừ AVA+, Hydrus); nhóm Tai nghe bluetooth, Loa Bluetooth các hãng JBL, Marshall,Harman Kardon; đồng hồ thông minh (trừ Apple) trị giá 100.000đ                                                            3                                              Thu cũ đổi mới: Giảm đến 2,000,000đ (Không kèm ưu đãi thanh toán qua cổng, mua kèm)  Xem chi tiết                                                            4                                              Nhập mã VNPAY0126 giảm tối đa 100,000đ (áp dụng tùy giá trị đơn hàng) khi thanh toán qua VNPAY-QR  (Xem chi tiết tại đây)";;https://www.thegioididong.com/may-tinh-bang/ipad-11-wifi-128gb;Skipped
iPad A16 5G 512GB;Xanh Dương;No;22390000;21890000;2026-03-09;"Khuyến mãi  trị giá 400.000₫                     Giá và khuyến mãi dự kiến áp dụng đến 23:00 | 31/03                                                                         1                                              Phiếu mua hàng Apple Pencil trị giá 400,000đ                                                            2                                              Tặng Phiếu mua hàng mua Balo; Túi Chống sốc; Ốp lưng; KBV Camera; Sạc dự phòng  (trừ AVA+, Hydrus); nhóm Tai nghe bluetooth, Loa Bluetooth các hãng JBL, Marshall,Harman Kardon; đồng hồ thông minh (trừ Apple) trị giá 100.000đ                                                            3                                              Thu cũ đổi mới: Giảm đến 2,000,000đ (Không kèm ưu đãi thanh toán qua cổng, mua kèm)  Xem chi tiết                                                            4                                              Nhập mã VNPAY0126 giảm tối đa 100,000đ (áp dụng tùy giá trị đơn hàng) khi thanh toán qua VNPAY-QR  (Xem chi tiết tại đây)";;https://www.thegioididong.com/may-tinh-bang/ipad-11-5g-128gb;DEBUG_OOS_iPad A16 5G 512GB_Xanh Dương_081645.png
iPad Air M3 13 inch 5G 128GB;Tím;No;26190000;25590000;2026-03-09;"Khuyến mãi  trị giá 400.000₫                     Giá và khuyến mãi dự kiến áp dụng đến 23:00 | 31/03                                                                         1                                              Phiếu mua hàng Apple Pencil trị giá 400,000đ                                                            2                                              Tặng Phiếu mua hàng mua Balo; Túi Chống sốc; Ốp lưng; KBV Camera; Sạc dự phòng  (trừ AVA+, Hydrus); nhóm Tai nghe bluetooth, Loa Bluetooth các hãng JBL, Marshall,Harman Kardon; đồng hồ thông minh (trừ Apple) trị giá 100.000đ                                                            3                                              Thu cũ đổi mới: Giảm đến 2,000,000đ (Không kèm ưu đãi thanh toán qua cổng, mua kèm)  Xem chi tiết                                                            4                                              Nhập mã VNPAY0126 giảm tối đa 100,000đ (áp dụng tùy giá trị đơn hàng) khi thanh toán qua VNPAY-QR  (Xem chi tiết tại đây)";;https://www.thegioididong.com/may-tinh-bang/ipad-air-m3-13-inch-5g-128gb;DEBUG_OOS_iPad Air M3 13 inch 5G 128GB_Tím_081645.png
iPad Air M3 11 inch 5G 512GB;Xanh Dương;No;29190000;28790000;2026-03-09;"Khuyến mãi  trị giá 400.000₫                     Giá và khuyến mãi dự kiến áp dụng đến 23:00 | 31/03                                                                         1                                              Phiếu mua hàng Apple Pencil trị giá 400,000đ                                                            2                                              Tặng Phiếu mua hàng mua Balo; Túi Chống sốc; Ốp lưng; KBV Camera; Sạc dự phòng  (trừ AVA+, Hydrus); nhóm Tai nghe bluetooth, Loa Bluetooth các hãng JBL, Marshall,Harman Kardon; đồng hồ thông minh (trừ Apple) trị giá 100.000đ                                                            3                                              Thu cũ đổi mới: Giảm đến 2,000,000đ (Không kèm ưu đãi thanh toán qua cổng, mua kèm)  Xem chi tiết                                                            4                                              Nhập mã VNPAY0126 giảm tối đa 100,000đ (áp dụng tùy giá trị đơn hàng) khi thanh toán qua VNPAY-QR  (Xem chi tiết tại đây)";;https://www.thegioididong.com/may-tinh-bang/ipad-air-m3-11-inch-5g-128gb;DEBUG_OOS_iPad Air M3 11 inch 5G 512GB_Xanh Dương_081647.png
iPad A16 5G 512GB;Hồng;No;22390000;21890000;2026-03-09;"Khuyến mãi  trị giá 400.000₫                     Giá và khuyến mãi dự kiến áp dụng đến 23:00 | 31/03                                                                         1                                              Phiếu mua hàng Apple Pencil trị giá 400,000đ                                                            2                                              Tặng Phiếu mua hàng mua Balo; Túi Chống sốc; Ốp lưng; KBV Camera; Sạc dự phòng  (trừ AVA+, Hydrus); nhóm Tai nghe bluetooth, Loa Bluetooth các hãng JBL, Marshall,Harman Kardon; đồng hồ thông minh (trừ Apple) trị giá 100.000đ                                                            3                                              Thu cũ đổi mới: Giảm đến 2,000,000đ (Không kèm ưu đãi thanh toán qua cổng, mua kèm)  Xem chi tiết                                                            4                                              Nhập mã VNPAY0126 giảm tối đa 100,000đ (áp dụng tùy giá trị đơn hàng) khi thanh toán qua VNPAY-QR  (Xem chi tiết tại đây)";;https://www.thegioididong.com/may-tinh-bang/ipad-11-5g-128gb;DEBUG_OOS_iPad A16 5G 512GB_Hồng_081649.png
iPad A16 WiFi 256GB;Vàng;Yes;12590000;12390000;2026-03-09;"Khuyến mãi  trị giá 400.000₫                     Giá và khuyến mãi dự kiến áp dụng đến 23:00 | 31/03                                                                         1                                              Phiếu mua hàng Apple Pencil trị giá 400,000đ                                                            2                                              Tặng Phiếu mua hàng mua Balo; Túi Chống sốc; Ốp lưng; KBV Camera; Sạc dự phòng  (trừ AVA+, Hydrus); nhóm Tai nghe bluetooth, Loa Bluetooth các hãng JBL, Marshall,Harman Kardon; đồng hồ thông minh (trừ Apple) trị giá 100.000đ                                                            3                                              Thu cũ đổi mới: Giảm đến 2,000,000đ (Không kèm ưu đãi thanh toán qua cổng, mua kèm)  Xem chi tiết                                                            4                                              Nhập mã VNPAY0126 giảm tối đa 100,000đ (áp dụng tùy giá trị đơn hàng) khi thanh toán qua VNPAY-QR  (Xem chi tiết tại đây)";;https://www.thegioididong.com/may-tinh-bang/ipad-11-wifi-128gb;Skipped
iPad Air M3 13 inch 5G 128GB;Xanh Dương;No;26190000;25590000;2026-03-09;"Khuyến mãi  trị giá 400.000₫                     Giá và khuyến mãi dự kiến áp dụng đến 23:00 | 31/03                                                                         1                                              Phiếu mua hàng Apple Pencil trị giá 400,000đ                                                            2                                              Tặng Phiếu mua hàng mua Balo; Túi Chống sốc; Ốp lưng; KBV Camera; Sạc dự phòng  (trừ AVA+, Hydrus); nhóm Tai nghe bluetooth, Loa Bluetooth các hãng JBL, Marshall,Harman Kardon; đồng hồ thông minh (trừ Apple) trị giá 100.000đ                                                            3                                              Thu cũ đổi mới: Giảm đến 2,000,000đ (Không kèm ưu đãi thanh toán qua cổng, mua kèm)  Xem chi tiết                                                            4                                              Nhập mã VNPAY0126 giảm tối đa 100,000đ (áp dụng tùy giá trị đơn hàng) khi thanh toán qua VNPAY-QR  (Xem chi tiết tại đây)";;https://www.thegioididong.com/may-tinh-bang/ipad-air-m3-13-inch-5g-128gb;DEBUG_OOS_iPad Air M3 13 inch 5G 128GB_Xanh Dương_081650.png
iPad Air M3 11 inch WiFi 256GB;Đen - Xám;Yes;19390000;18990000;2026-03-09;"Khuyến mãi  trị giá 400.000₫                     Giá và khuyến mãi dự kiến áp dụng đến 23:00 | 31/03                                                                         1                                              Phiếu mua hàng Apple Pencil trị giá 400,000đ                                                            2                                              Tặng Phiếu mua hàng mua Balo; Túi Chống sốc; Ốp lưng; KBV Camera; Sạc dự phòng  (trừ AVA+, Hydrus); nhóm Tai nghe bluetooth, Loa Bluetooth các hãng JBL, Marshall,Harman Kardon; đồng hồ thông minh (trừ Apple) trị giá 100.000đ                                                            3                                              Thu cũ đổi mới: Giảm đến 2,000,000đ (Không kèm ưu đãi thanh toán qua cổng, mua kèm)  Xem chi tiết                                                            4                                              Nhập mã VNPAY0126 giảm tối đa 100,000đ (áp dụng tùy giá trị đơn hàng) khi thanh toán qua VNPAY-QR  (Xem chi tiết tại đây)";;https://www.thegioididong.com/may-tinh-bang/ipad-air-m3-11-inch-wifi-128gb;Skipped
iPad Air M3 11 inch 5G 512GB;Đen - Xám;No;29190000;28790000;2026-03-09;"Khuyến mãi  trị giá 400.000₫                     Giá và khuyến mãi dự kiến áp dụng đến 23:00 | 31/03                                                                         1                                              Phiếu mua hàng Apple Pencil trị giá 400,000đ                                                            2                                              Tặng Phiếu mua hàng mua Balo; Túi Chống sốc; Ốp lưng; KBV Camera; Sạc dự phòng  (trừ AVA+, Hydrus); nhóm Tai nghe bluetooth, Loa Bluetooth các hãng JBL, Marshall,Harman Kardon; đồng hồ thông minh (trừ Apple) trị giá 100.000đ                                                            3                                              Thu cũ đổi mới: Giảm đến 2,000,000đ (Không kèm ưu đãi thanh toán qua cổng, mua kèm)  Xem chi tiết                                                            4                                              Nhập mã VNPAY0126 giảm tối đa 100,000đ (áp dụng tùy giá trị đơn hàng) khi thanh toán qua VNPAY-QR  (Xem chi tiết tại đây)";;https://www.thegioididong.com/may-tinh-bang/ipad-air-m3-11-inch-5g-128gb;DEBUG_OOS_iPad Air M3 11 inch 5G 512GB_Đen - Xám_081652.png
iPad A16 5G 512GB;Bạc;No;22390000;21890000;2026-03-09;"Khuyến mãi  trị giá 400.000₫                     Giá và khuyến mãi dự kiến áp dụng đến 23:00 | 31/03                                                                         1                                              Phiếu mua hàng Apple Pencil trị giá 400,000đ                                                            2                                              Tặng Phiếu mua hàng mua Balo; Túi Chống sốc; Ốp lưng; KBV Camera; Sạc dự phòng  (trừ AVA+, Hydrus); nhóm Tai nghe bluetooth, Loa Bluetooth các hãng JBL, Marshall,Harman Kardon; đồng hồ thông minh (trừ Apple) trị giá 100.000đ                                                            3                                              Thu cũ đổi mới: Giảm đến 2,000,000đ (Không kèm ưu đãi thanh toán qua cổng, mua kèm)  Xem chi tiết                                                            4                                              Nhập mã VNPAY0126 giảm tối đa 100,000đ (áp dụng tùy giá trị đơn hàng) khi thanh toán qua VNPAY-QR  (Xem chi tiết tại đây)";;https://www.thegioididong.com/may-tinh-bang/ipad-11-5g-128gb;DEBUG_OOS_iPad A16 5G 512GB_Bạc_081652.png
iPad Air M3 13 inch 5G 128GB;Đen - Xám;No;26190000;25590000;2026-03-09;"Khuyến mãi  trị giá 400.000₫                     Giá và khuyến mãi dự kiến áp dụng đến 23:00 | 31/03                                                                         1                                              Phiếu mua hàng Apple Pencil trị giá 400,000đ                                                            2                                              Tặng Phiếu mua hàng mua Balo; Túi Chống sốc; Ốp lưng; KBV Camera; Sạc dự phòng  (trừ AVA+, Hydrus); nhóm Tai nghe bluetooth, Loa Bluetooth các hãng JBL, Marshall,Harman Kardon; đồng hồ thông minh (trừ Apple) trị giá 100.000đ                                                            3                                              Thu cũ đổi mới: Giảm đến 2,000,000đ (Không kèm ưu đãi thanh toán qua cổng, mua kèm)  Xem chi tiết                                                            4                                              Nhập mã VNPAY0126 giảm tối đa 100,000đ (áp dụng tùy giá trị đơn hàng) khi thanh toán qua VNPAY-QR  (Xem chi tiết tại đây)";;https://www.thegioididong.com/may-tinh-bang/ipad-air-m3-13-inch-5g-128gb;DEBUG_OOS_iPad Air M3 13 inch 5G 128GB_Đen - Xám_081654.png
iPad A16 WiFi 256GB;Hồng;Yes;12590000;12390000;2026-03-09;"Khuyến mãi  trị giá 400.000₫                     Giá và khuyến mãi dự kiến áp dụng đến 23:00 | 31/03                                                                         1                                              Phiếu mua hàng Apple Pencil trị giá 400,000đ                                                            2                                              Tặng Phiếu mua hàng mua Balo; Túi Chống sốc; Ốp lưng; KBV Camera; Sạc dự phòng  (trừ AVA+, Hydrus); nhóm Tai nghe bluetooth, Loa Bluetooth các hãng JBL, Marshall,Harman Kardon; đồng hồ thông minh (trừ Apple) trị giá 100.000đ                                                            3                                              Thu cũ đổi mới: Giảm đến 2,000,000đ (Không kèm ưu đãi thanh toán qua cổng, mua kèm)  Xem chi tiết                                                            4                                              Nhập mã VNPAY0126 giảm tối đa 100,000đ (áp dụng tùy giá trị đơn hàng) khi thanh toán qua VNPAY-QR  (Xem chi tiết tại đây)";;https://www.thegioididong.com/may-tinh-bang/ipad-11-wifi-128gb;Skipped
iPad Air M3 11 inch WiFi 256GB;Xanh Dương;Yes;19390000;18990000;2026-03-09;"Khuyến mãi  trị giá 400.000₫                     Giá và khuyến mãi dự kiến áp dụng đến 23:00 | 31/03                                                                         1                                              Phiếu mua hàng Apple Pencil trị giá 400,000đ                                                            2                                              Tặng Phiếu mua hàng mua Balo; Túi Chống sốc; Ốp lưng; KBV Camera; Sạc dự phòng  (trừ AVA+, Hydrus); nhóm Tai nghe bluetooth, Loa Bluetooth các hãng JBL, Marshall,Harman Kardon; đồng hồ thông minh (trừ Apple) trị giá 100.000đ                                                            3                                              Thu cũ đổi mới: Giảm đến 2,000,000đ (Không kèm ưu đãi thanh toán qua cổng, mua kèm)  Xem chi tiết                                                            4                                              Nhập mã VNPAY0126 giảm tối đa 100,000đ (áp dụng tùy giá trị đơn hàng) khi thanh toán qua VNPAY-QR  (Xem chi tiết tại đây)";;https://www.thegioididong.com/may-tinh-bang/ipad-air-m3-11-inch-wifi-128gb;Skipped
iPad Air M3 13 inch 5G 128GB;Trắng Starlight;No;26190000;25590000;2026-03-09;"Khuyến mãi  trị giá 400.000₫                     Giá và khuyến mãi dự kiến áp dụng đến 23:00 | 31/03                                                                         1                                              Phiếu mua hàng Apple Pencil trị giá 400,000đ                                                            2                                              Tặng Phiếu mua hàng mua Balo; Túi Chống sốc; Ốp lưng; KBV Camera; Sạc dự phòng  (trừ AVA+, Hydrus); nhóm Tai nghe bluetooth, Loa Bluetooth các hãng JBL, Marshall,Harman Kardon; đồng hồ thông minh (trừ Apple) trị giá 100.000đ                                                            3                                              Thu cũ đổi mới: Giảm đến 2,000,000đ (Không kèm ưu đãi thanh toán qua cổng, mua kèm)  Xem chi tiết                                                            4                                              Nhập mã VNPAY0126 giảm tối đa 100,000đ (áp dụng tùy giá trị đơn hàng) khi thanh toán qua VNPAY-QR  (Xem chi tiết tại đây)";;https://www.thegioididong.com/may-tinh-bang/ipad-air-m3-13-inch-5g-128gb;DEBUG_OOS_iPad Air M3 13 inch 5G 128GB_Trắng Starlight_081659.png
iPad Air M3 11 inch 5G 512GB;Tím;Yes;29190000;28790000;2026-03-09;"Khuyến mãi  trị giá 400.000₫                     Giá và khuyến mãi dự kiến áp dụng đến 23:00 | 31/03                                                                         1                                              Phiếu mua hàng Apple Pencil trị giá 400,000đ                                                            2                                              Tặng Phiếu mua hàng mua Balo; Túi Chống sốc; Ốp lưng; KBV Camera; Sạc dự phòng  (trừ AVA+, Hydrus); nhóm Tai nghe bluetooth, Loa Bluetooth các hãng JBL, Marshall,Harman Kardon; đồng hồ thông minh (trừ Apple) trị giá 100.000đ                                                            3                                              Thu cũ đổi mới: Giảm đến 2,000,000đ (Không kèm ưu đãi thanh toán qua cổng, mua kèm)  Xem chi tiết                                                            4                                              Nhập mã VNPAY0126 giảm tối đa 100,000đ (áp dụng tùy giá trị đơn hàng) khi thanh toán qua VNPAY-QR  (Xem chi tiết tại đây)";;https://www.thegioididong.com/may-tinh-bang/ipad-air-m3-11-inch-5g-128gb;Skipped
iPad A16 5G 512GB;Vàng;Yes;22390000;21890000;2026-03-09;"Khuyến mãi  trị giá 400.000₫                     Giá và khuyến mãi dự kiến áp dụng đến 23:00 | 31/03                                                                         1                                              Phiếu mua hàng Apple Pencil trị giá 400,000đ                                                            2                                              Tặng Phiếu mua hàng mua Balo; Túi Chống sốc; Ốp lưng; KBV Camera; Sạc dự phòng  (trừ AVA+, Hydrus); nhóm Tai nghe bluetooth, Loa Bluetooth các hãng JBL, Marshall,Harman Kardon; đồng hồ thông minh (trừ Apple) trị giá 100.000đ                                                            3                                              Thu cũ đổi mới: Giảm đến 2,000,000đ (Không kèm ưu đãi thanh toán qua cổng, mua kèm)  Xem chi tiết                                                            4                                              Nhập mã VNPAY0126 giảm tối đa 100,000đ (áp dụng tùy giá trị đơn hàng) khi thanh toán qua VNPAY-QR  (Xem chi tiết tại đây)";;https://www.thegioididong.com/may-tinh-bang/ipad-11-5g-128gb;Skipped
iPad Air M3 11 inch 5G 512GB;Trắng Starlight;No;29190000;28790000;2026-03-09;"Khuyến mãi  trị giá 400.000₫                     Giá và khuyến mãi dự kiến áp dụng đến 23:00 | 31/03                                                                         1                                              Phiếu mua hàng Apple Pencil trị giá 400,000đ                                                            2                                              Tặng Phiếu mua hàng mua Balo; Túi Chống sốc; Ốp lưng; KBV Camera; Sạc dự phòng  (trừ AVA+, Hydrus); nhóm Tai nghe bluetooth, Loa Bluetooth các hãng JBL, Marshall,Harman Kardon; đồng hồ thông minh (trừ Apple) trị giá 100.000đ                                                            3                                              Thu cũ đổi mới: Giảm đến 2,000,000đ (Không kèm ưu đãi thanh toán qua cổng, mua kèm)  Xem chi tiết                                                            4                                              Nhập mã VNPAY0126 giảm tối đa 100,000đ (áp dụng tùy giá trị đơn hàng) khi thanh toán qua VNPAY-QR  (Xem chi tiết tại đây)";;https://www.thegioididong.com/may-tinh-bang/ipad-air-m3-11-inch-5g-128gb;DEBUG_OOS_iPad Air M3 11 inch 5G 512GB_Trắng Starlight_081704.png
iPad Air M3 11 inch WiFi 256GB;Tím;Yes;19390000;18990000;2026-03-09;"Khuyến mãi  trị giá 400.000₫                     Giá và khuyến mãi dự kiến áp dụng đến 23:00 | 31/03                                                                         1                                              Phiếu mua hàng Apple Pencil trị giá 400,000đ                                                            2                                              Tặng Phiếu mua hàng mua Balo; Túi Chống sốc; Ốp lưng; KBV Camera; Sạc dự phòng  (trừ AVA+, Hydrus); nhóm Tai nghe bluetooth, Loa Bluetooth các hãng JBL, Marshall,Harman Kardon; đồng hồ thông minh (trừ Apple) trị giá 100.000đ                                                            3                                              Thu cũ đổi mới: Giảm đến 2,000,000đ (Không kèm ưu đãi thanh toán qua cổng, mua kèm)  Xem chi tiết                                                            4                                              Nhập mã VNPAY0126 giảm tối đa 100,000đ (áp dụng tùy giá trị đơn hàng) khi thanh toán qua VNPAY-QR  (Xem chi tiết tại đây)";;https://www.thegioididong.com/may-tinh-bang/ipad-air-m3-11-inch-wifi-128gb;Skipped
iPad A16 WiFi 256GB;Xanh Dương;Yes;12590000;12390000;2026-03-09;"Khuyến mãi  trị giá 400.000₫                     Giá và khuyến mãi dự kiến áp dụng đến 23:00 | 31/03                                                                         1                                              Phiếu mua hàng Apple Pencil trị giá 400,000đ                                                            2                                              Tặng Phiếu mua hàng mua Balo; Túi Chống sốc; Ốp lưng; KBV Camera; Sạc dự phòng  (trừ AVA+, Hydrus); nhóm Tai nghe bluetooth, Loa Bluetooth các hãng JBL, Marshall,Harman Kardon; đồng hồ thông minh (trừ Apple) trị giá 100.000đ                                                            3                                              Thu cũ đổi mới: Giảm đến 2,000,000đ (Không kèm ưu đãi thanh toán qua cổng, mua kèm)  Xem chi tiết                                                            4                                              Nhập mã VNPAY0126 giảm tối đa 100,000đ (áp dụng tùy giá trị đơn hàng) khi thanh toán qua VNPAY-QR  (Xem chi tiết tại đây)";;https://www.thegioididong.com/may-tinh-bang/ipad-11-wifi-128gb;Skipped
iPad Air M3 13 inch 5G 128GB;Tím;No;26190000;25590000;2026-03-09;"Khuyến mãi  trị giá 400.000₫                     Giá và khuyến mãi dự kiến áp dụng đến 23:00 | 31/03                                                                         1                                              Phiếu mua hàng Apple Pencil trị giá 400,000đ                                                            2                                              Tặng Phiếu mua hàng mua Balo; Túi Chống sốc; Ốp lưng; KBV Camera; Sạc dự phòng  (trừ AVA+, Hydrus); nhóm Tai nghe bluetooth, Loa Bluetooth các hãng JBL, Marshall,Harman Kardon; đồng hồ thông minh (trừ Apple) trị giá 100.000đ                                                            3                                              Thu cũ đổi mới: Giảm đến 2,000,000đ (Không kèm ưu đãi thanh toán qua cổng, mua kèm)  Xem chi tiết                                                            4                                              Nhập mã VNPAY0126 giảm tối đa 100,000đ (áp dụng tùy giá trị đơn hàng) khi thanh toán qua VNPAY-QR  (Xem chi tiết tại đây)";;https://www.thegioididong.com/may-tinh-bang/ipad-air-m3-13-inch-5g-128gb;DEBUG_OOS_iPad Air M3 13 inch 5G 128GB_Tím_081706.png
iPad A16 5G 512GB;Xanh Dương;No;22390000;21890000;2026-03-09;"Khuyến mãi  trị giá 400.000₫                     Giá và khuyến mãi dự kiến áp dụng đến 23:00 | 31/03                                                                         1                                              Phiếu mua hàng Apple Pencil trị giá 400,000đ                                                            2                                              Tặng Phiếu mua hàng mua Balo; Túi Chống sốc; Ốp lưng; KBV Camera; Sạc dự phòng  (trừ AVA+, Hydrus); nhóm Tai nghe bluetooth, Loa Bluetooth các hãng JBL, Marshall,Harman Kardon; đồng hồ thông minh (trừ Apple) trị giá 100.000đ                                                            3                                              Thu cũ đổi mới: Giảm đến 2,000,000đ (Không kèm ưu đãi thanh toán qua cổng, mua kèm)  Xem chi tiết                                                            4                                              Nhập mã VNPAY0126 giảm tối đa 100,000đ (áp dụng tùy giá trị đơn hàng) khi thanh toán qua VNPAY-QR  (Xem chi tiết tại đây)";;https://www.thegioididong.com/may-tinh-bang/ipad-11-5g-128gb;DEBUG_OOS_iPad A16 5G 512GB_Xanh Dương_081706.png
iPad Air M3 11 inch 5G 512GB;Xanh Dương;No;29190000;28790000;2026-03-09;"Khuyến mãi  trị giá 400.000₫                     Giá và khuyến mãi dự kiến áp dụng đến 23:00 | 31/03                                                                         1                                              Phiếu mua hàng Apple Pencil trị giá 400,000đ                                                            2                                              Tặng Phiếu mua hàng mua Balo; Túi Chống sốc; Ốp lưng; KBV Camera; Sạc dự phòng  (trừ AVA+, Hydrus); nhóm Tai nghe bluetooth, Loa Bluetooth các hãng JBL, Marshall,Harman Kardon; đồng hồ thông minh (trừ Apple) trị giá 100.000đ                                                            3                                              Thu cũ đổi mới: Giảm đến 2,000,000đ (Không kèm ưu đãi thanh toán qua cổng, mua kèm)  Xem chi tiết                                                            4                                              Nhập mã VNPAY0126 giảm tối đa 100,000đ (áp dụng tùy giá trị đơn hàng) khi thanh toán qua VNPAY-QR  (Xem chi tiết tại đây)";;https://www.thegioididong.com/may-tinh-bang/ipad-air-m3-11-inch-5g-128gb;DEBUG_OOS_iPad Air M3 11 inch 5G 512GB_Xanh Dương_081709.png
iPad A16 5G 512GB;Hồng;No;22390000;21890000;2026-03-09;"Khuyến mãi  trị giá 400.000₫                     Giá và khuyến mãi dự kiến áp dụng đến 23:00 | 31/03                                                                         1                                              Phiếu mua hàng Apple Pencil trị giá 400,000đ                                                            2                                              Tặng Phiếu mua hàng mua Balo; Túi Chống sốc; Ốp lưng; KBV Camera; Sạc dự phòng  (trừ AVA+, Hydrus); nhóm Tai nghe bluetooth, Loa Bluetooth các hãng JBL, Marshall,Harman Kardon; đồng hồ thông minh (trừ Apple) trị giá 100.000đ                                                            3                                              Thu cũ đổi mới: Giảm đến 2,000,000đ (Không kèm ưu đãi thanh toán qua cổng, mua kèm)  Xem chi tiết                                                            4                                              Nhập mã VNPAY0126 giảm tối đa 100,000đ (áp dụng tùy giá trị đơn hàng) khi thanh toán qua VNPAY-QR  (Xem chi tiết tại đây)";;https://www.thegioididong.com/may-tinh-bang/ipad-11-5g-128gb;DEBUG_OOS_iPad A16 5G 512GB_Hồng_081711.png
iPad Air M3 13 inch 5G 128GB;Xanh Dương;No;26190000;25590000;2026-03-09;"Khuyến mãi  trị giá 400.000₫                     Giá và khuyến mãi dự kiến áp dụng đến 23:00 | 31/03                                                                         1                                              Phiếu mua hàng Apple Pencil trị giá 400,000đ                                                            2                                              Tặng Phiếu mua hàng mua Balo; Túi Chống sốc; Ốp lưng; KBV Camera; Sạc dự phòng  (trừ AVA+, Hydrus); nhóm Tai nghe bluetooth, Loa Bluetooth các hãng JBL, Marshall,Harman Kardon; đồng hồ thông minh (trừ Apple) trị giá 100.000đ                                                            3                                              Thu cũ đổi mới: Giảm đến 2,000,000đ (Không kèm ưu đãi thanh toán qua cổng, mua kèm)  Xem chi tiết                                                            4                                              Nhập mã VNPAY0126 giảm tối đa 100,000đ (áp dụng tùy giá trị đơn hàng) khi thanh toán qua VNPAY-QR  (Xem chi tiết tại đây)";;https://www.thegioididong.com/may-tinh-bang/ipad-air-m3-13-inch-5g-128gb;DEBUG_OOS_iPad Air M3 13 inch 5G 128GB_Xanh Dương_081711.png
iPad Air M3 11 inch WiFi 256GB;Trắng Starlight;No;19390000;18990000;2026-03-09;"Khuyến mãi  trị giá 400.000₫                     Giá và khuyến mãi dự kiến áp dụng đến 23:00 | 31/03                                                                         1                                              Phiếu mua hàng Apple Pencil trị giá 400,000đ                                                            2                                              Tặng Phiếu mua hàng mua Balo; Túi Chống sốc; Ốp lưng; KBV Camera; Sạc dự phòng  (trừ AVA+, Hydrus); nhóm Tai nghe bluetooth, Loa Bluetooth các hãng JBL, Marshall,Harman Kardon; đồng hồ thông minh (trừ Apple) trị giá 100.000đ                                                            3                                              Thu cũ đổi mới: Giảm đến 2,000,000đ (Không kèm ưu đãi thanh toán qua cổng, mua kèm)  Xem chi tiết                                                            4                                              Nhập mã VNPAY0126 giảm tối đa 100,000đ (áp dụng tùy giá trị đơn hàng) khi thanh toán qua VNPAY-QR  (Xem chi tiết tại đây)";;https://www.thegioididong.com/may-tinh-bang/ipad-air-m3-11-inch-wifi-128gb;DEBUG_OOS_iPad Air M3 11 inch WiFi 256GB_Trắng Starlight_081711.png
iPad A16 WiFi 256GB;Bạc;Yes;12590000;12390000;2026-03-09;"Khuyến mãi  trị giá 400.000₫                     Giá và khuyến mãi dự kiến áp dụng đến 23:00 | 31/03                                                                         1                                              Phiếu mua hàng Apple Pencil trị giá 400,000đ                                                            2                                              Tặng Phiếu mua hàng mua Balo; Túi Chống sốc; Ốp lưng; KBV Camera; Sạc dự phòng  (trừ AVA+, Hydrus); nhóm Tai nghe bluetooth, Loa Bluetooth các hãng JBL, Marshall,Harman Kardon; đồng hồ thông minh (trừ Apple) trị giá 100.000đ                                                            3                                              Thu cũ đổi mới: Giảm đến 2,000,000đ (Không kèm ưu đãi thanh toán qua cổng, mua kèm)  Xem chi tiết                                                            4                                              Nhập mã VNPAY0126 giảm tối đa 100,000đ (áp dụng tùy giá trị đơn hàng) khi thanh toán qua VNPAY-QR  (Xem chi tiết tại đây)";;https://www.thegioididong.com/may-tinh-bang/ipad-11-wifi-128gb;Skipped
iPad Air M3 11 inch 5G 512GB;Đen - Xám;No;29190000;28790000;2026-03-09;"Khuyến mãi  trị giá 400.000₫                     Giá và khuyến mãi dự kiến áp dụng đến 23:00 | 31/03                                                                         1                                              Phiếu mua hàng Apple Pencil trị giá 400,000đ                                                            2                                              Tặng Phiếu mua hàng mua Balo; Túi Chống sốc; Ốp lưng; KBV Camera; Sạc dự phòng  (trừ AVA+, Hydrus); nhóm Tai nghe bluetooth, Loa Bluetooth các hãng JBL, Marshall,Harman Kardon; đồng hồ thông minh (trừ Apple) trị giá 100.000đ                                                            3                                              Thu cũ đổi mới: Giảm đến 2,000,000đ (Không kèm ưu đãi thanh toán qua cổng, mua kèm)  Xem chi tiết                                                            4                                              Nhập mã VNPAY0126 giảm tối đa 100,000đ (áp dụng tùy giá trị đơn hàng) khi thanh toán qua VNPAY-QR  (Xem chi tiết tại đây)";;https://www.thegioididong.com/may-tinh-bang/ipad-air-m3-11-inch-5g-128gb;DEBUG_OOS_iPad Air M3 11 inch 5G 512GB_Đen - Xám_081714.png
iPad Air M3 13 inch 5G 128GB;Đen - Xám;No;26190000;25590000;2026-03-09;"Khuyến mãi  trị giá 400.000₫                     Giá và khuyến mãi dự kiến áp dụng đến 23:00 | 31/03                                                                         1                                              Phiếu mua hàng Apple Pencil trị giá 400,000đ                                                            2                                              Tặng Phiếu mua hàng mua Balo; Túi Chống sốc; Ốp lưng; KBV Camera; Sạc dự phòng  (trừ AVA+, Hydrus); nhóm Tai nghe bluetooth, Loa Bluetooth các hãng JBL, Marshall,Harman Kardon; đồng hồ thông minh (trừ Apple) trị giá 100.000đ                                                            3                                              Thu cũ đổi mới: Giảm đến 2,000,000đ (Không kèm ưu đãi thanh toán qua cổng, mua kèm)  Xem chi tiết                                                            4                                              Nhập mã VNPAY0126 giảm tối đa 100,000đ (áp dụng tùy giá trị đơn hàng) khi thanh toán qua VNPAY-QR  (Xem chi tiết tại đây)";;https://www.thegioididong.com/may-tinh-bang/ipad-air-m3-13-inch-5g-128gb;DEBUG_OOS_iPad Air M3 13 inch 5G 128GB_Đen - Xám_081716.png
iPad A16 5G 512GB;Bạc;No;22390000;21890000;2026-03-09;"Khuyến mãi  trị giá 400.000₫                     Giá và khuyến mãi dự kiến áp dụng đến 23:00 | 31/03                                                                         1                                              Phiếu mua hàng Apple Pencil trị giá 400,000đ                                                            2                                              Tặng Phiếu mua hàng mua Balo; Túi Chống sốc; Ốp lưng; KBV Camera; Sạc dự phòng  (trừ AVA+, Hydrus); nhóm Tai nghe bluetooth, Loa Bluetooth các hãng JBL, Marshall,Harman Kardon; đồng hồ thông minh (trừ Apple) trị giá 100.000đ                                                            3                                              Thu cũ đổi mới: Giảm đến 2,000,000đ (Không kèm ưu đãi thanh toán qua cổng, mua kèm)  Xem chi tiết                                                            4                                              Nhập mã VNPAY0126 giảm tối đa 100,000đ (áp dụng tùy giá trị đơn hàng) khi thanh toán qua VNPAY-QR  (Xem chi tiết tại đây)";;https://www.thegioididong.com/may-tinh-bang/ipad-11-5g-128gb;DEBUG_OOS_iPad A16 5G 512GB_Bạc_081716.png
iPad Air M3 13 inch 5G 128GB;Trắng Starlight;No;26190000;25590000;2026-03-09;"Khuyến mãi  trị giá 400.000₫                     Giá và khuyến mãi dự kiến áp dụng đến 23:00 | 31/03                                                                         1                                              Phiếu mua hàng Apple Pencil trị giá 400,000đ                                                            2                                              Tặng Phiếu mua hàng mua Balo; Túi Chống sốc; Ốp lưng; KBV Camera; Sạc dự phòng  (trừ AVA+, Hydrus); nhóm Tai nghe bluetooth, Loa Bluetooth các hãng JBL, Marshall,Harman Kardon; đồng hồ thông minh (trừ Apple) trị giá 100.000đ                                                            3                                              Thu cũ đổi mới: Giảm đến 2,000,000đ (Không kèm ưu đãi thanh toán qua cổng, mua kèm)  Xem chi tiết                                                            4                                              Nhập mã VNPAY0126 giảm tối đa 100,000đ (áp dụng tùy giá trị đơn hàng) khi thanh toán qua VNPAY-QR  (Xem chi tiết tại đây)";;https://www.thegioididong.com/may-tinh-bang/ipad-air-m3-13-inch-5g-128gb;DEBUG_OOS_iPad Air M3 13 inch 5G 128GB_Trắng Starlight_081720.png
iPad A16 WiFi 256GB;Vàng;Yes;12590000;12390000;2026-03-09;"Khuyến mãi  trị giá 400.000₫                     Giá và khuyến mãi dự kiến áp dụng đến 23:00 | 31/03                                                                         1                                              Phiếu mua hàng Apple Pencil trị giá 400,000đ                                                            2                                              Tặng Phiếu mua hàng mua Balo; Túi Chống sốc; Ốp lưng; KBV Camera; Sạc dự phòng  (trừ AVA+, Hydrus); nhóm Tai nghe bluetooth, Loa Bluetooth các hãng JBL, Marshall,Harman Kardon; đồng hồ thông minh (trừ Apple) trị giá 100.000đ                                                            3                                              Thu cũ đổi mới: Giảm đến 2,000,000đ (Không kèm ưu đãi thanh toán qua cổng, mua kèm)  Xem chi tiết                                                            4                                              Nhập mã VNPAY0126 giảm tối đa 100,000đ (áp dụng tùy giá trị đơn hàng) khi thanh toán qua VNPAY-QR  (Xem chi tiết tại đây)";;https://www.thegioididong.com/may-tinh-bang/ipad-11-wifi-128gb;Skipped
iPad Air M3 11 inch WiFi 256GB;Đen - Xám;Yes;19390000;18990000;2026-03-09;"Khuyến mãi  trị giá 400.000₫                     Giá và khuyến mãi dự kiến áp dụng đến 23:00 | 31/03                                                                         1                                              Phiếu mua hàng Apple Pencil trị giá 400,000đ                                                            2                                              Tặng Phiếu mua hàng mua Balo; Túi Chống sốc; Ốp lưng; KBV Camera; Sạc dự phòng  (trừ AVA+, Hydrus); nhóm Tai nghe bluetooth, Loa Bluetooth các hãng JBL, Marshall,Harman Kardon; đồng hồ thông minh (trừ Apple) trị giá 100.000đ                                                            3                                              Thu cũ đổi mới: Giảm đến 2,000,000đ (Không kèm ưu đãi thanh toán qua cổng, mua kèm)  Xem chi tiết                                                            4                                              Nhập mã VNPAY0126 giảm tối đa 100,000đ (áp dụng tùy giá trị đơn hàng) khi thanh toán qua VNPAY-QR  (Xem chi tiết tại đây)";;https://www.thegioididong.com/may-tinh-bang/ipad-air-m3-11-inch-wifi-128gb;Skipped
iPad Air M3 11 inch 5G 512GB;Tím;Yes;29190000;28790000;2026-03-09;"Khuyến mãi  trị giá 400.000₫                     Giá và khuyến mãi dự kiến áp dụng đến 23:00 | 31/03                                                                         1                                              Phiếu mua hàng Apple Pencil trị giá 400,000đ                                                            2                                              Tặng Phiếu mua hàng mua Balo; Túi Chống sốc; Ốp lưng; KBV Camera; Sạc dự phòng  (trừ AVA+, Hydrus); nhóm Tai nghe bluetooth, Loa Bluetooth các hãng JBL, Marshall,Harman Kardon; đồng hồ thông minh (trừ Apple) trị giá 100.000đ                                                            3                                              Thu cũ đổi mới: Giảm đến 2,000,000đ (Không kèm ưu đãi thanh toán qua cổng, mua kèm)  Xem chi tiết                                                            4                                              Nhập mã VNPAY0126 giảm tối đa 100,000đ (áp dụng tùy giá trị đơn hàng) khi thanh toán qua VNPAY-QR  (Xem chi tiết tại đây)";;https://www.thegioididong.com/may-tinh-bang/ipad-air-m3-11-inch-5g-128gb;Skipped
iPad A16 5G 512GB;Vàng;Yes;22390000;21890000;2026-03-09;"Khuyến mãi  trị giá 400.000₫                     Giá và khuyến mãi dự kiến áp dụng đến 23:00 | 31/03                                                                         1                                              Phiếu mua hàng Apple Pencil trị giá 400,000đ                                                            2                                              Tặng Phiếu mua hàng mua Balo; Túi Chống sốc; Ốp lưng; KBV Camera; Sạc dự phòng  (trừ AVA+, Hydrus); nhóm Tai nghe bluetooth, Loa Bluetooth các hãng JBL, Marshall,Harman Kardon; đồng hồ thông minh (trừ Apple) trị giá 100.000đ                                                            3                                              Thu cũ đổi mới: Giảm đến 2,000,000đ (Không kèm ưu đãi thanh toán qua cổng, mua kèm)  Xem chi tiết                                                            4                                              Nhập mã VNPAY0126 giảm tối đa 100,000đ (áp dụng tùy giá trị đơn hàng) khi thanh toán qua VNPAY-QR  (Xem chi tiết tại đây)";;https://www.thegioididong.com/may-tinh-bang/ipad-11-5g-128gb;Skipped
iPad Air M3 13 inch 5G 128GB;Tím;No;26190000;25590000;2026-03-09;"Khuyến mãi  trị giá 400.000₫                     Giá và khuyến mãi dự kiến áp dụng đến 23:00 | 31/03                                                                         1                                              Phiếu mua hàng Apple Pencil trị giá 400,000đ                                                            2                                              Tặng Phiếu mua hàng mua Balo; Túi Chống sốc; Ốp lưng; KBV Camera; Sạc dự phòng  (trừ AVA+, Hydrus); nhóm Tai nghe bluetooth, Loa Bluetooth các hãng JBL, Marshall,Harman Kardon; đồng hồ thông minh (trừ Apple) trị giá 100.000đ                                                            3                                              Thu cũ đổi mới: Giảm đến 2,000,000đ (Không kèm ưu đãi thanh toán qua cổng, mua kèm)  Xem chi tiết                                                            4                                              Nhập mã VNPAY0126 giảm tối đa 100,000đ (áp dụng tùy giá trị đơn hàng) khi thanh toán qua VNPAY-QR  (Xem chi tiết tại đây)";;https://www.thegioididong.com/may-tinh-bang/ipad-air-m3-13-inch-5g-128gb;DEBUG_OOS_iPad Air M3 13 inch 5G 128GB_Tím_081727.png
iPad A16 WiFi 256GB;Hồng;Yes;12590000;12390000;2026-03-09;"Khuyến mãi  trị giá 400.000₫                     Giá và khuyến mãi dự kiến áp dụng đến 23:00 | 31/03                                                                         1                                              Phiếu mua hàng Apple Pencil trị giá 400,000đ                                                            2                                              Tặng Phiếu mua hàng mua Balo; Túi Chống sốc; Ốp lưng; KBV Camera; Sạc dự phòng  (trừ AVA+, Hydrus); nhóm Tai nghe bluetooth, Loa Bluetooth các hãng JBL, Marshall,Harman Kardon; đồng hồ thông minh (trừ Apple) trị giá 100.000đ                                                            3                                              Thu cũ đổi mới: Giảm đến 2,000,000đ (Không kèm ưu đãi thanh toán qua cổng, mua kèm)  Xem chi tiết                                                            4                                              Nhập mã VNPAY0126 giảm tối đa 100,000đ (áp dụng tùy giá trị đơn hàng) khi thanh toán qua VNPAY-QR  (Xem chi tiết tại đây)";;https://www.thegioididong.com/may-tinh-bang/ipad-11-wifi-128gb;Skipped
iPad Air M3 11 inch 5G 512GB;Trắng Starlight;No;29190000;28790000;2026-03-09;"Khuyến mãi  trị giá 400.000₫                     Giá và khuyến mãi dự kiến áp dụng đến 23:00 | 31/03                                                                         1                                              Phiếu mua hàng Apple Pencil trị giá 400,000đ                                                            2                                              Tặng Phiếu mua hàng mua Balo; Túi Chống sốc; Ốp lưng; KBV Camera; Sạc dự phòng  (trừ AVA+, Hydrus); nhóm Tai nghe bluetooth, Loa Bluetooth các hãng JBL, Marshall,Harman Kardon; đồng hồ thông minh (trừ Apple) trị giá 100.000đ                                                            3                                              Thu cũ đổi mới: Giảm đến 2,000,000đ (Không kèm ưu đãi thanh toán qua cổng, mua kèm)  Xem chi tiết                                                            4                                              Nhập mã VNPAY0126 giảm tối đa 100,000đ (áp dụng tùy giá trị đơn hàng) khi thanh toán qua VNPAY-QR  (Xem chi tiết tại đây)";;https://www.thegioididong.com/may-tinh-bang/ipad-air-m3-11-inch-5g-128gb;DEBUG_OOS_iPad Air M3 11 inch 5G 512GB_Trắng Starlight_081729.png
iPad A16 5G 512GB;Xanh Dương;No;22390000;21890000;2026-03-09;"Khuyến mãi  trị giá 400.000₫                     Giá và khuyến mãi dự kiến áp dụng đến 23:00 | 31/03                                                                         1                                              Phiếu mua hàng Apple Pencil trị giá 400,000đ                                                            2                                              Tặng Phiếu mua hàng mua Balo; Túi Chống sốc; Ốp lưng; KBV Camera; Sạc dự phòng  (trừ AVA+, Hydrus); nhóm Tai nghe bluetooth, Loa Bluetooth các hãng JBL, Marshall,Harman Kardon; đồng hồ thông minh (trừ Apple) trị giá 100.000đ                                                            3                                              Thu cũ đổi mới: Giảm đến 2,000,000đ (Không kèm ưu đãi thanh toán qua cổng, mua kèm)  Xem chi tiết                                                            4                                              Nhập mã VNPAY0126 giảm tối đa 100,000đ (áp dụng tùy giá trị đơn hàng) khi thanh toán qua VNPAY-QR  (Xem chi tiết tại đây)";;https://www.thegioididong.com/may-tinh-bang/ipad-11-5g-128gb;DEBUG_OOS_iPad A16 5G 512GB_Xanh Dương_081730.png
iPad Air M3 11 inch WiFi 256GB;Xanh Dương;Yes;19390000;18990000;2026-03-09;"Khuyến mãi  trị giá 400.000₫                     Giá và khuyến mãi dự kiến áp dụng đến 23:00 | 31/03                                                                         1                                              Phiếu mua hàng Apple Pencil trị giá 400,000đ                                                            2                                              Tặng Phiếu mua hàng mua Balo; Túi Chống sốc; Ốp lưng; KBV Camera; Sạc dự phòng  (trừ AVA+, Hydrus); nhóm Tai nghe bluetooth, Loa Bluetooth các hãng JBL, Marshall,Harman Kardon; đồng hồ thông minh (trừ Apple) trị giá 100.000đ                                                            3                                              Thu cũ đổi mới: Giảm đến 2,000,000đ (Không kèm ưu đãi thanh toán qua cổng, mua kèm)  Xem chi tiết                                                            4                                              Nhập mã VNPAY0126 giảm tối đa 100,000đ (áp dụng tùy giá trị đơn hàng) khi thanh toán qua VNPAY-QR  (Xem chi tiết tại đây)";;https://www.thegioididong.com/may-tinh-bang/ipad-air-m3-11-inch-wifi-128gb;Skipped
iPad Air M3 13 inch 5G 128GB;Xanh Dương;No;26190000;25590000;2026-03-09;"Khuyến mãi  trị giá 400.000₫                     Giá và khuyến mãi dự kiến áp dụng đến 23:00 | 31/03                                                                         1                                              Phiếu mua hàng Apple Pencil trị giá 400,000đ                                                            2                                              Tặng Phiếu mua hàng mua Balo; Túi Chống sốc; Ốp lưng; KBV Camera; Sạc dự phòng  (trừ AVA+, Hydrus); nhóm Tai nghe bluetooth, Loa Bluetooth các hãng JBL, Marshall,Harman Kardon; đồng hồ thông minh (trừ Apple) trị giá 100.000đ                                                            3                                              Thu cũ đổi mới: Giảm đến 2,000,000đ (Không kèm ưu đãi thanh toán qua cổng, mua kèm)  Xem chi tiết                                                            4                                              Nhập mã VNPAY0126 giảm tối đa 100,000đ (áp dụng tùy giá trị đơn hàng) khi thanh toán qua VNPAY-QR  (Xem chi tiết tại đây)";;https://www.thegioididong.com/may-tinh-bang/ipad-air-m3-13-inch-5g-128gb;DEBUG_OOS_iPad Air M3 13 inch 5G 128GB_Xanh Dương_081733.png
iPad Air M3 11 inch 5G 512GB;Xanh Dương;No;29190000;28790000;2026-03-09;"Khuyến mãi  trị giá 400.000₫                     Giá và khuyến mãi dự kiến áp dụng đến 23:00 | 31/03                                                                         1                                              Phiếu mua hàng Apple Pencil trị giá 400,000đ                                                            2                                              Tặng Phiếu mua hàng mua Balo; Túi Chống sốc; Ốp lưng; KBV Camera; Sạc dự phòng  (trừ AVA+, Hydrus); nhóm Tai nghe bluetooth, Loa Bluetooth các hãng JBL, Marshall,Harman Kardon; đồng hồ thông minh (trừ Apple) trị giá 100.000đ                                                            3                                              Thu cũ đổi mới: Giảm đến 2,000,000đ (Không kèm ưu đãi thanh toán qua cổng, mua kèm)  Xem chi tiết                                                            4                                              Nhập mã VNPAY0126 giảm tối đa 100,000đ (áp dụng tùy giá trị đơn hàng) khi thanh toán qua VNPAY-QR  (Xem chi tiết tại đây)";;https://www.thegioididong.com/may-tinh-bang/ipad-air-m3-11-inch-5g-128gb;DEBUG_OOS_iPad Air M3 11 inch 5G 512GB_Xanh Dương_081733.png
iPad A16 5G 512GB;Hồng;No;22390000;21890000;2026-03-09;"Khuyến mãi  trị giá 400.000₫                     Giá và khuyến mãi dự kiến áp dụng đến 23:00 | 31/03                                                                         1                                              Phiếu mua hàng Apple Pencil trị giá 400,000đ                                                            2                                              Tặng Phiếu mua hàng mua Balo; Túi Chống sốc; Ốp lưng; KBV Camera; Sạc dự phòng  (trừ AVA+, Hydrus); nhóm Tai nghe bluetooth, Loa Bluetooth các hãng JBL, Marshall,Harman Kardon; đồng hồ thông minh (trừ Apple) trị giá 100.000đ                                                            3                                              Thu cũ đổi mới: Giảm đến 2,000,000đ (Không kèm ưu đãi thanh toán qua cổng, mua kèm)  Xem chi tiết                                                            4                                              Nhập mã VNPAY0126 giảm tối đa 100,000đ (áp dụng tùy giá trị đơn hàng) khi thanh toán qua VNPAY-QR  (Xem chi tiết tại đây)";;https://www.thegioididong.com/may-tinh-bang/ipad-11-5g-128gb;DEBUG_OOS_iPad A16 5G 512GB_Hồng_081735.png
iPad Air M3 11 inch 5G 512GB;Đen - Xám;No;29190000;28790000;2026-03-09;"Khuyến mãi  trị giá 400.000₫                     Giá và khuyến mãi dự kiến áp dụng đến 23:00 | 31/03                                                                         1                                              Phiếu mua hàng Apple Pencil trị giá 400,000đ                                                            2                                              Tặng Phiếu mua hàng mua Balo; Túi Chống sốc; Ốp lưng; KBV Camera; Sạc dự phòng  (trừ AVA+, Hydrus); nhóm Tai nghe bluetooth, Loa Bluetooth các hãng JBL, Marshall,Harman Kardon; đồng hồ thông minh (trừ Apple) trị giá 100.000đ                                                            3                                              Thu cũ đổi mới: Giảm đến 2,000,000đ (Không kèm ưu đãi thanh toán qua cổng, mua kèm)  Xem chi tiết                                                            4                                              Nhập mã VNPAY0126 giảm tối đa 100,000đ (áp dụng tùy giá trị đơn hàng) khi thanh toán qua VNPAY-QR  (Xem chi tiết tại đây)";;https://www.thegioididong.com/may-tinh-bang/ipad-air-m3-11-inch-5g-128gb;DEBUG_OOS_iPad Air M3 11 inch 5G 512GB_Đen - Xám_081737.png
iPad Air M3 13 inch 5G 128GB;Đen - Xám;No;26190000;25590000;2026-03-09;"Khuyến mãi  trị giá 400.000₫                     Giá và khuyến mãi dự kiến áp dụng đến 23:00 | 31/03                                                                         1                                              Phiếu mua hàng Apple Pencil trị giá 400,000đ                                                            2                                              Tặng Phiếu mua hàng mua Balo; Túi Chống sốc; Ốp lưng; KBV Camera; Sạc dự phòng  (trừ AVA+, Hydrus); nhóm Tai nghe bluetooth, Loa Bluetooth các hãng JBL, Marshall,Harman Kardon; đồng hồ thông minh (trừ Apple) trị giá 100.000đ                                                            3                                              Thu cũ đổi mới: Giảm đến 2,000,000đ (Không kèm ưu đãi thanh toán qua cổng, mua kèm)  Xem chi tiết                                                            4                                              Nhập mã VNPAY0126 giảm tối đa 100,000đ (áp dụng tùy giá trị đơn hàng) khi thanh toán qua VNPAY-QR  (Xem chi tiết tại đây)";;https://www.thegioididong.com/may-tinh-bang/ipad-air-m3-13-inch-5g-128gb;DEBUG_OOS_iPad Air M3 13 inch 5G 128GB_Đen - Xám_081737.png
iPad Air M3 11 inch WiFi 256GB;Tím;Yes;19390000;18990000;2026-03-09;"Khuyến mãi  trị giá 400.000₫                     Giá và khuyến mãi dự kiến áp dụng đến 23:00 | 31/03                                                                         1                                              Phiếu mua hàng Apple Pencil trị giá 400,000đ                                                            2                                              Tặng Phiếu mua hàng mua Balo; Túi Chống sốc; Ốp lưng; KBV Camera; Sạc dự phòng  (trừ AVA+, Hydrus); nhóm Tai nghe bluetooth, Loa Bluetooth các hãng JBL, Marshall,Harman Kardon; đồng hồ thông minh (trừ Apple) trị giá 100.000đ                                                            3                                              Thu cũ đổi mới: Giảm đến 2,000,000đ (Không kèm ưu đãi thanh toán qua cổng, mua kèm)  Xem chi tiết                                                            4                                              Nhập mã VNPAY0126 giảm tối đa 100,000đ (áp dụng tùy giá trị đơn hàng) khi thanh toán qua VNPAY-QR  (Xem chi tiết tại đây)";;https://www.thegioididong.com/may-tinh-bang/ipad-air-m3-11-inch-wifi-128gb;Skipped
iPad A16 WiFi 256GB;Xanh Dương;Yes;12590000;12390000;2026-03-09;"Khuyến mãi  trị giá 400.000₫                     Giá và khuyến mãi dự kiến áp dụng đến 23:00 | 31/03                                                                         1                                              Phiếu mua hàng Apple Pencil trị giá 400,000đ                                                            2                                              Tặng Phiếu mua hàng mua Balo; Túi Chống sốc; Ốp lưng; KBV Camera; Sạc dự phòng  (trừ AVA+, Hydrus); nhóm Tai nghe bluetooth, Loa Bluetooth các hãng JBL, Marshall,Harman Kardon; đồng hồ thông minh (trừ Apple) trị giá 100.000đ                                                            3                                              Thu cũ đổi mới: Giảm đến 2,000,000đ (Không kèm ưu đãi thanh toán qua cổng, mua kèm)  Xem chi tiết                                                            4                                              Nhập mã VNPAY0126 giảm tối đa 100,000đ (áp dụng tùy giá trị đơn hàng) khi thanh toán qua VNPAY-QR  (Xem chi tiết tại đây)";;https://www.thegioididong.com/may-tinh-bang/ipad-11-wifi-128gb;Skipped
iPad A16 5G 512GB;Bạc;No;22390000;21890000;2026-03-09;"Khuyến mãi  trị giá 400.000₫                     Giá và khuyến mãi dự kiến áp dụng đến 23:00 | 31/03                                                                         1                                              Phiếu mua hàng Apple Pencil trị giá 400,000đ                                                            2                                              Tặng Phiếu mua hàng mua Balo; Túi Chống sốc; Ốp lưng; KBV Camera; Sạc dự phòng  (trừ AVA+, Hydrus); nhóm Tai nghe bluetooth, Loa Bluetooth các hãng JBL, Marshall,Harman Kardon; đồng hồ thông minh (trừ Apple) trị giá 100.000đ                                                            3                                              Thu cũ đổi mới: Giảm đến 2,000,000đ (Không kèm ưu đãi thanh toán qua cổng, mua kèm)  Xem chi tiết                                                            4                                              Nhập mã VNPAY0126 giảm tối đa 100,000đ (áp dụng tùy giá trị đơn hàng) khi thanh toán qua VNPAY-QR  (Xem chi tiết tại đây)";;https://www.thegioididong.com/may-tinh-bang/ipad-11-5g-128gb;DEBUG_OOS_iPad A16 5G 512GB_Bạc_081739.png
iPad Air M3 13 inch 5G 128GB;Trắng Starlight;No;26190000;25590000;2026-03-09;"Khuyến mãi  trị giá 400.000₫                     Giá và khuyến mãi dự kiến áp dụng đến 23:00 | 31/03                                                                         1                                              Phiếu mua hàng Apple Pencil trị giá 400,000đ                                                            2                                              Tặng Phiếu mua hàng mua Balo; Túi Chống sốc; Ốp lưng; KBV Camera; Sạc dự phòng  (trừ AVA+, Hydrus); nhóm Tai nghe bluetooth, Loa Bluetooth các hãng JBL, Marshall,Harman Kardon; đồng hồ thông minh (trừ Apple) trị giá 100.000đ                                                            3                                              Thu cũ đổi mới: Giảm đến 2,000,000đ (Không kèm ưu đãi thanh toán qua cổng, mua kèm)  Xem chi tiết                                                            4                                              Nhập mã VNPAY0126 giảm tối đa 100,000đ (áp dụng tùy giá trị đơn hàng) khi thanh toán qua VNPAY-QR  (Xem chi tiết tại đây)";;https://www.thegioididong.com/may-tinh-bang/ipad-air-m3-13-inch-5g-128gb;DEBUG_OOS_iPad Air M3 13 inch 5G 128GB_Trắng Starlight_081742.png
iPad Air M3 11 inch WiFi 256GB;Trắng Starlight;No;19390000;18990000;2026-03-09;"Khuyến mãi  trị giá 400.000₫                     Giá và khuyến mãi dự kiến áp dụng đến 23:00 | 31/03                                                                         1                                              Phiếu mua hàng Apple Pencil trị giá 400,000đ                                                            2                                              Tặng Phiếu mua hàng mua Balo; Túi Chống sốc; Ốp lưng; KBV Camera; Sạc dự phòng  (trừ AVA+, Hydrus); nhóm Tai nghe bluetooth, Loa Bluetooth các hãng JBL, Marshall,Harman Kardon; đồng hồ thông minh (trừ Apple) trị giá 100.000đ                                                            3                                              Thu cũ đổi mới: Giảm đến 2,000,000đ (Không kèm ưu đãi thanh toán qua cổng, mua kèm)  Xem chi tiết                                                            4                                              Nhập mã VNPAY0126 giảm tối đa 100,000đ (áp dụng tùy giá trị đơn hàng) khi thanh toán qua VNPAY-QR  (Xem chi tiết tại đây)";;https://www.thegioididong.com/may-tinh-bang/ipad-air-m3-11-inch-wifi-128gb;DEBUG_OOS_iPad Air M3 11 inch WiFi 256GB_Trắng Starlight_081744.png
iPad A16 WiFi 256GB;Bạc;Yes;12590000;12390000;2026-03-09;"Khuyến mãi  trị giá 400.000₫                     Giá và khuyến mãi dự kiến áp dụng đến 23:00 | 31/03                                                                         1                                              Phiếu mua hàng Apple Pencil trị giá 400,000đ                                                            2                                              Tặng Phiếu mua hàng mua Balo; Túi Chống sốc; Ốp lưng; KBV Camera; Sạc dự phòng  (trừ AVA+, Hydrus); nhóm Tai nghe bluetooth, Loa Bluetooth các hãng JBL, Marshall,Harman Kardon; đồng hồ thông minh (trừ Apple) trị giá 100.000đ                                                            3                                              Thu cũ đổi mới: Giảm đến 2,000,000đ (Không kèm ưu đãi thanh toán qua cổng, mua kèm)  Xem chi tiết                                                            4                                              Nhập mã VNPAY0126 giảm tối đa 100,000đ (áp dụng tùy giá trị đơn hàng) khi thanh toán qua VNPAY-QR  (Xem chi tiết tại đây)";;https://www.thegioididong.com/may-tinh-bang/ipad-11-wifi-128gb;Skipped
iPad Air M3 11 inch 5G 512GB;Tím;Yes;29190000;28790000;2026-03-09;"Khuyến mãi  trị giá 400.000₫                     Giá và khuyến mãi dự kiến áp dụng đến 23:00 | 31/03                                                                         1                                              Phiếu mua hàng Apple Pencil trị giá 400,000đ                                                            2                                              Tặng Phiếu mua hàng mua Balo; Túi Chống sốc; Ốp lưng; KBV Camera; Sạc dự phòng  (trừ AVA+, Hydrus); nhóm Tai nghe bluetooth, Loa Bluetooth các hãng JBL, Marshall,Harman Kardon; đồng hồ thông minh (trừ Apple) trị giá 100.000đ                                                            3                                              Thu cũ đổi mới: Giảm đến 2,000,000đ (Không kèm ưu đãi thanh toán qua cổng, mua kèm)  Xem chi tiết                                                            4                                              Nhập mã VNPAY0126 giảm tối đa 100,000đ (áp dụng tùy giá trị đơn hàng) khi thanh toán qua VNPAY-QR  (Xem chi tiết tại đây)";;https://www.thegioididong.com/may-tinh-bang/ipad-air-m3-11-inch-5g-128gb;Skipped
iPad Air M3 13 inch 5G 128GB;Tím;No;26190000;25590000;2026-03-09;"Khuyến mãi  trị giá 400.000₫                     Giá và khuyến mãi dự kiến áp dụng đến 23:00 | 31/03                                                                         1                                              Phiếu mua hàng Apple Pencil trị giá 400,000đ                                                            2                                              Tặng Phiếu mua hàng mua Balo; Túi Chống sốc; Ốp lưng; KBV Camera; Sạc dự phòng  (trừ AVA+, Hydrus); nhóm Tai nghe bluetooth, Loa Bluetooth các hãng JBL, Marshall,Harman Kardon; đồng hồ thông minh (trừ Apple) trị giá 100.000đ                                                            3                                              Thu cũ đổi mới: Giảm đến 2,000,000đ (Không kèm ưu đãi thanh toán qua cổng, mua kèm)  Xem chi tiết                                                            4                                              Nhập mã VNPAY0126 giảm tối đa 100,000đ (áp dụng tùy giá trị đơn hàng) khi thanh toán qua VNPAY-QR  (Xem chi tiết tại đây)";;https://www.thegioididong.com/may-tinh-bang/ipad-air-m3-13-inch-5g-128gb;DEBUG_OOS_iPad Air M3 13 inch 5G 128GB_Tím_081752.png
iPad A16 5G 512GB;Vàng;Yes;22390000;21890000;2026-03-09;"Khuyến mãi  trị giá 400.000₫                     Giá và khuyến mãi dự kiến áp dụng đến 23:00 | 31/03                                                                         1                                              Phiếu mua hàng Apple Pencil trị giá 400,000đ                                                            2                                              Tặng Phiếu mua hàng mua Balo; Túi Chống sốc; Ốp lưng; KBV Camera; Sạc dự phòng  (trừ AVA+, Hydrus); nhóm Tai nghe bluetooth, Loa Bluetooth các hãng JBL, Marshall,Harman Kardon; đồng hồ thông minh (trừ Apple) trị giá 100.000đ                                                            3                                              Thu cũ đổi mới: Giảm đến 2,000,000đ (Không kèm ưu đãi thanh toán qua cổng, mua kèm)  Xem chi tiết                                                            4                                              Nhập mã VNPAY0126 giảm tối đa 100,000đ (áp dụng tùy giá trị đơn hàng) khi thanh toán qua VNPAY-QR  (Xem chi tiết tại đây)";;https://www.thegioididong.com/may-tinh-bang/ipad-11-5g-128gb;Skipped
iPad Air M3 11 inch 5G 512GB;Trắng Starlight;No;29190000;28790000;2026-03-09;"Khuyến mãi  trị giá 400.000₫                     Giá và khuyến mãi dự kiến áp dụng đến 23:00 | 31/03                                                                         1                                              Phiếu mua hàng Apple Pencil trị giá 400,000đ                                                            2                                              Tặng Phiếu mua hàng mua Balo; Túi Chống sốc; Ốp lưng; KBV Camera; Sạc dự phòng  (trừ AVA+, Hydrus); nhóm Tai nghe bluetooth, Loa Bluetooth các hãng JBL, Marshall,Harman Kardon; đồng hồ thông minh (trừ Apple) trị giá 100.000đ                                                            3                                              Thu cũ đổi mới: Giảm đến 2,000,000đ (Không kèm ưu đãi thanh toán qua cổng, mua kèm)  Xem chi tiết                                                            4                                              Nhập mã VNPAY0126 giảm tối đa 100,000đ (áp dụng tùy giá trị đơn hàng) khi thanh toán qua VNPAY-QR  (Xem chi tiết tại đây)";;https://www.thegioididong.com/may-tinh-bang/ipad-air-m3-11-inch-5g-128gb;DEBUG_OOS_iPad Air M3 11 inch 5G 512GB_Trắng Starlight_081756.png
iPad Air M3 11 inch WiFi 256GB;Đen - Xám;Yes;19390000;18990000;2026-03-09;"Khuyến mãi  trị giá 400.000₫                     Giá và khuyến mãi dự kiến áp dụng đến 23:00 | 31/03                                                                         1                                              Phiếu mua hàng Apple Pencil trị giá 400,000đ                                                            2                                              Tặng Phiếu mua hàng mua Balo; Túi Chống sốc; Ốp lưng; KBV Camera; Sạc dự phòng  (trừ AVA+, Hydrus); nhóm Tai nghe bluetooth, Loa Bluetooth các hãng JBL, Marshall,Harman Kardon; đồng hồ thông minh (trừ Apple) trị giá 100.000đ                                                            3                                              Thu cũ đổi mới: Giảm đến 2,000,000đ (Không kèm ưu đãi thanh toán qua cổng, mua kèm)  Xem chi tiết                                                            4                                              Nhập mã VNPAY0126 giảm tối đa 100,000đ (áp dụng tùy giá trị đơn hàng) khi thanh toán qua VNPAY-QR  (Xem chi tiết tại đây)";;https://www.thegioididong.com/may-tinh-bang/ipad-air-m3-11-inch-wifi-128gb;Skipped
iPad A16 WiFi 256GB;Vàng;Yes;12590000;12390000;2026-03-09;"Khuyến mãi  trị giá 400.000₫                     Giá và khuyến mãi dự kiến áp dụng đến 23:00 | 31/03                                                                         1                                              Phiếu mua hàng Apple Pencil trị giá 400,000đ                                                            2                                              Tặng Phiếu mua hàng mua Balo; Túi Chống sốc; Ốp lưng; KBV Camera; Sạc dự phòng  (trừ AVA+, Hydrus); nhóm Tai nghe bluetooth, Loa Bluetooth các hãng JBL, Marshall,Harman Kardon; đồng hồ thông minh (trừ Apple) trị giá 100.000đ                                                            3                                              Thu cũ đổi mới: Giảm đến 2,000,000đ (Không kèm ưu đãi thanh toán qua cổng, mua kèm)  Xem chi tiết                                                            4                                              Nhập mã VNPAY0126 giảm tối đa 100,000đ (áp dụng tùy giá trị đơn hàng) khi thanh toán qua VNPAY-QR  (Xem chi tiết tại đây)";;https://www.thegioididong.com/may-tinh-bang/ipad-11-wifi-128gb;Skipped
iPad Air M3 13 inch 5G 128GB;Xanh Dương;No;26190000;25590000;2026-03-09;"Khuyến mãi  trị giá 400.000₫                     Giá và khuyến mãi dự kiến áp dụng đến 23:00 | 31/03                                                                         1                                              Phiếu mua hàng Apple Pencil trị giá 400,000đ                                                            2                                              Tặng Phiếu mua hàng mua Balo; Túi Chống sốc; Ốp lưng; KBV Camera; Sạc dự phòng  (trừ AVA+, Hydrus); nhóm Tai nghe bluetooth, Loa Bluetooth các hãng JBL, Marshall,Harman Kardon; đồng hồ thông minh (trừ Apple) trị giá 100.000đ                                                            3                                              Thu cũ đổi mới: Giảm đến 2,000,000đ (Không kèm ưu đãi thanh toán qua cổng, mua kèm)  Xem chi tiết                                                            4                                              Nhập mã VNPAY0126 giảm tối đa 100,000đ (áp dụng tùy giá trị đơn hàng) khi thanh toán qua VNPAY-QR  (Xem chi tiết tại đây)";;https://www.thegioididong.com/may-tinh-bang/ipad-air-m3-13-inch-5g-128gb;DEBUG_OOS_iPad Air M3 13 inch 5G 128GB_Xanh Dương_081804.png
iPad A16 5G 512GB;Xanh Dương;No;22390000;21890000;2026-03-09;"Khuyến mãi  trị giá 400.000₫                     Giá và khuyến mãi dự kiến áp dụng đến 23:00 | 31/03                                                                         1                                              Phiếu mua hàng Apple Pencil trị giá 400,000đ                                                            2                                              Tặng Phiếu mua hàng mua Balo; Túi Chống sốc; Ốp lưng; KBV Camera; Sạc dự phòng  (trừ AVA+, Hydrus); nhóm Tai nghe bluetooth, Loa Bluetooth các hãng JBL, Marshall,Harman Kardon; đồng hồ thông minh (trừ Apple) trị giá 100.000đ                                                            3                                              Thu cũ đổi mới: Giảm đến 2,000,000đ (Không kèm ưu đãi thanh toán qua cổng, mua kèm)  Xem chi tiết                                                            4                                              Nhập mã VNPAY0126 giảm tối đa 100,000đ (áp dụng tùy giá trị đơn hàng) khi thanh toán qua VNPAY-QR  (Xem chi tiết tại đây)";;https://www.thegioididong.com/may-tinh-bang/ipad-11-5g-128gb;DEBUG_OOS_iPad A16 5G 512GB_Xanh Dương_081804.png
iPad Air M3 11 inch 5G 512GB;Xanh Dương;No;29190000;28790000;2026-03-09;"Khuyến mãi  trị giá 400.000₫                     Giá và khuyến mãi dự kiến áp dụng đến 23:00 | 31/03                                                                         1                                              Phiếu mua hàng Apple Pencil trị giá 400,000đ                                                            2                                              Tặng Phiếu mua hàng mua Balo; Túi Chống sốc; Ốp lưng; KBV Camera; Sạc dự phòng  (trừ AVA+, Hydrus); nhóm Tai nghe bluetooth, Loa Bluetooth các hãng JBL, Marshall,Harman Kardon; đồng hồ thông minh (trừ Apple) trị giá 100.000đ                                                            3                                              Thu cũ đổi mới: Giảm đến 2,000,000đ (Không kèm ưu đãi thanh toán qua cổng, mua kèm)  Xem chi tiết                                                            4                                              Nhập mã VNPAY0126 giảm tối đa 100,000đ (áp dụng tùy giá trị đơn hàng) khi thanh toán qua VNPAY-QR  (Xem chi tiết tại đây)";;https://www.thegioididong.com/may-tinh-bang/ipad-air-m3-11-inch-5g-128gb;DEBUG_OOS_iPad Air M3 11 inch 5G 512GB_Xanh Dương_081806.png
iPad A16 WiFi 256GB;Hồng;Yes;12590000;12390000;2026-03-09;"Khuyến mãi  trị giá 400.000₫                     Giá và khuyến mãi dự kiến áp dụng đến 23:00 | 31/03                                                                         1                                              Phiếu mua hàng Apple Pencil trị giá 400,000đ                                                            2                                              Tặng Phiếu mua hàng mua Balo; Túi Chống sốc; Ốp lưng; KBV Camera; Sạc dự phòng  (trừ AVA+, Hydrus); nhóm Tai nghe bluetooth, Loa Bluetooth các hãng JBL, Marshall,Harman Kardon; đồng hồ thông minh (trừ Apple) trị giá 100.000đ                                                            3                                              Thu cũ đổi mới: Giảm đến 2,000,000đ (Không kèm ưu đãi thanh toán qua cổng, mua kèm)  Xem chi tiết                                                            4                                              Nhập mã VNPAY0126 giảm tối đa 100,000đ (áp dụng tùy giá trị đơn hàng) khi thanh toán qua VNPAY-QR  (Xem chi tiết tại đây)";;https://www.thegioididong.com/may-tinh-bang/ipad-11-wifi-128gb;Skipped
iPad Air M3 11 inch WiFi 256GB;Xanh Dương;Yes;19390000;18990000;2026-03-09;"Khuyến mãi  trị giá 400.000₫                     Giá và khuyến mãi dự kiến áp dụng đến 23:00 | 31/03                                                                         1                                              Phiếu mua hàng Apple Pencil trị giá 400,000đ                                                            2                                              Tặng Phiếu mua hàng mua Balo; Túi Chống sốc; Ốp lưng; KBV Camera; Sạc dự phòng  (trừ AVA+, Hydrus); nhóm Tai nghe bluetooth, Loa Bluetooth các hãng JBL, Marshall,Harman Kardon; đồng hồ thông minh (trừ Apple) trị giá 100.000đ                                                            3                                              Thu cũ đổi mới: Giảm đến 2,000,000đ (Không kèm ưu đãi thanh toán qua cổng, mua kèm)  Xem chi tiết                                                            4                                              Nhập mã VNPAY0126 giảm tối đa 100,000đ (áp dụng tùy giá trị đơn hàng) khi thanh toán qua VNPAY-QR  (Xem chi tiết tại đây)";;https://www.thegioididong.com/may-tinh-bang/ipad-air-m3-11-inch-wifi-128gb;Skipped
iPad Air M3 13 inch 5G 128GB;Đen - Xám;No;26190000;25590000;2026-03-09;"Khuyến mãi  trị giá 400.000₫                     Giá và khuyến mãi dự kiến áp dụng đến 23:00 | 31/03                                                                         1                                              Phiếu mua hàng Apple Pencil trị giá 400,000đ                                                            2                                              Tặng Phiếu mua hàng mua Balo; Túi Chống sốc; Ốp lưng; KBV Camera; Sạc dự phòng  (trừ AVA+, Hydrus); nhóm Tai nghe bluetooth, Loa Bluetooth các hãng JBL, Marshall,Harman Kardon; đồng hồ thông minh (trừ Apple) trị giá 100.000đ                                                            3                                              Thu cũ đổi mới: Giảm đến 2,000,000đ (Không kèm ưu đãi thanh toán qua cổng, mua kèm)  Xem chi tiết                                                            4                                              Nhập mã VNPAY0126 giảm tối đa 100,000đ (áp dụng tùy giá trị đơn hàng) khi thanh toán qua VNPAY-QR  (Xem chi tiết tại đây)";;https://www.thegioididong.com/may-tinh-bang/ipad-air-m3-13-inch-5g-128gb;DEBUG_OOS_iPad Air M3 13 inch 5G 128GB_Đen - Xám_081811.png
iPad A16 5G 512GB;Hồng;No;22390000;21890000;2026-03-09;"Khuyến mãi  trị giá 400.000₫                     Giá và khuyến mãi dự kiến áp dụng đến 23:00 | 31/03                                                                         1                                              Phiếu mua hàng Apple Pencil trị giá 400,000đ                                                            2                                              Tặng Phiếu mua hàng mua Balo; Túi Chống sốc; Ốp lưng; KBV Camera; Sạc dự phòng  (trừ AVA+, Hydrus); nhóm Tai nghe bluetooth, Loa Bluetooth các hãng JBL, Marshall,Harman Kardon; đồng hồ thông minh (trừ Apple) trị giá 100.000đ                                                            3                                              Thu cũ đổi mới: Giảm đến 2,000,000đ (Không kèm ưu đãi thanh toán qua cổng, mua kèm)  Xem chi tiết                                                            4                                              Nhập mã VNPAY0126 giảm tối đa 100,000đ (áp dụng tùy giá trị đơn hàng) khi thanh toán qua VNPAY-QR  (Xem chi tiết tại đây)";;https://www.thegioididong.com/may-tinh-bang/ipad-11-5g-128gb;DEBUG_OOS_iPad A16 5G 512GB_Hồng_081812.png
iPad Air M3 11 inch 5G 512GB;Đen - Xám;No;29190000;28790000;2026-03-09;"Khuyến mãi  trị giá 400.000₫                     Giá và khuyến mãi dự kiến áp dụng đến 23:00 | 31/03                                                                         1                                              Phiếu mua hàng Apple Pencil trị giá 400,000đ                                                            2                                              Tặng Phiếu mua hàng mua Balo; Túi Chống sốc; Ốp lưng; KBV Camera; Sạc dự phòng  (trừ AVA+, Hydrus); nhóm Tai nghe bluetooth, Loa Bluetooth các hãng JBL, Marshall,Harman Kardon; đồng hồ thông minh (trừ Apple) trị giá 100.000đ                                                            3                                              Thu cũ đổi mới: Giảm đến 2,000,000đ (Không kèm ưu đãi thanh toán qua cổng, mua kèm)  Xem chi tiết                                                            4                                              Nhập mã VNPAY0126 giảm tối đa 100,000đ (áp dụng tùy giá trị đơn hàng) khi thanh toán qua VNPAY-QR  (Xem chi tiết tại đây)";;https://www.thegioididong.com/may-tinh-bang/ipad-air-m3-11-inch-5g-128gb;DEBUG_OOS_iPad Air M3 11 inch 5G 512GB_Đen - Xám_081815.png
iPad Air M3 11 inch WiFi 256GB;Tím;Yes;19390000;18990000;2026-03-09;"Khuyến mãi  trị giá 400.000₫                     Giá và khuyến mãi dự kiến áp dụng đến 23:00 | 31/03                                                                         1                                              Phiếu mua hàng Apple Pencil trị giá 400,000đ                                                            2                                              Tặng Phiếu mua hàng mua Balo; Túi Chống sốc; Ốp lưng; KBV Camera; Sạc dự phòng  (trừ AVA+, Hydrus); nhóm Tai nghe bluetooth, Loa Bluetooth các hãng JBL, Marshall,Harman Kardon; đồng hồ thông minh (trừ Apple) trị giá 100.000đ                                                            3                                              Thu cũ đổi mới: Giảm đến 2,000,000đ (Không kèm ưu đãi thanh toán qua cổng, mua kèm)  Xem chi tiết                                                            4                                              Nhập mã VNPAY0126 giảm tối đa 100,000đ (áp dụng tùy giá trị đơn hàng) khi thanh toán qua VNPAY-QR  (Xem chi tiết tại đây)";;https://www.thegioididong.com/may-tinh-bang/ipad-air-m3-11-inch-wifi-128gb;Skipped
iPad A16 5G 512GB;Bạc;No;22390000;21890000;2026-03-09;"Khuyến mãi  trị giá 400.000₫                     Giá và khuyến mãi dự kiến áp dụng đến 23:00 | 31/03                                                                         1                                              Phiếu mua hàng Apple Pencil trị giá 400,000đ                                                            2                                              Tặng Phiếu mua hàng mua Balo; Túi Chống sốc; Ốp lưng; KBV Camera; Sạc dự phòng  (trừ AVA+, Hydrus); nhóm Tai nghe bluetooth, Loa Bluetooth các hãng JBL, Marshall,Harman Kardon; đồng hồ thông minh (trừ Apple) trị giá 100.000đ                                                            3                                              Thu cũ đổi mới: Giảm đến 2,000,000đ (Không kèm ưu đãi thanh toán qua cổng, mua kèm)  Xem chi tiết                                                            4                                              Nhập mã VNPAY0126 giảm tối đa 100,000đ (áp dụng tùy giá trị đơn hàng) khi thanh toán qua VNPAY-QR  (Xem chi tiết tại đây)";;https://www.thegioididong.com/may-tinh-bang/ipad-11-5g-128gb;DEBUG_OOS_iPad A16 5G 512GB_Bạc_081820.png
iPad Air M3 13 inch 5G 128GB;Trắng Starlight;No;26190000;25590000;2026-03-09;"Khuyến mãi  trị giá 400.000₫                     Giá và khuyến mãi dự kiến áp dụng đến 23:00 | 31/03                                                                         1                                              Phiếu mua hàng Apple Pencil trị giá 400,000đ                                                            2                                              Tặng Phiếu mua hàng mua Balo; Túi Chống sốc; Ốp lưng; KBV Camera; Sạc dự phòng  (trừ AVA+, Hydrus); nhóm Tai nghe bluetooth, Loa Bluetooth các hãng JBL, Marshall,Harman Kardon; đồng hồ thông minh (trừ Apple) trị giá 100.000đ                                                            3                                              Thu cũ đổi mới: Giảm đến 2,000,000đ (Không kèm ưu đãi thanh toán qua cổng, mua kèm)  Xem chi tiết                                                            4                                              Nhập mã VNPAY0126 giảm tối đa 100,000đ (áp dụng tùy giá trị đơn hàng) khi thanh toán qua VNPAY-QR  (Xem chi tiết tại đây)";;https://www.thegioididong.com/may-tinh-bang/ipad-air-m3-13-inch-5g-128gb;DEBUG_OOS_iPad Air M3 13 inch 5G 128GB_Trắng Starlight_081820.png
iPad A16 WiFi 256GB;Xanh Dương;Yes;12590000;12390000;2026-03-09;"Khuyến mãi  trị giá 400.000₫                     Giá và khuyến mãi dự kiến áp dụng đến 23:00 | 31/03                                                                         1                                              Phiếu mua hàng Apple Pencil trị giá 400,000đ                                                            2                                              Tặng Phiếu mua hàng mua Balo; Túi Chống sốc; Ốp lưng; KBV Camera; Sạc dự phòng  (trừ AVA+, Hydrus); nhóm Tai nghe bluetooth, Loa Bluetooth các hãng JBL, Marshall,Harman Kardon; đồng hồ thông minh (trừ Apple) trị giá 100.000đ                                                            3                                              Thu cũ đổi mới: Giảm đến 2,000,000đ (Không kèm ưu đãi thanh toán qua cổng, mua kèm)  Xem chi tiết                                                            4                                              Nhập mã VNPAY0126 giảm tối đa 100,000đ (áp dụng tùy giá trị đơn hàng) khi thanh toán qua VNPAY-QR  (Xem chi tiết tại đây)";;https://www.thegioididong.com/may-tinh-bang/ipad-11-wifi-128gb;Skipped
iPad Air M3 11 inch WiFi 256GB;Trắng Starlight;No;19390000;18990000;2026-03-09;"Khuyến mãi  trị giá 400.000₫                     Giá và khuyến mãi dự kiến áp dụng đến 23:00 | 31/03                                                                         1                                              Phiếu mua hàng Apple Pencil trị giá 400,000đ                                                            2                                              Tặng Phiếu mua hàng mua Balo; Túi Chống sốc; Ốp lưng; KBV Camera; Sạc dự phòng  (trừ AVA+, Hydrus); nhóm Tai nghe bluetooth, Loa Bluetooth các hãng JBL, Marshall,Harman Kardon; đồng hồ thông minh (trừ Apple) trị giá 100.000đ                                                            3                                              Thu cũ đổi mới: Giảm đến 2,000,000đ (Không kèm ưu đãi thanh toán qua cổng, mua kèm)  Xem chi tiết                                                            4                                              Nhập mã VNPAY0126 giảm tối đa 100,000đ (áp dụng tùy giá trị đơn hàng) khi thanh toán qua VNPAY-QR  (Xem chi tiết tại đây)";;https://www.thegioididong.com/may-tinh-bang/ipad-air-m3-11-inch-wifi-128gb;DEBUG_OOS_iPad Air M3 11 inch WiFi 256GB_Trắng Starlight_081832.png
iPad A16 WiFi 256GB;Bạc;Yes;12590000;12390000;2026-03-09;"Khuyến mãi  trị giá 400.000₫                     Giá và khuyến mãi dự kiến áp dụng đến 23:00 | 31/03                                                                         1                                              Phiếu mua hàng Apple Pencil trị giá 400,000đ                                                            2                                              Tặng Phiếu mua hàng mua Balo; Túi Chống sốc; Ốp lưng; KBV Camera; Sạc dự phòng  (trừ AVA+, Hydrus); nhóm Tai nghe bluetooth, Loa Bluetooth các hãng JBL, Marshall,Harman Kardon; đồng hồ thông minh (trừ Apple) trị giá 100.000đ                                                            3                                              Thu cũ đổi mới: Giảm đến 2,000,000đ (Không kèm ưu đãi thanh toán qua cổng, mua kèm)  Xem chi tiết                                                            4                                              Nhập mã VNPAY0126 giảm tối đa 100,000đ (áp dụng tùy giá trị đơn hàng) khi thanh toán qua VNPAY-QR  (Xem chi tiết tại đây)";;https://www.thegioididong.com/may-tinh-bang/ipad-11-wifi-128gb;Skipped
iPad Air M3 11 inch 5G 512GB;Tím;Yes;29190000;287900002919000010;2026-03-09;"Khuyến mãi  trị giá 400.000₫                     Giá và khuyến mãi dự kiến áp dụng đến 23:00 | 31/03                                                                         1                                              Phiếu mua hàng Apple Pencil trị giá 400,000đ                                                            2                                              Tặng Phiếu mua hàng mua Balo; Túi Chống sốc; Ốp lưng; KBV Camera; Sạc dự phòng  (trừ AVA+, Hydrus); nhóm Tai nghe bluetooth, Loa Bluetooth các hãng JBL, Marshall,Harman Kardon; đồng hồ thông minh (trừ Apple) trị giá 100.000đ                                                            3                                              Thu cũ đổi mới: Giảm đến 2,000,000đ (Không kèm ưu đãi thanh toán qua cổng, mua kèm)  Xem chi tiết                                                            4                                              Nhập mã VNPAY0126 giảm tối đa 100,000đ (áp dụng tùy giá trị đơn hàng) khi thanh toán qua VNPAY-QR  (Xem chi tiết tại đây)";;https://www.thegioididong.com/may-tinh-bang/ipad-air-m3-11-inch-5g-128gb;Skipped
iPad mini 7 5G 128GB;Trắng Starlight;Yes;17890000;15890000;2026-03-09;"Khuyến mãi  trị giá 400.000₫                     Giá và khuyến mãi dự kiến áp dụng đến 23:00 | 31/03                                                                         1                                              Phiếu mua hàng Apple Pencil trị giá 400,000đ                                                            2                                              Tặng Phiếu mua hàng mua Balo; Túi Chống sốc; Ốp lưng; KBV Camera; Sạc dự phòng  (trừ AVA+, Hydrus); nhóm Tai nghe bluetooth, Loa Bluetooth các hãng JBL, Marshall,Harman Kardon; đồng hồ thông minh (trừ Apple) trị giá 100.000đ                                                            3                                              Thu cũ đổi mới: Giảm đến 2,000,000đ (Không kèm ưu đãi thanh toán qua cổng, mua kèm)  Xem chi tiết                                                            4                                              Nhập mã VNPAY0126 giảm tối đa 100,000đ (áp dụng tùy giá trị đơn hàng) khi thanh toán qua VNPAY-QR  (Xem chi tiết tại đây)";;https://www.thegioididong.com/may-tinh-bang/ipad-mini-7-5g;Skipped
iPad Air M3 13 inch WiFi 128GB;Tím;Yes;22090000;21790000;2026-03-09;"Khuyến mãi  trị giá 400.000₫                     Giá và khuyến mãi dự kiến áp dụng đến 23:00 | 31/03                                                                         1                                              Phiếu mua hàng Apple Pencil trị giá 400,000đ                                                            2                                              Tặng Phiếu mua hàng mua Balo; Túi Chống sốc; Ốp lưng; KBV Camera; Sạc dự phòng  (trừ AVA+, Hydrus); nhóm Tai nghe bluetooth, Loa Bluetooth các hãng JBL, Marshall,Harman Kardon; đồng hồ thông minh (trừ Apple) trị giá 100.000đ                                                            3                                              Thu cũ đổi mới: Giảm đến 2,000,000đ (Không kèm ưu đãi thanh toán qua cổng, mua kèm)  Xem chi tiết                                                            4                                              Nhập mã VNPAY0126 giảm tối đa 100,000đ (áp dụng tùy giá trị đơn hàng) khi thanh toán qua VNPAY-QR  (Xem chi tiết tại đây)";;https://www.thegioididong.com/may-tinh-bang/ipad-air-m3-13-inch-wifi-128gb?utm_flashsale=1;Skipped
iPad A16 WiFi 256GB;Vàng;Yes;12590000;12390000;2026-03-09;"Khuyến mãi  trị giá 400.000₫                     Giá và khuyến mãi dự kiến áp dụng đến 23:00 | 31/03                                                                         1                                              Phiếu mua hàng Apple Pencil trị giá 400,000đ                                                            2                                              Tặng Phiếu mua hàng mua Balo; Túi Chống sốc; Ốp lưng; KBV Camera; Sạc dự phòng  (trừ AVA+, Hydrus); nhóm Tai nghe bluetooth, Loa Bluetooth các hãng JBL, Marshall,Harman Kardon; đồng hồ thông minh (trừ Apple) trị giá 100.000đ                                                            3                                              Thu cũ đổi mới: Giảm đến 2,000,000đ (Không kèm ưu đãi thanh toán qua cổng, mua kèm)  Xem chi tiết                                                            4                                              Nhập mã VNPAY0126 giảm tối đa 100,000đ (áp dụng tùy giá trị đơn hàng) khi thanh toán qua VNPAY-QR  (Xem chi tiết tại đây)";;https://www.thegioididong.com/may-tinh-bang/ipad-11-wifi-128gb;Skipped
iPad Air M3 11 inch WiFi 256GB;Đen - Xám;Yes;19390000;18990000;2026-03-09;"Khuyến mãi  trị giá 400.000₫                     Giá và khuyến mãi dự kiến áp dụng đến 23:00 | 31/03                                                                         1                                              Phiếu mua hàng Apple Pencil trị giá 400,000đ                                                            2                                              Tặng Phiếu mua hàng mua Balo; Túi Chống sốc; Ốp lưng; KBV Camera; Sạc dự phòng  (trừ AVA+, Hydrus); nhóm Tai nghe bluetooth, Loa Bluetooth các hãng JBL, Marshall,Harman Kardon; đồng hồ thông minh (trừ Apple) trị giá 100.000đ                                                            3                                              Thu cũ đổi mới: Giảm đến 2,000,000đ (Không kèm ưu đãi thanh toán qua cổng, mua kèm)  Xem chi tiết                                                            4                                              Nhập mã VNPAY0126 giảm tối đa 100,000đ (áp dụng tùy giá trị đơn hàng) khi thanh toán qua VNPAY-QR  (Xem chi tiết tại đây)";;https://www.thegioididong.com/may-tinh-bang/ipad-air-m3-11-inch-wifi-128gb;Skipped
iPad Air M3 11 inch 5G 512GB;Trắng Starlight;No;29190000;28790000;2026-03-09;"Khuyến mãi  trị giá 400.000₫                     Giá và khuyến mãi dự kiến áp dụng đến 23:00 | 31/03                                                                         1                                              Phiếu mua hàng Apple Pencil trị giá 400,000đ                                                            2                                              Tặng Phiếu mua hàng mua Balo; Túi Chống sốc; Ốp lưng; KBV Camera; Sạc dự phòng  (trừ AVA+, Hydrus); nhóm Tai nghe bluetooth, Loa Bluetooth các hãng JBL, Marshall,Harman Kardon; đồng hồ thông minh (trừ Apple) trị giá 100.000đ                                                            3                                              Thu cũ đổi mới: Giảm đến 2,000,000đ (Không kèm ưu đãi thanh toán qua cổng, mua kèm)  Xem chi tiết                                                            4                                              Nhập mã VNPAY0126 giảm tối đa 100,000đ (áp dụng tùy giá trị đơn hàng) khi thanh toán qua VNPAY-QR  (Xem chi tiết tại đây)";;https://www.thegioididong.com/may-tinh-bang/ipad-air-m3-11-inch-5g-128gb;DEBUG_OOS_iPad Air M3 11 inch 5G 512GB_Trắng Starlight_081847.png
iPad Air M3 13 inch WiFi 128GB;Đen - Xám;Yes;22090000;21690000;2026-03-09;Khuyến mãi  trị giá 400.000₫             Giá và khuyến mãi có thể kết thúc sớm hơn dự kiến                                                                         1                                              Phiếu mua hàng Apple Pencil trị giá 400,000đ                                                            2                                              Nhập mã VNPAY0126 giảm tối đa 100,000đ (áp dụng tùy giá trị đơn hàng) khi thanh toán qua VNPAY-QR  (Xem chi tiết tại đây);;https://www.thegioididong.com/may-tinh-bang/ipad-air-m3-13-inch-wifi-128gb?utm_flashsale=1;Skipped
iPad mini 7 5G 128GB;Đen - Xám;Yes;17890000;15890000;2026-03-09;"Khuyến mãi  trị giá 400.000₫                     Giá và khuyến mãi dự kiến áp dụng đến 23:00 | 31/03                                                                         1                                              Phiếu mua hàng Apple Pencil trị giá 400,000đ                                                            2                                              Tặng Phiếu mua hàng mua Balo; Túi Chống sốc; Ốp lưng; KBV Camera; Sạc dự phòng  (trừ AVA+, Hydrus); nhóm Tai nghe bluetooth, Loa Bluetooth các hãng JBL, Marshall,Harman Kardon; đồng hồ thông minh (trừ Apple) trị giá 100.000đ                                                            3                                              Thu cũ đổi mới: Giảm đến 2,000,000đ (Không kèm ưu đãi thanh toán qua cổng, mua kèm)  Xem chi tiết                                                            4                                              Nhập mã VNPAY0126 giảm tối đa 100,000đ (áp dụng tùy giá trị đơn hàng) khi thanh toán qua VNPAY-QR  (Xem chi tiết tại đây)";;https://www.thegioididong.com/may-tinh-bang/ipad-mini-7-5g;Skipped
iPad Air M3 11 inch WiFi 256GB;Xanh Dương;Yes;19390000;18990000;2026-03-09;"Khuyến mãi  trị giá 400.000₫                     Giá và khuyến mãi dự kiến áp dụng đến 23:00 | 31/03                                                                         1                                              Phiếu mua hàng Apple Pencil trị giá 400,000đ                                                            2                                              Tặng Phiếu mua hàng mua Balo; Túi Chống sốc; Ốp lưng; KBV Camera; Sạc dự phòng  (trừ AVA+, Hydrus); nhóm Tai nghe bluetooth, Loa Bluetooth các hãng JBL, Marshall,Harman Kardon; đồng hồ thông minh (trừ Apple) trị giá 100.000đ                                                            3                                              Thu cũ đổi mới: Giảm đến 2,000,000đ (Không kèm ưu đãi thanh toán qua cổng, mua kèm)  Xem chi tiết                                                            4                                              Nhập mã VNPAY0126 giảm tối đa 100,000đ (áp dụng tùy giá trị đơn hàng) khi thanh toán qua VNPAY-QR  (Xem chi tiết tại đây)";;https://www.thegioididong.com/may-tinh-bang/ipad-air-m3-11-inch-wifi-128gb;Skipped
iPad Air M3 11 inch 5G 512GB;Xanh Dương;No;29190000;28790000;2026-03-09;"Khuyến mãi  trị giá 400.000₫                     Giá và khuyến mãi dự kiến áp dụng đến 23:00 | 31/03                                                                         1                                              Phiếu mua hàng Apple Pencil trị giá 400,000đ                                                            2                                              Tặng Phiếu mua hàng mua Balo; Túi Chống sốc; Ốp lưng; KBV Camera; Sạc dự phòng  (trừ AVA+, Hydrus); nhóm Tai nghe bluetooth, Loa Bluetooth các hãng JBL, Marshall,Harman Kardon; đồng hồ thông minh (trừ Apple) trị giá 100.000đ                                                            3                                              Thu cũ đổi mới: Giảm đến 2,000,000đ (Không kèm ưu đãi thanh toán qua cổng, mua kèm)  Xem chi tiết                                                            4                                              Nhập mã VNPAY0126 giảm tối đa 100,000đ (áp dụng tùy giá trị đơn hàng) khi thanh toán qua VNPAY-QR  (Xem chi tiết tại đây)";;https://www.thegioididong.com/may-tinh-bang/ipad-air-m3-11-inch-5g-128gb;DEBUG_OOS_iPad Air M3 11 inch 5G 512GB_Xanh Dương_081857.png
iPad Air M3 13 inch WiFi 128GB;Trắng Starlight;Yes;22090000;21690000;2026-03-09;Khuyến mãi  trị giá 400.000₫             Giá và khuyến mãi có thể kết thúc sớm hơn dự kiến                                                                         1                                              Phiếu mua hàng Apple Pencil trị giá 400,000đ                                                            2                                              Nhập mã VNPAY0126 giảm tối đa 100,000đ (áp dụng tùy giá trị đơn hàng) khi thanh toán qua VNPAY-QR  (Xem chi tiết tại đây);;https://www.thegioididong.com/may-tinh-bang/ipad-air-m3-13-inch-wifi-128gb?utm_flashsale=1;Skipped
iPad A16 WiFi 256GB;Hồng;Yes;12590000;12390000;2026-03-09;"Khuyến mãi  trị giá 400.000₫                     Giá và khuyến mãi dự kiến áp dụng đến 23:00 | 31/03                                                                         1                                              Phiếu mua hàng Apple Pencil trị giá 400,000đ                                                            2                                              Tặng Phiếu mua hàng mua Balo; Túi Chống sốc; Ốp lưng; KBV Camera; Sạc dự phòng  (trừ AVA+, Hydrus); nhóm Tai nghe bluetooth, Loa Bluetooth các hãng JBL, Marshall,Harman Kardon; đồng hồ thông minh (trừ Apple) trị giá 100.000đ                                                            3                                              Thu cũ đổi mới: Giảm đến 2,000,000đ (Không kèm ưu đãi thanh toán qua cổng, mua kèm)  Xem chi tiết                                                            4                                              Nhập mã VNPAY0126 giảm tối đa 100,000đ (áp dụng tùy giá trị đơn hàng) khi thanh toán qua VNPAY-QR  (Xem chi tiết tại đây)";;https://www.thegioididong.com/may-tinh-bang/ipad-11-wifi-128gb;Skipped
iPad mini 7 5G 128GB;Tím;Yes;17890000;15890000;2026-03-09;"Khuyến mãi  trị giá 400.000₫                     Giá và khuyến mãi dự kiến áp dụng đến 23:00 | 31/03                                                                         1                                              Phiếu mua hàng Apple Pencil trị giá 400,000đ                                                            2                                              Tặng Phiếu mua hàng mua Balo; Túi Chống sốc; Ốp lưng; KBV Camera; Sạc dự phòng  (trừ AVA+, Hydrus); nhóm Tai nghe bluetooth, Loa Bluetooth các hãng JBL, Marshall,Harman Kardon; đồng hồ thông minh (trừ Apple) trị giá 100.000đ                                                            3                                              Thu cũ đổi mới: Giảm đến 2,000,000đ (Không kèm ưu đãi thanh toán qua cổng, mua kèm)  Xem chi tiết                                                            4                                              Nhập mã VNPAY0126 giảm tối đa 100,000đ (áp dụng tùy giá trị đơn hàng) khi thanh toán qua VNPAY-QR  (Xem chi tiết tại đây)";;https://www.thegioididong.com/may-tinh-bang/ipad-mini-7-5g;Skipped
iPad Air M3 11 inch 5G 512GB;Đen - Xám;No;29190000;28790000;2026-03-09;"Khuyến mãi  trị giá 400.000₫                     Giá và khuyến mãi dự kiến áp dụng đến 23:00 | 31/03                                                                         1                                              Phiếu mua hàng Apple Pencil trị giá 400,000đ                                                            2                                              Tặng Phiếu mua hàng mua Balo; Túi Chống sốc; Ốp lưng; KBV Camera; Sạc dự phòng  (trừ AVA+, Hydrus); nhóm Tai nghe bluetooth, Loa Bluetooth các hãng JBL, Marshall,Harman Kardon; đồng hồ thông minh (trừ Apple) trị giá 100.000đ                                                            3                                              Thu cũ đổi mới: Giảm đến 2,000,000đ (Không kèm ưu đãi thanh toán qua cổng, mua kèm)  Xem chi tiết                                                            4                                              Nhập mã VNPAY0126 giảm tối đa 100,000đ (áp dụng tùy giá trị đơn hàng) khi thanh toán qua VNPAY-QR  (Xem chi tiết tại đây)";;https://www.thegioididong.com/may-tinh-bang/ipad-air-m3-11-inch-5g-128gb;DEBUG_OOS_iPad Air M3 11 inch 5G 512GB_Đen - Xám_081904.png
iPad Air M3 13 inch WiFi 128GB;Xanh Dương;Yes;22090000;21690000;2026-03-09;Khuyến mãi  trị giá 400.000₫             Giá và khuyến mãi có thể kết thúc sớm hơn dự kiến                                                                         1                                              Phiếu mua hàng Apple Pencil trị giá 400,000đ                                                            2                                              Nhập mã VNPAY0126 giảm tối đa 100,000đ (áp dụng tùy giá trị đơn hàng) khi thanh toán qua VNPAY-QR  (Xem chi tiết tại đây);;https://www.thegioididong.com/may-tinh-bang/ipad-air-m3-13-inch-wifi-128gb?utm_flashsale=1;Skipped
iPad Air M3 11 inch WiFi 256GB;Tím;Yes;19390000;18990000;2026-03-09;"Khuyến mãi  trị giá 400.000₫                     Giá và khuyến mãi dự kiến áp dụng đến 23:00 | 31/03                                                                         1                                              Phiếu mua hàng Apple Pencil trị giá 400,000đ                                                            2                                              Tặng Phiếu mua hàng mua Balo; Túi Chống sốc; Ốp lưng; KBV Camera; Sạc dự phòng  (trừ AVA+, Hydrus); nhóm Tai nghe bluetooth, Loa Bluetooth các hãng JBL, Marshall,Harman Kardon; đồng hồ thông minh (trừ Apple) trị giá 100.000đ                                                            3                                              Thu cũ đổi mới: Giảm đến 2,000,000đ (Không kèm ưu đãi thanh toán qua cổng, mua kèm)  Xem chi tiết                                                            4                                              Nhập mã VNPAY0126 giảm tối đa 100,000đ (áp dụng tùy giá trị đơn hàng) khi thanh toán qua VNPAY-QR  (Xem chi tiết tại đây)";;https://www.thegioididong.com/may-tinh-bang/ipad-air-m3-11-inch-wifi-128gb;Skipped
iPad mini 7 5G 128GB;Xanh Dương;Yes;17890000;15890000;2026-03-09;"Khuyến mãi  trị giá 400.000₫                     Giá và khuyến mãi dự kiến áp dụng đến 23:00 | 31/03                                                                         1                                              Phiếu mua hàng Apple Pencil trị giá 400,000đ                                                            2                                              Tặng Phiếu mua hàng mua Balo; Túi Chống sốc; Ốp lưng; KBV Camera; Sạc dự phòng  (trừ AVA+, Hydrus); nhóm Tai nghe bluetooth, Loa Bluetooth các hãng JBL, Marshall,Harman Kardon; đồng hồ thông minh (trừ Apple) trị giá 100.000đ                                                            3                                              Thu cũ đổi mới: Giảm đến 2,000,000đ (Không kèm ưu đãi thanh toán qua cổng, mua kèm)  Xem chi tiết                                                            4                                              Nhập mã VNPAY0126 giảm tối đa 100,000đ (áp dụng tùy giá trị đơn hàng) khi thanh toán qua VNPAY-QR  (Xem chi tiết tại đây)";;https://www.thegioididong.com/may-tinh-bang/ipad-mini-7-5g;Skipped
iPad Air M3 11 inch WiFi 256GB;Trắng Starlight;No;19390000;18990000;2026-03-09;"Khuyến mãi  trị giá 400.000₫                     Giá và khuyến mãi dự kiến áp dụng đến 23:00 | 31/03                                                                         1                                              Phiếu mua hàng Apple Pencil trị giá 400,000đ                                                            2                                              Tặng Phiếu mua hàng mua Balo; Túi Chống sốc; Ốp lưng; KBV Camera; Sạc dự phòng  (trừ AVA+, Hydrus); nhóm Tai nghe bluetooth, Loa Bluetooth các hãng JBL, Marshall,Harman Kardon; đồng hồ thông minh (trừ Apple) trị giá 100.000đ                                                            3                                              Thu cũ đổi mới: Giảm đến 2,000,000đ (Không kèm ưu đãi thanh toán qua cổng, mua kèm)  Xem chi tiết                                                            4                                              Nhập mã VNPAY0126 giảm tối đa 100,000đ (áp dụng tùy giá trị đơn hàng) khi thanh toán qua VNPAY-QR  (Xem chi tiết tại đây)";;https://www.thegioididong.com/may-tinh-bang/ipad-air-m3-11-inch-wifi-128gb;DEBUG_OOS_iPad Air M3 11 inch WiFi 256GB_Trắng Starlight_081915.png
iPad Air M3 13 inch WiFi 256GB;Xanh Dương;Yes;24790000;24490000;2026-03-09;"Khuyến mãi  trị giá 400.000₫                     Giá và khuyến mãi dự kiến áp dụng đến 23:00 | 31/03                                                                         1                                              Phiếu mua hàng Apple Pencil trị giá 400,000đ                                                            2                                              Tặng Phiếu mua hàng mua Balo; Túi Chống sốc; Ốp lưng; KBV Camera; Sạc dự phòng  (trừ AVA+, Hydrus); nhóm Tai nghe bluetooth, Loa Bluetooth các hãng JBL, Marshall,Harman Kardon; đồng hồ thông minh (trừ Apple) trị giá 100.000đ                                                            3                                              Thu cũ đổi mới: Giảm đến 2,000,000đ (Không kèm ưu đãi thanh toán qua cổng, mua kèm)  Xem chi tiết                                                            4                                              Nhập mã VNPAY0126 giảm tối đa 100,000đ (áp dụng tùy giá trị đơn hàng) khi thanh toán qua VNPAY-QR  (Xem chi tiết tại đây)";;https://www.thegioididong.com/may-tinh-bang/ipad-air-m3-13-inch-wifi-128gb?utm_flashsale=1;Skipped
iPad mini 7 WiFi 128GB;Tím;Yes;13790000;11790000;2026-03-09;"Khuyến mãi  trị giá 400.000₫                     Giá và khuyến mãi dự kiến áp dụng đến 23:00 | 31/03                                                                         1                                              Phiếu mua hàng Apple Pencil trị giá 400,000đ                                                            2                                              Tặng Phiếu mua hàng mua Balo; Túi Chống sốc; Ốp lưng; KBV Camera; Sạc dự phòng  (trừ AVA+, Hydrus); nhóm Tai nghe bluetooth, Loa Bluetooth các hãng JBL, Marshall,Harman Kardon; đồng hồ thông minh (trừ Apple) trị giá 100.000đ                                                            3                                              Thu cũ đổi mới: Giảm đến 2,000,000đ (Không kèm ưu đãi thanh toán qua cổng, mua kèm)  Xem chi tiết                                                            4                                              Nhập mã VNPAY0126 giảm tối đa 100,000đ (áp dụng tùy giá trị đơn hàng) khi thanh toán qua VNPAY-QR  (Xem chi tiết tại đây)";;https://www.thegioididong.com/may-tinh-bang/ipad-mini-7-wifi;Skipped
iPad Pro M4 13 inch 5G 256GB;Đen;No;42690000;39990000;2026-03-09;"Khuyến mãi  trị giá 400.000₫                     Giá và khuyến mãi dự kiến áp dụng đến 23:00 | 31/03                                                                         1                                              Phiếu mua hàng Apple Pencil trị giá 400,000đ                                                            2                                              Tặng Phiếu mua hàng mua Balo; Túi Chống sốc; Ốp lưng; KBV Camera; Sạc dự phòng  (trừ AVA+, Hydrus); nhóm Tai nghe bluetooth, Loa Bluetooth các hãng JBL, Marshall,Harman Kardon; đồng hồ thông minh (trừ Apple) trị giá 100.000đ                                                            3                                              Thu cũ đổi mới: Giảm đến 2,000,000đ (Không kèm ưu đãi thanh toán qua cổng, mua kèm)  Xem chi tiết                                                            4                                              Nhập mã VNPAY0126 giảm tối đa 100,000đ (áp dụng tùy giá trị đơn hàng) khi thanh toán qua VNPAY-QR  (Xem chi tiết tại đây)";;https://www.thegioididong.com/may-tinh-bang/ipad-pro-m4-13-inch-wifi-cellular-256gb?utm_flashsale=1;DEBUG_OOS_iPad Pro M4 13 inch 5G 256GB_Đen_081920.png
iPad mini 7 5G 128GB;Trắng Starlight;Yes;17890000;15890000;2026-03-09;"Khuyến mãi  trị giá 400.000₫                     Giá và khuyến mãi dự kiến áp dụng đến 23:00 | 31/03                                                                         1                                              Phiếu mua hàng Apple Pencil trị giá 400,000đ                                                            2                                              Tặng Phiếu mua hàng mua Balo; Túi Chống sốc; Ốp lưng; KBV Camera; Sạc dự phòng  (trừ AVA+, Hydrus); nhóm Tai nghe bluetooth, Loa Bluetooth các hãng JBL, Marshall,Harman Kardon; đồng hồ thông minh (trừ Apple) trị giá 100.000đ                                                            3                                              Thu cũ đổi mới: Giảm đến 2,000,000đ (Không kèm ưu đãi thanh toán qua cổng, mua kèm)  Xem chi tiết                                                            4                                              Nhập mã VNPAY0126 giảm tối đa 100,000đ (áp dụng tùy giá trị đơn hàng) khi thanh toán qua VNPAY-QR  (Xem chi tiết tại đây)";;https://www.thegioididong.com/may-tinh-bang/ipad-mini-7-5g;Skipped
iPad Air M3 13 inch WiFi 256GB;Đen - Xám;No;24790000;24490000;2026-03-09;"Khuyến mãi  trị giá 400.000₫                     Giá và khuyến mãi dự kiến áp dụng đến 23:00 | 31/03                                                                         1                                              Phiếu mua hàng Apple Pencil trị giá 400,000đ                                                            2                                              Tặng Phiếu mua hàng mua Balo; Túi Chống sốc; Ốp lưng; KBV Camera; Sạc dự phòng  (trừ AVA+, Hydrus); nhóm Tai nghe bluetooth, Loa Bluetooth các hãng JBL, Marshall,Harman Kardon; đồng hồ thông minh (trừ Apple) trị giá 100.000đ                                                            3                                              Thu cũ đổi mới: Giảm đến 2,000,000đ (Không kèm ưu đãi thanh toán qua cổng, mua kèm)  Xem chi tiết                                                            4                                              Nhập mã VNPAY0126 giảm tối đa 100,000đ (áp dụng tùy giá trị đơn hàng) khi thanh toán qua VNPAY-QR  (Xem chi tiết tại đây)";;https://www.thegioididong.com/may-tinh-bang/ipad-air-m3-13-inch-wifi-128gb?utm_flashsale=1;DEBUG_OOS_iPad Air M3 13 inch WiFi 256GB_Đen - Xám_081928.png
iPad Air M3 11 inch WiFi 256GB;Đen - Xám;Yes;19390000;18990000;2026-03-09;"Khuyến mãi  trị giá 400.000₫                     Giá và khuyến mãi dự kiến áp dụng đến 23:00 | 31/03                                                                         1                                              Phiếu mua hàng Apple Pencil trị giá 400,000đ                                                            2                                              Tặng Phiếu mua hàng mua Balo; Túi Chống sốc; Ốp lưng; KBV Camera; Sạc dự phòng  (trừ AVA+, Hydrus); nhóm Tai nghe bluetooth, Loa Bluetooth các hãng JBL, Marshall,Harman Kardon; đồng hồ thông minh (trừ Apple) trị giá 100.000đ                                                            3                                              Thu cũ đổi mới: Giảm đến 2,000,000đ (Không kèm ưu đãi thanh toán qua cổng, mua kèm)  Xem chi tiết                                                            4                                              Nhập mã VNPAY0126 giảm tối đa 100,000đ (áp dụng tùy giá trị đơn hàng) khi thanh toán qua VNPAY-QR  (Xem chi tiết tại đây)";;https://www.thegioididong.com/may-tinh-bang/ipad-air-m3-11-inch-wifi-128gb;Skipped
iPad Pro M4 13 inch 5G 256GB;Bạc;No;42690000;39990000;2026-03-09;"Khuyến mãi  trị giá 400.000₫                     Giá và khuyến mãi dự kiến áp dụng đến 23:00 | 31/03                                                                         1                                              Phiếu mua hàng Apple Pencil trị giá 400,000đ                                                            2                                              Tặng Phiếu mua hàng mua Balo; Túi Chống sốc; Ốp lưng; KBV Camera; Sạc dự phòng  (trừ AVA+, Hydrus); nhóm Tai nghe bluetooth, Loa Bluetooth các hãng JBL, Marshall,Harman Kardon; đồng hồ thông minh (trừ Apple) trị giá 100.000đ                                                            3                                              Thu cũ đổi mới: Giảm đến 2,000,000đ (Không kèm ưu đãi thanh toán qua cổng, mua kèm)  Xem chi tiết                                                            4                                              Nhập mã VNPAY0126 giảm tối đa 100,000đ (áp dụng tùy giá trị đơn hàng) khi thanh toán qua VNPAY-QR  (Xem chi tiết tại đây)";;https://www.thegioididong.com/may-tinh-bang/ipad-pro-m4-13-inch-wifi-cellular-256gb?utm_flashsale=1;DEBUG_OOS_iPad Pro M4 13 inch 5G 256GB_Bạc_081931.png
iPad mini 7 WiFi 128GB;Đen - Xám;Yes;13790000;11790000;2026-03-09;"Khuyến mãi  trị giá 400.000₫                     Giá và khuyến mãi dự kiến áp dụng đến 23:00 | 31/03                                                                         1                                              Phiếu mua hàng Apple Pencil trị giá 400,000đ                                                            2                                              Tặng Phiếu mua hàng mua Balo; Túi Chống sốc; Ốp lưng; KBV Camera; Sạc dự phòng  (trừ AVA+, Hydrus); nhóm Tai nghe bluetooth, Loa Bluetooth các hãng JBL, Marshall,Harman Kardon; đồng hồ thông minh (trừ Apple) trị giá 100.000đ                                                            3                                              Thu cũ đổi mới: Giảm đến 2,000,000đ (Không kèm ưu đãi thanh toán qua cổng, mua kèm)  Xem chi tiết                                                            4                                              Nhập mã VNPAY0126 giảm tối đa 100,000đ (áp dụng tùy giá trị đơn hàng) khi thanh toán qua VNPAY-QR  (Xem chi tiết tại đây)";;https://www.thegioididong.com/may-tinh-bang/ipad-mini-7-wifi;Skipped
iPad Air M3 13 inch WiFi 256GB;Tím;No;24790000;24490000;2026-03-09;"Khuyến mãi  trị giá 400.000₫                     Giá và khuyến mãi dự kiến áp dụng đến 23:00 | 31/03                                                                         1                                              Phiếu mua hàng Apple Pencil trị giá 400,000đ                                                            2                                              Tặng Phiếu mua hàng mua Balo; Túi Chống sốc; Ốp lưng; KBV Camera; Sạc dự phòng  (trừ AVA+, Hydrus); nhóm Tai nghe bluetooth, Loa Bluetooth các hãng JBL, Marshall,Harman Kardon; đồng hồ thông minh (trừ Apple) trị giá 100.000đ                                                            3                                              Thu cũ đổi mới: Giảm đến 2,000,000đ (Không kèm ưu đãi thanh toán qua cổng, mua kèm)  Xem chi tiết                                                            4                                              Nhập mã VNPAY0126 giảm tối đa 100,000đ (áp dụng tùy giá trị đơn hàng) khi thanh toán qua VNPAY-QR  (Xem chi tiết tại đây)";;https://www.thegioididong.com/may-tinh-bang/ipad-air-m3-13-inch-wifi-128gb?utm_flashsale=1;DEBUG_OOS_iPad Air M3 13 inch WiFi 256GB_Tím_081936.png
iPad mini 7 5G 128GB;Đen - Xám;Yes;17890000;15890000;2026-03-09;"Khuyến mãi  trị giá 400.000₫                     Giá và khuyến mãi dự kiến áp dụng đến 23:00 | 31/03                                                                         1                                              Phiếu mua hàng Apple Pencil trị giá 400,000đ                                                            2                                              Tặng Phiếu mua hàng mua Balo; Túi Chống sốc; Ốp lưng; KBV Camera; Sạc dự phòng  (trừ AVA+, Hydrus); nhóm Tai nghe bluetooth, Loa Bluetooth các hãng JBL, Marshall,Harman Kardon; đồng hồ thông minh (trừ Apple) trị giá 100.000đ                                                            3                                              Thu cũ đổi mới: Giảm đến 2,000,000đ (Không kèm ưu đãi thanh toán qua cổng, mua kèm)  Xem chi tiết                                                            4                                              Nhập mã VNPAY0126 giảm tối đa 100,000đ (áp dụng tùy giá trị đơn hàng) khi thanh toán qua VNPAY-QR  (Xem chi tiết tại đây)";;https://www.thegioididong.com/may-tinh-bang/ipad-mini-7-5g;Skipped
iPad Air M3 11 inch WiFi 256GB;Xanh Dương;Yes;19390000;18990000;2026-03-09;"Khuyến mãi  trị giá 400.000₫                     Giá và khuyến mãi dự kiến áp dụng đến 23:00 | 31/03                                                                         1                                              Phiếu mua hàng Apple Pencil trị giá 400,000đ                                                            2                                              Tặng Phiếu mua hàng mua Balo; Túi Chống sốc; Ốp lưng; KBV Camera; Sạc dự phòng  (trừ AVA+, Hydrus); nhóm Tai nghe bluetooth, Loa Bluetooth các hãng JBL, Marshall,Harman Kardon; đồng hồ thông minh (trừ Apple) trị giá 100.000đ                                                            3                                              Thu cũ đổi mới: Giảm đến 2,000,000đ (Không kèm ưu đãi thanh toán qua cổng, mua kèm)  Xem chi tiết                                                            4                                              Nhập mã VNPAY0126 giảm tối đa 100,000đ (áp dụng tùy giá trị đơn hàng) khi thanh toán qua VNPAY-QR  (Xem chi tiết tại đây)";;https://www.thegioididong.com/may-tinh-bang/ipad-air-m3-11-inch-wifi-128gb;Skipped
iPad Pro M4 13 inch 5G 256GB;Đen;No;42690000;39990000;2026-03-09;"Khuyến mãi  trị giá 400.000₫                     Giá và khuyến mãi dự kiến áp dụng đến 23:00 | 31/03                                                                         1                                              Phiếu mua hàng Apple Pencil trị giá 400,000đ                                                            2                                              Tặng Phiếu mua hàng mua Balo; Túi Chống sốc; Ốp lưng; KBV Camera; Sạc dự phòng  (trừ AVA+, Hydrus); nhóm Tai nghe bluetooth, Loa Bluetooth các hãng JBL, Marshall,Harman Kardon; đồng hồ thông minh (trừ Apple) trị giá 100.000đ                                                            3                                              Thu cũ đổi mới: Giảm đến 2,000,000đ (Không kèm ưu đãi thanh toán qua cổng, mua kèm)  Xem chi tiết                                                            4                                              Nhập mã VNPAY0126 giảm tối đa 100,000đ (áp dụng tùy giá trị đơn hàng) khi thanh toán qua VNPAY-QR  (Xem chi tiết tại đây)";;https://www.thegioididong.com/may-tinh-bang/ipad-pro-m4-13-inch-wifi-cellular-256gb?utm_flashsale=1;DEBUG_OOS_iPad Pro M4 13 inch 5G 256GB_Đen_081939.png
iPad mini 7 WiFi 128GB;Trắng Starlight;Yes;13790000;11790000;2026-03-09;"Khuyến mãi  trị giá 400.000₫                     Giá và khuyến mãi dự kiến áp dụng đến 23:00 | 31/03                                                                         1                                              Phiếu mua hàng Apple Pencil trị giá 400,000đ                                                            2                                              Tặng Phiếu mua hàng mua Balo; Túi Chống sốc; Ốp lưng; KBV Camera; Sạc dự phòng  (trừ AVA+, Hydrus); nhóm Tai nghe bluetooth, Loa Bluetooth các hãng JBL, Marshall,Harman Kardon; đồng hồ thông minh (trừ Apple) trị giá 100.000đ                                                            3                                              Thu cũ đổi mới: Giảm đến 2,000,000đ (Không kèm ưu đãi thanh toán qua cổng, mua kèm)  Xem chi tiết                                                            4                                              Nhập mã VNPAY0126 giảm tối đa 100,000đ (áp dụng tùy giá trị đơn hàng) khi thanh toán qua VNPAY-QR  (Xem chi tiết tại đây)";;https://www.thegioididong.com/may-tinh-bang/ipad-mini-7-wifi;Skipped
iPad Pro M4 13 inch 5G 256GB;Bạc;No;42690000;39990000;2026-03-09;"Khuyến mãi  trị giá 400.000₫                     Giá và khuyến mãi dự kiến áp dụng đến 23:00 | 31/03                                                                         1                                              Phiếu mua hàng Apple Pencil trị giá 400,000đ                                                            2                                              Tặng Phiếu mua hàng mua Balo; Túi Chống sốc; Ốp lưng; KBV Camera; Sạc dự phòng  (trừ AVA+, Hydrus); nhóm Tai nghe bluetooth, Loa Bluetooth các hãng JBL, Marshall,Harman Kardon; đồng hồ thông minh (trừ Apple) trị giá 100.000đ                                                            3                                              Thu cũ đổi mới: Giảm đến 2,000,000đ (Không kèm ưu đãi thanh toán qua cổng, mua kèm)  Xem chi tiết                                                            4                                              Nhập mã VNPAY0126 giảm tối đa 100,000đ (áp dụng tùy giá trị đơn hàng) khi thanh toán qua VNPAY-QR  (Xem chi tiết tại đây)";;https://www.thegioididong.com/may-tinh-bang/ipad-pro-m4-13-inch-wifi-cellular-256gb?utm_flashsale=1;DEBUG_OOS_iPad Pro M4 13 inch 5G 256GB_Bạc_081943.png
iPad Air M3 13 inch WiFi 256GB;Trắng Starlight;Yes;24790000;24490000;2026-03-09;"Khuyến mãi  trị giá 400.000₫                     Giá và khuyến mãi dự kiến áp dụng đến 23:00 | 31/03                                                                         1                                              Phiếu mua hàng Apple Pencil trị giá 400,000đ                                                            2                                              Tặng Phiếu mua hàng mua Balo; Túi Chống sốc; Ốp lưng; KBV Camera; Sạc dự phòng  (trừ AVA+, Hydrus); nhóm Tai nghe bluetooth, Loa Bluetooth các hãng JBL, Marshall,Harman Kardon; đồng hồ thông minh (trừ Apple) trị giá 100.000đ                                                            3                                              Thu cũ đổi mới: Giảm đến 2,000,000đ (Không kèm ưu đãi thanh toán qua cổng, mua kèm)  Xem chi tiết                                                            4                                              Nhập mã VNPAY0126 giảm tối đa 100,000đ (áp dụng tùy giá trị đơn hàng) khi thanh toán qua VNPAY-QR  (Xem chi tiết tại đây)";;https://www.thegioididong.com/may-tinh-bang/ipad-air-m3-13-inch-wifi-128gb?utm_flashsale=1;Skipped
iPad mini 7 5G 128GB;Tím;Yes;17890000;15890000;2026-03-09;"Khuyến mãi  trị giá 400.000₫                     Giá và khuyến mãi dự kiến áp dụng đến 23:00 | 31/03                                                                         1                                              Phiếu mua hàng Apple Pencil trị giá 400,000đ                                                            2                                              Tặng Phiếu mua hàng mua Balo; Túi Chống sốc; Ốp lưng; KBV Camera; Sạc dự phòng  (trừ AVA+, Hydrus); nhóm Tai nghe bluetooth, Loa Bluetooth các hãng JBL, Marshall,Harman Kardon; đồng hồ thông minh (trừ Apple) trị giá 100.000đ                                                            3                                              Thu cũ đổi mới: Giảm đến 2,000,000đ (Không kèm ưu đãi thanh toán qua cổng, mua kèm)  Xem chi tiết                                                            4                                              Nhập mã VNPAY0126 giảm tối đa 100,000đ (áp dụng tùy giá trị đơn hàng) khi thanh toán qua VNPAY-QR  (Xem chi tiết tại đây)";;https://www.thegioididong.com/may-tinh-bang/ipad-mini-7-5g;Skipped
iPad Air M3 11 inch WiFi 256GB;Tím;Yes;19390000;18990000;2026-03-09;"Khuyến mãi  trị giá 400.000₫                     Giá và khuyến mãi dự kiến áp dụng đến 23:00 | 31/03                                                                         1                                              Phiếu mua hàng Apple Pencil trị giá 400,000đ                                                            2                                              Tặng Phiếu mua hàng mua Balo; Túi Chống sốc; Ốp lưng; KBV Camera; Sạc dự phòng  (trừ AVA+, Hydrus); nhóm Tai nghe bluetooth, Loa Bluetooth các hãng JBL, Marshall,Harman Kardon; đồng hồ thông minh (trừ Apple) trị giá 100.000đ                                                            3                                              Thu cũ đổi mới: Giảm đến 2,000,000đ (Không kèm ưu đãi thanh toán qua cổng, mua kèm)  Xem chi tiết                                                            4                                              Nhập mã VNPAY0126 giảm tối đa 100,000đ (áp dụng tùy giá trị đơn hàng) khi thanh toán qua VNPAY-QR  (Xem chi tiết tại đây)";;https://www.thegioididong.com/may-tinh-bang/ipad-air-m3-11-inch-wifi-128gb;Skipped
iPad mini 7 WiFi 128GB;Xanh Dương;Yes;13790000;11790000;2026-03-09;"Khuyến mãi  trị giá 400.000₫                     Giá và khuyến mãi dự kiến áp dụng đến 23:00 | 31/03                                                                         1                                              Phiếu mua hàng Apple Pencil trị giá 400,000đ                                                            2                                              Tặng Phiếu mua hàng mua Balo; Túi Chống sốc; Ốp lưng; KBV Camera; Sạc dự phòng  (trừ AVA+, Hydrus); nhóm Tai nghe bluetooth, Loa Bluetooth các hãng JBL, Marshall,Harman Kardon; đồng hồ thông minh (trừ Apple) trị giá 100.000đ                                                            3                                              Thu cũ đổi mới: Giảm đến 2,000,000đ (Không kèm ưu đãi thanh toán qua cổng, mua kèm)  Xem chi tiết                                                            4                                              Nhập mã VNPAY0126 giảm tối đa 100,000đ (áp dụng tùy giá trị đơn hàng) khi thanh toán qua VNPAY-QR  (Xem chi tiết tại đây)";;https://www.thegioididong.com/may-tinh-bang/ipad-mini-7-wifi;Skipped
iPad Air M3 11 inch WiFi 256GB;Trắng Starlight;No;19390000;18990000;2026-03-09;"Khuyến mãi  trị giá 400.000₫                     Giá và khuyến mãi dự kiến áp dụng đến 23:00 | 31/03                                                                         1                                              Phiếu mua hàng Apple Pencil trị giá 400,000đ                                                            2                                              Tặng Phiếu mua hàng mua Balo; Túi Chống sốc; Ốp lưng; KBV Camera; Sạc dự phòng  (trừ AVA+, Hydrus); nhóm Tai nghe bluetooth, Loa Bluetooth các hãng JBL, Marshall,Harman Kardon; đồng hồ thông minh (trừ Apple) trị giá 100.000đ                                                            3                                              Thu cũ đổi mới: Giảm đến 2,000,000đ (Không kèm ưu đãi thanh toán qua cổng, mua kèm)  Xem chi tiết                                                            4                                              Nhập mã VNPAY0126 giảm tối đa 100,000đ (áp dụng tùy giá trị đơn hàng) khi thanh toán qua VNPAY-QR  (Xem chi tiết tại đây)";;https://www.thegioididong.com/may-tinh-bang/ipad-air-m3-11-inch-wifi-128gb;DEBUG_OOS_iPad Air M3 11 inch WiFi 256GB_Trắng Starlight_081953.png
iPad mini 7 5G 128GB;Xanh Dương;Yes;17890000;15890000;2026-03-09;"Khuyến mãi  trị giá 400.000₫                     Giá và khuyến mãi dự kiến áp dụng đến 23:00 | 31/03                                                                         1                                              Phiếu mua hàng Apple Pencil trị giá 400,000đ                                                            2                                              Tặng Phiếu mua hàng mua Balo; Túi Chống sốc; Ốp lưng; KBV Camera; Sạc dự phòng  (trừ AVA+, Hydrus); nhóm Tai nghe bluetooth, Loa Bluetooth các hãng JBL, Marshall,Harman Kardon; đồng hồ thông minh (trừ Apple) trị giá 100.000đ                                                            3                                              Thu cũ đổi mới: Giảm đến 2,000,000đ (Không kèm ưu đãi thanh toán qua cổng, mua kèm)  Xem chi tiết                                                            4                                              Nhập mã VNPAY0126 giảm tối đa 100,000đ (áp dụng tùy giá trị đơn hàng) khi thanh toán qua VNPAY-QR  (Xem chi tiết tại đây)";;https://www.thegioididong.com/may-tinh-bang/ipad-mini-7-5g;Skipped
iPad Air M3 13 inch WiFi 256GB;Xanh Dương;Yes;24790000;24490000;2026-03-09;"Khuyến mãi  trị giá 400.000₫                     Giá và khuyến mãi dự kiến áp dụng đến 23:00 | 31/03                                                                         1                                              Phiếu mua hàng Apple Pencil trị giá 400,000đ                                                            2                                              Tặng Phiếu mua hàng mua Balo; Túi Chống sốc; Ốp lưng; KBV Camera; Sạc dự phòng  (trừ AVA+, Hydrus); nhóm Tai nghe bluetooth, Loa Bluetooth các hãng JBL, Marshall,Harman Kardon; đồng hồ thông minh (trừ Apple) trị giá 100.000đ                                                            3                                              Thu cũ đổi mới: Giảm đến 2,000,000đ (Không kèm ưu đãi thanh toán qua cổng, mua kèm)  Xem chi tiết                                                            4                                              Nhập mã VNPAY0126 giảm tối đa 100,000đ (áp dụng tùy giá trị đơn hàng) khi thanh toán qua VNPAY-QR  (Xem chi tiết tại đây)";;https://www.thegioididong.com/may-tinh-bang/ipad-air-m3-13-inch-wifi-128gb?utm_flashsale=1;Skipped
iPad Pro M5 11 inch WiFi 256GB;12GB - 256GB;Yes;29990000;29290000;2026-03-09;Khuyến mãi  trị giá 400.000₫             Giá và khuyến mãi có thể kết thúc sớm hơn dự kiến                                                                         1                                              Phiếu mua hàng Apple Pencil trị giá 400,000đ                                                            2                                              Nhập mã VNPAY0126 giảm tối đa 100,000đ (áp dụng tùy giá trị đơn hàng) khi thanh toán qua VNPAY-QR  (Xem chi tiết tại đây);;https://www.thegioididong.com/may-tinh-bang/ipad-pro-m5-11-inch-wifi-256gb;Skipped
iPad Air M3 13 inch WiFi 256GB;Đen - Xám;No;24790000;24490000;2026-03-09;"Khuyến mãi  trị giá 400.000₫                     Giá và khuyến mãi dự kiến áp dụng đến 23:00 | 31/03                                                                         1                                              Phiếu mua hàng Apple Pencil trị giá 400,000đ                                                            2                                              Tặng Phiếu mua hàng mua Balo; Túi Chống sốc; Ốp lưng; KBV Camera; Sạc dự phòng  (trừ AVA+, Hydrus); nhóm Tai nghe bluetooth, Loa Bluetooth các hãng JBL, Marshall,Harman Kardon; đồng hồ thông minh (trừ Apple) trị giá 100.000đ                                                            3                                              Thu cũ đổi mới: Giảm đến 2,000,000đ (Không kèm ưu đãi thanh toán qua cổng, mua kèm)  Xem chi tiết                                                            4                                              Nhập mã VNPAY0126 giảm tối đa 100,000đ (áp dụng tùy giá trị đơn hàng) khi thanh toán qua VNPAY-QR  (Xem chi tiết tại đây)";;https://www.thegioididong.com/may-tinh-bang/ipad-air-m3-13-inch-wifi-128gb?utm_flashsale=1;DEBUG_OOS_iPad Air M3 13 inch WiFi 256GB_Đen - Xám_082004.png
iPad mini 7 WiFi 256GB;Xanh Dương;Yes;16490000;14490000;2026-03-09;"Khuyến mãi  trị giá 400.000₫                     Giá và khuyến mãi dự kiến áp dụng đến 23:00 | 31/03                                                                         1                                              Phiếu mua hàng Apple Pencil trị giá 400,000đ                                                            2                                              Tặng Phiếu mua hàng mua Balo; Túi Chống sốc; Ốp lưng; KBV Camera; Sạc dự phòng  (trừ AVA+, Hydrus); nhóm Tai nghe bluetooth, Loa Bluetooth các hãng JBL, Marshall,Harman Kardon; đồng hồ thông minh (trừ Apple) trị giá 100.000đ                                                            3                                              Thu cũ đổi mới: Giảm đến 2,000,000đ (Không kèm ưu đãi thanh toán qua cổng, mua kèm)  Xem chi tiết                                                            4                                              Nhập mã VNPAY0126 giảm tối đa 100,000đ (áp dụng tùy giá trị đơn hàng) khi thanh toán qua VNPAY-QR  (Xem chi tiết tại đây)";;https://www.thegioididong.com/may-tinh-bang/ipad-mini-7-wifi;Skipped
iPad Pro M5 11 inch WiFi 512GB;12GB - 512GB;Yes;35590000;34990000;2026-03-09;"Khuyến mãi  trị giá 400.000₫                     Giá và khuyến mãi dự kiến áp dụng đến 23:00 | 31/03                                                                         1                                              Phiếu mua hàng Apple Pencil trị giá 400,000đ                                                            2                                              Tặng Phiếu mua hàng mua Balo; Túi Chống sốc; Ốp lưng; KBV Camera; Sạc dự phòng  (trừ AVA+, Hydrus); nhóm Tai nghe bluetooth, Loa Bluetooth các hãng JBL, Marshall,Harman Kardon; đồng hồ thông minh (trừ Apple) trị giá 100.000đ                                                            3                                              Thu cũ đổi mới: Giảm đến 2,000,000đ (Không kèm ưu đãi thanh toán qua cổng, mua kèm)  Xem chi tiết                                                            4                                              Nhập mã VNPAY0126 giảm tối đa 100,000đ (áp dụng tùy giá trị đơn hàng) khi thanh toán qua VNPAY-QR  (Xem chi tiết tại đây)";;https://www.thegioididong.com/may-tinh-bang/ipad-pro-m5-11-inch-wifi-256gb;Skipped
iPad Air M3 13 inch WiFi 256GB;Tím;No;24790000;24490000;2026-03-09;"Khuyến mãi  trị giá 400.000₫                     Giá và khuyến mãi dự kiến áp dụng đến 23:00 | 31/03                                                                         1                                              Phiếu mua hàng Apple Pencil trị giá 400,000đ                                                            2                                              Tặng Phiếu mua hàng mua Balo; Túi Chống sốc; Ốp lưng; KBV Camera; Sạc dự phòng  (trừ AVA+, Hydrus); nhóm Tai nghe bluetooth, Loa Bluetooth các hãng JBL, Marshall,Harman Kardon; đồng hồ thông minh (trừ Apple) trị giá 100.000đ                                                            3                                              Thu cũ đổi mới: Giảm đến 2,000,000đ (Không kèm ưu đãi thanh toán qua cổng, mua kèm)  Xem chi tiết                                                            4                                              Nhập mã VNPAY0126 giảm tối đa 100,000đ (áp dụng tùy giá trị đơn hàng) khi thanh toán qua VNPAY-QR  (Xem chi tiết tại đây)";;https://www.thegioididong.com/may-tinh-bang/ipad-air-m3-13-inch-wifi-128gb?utm_flashsale=1;DEBUG_OOS_iPad Air M3 13 inch WiFi 256GB_Tím_082010.png
iPad mini 7 5G 128GB;Trắng Starlight;Yes;17890000;15890000;2026-03-09;"Khuyến mãi  trị giá 400.000₫                     Giá và khuyến mãi dự kiến áp dụng đến 23:00 | 31/03                                                                         1                                              Phiếu mua hàng Apple Pencil trị giá 400,000đ                                                            2                                              Tặng Phiếu mua hàng mua Balo; Túi Chống sốc; Ốp lưng; KBV Camera; Sạc dự phòng  (trừ AVA+, Hydrus); nhóm Tai nghe bluetooth, Loa Bluetooth các hãng JBL, Marshall,Harman Kardon; đồng hồ thông minh (trừ Apple) trị giá 100.000đ                                                            3                                              Thu cũ đổi mới: Giảm đến 2,000,000đ (Không kèm ưu đãi thanh toán qua cổng, mua kèm)  Xem chi tiết                                                            4                                              Nhập mã VNPAY0126 giảm tối đa 100,000đ (áp dụng tùy giá trị đơn hàng) khi thanh toán qua VNPAY-QR  (Xem chi tiết tại đây)";;https://www.thegioididong.com/may-tinh-bang/ipad-mini-7-5g;Skipped
iPad Pro M5 11 inch 5G 256GB;Đen;No;35590000;35090000;2026-03-09;"Khuyến mãi  trị giá 400.000₫                     Giá và khuyến mãi dự kiến áp dụng đến 23:00 | 31/03                                                                         1                                              Phiếu mua hàng Apple Pencil trị giá 400,000đ                                                            2                                              Tặng Phiếu mua hàng mua Balo; Túi Chống sốc; Ốp lưng; KBV Camera; Sạc dự phòng  (trừ AVA+, Hydrus); nhóm Tai nghe bluetooth, Loa Bluetooth các hãng JBL, Marshall,Harman Kardon; đồng hồ thông minh (trừ Apple) trị giá 100.000đ                                                            3                                              Thu cũ đổi mới: Giảm đến 2,000,000đ (Không kèm ưu đãi thanh toán qua cổng, mua kèm)  Xem chi tiết                                                            4                                              Nhập mã VNPAY0126 giảm tối đa 100,000đ (áp dụng tùy giá trị đơn hàng) khi thanh toán qua VNPAY-QR  (Xem chi tiết tại đây)";;https://www.thegioididong.com/may-tinh-bang/ipad-pro-m5-11-inch-wifi-cellular-256gb;DEBUG_OOS_iPad Pro M5 11 inch 5G 256GB_Đen_082011.png
iPad mini 7 WiFi 256GB;Trắng Starlight;Yes;16490000;14490000;2026-03-09;"Khuyến mãi  trị giá 400.000₫                     Giá và khuyến mãi dự kiến áp dụng đến 23:00 | 31/03                                                                         1                                              Phiếu mua hàng Apple Pencil trị giá 400,000đ                                                            2                                              Tặng Phiếu mua hàng mua Balo; Túi Chống sốc; Ốp lưng; KBV Camera; Sạc dự phòng  (trừ AVA+, Hydrus); nhóm Tai nghe bluetooth, Loa Bluetooth các hãng JBL, Marshall,Harman Kardon; đồng hồ thông minh (trừ Apple) trị giá 100.000đ                                                            3                                              Thu cũ đổi mới: Giảm đến 2,000,000đ (Không kèm ưu đãi thanh toán qua cổng, mua kèm)  Xem chi tiết                                                            4                                              Nhập mã VNPAY0126 giảm tối đa 100,000đ (áp dụng tùy giá trị đơn hàng) khi thanh toán qua VNPAY-QR  (Xem chi tiết tại đây)";;https://www.thegioididong.com/may-tinh-bang/ipad-mini-7-wifi;Skipped
iPad Air M3 13 inch WiFi 256GB;Trắng Starlight;Yes;24790000;24490000;2026-03-09;"Khuyến mãi  trị giá 400.000₫                     Giá và khuyến mãi dự kiến áp dụng đến 23:00 | 31/03                                                                         1                                              Phiếu mua hàng Apple Pencil trị giá 400,000đ                                                            2                                              Tặng Phiếu mua hàng mua Balo; Túi Chống sốc; Ốp lưng; KBV Camera; Sạc dự phòng  (trừ AVA+, Hydrus); nhóm Tai nghe bluetooth, Loa Bluetooth các hãng JBL, Marshall,Harman Kardon; đồng hồ thông minh (trừ Apple) trị giá 100.000đ                                                            3                                              Thu cũ đổi mới: Giảm đến 2,000,000đ (Không kèm ưu đãi thanh toán qua cổng, mua kèm)  Xem chi tiết                                                            4                                              Nhập mã VNPAY0126 giảm tối đa 100,000đ (áp dụng tùy giá trị đơn hàng) khi thanh toán qua VNPAY-QR  (Xem chi tiết tại đây)";;https://www.thegioididong.com/may-tinh-bang/ipad-air-m3-13-inch-wifi-128gb?utm_flashsale=1;Skipped
iPad mini 7 5G 128GB;Đen - Xám;Yes;17890000;15890000;2026-03-09;"Khuyến mãi  trị giá 400.000₫                     Giá và khuyến mãi dự kiến áp dụng đến 23:00 | 31/03                                                                         1                                              Phiếu mua hàng Apple Pencil trị giá 400,000đ                                                            2                                              Tặng Phiếu mua hàng mua Balo; Túi Chống sốc; Ốp lưng; KBV Camera; Sạc dự phòng  (trừ AVA+, Hydrus); nhóm Tai nghe bluetooth, Loa Bluetooth các hãng JBL, Marshall,Harman Kardon; đồng hồ thông minh (trừ Apple) trị giá 100.000đ                                                            3                                              Thu cũ đổi mới: Giảm đến 2,000,000đ (Không kèm ưu đãi thanh toán qua cổng, mua kèm)  Xem chi tiết                                                            4                                              Nhập mã VNPAY0126 giảm tối đa 100,000đ (áp dụng tùy giá trị đơn hàng) khi thanh toán qua VNPAY-QR  (Xem chi tiết tại đây)";;https://www.thegioididong.com/may-tinh-bang/ipad-mini-7-5g;Skipped
iPad Pro M5 11 inch WiFi 1TB;16GB - 1TB;Yes;3790000;46790000;2026-03-09;"Khuyến mãi  trị giá 400.000₫                     Giá và khuyến mãi dự kiến áp dụng đến 23:00 | 31/03                                                                         1                                              Phiếu mua hàng Apple Pencil trị giá 400,000đ                                                            2                                              Tặng Phiếu mua hàng mua Balo; Túi Chống sốc; Ốp lưng; KBV Camera; Sạc dự phòng  (trừ AVA+, Hydrus); nhóm Tai nghe bluetooth, Loa Bluetooth các hãng JBL, Marshall,Harman Kardon; đồng hồ thông minh (trừ Apple) trị giá 100.000đ                                                            3                                              Thu cũ đổi mới: Giảm đến 2,000,000đ (Không kèm ưu đãi thanh toán qua cổng, mua kèm)  Xem chi tiết                                                            4                                              Nhập mã VNPAY0126 giảm tối đa 100,000đ (áp dụng tùy giá trị đơn hàng) khi thanh toán qua VNPAY-QR  (Xem chi tiết tại đây)";;https://www.thegioididong.com/may-tinh-bang/ipad-pro-m5-11-inch-wifi-256gb;Skipped
iPad Pro M5 11 inch 5G 256GB;Bạc;No;35590000;35090000;2026-03-09;"Khuyến mãi  trị giá 400.000₫                     Giá và khuyến mãi dự kiến áp dụng đến 23:00 | 31/03                                                                         1                                              Phiếu mua hàng Apple Pencil trị giá 400,000đ                                                            2                                              Tặng Phiếu mua hàng mua Balo; Túi Chống sốc; Ốp lưng; KBV Camera; Sạc dự phòng  (trừ AVA+, Hydrus); nhóm Tai nghe bluetooth, Loa Bluetooth các hãng JBL, Marshall,Harman Kardon; đồng hồ thông minh (trừ Apple) trị giá 100.000đ                                                            3                                              Thu cũ đổi mới: Giảm đến 2,000,000đ (Không kèm ưu đãi thanh toán qua cổng, mua kèm)  Xem chi tiết                                                            4                                              Nhập mã VNPAY0126 giảm tối đa 100,000đ (áp dụng tùy giá trị đơn hàng) khi thanh toán qua VNPAY-QR  (Xem chi tiết tại đây)";;https://www.thegioididong.com/may-tinh-bang/ipad-pro-m5-11-inch-wifi-cellular-256gb;DEBUG_OOS_iPad Pro M5 11 inch 5G 256GB_Bạc_082024.png
iPad mini 7 WiFi 256GB;Tím;Yes;16490000;14490000;2026-03-09;"Khuyến mãi  trị giá 400.000₫                     Giá và khuyến mãi dự kiến áp dụng đến 23:00 | 31/03                                                                         1                                              Phiếu mua hàng Apple Pencil trị giá 400,000đ                                                            2                                              Tặng Phiếu mua hàng mua Balo; Túi Chống sốc; Ốp lưng; KBV Camera; Sạc dự phòng  (trừ AVA+, Hydrus); nhóm Tai nghe bluetooth, Loa Bluetooth các hãng JBL, Marshall,Harman Kardon; đồng hồ thông minh (trừ Apple) trị giá 100.000đ                                                            3                                              Thu cũ đổi mới: Giảm đến 2,000,000đ (Không kèm ưu đãi thanh toán qua cổng, mua kèm)  Xem chi tiết                                                            4                                              Nhập mã VNPAY0126 giảm tối đa 100,000đ (áp dụng tùy giá trị đơn hàng) khi thanh toán qua VNPAY-QR  (Xem chi tiết tại đây)";;https://www.thegioididong.com/may-tinh-bang/ipad-mini-7-wifi;Skipped
iPad Pro M5 11 inch WiFi 1TB;Đen;Yes;3790000;46790000;2026-03-09;"Khuyến mãi  trị giá 400.000₫                     Giá và khuyến mãi dự kiến áp dụng đến 23:00 | 31/03                                                                         1                                              Phiếu mua hàng Apple Pencil trị giá 400,000đ                                                            2                                              Tặng Phiếu mua hàng mua Balo; Túi Chống sốc; Ốp lưng; KBV Camera; Sạc dự phòng  (trừ AVA+, Hydrus); nhóm Tai nghe bluetooth, Loa Bluetooth các hãng JBL, Marshall,Harman Kardon; đồng hồ thông minh (trừ Apple) trị giá 100.000đ                                                            3                                              Thu cũ đổi mới: Giảm đến 2,000,000đ (Không kèm ưu đãi thanh toán qua cổng, mua kèm)  Xem chi tiết                                                            4                                              Nhập mã VNPAY0126 giảm tối đa 100,000đ (áp dụng tùy giá trị đơn hàng) khi thanh toán qua VNPAY-QR  (Xem chi tiết tại đây)";;https://www.thegioididong.com/may-tinh-bang/ipad-pro-m5-11-inch-wifi-256gb;Skipped
iPad mini 7 5G 128GB;Tím;Yes;17890000;15890000;2026-03-09;"Khuyến mãi  trị giá 400.000₫                     Giá và khuyến mãi dự kiến áp dụng đến 23:00 | 31/03                                                                         1                                              Phiếu mua hàng Apple Pencil trị giá 400,000đ                                                            2                                              Tặng Phiếu mua hàng mua Balo; Túi Chống sốc; Ốp lưng; KBV Camera; Sạc dự phòng  (trừ AVA+, Hydrus); nhóm Tai nghe bluetooth, Loa Bluetooth các hãng JBL, Marshall,Harman Kardon; đồng hồ thông minh (trừ Apple) trị giá 100.000đ                                                            3                                              Thu cũ đổi mới: Giảm đến 2,000,000đ (Không kèm ưu đãi thanh toán qua cổng, mua kèm)  Xem chi tiết                                                            4                                              Nhập mã VNPAY0126 giảm tối đa 100,000đ (áp dụng tùy giá trị đơn hàng) khi thanh toán qua VNPAY-QR  (Xem chi tiết tại đây)";;https://www.thegioididong.com/may-tinh-bang/ipad-mini-7-5g;Skipped
iPad Pro M5 11 inch 5G 256GB;Đen;No;35590000;35090000;2026-03-09;"Khuyến mãi  trị giá 400.000₫                     Giá và khuyến mãi dự kiến áp dụng đến 23:00 | 31/03                                                                         1                                              Phiếu mua hàng Apple Pencil trị giá 400,000đ                                                            2                                              Tặng Phiếu mua hàng mua Balo; Túi Chống sốc; Ốp lưng; KBV Camera; Sạc dự phòng  (trừ AVA+, Hydrus); nhóm Tai nghe bluetooth, Loa Bluetooth các hãng JBL, Marshall,Harman Kardon; đồng hồ thông minh (trừ Apple) trị giá 100.000đ                                                            3                                              Thu cũ đổi mới: Giảm đến 2,000,000đ (Không kèm ưu đãi thanh toán qua cổng, mua kèm)  Xem chi tiết                                                            4                                              Nhập mã VNPAY0126 giảm tối đa 100,000đ (áp dụng tùy giá trị đơn hàng) khi thanh toán qua VNPAY-QR  (Xem chi tiết tại đây)";;https://www.thegioididong.com/may-tinh-bang/ipad-pro-m5-11-inch-wifi-cellular-256gb;DEBUG_OOS_iPad Pro M5 11 inch 5G 256GB_Đen_082039.png
iPad Air M3 13 inch WiFi 256GB;Xanh Dương;Yes;24790000;24490000;2026-03-09;"Khuyến mãi  trị giá 400.000₫                     Giá và khuyến mãi dự kiến áp dụng đến 23:00 | 31/03                                                                         1                                              Phiếu mua hàng Apple Pencil trị giá 400,000đ                                                            2                                              Tặng Phiếu mua hàng mua Balo; Túi Chống sốc; Ốp lưng; KBV Camera; Sạc dự phòng  (trừ AVA+, Hydrus); nhóm Tai nghe bluetooth, Loa Bluetooth các hãng JBL, Marshall,Harman Kardon; đồng hồ thông minh (trừ Apple) trị giá 100.000đ                                                            3                                              Thu cũ đổi mới: Giảm đến 2,000,000đ (Không kèm ưu đãi thanh toán qua cổng, mua kèm)  Xem chi tiết                                                            4                                              Nhập mã VNPAY0126 giảm tối đa 100,000đ (áp dụng tùy giá trị đơn hàng) khi thanh toán qua VNPAY-QR  (Xem chi tiết tại đây)";;https://www.thegioididong.com/may-tinh-bang/ipad-air-m3-13-inch-wifi-128gb?utm_flashsale=1;Skipped
iPad Pro M5 11 inch WiFi 1TB;Bạc;No;3790000;46790000;2026-03-09;"Khuyến mãi  trị giá 400.000₫                     Giá và khuyến mãi dự kiến áp dụng đến 23:00 | 31/03                                                                         1                                              Phiếu mua hàng Apple Pencil trị giá 400,000đ                                                            2                                              Tặng Phiếu mua hàng mua Balo; Túi Chống sốc; Ốp lưng; KBV Camera; Sạc dự phòng  (trừ AVA+, Hydrus); nhóm Tai nghe bluetooth, Loa Bluetooth các hãng JBL, Marshall,Harman Kardon; đồng hồ thông minh (trừ Apple) trị giá 100.000đ                                                            3                                              Thu cũ đổi mới: Giảm đến 2,000,000đ (Không kèm ưu đãi thanh toán qua cổng, mua kèm)  Xem chi tiết                                                            4                                              Nhập mã VNPAY0126 giảm tối đa 100,000đ (áp dụng tùy giá trị đơn hàng) khi thanh toán qua VNPAY-QR  (Xem chi tiết tại đây)";;https://www.thegioididong.com/may-tinh-bang/ipad-pro-m5-11-inch-wifi-256gb;DEBUG_OOS_iPad Pro M5 11 inch WiFi 1TB_Bạc_082043.png
iPad mini 7 WiFi 256GB;Đen - Xám;Yes;16490000;14490000;2026-03-09;"Khuyến mãi  trị giá 400.000₫                     Giá và khuyến mãi dự kiến áp dụng đến 23:00 | 31/03                                                                         1                                              Phiếu mua hàng Apple Pencil trị giá 400,000đ                                                            2                                              Tặng Phiếu mua hàng mua Balo; Túi Chống sốc; Ốp lưng; KBV Camera; Sạc dự phòng  (trừ AVA+, Hydrus); nhóm Tai nghe bluetooth, Loa Bluetooth các hãng JBL, Marshall,Harman Kardon; đồng hồ thông minh (trừ Apple) trị giá 100.000đ                                                            3                                              Thu cũ đổi mới: Giảm đến 2,000,000đ (Không kèm ưu đãi thanh toán qua cổng, mua kèm)  Xem chi tiết                                                            4                                              Nhập mã VNPAY0126 giảm tối đa 100,000đ (áp dụng tùy giá trị đơn hàng) khi thanh toán qua VNPAY-QR  (Xem chi tiết tại đây)";;https://www.thegioididong.com/may-tinh-bang/ipad-mini-7-wifi;Skipped
iPad mini 7 5G 128GB;Xanh Dương;Yes;17890000;15890000;2026-03-09;"Khuyến mãi  trị giá 400.000₫                     Giá và khuyến mãi dự kiến áp dụng đến 23:00 | 31/03                                                                         1                                              Phiếu mua hàng Apple Pencil trị giá 400,000đ                                                            2                                              Tặng Phiếu mua hàng mua Balo; Túi Chống sốc; Ốp lưng; KBV Camera; Sạc dự phòng  (trừ AVA+, Hydrus); nhóm Tai nghe bluetooth, Loa Bluetooth các hãng JBL, Marshall,Harman Kardon; đồng hồ thông minh (trừ Apple) trị giá 100.000đ                                                            3                                              Thu cũ đổi mới: Giảm đến 2,000,000đ (Không kèm ưu đãi thanh toán qua cổng, mua kèm)  Xem chi tiết                                                            4                                              Nhập mã VNPAY0126 giảm tối đa 100,000đ (áp dụng tùy giá trị đơn hàng) khi thanh toán qua VNPAY-QR  (Xem chi tiết tại đây)";;https://www.thegioididong.com/may-tinh-bang/ipad-mini-7-5g;Skipped
iPad Pro M5 11 inch 5G 256GB;Bạc;No;35590000;35090000;2026-03-09;"Khuyến mãi  trị giá 400.000₫                     Giá và khuyến mãi dự kiến áp dụng đến 23:00 | 31/03                                                                         1                                              Phiếu mua hàng Apple Pencil trị giá 400,000đ                                                            2                                              Tặng Phiếu mua hàng mua Balo; Túi Chống sốc; Ốp lưng; KBV Camera; Sạc dự phòng  (trừ AVA+, Hydrus); nhóm Tai nghe bluetooth, Loa Bluetooth các hãng JBL, Marshall,Harman Kardon; đồng hồ thông minh (trừ Apple) trị giá 100.000đ                                                            3                                              Thu cũ đổi mới: Giảm đến 2,000,000đ (Không kèm ưu đãi thanh toán qua cổng, mua kèm)  Xem chi tiết                                                            4                                              Nhập mã VNPAY0126 giảm tối đa 100,000đ (áp dụng tùy giá trị đơn hàng) khi thanh toán qua VNPAY-QR  (Xem chi tiết tại đây)";;https://www.thegioididong.com/may-tinh-bang/ipad-pro-m5-11-inch-wifi-cellular-256gb;DEBUG_OOS_iPad Pro M5 11 inch 5G 256GB_Bạc_082047.png
iPad Air M3 13 inch WiFi 256GB;Đen - Xám;No;24790000;24490000;2026-03-09;"Khuyến mãi  trị giá 400.000₫                     Giá và khuyến mãi dự kiến áp dụng đến 23:00 | 31/03                                                                         1                                              Phiếu mua hàng Apple Pencil trị giá 400,000đ                                                            2                                              Tặng Phiếu mua hàng mua Balo; Túi Chống sốc; Ốp lưng; KBV Camera; Sạc dự phòng  (trừ AVA+, Hydrus); nhóm Tai nghe bluetooth, Loa Bluetooth các hãng JBL, Marshall,Harman Kardon; đồng hồ thông minh (trừ Apple) trị giá 100.000đ                                                            3                                              Thu cũ đổi mới: Giảm đến 2,000,000đ (Không kèm ưu đãi thanh toán qua cổng, mua kèm)  Xem chi tiết                                                            4                                              Nhập mã VNPAY0126 giảm tối đa 100,000đ (áp dụng tùy giá trị đơn hàng) khi thanh toán qua VNPAY-QR  (Xem chi tiết tại đây)";;https://www.thegioididong.com/may-tinh-bang/ipad-air-m3-13-inch-wifi-128gb?utm_flashsale=1;DEBUG_OOS_iPad Air M3 13 inch WiFi 256GB_Đen - Xám_082051.png
iPad Pro M5 11 inch WiFi 256GB;12GB - 256GB;Yes;29990000;29290000;2026-03-09;Khuyến mãi  trị giá 400.000₫             Giá và khuyến mãi có thể kết thúc sớm hơn dự kiến                                                                         1                                              Phiếu mua hàng Apple Pencil trị giá 400,000đ                                                            2                                              Nhập mã VNPAY0126 giảm tối đa 100,000đ (áp dụng tùy giá trị đơn hàng) khi thanh toán qua VNPAY-QR  (Xem chi tiết tại đây);;https://www.thegioididong.com/may-tinh-bang/ipad-pro-m5-11-inch-wifi-256gb;Skipped
iPad Air M3 13 inch WiFi 256GB;Tím;No;24790000;24490000;2026-03-09;"Khuyến mãi  trị giá 400.000₫                     Giá và khuyến mãi dự kiến áp dụng đến 23:00 | 31/03                                                                         1                                              Phiếu mua hàng Apple Pencil trị giá 400,000đ                                                            2                                              Tặng Phiếu mua hàng mua Balo; Túi Chống sốc; Ốp lưng; KBV Camera; Sạc dự phòng  (trừ AVA+, Hydrus); nhóm Tai nghe bluetooth, Loa Bluetooth các hãng JBL, Marshall,Harman Kardon; đồng hồ thông minh (trừ Apple) trị giá 100.000đ                                                            3                                              Thu cũ đổi mới: Giảm đến 2,000,000đ (Không kèm ưu đãi thanh toán qua cổng, mua kèm)  Xem chi tiết                                                            4                                              Nhập mã VNPAY0126 giảm tối đa 100,000đ (áp dụng tùy giá trị đơn hàng) khi thanh toán qua VNPAY-QR  (Xem chi tiết tại đây)";;https://www.thegioididong.com/may-tinh-bang/ipad-air-m3-13-inch-wifi-128gb?utm_flashsale=1;DEBUG_OOS_iPad Air M3 13 inch WiFi 256GB_Tím_082103.png
iPad mini 7 WiFi 512GB;Tím;Yes;22090000;19590000;2026-03-09;"Khuyến mãi  trị giá 400.000₫                     Giá và khuyến mãi dự kiến áp dụng đến 23:00 | 31/03                                                                         1                                              Phiếu mua hàng Apple Pencil trị giá 400,000đ                                                            2                                              Tặng Phiếu mua hàng mua Balo; Túi Chống sốc; Ốp lưng; KBV Camera; Sạc dự phòng  (trừ AVA+, Hydrus); nhóm Tai nghe bluetooth, Loa Bluetooth các hãng JBL, Marshall,Harman Kardon; đồng hồ thông minh (trừ Apple) trị giá 100.000đ                                                            3                                              Thu cũ đổi mới: Giảm đến 2,000,000đ (Không kèm ưu đãi thanh toán qua cổng, mua kèm)  Xem chi tiết                                                            4                                              Nhập mã VNPAY0126 giảm tối đa 100,000đ (áp dụng tùy giá trị đơn hàng) khi thanh toán qua VNPAY-QR  (Xem chi tiết tại đây)";;https://www.thegioididong.com/may-tinh-bang/ipad-mini-7-wifi;Skipped
iPad mini 7 5G 128GB;Trắng Starlight;Yes;17890000;15890000;2026-03-09;"Khuyến mãi  trị giá 400.000₫                     Giá và khuyến mãi dự kiến áp dụng đến 23:00 | 31/03                                                                         1                                              Phiếu mua hàng Apple Pencil trị giá 400,000đ                                                            2                                              Tặng Phiếu mua hàng mua Balo; Túi Chống sốc; Ốp lưng; KBV Camera; Sạc dự phòng  (trừ AVA+, Hydrus); nhóm Tai nghe bluetooth, Loa Bluetooth các hãng JBL, Marshall,Harman Kardon; đồng hồ thông minh (trừ Apple) trị giá 100.000đ                                                            3                                              Thu cũ đổi mới: Giảm đến 2,000,000đ (Không kèm ưu đãi thanh toán qua cổng, mua kèm)  Xem chi tiết                                                            4                                              Nhập mã VNPAY0126 giảm tối đa 100,000đ (áp dụng tùy giá trị đơn hàng) khi thanh toán qua VNPAY-QR  (Xem chi tiết tại đây)";;https://www.thegioididong.com/may-tinh-bang/ipad-mini-7-5g;Skipped
iPad Pro M5 11 inch WiFi 512GB;12GB - 512GB;Yes;35590000;34990000;2026-03-09;"Khuyến mãi  trị giá 400.000₫                     Giá và khuyến mãi dự kiến áp dụng đến 23:00 | 31/03                                                                         1                                              Phiếu mua hàng Apple Pencil trị giá 400,000đ                                                            2                                              Tặng Phiếu mua hàng mua Balo; Túi Chống sốc; Ốp lưng; KBV Camera; Sạc dự phòng  (trừ AVA+, Hydrus); nhóm Tai nghe bluetooth, Loa Bluetooth các hãng JBL, Marshall,Harman Kardon; đồng hồ thông minh (trừ Apple) trị giá 100.000đ                                                            3                                              Thu cũ đổi mới: Giảm đến 2,000,000đ (Không kèm ưu đãi thanh toán qua cổng, mua kèm)  Xem chi tiết                                                            4                                              Nhập mã VNPAY0126 giảm tối đa 100,000đ (áp dụng tùy giá trị đơn hàng) khi thanh toán qua VNPAY-QR  (Xem chi tiết tại đây)";;https://www.thegioididong.com/may-tinh-bang/ipad-pro-m5-11-inch-wifi-256gb;Skipped
iPad Pro M5 13 inch WiFi 256GB;12GB - 256GB;Yes;39990000;39390000;2026-03-09;Khuyến mãi  trị giá 400.000₫             Giá và khuyến mãi có thể kết thúc sớm hơn dự kiến                                                                         1                                              Phiếu mua hàng Apple Pencil trị giá 400,000đ                                                            2                                              Nhập mã VNPAY0126 giảm tối đa 100,000đ (áp dụng tùy giá trị đơn hàng) khi thanh toán qua VNPAY-QR  (Xem chi tiết tại đây);;https://www.thegioididong.com/may-tinh-bang/ipad-pro-m5-13-inch-wifi-256gb;Skipped
iPad Air M3 13 inch WiFi 256GB;Trắng Starlight;Yes;24790000;24490000;2026-03-09;"Khuyến mãi  trị giá 400.000₫                     Giá và khuyến mãi dự kiến áp dụng đến 23:00 | 31/03                                                                         1                                              Phiếu mua hàng Apple Pencil trị giá 400,000đ                                                            2                                              Tặng Phiếu mua hàng mua Balo; Túi Chống sốc; Ốp lưng; KBV Camera; Sạc dự phòng  (trừ AVA+, Hydrus); nhóm Tai nghe bluetooth, Loa Bluetooth các hãng JBL, Marshall,Harman Kardon; đồng hồ thông minh (trừ Apple) trị giá 100.000đ                                                            3                                              Thu cũ đổi mới: Giảm đến 2,000,000đ (Không kèm ưu đãi thanh toán qua cổng, mua kèm)  Xem chi tiết                                                            4                                              Nhập mã VNPAY0126 giảm tối đa 100,000đ (áp dụng tùy giá trị đơn hàng) khi thanh toán qua VNPAY-QR  (Xem chi tiết tại đây)";;https://www.thegioididong.com/may-tinh-bang/ipad-air-m3-13-inch-wifi-128gb?utm_flashsale=1;Skipped
iPad mini 7 5G 128GB;Đen - Xám;Yes;17890000;15890000;2026-03-09;"Khuyến mãi  trị giá 400.000₫                     Giá và khuyến mãi dự kiến áp dụng đến 23:00 | 31/03                                                                         1                                              Phiếu mua hàng Apple Pencil trị giá 400,000đ                                                            2                                              Tặng Phiếu mua hàng mua Balo; Túi Chống sốc; Ốp lưng; KBV Camera; Sạc dự phòng  (trừ AVA+, Hydrus); nhóm Tai nghe bluetooth, Loa Bluetooth các hãng JBL, Marshall,Harman Kardon; đồng hồ thông minh (trừ Apple) trị giá 100.000đ                                                            3                                              Thu cũ đổi mới: Giảm đến 2,000,000đ (Không kèm ưu đãi thanh toán qua cổng, mua kèm)  Xem chi tiết                                                            4                                              Nhập mã VNPAY0126 giảm tối đa 100,000đ (áp dụng tùy giá trị đơn hàng) khi thanh toán qua VNPAY-QR  (Xem chi tiết tại đây)";;https://www.thegioididong.com/may-tinh-bang/ipad-mini-7-5g;Skipped
iPad mini 7 WiFi 512GB;Đen - Xám;Yes;22090000;19590000;2026-03-09;"Khuyến mãi  trị giá 400.000₫                     Giá và khuyến mãi dự kiến áp dụng đến 23:00 | 31/03                                                                         1                                              Phiếu mua hàng Apple Pencil trị giá 400,000đ                                                            2                                              Tặng Phiếu mua hàng mua Balo; Túi Chống sốc; Ốp lưng; KBV Camera; Sạc dự phòng  (trừ AVA+, Hydrus); nhóm Tai nghe bluetooth, Loa Bluetooth các hãng JBL, Marshall,Harman Kardon; đồng hồ thông minh (trừ Apple) trị giá 100.000đ                                                            3                                              Thu cũ đổi mới: Giảm đến 2,000,000đ (Không kèm ưu đãi thanh toán qua cổng, mua kèm)  Xem chi tiết                                                            4                                              Nhập mã VNPAY0126 giảm tối đa 100,000đ (áp dụng tùy giá trị đơn hàng) khi thanh toán qua VNPAY-QR  (Xem chi tiết tại đây)";;https://www.thegioididong.com/may-tinh-bang/ipad-mini-7-wifi;Skipped
iPad Pro M5 11 inch WiFi 1TB;16GB - 1TB;Yes;3790000;46790000;2026-03-09;"Khuyến mãi  trị giá 400.000₫                     Giá và khuyến mãi dự kiến áp dụng đến 23:00 | 31/03                                                                         1                                              Phiếu mua hàng Apple Pencil trị giá 400,000đ                                                            2                                              Tặng Phiếu mua hàng mua Balo; Túi Chống sốc; Ốp lưng; KBV Camera; Sạc dự phòng  (trừ AVA+, Hydrus); nhóm Tai nghe bluetooth, Loa Bluetooth các hãng JBL, Marshall,Harman Kardon; đồng hồ thông minh (trừ Apple) trị giá 100.000đ                                                            3                                              Thu cũ đổi mới: Giảm đến 2,000,000đ (Không kèm ưu đãi thanh toán qua cổng, mua kèm)  Xem chi tiết                                                            4                                              Nhập mã VNPAY0126 giảm tối đa 100,000đ (áp dụng tùy giá trị đơn hàng) khi thanh toán qua VNPAY-QR  (Xem chi tiết tại đây)";;https://www.thegioididong.com/may-tinh-bang/ipad-pro-m5-11-inch-wifi-256gb;Skipped
iPad Pro M5 13 inch WiFi 512GB;12GB - 512GB;Yes;45590000;44590000;2026-03-09;"Khuyến mãi  trị giá 400.000₫                     Giá và khuyến mãi dự kiến áp dụng đến 23:00 | 31/03                                                                         1                                              Phiếu mua hàng Apple Pencil trị giá 400,000đ                                                            2                                              Tặng Phiếu mua hàng mua Balo; Túi Chống sốc; Ốp lưng; KBV Camera; Sạc dự phòng  (trừ AVA+, Hydrus); nhóm Tai nghe bluetooth, Loa Bluetooth các hãng JBL, Marshall,Harman Kardon; đồng hồ thông minh (trừ Apple) trị giá 100.000đ                                                            3                                              Thu cũ đổi mới: Giảm đến 2,000,000đ (Không kèm ưu đãi thanh toán qua cổng, mua kèm)  Xem chi tiết                                                            4                                              Nhập mã VNPAY0126 giảm tối đa 100,000đ (áp dụng tùy giá trị đơn hàng) khi thanh toán qua VNPAY-QR  (Xem chi tiết tại đây)";;https://www.thegioididong.com/may-tinh-bang/ipad-pro-m5-13-inch-wifi-256gb;Skipped
iPad mini 7 5G 128GB;Tím;Yes;17890000;15890000;2026-03-09;"Khuyến mãi  trị giá 400.000₫                     Giá và khuyến mãi dự kiến áp dụng đến 23:00 | 31/03                                                                         1                                              Phiếu mua hàng Apple Pencil trị giá 400,000đ                                                            2                                              Tặng Phiếu mua hàng mua Balo; Túi Chống sốc; Ốp lưng; KBV Camera; Sạc dự phòng  (trừ AVA+, Hydrus); nhóm Tai nghe bluetooth, Loa Bluetooth các hãng JBL, Marshall,Harman Kardon; đồng hồ thông minh (trừ Apple) trị giá 100.000đ                                                            3                                              Thu cũ đổi mới: Giảm đến 2,000,000đ (Không kèm ưu đãi thanh toán qua cổng, mua kèm)  Xem chi tiết                                                            4                                              Nhập mã VNPAY0126 giảm tối đa 100,000đ (áp dụng tùy giá trị đơn hàng) khi thanh toán qua VNPAY-QR  (Xem chi tiết tại đây)";;https://www.thegioididong.com/may-tinh-bang/ipad-mini-7-5g;Skipped
iPad mini 7 WiFi 512GB;Xanh Dương;Yes;22090000;19590000;2026-03-09;"Khuyến mãi  trị giá 400.000₫                     Giá và khuyến mãi dự kiến áp dụng đến 23:00 | 31/03                                                                         1                                              Phiếu mua hàng Apple Pencil trị giá 400,000đ                                                            2                                              Tặng Phiếu mua hàng mua Balo; Túi Chống sốc; Ốp lưng; KBV Camera; Sạc dự phòng  (trừ AVA+, Hydrus); nhóm Tai nghe bluetooth, Loa Bluetooth các hãng JBL, Marshall,Harman Kardon; đồng hồ thông minh (trừ Apple) trị giá 100.000đ                                                            3                                              Thu cũ đổi mới: Giảm đến 2,000,000đ (Không kèm ưu đãi thanh toán qua cổng, mua kèm)  Xem chi tiết                                                            4                                              Nhập mã VNPAY0126 giảm tối đa 100,000đ (áp dụng tùy giá trị đơn hàng) khi thanh toán qua VNPAY-QR  (Xem chi tiết tại đây)";;https://www.thegioididong.com/may-tinh-bang/ipad-mini-7-wifi;Skipped
iPad Air M3 13 inch WiFi 256GB;Xanh Dương;Yes;24790000;24490000;2026-03-09;"Khuyến mãi  trị giá 400.000₫                     Giá và khuyến mãi dự kiến áp dụng đến 23:00 | 31/03                                                                         1                                              Phiếu mua hàng Apple Pencil trị giá 400,000đ                                                            2                                              Tặng Phiếu mua hàng mua Balo; Túi Chống sốc; Ốp lưng; KBV Camera; Sạc dự phòng  (trừ AVA+, Hydrus); nhóm Tai nghe bluetooth, Loa Bluetooth các hãng JBL, Marshall,Harman Kardon; đồng hồ thông minh (trừ Apple) trị giá 100.000đ                                                            3                                              Thu cũ đổi mới: Giảm đến 2,000,000đ (Không kèm ưu đãi thanh toán qua cổng, mua kèm)  Xem chi tiết                                                            4                                              Nhập mã VNPAY0126 giảm tối đa 100,000đ (áp dụng tùy giá trị đơn hàng) khi thanh toán qua VNPAY-QR  (Xem chi tiết tại đây)";;https://www.thegioididong.com/may-tinh-bang/ipad-air-m3-13-inch-wifi-128gb?utm_flashsale=1;Skipped
iPad Pro M5 13 inch WiFi 2TB;16GB - 2TB;Yes;3790000;67990000;2026-03-09;"Khuyến mãi  trị giá 400.000₫                     Giá và khuyến mãi dự kiến áp dụng đến 23:00 | 31/03                                                                         1                                              Phiếu mua hàng Apple Pencil trị giá 400,000đ                                                            2                                              Tặng Phiếu mua hàng mua Balo; Túi Chống sốc; Ốp lưng; KBV Camera; Sạc dự phòng  (trừ AVA+, Hydrus); nhóm Tai nghe bluetooth, Loa Bluetooth các hãng JBL, Marshall,Harman Kardon; đồng hồ thông minh (trừ Apple) trị giá 100.000đ                                                            3                                              Thu cũ đổi mới: Giảm đến 2,000,000đ (Không kèm ưu đãi thanh toán qua cổng, mua kèm)  Xem chi tiết                                                            4                                              Nhập mã VNPAY0126 giảm tối đa 100,000đ (áp dụng tùy giá trị đơn hàng) khi thanh toán qua VNPAY-QR  (Xem chi tiết tại đây)";;https://www.thegioididong.com/may-tinh-bang/ipad-pro-m5-13-inch-wifi-256gb;Skipped
iPad Pro M5 11 inch WiFi 1TB;Đen;Yes;3790000;46790000;2026-03-09;"Khuyến mãi  trị giá 400.000₫                     Giá và khuyến mãi dự kiến áp dụng đến 23:00 | 31/03                                                                         1                                              Phiếu mua hàng Apple Pencil trị giá 400,000đ                                                            2                                              Tặng Phiếu mua hàng mua Balo; Túi Chống sốc; Ốp lưng; KBV Camera; Sạc dự phòng  (trừ AVA+, Hydrus); nhóm Tai nghe bluetooth, Loa Bluetooth các hãng JBL, Marshall,Harman Kardon; đồng hồ thông minh (trừ Apple) trị giá 100.000đ                                                            3                                              Thu cũ đổi mới: Giảm đến 2,000,000đ (Không kèm ưu đãi thanh toán qua cổng, mua kèm)  Xem chi tiết                                                            4                                              Nhập mã VNPAY0126 giảm tối đa 100,000đ (áp dụng tùy giá trị đơn hàng) khi thanh toán qua VNPAY-QR  (Xem chi tiết tại đây)";;https://www.thegioididong.com/may-tinh-bang/ipad-pro-m5-11-inch-wifi-256gb;Skipped
iPad Air M3 13 inch WiFi 256GB;Đen - Xám;No;24790000;24490000;2026-03-09;"Khuyến mãi  trị giá 400.000₫                     Giá và khuyến mãi dự kiến áp dụng đến 23:00 | 31/03                                                                         1                                              Phiếu mua hàng Apple Pencil trị giá 400,000đ                                                            2                                              Tặng Phiếu mua hàng mua Balo; Túi Chống sốc; Ốp lưng; KBV Camera; Sạc dự phòng  (trừ AVA+, Hydrus); nhóm Tai nghe bluetooth, Loa Bluetooth các hãng JBL, Marshall,Harman Kardon; đồng hồ thông minh (trừ Apple) trị giá 100.000đ                                                            3                                              Thu cũ đổi mới: Giảm đến 2,000,000đ (Không kèm ưu đãi thanh toán qua cổng, mua kèm)  Xem chi tiết                                                            4                                              Nhập mã VNPAY0126 giảm tối đa 100,000đ (áp dụng tùy giá trị đơn hàng) khi thanh toán qua VNPAY-QR  (Xem chi tiết tại đây)";;https://www.thegioididong.com/may-tinh-bang/ipad-air-m3-13-inch-wifi-128gb?utm_flashsale=1;DEBUG_OOS_iPad Air M3 13 inch WiFi 256GB_Đen - Xám_082137.png
iPad mini 7 5G 128GB;Xanh Dương;Yes;17890000;15890000;2026-03-09;"Khuyến mãi  trị giá 400.000₫                     Giá và khuyến mãi dự kiến áp dụng đến 23:00 | 31/03                                                                         1                                              Phiếu mua hàng Apple Pencil trị giá 400,000đ                                                            2                                              Tặng Phiếu mua hàng mua Balo; Túi Chống sốc; Ốp lưng; KBV Camera; Sạc dự phòng  (trừ AVA+, Hydrus); nhóm Tai nghe bluetooth, Loa Bluetooth các hãng JBL, Marshall,Harman Kardon; đồng hồ thông minh (trừ Apple) trị giá 100.000đ                                                            3                                              Thu cũ đổi mới: Giảm đến 2,000,000đ (Không kèm ưu đãi thanh toán qua cổng, mua kèm)  Xem chi tiết                                                            4                                              Nhập mã VNPAY0126 giảm tối đa 100,000đ (áp dụng tùy giá trị đơn hàng) khi thanh toán qua VNPAY-QR  (Xem chi tiết tại đây)";;https://www.thegioididong.com/may-tinh-bang/ipad-mini-7-5g;Skipped
iPad mini 7 WiFi 512GB;Trắng Starlight;Yes;22090000;19590000;2026-03-09;"Khuyến mãi  trị giá 400.000₫                     Giá và khuyến mãi dự kiến áp dụng đến 23:00 | 31/03                                                                         1                                              Phiếu mua hàng Apple Pencil trị giá 400,000đ                                                            2                                              Tặng Phiếu mua hàng mua Balo; Túi Chống sốc; Ốp lưng; KBV Camera; Sạc dự phòng  (trừ AVA+, Hydrus); nhóm Tai nghe bluetooth, Loa Bluetooth các hãng JBL, Marshall,Harman Kardon; đồng hồ thông minh (trừ Apple) trị giá 100.000đ                                                            3                                              Thu cũ đổi mới: Giảm đến 2,000,000đ (Không kèm ưu đãi thanh toán qua cổng, mua kèm)  Xem chi tiết                                                            4                                              Nhập mã VNPAY0126 giảm tối đa 100,000đ (áp dụng tùy giá trị đơn hàng) khi thanh toán qua VNPAY-QR  (Xem chi tiết tại đây)";;https://www.thegioididong.com/may-tinh-bang/ipad-mini-7-wifi;Skipped
iPad Pro M5 13 inch WiFi 2TB;Đen;Yes;3790000;67990000;2026-03-09;"Khuyến mãi  trị giá 400.000₫                     Giá và khuyến mãi dự kiến áp dụng đến 23:00 | 31/03                                                                         1                                              Phiếu mua hàng Apple Pencil trị giá 400,000đ                                                            2                                              Tặng Phiếu mua hàng mua Balo; Túi Chống sốc; Ốp lưng; KBV Camera; Sạc dự phòng  (trừ AVA+, Hydrus); nhóm Tai nghe bluetooth, Loa Bluetooth các hãng JBL, Marshall,Harman Kardon; đồng hồ thông minh (trừ Apple) trị giá 100.000đ                                                            3                                              Thu cũ đổi mới: Giảm đến 2,000,000đ (Không kèm ưu đãi thanh toán qua cổng, mua kèm)  Xem chi tiết                                                            4                                              Nhập mã VNPAY0126 giảm tối đa 100,000đ (áp dụng tùy giá trị đơn hàng) khi thanh toán qua VNPAY-QR  (Xem chi tiết tại đây)";;https://www.thegioididong.com/may-tinh-bang/ipad-pro-m5-13-inch-wifi-256gb;Skipped
iPad Air M3 13 inch WiFi 256GB;Tím;No;24790000;24490000;2026-03-09;"Khuyến mãi  trị giá 400.000₫                     Giá và khuyến mãi dự kiến áp dụng đến 23:00 | 31/03                                                                         1                                              Phiếu mua hàng Apple Pencil trị giá 400,000đ                                                            2                                              Tặng Phiếu mua hàng mua Balo; Túi Chống sốc; Ốp lưng; KBV Camera; Sạc dự phòng  (trừ AVA+, Hydrus); nhóm Tai nghe bluetooth, Loa Bluetooth các hãng JBL, Marshall,Harman Kardon; đồng hồ thông minh (trừ Apple) trị giá 100.000đ                                                            3                                              Thu cũ đổi mới: Giảm đến 2,000,000đ (Không kèm ưu đãi thanh toán qua cổng, mua kèm)  Xem chi tiết                                                            4                                              Nhập mã VNPAY0126 giảm tối đa 100,000đ (áp dụng tùy giá trị đơn hàng) khi thanh toán qua VNPAY-QR  (Xem chi tiết tại đây)";;https://www.thegioididong.com/may-tinh-bang/ipad-air-m3-13-inch-wifi-128gb?utm_flashsale=1;DEBUG_OOS_iPad Air M3 13 inch WiFi 256GB_Tím_082144.png
iPad Pro M5 11 inch WiFi 1TB;Bạc;No;3790000;46790000;2026-03-09;"Khuyến mãi  trị giá 400.000₫                     Giá và khuyến mãi dự kiến áp dụng đến 23:00 | 31/03                                                                         1                                              Phiếu mua hàng Apple Pencil trị giá 400,000đ                                                            2                                              Tặng Phiếu mua hàng mua Balo; Túi Chống sốc; Ốp lưng; KBV Camera; Sạc dự phòng  (trừ AVA+, Hydrus); nhóm Tai nghe bluetooth, Loa Bluetooth các hãng JBL, Marshall,Harman Kardon; đồng hồ thông minh (trừ Apple) trị giá 100.000đ                                                            3                                              Thu cũ đổi mới: Giảm đến 2,000,000đ (Không kèm ưu đãi thanh toán qua cổng, mua kèm)  Xem chi tiết                                                            4                                              Nhập mã VNPAY0126 giảm tối đa 100,000đ (áp dụng tùy giá trị đơn hàng) khi thanh toán qua VNPAY-QR  (Xem chi tiết tại đây)";;https://www.thegioididong.com/may-tinh-bang/ipad-pro-m5-11-inch-wifi-256gb;DEBUG_OOS_iPad Pro M5 11 inch WiFi 1TB_Bạc_082145.png
iPad Pro M5 13 inch WiFi 2TB;Bạc;No;3790000;67990000;2026-03-09;"Khuyến mãi  trị giá 400.000₫                     Giá và khuyến mãi dự kiến áp dụng đến 23:00 | 31/03                                                                         1                                              Phiếu mua hàng Apple Pencil trị giá 400,000đ                                                            2                                              Tặng Phiếu mua hàng mua Balo; Túi Chống sốc; Ốp lưng; KBV Camera; Sạc dự phòng  (trừ AVA+, Hydrus); nhóm Tai nghe bluetooth, Loa Bluetooth các hãng JBL, Marshall,Harman Kardon; đồng hồ thông minh (trừ Apple) trị giá 100.000đ                                                            3                                              Thu cũ đổi mới: Giảm đến 2,000,000đ (Không kèm ưu đãi thanh toán qua cổng, mua kèm)  Xem chi tiết                                                            4                                              Nhập mã VNPAY0126 giảm tối đa 100,000đ (áp dụng tùy giá trị đơn hàng) khi thanh toán qua VNPAY-QR  (Xem chi tiết tại đây)";;https://www.thegioididong.com/may-tinh-bang/ipad-pro-m5-13-inch-wifi-256gb;DEBUG_OOS_iPad Pro M5 13 inch WiFi 2TB_Bạc_082154.png
iPad mini 7 WiFi 512GB;Tím;Yes;22090000;19590000;2026-03-09;"Khuyến mãi  trị giá 400.000₫                     Giá và khuyến mãi dự kiến áp dụng đến 23:00 | 31/03                                                                         1                                              Phiếu mua hàng Apple Pencil trị giá 400,000đ                                                            2                                              Tặng Phiếu mua hàng mua Balo; Túi Chống sốc; Ốp lưng; KBV Camera; Sạc dự phòng  (trừ AVA+, Hydrus); nhóm Tai nghe bluetooth, Loa Bluetooth các hãng JBL, Marshall,Harman Kardon; đồng hồ thông minh (trừ Apple) trị giá 100.000đ                                                            3                                              Thu cũ đổi mới: Giảm đến 2,000,000đ (Không kèm ưu đãi thanh toán qua cổng, mua kèm)  Xem chi tiết                                                            4                                              Nhập mã VNPAY0126 giảm tối đa 100,000đ (áp dụng tùy giá trị đơn hàng) khi thanh toán qua VNPAY-QR  (Xem chi tiết tại đây)";;https://www.thegioididong.com/may-tinh-bang/ipad-mini-7-wifi;Skipped
iPad Air M3 13 inch WiFi 256GB;Trắng Starlight;Yes;24790000;24490000;2026-03-09;"Khuyến mãi  trị giá 400.000₫                     Giá và khuyến mãi dự kiến áp dụng đến 23:00 | 31/03                                                                         1                                              Phiếu mua hàng Apple Pencil trị giá 400,000đ                                                            2                                              Tặng Phiếu mua hàng mua Balo; Túi Chống sốc; Ốp lưng; KBV Camera; Sạc dự phòng  (trừ AVA+, Hydrus); nhóm Tai nghe bluetooth, Loa Bluetooth các hãng JBL, Marshall,Harman Kardon; đồng hồ thông minh (trừ Apple) trị giá 100.000đ                                                            3                                              Thu cũ đổi mới: Giảm đến 2,000,000đ (Không kèm ưu đãi thanh toán qua cổng, mua kèm)  Xem chi tiết                                                            4                                              Nhập mã VNPAY0126 giảm tối đa 100,000đ (áp dụng tùy giá trị đơn hàng) khi thanh toán qua VNPAY-QR  (Xem chi tiết tại đây)";;https://www.thegioididong.com/may-tinh-bang/ipad-air-m3-13-inch-wifi-128gb?utm_flashsale=1;Skipped
AirPods 4 MXP63;Default/Unknown;Yes;3790000;2990000;2026-03-09;Khuyến mãi                      Giá và khuyến mãi dự kiến áp dụng đến 23:59 | 15/03                                                                         1                                              Nhập mã VNPAY0126 giảm tối đa 100,000đ (áp dụng tùy giá trị đơn hàng) khi thanh toán qua VNPAY-QR  (Xem chi tiết tại đây);;https://www.thegioididong.com/tai-nghe/airpods-4-mxp63;Skipped
iPad Pro M5 11 inch WiFi 256GB;12GB - 256GB;Yes;29990000;29290000;2026-03-09;Khuyến mãi  trị giá 400.000₫             Giá và khuyến mãi có thể kết thúc sớm hơn dự kiến                                                                         1                                              Phiếu mua hàng Apple Pencil trị giá 400,000đ                                                            2                                              Nhập mã VNPAY0126 giảm tối đa 100,000đ (áp dụng tùy giá trị đơn hàng) khi thanh toán qua VNPAY-QR  (Xem chi tiết tại đây);;https://www.thegioididong.com/may-tinh-bang/ipad-pro-m5-11-inch-wifi-256gb;Skipped
iPad mini 7 WiFi 512GB;Đen - Xám;Yes;22090000;19590000;2026-03-09;"Khuyến mãi  trị giá 400.000₫                     Giá và khuyến mãi dự kiến áp dụng đến 23:00 | 31/03                                                                         1                                              Phiếu mua hàng Apple Pencil trị giá 400,000đ                                                            2                                              Tặng Phiếu mua hàng mua Balo; Túi Chống sốc; Ốp lưng; KBV Camera; Sạc dự phòng  (trừ AVA+, Hydrus); nhóm Tai nghe bluetooth, Loa Bluetooth các hãng JBL, Marshall,Harman Kardon; đồng hồ thông minh (trừ Apple) trị giá 100.000đ                                                            3                                              Thu cũ đổi mới: Giảm đến 2,000,000đ (Không kèm ưu đãi thanh toán qua cổng, mua kèm)  Xem chi tiết                                                            4                                              Nhập mã VNPAY0126 giảm tối đa 100,000đ (áp dụng tùy giá trị đơn hàng) khi thanh toán qua VNPAY-QR  (Xem chi tiết tại đây)";;https://www.thegioididong.com/may-tinh-bang/ipad-mini-7-wifi;Skipped
iPad Pro M5 13 inch WiFi 256GB;12GB - 256GB;Yes;39990000;39390000;2026-03-09;Khuyến mãi  trị giá 400.000₫             Giá và khuyến mãi có thể kết thúc sớm hơn dự kiến                                                                         1                                              Phiếu mua hàng Apple Pencil trị giá 400,000đ                                                            2                                              Nhập mã VNPAY0126 giảm tối đa 100,000đ (áp dụng tùy giá trị đơn hàng) khi thanh toán qua VNPAY-QR  (Xem chi tiết tại đây);;https://www.thegioididong.com/may-tinh-bang/ipad-pro-m5-13-inch-wifi-256gb;Skipped
iPad Air M3 13 inch WiFi 256GB;Xanh Dương;Yes;24790000;24490000;2026-03-09;"Khuyến mãi  trị giá 400.000₫                     Giá và khuyến mãi dự kiến áp dụng đến 23:00 | 31/03                                                                         1                                              Phiếu mua hàng Apple Pencil trị giá 400,000đ                                                            2                                              Tặng Phiếu mua hàng mua Balo; Túi Chống sốc; Ốp lưng; KBV Camera; Sạc dự phòng  (trừ AVA+, Hydrus); nhóm Tai nghe bluetooth, Loa Bluetooth các hãng JBL, Marshall,Harman Kardon; đồng hồ thông minh (trừ Apple) trị giá 100.000đ                                                            3                                              Thu cũ đổi mới: Giảm đến 2,000,000đ (Không kèm ưu đãi thanh toán qua cổng, mua kèm)  Xem chi tiết                                                            4                                              Nhập mã VNPAY0126 giảm tối đa 100,000đ (áp dụng tùy giá trị đơn hàng) khi thanh toán qua VNPAY-QR  (Xem chi tiết tại đây)";;https://www.thegioididong.com/may-tinh-bang/ipad-air-m3-13-inch-wifi-128gb?utm_flashsale=1;Skipped
Tai nghe Bluetooth Apple AirPods Pro 3 Trắng MFHP4;Default/Unknown;Yes;6790000;6390000;2026-03-09;Khuyến mãi                      Giá và khuyến mãi dự kiến áp dụng đến 23:59 | 15/03                                                                         1                                              Nhập mã VNPAY0126 giảm tối đa 100,000đ (áp dụng tùy giá trị đơn hàng) khi thanh toán qua VNPAY-QR  (Xem chi tiết tại đây);;https://www.thegioididong.com/tai-nghe/tai-nghe-bluetooth-apple-airpods-pro-3-trang-mfhp4;Skipped
iPad Pro M5 11 inch WiFi 512GB;12GB - 512GB;Yes;35590000;34990000;2026-03-09;"Khuyến mãi  trị giá 400.000₫                     Giá và khuyến mãi dự kiến áp dụng đến 23:00 | 31/03                                                                         1                                              Phiếu mua hàng Apple Pencil trị giá 400,000đ                                                            2                                              Tặng Phiếu mua hàng mua Balo; Túi Chống sốc; Ốp lưng; KBV Camera; Sạc dự phòng  (trừ AVA+, Hydrus); nhóm Tai nghe bluetooth, Loa Bluetooth các hãng JBL, Marshall,Harman Kardon; đồng hồ thông minh (trừ Apple) trị giá 100.000đ                                                            3                                              Thu cũ đổi mới: Giảm đến 2,000,000đ (Không kèm ưu đãi thanh toán qua cổng, mua kèm)  Xem chi tiết                                                            4                                              Nhập mã VNPAY0126 giảm tối đa 100,000đ (áp dụng tùy giá trị đơn hàng) khi thanh toán qua VNPAY-QR  (Xem chi tiết tại đây)";;https://www.thegioididong.com/may-tinh-bang/ipad-pro-m5-11-inch-wifi-256gb;Skipped
iPad Air M3 13 inch WiFi 256GB;Đen - Xám;No;24790000;24490000;2026-03-09;"Khuyến mãi  trị giá 400.000₫                     Giá và khuyến mãi dự kiến áp dụng đến 23:00 | 31/03                                                                         1                                              Phiếu mua hàng Apple Pencil trị giá 400,000đ                                                            2                                              Tặng Phiếu mua hàng mua Balo; Túi Chống sốc; Ốp lưng; KBV Camera; Sạc dự phòng  (trừ AVA+, Hydrus); nhóm Tai nghe bluetooth, Loa Bluetooth các hãng JBL, Marshall,Harman Kardon; đồng hồ thông minh (trừ Apple) trị giá 100.000đ                                                            3                                              Thu cũ đổi mới: Giảm đến 2,000,000đ (Không kèm ưu đãi thanh toán qua cổng, mua kèm)  Xem chi tiết                                                            4                                              Nhập mã VNPAY0126 giảm tối đa 100,000đ (áp dụng tùy giá trị đơn hàng) khi thanh toán qua VNPAY-QR  (Xem chi tiết tại đây)";;https://www.thegioididong.com/may-tinh-bang/ipad-air-m3-13-inch-wifi-128gb?utm_flashsale=1;DEBUG_OOS_iPad Air M3 13 inch WiFi 256GB_Đen - Xám_082230.png
iPad mini 7 WiFi 512GB;Xanh Dương;Yes;22090000;19590000;2026-03-09;"Khuyến mãi  trị giá 400.000₫                     Giá và khuyến mãi dự kiến áp dụng đến 23:00 | 31/03                                                                         1                                              Phiếu mua hàng Apple Pencil trị giá 400,000đ                                                            2                                              Tặng Phiếu mua hàng mua Balo; Túi Chống sốc; Ốp lưng; KBV Camera; Sạc dự phòng  (trừ AVA+, Hydrus); nhóm Tai nghe bluetooth, Loa Bluetooth các hãng JBL, Marshall,Harman Kardon; đồng hồ thông minh (trừ Apple) trị giá 100.000đ                                                            3                                              Thu cũ đổi mới: Giảm đến 2,000,000đ (Không kèm ưu đãi thanh toán qua cổng, mua kèm)  Xem chi tiết                                                            4                                              Nhập mã VNPAY0126 giảm tối đa 100,000đ (áp dụng tùy giá trị đơn hàng) khi thanh toán qua VNPAY-QR  (Xem chi tiết tại đây)";;https://www.thegioididong.com/may-tinh-bang/ipad-mini-7-wifi;Skipped
iPad Pro M5 13 inch WiFi 512GB;12GB - 512GB;Yes;45590000;44590000;2026-03-09;"Khuyến mãi  trị giá 400.000₫                     Giá và khuyến mãi dự kiến áp dụng đến 23:00 | 31/03                                                                         1                                              Phiếu mua hàng Apple Pencil trị giá 400,000đ                                                            2                                              Tặng Phiếu mua hàng mua Balo; Túi Chống sốc; Ốp lưng; KBV Camera; Sạc dự phòng  (trừ AVA+, Hydrus); nhóm Tai nghe bluetooth, Loa Bluetooth các hãng JBL, Marshall,Harman Kardon; đồng hồ thông minh (trừ Apple) trị giá 100.000đ                                                            3                                              Thu cũ đổi mới: Giảm đến 2,000,000đ (Không kèm ưu đãi thanh toán qua cổng, mua kèm)  Xem chi tiết                                                            4                                              Nhập mã VNPAY0126 giảm tối đa 100,000đ (áp dụng tùy giá trị đơn hàng) khi thanh toán qua VNPAY-QR  (Xem chi tiết tại đây)";;https://www.thegioididong.com/may-tinh-bang/ipad-pro-m5-13-inch-wifi-256gb;Skipped
AirPods 4 (chống ồn);Default/Unknown;Yes;4990000;4390000;2026-03-09;Khuyến mãi                      Giá và khuyến mãi dự kiến áp dụng đến 23:59 | 15/03                                                                         1                                              Nhập mã VNPAY0126 giảm tối đa 100,000đ (áp dụng tùy giá trị đơn hàng) khi thanh toán qua VNPAY-QR  (Xem chi tiết tại đây);;https://www.thegioididong.com/tai-nghe/airpods-4-chong-on-mxp93;Skipped
iPad Air M3 13 inch WiFi 256GB;Tím;No;24790000;24490000;2026-03-09;"Khuyến mãi  trị giá 400.000₫                     Giá và khuyến mãi dự kiến áp dụng đến 23:00 | 31/03                                                                         1                                              Phiếu mua hàng Apple Pencil trị giá 400,000đ                                                            2                                              Tặng Phiếu mua hàng mua Balo; Túi Chống sốc; Ốp lưng; KBV Camera; Sạc dự phòng  (trừ AVA+, Hydrus); nhóm Tai nghe bluetooth, Loa Bluetooth các hãng JBL, Marshall,Harman Kardon; đồng hồ thông minh (trừ Apple) trị giá 100.000đ                                                            3                                              Thu cũ đổi mới: Giảm đến 2,000,000đ (Không kèm ưu đãi thanh toán qua cổng, mua kèm)  Xem chi tiết                                                            4                                              Nhập mã VNPAY0126 giảm tối đa 100,000đ (áp dụng tùy giá trị đơn hàng) khi thanh toán qua VNPAY-QR  (Xem chi tiết tại đây)";;https://www.thegioididong.com/may-tinh-bang/ipad-air-m3-13-inch-wifi-128gb?utm_flashsale=1;DEBUG_OOS_iPad Air M3 13 inch WiFi 256GB_Tím_082243.png
iPad mini 7 WiFi 512GB;Trắng Starlight;Yes;22090000;19590000;2026-03-09;"Khuyến mãi  trị giá 400.000₫                     Giá và khuyến mãi dự kiến áp dụng đến 23:00 | 31/03                                                                         1                                              Phiếu mua hàng Apple Pencil trị giá 400,000đ                                                            2                                              Tặng Phiếu mua hàng mua Balo; Túi Chống sốc; Ốp lưng; KBV Camera; Sạc dự phòng  (trừ AVA+, Hydrus); nhóm Tai nghe bluetooth, Loa Bluetooth các hãng JBL, Marshall,Harman Kardon; đồng hồ thông minh (trừ Apple) trị giá 100.000đ                                                            3                                              Thu cũ đổi mới: Giảm đến 2,000,000đ (Không kèm ưu đãi thanh toán qua cổng, mua kèm)  Xem chi tiết                                                            4                                              Nhập mã VNPAY0126 giảm tối đa 100,000đ (áp dụng tùy giá trị đơn hàng) khi thanh toán qua VNPAY-QR  (Xem chi tiết tại đây)";;https://www.thegioididong.com/may-tinh-bang/ipad-mini-7-wifi;Skipped
iPad Pro M5 11 inch WiFi 1TB;16GB - 1TB;Yes;3790000;46790000;2026-03-09;"Khuyến mãi  trị giá 400.000₫                     Giá và khuyến mãi dự kiến áp dụng đến 23:00 | 31/03                                                                         1                                              Phiếu mua hàng Apple Pencil trị giá 400,000đ                                                            2                                              Tặng Phiếu mua hàng mua Balo; Túi Chống sốc; Ốp lưng; KBV Camera; Sạc dự phòng  (trừ AVA+, Hydrus); nhóm Tai nghe bluetooth, Loa Bluetooth các hãng JBL, Marshall,Harman Kardon; đồng hồ thông minh (trừ Apple) trị giá 100.000đ                                                            3                                              Thu cũ đổi mới: Giảm đến 2,000,000đ (Không kèm ưu đãi thanh toán qua cổng, mua kèm)  Xem chi tiết                                                            4                                              Nhập mã VNPAY0126 giảm tối đa 100,000đ (áp dụng tùy giá trị đơn hàng) khi thanh toán qua VNPAY-QR  (Xem chi tiết tại đây)";;https://www.thegioididong.com/may-tinh-bang/ipad-pro-m5-11-inch-wifi-256gb;Skipped
iPad Pro M5 13 inch WiFi 2TB;16GB - 2TB;Yes;3790000;67990000;2026-03-09;"Khuyến mãi  trị giá 400.000₫                     Giá và khuyến mãi dự kiến áp dụng đến 23:00 | 31/03                                                                         1                                              Phiếu mua hàng Apple Pencil trị giá 400,000đ                                                            2                                              Tặng Phiếu mua hàng mua Balo; Túi Chống sốc; Ốp lưng; KBV Camera; Sạc dự phòng  (trừ AVA+, Hydrus); nhóm Tai nghe bluetooth, Loa Bluetooth các hãng JBL, Marshall,Harman Kardon; đồng hồ thông minh (trừ Apple) trị giá 100.000đ                                                            3                                              Thu cũ đổi mới: Giảm đến 2,000,000đ (Không kèm ưu đãi thanh toán qua cổng, mua kèm)  Xem chi tiết                                                            4                                              Nhập mã VNPAY0126 giảm tối đa 100,000đ (áp dụng tùy giá trị đơn hàng) khi thanh toán qua VNPAY-QR  (Xem chi tiết tại đây)";;https://www.thegioididong.com/may-tinh-bang/ipad-pro-m5-13-inch-wifi-256gb;Skipped
Tai nghe Bluetooth AirPods Pro Gen 2 MagSafe Charge (USB-C) Apple MTJV3;Default/Unknown;Yes;6090000;4990000;2026-03-09;Khuyến mãi                      Giá và khuyến mãi dự kiến áp dụng đến 23:59 | 15/03                                                                         1                                              Nhập mã VNPAY0126 giảm tối đa 100,000đ (áp dụng tùy giá trị đơn hàng) khi thanh toán qua VNPAY-QR  (Xem chi tiết tại đây);;https://www.thegioididong.com/tai-nghe/tai-nghe-bluetooth-airpods-pro-gen-2-magsafe-charge-usb-c-apple-mtjv3;Skipped
iPad Pro M5 11 inch WiFi 1TB;Đen;Yes;3790000;46790000;2026-03-09;"Khuyến mãi  trị giá 400.000₫                     Giá và khuyến mãi dự kiến áp dụng đến 23:00 | 31/03                                                                         1                                              Phiếu mua hàng Apple Pencil trị giá 400,000đ                                                            2                                              Tặng Phiếu mua hàng mua Balo; Túi Chống sốc; Ốp lưng; KBV Camera; Sạc dự phòng  (trừ AVA+, Hydrus); nhóm Tai nghe bluetooth, Loa Bluetooth các hãng JBL, Marshall,Harman Kardon; đồng hồ thông minh (trừ Apple) trị giá 100.000đ                                                            3                                              Thu cũ đổi mới: Giảm đến 2,000,000đ (Không kèm ưu đãi thanh toán qua cổng, mua kèm)  Xem chi tiết                                                            4                                              Nhập mã VNPAY0126 giảm tối đa 100,000đ (áp dụng tùy giá trị đơn hàng) khi thanh toán qua VNPAY-QR  (Xem chi tiết tại đây)";;https://www.thegioididong.com/may-tinh-bang/ipad-pro-m5-11-inch-wifi-256gb;Skipped
iPad Air M3 13 inch WiFi 256GB;Trắng Starlight;Yes;24790000;24490000;2026-03-09;"Khuyến mãi  trị giá 400.000₫                     Giá và khuyến mãi dự kiến áp dụng đến 23:00 | 31/03                                                                         1                                              Phiếu mua hàng Apple Pencil trị giá 400,000đ                                                            2                                              Tặng Phiếu mua hàng mua Balo; Túi Chống sốc; Ốp lưng; KBV Camera; Sạc dự phòng  (trừ AVA+, Hydrus); nhóm Tai nghe bluetooth, Loa Bluetooth các hãng JBL, Marshall,Harman Kardon; đồng hồ thông minh (trừ Apple) trị giá 100.000đ                                                            3                                              Thu cũ đổi mới: Giảm đến 2,000,000đ (Không kèm ưu đãi thanh toán qua cổng, mua kèm)  Xem chi tiết                                                            4                                              Nhập mã VNPAY0126 giảm tối đa 100,000đ (áp dụng tùy giá trị đơn hàng) khi thanh toán qua VNPAY-QR  (Xem chi tiết tại đây)";;https://www.thegioididong.com/may-tinh-bang/ipad-air-m3-13-inch-wifi-128gb?utm_flashsale=1;Skipped
iPad Pro M5 13 inch WiFi 2TB;Đen;Yes;3790000;67990000;2026-03-09;"Khuyến mãi  trị giá 400.000₫                     Giá và khuyến mãi dự kiến áp dụng đến 23:00 | 31/03                                                                         1                                              Phiếu mua hàng Apple Pencil trị giá 400,000đ                                                            2                                              Tặng Phiếu mua hàng mua Balo; Túi Chống sốc; Ốp lưng; KBV Camera; Sạc dự phòng  (trừ AVA+, Hydrus); nhóm Tai nghe bluetooth, Loa Bluetooth các hãng JBL, Marshall,Harman Kardon; đồng hồ thông minh (trừ Apple) trị giá 100.000đ                                                            3                                              Thu cũ đổi mới: Giảm đến 2,000,000đ (Không kèm ưu đãi thanh toán qua cổng, mua kèm)  Xem chi tiết                                                            4                                              Nhập mã VNPAY0126 giảm tối đa 100,000đ (áp dụng tùy giá trị đơn hàng) khi thanh toán qua VNPAY-QR  (Xem chi tiết tại đây)";;https://www.thegioididong.com/may-tinh-bang/ipad-pro-m5-13-inch-wifi-256gb;Skipped
iPad Pro M5 13 inch WiFi 2TB;Bạc;No;3790000;67990000;2026-03-09;"Khuyến mãi  trị giá 400.000₫                     Giá và khuyến mãi dự kiến áp dụng đến 23:00 | 31/03                                                                         1                                              Phiếu mua hàng Apple Pencil trị giá 400,000đ                                                            2                                              Tặng Phiếu mua hàng mua Balo; Túi Chống sốc; Ốp lưng; KBV Camera; Sạc dự phòng  (trừ AVA+, Hydrus); nhóm Tai nghe bluetooth, Loa Bluetooth các hãng JBL, Marshall,Harman Kardon; đồng hồ thông minh (trừ Apple) trị giá 100.000đ                                                            3                                              Thu cũ đổi mới: Giảm đến 2,000,000đ (Không kèm ưu đãi thanh toán qua cổng, mua kèm)  Xem chi tiết                                                            4                                              Nhập mã VNPAY0126 giảm tối đa 100,000đ (áp dụng tùy giá trị đơn hàng) khi thanh toán qua VNPAY-QR  (Xem chi tiết tại đây)";;https://www.thegioididong.com/may-tinh-bang/ipad-pro-m5-13-inch-wifi-256gb;DEBUG_OOS_iPad Pro M5 13 inch WiFi 2TB_Bạc_082305.png
iPad Pro M5 11 inch WiFi 1TB;Bạc;No;3790000;46790000;2026-03-09;"Khuyến mãi  trị giá 400.000₫                     Giá và khuyến mãi dự kiến áp dụng đến 23:00 | 31/03                                                                         1                                              Phiếu mua hàng Apple Pencil trị giá 400,000đ                                                            2                                              Tặng Phiếu mua hàng mua Balo; Túi Chống sốc; Ốp lưng; KBV Camera; Sạc dự phòng  (trừ AVA+, Hydrus); nhóm Tai nghe bluetooth, Loa Bluetooth các hãng JBL, Marshall,Harman Kardon; đồng hồ thông minh (trừ Apple) trị giá 100.000đ                                                            3                                              Thu cũ đổi mới: Giảm đến 2,000,000đ (Không kèm ưu đãi thanh toán qua cổng, mua kèm)  Xem chi tiết                                                            4                                              Nhập mã VNPAY0126 giảm tối đa 100,000đ (áp dụng tùy giá trị đơn hàng) khi thanh toán qua VNPAY-QR  (Xem chi tiết tại đây)";;https://www.thegioididong.com/may-tinh-bang/ipad-pro-m5-11-inch-wifi-256gb;DEBUG_OOS_iPad Pro M5 11 inch WiFi 1TB_Bạc_082305.png
iPad mini 7 WiFi 512GB;Tím;Yes;22090000;19590000;2026-03-09;"Khuyến mãi  trị giá 400.000₫                     Giá và khuyến mãi dự kiến áp dụng đến 23:00 | 31/03                                                                         1                                              Phiếu mua hàng Apple Pencil trị giá 400,000đ                                                            2                                              Tặng Phiếu mua hàng mua Balo; Túi Chống sốc; Ốp lưng; KBV Camera; Sạc dự phòng  (trừ AVA+, Hydrus); nhóm Tai nghe bluetooth, Loa Bluetooth các hãng JBL, Marshall,Harman Kardon; đồng hồ thông minh (trừ Apple) trị giá 100.000đ                                                            3                                              Thu cũ đổi mới: Giảm đến 2,000,000đ (Không kèm ưu đãi thanh toán qua cổng, mua kèm)  Xem chi tiết                                                            4                                              Nhập mã VNPAY0126 giảm tối đa 100,000đ (áp dụng tùy giá trị đơn hàng) khi thanh toán qua VNPAY-QR  (Xem chi tiết tại đây)";;https://www.thegioididong.com/may-tinh-bang/ipad-mini-7-wifi;Skipped
iPad Pro M5 13 inch WiFi 256GB;12GB - 256GB;Yes;39990000;39390000;2026-03-09;Khuyến mãi  trị giá 400.000₫             Giá và khuyến mãi có thể kết thúc sớm hơn dự kiến                                                                         1                                              Phiếu mua hàng Apple Pencil trị giá 400,000đ                                                            2                                              Nhập mã VNPAY0126 giảm tối đa 100,000đ (áp dụng tùy giá trị đơn hàng) khi thanh toán qua VNPAY-QR  (Xem chi tiết tại đây);;https://www.thegioididong.com/may-tinh-bang/ipad-pro-m5-13-inch-wifi-256gb;Skipped
iPad Pro M5 11 inch WiFi 256GB;12GB - 256GB;Yes;29990000;29290000;2026-03-09;Khuyến mãi  trị giá 400.000₫             Giá và khuyến mãi có thể kết thúc sớm hơn dự kiến                                                                         1                                              Phiếu mua hàng Apple Pencil trị giá 400,000đ                                                            2                                              Nhập mã VNPAY0126 giảm tối đa 100,000đ (áp dụng tùy giá trị đơn hàng) khi thanh toán qua VNPAY-QR  (Xem chi tiết tại đây);;https://www.thegioididong.com/may-tinh-bang/ipad-pro-m5-11-inch-wifi-256gb;Skipped
iPad mini 7 WiFi 512GB;Đen - Xám;Yes;22090000;19590000;2026-03-09;"Khuyến mãi  trị giá 400.000₫                     Giá và khuyến mãi dự kiến áp dụng đến 23:00 | 31/03                                                                         1                                              Phiếu mua hàng Apple Pencil trị giá 400,000đ                                                            2                                              Tặng Phiếu mua hàng mua Balo; Túi Chống sốc; Ốp lưng; KBV Camera; Sạc dự phòng  (trừ AVA+, Hydrus); nhóm Tai nghe bluetooth, Loa Bluetooth các hãng JBL, Marshall,Harman Kardon; đồng hồ thông minh (trừ Apple) trị giá 100.000đ                                                            3                                              Thu cũ đổi mới: Giảm đến 2,000,000đ (Không kèm ưu đãi thanh toán qua cổng, mua kèm)  Xem chi tiết                                                            4                                              Nhập mã VNPAY0126 giảm tối đa 100,000đ (áp dụng tùy giá trị đơn hàng) khi thanh toán qua VNPAY-QR  (Xem chi tiết tại đây)";;https://www.thegioididong.com/may-tinh-bang/ipad-mini-7-wifi;Skipped
iPad Pro M5 13 inch WiFi 512GB;12GB - 512GB;Yes;45590000;44590000;2026-03-09;"Khuyến mãi  trị giá 400.000₫                     Giá và khuyến mãi dự kiến áp dụng đến 23:00 | 31/03                                                                         1                                              Phiếu mua hàng Apple Pencil trị giá 400,000đ                                                            2                                              Tặng Phiếu mua hàng mua Balo; Túi Chống sốc; Ốp lưng; KBV Camera; Sạc dự phòng  (trừ AVA+, Hydrus); nhóm Tai nghe bluetooth, Loa Bluetooth các hãng JBL, Marshall,Harman Kardon; đồng hồ thông minh (trừ Apple) trị giá 100.000đ                                                            3                                              Thu cũ đổi mới: Giảm đến 2,000,000đ (Không kèm ưu đãi thanh toán qua cổng, mua kèm)  Xem chi tiết                                                            4                                              Nhập mã VNPAY0126 giảm tối đa 100,000đ (áp dụng tùy giá trị đơn hàng) khi thanh toán qua VNPAY-QR  (Xem chi tiết tại đây)";;https://www.thegioididong.com/may-tinh-bang/ipad-pro-m5-13-inch-wifi-256gb;Skipped
iPad Pro M5 11 inch WiFi 512GB;12GB - 512GB;Yes;35590000;34990000;2026-03-09;"Khuyến mãi  trị giá 400.000₫                     Giá và khuyến mãi dự kiến áp dụng đến 23:00 | 31/03                                                                         1                                              Phiếu mua hàng Apple Pencil trị giá 400,000đ                                                            2                                              Tặng Phiếu mua hàng mua Balo; Túi Chống sốc; Ốp lưng; KBV Camera; Sạc dự phòng  (trừ AVA+, Hydrus); nhóm Tai nghe bluetooth, Loa Bluetooth các hãng JBL, Marshall,Harman Kardon; đồng hồ thông minh (trừ Apple) trị giá 100.000đ                                                            3                                              Thu cũ đổi mới: Giảm đến 2,000,000đ (Không kèm ưu đãi thanh toán qua cổng, mua kèm)  Xem chi tiết                                                            4                                              Nhập mã VNPAY0126 giảm tối đa 100,000đ (áp dụng tùy giá trị đơn hàng) khi thanh toán qua VNPAY-QR  (Xem chi tiết tại đây)";;https://www.thegioididong.com/may-tinh-bang/ipad-pro-m5-11-inch-wifi-256gb;Skipped
iPad mini 7 WiFi 512GB;Xanh Dương;Yes;22090000;19590000;2026-03-09;"Khuyến mãi  trị giá 400.000₫                     Giá và khuyến mãi dự kiến áp dụng đến 23:00 | 31/03                                                                         1                                              Phiếu mua hàng Apple Pencil trị giá 400,000đ                                                            2                                              Tặng Phiếu mua hàng mua Balo; Túi Chống sốc; Ốp lưng; KBV Camera; Sạc dự phòng  (trừ AVA+, Hydrus); nhóm Tai nghe bluetooth, Loa Bluetooth các hãng JBL, Marshall,Harman Kardon; đồng hồ thông minh (trừ Apple) trị giá 100.000đ                                                            3                                              Thu cũ đổi mới: Giảm đến 2,000,000đ (Không kèm ưu đãi thanh toán qua cổng, mua kèm)  Xem chi tiết                                                            4                                              Nhập mã VNPAY0126 giảm tối đa 100,000đ (áp dụng tùy giá trị đơn hàng) khi thanh toán qua VNPAY-QR  (Xem chi tiết tại đây)";;https://www.thegioididong.com/may-tinh-bang/ipad-mini-7-wifi;Skipped
iPad Pro M5 13 inch WiFi 2TB;16GB - 2TB;Yes;3790000;67990000;2026-03-09;"Khuyến mãi  trị giá 400.000₫                     Giá và khuyến mãi dự kiến áp dụng đến 23:00 | 31/03                                                                         1                                              Phiếu mua hàng Apple Pencil trị giá 400,000đ                                                            2                                              Tặng Phiếu mua hàng mua Balo; Túi Chống sốc; Ốp lưng; KBV Camera; Sạc dự phòng  (trừ AVA+, Hydrus); nhóm Tai nghe bluetooth, Loa Bluetooth các hãng JBL, Marshall,Harman Kardon; đồng hồ thông minh (trừ Apple) trị giá 100.000đ                                                            3                                              Thu cũ đổi mới: Giảm đến 2,000,000đ (Không kèm ưu đãi thanh toán qua cổng, mua kèm)  Xem chi tiết                                                            4                                              Nhập mã VNPAY0126 giảm tối đa 100,000đ (áp dụng tùy giá trị đơn hàng) khi thanh toán qua VNPAY-QR  (Xem chi tiết tại đây)";;https://www.thegioididong.com/may-tinh-bang/ipad-pro-m5-13-inch-wifi-256gb;Skipped
iPad mini 7 WiFi 512GB;Trắng Starlight;Yes;22090000;19590000;2026-03-09;"Khuyến mãi  trị giá 400.000₫                     Giá và khuyến mãi dự kiến áp dụng đến 23:00 | 31/03                                                                         1                                              Phiếu mua hàng Apple Pencil trị giá 400,000đ                                                            2                                              Tặng Phiếu mua hàng mua Balo; Túi Chống sốc; Ốp lưng; KBV Camera; Sạc dự phòng  (trừ AVA+, Hydrus); nhóm Tai nghe bluetooth, Loa Bluetooth các hãng JBL, Marshall,Harman Kardon; đồng hồ thông minh (trừ Apple) trị giá 100.000đ                                                            3                                              Thu cũ đổi mới: Giảm đến 2,000,000đ (Không kèm ưu đãi thanh toán qua cổng, mua kèm)  Xem chi tiết                                                            4                                              Nhập mã VNPAY0126 giảm tối đa 100,000đ (áp dụng tùy giá trị đơn hàng) khi thanh toán qua VNPAY-QR  (Xem chi tiết tại đây)";;https://www.thegioididong.com/may-tinh-bang/ipad-mini-7-wifi;Skipped
iPad Pro M5 11 inch WiFi 1TB;16GB - 1TB;Yes;3790000;46790000;2026-03-09;"Khuyến mãi  trị giá 400.000₫                     Giá và khuyến mãi dự kiến áp dụng đến 23:00 | 31/03                                                                         1                                              Phiếu mua hàng Apple Pencil trị giá 400,000đ                                                            2                                              Tặng Phiếu mua hàng mua Balo; Túi Chống sốc; Ốp lưng; KBV Camera; Sạc dự phòng  (trừ AVA+, Hydrus); nhóm Tai nghe bluetooth, Loa Bluetooth các hãng JBL, Marshall,Harman Kardon; đồng hồ thông minh (trừ Apple) trị giá 100.000đ                                                            3                                              Thu cũ đổi mới: Giảm đến 2,000,000đ (Không kèm ưu đãi thanh toán qua cổng, mua kèm)  Xem chi tiết                                                            4                                              Nhập mã VNPAY0126 giảm tối đa 100,000đ (áp dụng tùy giá trị đơn hàng) khi thanh toán qua VNPAY-QR  (Xem chi tiết tại đây)";;https://www.thegioididong.com/may-tinh-bang/ipad-pro-m5-11-inch-wifi-256gb;Skipped
iPad Pro M5 13 inch WiFi 2TB;Đen;Yes;3790000;67990000;2026-03-09;"Khuyến mãi  trị giá 400.000₫                     Giá và khuyến mãi dự kiến áp dụng đến 23:00 | 31/03                                                                         1                                              Phiếu mua hàng Apple Pencil trị giá 400,000đ                                                            2                                              Tặng Phiếu mua hàng mua Balo; Túi Chống sốc; Ốp lưng; KBV Camera; Sạc dự phòng  (trừ AVA+, Hydrus); nhóm Tai nghe bluetooth, Loa Bluetooth các hãng JBL, Marshall,Harman Kardon; đồng hồ thông minh (trừ Apple) trị giá 100.000đ                                                            3                                              Thu cũ đổi mới: Giảm đến 2,000,000đ (Không kèm ưu đãi thanh toán qua cổng, mua kèm)  Xem chi tiết                                                            4                                              Nhập mã VNPAY0126 giảm tối đa 100,000đ (áp dụng tùy giá trị đơn hàng) khi thanh toán qua VNPAY-QR  (Xem chi tiết tại đây)";;https://www.thegioididong.com/may-tinh-bang/ipad-pro-m5-13-inch-wifi-256gb;Skipped
iPad Pro M5 11 inch WiFi 1TB;Đen;Yes;3790000;46790000;2026-03-09;"Khuyến mãi  trị giá 400.000₫                     Giá và khuyến mãi dự kiến áp dụng đến 23:00 | 31/03                                                                         1                                              Phiếu mua hàng Apple Pencil trị giá 400,000đ                                                            2                                              Tặng Phiếu mua hàng mua Balo; Túi Chống sốc; Ốp lưng; KBV Camera; Sạc dự phòng  (trừ AVA+, Hydrus); nhóm Tai nghe bluetooth, Loa Bluetooth các hãng JBL, Marshall,Harman Kardon; đồng hồ thông minh (trừ Apple) trị giá 100.000đ                                                            3                                              Thu cũ đổi mới: Giảm đến 2,000,000đ (Không kèm ưu đãi thanh toán qua cổng, mua kèm)  Xem chi tiết                                                            4                                              Nhập mã VNPAY0126 giảm tối đa 100,000đ (áp dụng tùy giá trị đơn hàng) khi thanh toán qua VNPAY-QR  (Xem chi tiết tại đây)";;https://www.thegioididong.com/may-tinh-bang/ipad-pro-m5-11-inch-wifi-256gb;Skipped
iPad Pro M5 13 inch WiFi 2TB;Bạc;No;3790000;67990000;2026-03-09;"Khuyến mãi  trị giá 400.000₫                     Giá và khuyến mãi dự kiến áp dụng đến 23:00 | 31/03                                                                         1                                              Phiếu mua hàng Apple Pencil trị giá 400,000đ                                                            2                                              Tặng Phiếu mua hàng mua Balo; Túi Chống sốc; Ốp lưng; KBV Camera; Sạc dự phòng  (trừ AVA+, Hydrus); nhóm Tai nghe bluetooth, Loa Bluetooth các hãng JBL, Marshall,Harman Kardon; đồng hồ thông minh (trừ Apple) trị giá 100.000đ                                                            3                                              Thu cũ đổi mới: Giảm đến 2,000,000đ (Không kèm ưu đãi thanh toán qua cổng, mua kèm)  Xem chi tiết                                                            4                                              Nhập mã VNPAY0126 giảm tối đa 100,000đ (áp dụng tùy giá trị đơn hàng) khi thanh toán qua VNPAY-QR  (Xem chi tiết tại đây)";;https://www.thegioididong.com/may-tinh-bang/ipad-pro-m5-13-inch-wifi-256gb;DEBUG_OOS_iPad Pro M5 13 inch WiFi 2TB_Bạc_082341.png
iPad mini 7 WiFi 512GB;Tím;Yes;22090000;19590000;2026-03-09;"Khuyến mãi  trị giá 400.000₫                     Giá và khuyến mãi dự kiến áp dụng đến 23:00 | 31/03                                                                         1                                              Phiếu mua hàng Apple Pencil trị giá 400,000đ                                                            2                                              Tặng Phiếu mua hàng mua Balo; Túi Chống sốc; Ốp lưng; KBV Camera; Sạc dự phòng  (trừ AVA+, Hydrus); nhóm Tai nghe bluetooth, Loa Bluetooth các hãng JBL, Marshall,Harman Kardon; đồng hồ thông minh (trừ Apple) trị giá 100.000đ                                                            3                                              Thu cũ đổi mới: Giảm đến 2,000,000đ (Không kèm ưu đãi thanh toán qua cổng, mua kèm)  Xem chi tiết                                                            4                                              Nhập mã VNPAY0126 giảm tối đa 100,000đ (áp dụng tùy giá trị đơn hàng) khi thanh toán qua VNPAY-QR  (Xem chi tiết tại đây)";;https://www.thegioididong.com/may-tinh-bang/ipad-mini-7-wifi;Skipped
iPad Pro M5 11 inch WiFi 1TB;Bạc;No;3790000;46790000;2026-03-09;"Khuyến mãi  trị giá 400.000₫                     Giá và khuyến mãi dự kiến áp dụng đến 23:00 | 31/03                                                                         1                                              Phiếu mua hàng Apple Pencil trị giá 400,000đ                                                            2                                              Tặng Phiếu mua hàng mua Balo; Túi Chống sốc; Ốp lưng; KBV Camera; Sạc dự phòng  (trừ AVA+, Hydrus); nhóm Tai nghe bluetooth, Loa Bluetooth các hãng JBL, Marshall,Harman Kardon; đồng hồ thông minh (trừ Apple) trị giá 100.000đ                                                            3                                              Thu cũ đổi mới: Giảm đến 2,000,000đ (Không kèm ưu đãi thanh toán qua cổng, mua kèm)  Xem chi tiết                                                            4                                              Nhập mã VNPAY0126 giảm tối đa 100,000đ (áp dụng tùy giá trị đơn hàng) khi thanh toán qua VNPAY-QR  (Xem chi tiết tại đây)";;https://www.thegioididong.com/may-tinh-bang/ipad-pro-m5-11-inch-wifi-256gb;DEBUG_OOS_iPad Pro M5 11 inch WiFi 1TB_Bạc_082344.png
iPad Pro M5 13 inch WiFi 256GB;12GB - 256GB;Yes;39990000;39390000;2026-03-09;Khuyến mãi  trị giá 400.000₫             Giá và khuyến mãi có thể kết thúc sớm hơn dự kiến                                                                         1                                              Phiếu mua hàng Apple Pencil trị giá 400,000đ                                                            2                                              Nhập mã VNPAY0126 giảm tối đa 100,000đ (áp dụng tùy giá trị đơn hàng) khi thanh toán qua VNPAY-QR  (Xem chi tiết tại đây);;https://www.thegioididong.com/may-tinh-bang/ipad-pro-m5-13-inch-wifi-256gb;Skipped
iPad mini 7 WiFi 512GB;Đen - Xám;Yes;22090000;19590000;2026-03-09;"Khuyến mãi  trị giá 400.000₫                     Giá và khuyến mãi dự kiến áp dụng đến 23:00 | 31/03                                                                         1                                              Phiếu mua hàng Apple Pencil trị giá 400,000đ                                                            2                                              Tặng Phiếu mua hàng mua Balo; Túi Chống sốc; Ốp lưng; KBV Camera; Sạc dự phòng  (trừ AVA+, Hydrus); nhóm Tai nghe bluetooth, Loa Bluetooth các hãng JBL, Marshall,Harman Kardon; đồng hồ thông minh (trừ Apple) trị giá 100.000đ                                                            3                                              Thu cũ đổi mới: Giảm đến 2,000,000đ (Không kèm ưu đãi thanh toán qua cổng, mua kèm)  Xem chi tiết                                                            4                                              Nhập mã VNPAY0126 giảm tối đa 100,000đ (áp dụng tùy giá trị đơn hàng) khi thanh toán qua VNPAY-QR  (Xem chi tiết tại đây)";;https://www.thegioididong.com/may-tinh-bang/ipad-mini-7-wifi;Skipped
iPad Pro M5 11 inch WiFi 256GB;12GB - 256GB;Yes;29990000;29290000;2026-03-09;Khuyến mãi  trị giá 400.000₫             Giá và khuyến mãi có thể kết thúc sớm hơn dự kiến                                                                         1                                              Phiếu mua hàng Apple Pencil trị giá 400,000đ                                                            2                                              Nhập mã VNPAY0126 giảm tối đa 100,000đ (áp dụng tùy giá trị đơn hàng) khi thanh toán qua VNPAY-QR  (Xem chi tiết tại đây);;https://www.thegioididong.com/may-tinh-bang/ipad-pro-m5-11-inch-wifi-256gb;Skipped
iPad Pro M5 13 inch WiFi 512GB;12GB - 512GB;Yes;45590000;44590000;2026-03-09;"Khuyến mãi  trị giá 400.000₫                     Giá và khuyến mãi dự kiến áp dụng đến 23:00 | 31/03                                                                         1                                              Phiếu mua hàng Apple Pencil trị giá 400,000đ                                                            2                                              Tặng Phiếu mua hàng mua Balo; Túi Chống sốc; Ốp lưng; KBV Camera; Sạc dự phòng  (trừ AVA+, Hydrus); nhóm Tai nghe bluetooth, Loa Bluetooth các hãng JBL, Marshall,Harman Kardon; đồng hồ thông minh (trừ Apple) trị giá 100.000đ                                                            3                                              Thu cũ đổi mới: Giảm đến 2,000,000đ (Không kèm ưu đãi thanh toán qua cổng, mua kèm)  Xem chi tiết                                                            4                                              Nhập mã VNPAY0126 giảm tối đa 100,000đ (áp dụng tùy giá trị đơn hàng) khi thanh toán qua VNPAY-QR  (Xem chi tiết tại đây)";;https://www.thegioididong.com/may-tinh-bang/ipad-pro-m5-13-inch-wifi-256gb;Skipped
iPad mini 7 WiFi 512GB;Xanh Dương;Yes;22090000;19590000;2026-03-09;"Khuyến mãi  trị giá 400.000₫                     Giá và khuyến mãi dự kiến áp dụng đến 23:00 | 31/03                                                                         1                                              Phiếu mua hàng Apple Pencil trị giá 400,000đ                                                            2                                              Tặng Phiếu mua hàng mua Balo; Túi Chống sốc; Ốp lưng; KBV Camera; Sạc dự phòng  (trừ AVA+, Hydrus); nhóm Tai nghe bluetooth, Loa Bluetooth các hãng JBL, Marshall,Harman Kardon; đồng hồ thông minh (trừ Apple) trị giá 100.000đ                                                            3                                              Thu cũ đổi mới: Giảm đến 2,000,000đ (Không kèm ưu đãi thanh toán qua cổng, mua kèm)  Xem chi tiết                                                            4                                              Nhập mã VNPAY0126 giảm tối đa 100,000đ (áp dụng tùy giá trị đơn hàng) khi thanh toán qua VNPAY-QR  (Xem chi tiết tại đây)";;https://www.thegioididong.com/may-tinh-bang/ipad-mini-7-wifi;Skipped
iPad Pro M5 11 inch WiFi 512GB;12GB - 512GB;Yes;35590000;34990000;2026-03-09;"Khuyến mãi  trị giá 400.000₫                     Giá và khuyến mãi dự kiến áp dụng đến 23:00 | 31/03                                                                         1                                              Phiếu mua hàng Apple Pencil trị giá 400,000đ                                                            2                                              Tặng Phiếu mua hàng mua Balo; Túi Chống sốc; Ốp lưng; KBV Camera; Sạc dự phòng  (trừ AVA+, Hydrus); nhóm Tai nghe bluetooth, Loa Bluetooth các hãng JBL, Marshall,Harman Kardon; đồng hồ thông minh (trừ Apple) trị giá 100.000đ                                                            3                                              Thu cũ đổi mới: Giảm đến 2,000,000đ (Không kèm ưu đãi thanh toán qua cổng, mua kèm)  Xem chi tiết                                                            4                                              Nhập mã VNPAY0126 giảm tối đa 100,000đ (áp dụng tùy giá trị đơn hàng) khi thanh toán qua VNPAY-QR  (Xem chi tiết tại đây)";;https://www.thegioididong.com/may-tinh-bang/ipad-pro-m5-11-inch-wifi-256gb;Skipped
iPad Pro M5 13 inch WiFi 2TB;16GB - 2TB;Yes;3790000;67990000;2026-03-09;"Khuyến mãi  trị giá 400.000₫                     Giá và khuyến mãi dự kiến áp dụng đến 23:00 | 31/03                                                                         1                                              Phiếu mua hàng Apple Pencil trị giá 400,000đ                                                            2                                              Tặng Phiếu mua hàng mua Balo; Túi Chống sốc; Ốp lưng; KBV Camera; Sạc dự phòng  (trừ AVA+, Hydrus); nhóm Tai nghe bluetooth, Loa Bluetooth các hãng JBL, Marshall,Harman Kardon; đồng hồ thông minh (trừ Apple) trị giá 100.000đ                                                            3                                              Thu cũ đổi mới: Giảm đến 2,000,000đ (Không kèm ưu đãi thanh toán qua cổng, mua kèm)  Xem chi tiết                                                            4                                              Nhập mã VNPAY0126 giảm tối đa 100,000đ (áp dụng tùy giá trị đơn hàng) khi thanh toán qua VNPAY-QR  (Xem chi tiết tại đây)";;https://www.thegioididong.com/may-tinh-bang/ipad-pro-m5-13-inch-wifi-256gb;Skipped
iPad mini 7 WiFi 512GB;Trắng Starlight;Yes;22090000;19590000;2026-03-09;"Khuyến mãi  trị giá 400.000₫                     Giá và khuyến mãi dự kiến áp dụng đến 23:00 | 31/03                                                                         1                                              Phiếu mua hàng Apple Pencil trị giá 400,000đ                                                            2                                              Tặng Phiếu mua hàng mua Balo; Túi Chống sốc; Ốp lưng; KBV Camera; Sạc dự phòng  (trừ AVA+, Hydrus); nhóm Tai nghe bluetooth, Loa Bluetooth các hãng JBL, Marshall,Harman Kardon; đồng hồ thông minh (trừ Apple) trị giá 100.000đ                                                            3                                              Thu cũ đổi mới: Giảm đến 2,000,000đ (Không kèm ưu đãi thanh toán qua cổng, mua kèm)  Xem chi tiết                                                            4                                              Nhập mã VNPAY0126 giảm tối đa 100,000đ (áp dụng tùy giá trị đơn hàng) khi thanh toán qua VNPAY-QR  (Xem chi tiết tại đây)";;https://www.thegioididong.com/may-tinh-bang/ipad-mini-7-wifi;Skipped
iPad Pro M5 11 inch WiFi 1TB;16GB - 1TB;Yes;3790000;46790000;2026-03-09;"Khuyến mãi  trị giá 400.000₫                     Giá và khuyến mãi dự kiến áp dụng đến 23:00 | 31/03                                                                         1                                              Phiếu mua hàng Apple Pencil trị giá 400,000đ                                                            2                                              Tặng Phiếu mua hàng mua Balo; Túi Chống sốc; Ốp lưng; KBV Camera; Sạc dự phòng  (trừ AVA+, Hydrus); nhóm Tai nghe bluetooth, Loa Bluetooth các hãng JBL, Marshall,Harman Kardon; đồng hồ thông minh (trừ Apple) trị giá 100.000đ                                                            3                                              Thu cũ đổi mới: Giảm đến 2,000,000đ (Không kèm ưu đãi thanh toán qua cổng, mua kèm)  Xem chi tiết                                                            4                                              Nhập mã VNPAY0126 giảm tối đa 100,000đ (áp dụng tùy giá trị đơn hàng) khi thanh toán qua VNPAY-QR  (Xem chi tiết tại đây)";;https://www.thegioididong.com/may-tinh-bang/ipad-pro-m5-11-inch-wifi-256gb;Skipped
iPad Pro M5 13 inch WiFi 2TB;Đen;Yes;3790000;67990000;2026-03-09;"Khuyến mãi  trị giá 400.000₫                     Giá và khuyến mãi dự kiến áp dụng đến 23:00 | 31/03                                                                         1                                              Phiếu mua hàng Apple Pencil trị giá 400,000đ                                                            2                                              Tặng Phiếu mua hàng mua Balo; Túi Chống sốc; Ốp lưng; KBV Camera; Sạc dự phòng  (trừ AVA+, Hydrus); nhóm Tai nghe bluetooth, Loa Bluetooth các hãng JBL, Marshall,Harman Kardon; đồng hồ thông minh (trừ Apple) trị giá 100.000đ                                                            3                                              Thu cũ đổi mới: Giảm đến 2,000,000đ (Không kèm ưu đãi thanh toán qua cổng, mua kèm)  Xem chi tiết                                                            4                                              Nhập mã VNPAY0126 giảm tối đa 100,000đ (áp dụng tùy giá trị đơn hàng) khi thanh toán qua VNPAY-QR  (Xem chi tiết tại đây)";;https://www.thegioididong.com/may-tinh-bang/ipad-pro-m5-13-inch-wifi-256gb;Skipped
iPad Pro M5 11 inch WiFi 1TB;Đen;Yes;3790000;46790000;2026-03-09;"Khuyến mãi  trị giá 400.000₫                     Giá và khuyến mãi dự kiến áp dụng đến 23:00 | 31/03                                                                         1                                              Phiếu mua hàng Apple Pencil trị giá 400,000đ                                                            2                                              Tặng Phiếu mua hàng mua Balo; Túi Chống sốc; Ốp lưng; KBV Camera; Sạc dự phòng  (trừ AVA+, Hydrus); nhóm Tai nghe bluetooth, Loa Bluetooth các hãng JBL, Marshall,Harman Kardon; đồng hồ thông minh (trừ Apple) trị giá 100.000đ                                                            3                                              Thu cũ đổi mới: Giảm đến 2,000,000đ (Không kèm ưu đãi thanh toán qua cổng, mua kèm)  Xem chi tiết                                                            4                                              Nhập mã VNPAY0126 giảm tối đa 100,000đ (áp dụng tùy giá trị đơn hàng) khi thanh toán qua VNPAY-QR  (Xem chi tiết tại đây)";;https://www.thegioididong.com/may-tinh-bang/ipad-pro-m5-11-inch-wifi-256gb;Skipped
iPad Pro M5 13 inch WiFi 2TB;Bạc;No;3790000;67990000;2026-03-09;"Khuyến mãi  trị giá 400.000₫                     Giá và khuyến mãi dự kiến áp dụng đến 23:00 | 31/03                                                                         1                                              Phiếu mua hàng Apple Pencil trị giá 400,000đ                                                            2                                              Tặng Phiếu mua hàng mua Balo; Túi Chống sốc; Ốp lưng; KBV Camera; Sạc dự phòng  (trừ AVA+, Hydrus); nhóm Tai nghe bluetooth, Loa Bluetooth các hãng JBL, Marshall,Harman Kardon; đồng hồ thông minh (trừ Apple) trị giá 100.000đ                                                            3                                              Thu cũ đổi mới: Giảm đến 2,000,000đ (Không kèm ưu đãi thanh toán qua cổng, mua kèm)  Xem chi tiết                                                            4                                              Nhập mã VNPAY0126 giảm tối đa 100,000đ (áp dụng tùy giá trị đơn hàng) khi thanh toán qua VNPAY-QR  (Xem chi tiết tại đây)";;https://www.thegioididong.com/may-tinh-bang/ipad-pro-m5-13-inch-wifi-256gb;DEBUG_OOS_iPad Pro M5 13 inch WiFi 2TB_Bạc_082411.png
iPad mini 7 WiFi 512GB;Tím;Yes;22090000;19590000;2026-03-09;"Khuyến mãi  trị giá 400.000₫                     Giá và khuyến mãi dự kiến áp dụng đến 23:00 | 31/03                                                                         1                                              Phiếu mua hàng Apple Pencil trị giá 400,000đ                                                            2                                              Tặng Phiếu mua hàng mua Balo; Túi Chống sốc; Ốp lưng; KBV Camera; Sạc dự phòng  (trừ AVA+, Hydrus); nhóm Tai nghe bluetooth, Loa Bluetooth các hãng JBL, Marshall,Harman Kardon; đồng hồ thông minh (trừ Apple) trị giá 100.000đ                                                            3                                              Thu cũ đổi mới: Giảm đến 2,000,000đ (Không kèm ưu đãi thanh toán qua cổng, mua kèm)  Xem chi tiết                                                            4                                              Nhập mã VNPAY0126 giảm tối đa 100,000đ (áp dụng tùy giá trị đơn hàng) khi thanh toán qua VNPAY-QR  (Xem chi tiết tại đây)";;https://www.thegioididong.com/may-tinh-bang/ipad-mini-7-wifi;Skipped
iPad Pro M5 11 inch WiFi 1TB;Bạc;No;3790000;46790000;2026-03-09;"Khuyến mãi  trị giá 400.000₫                     Giá và khuyến mãi dự kiến áp dụng đến 23:00 | 31/03                                                                         1                                              Phiếu mua hàng Apple Pencil trị giá 400,000đ                                                            2                                              Tặng Phiếu mua hàng mua Balo; Túi Chống sốc; Ốp lưng; KBV Camera; Sạc dự phòng  (trừ AVA+, Hydrus); nhóm Tai nghe bluetooth, Loa Bluetooth các hãng JBL, Marshall,Harman Kardon; đồng hồ thông minh (trừ Apple) trị giá 100.000đ                                                            3                                              Thu cũ đổi mới: Giảm đến 2,000,000đ (Không kèm ưu đãi thanh toán qua cổng, mua kèm)  Xem chi tiết                                                            4                                              Nhập mã VNPAY0126 giảm tối đa 100,000đ (áp dụng tùy giá trị đơn hàng) khi thanh toán qua VNPAY-QR  (Xem chi tiết tại đây)";;https://www.thegioididong.com/may-tinh-bang/ipad-pro-m5-11-inch-wifi-256gb;DEBUG_OOS_iPad Pro M5 11 inch WiFi 1TB_Bạc_082413.png
iPad Pro M5 13 inch WiFi 256GB;12GB - 256GB;Yes;39990000;39390000;2026-03-09;Khuyến mãi  trị giá 400.000₫             Giá và khuyến mãi có thể kết thúc sớm hơn dự kiến                                                                         1                                              Phiếu mua hàng Apple Pencil trị giá 400,000đ                                                            2                                              Nhập mã VNPAY0126 giảm tối đa 100,000đ (áp dụng tùy giá trị đơn hàng) khi thanh toán qua VNPAY-QR  (Xem chi tiết tại đây);;https://www.thegioididong.com/may-tinh-bang/ipad-pro-m5-13-inch-wifi-256gb;Skipped
iPad mini 7 WiFi 512GB;Đen - Xám;Yes;22090000;19590000;2026-03-09;"Khuyến mãi  trị giá 400.000₫                     Giá và khuyến mãi dự kiến áp dụng đến 23:00 | 31/03                                                                         1                                              Phiếu mua hàng Apple Pencil trị giá 400,000đ                                                            2                                              Tặng Phiếu mua hàng mua Balo; Túi Chống sốc; Ốp lưng; KBV Camera; Sạc dự phòng  (trừ AVA+, Hydrus); nhóm Tai nghe bluetooth, Loa Bluetooth các hãng JBL, Marshall,Harman Kardon; đồng hồ thông minh (trừ Apple) trị giá 100.000đ                                                            3                                              Thu cũ đổi mới: Giảm đến 2,000,000đ (Không kèm ưu đãi thanh toán qua cổng, mua kèm)  Xem chi tiết                                                            4                                              Nhập mã VNPAY0126 giảm tối đa 100,000đ (áp dụng tùy giá trị đơn hàng) khi thanh toán qua VNPAY-QR  (Xem chi tiết tại đây)";;https://www.thegioididong.com/may-tinh-bang/ipad-mini-7-wifi;Skipped
iPad Pro M5 13 inch WiFi 512GB;12GB - 512GB;Yes;45590000;44590000;2026-03-09;"Khuyến mãi  trị giá 400.000₫                     Giá và khuyến mãi dự kiến áp dụng đến 23:00 | 31/03                                                                         1                                              Phiếu mua hàng Apple Pencil trị giá 400,000đ                                                            2                                              Tặng Phiếu mua hàng mua Balo; Túi Chống sốc; Ốp lưng; KBV Camera; Sạc dự phòng  (trừ AVA+, Hydrus); nhóm Tai nghe bluetooth, Loa Bluetooth các hãng JBL, Marshall,Harman Kardon; đồng hồ thông minh (trừ Apple) trị giá 100.000đ                                                            3                                              Thu cũ đổi mới: Giảm đến 2,000,000đ (Không kèm ưu đãi thanh toán qua cổng, mua kèm)  Xem chi tiết                                                            4                                              Nhập mã VNPAY0126 giảm tối đa 100,000đ (áp dụng tùy giá trị đơn hàng) khi thanh toán qua VNPAY-QR  (Xem chi tiết tại đây)";;https://www.thegioididong.com/may-tinh-bang/ipad-pro-m5-13-inch-wifi-256gb;Skipped
iPad mini 7 WiFi 512GB;Xanh Dương;Yes;22090000;19590000;2026-03-09;"Khuyến mãi  trị giá 400.000₫                     Giá và khuyến mãi dự kiến áp dụng đến 23:00 | 31/03                                                                         1                                              Phiếu mua hàng Apple Pencil trị giá 400,000đ                                                            2                                              Tặng Phiếu mua hàng mua Balo; Túi Chống sốc; Ốp lưng; KBV Camera; Sạc dự phòng  (trừ AVA+, Hydrus); nhóm Tai nghe bluetooth, Loa Bluetooth các hãng JBL, Marshall,Harman Kardon; đồng hồ thông minh (trừ Apple) trị giá 100.000đ                                                            3                                              Thu cũ đổi mới: Giảm đến 2,000,000đ (Không kèm ưu đãi thanh toán qua cổng, mua kèm)  Xem chi tiết                                                            4                                              Nhập mã VNPAY0126 giảm tối đa 100,000đ (áp dụng tùy giá trị đơn hàng) khi thanh toán qua VNPAY-QR  (Xem chi tiết tại đây)";;https://www.thegioididong.com/may-tinh-bang/ipad-mini-7-wifi;Skipped
iPad Pro M5 13 inch WiFi 2TB;16GB - 2TB;Yes;3790000;67990000;2026-03-09;"Khuyến mãi  trị giá 400.000₫                     Giá và khuyến mãi dự kiến áp dụng đến 23:00 | 31/03                                                                         1                                              Phiếu mua hàng Apple Pencil trị giá 400,000đ                                                            2                                              Tặng Phiếu mua hàng mua Balo; Túi Chống sốc; Ốp lưng; KBV Camera; Sạc dự phòng  (trừ AVA+, Hydrus); nhóm Tai nghe bluetooth, Loa Bluetooth các hãng JBL, Marshall,Harman Kardon; đồng hồ thông minh (trừ Apple) trị giá 100.000đ                                                            3                                              Thu cũ đổi mới: Giảm đến 2,000,000đ (Không kèm ưu đãi thanh toán qua cổng, mua kèm)  Xem chi tiết                                                            4                                              Nhập mã VNPAY0126 giảm tối đa 100,000đ (áp dụng tùy giá trị đơn hàng) khi thanh toán qua VNPAY-QR  (Xem chi tiết tại đây)";;https://www.thegioididong.com/may-tinh-bang/ipad-pro-m5-13-inch-wifi-256gb;Skipped
iPad mini 7 WiFi 512GB;Trắng Starlight;Yes;22090000;19590000;2026-03-09;"Khuyến mãi  trị giá 400.000₫                     Giá và khuyến mãi dự kiến áp dụng đến 23:00 | 31/03                                                                         1                                              Phiếu mua hàng Apple Pencil trị giá 400,000đ                                                            2                                              Tặng Phiếu mua hàng mua Balo; Túi Chống sốc; Ốp lưng; KBV Camera; Sạc dự phòng  (trừ AVA+, Hydrus); nhóm Tai nghe bluetooth, Loa Bluetooth các hãng JBL, Marshall,Harman Kardon; đồng hồ thông minh (trừ Apple) trị giá 100.000đ                                                            3                                              Thu cũ đổi mới: Giảm đến 2,000,000đ (Không kèm ưu đãi thanh toán qua cổng, mua kèm)  Xem chi tiết                                                            4                                              Nhập mã VNPAY0126 giảm tối đa 100,000đ (áp dụng tùy giá trị đơn hàng) khi thanh toán qua VNPAY-QR  (Xem chi tiết tại đây)";;https://www.thegioididong.com/may-tinh-bang/ipad-mini-7-wifi;Skipped
iPad Pro M5 13 inch WiFi 2TB;Đen;Yes;3790000;67990000;2026-03-09;"Khuyến mãi  trị giá 400.000₫                     Giá và khuyến mãi dự kiến áp dụng đến 23:00 | 31/03                                                                         1                                              Phiếu mua hàng Apple Pencil trị giá 400,000đ                                                            2                                              Tặng Phiếu mua hàng mua Balo; Túi Chống sốc; Ốp lưng; KBV Camera; Sạc dự phòng  (trừ AVA+, Hydrus); nhóm Tai nghe bluetooth, Loa Bluetooth các hãng JBL, Marshall,Harman Kardon; đồng hồ thông minh (trừ Apple) trị giá 100.000đ                                                            3                                              Thu cũ đổi mới: Giảm đến 2,000,000đ (Không kèm ưu đãi thanh toán qua cổng, mua kèm)  Xem chi tiết                                                            4                                              Nhập mã VNPAY0126 giảm tối đa 100,000đ (áp dụng tùy giá trị đơn hàng) khi thanh toán qua VNPAY-QR  (Xem chi tiết tại đây)";;https://www.thegioididong.com/may-tinh-bang/ipad-pro-m5-13-inch-wifi-256gb;Skipped
iPad Pro M5 13 inch WiFi 2TB;Bạc;No;3790000;67990000;2026-03-09;"Khuyến mãi  trị giá 400.000₫                     Giá và khuyến mãi dự kiến áp dụng đến 23:00 | 31/03                                                                         1                                              Phiếu mua hàng Apple Pencil trị giá 400,000đ                                                            2                                              Tặng Phiếu mua hàng mua Balo; Túi Chống sốc; Ốp lưng; KBV Camera; Sạc dự phòng  (trừ AVA+, Hydrus); nhóm Tai nghe bluetooth, Loa Bluetooth các hãng JBL, Marshall,Harman Kardon; đồng hồ thông minh (trừ Apple) trị giá 100.000đ                                                            3                                              Thu cũ đổi mới: Giảm đến 2,000,000đ (Không kèm ưu đãi thanh toán qua cổng, mua kèm)  Xem chi tiết                                                            4                                              Nhập mã VNPAY0126 giảm tối đa 100,000đ (áp dụng tùy giá trị đơn hàng) khi thanh toán qua VNPAY-QR  (Xem chi tiết tại đây)";;https://www.thegioididong.com/may-tinh-bang/ipad-pro-m5-13-inch-wifi-256gb;DEBUG_OOS_iPad Pro M5 13 inch WiFi 2TB_Bạc_082437.png
